sequence,scheduled_time_s,phase,goal_rad,goal_tick,tx_start_ns,tx_end_ns
0,0.000000000,center,0.000000000,2048,114185764906792,114185765329437
1,0.010000000,center,0.000000000,2048,114185774967351,114185775326940
2,0.020000000,center,0.000000000,2048,114185784973577,114185785335056
3,0.030000000,center,0.000000000,2048,114185794967666,114185795329254
4,0.040000000,center,0.000000000,2048,114185804970244,114185805327301
5,0.050000000,center,0.000000000,2048,114185814970016,114185815330148
6,0.060000000,center,0.000000000,2048,114185824969710,114185825328679
7,0.070000000,center,0.000000000,2048,114185834970942,114185835333378
8,0.080000000,center,0.000000000,2048,114185844967721,114185845327488
9,0.090000000,center,0.000000000,2048,114185854967197,114185855324796
10,0.100000000,center,0.000000000,2048,114185864966270,114185865330843
11,0.110000000,center,0.000000000,2048,114185874966637,114185875329806
12,0.120000000,center,0.000000000,2048,114185884970486,114185886342538
13,0.130000000,center,0.000000000,2048,114185894968467,114185895336681
14,0.140000000,center,0.000000000,2048,114185904969332,114185905345719
15,0.150000000,center,0.000000000,2048,114185914966830,114185915335334
16,0.160000000,center,0.000000000,2048,114185924967027,114185925339247
17,0.170000000,center,0.000000000,2048,114185934968811,114185935338960
18,0.180000000,center,0.000000000,2048,114185944965988,114185945340777
19,0.190000000,center,0.000000000,2048,114185954968041,114185955339737
20,0.200000000,center,0.000000000,2048,114185964969582,114185965337535
21,0.210000000,center,0.000000000,2048,114185974966822,114185975326265
22,0.220000000,center,0.000000000,2048,114185984968203,114185985335590
23,0.230000000,center,0.000000000,2048,114185994966436,114185995335425
24,0.240000000,center,0.000000000,2048,114186004978606,114186006332092
25,0.250000000,center,0.000000000,2048,114186014968832,114186015331219
26,0.260000000,center,0.000000000,2048,114186024968628,114186025331600
27,0.270000000,center,0.000000000,2048,114186034966970,114186035325796
28,0.280000000,center,0.000000000,2048,114186044967077,114186045325876
29,0.290000000,center,0.000000000,2048,114186054989982,114186056408133
30,0.300000000,center,0.000000000,2048,114186064988553,114186066366529
31,0.310000000,center,0.000000000,2048,114186074992562,114186076325443
32,0.320000000,center,0.000000000,2048,114186084979595,114186085290270
33,0.330000000,center,0.000000000,2048,114186094970008,114186095296273
34,0.340000000,center,0.000000000,2048,114186104972043,114186105317655
35,0.350000000,center,0.000000000,2048,114186114968136,114186115341556
36,0.360000000,center,0.000000000,2048,114186124970767,114186125322751
37,0.370000000,center,0.000000000,2048,114186134971115,114186136336093
38,0.380000000,center,0.000000000,2048,114186144966916,114186145317013
39,0.390000000,center,0.000000000,2048,114186154971928,114186156322498
40,0.400000000,center,0.000000000,2048,114186164970537,114186165318218
41,0.410000000,center,0.000000000,2048,114186174965429,114186175313274
42,0.420000000,center,0.000000000,2048,114186184967928,114186185315180
43,0.430000000,center,0.000000000,2048,114186194967498,114186195313279
44,0.440000000,center,0.000000000,2048,114186204971946,114186206320358
45,0.450000000,center,0.000000000,2048,114186214967221,114186215307300
46,0.460000000,center,0.000000000,2048,114186224967104,114186225313769
47,0.470000000,center,0.000000000,2048,114186234968475,114186235317081
48,0.480000000,center,0.000000000,2048,114186244967340,114186245303185
49,0.490000000,center,0.000000000,2048,114186254966451,114186255302859
50,0.500000000,center,0.000000000,2048,114186264968726,114186266314636
51,0.510000000,center,0.000000000,2048,114186274966404,114186275306301
52,0.520000000,center,0.000000000,2048,114186284967813,114186285266258
53,0.530000000,center,0.000000000,2048,114186294967247,114186295308497
54,0.540000000,center,0.000000000,2048,114186304975679,114186305275906
55,0.550000000,center,0.000000000,2048,114186314969334,114186315324754
56,0.560000000,center,0.000000000,2048,114186324975663,114186325324270
57,0.570000000,center,0.000000000,2048,114186334976898,114186336322898
58,0.580000000,center,0.000000000,2048,114186344968982,114186345312528
59,0.590000000,center,0.000000000,2048,114186354970115,114186356310984
60,0.600000000,center,0.000000000,2048,114186364969698,114186366374133
61,0.610000000,center,0.000000000,2048,114186374966563,114186375378031
62,0.620000000,center,0.000000000,2048,114186384969792,114186386383601
63,0.630000000,center,0.000000000,2048,114186394974314,114186396396374
64,0.640000000,center,0.000000000,2048,114186404970708,114186406325346
65,0.650000000,center,0.000000000,2048,114186414968161,114186415312264
66,0.660000000,center,0.000000000,2048,114186424966371,114186426384870
67,0.670000000,center,0.000000000,2048,114186434969434,114186436330575
68,0.680000000,center,0.000000000,2048,114186444969935,114186446333142
69,0.690000000,center,0.000000000,2048,114186454968374,114186456375565
70,0.700000000,center,0.000000000,2048,114186464969478,114186466376735
71,0.710000000,center,0.000000000,2048,114186474972564,114186475370156
72,0.720000000,center,0.000000000,2048,114186484967316,114186485276000
73,0.730000000,center,0.000000000,2048,114186494967298,114186496293516
74,0.740000000,center,0.000000000,2048,114186504967516,114186506286325
75,0.750000000,center,0.000000000,2048,114186514968080,114186516262404
76,0.760000000,center,0.000000000,2048,114186524980062,114186526281956
77,0.770000000,center,0.000000000,2048,114186534965856,114186535283565
78,0.780000000,center,0.000000000,2048,114186544978705,114186546272617
79,0.790000000,center,0.000000000,2048,114186554966665,114186555283473
80,0.800000000,center,0.000000000,2048,114186564967777,114186566284344
81,0.810000000,center,0.000000000,2048,114186574966197,114186575272923
82,0.820000000,center,0.000000000,2048,114186584967570,114186586263732
83,0.830000000,center,0.000000000,2048,114186594967409,114186596315517
84,0.840000000,center,0.000000000,2048,114186604978965,114186606276704
85,0.850000000,center,0.000000000,2048,114186614977410,114186616274221
86,0.860000000,center,0.000000000,2048,114186624967897,114186626316035
87,0.870000000,center,0.000000000,2048,114186634983444,114186636308235
88,0.880000000,center,0.000000000,2048,114186644973390,114186646297859
89,0.890000000,center,0.000000000,2048,114186654975114,114186656299746
90,0.900000000,center,0.000000000,2048,114186664966718,114186666325859
91,0.910000000,center,0.000000000,2048,114186674965136,114186676308613
92,0.920000000,center,0.000000000,2048,114186684973815,114186686252438
93,0.930000000,center,0.000000000,2048,114186694967766,114186695249722
94,0.940000000,center,0.000000000,2048,114186704970349,114186705251540
95,0.950000000,center,0.000000000,2048,114186714975746,114186716249567
96,0.960000000,center,0.000000000,2048,114186724971725,114186726258195
97,0.970000000,center,0.000000000,2048,114186734980232,114186736294111
98,0.980000000,center,0.000000000,2048,114186744965882,114186746280268
99,0.990000000,center,0.000000000,2048,114186754969114,114186756297493
100,1.000000000,triangle_f1,0.000000000,2048,114186764967496,114186766294202
101,1.010000000,triangle_f1,0.000140000,2048,114186774977916,114186776295225
102,1.020000000,triangle_f1,0.000280000,2048,114186784968983,114186786295860
103,1.030000000,triangle_f1,0.000420000,2048,114186794970670,114186796293401
104,1.040000000,triangle_f1,0.000560000,2048,114186804964861,114186806273420
105,1.050000000,triangle_f1,0.000700000,2048,114186814966008,114186816291146
106,1.060000000,triangle_f1,0.000840000,2047,114186824970417,114186826292512
107,1.070000000,triangle_f1,0.000980000,2047,114186834966679,114186836283882
108,1.080000000,triangle_f1,0.001120000,2047,114186844974415,114186846295058
109,1.090000000,triangle_f1,0.001260000,2047,114186854981970,114186856290884
110,1.100000000,triangle_f1,0.001400000,2047,114186864985464,114186866339102
111,1.110000000,triangle_f1,0.001540000,2047,114186874980682,114186876355083
112,1.120000000,triangle_f1,0.001680000,2047,114186884971259,114186886295982
113,1.130000000,triangle_f1,0.001820000,2047,114186894968250,114186896276203
114,1.140000000,triangle_f1,0.001960000,2047,114186904967948,114186906289745
115,1.150000000,triangle_f1,0.002100000,2047,114186914982811,114186916323078
116,1.160000000,triangle_f1,0.002240000,2047,114186924978680,114186926296782
117,1.170000000,triangle_f1,0.002380000,2046,114186934973047,114186936240031
118,1.180000000,triangle_f1,0.002520000,2046,114186944968799,114186946277219
119,1.190000000,triangle_f1,0.002660000,2046,114186954970955,114186956277721
120,1.200000000,triangle_f1,0.002800000,2046,114186964967271,114186966272347
121,1.210000000,triangle_f1,0.002940000,2046,114186974967055,114186976266567
122,1.220000000,triangle_f1,0.003080000,2046,114186984967622,114186986271027
123,1.230000000,triangle_f1,0.003220000,2046,114186994971821,114186996275747
124,1.240000000,triangle_f1,0.003360000,2046,114187004979666,114187006286045
125,1.250000000,triangle_f1,0.003500000,2046,114187014970299,114187016263159
126,1.260000000,triangle_f1,0.003640000,2046,114187024973533,114187026232141
127,1.270000000,triangle_f1,0.003780000,2046,114187034977195,114187036239902
128,1.280000000,triangle_f1,0.003920000,2045,114187044978375,114187046247657
129,1.290000000,triangle_f1,0.004060000,2045,114187054979723,114187056232485
130,1.300000000,triangle_f1,0.004200000,2045,114187064960598,114187065226327
131,1.310000000,triangle_f1,0.004340000,2045,114187074982669,114187076242251
132,1.320000000,triangle_f1,0.004480000,2045,114187084973876,114187086238812
133,1.330000000,triangle_f1,0.004620000,2045,114187094979484,114187096238154
134,1.340000000,triangle_f1,0.004760000,2045,114187104980799,114187106240100
135,1.350000000,triangle_f1,0.004900000,2045,114187114964883,114187116225208
136,1.360000000,triangle_f1,0.005040000,2045,114187124965180,114187126236091
137,1.370000000,triangle_f1,0.005180000,2045,114187134967834,114187136255517
138,1.380000000,triangle_f1,0.005320000,2045,114187144967958,114187146268829
139,1.390000000,triangle_f1,0.005460000,2044,114187154966501,114187156266737
140,1.400000000,triangle_f1,0.005600000,2044,114187165047929,114187166279057
141,1.410000000,triangle_f1,0.005740000,2044,114187175045499,114187176281570
142,1.420000000,triangle_f1,0.005880000,2044,114187185046192,114187186282279
143,1.430000000,triangle_f1,0.006020000,2044,114187195056957,114187196286402
144,1.440000000,triangle_f1,0.006160000,2044,114187204992012,114187206293643
145,1.450000000,triangle_f1,0.006300000,2044,114187214973468,114187216275251
146,1.460000000,triangle_f1,0.006440000,2044,114187224966392,114187226268606
147,1.470000000,triangle_f1,0.006580000,2044,114187234970941,114187236290663
148,1.480000000,triangle_f1,0.006720000,2044,114187244967544,114187246270497
149,1.490000000,triangle_f1,0.006860000,2044,114187254967134,114187256268031
150,1.500000000,triangle_f1,0.007000000,2043,114187264966597,114187266267797
151,1.510000000,triangle_f1,0.007140000,2043,114187274979200,114187276290166
152,1.520000000,triangle_f1,0.007280000,2043,114187284971221,114187286265754
153,1.530000000,triangle_f1,0.007420000,2043,114187295046551,114187296307173
154,1.540000000,triangle_f1,0.007560000,2043,114187304977907,114187306288063
155,1.550000000,triangle_f1,0.007700000,2043,114187314967339,114187316277660
156,1.560000000,triangle_f1,0.007840000,2043,114187324966377,114187326374696
157,1.570000000,triangle_f1,0.007980000,2043,114187334979486,114187336336109
158,1.580000000,triangle_f1,0.008120000,2043,114187344967438,114187346335293
159,1.590000000,triangle_f1,0.008260000,2043,114187354965685,114187356314477
160,1.600000000,triangle_f1,0.008400000,2043,114187365060176,114187366325168
161,1.610000000,triangle_f1,0.008540000,2042,114187374972939,114187376324727
162,1.620000000,triangle_f1,0.008680000,2042,114187384966930,114187386313488
163,1.630000000,triangle_f1,0.008820000,2042,114187394978328,114187396330553
164,1.640000000,triangle_f1,0.008960000,2042,114187404969108,114187406314434
165,1.650000000,triangle_f1,0.009100000,2042,114187414965849,114187416320055
166,1.660000000,triangle_f1,0.009240000,2042,114187424967008,114187426330065
167,1.670000000,triangle_f1,0.009380000,2042,114187434967484,114187436276455
168,1.680000000,triangle_f1,0.009520000,2042,114187444966785,114187446317470
169,1.690000000,triangle_f1,0.009660000,2042,114187454964613,114187456314902
170,1.700000000,triangle_f1,0.009800000,2042,114187464964977,114187466286315
171,1.710000000,triangle_f1,0.009940000,2042,114187474966803,114187476311585
172,1.720000000,triangle_f1,0.010080000,2041,114187484965141,114187486310592
173,1.730000000,triangle_f1,0.010220000,2041,114187494965895,114187496326609
174,1.740000000,triangle_f1,0.010360000,2041,114187504967496,114187506251944
175,1.750000000,triangle_f1,0.010500000,2041,114187514965675,114187516321923
176,1.760000000,triangle_f1,0.010640000,2041,114187524965512,114187526320550
177,1.770000000,triangle_f1,0.010780000,2041,114187534967112,114187536264766
178,1.780000000,triangle_f1,0.010920000,2041,114187544987976,114187546261884
179,1.790000000,triangle_f1,0.011060000,2041,114187554981175,114187556296227
180,1.800000000,triangle_f1,0.011200000,2041,114187564967721,114187566254311
181,1.810000000,triangle_f1,0.011340000,2041,114187574981793,114187576285909
182,1.820000000,triangle_f1,0.011480000,2041,114187584972283,114187586254560
183,1.830000000,triangle_f1,0.011620000,2040,114187594968761,114187596207863
184,1.840000000,triangle_f1,0.011760000,2040,114187604972953,114187606210271
185,1.850000000,triangle_f1,0.011900000,2040,114187614968261,114187616213495
186,1.860000000,triangle_f1,0.012040000,2040,114187624966386,114187626205674
187,1.870000000,triangle_f1,0.012180000,2040,114187634967043,114187636207639
188,1.880000000,triangle_f1,0.012320000,2040,114187644967815,114187646206556
189,1.890000000,triangle_f1,0.012460000,2040,114187654967227,114187656202054
190,1.900000000,triangle_f1,0.012600000,2040,114187664965552,114187666214069
191,1.910000000,triangle_f1,0.012740000,2040,114187674966011,114187676204384
192,1.920000000,triangle_f1,0.012880000,2040,114187684965793,114187686203202
193,1.930000000,triangle_f1,0.013020000,2040,114187694971766,114187696206942
194,1.940000000,triangle_f1,0.013160000,2039,114187704965309,114187706204432
195,1.950000000,triangle_f1,0.013300000,2039,114187714965646,114187716207617
196,1.960000000,triangle_f1,0.013440000,2039,114187724965480,114187726182254
197,1.970000000,triangle_f1,0.013580000,2039,114187734964860,114187736183849
198,1.980000000,triangle_f1,0.013720000,2039,114187744979117,114187746187123
199,1.990000000,triangle_f1,0.013860000,2039,114187754976291,114187756190236
200,2.000000000,triangle_f1,0.014000000,2039,114187764976721,114187766194178
201,2.010000000,triangle_f1,0.014140000,2039,114187774971239,114187776196191
202,2.020000000,triangle_f1,0.014280000,2039,114187784970135,114187786203975
203,2.030000000,triangle_f1,0.014420000,2039,114187794969611,114187796197291
204,2.040000000,triangle_f1,0.014560000,2039,114187804966263,114187806198465
205,2.050000000,triangle_f1,0.014700000,2038,114187814972502,114187816193371
206,2.060000000,triangle_f1,0.014840000,2038,114187824979572,114187826188339
207,2.070000000,triangle_f1,0.014980000,2038,114187834957382,114187836184342
208,2.080000000,triangle_f1,0.015120000,2038,114187844966986,114187846196696
209,2.090000000,triangle_f1,0.015260000,2038,114187854967599,114187856203077
210,2.100000000,triangle_f1,0.015400000,2038,114187864967462,114187866183286
211,2.110000000,triangle_f1,0.015540000,2038,114187874987899,114187876196342
212,2.120000000,triangle_f1,0.015680000,2038,114187884970125,114187886190048
213,2.130000000,triangle_f1,0.015820000,2038,114187894978908,114187896191731
214,2.140000000,triangle_f1,0.015960000,2038,114187904966652,114187906201087
215,2.150000000,triangle_f1,0.016100000,2038,114187914964663,114187916204542
216,2.160000000,triangle_f1,0.016240000,2037,114187924968777,114187926185390
217,2.170000000,triangle_f1,0.016380000,2037,114187934964938,114187936186220
218,2.180000000,triangle_f1,0.016520000,2037,114187944957003,114187945182416
219,2.190000000,triangle_f1,0.016660000,2037,114187954967866,114187956184856
220,2.200000000,triangle_f1,0.016800000,2037,114187964964996,114187966186067
221,2.210000000,triangle_f1,0.016940000,2037,114187974965525,114187976184190
222,2.220000000,triangle_f1,0.017080000,2037,114187984956765,114187985184530
223,2.230000000,triangle_f1,0.017220000,2037,114187994958952,114187996184799
224,2.240000000,triangle_f1,0.017360000,2037,114188004969832,114188006186321
225,2.250000000,triangle_f1,0.017500000,2037,114188014967612,114188016192194
226,2.260000000,triangle_f1,0.017640000,2037,114188024967743,114188026199483
227,2.270000000,triangle_f1,0.017780000,2036,114188034966720,114188036222331
228,2.280000000,triangle_f1,0.017920000,2036,114188044965424,114188046240119
229,2.290000000,triangle_f1,0.018060000,2036,114188054967019,114188056194700
230,2.300000000,triangle_f1,0.018200000,2036,114188064965030,114188066209943
231,2.310000000,triangle_f1,0.018340000,2036,114188074962278,114188076216645
232,2.320000000,triangle_f1,0.018480000,2036,114188084968363,114188086202946
233,2.330000000,triangle_f1,0.018620000,2036,114188094968896,114188096240320
234,2.340000000,triangle_f1,0.018760000,2036,114188104969040,114188106195897
235,2.350000000,triangle_f1,0.018900000,2036,114188114969769,114188116225354
236,2.360000000,triangle_f1,0.019040000,2036,114188124970983,114188126213381
237,2.370000000,triangle_f1,0.019180000,2035,114188134968610,114188136196693
238,2.380000000,triangle_f1,0.019320000,2035,114188144968262,114188146203436
239,2.390000000,triangle_f1,0.019460000,2035,114188154959792,114188156194787
240,2.400000000,triangle_f1,0.019600000,2035,114188164968972,114188166195240
241,2.410000000,triangle_f1,0.019740000,2035,114188174966895,114188176192981
242,2.420000000,triangle_f1,0.019880000,2035,114188184967969,114188186182273
243,2.430000000,triangle_f1,0.020020000,2035,114188194970521,114188196246983
244,2.440000000,triangle_f1,0.020160000,2035,114188204967519,114188206184919
245,2.450000000,triangle_f1,0.020300000,2035,114188214968481,114188216199215
246,2.460000000,triangle_f1,0.020440000,2035,114188224961878,114188226188122
247,2.470000000,triangle_f1,0.020580000,2035,114188234960384,114188236171668
248,2.480000000,triangle_f1,0.020720000,2034,114188244971243,114188246196620
249,2.490000000,triangle_f1,0.020860000,2034,114188254969907,114188256193799
250,2.500000000,triangle_f1,0.021000000,2034,114188264966585,114188266211802
251,2.510000000,triangle_f1,0.021140000,2034,114188274963993,114188276201187
252,2.520000000,triangle_f1,0.021280000,2034,114188284968906,114188286193270
253,2.530000000,triangle_f1,0.021420000,2034,114188294968392,114188296215776
254,2.540000000,triangle_f1,0.021560000,2034,114188304973489,114188306190695
255,2.550000000,triangle_f1,0.021700000,2034,114188314967125,114188316204940
256,2.560000000,triangle_f1,0.021840000,2034,114188324966922,114188326201396
257,2.570000000,triangle_f1,0.021980000,2034,114188334968940,114188336195606
258,2.580000000,triangle_f1,0.022120000,2034,114188344965424,114188346214462
259,2.590000000,triangle_f1,0.022260000,2033,114188354962156,114188356192343
260,2.600000000,triangle_f1,0.022400000,2033,114188364968432,114188366200242
261,2.610000000,triangle_f1,0.022540000,2033,114188374967745,114188376174231
262,2.620000000,triangle_f1,0.022680000,2033,114188384967294,114188386173698
263,2.630000000,triangle_f1,0.022820000,2033,114188394970935,114188396203855
264,2.640000000,triangle_f1,0.022960000,2033,114188404967708,114188406188975
265,2.650000000,triangle_f1,0.023100000,2033,114188414970255,114188416210242
266,2.660000000,triangle_f1,0.023240000,2033,114188424969933,114188426206311
267,2.670000000,triangle_f1,0.023380000,2033,114188434968914,114188436188353
268,2.680000000,triangle_f1,0.023520000,2033,114188444966926,114188446219539
269,2.690000000,triangle_f1,0.023660000,2033,114188454968027,114188456188887
270,2.700000000,triangle_f1,0.023800000,2032,114188464964665,114188466197375
271,2.710000000,triangle_f1,0.023940000,2032,114188474963583,114188476195316
272,2.720000000,triangle_f1,0.024080000,2032,114188484967675,114188486171841
273,2.730000000,triangle_f1,0.024220000,2032,114188494971635,114188496188098
274,2.740000000,triangle_f1,0.024360000,2032,114188504966627,114188506184688
275,2.750000000,triangle_f1,0.024500000,2032,114188514968892,114188516203864
276,2.760000000,triangle_f1,0.024640000,2032,114188524968856,114188526201811
277,2.770000000,triangle_f1,0.024780000,2032,114188534969078,114188536186650
278,2.780000000,triangle_f1,0.024920000,2032,114188544967985,114188546209250
279,2.790000000,triangle_f1,0.025060000,2032,114188554965970,114188556188412
280,2.800000000,triangle_f1,0.025200000,2032,114188564967113,114188566207008
281,2.810000000,triangle_f1,0.025340000,2031,114188574966486,114188576202924
282,2.820000000,triangle_f1,0.025480000,2031,114188584978483,114188586189518
283,2.830000000,triangle_f1,0.025620000,2031,114188594966750,114188596206203
284,2.840000000,triangle_f1,0.025760000,2031,114188604966815,114188606231808
285,2.850000000,triangle_f1,0.025900000,2031,114188614973960,114188616208257
286,2.860000000,triangle_f1,0.026040000,2031,114188624971926,114188626187489
287,2.870000000,triangle_f1,0.026180000,2031,114188634973000,114188636180439
288,2.880000000,triangle_f1,0.026320000,2031,114188644969412,114188646193488
289,2.890000000,triangle_f1,0.026460000,2031,114188654969530,114188656178709
290,2.900000000,triangle_f1,0.026600000,2031,114188664973332,114188666187712
291,2.910000000,triangle_f1,0.026740000,2031,114188674969725,114188676194224
292,2.920000000,triangle_f1,0.026880000,2030,114188684972251,114188686180303
293,2.930000000,triangle_f1,0.027020000,2030,114188694973127,114188696198769
294,2.940000000,triangle_f1,0.027160000,2030,114188704972428,114188706174691
295,2.950000000,triangle_f1,0.027300000,2030,114188714972124,114188716213078
296,2.960000000,triangle_f1,0.027440000,2030,114188724972933,114188726194578
297,2.970000000,triangle_f1,0.027580000,2030,114188734977290,114188736164355
298,2.980000000,triangle_f1,0.027720000,2030,114188744973257,114188746186248
299,2.990000000,triangle_f1,0.027860000,2030,114188754976282,114188756166658
300,3.000000000,triangle_f1,0.028000000,2030,114188764977114,114188766177890
301,3.010000000,triangle_f1,0.028140000,2030,114188774972290,114188776174275
302,3.020000000,triangle_f1,0.028280000,2030,114188784976639,114188786163718
303,3.030000000,triangle_f1,0.028420000,2029,114188794970772,114188796190623
304,3.040000000,triangle_f1,0.028560000,2029,114188804971046,114188806157769
305,3.050000000,triangle_f1,0.028700000,2029,114188814972358,114188816217706
306,3.060000000,triangle_f1,0.028840000,2029,114188824973560,114188826166074
307,3.070000000,triangle_f1,0.028980000,2029,114188834974073,114188836156213
308,3.080000000,triangle_f1,0.029120000,2029,114188844978521,114188846180102
309,3.090000000,triangle_f1,0.029260000,2029,114188854978930,114188856175767
310,3.100000000,triangle_f1,0.029400000,2029,114188864966251,114188866202247
311,3.110000000,triangle_f1,0.029540000,2029,114188874968142,114188876167440
312,3.120000000,triangle_f1,0.029680000,2029,114188884968373,114188886159943
313,3.130000000,triangle_f1,0.029820000,2029,114188894967774,114188896173723
314,3.140000000,triangle_f1,0.029960000,2028,114188904973295,114188906158603
315,3.150000000,triangle_f1,0.030100000,2028,114188914976443,114188916174452
316,3.160000000,triangle_f1,0.030240000,2028,114188924975715,114188926167803
317,3.170000000,triangle_f1,0.030380000,2028,114188934974987,114188936162649
318,3.180000000,triangle_f1,0.030520000,2028,114188944979086,114188946182416
319,3.190000000,triangle_f1,0.030660000,2028,114188954976607,114188956154118
320,3.200000000,triangle_f1,0.030800000,2028,114188964966211,114188966178174
321,3.210000000,triangle_f1,0.030940000,2028,114188974974341,114188976159134
322,3.220000000,triangle_f1,0.031080000,2028,114188984966102,114188986140884
323,3.230000000,triangle_f1,0.031220000,2028,114188994973420,114188996187583
324,3.240000000,triangle_f1,0.031360000,2028,114189004969689,114189006154540
325,3.250000000,triangle_f1,0.031500000,2027,114189014965897,114189016179562
326,3.260000000,triangle_f1,0.031640000,2027,114189024974294,114189026163204
327,3.270000000,triangle_f1,0.031780000,2027,114189034965596,114189036146433
328,3.280000000,triangle_f1,0.031920000,2027,114189044975798,114189046171299
329,3.290000000,triangle_f1,0.032060000,2027,114189054967643,114189056164898
330,3.300000000,triangle_f1,0.032200000,2027,114189064984120,114189066174118
331,3.310000000,triangle_f1,0.032340000,2027,114189074968257,114189076173752
332,3.320000000,triangle_f1,0.032480000,2027,114189084974326,114189086157575
333,3.330000000,triangle_f1,0.032620000,2027,114189094969658,114189096172975
334,3.340000000,triangle_f1,0.032760000,2027,114189104967594,114189106157134
335,3.350000000,triangle_f1,0.032900000,2027,114189114968089,114189116188506
336,3.360000000,triangle_f1,0.033040000,2026,114189124967596,114189126157002
337,3.370000000,triangle_f1,0.033180000,2026,114189134967080,114189136146947
338,3.380000000,triangle_f1,0.033320000,2026,114189144966064,114189146164130
339,3.390000000,triangle_f1,0.033460000,2026,114189154966453,114189156163914
340,3.400000000,triangle_f1,0.033600000,2026,114189164969388,114189166186189
341,3.410000000,triangle_f1,0.033740000,2026,114189174970797,114189176168356
342,3.420000000,triangle_f1,0.033880000,2026,114189184968089,114189186147679
343,3.430000000,triangle_f1,0.034020000,2026,114189194989653,114189196181059
344,3.440000000,triangle_f1,0.034160000,2026,114189205042280,114189206159154
345,3.450000000,triangle_f1,0.034300000,2026,114189214977161,114189216151707
346,3.460000000,triangle_f1,0.034440000,2026,114189224971639,114189226163086
347,3.470000000,triangle_f1,0.034580000,2025,114189234975037,114189236144156
348,3.480000000,triangle_f1,0.034720000,2025,114189244973875,114189246176100
349,3.490000000,triangle_f1,0.034860000,2025,114189254975969,114189256158656
350,3.500000000,triangle_f1,0.035000000,2025,114189264974545,114189266175666
351,3.510000000,triangle_f1,0.035140000,2025,114189274972135,114189276160358
352,3.520000000,triangle_f1,0.035280000,2025,114189284973342,114189286151882
353,3.530000000,triangle_f1,0.035420000,2025,114189294965972,114189296152051
354,3.540000000,triangle_f1,0.035560000,2025,114189304977463,114189306263069
355,3.550000000,triangle_f1,0.035700000,2025,114189315025243,114189316207397
356,3.560000000,triangle_f1,0.035840000,2025,114189324974926,114189326155460
357,3.570000000,triangle_f1,0.035980000,2025,114189334977418,114189336141915
358,3.580000000,triangle_f1,0.036120000,2024,114189344970803,114189346164641
359,3.590000000,triangle_f1,0.036260000,2024,114189354978793,114189356141055
360,3.600000000,triangle_f1,0.036400000,2024,114189364967756,114189366151173
361,3.610000000,triangle_f1,0.036540000,2024,114189375039028,114189376164713
362,3.620000000,triangle_f1,0.036680000,2024,114189385036057,114189386154894
363,3.630000000,triangle_f1,0.036820000,2024,114189394976168,114189396182360
364,3.640000000,triangle_f1,0.036960000,2024,114189404970495,114189406139389
365,3.650000000,triangle_f1,0.037100000,2024,114189414966631,114189416148609
366,3.660000000,triangle_f1,0.037240000,2024,114189424967860,114189426136692
367,3.670000000,triangle_f1,0.037380000,2024,114189434984598,114189436130417
368,3.680000000,triangle_f1,0.037520000,2024,114189444979040,114189446168103
369,3.690000000,triangle_f1,0.037660000,2023,114189454979996,114189456131314
370,3.700000000,triangle_f1,0.037800000,2023,114189464980267,114189466140153
371,3.710000000,triangle_f1,0.037940000,2023,114189475039663,114189476143151
372,3.720000000,triangle_f1,0.038080000,2023,114189485044758,114189486126376
373,3.730000000,triangle_f1,0.038220000,2023,114189495045725,114189496182373
374,3.740000000,triangle_f1,0.038360000,2023,114189504988890,114189506139372
375,3.750000000,triangle_f1,0.038500000,2023,114189515047594,114189516170794
376,3.760000000,triangle_f1,0.038640000,2023,114189525047936,114189526148725
377,3.770000000,triangle_f1,0.038780000,2023,114189535043266,114189536136247
378,3.780000000,triangle_f1,0.038920000,2023,114189545025884,114189546166422
379,3.790000000,triangle_f1,0.039060000,2023,114189555044963,114189556132065
380,3.800000000,triangle_f1,0.039200000,2022,114189565048534,114189566140110
381,3.810000000,triangle_f1,0.039340000,2022,114189575047439,114189576149533
382,3.820000000,triangle_f1,0.039480000,2022,114189584989965,114189586133349
383,3.830000000,triangle_f1,0.039620000,2022,114189594980477,114189596183459
384,3.840000000,triangle_f1,0.039760000,2022,114189604985545,114189606136749
385,3.850000000,triangle_f1,0.039900000,2022,114189615050646,114189616164482
386,3.860000000,triangle_f1,0.040040000,2022,114189625046509,114189626153470
387,3.870000000,triangle_f1,0.040180000,2022,114189635043090,114189636140001
388,3.880000000,triangle_f1,0.040320000,2022,114189645044764,114189646158997
389,3.890000000,triangle_f1,0.040460000,2022,114189655045094,114189656135330
390,3.900000000,triangle_f1,0.040600000,2022,114189665044773,114189666157166
391,3.910000000,triangle_f1,0.040740000,2021,114189675046379,114189676153575
392,3.920000000,triangle_f1,0.040880000,2021,114189685040299,114189686134719
393,3.930000000,triangle_f1,0.041020000,2021,114189695046461,114189696153922
394,3.940000000,triangle_f1,0.041160000,2021,114189705038817,114189706178118
395,3.950000000,triangle_f1,0.041300000,2021,114189714987537,114189716147967
396,3.960000000,triangle_f1,0.041440000,2021,114189725050111,114189726150684
397,3.970000000,triangle_f1,0.041580000,2021,114189735047963,114189736139823
398,3.980000000,triangle_f1,0.041720000,2021,114189744967012,114189746149161
399,3.990000000,triangle_f1,0.041860000,2021,114189754967390,114189756124756
400,4.000000000,triangle_f1,0.042000000,2021,114189765045779,114189766155850
401,4.010000000,triangle_f1,0.042140000,2021,114189775046427,114189776151566
402,4.020000000,triangle_f1,0.042280000,2020,114189785048934,114189786139183
403,4.030000000,triangle_f1,0.042420000,2020,114189794984906,114189796162364
404,4.040000000,triangle_f1,0.042560000,2020,114189805047965,114189806130932
405,4.050000000,triangle_f1,0.042700000,2020,114189815047167,114189816162544
406,4.060000000,triangle_f1,0.042840000,2020,114189825063101,114189826182238
407,4.070000000,triangle_f1,0.042980000,2020,114189834962264,114189836114258
408,4.080000000,triangle_f1,0.043120000,2020,114189844968205,114189846138062
409,4.090000000,triangle_f1,0.043260000,2020,114189854964265,114189856112893
410,4.100000000,triangle_f1,0.043400000,2020,114189864964763,114189866117058
411,4.110000000,triangle_f1,0.043540000,2020,114189874961649,114189876102354
412,4.120000000,triangle_f1,0.043680000,2020,114189884969007,114189886081795
413,4.130000000,triangle_f1,0.043820000,2019,114189894968765,114189896102286
414,4.140000000,triangle_f1,0.043960000,2019,114189904969395,114189906090262
415,4.150000000,triangle_f1,0.044100000,2019,114189914966535,114189916085402
416,4.160000000,triangle_f1,0.044240000,2019,114189924965033,114189926097547
417,4.170000000,triangle_f1,0.044380000,2019,114189934967244,114189936101685
418,4.180000000,triangle_f1,0.044520000,2019,114189944967409,114189946115072
419,4.190000000,triangle_f1,0.044660000,2019,114189954967427,114189956103877
420,4.200000000,triangle_f1,0.044800000,2019,114189964966198,114189966128188
421,4.210000000,triangle_f1,0.044940000,2019,114189974967340,114189976110341
422,4.220000000,triangle_f1,0.045080000,2019,114189984968197,114189986096546
423,4.230000000,triangle_f1,0.045220000,2019,114189994967120,114189996128535
424,4.240000000,triangle_f1,0.045360000,2018,114190004972220,114190006107394
425,4.250000000,triangle_f1,0.045500000,2018,114190014967142,114190016128483
426,4.260000000,triangle_f1,0.045640000,2018,114190024966372,114190026116347
427,4.270000000,triangle_f1,0.045780000,2018,114190034967202,114190036082223
428,4.280000000,triangle_f1,0.045920000,2018,114190044965195,114190046081898
429,4.290000000,triangle_f1,0.046060000,2018,114190054965899,114190056079452
430,4.300000000,triangle_f1,0.046200000,2018,114190064965374,114190066103736
431,4.310000000,triangle_f1,0.046340000,2018,114190074964840,114190076091564
432,4.320000000,triangle_f1,0.046480000,2018,114190084965879,114190086086861
433,4.330000000,triangle_f1,0.046620000,2018,114190094966705,114190096114693
434,4.340000000,triangle_f1,0.046760000,2018,114190104968866,114190106105701
435,4.350000000,triangle_f1,0.046900000,2017,114190114964767,114190116117955
436,4.360000000,triangle_f1,0.047040000,2017,114190124966142,114190126113438
437,4.370000000,triangle_f1,0.047180000,2017,114190134966822,114190136100019
438,4.380000000,triangle_f1,0.047320000,2017,114190144966845,114190146118165
439,4.390000000,triangle_f1,0.047460000,2017,114190154966347,114190156101990
440,4.400000000,triangle_f1,0.047600000,2017,114190164966564,114190166125579
441,4.410000000,triangle_f1,0.047740000,2017,114190174967271,114190176118925
442,4.420000000,triangle_f1,0.047880000,2017,114190184969794,114190186082540
443,4.430000000,triangle_f1,0.048020000,2017,114190194967251,114190196088291
444,4.440000000,triangle_f1,0.048160000,2017,114190204967914,114190206086083
445,4.450000000,triangle_f1,0.048300000,2017,114190214965661,114190216078292
446,4.460000000,triangle_f1,0.048440000,2016,114190224965061,114190226086090
447,4.470000000,triangle_f1,0.048580000,2016,114190234965500,114190236085218
448,4.480000000,triangle_f1,0.048720000,2016,114190244967870,114190246088603
449,4.490000000,triangle_f1,0.048860000,2016,114190254965715,114190256090378
450,4.500000000,triangle_f1,0.049000000,2016,114190264965696,114190266141303
451,4.510000000,triangle_f1,0.049140000,2016,114190274964895,114190276091839
452,4.520000000,triangle_f1,0.049280000,2016,114190284964839,114190286059680
453,4.530000000,triangle_f1,0.049420000,2016,114190294966555,114190296076752
454,4.540000000,triangle_f1,0.049560000,2016,114190304969558,114190306081503
455,4.550000000,triangle_f1,0.049700000,2016,114190314962858,114190316087831
456,4.560000000,triangle_f1,0.049840000,2016,114190324966437,114190326092824
457,4.570000000,triangle_f1,0.049980000,2015,114190334966263,114190336082226
458,4.580000000,triangle_f1,0.050120000,2015,114190344967970,114190346105070
459,4.590000000,triangle_f1,0.050260000,2015,114190354966693,114190356081615
460,4.600000000,triangle_f1,0.050400000,2015,114190364966810,114190366096520
461,4.610000000,triangle_f1,0.050540000,2015,114190374969479,114190376092192
462,4.620000000,triangle_f1,0.050680000,2015,114190384963309,114190386110421
463,4.630000000,triangle_f1,0.050820000,2015,114190394967108,114190396125439
464,4.640000000,triangle_f1,0.050960000,2015,114190404962828,114190406087658
465,4.650000000,triangle_f1,0.051100000,2015,114190414967082,114190416115057
466,4.660000000,triangle_f1,0.051240000,2015,114190424967209,114190426093645
467,4.670000000,triangle_f1,0.051380000,2015,114190434966979,114190436078149
468,4.680000000,triangle_f1,0.051520000,2014,114190444966242,114190446103802
469,4.690000000,triangle_f1,0.051660000,2014,114190454966325,114190456079551
470,4.700000000,triangle_f1,0.051800000,2014,114190464967590,114190466092846
471,4.710000000,triangle_f1,0.051940000,2014,114190474965818,114190476094054
472,4.720000000,triangle_f1,0.052080000,2014,114190484965935,114190486089112
473,4.730000000,triangle_f1,0.052220000,2014,114190494966730,114190496106956
474,4.740000000,triangle_f1,0.052360000,2014,114190504963727,114190506085941
475,4.750000000,triangle_f1,0.052500000,2014,114190514966560,114190516100017
476,4.760000000,triangle_f1,0.052640000,2014,114190524966111,114190526095538
477,4.770000000,triangle_f1,0.052780000,2014,114190534992654,114190536133349
478,4.780000000,triangle_f1,0.052920000,2014,114190544974939,114190546113168
479,4.790000000,triangle_f1,0.053060000,2013,114190554971352,114190556089395
480,4.800000000,triangle_f1,0.053200000,2013,114190564979163,114190566128659
481,4.810000000,triangle_f1,0.053340000,2013,114190574977498,114190576093139
482,4.820000000,triangle_f1,0.053480000,2013,114190584969601,114190586081122
483,4.830000000,triangle_f1,0.053620000,2013,114190594967302,114190596097741
484,4.840000000,triangle_f1,0.053760000,2013,114190604992629,114190606077844
485,4.850000000,triangle_f1,0.053900000,2013,114190614983248,114190616097878
486,4.860000000,triangle_f1,0.054040000,2013,114190625051648,114190626083094
487,4.870000000,triangle_f1,0.054180000,2013,114190634989103,114190636081713
488,4.880000000,triangle_f1,0.054320000,2013,114190644978879,114190646093288
489,4.890000000,triangle_f1,0.054460000,2012,114190654994690,114190656089184
490,4.900000000,triangle_f1,0.054600000,2012,114190664989191,114190666092950
491,4.910000000,triangle_f1,0.054740000,2012,114190675044747,114190676081914
492,4.920000000,triangle_f1,0.054880000,2012,114190685047424,114190686159268
493,4.930000000,triangle_f1,0.055020000,2012,114190694978177,114190696116605
494,4.940000000,triangle_f1,0.055160000,2012,114190704971916,114190706092741
495,4.950000000,triangle_f1,0.055300000,2012,114190714967163,114190716095375
496,4.960000000,triangle_f1,0.055440000,2012,114190724966755,114190726072020
497,4.970000000,triangle_f1,0.055580000,2012,114190734967207,114190736068646
498,4.980000000,triangle_f1,0.055720000,2012,114190744969183,114190746080775
499,4.990000000,triangle_f1,0.055860000,2012,114190754965376,114190756060355
500,5.000000000,triangle_f1,0.056000000,2011,114190764967020,114190766077081
501,5.010000000,triangle_f1,0.056140000,2011,114190774966105,114190776074975
502,5.020000000,triangle_f1,0.056280000,2011,114190784967689,114190786064487
503,5.030000000,triangle_f1,0.056420000,2011,114190794968071,114190796099490
504,5.040000000,triangle_f1,0.056560000,2011,114190804970532,114190806070051
505,5.050000000,triangle_f1,0.056700000,2011,114190814969342,114190816091562
506,5.060000000,triangle_f1,0.056840000,2011,114190824967249,114190826072919
507,5.070000000,triangle_f1,0.056980000,2011,114190834965995,114190836073519
508,5.080000000,triangle_f1,0.057120000,2011,114190844968856,114190846099204
509,5.090000000,triangle_f1,0.057260000,2011,114190854966839,114190856069407
510,5.100000000,triangle_f1,0.057400000,2011,114190864967811,114190866099789
511,5.110000000,triangle_f1,0.057540000,2010,114190874968160,114190876075541
512,5.120000000,triangle_f1,0.057680000,2010,114190884967141,114190886083911
513,5.130000000,triangle_f1,0.057820000,2010,114190894966821,114190896083227
514,5.140000000,triangle_f1,0.057960000,2010,114190904962815,114190906071964
515,5.150000000,triangle_f1,0.058100000,2010,114190914964625,114190916089607
516,5.160000000,triangle_f1,0.058240000,2010,114190924966782,114190926074637
517,5.170000000,triangle_f1,0.058380000,2010,114190934966816,114190936066287
518,5.180000000,triangle_f1,0.058520000,2010,114190944965592,114190946095737
519,5.190000000,triangle_f1,0.058660000,2010,114190954993610,114190956062459
520,5.200000000,triangle_f1,0.058800000,2010,114190964961720,114190966086061
521,5.210000000,triangle_f1,0.058940000,2010,114190974968315,114190976081507
522,5.220000000,triangle_f1,0.059080000,2009,114190984968961,114190986073189
523,5.230000000,triangle_f1,0.059220000,2009,114190994967084,114190996085987
524,5.240000000,triangle_f1,0.059360000,2009,114191004971573,114191006059291
525,5.250000000,triangle_f1,0.059500000,2009,114191014962364,114191016064123
526,5.260000000,triangle_f1,0.059640000,2009,114191024967050,114191026067104
527,5.270000000,triangle_f1,0.059780000,2009,114191034966389,114191036063556
528,5.280000000,triangle_f1,0.059920000,2009,114191044969019,114191046077434
529,5.290000000,triangle_f1,0.060060000,2009,114191054960808,114191056063319
530,5.300000000,triangle_f1,0.060200000,2009,114191064963096,114191066069253
531,5.310000000,triangle_f1,0.060340000,2009,114191074965881,114191076069739
532,5.320000000,triangle_f1,0.060480000,2009,114191084969651,114191086064593
533,5.330000000,triangle_f1,0.060620000,2008,114191094966651,114191096084400
534,5.340000000,triangle_f1,0.060760000,2008,114191104972025,114191106048192
535,5.350000000,triangle_f1,0.060900000,2008,114191114966086,114191116114413
536,5.360000000,triangle_f1,0.061040000,2008,114191124966312,114191126053417
537,5.370000000,triangle_f1,0.061180000,2008,114191134968342,114191136061611
538,5.380000000,triangle_f1,0.061320000,2008,114191144967102,114191146063436
539,5.390000000,triangle_f1,0.061460000,2008,114191154971794,114191156045275
540,5.400000000,triangle_f1,0.061600000,2008,114191164965700,114191166051559
541,5.410000000,triangle_f1,0.061740000,2008,114191174966252,114191176044350
542,5.420000000,triangle_f1,0.061880000,2008,114191184966468,114191186037508
543,5.430000000,triangle_f1,0.062020000,2008,114191194966024,114191196065721
544,5.440000000,triangle_f1,0.062160000,2007,114191204968960,114191206043983
545,5.450000000,triangle_f1,0.062300000,2007,114191214982163,114191216068957
546,5.460000000,triangle_f1,0.062440000,2007,114191224966771,114191226066063
547,5.470000000,triangle_f1,0.062580000,2007,114191234968143,114191236037157
548,5.480000000,triangle_f1,0.062720000,2007,114191244964888,114191246055648
549,5.490000000,triangle_f1,0.062860000,2007,114191254966824,114191256058867
550,5.500000000,triangle_f1,0.063000000,2007,114191264966041,114191266065145
551,5.510000000,triangle_f1,0.063140000,2007,114191274966447,114191276046528
552,5.520000000,triangle_f1,0.063280000,2007,114191284967462,114191286048448
553,5.530000000,triangle_f1,0.063420000,2007,114191294966681,114191296083180
554,5.540000000,triangle_f1,0.063560000,2007,114191304971325,114191306032939
555,5.550000000,triangle_f1,0.063700000,2006,114191314985566,114191316083856
556,5.560000000,triangle_f1,0.063840000,2006,114191325053318,114191326082036
557,5.570000000,triangle_f1,0.063980000,2006,114191334982079,114191336086279
558,5.580000000,triangle_f1,0.064120000,2006,114191344975348,114191346078032
559,5.590000000,triangle_f1,0.064260000,2006,114191354981336,114191356049277
560,5.600000000,triangle_f1,0.064400000,2006,114191364987161,114191366074843
561,5.610000000,triangle_f1,0.064540000,2006,114191375054509,114191376063906
562,5.620000000,triangle_f1,0.064680000,2006,114191385061573,114191386059867
563,5.630000000,triangle_f1,0.064820000,2006,114191394968567,114191396053235
564,5.640000000,triangle_f1,0.064960000,2006,114191404976446,114191406053124
565,5.650000000,triangle_f1,0.065100000,2006,114191414980708,114191416063544
566,5.660000000,triangle_f1,0.065240000,2005,114191424984486,114191426058337
567,5.670000000,triangle_f1,0.065380000,2005,114191434991845,114191436041089
568,5.680000000,triangle_f1,0.065520000,2005,114191444966842,114191446049288
569,5.690000000,triangle_f1,0.065660000,2005,114191454990144,114191456054586
570,5.700000000,triangle_f1,0.065800000,2005,114191464982675,114191466058554
571,5.710000000,triangle_f1,0.065940000,2005,114191474981293,114191476072073
572,5.720000000,triangle_f1,0.066080000,2005,114191484976401,114191486066884
573,5.730000000,triangle_f1,0.066220000,2005,114191494968021,114191496090910
574,5.740000000,triangle_f1,0.066360000,2005,114191505048127,114191506049478
575,5.750000000,triangle_f1,0.066500000,2005,114191514993419,114191516055184
576,5.760000000,triangle_f1,0.066640000,2005,114191525045262,114191526053244
577,5.770000000,triangle_f1,0.066780000,2004,114191534979762,114191536026695
578,5.780000000,triangle_f1,0.066920000,2004,114191545044483,114191546053114
579,5.790000000,triangle_f1,0.067060000,2004,114191555047385,114191556037832
580,5.800000000,triangle_f1,0.067200000,2004,114191564996604,114191566064147
581,5.810000000,triangle_f1,0.067340000,2004,114191575052166,114191576050847
582,5.820000000,triangle_f1,0.067480000,2004,114191584995677,114191586024692
583,5.830000000,triangle_f1,0.067620000,2004,114191594978045,114191596031472
584,5.840000000,triangle_f1,0.067760000,2004,114191605052579,114191606033529
585,5.850000000,triangle_f1,0.067900000,2004,114191614974987,114191616059717
586,5.860000000,triangle_f1,0.068040000,2004,114191625040371,114191626055947
587,5.870000000,triangle_f1,0.068180000,2004,114191635035962,114191636030588
588,5.880000000,triangle_f1,0.068320000,2003,114191645047161,114191646050129
589,5.890000000,triangle_f1,0.068460000,2003,114191654992695,114191656038821
590,5.900000000,triangle_f1,0.068600000,2003,114191664981560,114191666046824
591,5.910000000,triangle_f1,0.068740000,2003,114191675045735,114191676054369
592,5.920000000,triangle_f1,0.068880000,2003,114191685012286,114191686039121
593,5.930000000,triangle_f1,0.069020000,2003,114191694971897,114191696077111
594,5.940000000,triangle_f1,0.069160000,2003,114191705049191,114191706035343
595,5.950000000,triangle_f1,0.069300000,2003,114191714992174,114191716055592
596,5.960000000,triangle_f1,0.069440000,2003,114191725046940,114191726048341
597,5.970000000,triangle_f1,0.069580000,2003,114191734981889,114191736024775
598,5.980000000,triangle_f1,0.069720000,2003,114191745048623,114191746055837
599,5.990000000,triangle_f1,0.069860000,2002,114191755044815,114191756041280
600,6.000000000,triangle_f1,0.070000000,2002,114191764998476,114191766055522
601,6.010000000,triangle_f1,0.069860000,2002,114191775051166,114191776048942
602,6.020000000,triangle_f1,0.069720000,2003,114191785045540,114191786029605
603,6.030000000,triangle_f1,0.069580000,2003,114191794970572,114191796038438
604,6.040000000,triangle_f1,0.069440000,2003,114191805064047,114191806033329
605,6.050000000,triangle_f1,0.069300000,2003,114191814982951,114191816052386
606,6.060000000,triangle_f1,0.069160000,2003,114191825042950,114191826047712
607,6.070000000,triangle_f1,0.069020000,2003,114191835044687,114191836033094
608,6.080000000,triangle_f1,0.068880000,2003,114191845040306,114191846044221
609,6.090000000,triangle_f1,0.068740000,2003,114191855047685,114191856039676
610,6.100000000,triangle_f1,0.068600000,2003,114191864991972,114191866052632
611,6.110000000,triangle_f1,0.068460000,2003,114191875047415,114191876051002
612,6.120000000,triangle_f1,0.068320000,2003,114191884975686,114191886026752
613,6.130000000,triangle_f1,0.068180000,2004,114191894960468,114191896059354
614,6.140000000,triangle_f1,0.068040000,2004,114191905051749,114191906035728
615,6.150000000,triangle_f1,0.067900000,2004,114191914997273,114191916038049
616,6.160000000,triangle_f1,0.067760000,2004,114191925047321,114191926046420
617,6.170000000,triangle_f1,0.067620000,2004,114191934982033,114191936012319
618,6.180000000,triangle_f1,0.067480000,2004,114191945041133,114191946051321
619,6.190000000,triangle_f1,0.067340000,2004,114191955047746,114191956037499
620,6.200000000,triangle_f1,0.067200000,2004,114191964996034,114191966042777
621,6.210000000,triangle_f1,0.067060000,2004,114191975053731,114191976045803
622,6.220000000,triangle_f1,0.066920000,2004,114191985042196,114191986024189
623,6.230000000,triangle_f1,0.066780000,2004,114191995043191,114191996045317
624,6.240000000,triangle_f1,0.066640000,2005,114192005048795,114192006035148
625,6.250000000,triangle_f1,0.066500000,2005,114192014997176,114192016060987
626,6.260000000,triangle_f1,0.066360000,2005,114192025044051,114192026027928
627,6.270000000,triangle_f1,0.066220000,2005,114192035045889,114192036031532
628,6.280000000,triangle_f1,0.066080000,2005,114192045054113,114192046033736
629,6.290000000,triangle_f1,0.065940000,2005,114192055051590,114192056036012
630,6.300000000,triangle_f1,0.065800000,2005,114192064980592,114192066025212
631,6.310000000,triangle_f1,0.065660000,2005,114192075041335,114192076054730
632,6.320000000,triangle_f1,0.065520000,2005,114192084991053,114192085990658
633,6.330000000,triangle_f1,0.065380000,2005,114192095040236,114192096048849
634,6.340000000,triangle_f1,0.065240000,2005,114192105050273,114192106028836
635,6.350000000,triangle_f1,0.065100000,2006,114192114990019,114192116044003
636,6.360000000,triangle_f1,0.064960000,2006,114192125044749,114192126045845
637,6.370000000,triangle_f1,0.064820000,2006,114192134984959,114192135996913
638,6.380000000,triangle_f1,0.064680000,2006,114192145045089,114192146053177
639,6.390000000,triangle_f1,0.064540000,2006,114192155041438,114192156033325
640,6.400000000,triangle_f1,0.064400000,2006,114192164983794,114192166049419
641,6.410000000,triangle_f1,0.064260000,2006,114192175060566,114192176027667
642,6.420000000,triangle_f1,0.064120000,2006,114192185049912,114192186035106
643,6.430000000,triangle_f1,0.063980000,2006,114192195052068,114192196196079
644,6.440000000,triangle_f1,0.063840000,2006,114192204979566,114192206012263
645,6.450000000,triangle_f1,0.063700000,2006,114192214997601,114192216051154
646,6.460000000,triangle_f1,0.063560000,2007,114192225040933,114192226051072
647,6.470000000,triangle_f1,0.063420000,2007,114192235045672,114192236026417
648,6.480000000,triangle_f1,0.063280000,2007,114192245046934,114192246043228
649,6.490000000,triangle_f1,0.063140000,2007,114192255043407,114192255993080
650,6.500000000,triangle_f1,0.063000000,2007,114192264980648,114192266024882
651,6.510000000,triangle_f1,0.062860000,2007,114192275047419,114192276015880
652,6.520000000,triangle_f1,0.062720000,2007,114192285044414,114192285982914
653,6.530000000,triangle_f1,0.062580000,2007,114192295044412,114192296022281
654,6.540000000,triangle_f1,0.062440000,2007,114192304978583,114192306009171
655,6.550000000,triangle_f1,0.062300000,2007,114192314994854,114192316024166
656,6.560000000,triangle_f1,0.062160000,2007,114192325062062,114192326014040
657,6.570000000,triangle_f1,0.062020000,2008,114192335047684,114192335980889
658,6.580000000,triangle_f1,0.061880000,2008,114192344989952,114192346008706
659,6.590000000,triangle_f1,0.061740000,2008,114192355063958,114192355985535
660,6.600000000,triangle_f1,0.061600000,2008,114192364983160,114192366011058
661,6.610000000,triangle_f1,0.061460000,2008,114192374984060,114192375988922
662,6.620000000,triangle_f1,0.061320000,2008,114192384970515,114192385970109
663,6.630000000,triangle_f1,0.061180000,2008,114192394968038,114192396006000
664,6.640000000,triangle_f1,0.061040000,2008,114192404967399,114192405979776
665,6.650000000,triangle_f1,0.060900000,2008,114192414981927,114192416017013
666,6.660000000,triangle_f1,0.060760000,2008,114192424989528,114192426022282
667,6.670000000,triangle_f1,0.060620000,2008,114192434987401,114192435988621
668,6.680000000,triangle_f1,0.060480000,2009,114192444965817,114192445986922
669,6.690000000,triangle_f1,0.060340000,2009,114192454994871,114192455988426
670,6.700000000,triangle_f1,0.060200000,2009,114192464983215,114192466011669
671,6.710000000,triangle_f1,0.060060000,2009,114192474995921,114192475998652
672,6.720000000,triangle_f1,0.059920000,2009,114192484975308,114192485988829
673,6.730000000,triangle_f1,0.059780000,2009,114192494969261,114192495977410
674,6.740000000,triangle_f1,0.059640000,2009,114192504967243,114192505976372
675,6.750000000,triangle_f1,0.059500000,2009,114192514969217,114192515981471
676,6.760000000,triangle_f1,0.059360000,2009,114192524968742,114192525974908
677,6.770000000,triangle_f1,0.059220000,2009,114192534970220,114192535974960
678,6.780000000,triangle_f1,0.059080000,2009,114192544967987,114192545968567
679,6.790000000,triangle_f1,0.058940000,2010,114192554966351,114192555972295
680,6.800000000,triangle_f1,0.058800000,2010,114192564972615,114192565986020
681,6.810000000,triangle_f1,0.058660000,2010,114192574979710,114192575965587
682,6.820000000,triangle_f1,0.058520000,2010,114192584967296,114192585972788
683,6.830000000,triangle_f1,0.058380000,2010,114192594966578,114192595969921
684,6.840000000,triangle_f1,0.058240000,2010,114192604967560,114192605961384
685,6.850000000,triangle_f1,0.058100000,2010,114192614965882,114192615975661
686,6.860000000,triangle_f1,0.057960000,2010,114192625104166,114192625969820
687,6.870000000,triangle_f1,0.057820000,2010,114192635108201,114192635977772
688,6.880000000,triangle_f1,0.057680000,2010,114192645082522,114192645972187
689,6.890000000,triangle_f1,0.057540000,2010,114192654992874,114192655967759
690,6.900000000,triangle_f1,0.057400000,2011,114192664969353,114192665979154
691,6.910000000,triangle_f1,0.057260000,2011,114192674971116,114192675971605
692,6.920000000,triangle_f1,0.057120000,2011,114192685037329,114192685972748
693,6.930000000,triangle_f1,0.056980000,2011,114192694966957,114192695972237
694,6.940000000,triangle_f1,0.056840000,2011,114192704975582,114192705972505
695,6.950000000,triangle_f1,0.056700000,2011,114192714978922,114192715989813
696,6.960000000,triangle_f1,0.056560000,2011,114192724991988,114192725981995
697,6.970000000,triangle_f1,0.056420000,2011,114192734992737,114192735947767
698,6.980000000,triangle_f1,0.056280000,2011,114192744966295,114192745985321
699,6.990000000,triangle_f1,0.056140000,2011,114192754994722,114192755973880
700,7.000000000,triangle_f1,0.056000000,2011,114192764981261,114192765993472
701,7.010000000,triangle_f1,0.055860000,2012,114192775046313,114192775964807
702,7.020000000,triangle_f1,0.055720000,2012,114192784976141,114192785953397
703,7.030000000,triangle_f1,0.055580000,2012,114192795040741,114192795971506
704,7.040000000,triangle_f1,0.055440000,2012,114192804968637,114192805964270
705,7.050000000,triangle_f1,0.055300000,2012,114192814972705,114192815969183
706,7.060000000,triangle_f1,0.055160000,2012,114192825095245,114192825952461
707,7.070000000,triangle_f1,0.055020000,2012,114192835080987,114192835954820
708,7.080000000,triangle_f1,0.054880000,2012,114192844975069,114192845942404
709,7.090000000,triangle_f1,0.054740000,2012,114192854991769,114192855944110
710,7.100000000,triangle_f1,0.054600000,2012,114192864967803,114192865949836
711,7.110000000,triangle_f1,0.054460000,2012,114192874974434,114192875943732
712,7.120000000,triangle_f1,0.054320000,2013,114192884997188,114192885947442
713,7.130000000,triangle_f1,0.054180000,2013,114192894971200,114192895950119
714,7.140000000,triangle_f1,0.054040000,2013,114192904965492,114192905952352
715,7.150000000,triangle_f1,0.053900000,2013,114192914979586,114192915972866
716,7.160000000,triangle_f1,0.053760000,2013,114192925046790,114192925957905
717,7.170000000,triangle_f1,0.053620000,2013,114192934970295,114192935958610
718,7.180000000,triangle_f1,0.053480000,2013,114192944977326,114192945958957
719,7.190000000,triangle_f1,0.053340000,2013,114192954991388,114192955954319
720,7.200000000,triangle_f1,0.053200000,2013,114192964979878,114192965965936
721,7.210000000,triangle_f1,0.053060000,2013,114192974984468,114192975960885
722,7.220000000,triangle_f1,0.052920000,2014,114192985044206,114192985957264
723,7.230000000,triangle_f1,0.052780000,2014,114192994984852,114192995956456
724,7.240000000,triangle_f1,0.052640000,2014,114193004965559,114193005969416
725,7.250000000,triangle_f1,0.052500000,2014,114193014971598,114193015960301
726,7.260000000,triangle_f1,0.052360000,2014,114193025081572,114193025955606
727,7.270000000,triangle_f1,0.052220000,2014,114193035086433,114193035954991
728,7.280000000,triangle_f1,0.052080000,2014,114193044975384,114193045942542
729,7.290000000,triangle_f1,0.051940000,2014,114193054990175,114193055943506
730,7.300000000,triangle_f1,0.051800000,2014,114193064967906,114193065950943
731,7.310000000,triangle_f1,0.051660000,2014,114193074991668,114193075945972
732,7.320000000,triangle_f1,0.051520000,2014,114193084964025,114193085956020
733,7.330000000,triangle_f1,0.051380000,2015,114193094977187,114193095948632
734,7.340000000,triangle_f1,0.051240000,2015,114193104944233,114193105952435
735,7.350000000,triangle_f1,0.051100000,2015,114193114977930,114193115964832
736,7.360000000,triangle_f1,0.050960000,2015,114193125049836,114193125942606
737,7.370000000,triangle_f1,0.050820000,2015,114193135013578,114193135955217
738,7.380000000,triangle_f1,0.050680000,2015,114193145039727,114193145941892
739,7.390000000,triangle_f1,0.050540000,2015,114193155058141,114193155934265
740,7.400000000,triangle_f1,0.050400000,2015,114193164972077,114193165965578
741,7.410000000,triangle_f1,0.050260000,2015,114193174963449,114193175955471
742,7.420000000,triangle_f1,0.050120000,2015,114193184992229,114193185937955
743,7.430000000,triangle_f1,0.049980000,2015,114193194968148,114193195962623
744,7.440000000,triangle_f1,0.049840000,2016,114193205047672,114193205938083
745,7.450000000,triangle_f1,0.049700000,2016,114193214984310,114193215951485
746,7.460000000,triangle_f1,0.049560000,2016,114193225046161,114193225949686
747,7.470000000,triangle_f1,0.049420000,2016,114193234979850,114193235944124
748,7.480000000,triangle_f1,0.049280000,2016,114193244966720,114193245935229
749,7.490000000,triangle_f1,0.049140000,2016,114193254991208,114193255916654
750,7.500000000,triangle_f1,0.049000000,2016,114193264967143,114193265932275
751,7.510000000,triangle_f1,0.048860000,2016,114193275013919,114193275923453
752,7.520000000,triangle_f1,0.048720000,2016,114193284983327,114193285928441
753,7.530000000,triangle_f1,0.048580000,2016,114193295040296,114193295928378
754,7.540000000,triangle_f1,0.048440000,2016,114193304978249,114193305924596
755,7.550000000,triangle_f1,0.048300000,2017,114193314973121,114193315939762
756,7.560000000,triangle_f1,0.048160000,2017,114193324982429,114193325962542
757,7.570000000,triangle_f1,0.048020000,2017,114193334970330,114193335942562
758,7.580000000,triangle_f1,0.047880000,2017,114193345050658,114193345931729
759,7.590000000,triangle_f1,0.047740000,2017,114193355039402,114193355934007
760,7.600000000,triangle_f1,0.047600000,2017,114193364981298,114193365950829
761,7.610000000,triangle_f1,0.047460000,2017,114193374980606,114193375936722
762,7.620000000,triangle_f1,0.047320000,2017,114193384998825,114193385934701
763,7.630000000,triangle_f1,0.047180000,2017,114193395035944,114193395949700
764,7.640000000,triangle_f1,0.047040000,2017,114193404989404,114193405954533
765,7.650000000,triangle_f1,0.046900000,2017,114193414985352,114193415952125
766,7.660000000,triangle_f1,0.046760000,2018,114193425049004,114193425944714
767,7.670000000,triangle_f1,0.046620000,2018,114193434972864,114193435922368
768,7.680000000,triangle_f1,0.046480000,2018,114193445040439,114193445943576
769,7.690000000,triangle_f1,0.046340000,2018,114193455050423,114193455930898
770,7.700000000,triangle_f1,0.046200000,2018,114193464979147,114193465944283
771,7.710000000,triangle_f1,0.046060000,2018,114193475063328,114193475928367
772,7.720000000,triangle_f1,0.045920000,2018,114193485064598,114193485925303
773,7.730000000,triangle_f1,0.045780000,2018,114193495047529,114193495929555
774,7.740000000,triangle_f1,0.045640000,2018,114193505042161,114193505938168
775,7.750000000,triangle_f1,0.045500000,2018,114193514978136,114193515947946
776,7.760000000,triangle_f1,0.045360000,2018,114193525043969,114193525940637
777,7.770000000,triangle_f1,0.045220000,2019,114193535047610,114193535932687
778,7.780000000,triangle_f1,0.045080000,2019,114193545049844,114193545946449
779,7.790000000,triangle_f1,0.044940000,2019,114193555049908,114193555946824
780,7.800000000,triangle_f1,0.044800000,2019,114193565050947,114193565966339
781,7.810000000,triangle_f1,0.044660000,2019,114193575045341,114193575952442
782,7.820000000,triangle_f1,0.044520000,2019,114193585039626,114193585936168
783,7.830000000,triangle_f1,0.044380000,2019,114193595049980,114193595937379
784,7.840000000,triangle_f1,0.044240000,2019,114193605047240,114193605962808
785,7.850000000,triangle_f1,0.044100000,2019,114193614990318,114193615997026
786,7.860000000,triangle_f1,0.043960000,2019,114193624968358,114193625942532
787,7.870000000,triangle_f1,0.043820000,2019,114193634968785,114193635926290
788,7.880000000,triangle_f1,0.043680000,2020,114193644964888,114193645943213
789,7.890000000,triangle_f1,0.043540000,2020,114193654967072,114193655945883
790,7.900000000,triangle_f1,0.043400000,2020,114193664966511,114193665957714
791,7.910000000,triangle_f1,0.043260000,2020,114193674966040,114193675933082
792,7.920000000,triangle_f1,0.043120000,2020,114193684965985,114193685923104
793,7.930000000,triangle_f1,0.042980000,2020,114193694965630,114193695933280
794,7.940000000,triangle_f1,0.042840000,2020,114193704966857,114193705981071
795,7.950000000,triangle_f1,0.042700000,2020,114193714969347,114193715949693
796,7.960000000,triangle_f1,0.042560000,2020,114193724965975,114193725935500
797,7.970000000,triangle_f1,0.042420000,2020,114193734966509,114193735931372
798,7.980000000,triangle_f1,0.042280000,2020,114193744968711,114193745937453
799,7.990000000,triangle_f1,0.042140000,2021,114193754966672,114193755925171
800,8.000000000,triangle_f1,0.042000000,2021,114193764965995,114193765952323
801,8.010000000,triangle_f1,0.041860000,2021,114193774966141,114193775924408
802,8.020000000,triangle_f1,0.041720000,2021,114193784965308,114193785913783
803,8.030000000,triangle_f1,0.041580000,2021,114193794965690,114193795933872
804,8.040000000,triangle_f1,0.041440000,2021,114193804966718,114193805920194
805,8.050000000,triangle_f1,0.041300000,2021,114193814967021,114193815937257
806,8.060000000,triangle_f1,0.041160000,2021,114193824966245,114193825933885
807,8.070000000,triangle_f1,0.041020000,2021,114193834965781,114193835926834
808,8.080000000,triangle_f1,0.040880000,2021,114193844965988,114193845940073
809,8.090000000,triangle_f1,0.040740000,2021,114193855051671,114193856023937
810,8.100000000,triangle_f1,0.040600000,2022,114193864970546,114193865904022
811,8.110000000,triangle_f1,0.040460000,2022,114193874992003,114193875904542
812,8.120000000,triangle_f1,0.040320000,2022,114193884994549,114193885906171
813,8.130000000,triangle_f1,0.040180000,2022,114193894968549,114193895904301
814,8.140000000,triangle_f1,0.040040000,2022,114193904976111,114193905927218
815,8.150000000,triangle_f1,0.039900000,2022,114193914971263,114193915916672
816,8.160000000,triangle_f1,0.039760000,2022,114193924967127,114193925902611
817,8.170000000,triangle_f1,0.039620000,2022,114193934969661,114193935922430
818,8.180000000,triangle_f1,0.039480000,2022,114193944970239,114193945903837
819,8.190000000,triangle_f1,0.039340000,2022,114193954968919,114193955919418
820,8.200000000,triangle_f1,0.039200000,2022,114193964972868,114193965920217
821,8.210000000,triangle_f1,0.039060000,2023,114193974985549,114193975888003
822,8.220000000,triangle_f1,0.038920000,2023,114193984984822,114193985903931
823,8.230000000,triangle_f1,0.038780000,2023,114193994971221,114193995896232
824,8.240000000,triangle_f1,0.038640000,2023,114194004976306,114194005882705
825,8.250000000,triangle_f1,0.038500000,2023,114194014970751,114194015876319
826,8.260000000,triangle_f1,0.038360000,2023,114194024971212,114194025894826
827,8.270000000,triangle_f1,0.038220000,2023,114194034969311,114194035893712
828,8.280000000,triangle_f1,0.038080000,2023,114194045054127,114194045886165
829,8.290000000,triangle_f1,0.037940000,2023,114194055048806,114194055880840
830,8.300000000,triangle_f1,0.037800000,2023,114194064964849,114194065869988
831,8.310000000,triangle_f1,0.037660000,2023,114194074968669,114194075914759
832,8.320000000,triangle_f1,0.037520000,2024,114194084977426,114194085885195
833,8.330000000,triangle_f1,0.037380000,2024,114194094967906,114194095921005
834,8.340000000,triangle_f1,0.037240000,2024,114194104975043,114194105899772
835,8.350000000,triangle_f1,0.037100000,2024,114194114981470,114194115914654
836,8.360000000,triangle_f1,0.036960000,2024,114194125039766,114194125906805
837,8.370000000,triangle_f1,0.036820000,2024,114194135047913,114194135895928
838,8.380000000,triangle_f1,0.036680000,2024,114194144967757,114194145894445
839,8.390000000,triangle_f1,0.036540000,2024,114194154991050,114194155902528
840,8.400000000,triangle_f1,0.036400000,2024,114194164987155,114194165949102
841,8.410000000,triangle_f1,0.036260000,2024,114194175049298,114194175914691
842,8.420000000,triangle_f1,0.036120000,2024,114194184994001,114194185895151
843,8.430000000,triangle_f1,0.035980000,2025,114194195041614,114194195921231
844,8.440000000,triangle_f1,0.035840000,2025,114194205056250,114194205932126
845,8.450000000,triangle_f1,0.035700000,2025,114194214974311,114194215925759
846,8.460000000,triangle_f1,0.035560000,2025,114194224990010,114194225916445
847,8.470000000,triangle_f1,0.035420000,2025,114194235035234,114194235912825
848,8.480000000,triangle_f1,0.035280000,2025,114194245047589,114194245923724
849,8.490000000,triangle_f1,0.035140000,2025,114194254981994,114194255904161
850,8.500000000,triangle_f1,0.035000000,2025,114194264996204,114194265930984
851,8.510000000,triangle_f1,0.034860000,2025,114194274990415,114194275918801
852,8.520000000,triangle_f1,0.034720000,2025,114194284983083,114194285889432
853,8.530000000,triangle_f1,0.034580000,2025,114194295042109,114194295916171
854,8.540000000,triangle_f1,0.034440000,2026,114194305054795,114194305927227
855,8.550000000,triangle_f1,0.034300000,2026,114194314995846,114194315934326
856,8.560000000,triangle_f1,0.034160000,2026,114194324968855,114194325908141
857,8.570000000,triangle_f1,0.034020000,2026,114194334967216,114194335896003
858,8.580000000,triangle_f1,0.033880000,2026,114194344968027,114194345915452
859,8.590000000,triangle_f1,0.033740000,2026,114194354967695,114194355902420
860,8.600000000,triangle_f1,0.033600000,2026,114194364967546,114194365909942
861,8.610000000,triangle_f1,0.033460000,2026,114194374969130,114194375904105
862,8.620000000,triangle_f1,0.033320000,2026,114194384962455,114194385894429
863,8.630000000,triangle_f1,0.033180000,2026,114194394966357,114194395890668
864,8.640000000,triangle_f1,0.033040000,2026,114194404966832,114194405902895
865,8.650000000,triangle_f1,0.032900000,2027,114194414967699,114194415934554
866,8.660000000,triangle_f1,0.032760000,2027,114194424970102,114194425911895
867,8.670000000,triangle_f1,0.032620000,2027,114194434966493,114194435900945
868,8.680000000,triangle_f1,0.032480000,2027,114194444974670,114194445920824
869,8.690000000,triangle_f1,0.032340000,2027,114194454966502,114194455897270
870,8.700000000,triangle_f1,0.032200000,2027,114194464965998,114194465915985
871,8.710000000,triangle_f1,0.032060000,2027,114194474971740,114194475902994
872,8.720000000,triangle_f1,0.031920000,2027,114194484966657,114194485897690
873,8.730000000,triangle_f1,0.031780000,2027,114194494989429,114194495894578
874,8.740000000,triangle_f1,0.031640000,2027,114194504969260,114194505957458
875,8.750000000,triangle_f1,0.031500000,2027,114194515027023,114194515923919
876,8.760000000,triangle_f1,0.031360000,2028,114194525048781,114194525903462
877,8.770000000,triangle_f1,0.031220000,2028,114194534987792,114194535870251
878,8.780000000,triangle_f1,0.031080000,2028,114194544975585,114194545890630
879,8.790000000,triangle_f1,0.030940000,2028,114194555047992,114194555891158
880,8.800000000,triangle_f1,0.030800000,2028,114194564984274,114194565901812
881,8.810000000,triangle_f1,0.030660000,2028,114194575042405,114194575894347
882,8.820000000,triangle_f1,0.030520000,2028,114194584979982,114194585910360
883,8.830000000,triangle_f1,0.030380000,2028,114194595047618,114194595899910
884,8.840000000,triangle_f1,0.030240000,2028,114194605052280,114194605886704
885,8.850000000,triangle_f1,0.030100000,2028,114194614984833,114194615903534
886,8.860000000,triangle_f1,0.029960000,2028,114194624977285,114194625894441
887,8.870000000,triangle_f1,0.029820000,2029,114194634981475,114194635893704
888,8.880000000,triangle_f1,0.029680000,2029,114194644983190,114194645900852
889,8.890000000,triangle_f1,0.029540000,2029,114194655047507,114194655886278
890,8.900000000,triangle_f1,0.029400000,2029,114194664992309,114194665904819
891,8.910000000,triangle_f1,0.029260000,2029,114194675040444,114194675895498
892,8.920000000,triangle_f1,0.029120000,2029,114194684984602,114194685872847
893,8.930000000,triangle_f1,0.028980000,2029,114194695043993,114194695902820
894,8.940000000,triangle_f1,0.028840000,2029,114194705055244,114194705885885
895,8.950000000,triangle_f1,0.028700000,2029,114194714985112,114194715898003
896,8.960000000,triangle_f1,0.028560000,2029,114194725043074,114194725887250
897,8.970000000,triangle_f1,0.028420000,2029,114194734986963,114194735877749
898,8.980000000,triangle_f1,0.028280000,2030,114194744976176,114194745890418
899,8.990000000,triangle_f1,0.028140000,2030,114194754988025,114194755866861
900,9.000000000,triangle_f1,0.028000000,2030,114194764980756,114194765881986
901,9.010000000,triangle_f1,0.027860000,2030,114194775041434,114194775876491
902,9.020000000,triangle_f1,0.027720000,2030,114194784984827,114194785859090
903,9.030000000,triangle_f1,0.027580000,2030,114194794983429,114194795895476
904,9.040000000,triangle_f1,0.027440000,2030,114194804979080,114194805865977
905,9.050000000,triangle_f1,0.027300000,2030,114194814978938,114194815904143
906,9.060000000,triangle_f1,0.027160000,2030,114194825050790,114194825871815
907,9.070000000,triangle_f1,0.027020000,2030,114194834984237,114194835870444
908,9.080000000,triangle_f1,0.026880000,2030,114194845061772,114194845874658
909,9.090000000,triangle_f1,0.026740000,2031,114194855041285,114194855868315
910,9.100000000,triangle_f1,0.026600000,2031,114194864998480,114194865914041
911,9.110000000,triangle_f1,0.026460000,2031,114194875046624,114194875873194
912,9.120000000,triangle_f1,0.026320000,2031,114194884991121,114194885855678
913,9.130000000,triangle_f1,0.026180000,2031,114194894997063,114194895869320
914,9.140000000,triangle_f1,0.026040000,2031,114194904979228,114194905882159
915,9.150000000,triangle_f1,0.025900000,2031,114194914979119,114194915878998
916,9.160000000,triangle_f1,0.025760000,2031,114194925050443,114194925870434
917,9.170000000,triangle_f1,0.025620000,2031,114194934977090,114194935861985
918,9.180000000,triangle_f1,0.025480000,2031,114194945045198,114194945874055
919,9.190000000,triangle_f1,0.025340000,2031,114194955053535,114194955860976
920,9.200000000,triangle_f1,0.025200000,2032,114194964997426,114194965893355
921,9.210000000,triangle_f1,0.025060000,2032,114194975041695,114194975869717
922,9.220000000,triangle_f1,0.024920000,2032,114194984991995,114194985851006
923,9.230000000,triangle_f1,0.024780000,2032,114194995045746,114194995883050
924,9.240000000,triangle_f1,0.024640000,2032,114195004980033,114195005886689
925,9.250000000,triangle_f1,0.024500000,2032,114195014984653,114195015879106
926,9.260000000,triangle_f1,0.024360000,2032,114195025039798,114195025880012
927,9.270000000,triangle_f1,0.024220000,2032,114195034971029,114195035873207
928,9.280000000,triangle_f1,0.024080000,2032,114195045043755,114195045882162
929,9.290000000,triangle_f1,0.023940000,2032,114195055042988,114195055868659
930,9.300000000,triangle_f1,0.023800000,2032,114195064996605,114195065912735
931,9.310000000,triangle_f1,0.023660000,2033,114195075045710,114195075873034
932,9.320000000,triangle_f1,0.023520000,2033,114195084994505,114195085851537
933,9.330000000,triangle_f1,0.023380000,2033,114195095055755,114195095879158
934,9.340000000,triangle_f1,0.023240000,2033,114195104977448,114195105888492
935,9.350000000,triangle_f1,0.023100000,2033,114195114979408,114195115886715
936,9.360000000,triangle_f1,0.022960000,2033,114195125044778,114195125871919
937,9.370000000,triangle_f1,0.022820000,2033,114195134979018,114195135862592
938,9.380000000,triangle_f1,0.022680000,2033,114195144968385,114195145856658
939,9.390000000,triangle_f1,0.022540000,2033,114195154988759,114195155859364
940,9.400000000,triangle_f1,0.022400000,2033,114195164983229,114195165886555
941,9.410000000,triangle_f1,0.022260000,2033,114195175047689,114195175874491
942,9.420000000,triangle_f1,0.022120000,2034,114195184989705,114195185838867
943,9.430000000,triangle_f1,0.021980000,2034,114195195051640,114195195877031
944,9.440000000,triangle_f1,0.021840000,2034,114195204971422,114195205885221
945,9.450000000,triangle_f1,0.021700000,2034,114195214987631,114195215884309
946,9.460000000,triangle_f1,0.021560000,2034,114195225057734,114195225853098
947,9.470000000,triangle_f1,0.021420000,2034,114195235053286,114195235833925
948,9.480000000,triangle_f1,0.021280000,2034,114195244969995,114195245845300
949,9.490000000,triangle_f1,0.021140000,2034,114195254982385,114195255837884
950,9.500000000,triangle_f1,0.021000000,2034,114195264980824,114195265848456
951,9.510000000,triangle_f1,0.020860000,2034,114195274985198,114195275850635
952,9.520000000,triangle_f1,0.020720000,2034,114195284983156,114195285834564
953,9.530000000,triangle_f1,0.020580000,2035,114195294968951,114195295846213
954,9.540000000,triangle_f1,0.020440000,2035,114195304970886,114195305844742
955,9.550000000,triangle_f1,0.020300000,2035,114195314986912,114195315854318
956,9.560000000,triangle_f1,0.020160000,2035,114195325054499,114195325843280
957,9.570000000,triangle_f1,0.020020000,2035,114195334986314,114195335835153
958,9.580000000,triangle_f1,0.019880000,2035,114195345041006,114195345847519
959,9.590000000,triangle_f1,0.019740000,2035,114195355043189,114195355842785
960,9.600000000,triangle_f1,0.019600000,2035,114195364985923,114195365862469
961,9.610000000,triangle_f1,0.019460000,2035,114195375041696,114195375849477
962,9.620000000,triangle_f1,0.019320000,2035,114195384973864,114195385833291
963,9.630000000,triangle_f1,0.019180000,2035,114195395045723,114195395846493
964,9.640000000,triangle_f1,0.019040000,2036,114195404993303,114195405844374
965,9.650000000,triangle_f1,0.018900000,2036,114195414980912,114195415856344
966,9.660000000,triangle_f1,0.018760000,2036,114195425044937,114195425849395
967,9.670000000,triangle_f1,0.018620000,2036,114195434981968,114195435841789
968,9.680000000,triangle_f1,0.018480000,2036,114195445043697,114195445864400
969,9.690000000,triangle_f1,0.018340000,2036,114195455042616,114195455845107
970,9.700000000,triangle_f1,0.018200000,2036,114195464997536,114195465882427
971,9.710000000,triangle_f1,0.018060000,2036,114195475051584,114195475852505
972,9.720000000,triangle_f1,0.017920000,2036,114195484993237,114195485834216
973,9.730000000,triangle_f1,0.017780000,2036,114195495049005,114195495849098
974,9.740000000,triangle_f1,0.017640000,2037,114195505046112,114195505862121
975,9.750000000,triangle_f1,0.017500000,2037,114195514980130,114195515872636
976,9.760000000,triangle_f1,0.017360000,2037,114195524992186,114195525846483
977,9.770000000,triangle_f1,0.017220000,2037,114195534991109,114195535833549
978,9.780000000,triangle_f1,0.017080000,2037,114195544970975,114195545844451
979,9.790000000,triangle_f1,0.016940000,2037,114195554989905,114195555843550
980,9.800000000,triangle_f1,0.016800000,2037,114195564985904,114195565850779
981,9.810000000,triangle_f1,0.016660000,2037,114195575047967,114195575847739
982,9.820000000,triangle_f1,0.016520000,2037,114195584973429,114195585814579
983,9.830000000,triangle_f1,0.016380000,2037,114195594966487,114195595824529
984,9.840000000,triangle_f1,0.016240000,2037,114195604988073,114195605823279
985,9.850000000,triangle_f1,0.016100000,2038,114195614978890,114195615842754
986,9.860000000,triangle_f1,0.015960000,2038,114195625045128,114195625829000
987,9.870000000,triangle_f1,0.015820000,2038,114195634978722,114195635811562
988,9.880000000,triangle_f1,0.015680000,2038,114195645046928,114195645840310
989,9.890000000,triangle_f1,0.015540000,2038,114195655042520,114195655822452
990,9.900000000,triangle_f1,0.015400000,2038,114195664986232,114195665857562
991,9.910000000,triangle_f1,0.015260000,2038,114195675050767,114195675796751
992,9.920000000,triangle_f1,0.015120000,2038,114195684984262,114195685814289
993,9.930000000,triangle_f1,0.014980000,2038,114195694968712,114195695817301
994,9.940000000,triangle_f1,0.014840000,2038,114195704979992,114195705819687
995,9.950000000,triangle_f1,0.014700000,2038,114195714984798,114195715849490
996,9.960000000,triangle_f1,0.014560000,2039,114195725043839,114195725830093
997,9.970000000,triangle_f1,0.014420000,2039,114195734972797,114195735815978
998,9.980000000,triangle_f1,0.014280000,2039,114195744971046,114195745817216
999,9.990000000,triangle_f1,0.014140000,2039,114195755041496,114195755822899
1000,10.000000000,triangle_f1,0.014000000,2039,114195764981259,114195765838056
1001,10.010000000,triangle_f1,0.013860000,2039,114195775048801,114195775829836
1002,10.020000000,triangle_f1,0.013720000,2039,114195784981643,114195785817390
1003,10.030000000,triangle_f1,0.013580000,2039,114195794964513,114195795821664
1004,10.040000000,triangle_f1,0.013440000,2039,114195804987362,114195805815253
1005,10.050000000,triangle_f1,0.013300000,2039,114195814977632,114195815837607
1006,10.060000000,triangle_f1,0.013160000,2039,114195824987430,114195825823447
1007,10.070000000,triangle_f1,0.013020000,2040,114195834977778,114195835818064
1008,10.080000000,triangle_f1,0.012880000,2040,114195844986989,114195845843561
1009,10.090000000,triangle_f1,0.012740000,2040,114195854988330,114195855824831
1010,10.100000000,triangle_f1,0.012600000,2040,114195864989495,114195865850167
1011,10.110000000,triangle_f1,0.012460000,2040,114195875044066,114195875829801
1012,10.120000000,triangle_f1,0.012320000,2040,114195884979302,114195885812355
1013,10.130000000,triangle_f1,0.012180000,2040,114195894968161,114195895825868
1014,10.140000000,triangle_f1,0.012040000,2040,114195905039234,114195905848463
1015,10.150000000,triangle_f1,0.011900000,2040,114195914980422,114195915849663
1016,10.160000000,triangle_f1,0.011760000,2040,114195924987940,114195925825838
1017,10.170000000,triangle_f1,0.011620000,2040,114195934986771,114195935816128
1018,10.180000000,triangle_f1,0.011480000,2041,114195944968643,114195945824385
1019,10.190000000,triangle_f1,0.011340000,2041,114195954987401,114195955820933
1020,10.200000000,triangle_f1,0.011200000,2041,114195964982252,114195965842608
1021,10.210000000,triangle_f1,0.011060000,2041,114195975044455,114195975832161
1022,10.220000000,triangle_f1,0.010920000,2041,114195984983092,114195985825917
1023,10.230000000,triangle_f1,0.010780000,2041,114195995052010,114195995836611
1024,10.240000000,triangle_f1,0.010640000,2041,114196005041876,114196005847785
1025,10.250000000,triangle_f1,0.010500000,2041,114196014982328,114196015838132
1026,10.260000000,triangle_f1,0.010360000,2041,114196025051240,114196025809523
1027,10.270000000,triangle_f1,0.010220000,2041,114196034981974,114196035813518
1028,10.280000000,triangle_f1,0.010080000,2041,114196045044484,114196045885992
1029,10.290000000,triangle_f1,0.009940000,2042,114196054967973,114196055806871
1030,10.300000000,triangle_f1,0.009800000,2042,114196064966046,114196065831186
1031,10.310000000,triangle_f1,0.009660000,2042,114196074969798,114196075810431
1032,10.320000000,triangle_f1,0.009520000,2042,114196084967006,114196085808231
1033,10.330000000,triangle_f1,0.009380000,2042,114196094973989,114196095820048
1034,10.340000000,triangle_f1,0.009240000,2042,114196104973362,114196105805548
1035,10.350000000,triangle_f1,0.009100000,2042,114196114968432,114196115824303
1036,10.360000000,triangle_f1,0.008960000,2042,114196124971376,114196125816054
1037,10.370000000,triangle_f1,0.008820000,2042,114196134968961,114196135805888
1038,10.380000000,triangle_f1,0.008680000,2042,114196144966827,114196145815924
1039,10.390000000,triangle_f1,0.008540000,2042,114196154965658,114196155797029
1040,10.400000000,triangle_f1,0.008400000,2043,114196164980107,114196165808140
1041,10.410000000,triangle_f1,0.008260000,2043,114196175048199,114196175828762
1042,10.420000000,triangle_f1,0.008120000,2043,114196184986071,114196185815889
1043,10.430000000,triangle_f1,0.007980000,2043,114196195042248,114196195821446
1044,10.440000000,triangle_f1,0.007840000,2043,114196205053537,114196205828947
1045,10.450000000,triangle_f1,0.007700000,2043,114196214978795,114196215817055
1046,10.460000000,triangle_f1,0.007560000,2043,114196225051684,114196225811015
1047,10.470000000,triangle_f1,0.007420000,2043,114196234984399,114196235805378
1048,10.480000000,triangle_f1,0.007280000,2043,114196245041414,114196245824709
1049,10.490000000,triangle_f1,0.007140000,2043,114196255044599,114196255803251
1050,10.500000000,triangle_f1,0.007000000,2043,114196264999638,114196265817478
1051,10.510000000,triangle_f1,0.006860000,2044,114196275013824,114196275808211
1052,10.520000000,triangle_f1,0.006720000,2044,114196284982589,114196285795448
1053,10.530000000,triangle_f1,0.006580000,2044,114196295040461,114196295808407
1054,10.540000000,triangle_f1,0.006440000,2044,114196305040523,114196305803243
1055,10.550000000,triangle_f1,0.006300000,2044,114196314981634,114196315816053
1056,10.560000000,triangle_f1,0.006160000,2044,114196325039684,114196325801627
1057,10.570000000,triangle_f1,0.006020000,2044,114196335052031,114196335789175
1058,10.580000000,triangle_f1,0.005880000,2044,114196344983574,114196345813035
1059,10.590000000,triangle_f1,0.005740000,2044,114196354978120,114196355798844
1060,10.600000000,triangle_f1,0.005600000,2044,114196364983762,114196365810601
1061,10.610000000,triangle_f1,0.005460000,2044,114196374987837,114196375798140
1062,10.620000000,triangle_f1,0.005320000,2045,114196384992827,114196385796232
1063,10.630000000,triangle_f1,0.005180000,2045,114196394968485,114196395797209
1064,10.640000000,triangle_f1,0.005040000,2045,114196404987382,114196405802606
1065,10.650000000,triangle_f1,0.004900000,2045,114196414974903,114196415824642
1066,10.660000000,triangle_f1,0.004760000,2045,114196425047622,114196425812755
1067,10.670000000,triangle_f1,0.004620000,2045,114196434976645,114196435773280
1068,10.680000000,triangle_f1,0.004480000,2045,114196445041044,114196445808448
1069,10.690000000,triangle_f1,0.004340000,2045,114196455055255,114196455803351
1070,10.700000000,triangle_f1,0.004200000,2045,114196464996788,114196465820008
1071,10.710000000,triangle_f1,0.004060000,2045,114196475043411,114196475792965
1072,10.720000000,triangle_f1,0.003920000,2045,114196484983922,114196485782421
1073,10.730000000,triangle_f1,0.003780000,2046,114196495044064,114196495792458
1074,10.740000000,triangle_f1,0.003640000,2046,114196505045183,114196505784745
1075,10.750000000,triangle_f1,0.003500000,2046,114196514979570,114196515816829
1076,10.760000000,triangle_f1,0.003360000,2046,114196525049042,114196525787354
1077,10.770000000,triangle_f1,0.003220000,2046,114196534995756,114196535772046
1078,10.780000000,triangle_f1,0.003080000,2046,114196545039062,114196545790636
1079,10.790000000,triangle_f1,0.002940000,2046,114196555041640,114196555785751
1080,10.800000000,triangle_f1,0.002800000,2046,114196564998354,114196565816237
1081,10.810000000,triangle_f1,0.002660000,2046,114196575051282,114196575784732
1082,10.820000000,triangle_f1,0.002520000,2046,114196585046543,114196585773351
1083,10.830000000,triangle_f1,0.002380000,2046,114196595053284,114196595789032
1084,10.840000000,triangle_f1,0.002240000,2047,114196605051859,114196605783493
1085,10.850000000,triangle_f1,0.002100000,2047,114196614973787,114196615793119
1086,10.860000000,triangle_f1,0.001960000,2047,114196625042134,114196625790485
1087,10.870000000,triangle_f1,0.001820000,2047,114196634988500,114196635767928
1088,10.880000000,triangle_f1,0.001680000,2047,114196645042075,114196645791528
1089,10.890000000,triangle_f1,0.001540000,2047,114196655042560,114196655779795
1090,10.900000000,triangle_f1,0.001400000,2047,114196664979960,114196665796722
1091,10.910000000,triangle_f1,0.001260000,2047,114196674989050,114196675786079
1092,10.920000000,triangle_f1,0.001120000,2047,114196684978917,114196685771089
1093,10.930000000,triangle_f1,0.000980000,2047,114196694985969,114196695791004
1094,10.940000000,triangle_f1,0.000840000,2047,114196704970170,114196705770850
1095,10.950000000,triangle_f1,0.000700000,2048,114196714967418,114196715773117
1096,10.960000000,triangle_f1,0.000560000,2048,114196725066245,114196725759394
1097,10.970000000,triangle_f1,0.000420000,2048,114196734977150,114196735759534
1098,10.980000000,triangle_f1,0.000280000,2048,114196744966624,114196745750634
1099,10.990000000,triangle_f1,0.000140000,2048,114196754976901,114196755764089
1100,11.000000000,triangle_f1,0.000000000,2048,114196764971662,114196765778397
1101,11.010000000,triangle_f1,-0.000140000,2048,114196774968911,114196775768399
1102,11.020000000,triangle_f1,-0.000280000,2048,114196784988726,114196785763249
1103,11.030000000,triangle_f1,-0.000420000,2048,114196794967970,114196795787103
1104,11.040000000,triangle_f1,-0.000560000,2048,114196805062016,114196805781417
1105,11.050000000,triangle_f1,-0.000700000,2048,114196814978408,114196815777915
1106,11.060000000,triangle_f1,-0.000840000,2049,114196824973737,114196825793126
1107,11.070000000,triangle_f1,-0.000980000,2049,114196834970623,114196835781214
1108,11.080000000,triangle_f1,-0.001120000,2049,114196844972501,114196845798053
1109,11.090000000,triangle_f1,-0.001260000,2049,114196854969398,114196855760442
1110,11.100000000,triangle_f1,-0.001400000,2049,114196864966377,114196865773763
1111,11.110000000,triangle_f1,-0.001540000,2049,114196874968997,114196875788264
1112,11.120000000,triangle_f1,-0.001680000,2049,114196884967467,114196885773004
1113,11.130000000,triangle_f1,-0.001820000,2049,114196894967804,114196895769270
1114,11.140000000,triangle_f1,-0.001960000,2049,114196904968152,114196905788977
1115,11.150000000,triangle_f1,-0.002100000,2049,114196914989181,114196915787770
1116,11.160000000,triangle_f1,-0.002240000,2049,114196924970447,114196925779146
1117,11.170000000,triangle_f1,-0.002380000,2050,114196934969554,114196935765842
1118,11.180000000,triangle_f1,-0.002520000,2050,114196944967162,114196945768434
1119,11.190000000,triangle_f1,-0.002660000,2050,114196954968500,114196955786111
1120,11.200000000,triangle_f1,-0.002800000,2050,114196964968409,114196965791835
1121,11.210000000,triangle_f1,-0.002940000,2050,114196974967149,114196975768876
1122,11.220000000,triangle_f1,-0.003080000,2050,114196984966784,114196985769557
1123,11.230000000,triangle_f1,-0.003220000,2050,114196994967147,114196995775346
1124,11.240000000,triangle_f1,-0.003360000,2050,114197004968786,114197005758620
1125,11.250000000,triangle_f1,-0.003500000,2050,114197014965300,114197015793691
1126,11.260000000,triangle_f1,-0.003640000,2050,114197024964993,114197025764628
1127,11.270000000,triangle_f1,-0.003780000,2050,114197034990894,114197035789250
1128,11.280000000,triangle_f1,-0.003920000,2051,114197044974696,114197045783212
1129,11.290000000,triangle_f1,-0.004060000,2051,114197054983847,114197055809981
1130,11.300000000,triangle_f1,-0.004200000,2051,114197064968982,114197065785071
1131,11.310000000,triangle_f1,-0.004340000,2051,114197074979379,114197075765420
1132,11.320000000,triangle_f1,-0.004480000,2051,114197084974961,114197085757867
1133,11.330000000,triangle_f1,-0.004620000,2051,114197094971909,114197095778511
1134,11.340000000,triangle_f1,-0.004760000,2051,114197104980715,114197105754498
1135,11.350000000,triangle_f1,-0.004900000,2051,114197114968044,114197115797261
1136,11.360000000,triangle_f1,-0.005040000,2051,114197124972020,114197125768739
1137,11.370000000,triangle_f1,-0.005180000,2051,114197134976037,114197135776260
1138,11.380000000,triangle_f1,-0.005320000,2051,114197144979732,114197145782414
1139,11.390000000,triangle_f1,-0.005460000,2052,114197154970884,114197155763147
1140,11.400000000,triangle_f1,-0.005600000,2052,114197164970763,114197165789846
1141,11.410000000,triangle_f1,-0.005740000,2052,114197174973433,114197175767887
1142,11.420000000,triangle_f1,-0.005880000,2052,114197184963996,114197185777054
1143,11.430000000,triangle_f1,-0.006020000,2052,114197194979315,114197195783620
1144,11.440000000,triangle_f1,-0.006160000,2052,114197204972143,114197205761405
1145,11.450000000,triangle_f1,-0.006300000,2052,114197214967303,114197215811232
1146,11.460000000,triangle_f1,-0.006440000,2052,114197224970913,114197225768988
1147,11.470000000,triangle_f1,-0.006580000,2052,114197234972238,114197235755018
1148,11.480000000,triangle_f1,-0.006720000,2052,114197244978025,114197245776841
1149,11.490000000,triangle_f1,-0.006860000,2052,114197254977476,114197255767235
1150,11.500000000,triangle_f1,-0.007000000,2053,114197264984919,114197265755967
1151,11.510000000,triangle_f1,-0.007140000,2053,114197274974674,114197275738361
1152,11.520000000,triangle_f1,-0.007280000,2053,114197284970269,114197285735819
1153,11.530000000,triangle_f1,-0.007420000,2053,114197294971123,114197295753115
1154,11.540000000,triangle_f1,-0.007560000,2053,114197304975948,114197305743649
1155,11.550000000,triangle_f1,-0.007700000,2053,114197314970068,114197315772049
1156,11.560000000,triangle_f1,-0.007840000,2053,114197324934703,114197325759738
1157,11.570000000,triangle_f1,-0.007980000,2053,114197334986673,114197335778276
1158,11.580000000,triangle_f1,-0.008120000,2053,114197344973574,114197345760128
1159,11.590000000,triangle_f1,-0.008260000,2053,114197354968549,114197355781682
1160,11.600000000,triangle_f1,-0.008400000,2053,114197364980081,114197365766052
1161,11.610000000,triangle_f1,-0.008540000,2054,114197374981632,114197375750623
1162,11.620000000,triangle_f1,-0.008680000,2054,114197384976752,114197385738388
1163,11.630000000,triangle_f1,-0.008820000,2054,114197394977625,114197395760200
1164,11.640000000,triangle_f1,-0.008960000,2054,114197404967125,114197405734231
1165,11.650000000,triangle_f1,-0.009100000,2054,114197414967528,114197415750312
1166,11.660000000,triangle_f1,-0.009240000,2054,114197424976612,114197425749988
1167,11.670000000,triangle_f1,-0.009380000,2054,114197434974993,114197435746072
1168,11.680000000,triangle_f1,-0.009520000,2054,114197444981371,114197445753383
1169,11.690000000,triangle_f1,-0.009660000,2054,114197454974239,114197455736319
1170,11.700000000,triangle_f1,-0.009800000,2054,114197464966553,114197465749110
1171,11.710000000,triangle_f1,-0.009940000,2054,114197474984512,114197475747100
1172,11.720000000,triangle_f1,-0.010080000,2055,114197484974295,114197485752190
1173,11.730000000,triangle_f1,-0.010220000,2055,114197494977452,114197495765327
1174,11.740000000,triangle_f1,-0.010360000,2055,114197504964470,114197505738964
1175,11.750000000,triangle_f1,-0.010500000,2055,114197514967946,114197515748646
1176,11.760000000,triangle_f1,-0.010640000,2055,114197524974072,114197525749712
1177,11.770000000,triangle_f1,-0.010780000,2055,114197534970816,114197535763451
1178,11.780000000,triangle_f1,-0.010920000,2055,114197544979124,114197545758327
1179,11.790000000,triangle_f1,-0.011060000,2055,114197554974392,114197555734626
1180,11.800000000,triangle_f1,-0.011200000,2055,114197564966639,114197565750521
1181,11.810000000,triangle_f1,-0.011340000,2055,114197574975668,114197575750453
1182,11.820000000,triangle_f1,-0.011480000,2055,114197584974482,114197585745663
1183,11.830000000,triangle_f1,-0.011620000,2056,114197594979697,114197595752371
1184,11.840000000,triangle_f1,-0.011760000,2056,114197604968712,114197605736144
1185,11.850000000,triangle_f1,-0.011900000,2056,114197614969873,114197615760933
1186,11.860000000,triangle_f1,-0.012040000,2056,114197624975667,114197625746331
1187,11.870000000,triangle_f1,-0.012180000,2056,114197634976651,114197635734946
1188,11.880000000,triangle_f1,-0.012320000,2056,114197644978050,114197645751077
1189,11.890000000,triangle_f1,-0.012460000,2056,114197654982183,114197655736454
1190,11.900000000,triangle_f1,-0.012600000,2056,114197664968561,114197665724395
1191,11.910000000,triangle_f1,-0.012740000,2056,114197674976071,114197675727933
1192,11.920000000,triangle_f1,-0.012880000,2056,114197684977809,114197685733376
1193,11.930000000,triangle_f1,-0.013020000,2056,114197694976222,114197695737238
1194,11.940000000,triangle_f1,-0.013160000,2057,114197704953248,114197705716732
1195,11.950000000,triangle_f1,-0.013300000,2057,114197714968410,114197715825266
1196,11.960000000,triangle_f1,-0.013440000,2057,114197724977815,114197725731247
1197,11.970000000,triangle_f1,-0.013580000,2057,114197734972168,114197735743754
1198,11.980000000,triangle_f1,-0.013720000,2057,114197744978540,114197745733758
1199,11.990000000,triangle_f1,-0.013860000,2057,114197754985883,114197755716953
1200,12.000000000,triangle_f1,-0.014000000,2057,114197764993089,114197765740370
1201,12.010000000,triangle_f1,-0.014140000,2057,114197774976635,114197775743262
1202,12.020000000,triangle_f1,-0.014280000,2057,114197784978071,114197785715775
1203,12.030000000,triangle_f1,-0.014420000,2057,114197794978610,114197795731759
1204,12.040000000,triangle_f1,-0.014560000,2057,114197804982805,114197805711031
1205,12.050000000,triangle_f1,-0.014700000,2058,114197814970073,114197815722301
1206,12.060000000,triangle_f1,-0.014840000,2058,114197824975771,114197825722490
1207,12.070000000,triangle_f1,-0.014980000,2058,114197834978132,114197835721315
1208,12.080000000,triangle_f1,-0.015120000,2058,114197844979527,114197845743718
1209,12.090000000,triangle_f1,-0.015260000,2058,114197854980683,114197855711608
1210,12.100000000,triangle_f1,-0.015400000,2058,114197864969338,114197865732624
1211,12.110000000,triangle_f1,-0.015540000,2058,114197874983726,114197875723782
1212,12.120000000,triangle_f1,-0.015680000,2058,114197884981581,114197885713305
1213,12.130000000,triangle_f1,-0.015820000,2058,114197894975886,114197895735256
1214,12.140000000,triangle_f1,-0.015960000,2058,114197904976662,114197905733803
1215,12.150000000,triangle_f1,-0.016100000,2058,114197914968239,114197915735411
1216,12.160000000,triangle_f1,-0.016240000,2059,114197924983980,114197925727805
1217,12.170000000,triangle_f1,-0.016380000,2059,114197934974473,114197935727766
1218,12.180000000,triangle_f1,-0.016520000,2059,114197944972782,114197945738786
1219,12.190000000,triangle_f1,-0.016660000,2059,114197954986425,114197955718404
1220,12.200000000,triangle_f1,-0.016800000,2059,114197964970122,114197965735513
1221,12.210000000,triangle_f1,-0.016940000,2059,114197974976578,114197975729125
1222,12.220000000,triangle_f1,-0.017080000,2059,114197984965432,114197985713945
1223,12.230000000,triangle_f1,-0.017220000,2059,114197994967203,114197995726987
1224,12.240000000,triangle_f1,-0.017360000,2059,114198004966480,114198005711653
1225,12.250000000,triangle_f1,-0.017500000,2059,114198014966603,114198015729225
1226,12.260000000,triangle_f1,-0.017640000,2059,114198024967131,114198025719071
1227,12.270000000,triangle_f1,-0.017780000,2060,114198034966442,114198035712963
1228,12.280000000,triangle_f1,-0.017920000,2060,114198044969862,114198045730135
1229,12.290000000,triangle_f1,-0.018060000,2060,114198054966789,114198055707488
1230,12.300000000,triangle_f1,-0.018200000,2060,114198064965770,114198065718924
1231,12.310000000,triangle_f1,-0.018340000,2060,114198074966914,114198075726831
1232,12.320000000,triangle_f1,-0.018480000,2060,114198084967262,114198085700140
1233,12.330000000,triangle_f1,-0.018620000,2060,114198094966132,114198095769241
1234,12.340000000,triangle_f1,-0.018760000,2060,114198104966528,114198105708942
1235,12.350000000,triangle_f1,-0.018900000,2060,114198114966655,114198115712519
1236,12.360000000,triangle_f1,-0.019040000,2060,114198124967964,114198125699595
1237,12.370000000,triangle_f1,-0.019180000,2061,114198134966049,114198135695831
1238,12.380000000,triangle_f1,-0.019320000,2061,114198144978883,114198145712288
1239,12.390000000,triangle_f1,-0.019460000,2061,114198154975532,114198155699581
1240,12.400000000,triangle_f1,-0.019600000,2061,114198164970888,114198165713217
1241,12.410000000,triangle_f1,-0.019740000,2061,114198174980600,114198175710483
1242,12.420000000,triangle_f1,-0.019880000,2061,114198184970449,114198185689614
1243,12.430000000,triangle_f1,-0.020020000,2061,114198194976741,114198195707320
1244,12.440000000,triangle_f1,-0.020160000,2061,114198204970425,114198205711328
1245,12.450000000,triangle_f1,-0.020300000,2061,114198214967853,114198215716936
1246,12.460000000,triangle_f1,-0.020440000,2061,114198224974415,114198225706837
1247,12.470000000,triangle_f1,-0.020580000,2061,114198234968092,114198235692712
1248,12.480000000,triangle_f1,-0.020720000,2062,114198244978569,114198245710787
1249,12.490000000,triangle_f1,-0.020860000,2062,114198254968542,114198255707651
1250,12.500000000,triangle_f1,-0.021000000,2062,114198264969137,114198265706666
1251,12.510000000,triangle_f1,-0.021140000,2062,114198274968648,114198275704014
1252,12.520000000,triangle_f1,-0.021280000,2062,114198284967782,114198285707468
1253,12.530000000,triangle_f1,-0.021420000,2062,114198294968781,114198295716658
1254,12.540000000,triangle_f1,-0.021560000,2062,114198304971906,114198305688838
1255,12.550000000,triangle_f1,-0.021700000,2062,114198314966303,114198315706321
1256,12.560000000,triangle_f1,-0.021840000,2062,114198324970567,114198325700911
1257,12.570000000,triangle_f1,-0.021980000,2062,114198334967000,114198335728718
1258,12.580000000,triangle_f1,-0.022120000,2062,114198344967253,114198345704553
1259,12.590000000,triangle_f1,-0.022260000,2063,114198354967040,114198355686985
1260,12.600000000,triangle_f1,-0.022400000,2063,114198364967131,114198365698443
1261,12.610000000,triangle_f1,-0.022540000,2063,114198374965743,114198375691595
1262,12.620000000,triangle_f1,-0.022680000,2063,114198384987167,114198385702140
1263,12.630000000,triangle_f1,-0.022820000,2063,114198394968850,114198395703951
1264,12.640000000,triangle_f1,-0.022960000,2063,114198404974045,114198405678937
1265,12.650000000,triangle_f1,-0.023100000,2063,114198414977248,114198415726900
1266,12.660000000,triangle_f1,-0.023240000,2063,114198424968998,114198425687968
1267,12.670000000,triangle_f1,-0.023380000,2063,114198434977095,114198435685795
1268,12.680000000,triangle_f1,-0.023520000,2063,114198444972389,114198445703158
1269,12.690000000,triangle_f1,-0.023660000,2063,114198454976898,114198455681587
1270,12.700000000,triangle_f1,-0.023800000,2064,114198464986349,114198465696177
1271,12.710000000,triangle_f1,-0.023940000,2064,114198474970047,114198475691859
1272,12.720000000,triangle_f1,-0.024080000,2064,114198484979741,114198485690640
1273,12.730000000,triangle_f1,-0.024220000,2064,114198494968307,114198495663665
1274,12.740000000,triangle_f1,-0.024360000,2064,114198504972295,114198505679669
1275,12.750000000,triangle_f1,-0.024500000,2064,114198514981891,114198515675496
1276,12.760000000,triangle_f1,-0.024640000,2064,114198524967990,114198525674783
1277,12.770000000,triangle_f1,-0.024780000,2064,114198534979446,114198535687976
1278,12.780000000,triangle_f1,-0.024920000,2064,114198544967928,114198545678150
1279,12.790000000,triangle_f1,-0.025060000,2064,114198554977321,114198555679510
1280,12.800000000,triangle_f1,-0.025200000,2064,114198564982250,114198565675638
1281,12.810000000,triangle_f1,-0.025340000,2065,114198574968121,114198575669790
1282,12.820000000,triangle_f1,-0.025480000,2065,114198584980102,114198585665763
1283,12.830000000,triangle_f1,-0.025620000,2065,114198594969284,114198595695683
1284,12.840000000,triangle_f1,-0.025760000,2065,114198604978105,114198605665876
1285,12.850000000,triangle_f1,-0.025900000,2065,114198614976848,114198615705724
1286,12.860000000,triangle_f1,-0.026040000,2065,114198624974394,114198625685117
1287,12.870000000,triangle_f1,-0.026180000,2065,114198634981047,114198635677861
1288,12.880000000,triangle_f1,-0.026320000,2065,114198644969586,114198645673059
1289,12.890000000,triangle_f1,-0.026460000,2065,114198654982506,114198655657893
1290,12.900000000,triangle_f1,-0.026600000,2065,114198664984238,114198665676477
1291,12.910000000,triangle_f1,-0.026740000,2065,114198674967685,114198675670100
1292,12.920000000,triangle_f1,-0.026880000,2066,114198684972512,114198685669510
1293,12.930000000,triangle_f1,-0.027020000,2066,114198694966687,114198695683830
1294,12.940000000,triangle_f1,-0.027160000,2066,114198704972208,114198705661684
1295,12.950000000,triangle_f1,-0.027300000,2066,114198714976076,114198715674760
1296,12.960000000,triangle_f1,-0.027440000,2066,114198724968059,114198725670621
1297,12.970000000,triangle_f1,-0.027580000,2066,114198734982260,114198735671137
1298,12.980000000,triangle_f1,-0.027720000,2066,114198744968355,114198745680090
1299,12.990000000,triangle_f1,-0.027860000,2066,114198754981745,114198755670674
1300,13.000000000,triangle_f1,-0.028000000,2066,114198764981490,114198765686998
1301,13.010000000,triangle_f1,-0.028140000,2066,114198774968573,114198775672798
1302,13.020000000,triangle_f1,-0.028280000,2066,114198784978386,114198785671774
1303,13.030000000,triangle_f1,-0.028420000,2067,114198794970116,114198795681735
1304,13.040000000,triangle_f1,-0.028560000,2067,114198804979328,114198805667259
1305,13.050000000,triangle_f1,-0.028700000,2067,114198814979116,114198815691452
1306,13.060000000,triangle_f1,-0.028840000,2067,114198824970402,114198825671636
1307,13.070000000,triangle_f1,-0.028980000,2067,114198834981642,114198835675883
1308,13.080000000,triangle_f1,-0.029120000,2067,114198844967512,114198845682091
1309,13.090000000,triangle_f1,-0.029260000,2067,114198854979093,114198855657857
1310,13.100000000,triangle_f1,-0.029400000,2067,114198864980869,114198865673952
1311,13.110000000,triangle_f1,-0.029540000,2067,114198874968591,114198875671121
1312,13.120000000,triangle_f1,-0.029680000,2067,114198884980350,114198885667987
1313,13.130000000,triangle_f1,-0.029820000,2067,114198894967746,114198895657879
1314,13.140000000,triangle_f1,-0.029960000,2068,114198904979424,114198905659152
1315,13.150000000,triangle_f1,-0.030100000,2068,114198914979404,114198915670385
1316,13.160000000,triangle_f1,-0.030240000,2068,114198924969647,114198925658346
1317,13.170000000,triangle_f1,-0.030380000,2068,114198934980423,114198935647999
1318,13.180000000,triangle_f1,-0.030520000,2068,114198944969113,114198945675185
1319,13.190000000,triangle_f1,-0.030660000,2068,114198954981082,114198955643817
1320,13.200000000,triangle_f1,-0.030800000,2068,114198964985587,114198965660079
1321,13.210000000,triangle_f1,-0.030940000,2068,114198974969048,114198975651830
1322,13.220000000,triangle_f1,-0.031080000,2068,114198984982887,114198985653264
1323,13.230000000,triangle_f1,-0.031220000,2068,114198994968719,114198995663110
1324,13.240000000,triangle_f1,-0.031360000,2068,114199004977952,114199005640758
1325,13.250000000,triangle_f1,-0.031500000,2069,114199014985254,114199015661439
1326,13.260000000,triangle_f1,-0.031640000,2069,114199024973400,114199025662749
1327,13.270000000,triangle_f1,-0.031780000,2069,114199034981430,114199035656479
1328,13.280000000,triangle_f1,-0.031920000,2069,114199044968626,114199045665909
1329,13.290000000,triangle_f1,-0.032060000,2069,114199054983266,114199055634650
1330,13.300000000,triangle_f1,-0.032200000,2069,114199064980982,114199065666046
1331,13.310000000,triangle_f1,-0.032340000,2069,114199074969138,114199075648643
1332,13.320000000,triangle_f1,-0.032480000,2069,114199084981378,114199085636282
1333,13.330000000,triangle_f1,-0.032620000,2069,114199094968214,114199095661365
1334,13.340000000,triangle_f1,-0.032760000,2069,114199104977358,114199105638949
1335,13.350000000,triangle_f1,-0.032900000,2069,114199114980587,114199115653526
1336,13.360000000,triangle_f1,-0.033040000,2070,114199124967756,114199125649233
1337,13.370000000,triangle_f1,-0.033180000,2070,114199134979308,114199135672727
1338,13.380000000,triangle_f1,-0.033320000,2070,114199144974506,114199145680056
1339,13.390000000,triangle_f1,-0.033460000,2070,114199154978174,114199155679363
1340,13.400000000,triangle_f1,-0.033600000,2070,114199164969789,114199165684314
1341,13.410000000,triangle_f1,-0.033740000,2070,114199174972660,114199175658604
1342,13.420000000,triangle_f1,-0.033880000,2070,114199184976325,114199185654545
1343,13.430000000,triangle_f1,-0.034020000,2070,114199194968493,114199195667589
1344,13.440000000,triangle_f1,-0.034160000,2070,114199204977198,114199205675461
1345,13.450000000,triangle_f1,-0.034300000,2070,114199214983396,114199215683344
1346,13.460000000,triangle_f1,-0.034440000,2070,114199224978187,114199225664705
1347,13.470000000,triangle_f1,-0.034580000,2071,114199234972927,114199235651421
1348,13.480000000,triangle_f1,-0.034720000,2071,114199244973902,114199245665078
1349,13.490000000,triangle_f1,-0.034860000,2071,114199254977302,114199255669977
1350,13.500000000,triangle_f1,-0.035000000,2071,114199264982202,114199265690916
1351,13.510000000,triangle_f1,-0.035140000,2071,114199274969515,114199275649976
1352,13.520000000,triangle_f1,-0.035280000,2071,114199284972100,114199285642582
1353,13.530000000,triangle_f1,-0.035420000,2071,114199294966083,114199295659950
1354,13.540000000,triangle_f1,-0.035560000,2071,114199304972544,114199305638971
1355,13.550000000,triangle_f1,-0.035700000,2071,114199314984007,114199315661045
1356,13.560000000,triangle_f1,-0.035840000,2071,114199324969411,114199325646560
1357,13.570000000,triangle_f1,-0.035980000,2071,114199334980332,114199335667909
1358,13.580000000,triangle_f1,-0.036120000,2072,114199344969779,114199345664984
1359,13.590000000,triangle_f1,-0.036260000,2072,114199354973960,114199355646063
1360,13.600000000,triangle_f1,-0.036400000,2072,114199364987163,114199365650648
1361,13.610000000,triangle_f1,-0.036540000,2072,114199374967654,114199375631348
1362,13.620000000,triangle_f1,-0.036680000,2072,114199384975153,114199385648582
1363,13.630000000,triangle_f1,-0.036820000,2072,114199394967425,114199395643356
1364,13.640000000,triangle_f1,-0.036960000,2072,114199404977096,114199405642067
1365,13.650000000,triangle_f1,-0.037100000,2072,114199414981732,114199415676025
1366,13.660000000,triangle_f1,-0.037240000,2072,114199424978517,114199425649710
1367,13.670000000,triangle_f1,-0.037380000,2072,114199434974155,114199435635752
1368,13.680000000,triangle_f1,-0.037520000,2072,114199444975968,114199445650753
1369,13.690000000,triangle_f1,-0.037660000,2073,114199454978134,114199455643522
1370,13.700000000,triangle_f1,-0.037800000,2073,114199464970750,114199465664446
1371,13.710000000,triangle_f1,-0.037940000,2073,114199474968351,114199475640720
1372,13.720000000,triangle_f1,-0.038080000,2073,114199484968564,114199485627468
1373,13.730000000,triangle_f1,-0.038220000,2073,114199494970408,114199495648023
1374,13.740000000,triangle_f1,-0.038360000,2073,114199504967060,114199505620001
1375,13.750000000,triangle_f1,-0.038500000,2073,114199514957240,114199515601344
1376,13.760000000,triangle_f1,-0.038640000,2073,114199524965798,114199525616155
1377,13.770000000,triangle_f1,-0.038780000,2073,114199534965816,114199535604784
1378,13.780000000,triangle_f1,-0.038920000,2073,114199544964874,114199545632965
1379,13.790000000,triangle_f1,-0.039060000,2073,114199554965325,114199555623143
1380,13.800000000,triangle_f1,-0.039200000,2074,114199564967275,114199565643479
1381,13.810000000,triangle_f1,-0.039340000,2074,114199574965269,114199575626896
1382,13.820000000,triangle_f1,-0.039480000,2074,114199584964283,114199585619956
1383,13.830000000,triangle_f1,-0.039620000,2074,114199594965754,114199595632357
1384,13.840000000,triangle_f1,-0.039760000,2074,114199604965113,114199605621953
1385,13.850000000,triangle_f1,-0.039900000,2074,114199614976356,114199615705191
1386,13.860000000,triangle_f1,-0.040040000,2074,114199624969681,114199625650538
1387,13.870000000,triangle_f1,-0.040180000,2074,114199634975106,114199635651428
1388,13.880000000,triangle_f1,-0.040320000,2074,114199644974574,114199645653993
1389,13.890000000,triangle_f1,-0.040460000,2074,114199654974423,114199655647696
1390,13.900000000,triangle_f1,-0.040600000,2074,114199664993485,114199665654943
1391,13.910000000,triangle_f1,-0.040740000,2075,114199674975430,114199675648501
1392,13.920000000,triangle_f1,-0.040880000,2075,114199684984592,114199685653517
1393,13.930000000,triangle_f1,-0.041020000,2075,114199694979948,114199695653311
1394,13.940000000,triangle_f1,-0.041160000,2075,114199704980125,114199705683097
1395,13.950000000,triangle_f1,-0.041300000,2075,114199714991337,114199715674751
1396,13.960000000,triangle_f1,-0.041440000,2075,114199724975726,114199725644722
1397,13.970000000,triangle_f1,-0.041580000,2075,114199734978332,114199735625349
1398,13.980000000,triangle_f1,-0.041720000,2075,114199744966066,114199745644396
1399,13.990000000,triangle_f1,-0.041860000,2075,114199754979425,114199755658063
1400,14.000000000,triangle_f1,-0.042000000,2075,114199764982493,114199765675184
1401,14.010000000,triangle_f1,-0.042140000,2075,114199774986401,114199775651024
1402,14.020000000,triangle_f1,-0.042280000,2076,114199784981595,114199785614592
1403,14.030000000,triangle_f1,-0.042420000,2076,114199794976422,114199795640206
1404,14.040000000,triangle_f1,-0.042560000,2076,114199804973484,114199805619537
1405,14.050000000,triangle_f1,-0.042700000,2076,114199814997850,114199815644373
1406,14.060000000,triangle_f1,-0.042840000,2076,114199824989570,114199825632143
1407,14.070000000,triangle_f1,-0.042980000,2076,114199835024689,114199835640871
1408,14.080000000,triangle_f1,-0.043120000,2076,114199844978491,114199845629339
1409,14.090000000,triangle_f1,-0.043260000,2076,114199854976987,114199855626523
1410,14.100000000,triangle_f1,-0.043400000,2076,114199864978829,114199865659042
1411,14.110000000,triangle_f1,-0.043540000,2076,114199874975841,114199875621674
1412,14.120000000,triangle_f1,-0.043680000,2076,114199884981678,114199885607721
1413,14.130000000,triangle_f1,-0.043820000,2077,114199894976857,114199895631075
1414,14.140000000,triangle_f1,-0.043960000,2077,114199904976408,114199905619084
1415,14.150000000,triangle_f1,-0.044100000,2077,114199914988468,114199915625357
1416,14.160000000,triangle_f1,-0.044240000,2077,114199924968575,114199925621401
1417,14.170000000,triangle_f1,-0.044380000,2077,114199934981296,114199935613787
1418,14.180000000,triangle_f1,-0.044520000,2077,114199944967231,114199945635971
1419,14.190000000,triangle_f1,-0.044660000,2077,114199954971561,114199955614194
1420,14.200000000,triangle_f1,-0.044800000,2077,114199964989680,114199965661798
1421,14.210000000,triangle_f1,-0.044940000,2077,114199974981244,114199975644026
1422,14.220000000,triangle_f1,-0.045080000,2077,114199984973617,114199985634877
1423,14.230000000,triangle_f1,-0.045220000,2077,114199994979179,114199995634539
1424,14.240000000,triangle_f1,-0.045360000,2078,114200004974235,114200005627840
1425,14.250000000,triangle_f1,-0.045500000,2078,114200014980624,114200015662924
1426,14.260000000,triangle_f1,-0.045640000,2078,114200024975111,114200025624741
1427,14.270000000,triangle_f1,-0.045780000,2078,114200034974628,114200035616427
1428,14.280000000,triangle_f1,-0.045920000,2078,114200044972619,114200045628433
1429,14.290000000,triangle_f1,-0.046060000,2078,114200055036085,114200055615225
1430,14.300000000,triangle_f1,-0.046200000,2078,114200064990788,114200065635450
1431,14.310000000,triangle_f1,-0.046340000,2078,114200074981752,114200075639242
1432,14.320000000,triangle_f1,-0.046480000,2078,114200084980687,114200085628552
1433,14.330000000,triangle_f1,-0.046620000,2078,114200094975228,114200095630729
1434,14.340000000,triangle_f1,-0.046760000,2078,114200104975710,114200105614656
1435,14.350000000,triangle_f1,-0.046900000,2079,114200114984806,114200115624447
1436,14.360000000,triangle_f1,-0.047040000,2079,114200124975313,114200125625643
1437,14.370000000,triangle_f1,-0.047180000,2079,114200134980357,114200135620013
1438,14.380000000,triangle_f1,-0.047320000,2079,114200144974445,114200145630251
1439,14.390000000,triangle_f1,-0.047460000,2079,114200154970307,114200155614638
1440,14.400000000,triangle_f1,-0.047600000,2079,114200164975453,114200165657267
1441,14.410000000,triangle_f1,-0.047740000,2079,114200174969955,114200175605096
1442,14.420000000,triangle_f1,-0.047880000,2079,114200184976323,114200185595580
1443,14.430000000,triangle_f1,-0.048020000,2079,114200194969809,114200195606868
1444,14.440000000,triangle_f1,-0.048160000,2079,114200204983639,114200205587396
1445,14.450000000,triangle_f1,-0.048300000,2079,114200214983600,114200215623279
1446,14.460000000,triangle_f1,-0.048440000,2080,114200224974256,114200225602745
1447,14.470000000,triangle_f1,-0.048580000,2080,114200234975843,114200235594380
1448,14.480000000,triangle_f1,-0.048720000,2080,114200244971525,114200245613314
1449,14.490000000,triangle_f1,-0.048860000,2080,114200255045163,114200255594468
1450,14.500000000,triangle_f1,-0.049000000,2080,114200264985409,114200265595457
1451,14.510000000,triangle_f1,-0.049140000,2080,114200274973808,114200275606008
1452,14.520000000,triangle_f1,-0.049280000,2080,114200284970389,114200285598525
1453,14.530000000,triangle_f1,-0.049420000,2080,114200294968759,114200295609511
1454,14.540000000,triangle_f1,-0.049560000,2080,114200305048341,114200305599529
1455,14.550000000,triangle_f1,-0.049700000,2080,114200314986558,114200315604616
1456,14.560000000,triangle_f1,-0.049840000,2080,114200324973775,114200325601160
1457,14.570000000,triangle_f1,-0.049980000,2081,114200334979676,114200335589192
1458,14.580000000,triangle_f1,-0.050120000,2081,114200344974869,114200345596822
1459,14.590000000,triangle_f1,-0.050260000,2081,114200354974161,114200355613243
1460,14.600000000,triangle_f1,-0.050400000,2081,114200364986959,114200365617341
1461,14.610000000,triangle_f1,-0.050540000,2081,114200374969571,114200375602172
1462,14.620000000,triangle_f1,-0.050680000,2081,114200384967483,114200385595117
1463,14.630000000,triangle_f1,-0.050820000,2081,114200394969462,114200395603027
1464,14.640000000,triangle_f1,-0.050960000,2081,114200404968417,114200405590188
1465,14.650000000,triangle_f1,-0.051100000,2081,114200414966812,114200415619140
1466,14.660000000,triangle_f1,-0.051240000,2081,114200424967785,114200425604954
1467,14.670000000,triangle_f1,-0.051380000,2081,114200434969170,114200435602249
1468,14.680000000,triangle_f1,-0.051520000,2082,114200444967025,114200445600839
1469,14.690000000,triangle_f1,-0.051660000,2082,114200454970336,114200455608980
1470,14.700000000,triangle_f1,-0.051800000,2082,114200464965647,114200465604165
1471,14.710000000,triangle_f1,-0.051940000,2082,114200474968052,114200475597274
1472,14.720000000,triangle_f1,-0.052080000,2082,114200484967237,114200485590972
1473,14.730000000,triangle_f1,-0.052220000,2082,114200494966711,114200495605292
1474,14.740000000,triangle_f1,-0.052360000,2082,114200504967124,114200505593873
1475,14.750000000,triangle_f1,-0.052500000,2082,114200514966008,114200515605931
1476,14.760000000,triangle_f1,-0.052640000,2082,114200524966985,114200525592205
1477,14.770000000,triangle_f1,-0.052780000,2082,114200534966034,114200535584929
1478,14.780000000,triangle_f1,-0.052920000,2082,114200544967613,114200545595682
1479,14.790000000,triangle_f1,-0.053060000,2083,114200554978045,114200555613708
1480,14.800000000,triangle_f1,-0.053200000,2083,114200564967134,114200565605401
1481,14.810000000,triangle_f1,-0.053340000,2083,114200574969016,114200575599309
1482,14.820000000,triangle_f1,-0.053480000,2083,114200584966008,114200585568224
1483,14.830000000,triangle_f1,-0.053620000,2083,114200594964875,114200595580122
1484,14.840000000,triangle_f1,-0.053760000,2083,114200604965856,114200605571289
1485,14.850000000,triangle_f1,-0.053900000,2083,114200614966033,114200615576196
1486,14.860000000,triangle_f1,-0.054040000,2083,114200624968011,114200625584350
1487,14.870000000,triangle_f1,-0.054180000,2083,114200634968208,114200635573027
1488,14.880000000,triangle_f1,-0.054320000,2083,114200644965377,114200645577565
1489,14.890000000,triangle_f1,-0.054460000,2084,114200654970070,114200655568726
1490,14.900000000,triangle_f1,-0.054600000,2084,114200664964993,114200665584010
1491,14.910000000,triangle_f1,-0.054740000,2084,114200674968146,114200675582654
1492,14.920000000,triangle_f1,-0.054880000,2084,114200684966411,114200685570517
1493,14.930000000,triangle_f1,-0.055020000,2084,114200694969233,114200695579979
1494,14.940000000,triangle_f1,-0.055160000,2084,114200704967047,114200705569988
1495,14.950000000,triangle_f1,-0.055300000,2084,114200714967075,114200715575112
1496,14.960000000,triangle_f1,-0.055440000,2084,114200724967329,114200725579723
1497,14.970000000,triangle_f1,-0.055580000,2084,114200734967070,114200735570514
1498,14.980000000,triangle_f1,-0.055720000,2084,114200744965699,114200745588845
1499,14.990000000,triangle_f1,-0.055860000,2084,114200754974874,114200755575432
1500,15.000000000,triangle_f1,-0.056000000,2085,114200764965121,114200765580794
1501,15.010000000,triangle_f1,-0.056140000,2085,114200774967669,114200775579306
1502,15.020000000,triangle_f1,-0.056280000,2085,114200784966098,114200785567394
1503,15.030000000,triangle_f1,-0.056420000,2085,114200794968111,114200795579971
1504,15.040000000,triangle_f1,-0.056560000,2085,114200804966853,114200805574308
1505,15.050000000,triangle_f1,-0.056700000,2085,114200814966023,114200815576636
1506,15.060000000,triangle_f1,-0.056840000,2085,114200824966762,114200825586093
1507,15.070000000,triangle_f1,-0.056980000,2085,114200834967022,114200835565792
1508,15.080000000,triangle_f1,-0.057120000,2085,114200844969994,114200845583168
1509,15.090000000,triangle_f1,-0.057260000,2085,114200854970976,114200855573027
1510,15.100000000,triangle_f1,-0.057400000,2085,114200864972226,114200865576641
1511,15.110000000,triangle_f1,-0.057540000,2086,114200874967476,114200875578502
1512,15.120000000,triangle_f1,-0.057680000,2086,114200884966534,114200885566526
1513,15.130000000,triangle_f1,-0.057820000,2086,114200894968565,114200895577816
1514,15.140000000,triangle_f1,-0.057960000,2086,114200904967784,114200905568837
1515,15.150000000,triangle_f1,-0.058100000,2086,114200914966314,114200915583427
1516,15.160000000,triangle_f1,-0.058240000,2086,114200924969263,114200925575655
1517,15.170000000,triangle_f1,-0.058380000,2086,114200934967092,114200935568098
1518,15.180000000,triangle_f1,-0.058520000,2086,114200944969497,114200945583696
1519,15.190000000,triangle_f1,-0.058660000,2086,114200954972562,114200955571994
1520,15.200000000,triangle_f1,-0.058800000,2086,114200964967354,114200965588882
1521,15.210000000,triangle_f1,-0.058940000,2086,114200974966942,114200975574159
1522,15.220000000,triangle_f1,-0.059080000,2087,114200984966019,114200985562738
1523,15.230000000,triangle_f1,-0.059220000,2087,114200994967772,114200995580741
1524,15.240000000,triangle_f1,-0.059360000,2087,114201004966611,114201005550785
1525,15.250000000,triangle_f1,-0.059500000,2087,114201014968727,114201015553866
1526,15.260000000,triangle_f1,-0.059640000,2087,114201024969334,114201025558215
1527,15.270000000,triangle_f1,-0.059780000,2087,114201034967432,114201035546628
1528,15.280000000,triangle_f1,-0.059920000,2087,114201044968556,114201045561819
1529,15.290000000,triangle_f1,-0.060060000,2087,114201054968745,114201055552217
1530,15.300000000,triangle_f1,-0.060200000,2087,114201064967009,114201065554938
1531,15.310000000,triangle_f1,-0.060340000,2087,114201074969315,114201075554375
1532,15.320000000,triangle_f1,-0.060480000,2087,114201084969425,114201085541077
1533,15.330000000,triangle_f1,-0.060620000,2088,114201094977850,114201095573512
1534,15.340000000,triangle_f1,-0.060760000,2088,114201104977698,114201105557383
1535,15.350000000,triangle_f1,-0.060900000,2088,114201114989668,114201115561508
1536,15.360000000,triangle_f1,-0.061040000,2088,114201124981450,114201125559186
1537,15.370000000,triangle_f1,-0.061180000,2088,114201134979239,114201135560141
1538,15.380000000,triangle_f1,-0.061320000,2088,114201144977399,114201145567703
1539,15.390000000,triangle_f1,-0.061460000,2088,114201155030297,114201155602464
1540,15.400000000,triangle_f1,-0.061600000,2088,114201164989438,114201165591308
1541,15.410000000,triangle_f1,-0.061740000,2088,114201174983597,114201175566368
1542,15.420000000,triangle_f1,-0.061880000,2088,114201184991826,114201185573554
1543,15.430000000,triangle_f1,-0.062020000,2088,114201194978193,114201195565362
1544,15.440000000,triangle_f1,-0.062160000,2089,114201204981509,114201205589195
1545,15.450000000,triangle_f1,-0.062300000,2089,114201214994213,114201215573796
1546,15.460000000,triangle_f1,-0.062440000,2089,114201224982673,114201225561165
1547,15.470000000,triangle_f1,-0.062580000,2089,114201234982812,114201235548342
1548,15.480000000,triangle_f1,-0.062720000,2089,114201244978741,114201245570003
1549,15.490000000,triangle_f1,-0.062860000,2089,114201254985359,114201255550300
1550,15.500000000,triangle_f1,-0.063000000,2089,114201264990484,114201265571135
1551,15.510000000,triangle_f1,-0.063140000,2089,114201274975956,114201275562909
1552,15.520000000,triangle_f1,-0.063280000,2089,114201284980478,114201285554929
1553,15.530000000,triangle_f1,-0.063420000,2089,114201294973716,114201295561792
1554,15.540000000,triangle_f1,-0.063560000,2089,114201304976721,114201305558580
1555,15.550000000,triangle_f1,-0.063700000,2090,114201314986213,114201315594211
1556,15.560000000,triangle_f1,-0.063840000,2090,114201324976843,114201325567743
1557,15.570000000,triangle_f1,-0.063980000,2090,114201334978995,114201335553648
1558,15.580000000,triangle_f1,-0.064120000,2090,114201344972844,114201345562652
1559,15.590000000,triangle_f1,-0.064260000,2090,114201354978104,114201355589065
1560,15.600000000,triangle_f1,-0.064400000,2090,114201364976991,114201365584710
1561,15.610000000,triangle_f1,-0.064540000,2090,114201374987544,114201375561866
1562,15.620000000,triangle_f1,-0.064680000,2090,114201384983347,114201385547591
1563,15.630000000,triangle_f1,-0.064820000,2090,114201394978526,114201395564409
1564,15.640000000,triangle_f1,-0.064960000,2090,114201404985848,114201405550566
1565,15.650000000,triangle_f1,-0.065100000,2090,114201414970757,114201415556316
1566,15.660000000,triangle_f1,-0.065240000,2091,114201424972070,114201425539420
1567,15.670000000,triangle_f1,-0.065380000,2091,114201434964201,114201435527712
1568,15.680000000,triangle_f1,-0.065520000,2091,114201444972279,114201445534910
1569,15.690000000,triangle_f1,-0.065660000,2091,114201454970742,114201455527858
1570,15.700000000,triangle_f1,-0.065800000,2091,114201464967404,114201465559600
1571,15.710000000,triangle_f1,-0.065940000,2091,114201474967975,114201475533471
1572,15.720000000,triangle_f1,-0.066080000,2091,114201484966608,114201485523506
1573,15.730000000,triangle_f1,-0.066220000,2091,114201494966396,114201495541875
1574,15.740000000,triangle_f1,-0.066360000,2091,114201504966567,114201505525396
1575,15.750000000,triangle_f1,-0.066500000,2091,114201514965509,114201515536208
1576,15.760000000,triangle_f1,-0.066640000,2091,114201524967296,114201525533621
1577,15.770000000,triangle_f1,-0.066780000,2092,114201534966736,114201535527139
1578,15.780000000,triangle_f1,-0.066920000,2092,114201544967562,114201545540807
1579,15.790000000,triangle_f1,-0.067060000,2092,114201554964123,114201555530316
1580,15.800000000,triangle_f1,-0.067200000,2092,114201564967980,114201565530147
1581,15.810000000,triangle_f1,-0.067340000,2092,114201574969878,114201575535490
1582,15.820000000,triangle_f1,-0.067480000,2092,114201584965829,114201585523016
1583,15.830000000,triangle_f1,-0.067620000,2092,114201594966962,114201595541780
1584,15.840000000,triangle_f1,-0.067760000,2092,114201604967430,114201605530843
1585,15.850000000,triangle_f1,-0.067900000,2092,114201614964988,114201615543087
1586,15.860000000,triangle_f1,-0.068040000,2092,114201624967621,114201625540300
1587,15.870000000,triangle_f1,-0.068180000,2092,114201634967423,114201635531765
1588,15.880000000,triangle_f1,-0.068320000,2093,114201644965864,114201645539578
1589,15.890000000,triangle_f1,-0.068460000,2093,114201654969428,114201655530880
1590,15.900000000,triangle_f1,-0.068600000,2093,114201664966114,114201665548267
1591,15.910000000,triangle_f1,-0.068740000,2093,114201674966034,114201675592345
1592,15.920000000,triangle_f1,-0.068880000,2093,114201684965678,114201685539584
1593,15.930000000,triangle_f1,-0.069020000,2093,114201694965972,114201695726033
1594,15.940000000,triangle_f1,-0.069160000,2093,114201704973630,114201705596225
1595,15.950000000,triangle_f1,-0.069300000,2093,114201714965022,114201715546919
1596,15.960000000,triangle_f1,-0.069440000,2093,114201724969744,114201725600306
1597,15.970000000,triangle_f1,-0.069580000,2093,114201734968449,114201735542455
1598,15.980000000,triangle_f1,-0.069720000,2093,114201744967683,114201745594327
1599,15.990000000,triangle_f1,-0.069860000,2094,114201754970917,114201755599646
1600,16.000000000,triangle_f1,-0.070000000,2094,114201764965030,114201765547829
1601,16.010000000,triangle_f1,-0.069860000,2094,114201774967507,114201775535212
1602,16.020000000,triangle_f1,-0.069720000,2093,114201784967134,114201785520711
1603,16.030000000,triangle_f1,-0.069580000,2093,114201794966766,114201795538587
1604,16.040000000,triangle_f1,-0.069440000,2093,114201804966756,114201805525861
1605,16.050000000,triangle_f1,-0.069300000,2093,114201814966400,114201815533308
1606,16.060000000,triangle_f1,-0.069160000,2093,114201824967113,114201825534701
1607,16.070000000,triangle_f1,-0.069020000,2093,114201834966548,114201835527669
1608,16.080000000,triangle_f1,-0.068880000,2093,114201844945573,114201845552631
1609,16.090000000,triangle_f1,-0.068740000,2093,114201854981232,114201855563643
1610,16.100000000,triangle_f1,-0.068600000,2093,114201864983455,114201865549626
1611,16.110000000,triangle_f1,-0.068460000,2093,114201874978985,114201875522257
1612,16.120000000,triangle_f1,-0.068320000,2093,114201884983633,114201885511575
1613,16.130000000,triangle_f1,-0.068180000,2092,114201894981149,114201895524662
1614,16.140000000,triangle_f1,-0.068040000,2092,114201905046774,114201905517813
1615,16.150000000,triangle_f1,-0.067900000,2092,114201915052046,114201915549760
1616,16.160000000,triangle_f1,-0.067760000,2092,114201925049401,114201925529184
1617,16.170000000,triangle_f1,-0.067620000,2092,114201935047797,114201935518603
1618,16.180000000,triangle_f1,-0.067480000,2092,114201945047537,114201945532197
1619,16.190000000,triangle_f1,-0.067340000,2092,114201955047687,114201955543509
1620,16.200000000,triangle_f1,-0.067200000,2092,114201964968644,114201965532846
1621,16.210000000,triangle_f1,-0.067060000,2092,114201974967334,114201975520309
1622,16.220000000,triangle_f1,-0.066920000,2092,114201984968007,114201985505567
1623,16.230000000,triangle_f1,-0.066780000,2092,114201994967871,114201995517897
1624,16.240000000,triangle_f1,-0.066640000,2091,114202004967864,114202005513250
1625,16.250000000,triangle_f1,-0.066500000,2091,114202014966842,114202015526318
1626,16.260000000,triangle_f1,-0.066360000,2091,114202024967039,114202025518657
1627,16.270000000,triangle_f1,-0.066220000,2091,114202034966316,114202035514361
1628,16.280000000,triangle_f1,-0.066080000,2091,114202044971109,114202045516812
1629,16.290000000,triangle_f1,-0.065940000,2091,114202054969596,114202055507123
1630,16.300000000,triangle_f1,-0.065800000,2091,114202064968263,114202065516655
1631,16.310000000,triangle_f1,-0.065660000,2091,114202074967195,114202075512597
1632,16.320000000,triangle_f1,-0.065520000,2091,114202084964985,114202085500996
1633,16.330000000,triangle_f1,-0.065380000,2091,114202094967999,114202095517932
1634,16.340000000,triangle_f1,-0.065240000,2091,114202104966513,114202105508354
1635,16.350000000,triangle_f1,-0.065100000,2090,114202114966353,114202115515520
1636,16.360000000,triangle_f1,-0.064960000,2090,114202124967971,114202125517789
1637,16.370000000,triangle_f1,-0.064820000,2090,114202134964329,114202135507346
1638,16.380000000,triangle_f1,-0.064680000,2090,114202144966294,114202145520234
1639,16.390000000,triangle_f1,-0.064540000,2090,114202154967338,114202155502344
1640,16.400000000,triangle_f1,-0.064400000,2090,114202164966744,114202165510761
1641,16.410000000,triangle_f1,-0.064260000,2090,114202174966614,114202175517015
1642,16.420000000,triangle_f1,-0.064120000,2090,114202184964497,114202185504147
1643,16.430000000,triangle_f1,-0.063980000,2090,114202194965684,114202195516614
1644,16.440000000,triangle_f1,-0.063840000,2090,114202204966522,114202205500632
1645,16.450000000,triangle_f1,-0.063700000,2090,114202214966467,114202215515858
1646,16.460000000,triangle_f1,-0.063560000,2089,114202224967071,114202225514758
1647,16.470000000,triangle_f1,-0.063420000,2089,114202234966143,114202235504499
1648,16.480000000,triangle_f1,-0.063280000,2089,114202244966890,114202245498192
1649,16.490000000,triangle_f1,-0.063140000,2089,114202254966874,114202255489169
1650,16.500000000,triangle_f1,-0.063000000,2089,114202264967297,114202265513784
1651,16.510000000,triangle_f1,-0.062860000,2089,114202274965618,114202275490171
1652,16.520000000,triangle_f1,-0.062720000,2089,114202284966261,114202285480378
1653,16.530000000,triangle_f1,-0.062580000,2089,114202294965806,114202295496040
1654,16.540000000,triangle_f1,-0.062440000,2089,114202304965962,114202305485072
1655,16.550000000,triangle_f1,-0.062300000,2089,114202314965624,114202315505259
1656,16.560000000,triangle_f1,-0.062160000,2089,114202324966561,114202325492623
1657,16.570000000,triangle_f1,-0.062020000,2088,114202334965602,114202335484818
1658,16.580000000,triangle_f1,-0.061880000,2088,114202344966027,114202345494207
1659,16.590000000,triangle_f1,-0.061740000,2088,114202354968826,114202355485556
1660,16.600000000,triangle_f1,-0.061600000,2088,114202364965884,114202365490945
1661,16.610000000,triangle_f1,-0.061460000,2088,114202374966304,114202375487602
1662,16.620000000,triangle_f1,-0.061320000,2088,114202384966668,114202385476120
1663,16.630000000,triangle_f1,-0.061180000,2088,114202394970237,114202395496847
1664,16.640000000,triangle_f1,-0.061040000,2088,114202404966486,114202405479742
1665,16.650000000,triangle_f1,-0.060900000,2088,114202414965480,114202415498649
1666,16.660000000,triangle_f1,-0.060760000,2088,114202424967355,114202425493234
1667,16.670000000,triangle_f1,-0.060620000,2088,114202434965973,114202435482023
1668,16.680000000,triangle_f1,-0.060480000,2087,114202444965812,114202445499985
1669,16.690000000,triangle_f1,-0.060340000,2087,114202454968821,114202455476126
1670,16.700000000,triangle_f1,-0.060200000,2087,114202464966251,114202465496957
1671,16.710000000,triangle_f1,-0.060060000,2087,114202474965808,114202475486385
1672,16.720000000,triangle_f1,-0.059920000,2087,114202484966547,114202485484016
1673,16.730000000,triangle_f1,-0.059780000,2087,114202494965336,114202495494894
1674,16.740000000,triangle_f1,-0.059640000,2087,114202504966026,114202505483354
1675,16.750000000,triangle_f1,-0.059500000,2087,114202514966065,114202515492055
1676,16.760000000,triangle_f1,-0.059360000,2087,114202524967081,114202525494905
1677,16.770000000,triangle_f1,-0.059220000,2087,114202534965972,114202535481039
1678,16.780000000,triangle_f1,-0.059080000,2087,114202544966417,114202545502986
1679,16.790000000,triangle_f1,-0.058940000,2086,114202554966560,114202555485903
1680,16.800000000,triangle_f1,-0.058800000,2086,114202564965948,114202565498930
1681,16.810000000,triangle_f1,-0.058660000,2086,114202574965407,114202575494835
1682,16.820000000,triangle_f1,-0.058520000,2086,114202584966099,114202585480748
1683,16.830000000,triangle_f1,-0.058380000,2086,114202594965456,114202595499060
1684,16.840000000,triangle_f1,-0.058240000,2086,114202604964883,114202605485544
1685,16.850000000,triangle_f1,-0.058100000,2086,114202614966376,114202615474209
1686,16.860000000,triangle_f1,-0.057960000,2086,114202624966962,114202625492579
1687,16.870000000,triangle_f1,-0.057820000,2086,114202634969063,114202635483392
1688,16.880000000,triangle_f1,-0.057680000,2086,114202644967228,114202645500173
1689,16.890000000,triangle_f1,-0.057540000,2086,114202654970772,114202655467853
1690,16.900000000,triangle_f1,-0.057400000,2085,114202664965324,114202665495980
1691,16.910000000,triangle_f1,-0.057260000,2085,114202674965402,114202675472133
1692,16.920000000,triangle_f1,-0.057120000,2085,114202684965132,114202685462909
1693,16.930000000,triangle_f1,-0.056980000,2085,114202694966138,114202695474422
1694,16.940000000,triangle_f1,-0.056840000,2085,114202704966948,114202705482902
1695,16.950000000,triangle_f1,-0.056700000,2085,114202714966496,114202715475405
1696,16.960000000,triangle_f1,-0.056560000,2085,114202724967110,114202725473401
1697,16.970000000,triangle_f1,-0.056420000,2085,114202734965886,114202735461921
1698,16.980000000,triangle_f1,-0.056280000,2085,114202744965693,114202745473648
1699,16.990000000,triangle_f1,-0.056140000,2085,114202754967230,114202755457471
1700,17.000000000,triangle_f1,-0.056000000,2085,114202764965919,114202765470403
1701,17.010000000,triangle_f1,-0.055860000,2084,114202774966794,114202775475003
1702,17.020000000,triangle_f1,-0.055720000,2084,114202784966889,114202785472155
1703,17.030000000,triangle_f1,-0.055580000,2084,114202794966183,114202795476552
1704,17.040000000,triangle_f1,-0.055440000,2084,114202804961329,114202805461360
1705,17.050000000,triangle_f1,-0.055300000,2084,114202814964365,114202815465876
1706,17.060000000,triangle_f1,-0.055160000,2084,114202824966891,114202825474687
1707,17.070000000,triangle_f1,-0.055020000,2084,114202834965872,114202835460737
1708,17.080000000,triangle_f1,-0.054880000,2084,114202844965674,114202845486624
1709,17.090000000,triangle_f1,-0.054740000,2084,114202854968538,114202855470242
1710,17.100000000,triangle_f1,-0.054600000,2084,114202864997431,114202866500817
1711,17.110000000,triangle_f1,-0.054460000,2084,114202874976564,114202875474966
1712,17.120000000,triangle_f1,-0.054320000,2083,114202884975579,114202885462988
1713,17.130000000,triangle_f1,-0.054180000,2083,114202894967097,114202895482705
1714,17.140000000,triangle_f1,-0.054040000,2083,114202904976176,114202905601292
1715,17.150000000,triangle_f1,-0.053900000,2083,114202914982047,114202915486267
1716,17.160000000,triangle_f1,-0.053760000,2083,114202924967244,114202925482452
1717,17.170000000,triangle_f1,-0.053620000,2083,114202934974442,114202935474532
1718,17.180000000,triangle_f1,-0.053480000,2083,114202944970790,114202945479423
1719,17.190000000,triangle_f1,-0.053340000,2083,114202954973342,114202955541966
1720,17.200000000,triangle_f1,-0.053200000,2083,114202964982821,114202965479661
1721,17.210000000,triangle_f1,-0.053060000,2083,114202974968155,114202975476012
1722,17.220000000,triangle_f1,-0.052920000,2082,114202984981498,114202985472501
1723,17.230000000,triangle_f1,-0.052780000,2082,114202994968350,114202995477834
1724,17.240000000,triangle_f1,-0.052640000,2082,114203004978824,114203005552255
1725,17.250000000,triangle_f1,-0.052500000,2082,114203014985920,114203015507084
1726,17.260000000,triangle_f1,-0.052360000,2082,114203024968415,114203025473209
1727,17.270000000,triangle_f1,-0.052220000,2082,114203034981760,114203035468251
1728,17.280000000,triangle_f1,-0.052080000,2082,114203044972020,114203045481487
1729,17.290000000,triangle_f1,-0.051940000,2082,114203054978254,114203055536278
1730,17.300000000,triangle_f1,-0.051800000,2082,114203064979188,114203065489717
1731,17.310000000,triangle_f1,-0.051660000,2082,114203074970458,114203075446516
1732,17.320000000,triangle_f1,-0.051520000,2082,114203084973890,114203085447528
1733,17.330000000,triangle_f1,-0.051380000,2081,114203094965713,114203095438982
1734,17.340000000,triangle_f1,-0.051240000,2081,114203104977137,114203105493330
1735,17.350000000,triangle_f1,-0.051100000,2081,114203114980394,114203115429939
1736,17.360000000,triangle_f1,-0.050960000,2081,114203124985056,114203125437507
1737,17.370000000,triangle_f1,-0.050820000,2081,114203134985244,114203135451691
1738,17.380000000,triangle_f1,-0.050680000,2081,114203144976144,114203145459987
1739,17.390000000,triangle_f1,-0.050540000,2081,114203154988155,114203155554257
1740,17.400000000,triangle_f1,-0.050400000,2081,114203164992009,114203165466610
1741,17.410000000,triangle_f1,-0.050260000,2081,114203174984839,114203175462788
1742,17.420000000,triangle_f1,-0.050120000,2081,114203184983292,114203185456548
1743,17.430000000,triangle_f1,-0.049980000,2081,114203194978818,114203195470164
1744,17.440000000,triangle_f1,-0.049840000,2080,114203204976925,114203205555071
1745,17.450000000,triangle_f1,-0.049700000,2080,114203214980633,114203215470802
1746,17.460000000,triangle_f1,-0.049560000,2080,114203224982814,114203225449865
1747,17.470000000,triangle_f1,-0.049420000,2080,114203234981167,114203235454219
1748,17.480000000,triangle_f1,-0.049280000,2080,114203244980215,114203245462628
1749,17.490000000,triangle_f1,-0.049140000,2080,114203254985047,114203255549261
1750,17.500000000,triangle_f1,-0.049000000,2080,114203264992807,114203265457972
1751,17.510000000,triangle_f1,-0.048860000,2080,114203274976977,114203275460646
1752,17.520000000,triangle_f1,-0.048720000,2080,114203284984600,114203285445120
1753,17.530000000,triangle_f1,-0.048580000,2080,114203294978927,114203295461014
1754,17.540000000,triangle_f1,-0.048440000,2080,114203304985276,114203305536319
1755,17.550000000,triangle_f1,-0.048300000,2079,114203314991909,114203315462608
1756,17.560000000,triangle_f1,-0.048160000,2079,114203324977918,114203325455847
1757,17.570000000,triangle_f1,-0.048020000,2079,114203334983618,114203335467026
1758,17.580000000,triangle_f1,-0.047880000,2079,114203344981088,114203345463406
1759,17.590000000,triangle_f1,-0.047740000,2079,114203354987745,114203355549869
1760,17.600000000,triangle_f1,-0.047600000,2079,114203364986248,114203365495154
1761,17.610000000,triangle_f1,-0.047460000,2079,114203374987052,114203375456160
1762,17.620000000,triangle_f1,-0.047320000,2079,114203384987244,114203385444395
1763,17.630000000,triangle_f1,-0.047180000,2079,114203394973002,114203395459102
1764,17.640000000,triangle_f1,-0.047040000,2079,114203404986225,114203405545601
1765,17.650000000,triangle_f1,-0.046900000,2079,114203414979955,114203415468313
1766,17.660000000,triangle_f1,-0.046760000,2078,114203424991375,114203425435483
1767,17.670000000,triangle_f1,-0.046620000,2078,114203434985013,114203435427202
1768,17.680000000,triangle_f1,-0.046480000,2078,114203444979395,114203445423642
1769,17.690000000,triangle_f1,-0.046340000,2078,114203454966791,114203455394911
1770,17.700000000,triangle_f1,-0.046200000,2078,114203464961846,114203465419556
1771,17.710000000,triangle_f1,-0.046060000,2078,114203474971205,114203475429756
1772,17.720000000,triangle_f1,-0.045920000,2078,114203484983894,114203485429408
1773,17.730000000,triangle_f1,-0.045780000,2078,114203494968204,114203495508542
1774,17.740000000,triangle_f1,-0.045640000,2078,114203504978704,114203505635189
1775,17.750000000,triangle_f1,-0.045500000,2078,114203514990350,114203515447744
1776,17.760000000,triangle_f1,-0.045360000,2078,114203524986018,114203525455605
1777,17.770000000,triangle_f1,-0.045220000,2077,114203534981036,114203535446786
1778,17.780000000,triangle_f1,-0.045080000,2077,114203544979395,114203545443392
1779,17.790000000,triangle_f1,-0.044940000,2077,114203554984006,114203555572963
1780,17.800000000,triangle_f1,-0.044800000,2077,114203564986273,114203565485169
1781,17.810000000,triangle_f1,-0.044660000,2077,114203574989232,114203575431055
1782,17.820000000,triangle_f1,-0.044520000,2077,114203584990762,114203585415643
1783,17.830000000,triangle_f1,-0.044380000,2077,114203594976926,114203595439572
1784,17.840000000,triangle_f1,-0.044240000,2077,114203604985271,114203605603009
1785,17.850000000,triangle_f1,-0.044100000,2077,114203614971829,114203615438424
1786,17.860000000,triangle_f1,-0.043960000,2077,114203624980135,114203625437598
1787,17.870000000,triangle_f1,-0.043820000,2077,114203634969246,114203635422996
1788,17.880000000,triangle_f1,-0.043680000,2076,114203644978090,114203645443413
1789,17.890000000,triangle_f1,-0.043540000,2076,114203654968250,114203655532445
1790,17.900000000,triangle_f1,-0.043400000,2076,114203664969398,114203665430436
1791,17.910000000,triangle_f1,-0.043260000,2076,114203674976165,114203675435176
1792,17.920000000,triangle_f1,-0.043120000,2076,114203684968631,114203685425554
1793,17.930000000,triangle_f1,-0.042980000,2076,114203694975861,114203695441030
1794,17.940000000,triangle_f1,-0.042840000,2076,114203704971147,114203705517998
1795,17.950000000,triangle_f1,-0.042700000,2076,114203714968266,114203715440869
1796,17.960000000,triangle_f1,-0.042560000,2076,114203724973520,114203725430366
1797,17.970000000,triangle_f1,-0.042420000,2076,114203734965603,114203735426442
1798,17.980000000,triangle_f1,-0.042280000,2076,114203744976809,114203745444215
1799,17.990000000,triangle_f1,-0.042140000,2075,114203754968167,114203755515957
1800,18.000000000,triangle_f1,-0.042000000,2075,114203764976003,114203765462148
1801,18.010000000,triangle_f1,-0.041860000,2075,114203774977231,114203775435079
1802,18.020000000,triangle_f1,-0.041720000,2075,114203784979895,114203785424212
1803,18.030000000,triangle_f1,-0.041580000,2075,114203794976757,114203795440763
1804,18.040000000,triangle_f1,-0.041440000,2075,114203804979379,114203805560264
1805,18.050000000,triangle_f1,-0.041300000,2075,114203814990738,114203815476003
1806,18.060000000,triangle_f1,-0.041160000,2075,114203824980409,114203825445670
1807,18.070000000,triangle_f1,-0.041020000,2075,114203834981034,114203835432490
1808,18.080000000,triangle_f1,-0.040880000,2075,114203844977571,114203845441993
1809,18.090000000,triangle_f1,-0.040740000,2075,114203854985481,114203855445949
1810,18.100000000,triangle_f1,-0.040600000,2074,114203864989067,114203865431989
1811,18.110000000,triangle_f1,-0.040460000,2074,114203875052095,114203875446412
1812,18.120000000,triangle_f1,-0.040320000,2074,114203884976966,114203885424533
1813,18.130000000,triangle_f1,-0.040180000,2074,114203895044364,114203896455596
1814,18.140000000,triangle_f1,-0.040040000,2074,114203905053000,114203905432297
1815,18.150000000,triangle_f1,-0.039900000,2074,114203914999036,114203915449420
1816,18.160000000,triangle_f1,-0.039760000,2074,114203925047036,114203925432181
1817,18.170000000,triangle_f1,-0.039620000,2074,114203934992961,114203935433128
1818,18.180000000,triangle_f1,-0.039480000,2074,114203945043322,114203946461893
1819,18.190000000,triangle_f1,-0.039340000,2074,114203955062128,114203955398810
1820,18.200000000,triangle_f1,-0.039200000,2074,114203964996841,114203965435656
1821,18.210000000,triangle_f1,-0.039060000,2073,114203975039640,114203975441649
1822,18.220000000,triangle_f1,-0.038920000,2073,114203984975512,114203985388831
1823,18.230000000,triangle_f1,-0.038780000,2073,114203995043976,114203995414435
1824,18.240000000,triangle_f1,-0.038640000,2073,114204005053169,114204005407857
1825,18.250000000,triangle_f1,-0.038500000,2073,114204014995990,114204015412593
1826,18.260000000,triangle_f1,-0.038360000,2073,114204025053456,114204026407784
1827,18.270000000,triangle_f1,-0.038220000,2073,114204034982524,114204035388711
1828,18.280000000,triangle_f1,-0.038080000,2073,114204045045015,114204046408700
1829,18.290000000,triangle_f1,-0.037940000,2073,114204055054380,114204055399993
1830,18.300000000,triangle_f1,-0.037800000,2073,114204064995691,114204065412245
1831,18.310000000,triangle_f1,-0.037660000,2073,114204075047441,114204076407145
1832,18.320000000,triangle_f1,-0.037520000,2072,114204084976450,114204085394721
1833,18.330000000,triangle_f1,-0.037380000,2072,114204095058444,114204096420660
1834,18.340000000,triangle_f1,-0.037240000,2072,114204105052947,114204105400214
1835,18.350000000,triangle_f1,-0.037100000,2072,114204114998657,114204115426524
1836,18.360000000,triangle_f1,-0.036960000,2072,114204125052791,114204126402552
1837,18.370000000,triangle_f1,-0.036820000,2072,114204135054756,114204135390304
1838,18.380000000,triangle_f1,-0.036680000,2072,114204145039609,114204145412957
1839,18.390000000,triangle_f1,-0.036540000,2072,114204154986424,114204156400498
1840,18.400000000,triangle_f1,-0.036400000,2072,114204164982236,114204165422042
1841,18.410000000,triangle_f1,-0.036260000,2072,114204175044801,114204175407215
1842,18.420000000,triangle_f1,-0.036120000,2072,114204185027002,114204185392623
1843,18.430000000,triangle_f1,-0.035980000,2071,114204195043935,114204196415269
1844,18.440000000,triangle_f1,-0.035840000,2071,114204205058669,114204205401799
1845,18.450000000,triangle_f1,-0.035700000,2071,114204214991453,114204215418951
1846,18.460000000,triangle_f1,-0.035560000,2071,114204225048228,114204226407707
1847,18.470000000,triangle_f1,-0.035420000,2071,114204234979635,114204235401376
1848,18.480000000,triangle_f1,-0.035280000,2071,114204245049729,114204246434721
1849,18.490000000,triangle_f1,-0.035140000,2071,114204255051488,114204255407629
1850,18.500000000,triangle_f1,-0.035000000,2071,114204264995702,114204265412341
1851,18.510000000,triangle_f1,-0.034860000,2071,114204274972659,114204275410104
1852,18.520000000,triangle_f1,-0.034720000,2071,114204284988035,114204285409036
1853,18.530000000,triangle_f1,-0.034580000,2071,114204295047009,114204296421855
1854,18.540000000,triangle_f1,-0.034440000,2070,114204305050902,114204305402260
1855,18.550000000,triangle_f1,-0.034300000,2070,114204314982582,114204315393279
1856,18.560000000,triangle_f1,-0.034160000,2070,114204324976496,114204325382792
1857,18.570000000,triangle_f1,-0.034020000,2070,114204334985785,114204335391866
1858,18.580000000,triangle_f1,-0.033880000,2070,114204344982911,114204345404574
1859,18.590000000,triangle_f1,-0.033740000,2070,114204354985732,114204355384297
1860,18.600000000,triangle_f1,-0.033600000,2070,114204364981209,114204365403819
1861,18.610000000,triangle_f1,-0.033460000,2070,114204374987011,114204375397134
1862,18.620000000,triangle_f1,-0.033320000,2070,114204384981582,114204385388971
1863,18.630000000,triangle_f1,-0.033180000,2070,114204394976319,114204395397334
1864,18.640000000,triangle_f1,-0.033040000,2070,114204404978247,114204405400257
1865,18.650000000,triangle_f1,-0.032900000,2069,114204414980314,114204415386791
1866,18.660000000,triangle_f1,-0.032760000,2069,114204424977285,114204425397139
1867,18.670000000,triangle_f1,-0.032620000,2069,114204434975381,114204435387728
1868,18.680000000,triangle_f1,-0.032480000,2069,114204444972581,114204445401292
1869,18.690000000,triangle_f1,-0.032340000,2069,114204454975516,114204455404771
1870,18.700000000,triangle_f1,-0.032200000,2069,114204464986582,114204466402757
1871,18.710000000,triangle_f1,-0.032060000,2069,114204474976707,114204475393359
1872,18.720000000,triangle_f1,-0.031920000,2069,114204484979746,114204485386839
1873,18.730000000,triangle_f1,-0.031780000,2069,114204494976743,114204495397620
1874,18.740000000,triangle_f1,-0.031640000,2069,114204504981569,114204505407384
1875,18.750000000,triangle_f1,-0.031500000,2069,114204514982598,114204515412553
1876,18.760000000,triangle_f1,-0.031360000,2068,114204524978076,114204525400140
1877,18.770000000,triangle_f1,-0.031220000,2068,114204534979493,114204535387532
1878,18.780000000,triangle_f1,-0.031080000,2068,114204544974993,114204545403922
1879,18.790000000,triangle_f1,-0.030940000,2068,114204554980621,114204555408002
1880,18.800000000,triangle_f1,-0.030800000,2068,114204564988053,114204565416032
1881,18.810000000,triangle_f1,-0.030660000,2068,114204574977724,114204575390354
1882,18.820000000,triangle_f1,-0.030520000,2068,114204584980465,114204585386544
1883,18.830000000,triangle_f1,-0.030380000,2068,114204594975883,114204595396505
1884,18.840000000,triangle_f1,-0.030240000,2068,114204604981373,114204605396094
1885,18.850000000,triangle_f1,-0.030100000,2068,114204614993048,114204615402680
1886,18.860000000,triangle_f1,-0.029960000,2068,114204624977315,114204625394618
1887,18.870000000,triangle_f1,-0.029820000,2067,114204634978147,114204635383438
1888,18.880000000,triangle_f1,-0.029680000,2067,114204644976487,114204645399954
1889,18.890000000,triangle_f1,-0.029540000,2067,114204654978494,114204655387629
1890,18.900000000,triangle_f1,-0.029400000,2067,114204664985894,114204666396926
1891,18.910000000,triangle_f1,-0.029260000,2067,114204674978205,114204675391024
1892,18.920000000,triangle_f1,-0.029120000,2067,114204684978648,114204685380572
1893,18.930000000,triangle_f1,-0.028980000,2067,114204694975787,114204695398695
1894,18.940000000,triangle_f1,-0.028840000,2067,114204704982064,114204705403148
1895,18.950000000,triangle_f1,-0.028700000,2067,114204714982594,114204715421247
1896,18.960000000,triangle_f1,-0.028560000,2067,114204724974930,114204725396355
1897,18.970000000,triangle_f1,-0.028420000,2067,114204734974807,114204735385435
1898,18.980000000,triangle_f1,-0.028280000,2066,114204744975023,114204745399597
1899,18.990000000,triangle_f1,-0.028140000,2066,114204754978010,114204755358765
1900,19.000000000,triangle_f1,-0.028000000,2066,114204764978562,114204765369589
1901,19.010000000,triangle_f1,-0.027860000,2066,114204774967927,114204775362713
1902,19.020000000,triangle_f1,-0.027720000,2066,114204784978661,114204785359262
1903,19.030000000,triangle_f1,-0.027580000,2066,114204794968436,114204795368421
1904,19.040000000,triangle_f1,-0.027440000,2066,114204804972808,114204805358140
1905,19.050000000,triangle_f1,-0.027300000,2066,114204814988941,114204816432098
1906,19.060000000,triangle_f1,-0.027160000,2066,114204824968721,114204825373540
1907,19.070000000,triangle_f1,-0.027020000,2066,114204834977027,114204835365834
1908,19.080000000,triangle_f1,-0.026880000,2066,114204844967411,114204845370913
1909,19.090000000,triangle_f1,-0.026740000,2065,114204854976727,114204855355985
1910,19.100000000,triangle_f1,-0.026600000,2065,114204864983172,114204866374211
1911,19.110000000,triangle_f1,-0.026460000,2065,114204874969744,114204875367801
1912,19.120000000,triangle_f1,-0.026320000,2065,114204884979338,114204885361449
1913,19.130000000,triangle_f1,-0.026180000,2065,114204894968747,114204895374754
1914,19.140000000,triangle_f1,-0.026040000,2065,114204904978753,114204905511745
1915,19.150000000,triangle_f1,-0.025900000,2065,114204914977236,114204915477086
1916,19.160000000,triangle_f1,-0.025760000,2065,114204924970737,114204925378517
1917,19.170000000,triangle_f1,-0.025620000,2065,114204934979638,114204935415940
1918,19.180000000,triangle_f1,-0.025480000,2065,114204944971748,114204945433406
1919,19.190000000,triangle_f1,-0.025340000,2065,114204954979502,114204955509036
1920,19.200000000,triangle_f1,-0.025200000,2064,114204964976507,114204965367682
1921,19.210000000,triangle_f1,-0.025060000,2064,114204974966622,114204975368281
1922,19.220000000,triangle_f1,-0.024920000,2064,114204984973082,114204985365276
1923,19.230000000,triangle_f1,-0.024780000,2064,114204994968242,114204995374163
1924,19.240000000,triangle_f1,-0.024640000,2064,114205004973963,114205005359651
1925,19.250000000,triangle_f1,-0.024500000,2064,114205014981277,114205015387371
1926,19.260000000,triangle_f1,-0.024360000,2064,114205024968783,114205025363006
1927,19.270000000,triangle_f1,-0.024220000,2064,114205034980305,114205035364625
1928,19.280000000,triangle_f1,-0.024080000,2064,114205044967976,114205045370403
1929,19.290000000,triangle_f1,-0.023940000,2064,114205054979618,114205055359498
1930,19.300000000,triangle_f1,-0.023800000,2064,114205064981583,114205066376742
1931,19.310000000,triangle_f1,-0.023660000,2063,114205074968858,114205075367827
1932,19.320000000,triangle_f1,-0.023520000,2063,114205084981508,114205085363935
1933,19.330000000,triangle_f1,-0.023380000,2063,114205094970269,114205095382292
1934,19.340000000,triangle_f1,-0.023240000,2063,114205104980850,114205105360670
1935,19.350000000,triangle_f1,-0.023100000,2063,114205114981597,114205115378329
1936,19.360000000,triangle_f1,-0.022960000,2063,114205124968608,114205125367551
1937,19.370000000,triangle_f1,-0.022820000,2063,114205134979706,114205135364241
1938,19.380000000,triangle_f1,-0.022680000,2063,114205144968853,114205145373637
1939,19.390000000,triangle_f1,-0.022540000,2063,114205154978485,114205155356066
1940,19.400000000,triangle_f1,-0.022400000,2063,114205164980847,114205165352507
1941,19.410000000,triangle_f1,-0.022260000,2063,114205174968233,114205175364657
1942,19.420000000,triangle_f1,-0.022120000,2062,114205184977715,114205185344074
1943,19.430000000,triangle_f1,-0.021980000,2062,114205194968871,114205195351348
1944,19.440000000,triangle_f1,-0.021840000,2062,114205204973721,114205205340490
1945,19.450000000,triangle_f1,-0.021700000,2062,114205214982782,114205216355521
1946,19.460000000,triangle_f1,-0.021560000,2062,114205224968477,114205225340985
1947,19.470000000,triangle_f1,-0.021420000,2062,114205234978060,114205236340456
1948,19.480000000,triangle_f1,-0.021280000,2062,114205244967795,114205245354041
1949,19.490000000,triangle_f1,-0.021140000,2062,114205254975046,114205255334374
1950,19.500000000,triangle_f1,-0.021000000,2062,114205264975933,114205265364528
1951,19.510000000,triangle_f1,-0.020860000,2062,114205274967069,114205275339807
1952,19.520000000,triangle_f1,-0.020720000,2062,114205284978407,114205285333581
1953,19.530000000,triangle_f1,-0.020580000,2061,114205294968509,114205295354425
1954,19.540000000,triangle_f1,-0.020440000,2061,114205304972894,114205305340230
1955,19.550000000,triangle_f1,-0.020300000,2061,114205314983358,114205316347971
1956,19.560000000,triangle_f1,-0.020160000,2061,114205324967175,114205325341852
1957,19.570000000,triangle_f1,-0.020020000,2061,114205334978128,114205335342513
1958,19.580000000,triangle_f1,-0.019880000,2061,114205344968138,114205345350963
1959,19.590000000,triangle_f1,-0.019740000,2061,114205354979779,114205355337536
1960,19.600000000,triangle_f1,-0.019600000,2061,114205364986061,114205366392643
1961,19.610000000,triangle_f1,-0.019460000,2061,114205374967630,114205375341193
1962,19.620000000,triangle_f1,-0.019320000,2061,114205384978250,114205385341384
1963,19.630000000,triangle_f1,-0.019180000,2061,114205394968390,114205395348763
1964,19.640000000,triangle_f1,-0.019040000,2060,114205404978248,114205405334016
1965,19.650000000,triangle_f1,-0.018900000,2060,114205414981687,114205416355224
1966,19.660000000,triangle_f1,-0.018760000,2060,114205424969106,114205425342177
1967,19.670000000,triangle_f1,-0.018620000,2060,114205434978177,114205435333211
1968,19.680000000,triangle_f1,-0.018480000,2060,114205444968372,114205445353268
1969,19.690000000,triangle_f1,-0.018340000,2060,114205454978614,114205455345062
1970,19.700000000,triangle_f1,-0.018200000,2060,114205464987513,114205466357542
1971,19.710000000,triangle_f1,-0.018060000,2060,114205474968666,114205475341487
1972,19.720000000,triangle_f1,-0.017920000,2060,114205484978458,114205485340395
1973,19.730000000,triangle_f1,-0.017780000,2060,114205494966117,114205495350559
1974,19.740000000,triangle_f1,-0.017640000,2059,114205504977747,114205505343352
1975,19.750000000,triangle_f1,-0.017500000,2059,114205514981231,114205516344942
1976,19.760000000,triangle_f1,-0.017360000,2059,114205524969094,114205525349338
1977,19.770000000,triangle_f1,-0.017220000,2059,114205534976854,114205535340176
1978,19.780000000,triangle_f1,-0.017080000,2059,114205544967903,114205545346951
1979,19.790000000,triangle_f1,-0.016940000,2059,114205554978137,114205555326898
1980,19.800000000,triangle_f1,-0.016800000,2059,114205564983279,114205565308967
1981,19.810000000,triangle_f1,-0.016660000,2059,114205574967515,114205575286610
1982,19.820000000,triangle_f1,-0.016520000,2059,114205584967704,114205585291013
1983,19.830000000,triangle_f1,-0.016380000,2059,114205594966276,114205595285652
1984,19.840000000,triangle_f1,-0.016240000,2059,114205604964764,114205605290385
1985,19.850000000,triangle_f1,-0.016100000,2058,114205614965468,114205615290152
1986,19.860000000,triangle_f1,-0.015960000,2058,114205624973241,114205625290996
1987,19.870000000,triangle_f1,-0.015820000,2058,114205634980500,114205635288859
1988,19.880000000,triangle_f1,-0.015680000,2058,114205644968319,114205645288447
1989,19.890000000,triangle_f1,-0.015540000,2058,114205654968076,114205655287684
1990,19.900000000,triangle_f1,-0.015400000,2058,114205664976950,114205665289660
1991,19.910000000,triangle_f1,-0.015260000,2058,114205674966009,114205675288265
1992,19.920000000,triangle_f1,-0.015120000,2058,114205684968840,114205685286555
1993,19.930000000,triangle_f1,-0.014980000,2058,114205694968621,114205695288716
1994,19.940000000,triangle_f1,-0.014840000,2058,114205704967932,114205705288809
1995,19.950000000,triangle_f1,-0.014700000,2058,114205714980548,114205715289049
1996,19.960000000,triangle_f1,-0.014560000,2057,114205724966861,114205725284635
1997,19.970000000,triangle_f1,-0.014420000,2057,114205734982884,114205735303949
1998,19.980000000,triangle_f1,-0.014280000,2057,114205744967928,114205745296896
1999,19.990000000,triangle_f1,-0.014140000,2057,114205754978371,114205756290620
2000,20.000000000,triangle_f1,-0.014000000,2057,114205764978148,114205765288672
2001,20.010000000,triangle_f1,-0.013860000,2057,114205774968226,114205775298130
2002,20.020000000,triangle_f1,-0.013720000,2057,114205784983821,114205786322628
2003,20.030000000,triangle_f1,-0.013580000,2057,114205794969543,114205795328522
2004,20.040000000,triangle_f1,-0.013440000,2057,114205804976339,114205806409191
2005,20.050000000,triangle_f1,-0.013300000,2057,114205814985662,114205816451038
2006,20.060000000,triangle_f1,-0.013160000,2057,114205824968855,114205826334624
2007,20.070000000,triangle_f1,-0.013020000,2056,114205834981886,114205836339725
2008,20.080000000,triangle_f1,-0.012880000,2056,114205844968514,114205846340913
2009,20.090000000,triangle_f1,-0.012740000,2056,114205854978616,114205856335157
2010,20.100000000,triangle_f1,-0.012600000,2056,114205864981241,114205866345402
2011,20.110000000,triangle_f1,-0.012460000,2056,114205874967745,114205876327016
2012,20.120000000,triangle_f1,-0.012320000,2056,114205884973852,114205886474091
2013,20.130000000,triangle_f1,-0.012180000,2056,114205894981746,114205896331779
2014,20.140000000,triangle_f1,-0.012040000,2056,114205904972047,114205905299569
2015,20.150000000,triangle_f1,-0.011900000,2056,114205914966597,114205915298128
2016,20.160000000,triangle_f1,-0.011760000,2056,114205925047063,114205926293663
2017,20.170000000,triangle_f1,-0.011620000,2056,114205935048129,114205936304232
2018,20.180000000,triangle_f1,-0.011480000,2055,114205945047969,114205946306854
2019,20.190000000,triangle_f1,-0.011340000,2055,114205954988738,114205956313340
2020,20.200000000,triangle_f1,-0.011200000,2055,114205964983656,114205966351194
2021,20.210000000,triangle_f1,-0.011060000,2055,114205974967348,114205976303122
2022,20.220000000,triangle_f1,-0.010920000,2055,114205984982745,114205986306078
2023,20.230000000,triangle_f1,-0.010780000,2055,114205995044694,114205996351428
2024,20.240000000,triangle_f1,-0.010640000,2055,114206005051000,114206006321052
2025,20.250000000,triangle_f1,-0.010500000,2055,114206015020046,114206016346021
2026,20.260000000,triangle_f1,-0.010360000,2055,114206025050305,114206026325756
2027,20.270000000,triangle_f1,-0.010220000,2055,114206034990828,114206036313386
2028,20.280000000,triangle_f1,-0.010080000,2055,114206045062697,114206046323157
2029,20.290000000,triangle_f1,-0.009940000,2054,114206054992243,114206056290703
2030,20.300000000,triangle_f1,-0.009800000,2054,114206064986184,114206066308563
2031,20.310000000,triangle_f1,-0.009660000,2054,114206075038928,114206076308792
2032,20.320000000,triangle_f1,-0.009520000,2054,114206084982224,114206086301289
2033,20.330000000,triangle_f1,-0.009380000,2054,114206095052402,114206096306192
2034,20.340000000,triangle_f1,-0.009240000,2054,114206105049750,114206106287102
2035,20.350000000,triangle_f1,-0.009100000,2054,114206114982595,114206116315363
2036,20.360000000,triangle_f1,-0.008960000,2054,114206125044445,114206126288377
2037,20.370000000,triangle_f1,-0.008820000,2054,114206135038085,114206136283561
2038,20.380000000,triangle_f1,-0.008680000,2054,114206144969428,114206145282437
2039,20.390000000,triangle_f1,-0.008540000,2054,114206154968643,114206155277205
2040,20.400000000,triangle_f1,-0.008400000,2053,114206164965033,114206165274526
2041,20.410000000,triangle_f1,-0.008260000,2053,114206175047316,114206176272201
2042,20.420000000,triangle_f1,-0.008120000,2053,114206185048187,114206186269408
2043,20.430000000,triangle_f1,-0.007980000,2053,114206195042327,114206196285071
2044,20.440000000,triangle_f1,-0.007840000,2053,114206205045191,114206206291957
2045,20.450000000,triangle_f1,-0.007700000,2053,114206214986393,114206216302942
2046,20.460000000,triangle_f1,-0.007560000,2053,114206225050546,114206226302932
2047,20.470000000,triangle_f1,-0.007420000,2053,114206234981464,114206236301473
2048,20.480000000,triangle_f1,-0.007280000,2053,114206245053092,114206246314621
2049,20.490000000,triangle_f1,-0.007140000,2053,114206254989082,114206256316780
2050,20.500000000,triangle_f1,-0.007000000,2053,114206265031572,114206266358440
2051,20.510000000,triangle_f1,-0.006860000,2052,114206275047026,114206276318789
2052,20.520000000,triangle_f1,-0.006720000,2052,114206284985442,114206286309905
2053,20.530000000,triangle_f1,-0.006580000,2052,114206295049612,114206296329679
2054,20.540000000,triangle_f1,-0.006440000,2052,114206304978640,114206306325789
2055,20.550000000,triangle_f1,-0.006300000,2052,114206314969801,114206316332289
2056,20.560000000,triangle_f1,-0.006160000,2052,114206325045791,114206326328741
2057,20.570000000,triangle_f1,-0.006020000,2052,114206335053762,114206336343317
2058,20.580000000,triangle_f1,-0.005880000,2052,114206345057633,114206346327978
2059,20.590000000,triangle_f1,-0.005740000,2052,114206355056520,114206356328979
2060,20.600000000,triangle_f1,-0.005600000,2052,114206365048971,114206366304540
2061,20.610000000,triangle_f1,-0.005460000,2052,114206374991207,114206376262713
2062,20.620000000,triangle_f1,-0.005320000,2051,114206385051399,114206386274923
2063,20.630000000,triangle_f1,-0.005180000,2051,114206395051741,114206396263150
2064,20.640000000,triangle_f1,-0.005040000,2051,114206404963340,114206405282595
2065,20.650000000,triangle_f1,-0.004900000,2051,114206414983928,114206416289499
2066,20.660000000,triangle_f1,-0.004760000,2051,114206424970918,114206426289686
2067,20.670000000,triangle_f1,-0.004620000,2051,114206434968041,114206436293420
2068,20.680000000,triangle_f1,-0.004480000,2051,114206444966363,114206445281077
2069,20.690000000,triangle_f1,-0.004340000,2051,114206454980113,114206456320394
2070,20.700000000,triangle_f1,-0.004200000,2051,114206465043335,114206466306327
2071,20.710000000,triangle_f1,-0.004060000,2051,114206474998770,114206476320469
2072,20.720000000,triangle_f1,-0.003920000,2051,114206484977840,114206486308085
2073,20.730000000,triangle_f1,-0.003780000,2050,114206494995381,114206496301112
2074,20.740000000,triangle_f1,-0.003640000,2050,114206504973658,114206506292554
2075,20.750000000,triangle_f1,-0.003500000,2050,114206514970446,114206516295497
2076,20.760000000,triangle_f1,-0.003360000,2050,114206524976538,114206526285495
2077,20.770000000,triangle_f1,-0.003220000,2050,114206534986922,114206536304916
2078,20.780000000,triangle_f1,-0.003080000,2050,114206544969968,114206546288636
2079,20.790000000,triangle_f1,-0.002940000,2050,114206554967233,114206556287423
2080,20.800000000,triangle_f1,-0.002800000,2050,114206564967191,114206565288945
2081,20.810000000,triangle_f1,-0.002660000,2050,114206574981462,114206576291753
2082,20.820000000,triangle_f1,-0.002520000,2050,114206584992130,114206586267947
2083,20.830000000,triangle_f1,-0.002380000,2050,114206595044603,114206596308529
2084,20.840000000,triangle_f1,-0.002240000,2049,114206604980307,114206606253760
2085,20.850000000,triangle_f1,-0.002100000,2049,114206615003136,114206615245601
2086,20.860000000,triangle_f1,-0.001960000,2049,114206624981365,114206626250508
2087,20.870000000,triangle_f1,-0.001820000,2049,114206634985835,114206635246854
2088,20.880000000,triangle_f1,-0.001680000,2049,114206644969007,114206645257285
2089,20.890000000,triangle_f1,-0.001540000,2049,114206654982675,114206656276576
2090,20.900000000,triangle_f1,-0.001400000,2049,114206664970399,114206666279328
2091,20.910000000,triangle_f1,-0.001260000,2049,114206674980576,114206676284401
2092,20.920000000,triangle_f1,-0.001120000,2049,114206684981974,114206686297199
2093,20.930000000,triangle_f1,-0.000980000,2049,114206694969239,114206696288305
2094,20.940000000,triangle_f1,-0.000840000,2049,114206704970229,114206706295398
2095,20.950000000,triangle_f1,-0.000700000,2048,114206714968888,114206716288772
2096,20.960000000,triangle_f1,-0.000560000,2048,114206724980997,114206726298497
2097,20.970000000,triangle_f1,-0.000420000,2048,114206734982184,114206736300069
2098,20.980000000,triangle_f1,-0.000280000,2048,114206744969164,114206746289360
2099,20.990000000,triangle_f1,-0.000140000,2048,114206754977159,114206756246980
2100,21.000000000,triangle_f1,-0.000000000,2048,114206764970570,114206766304929
2101,21.010000000,triangle_f1,0.000140000,2048,114206774981935,114206776294107
2102,21.020000000,triangle_f1,0.000280000,2048,114206785057436,114206786327403
2103,21.030000000,triangle_f1,0.000420000,2048,114206794989933,114206796283717
2104,21.040000000,triangle_f1,0.000560000,2048,114206804969193,114206806269634
2105,21.050000000,triangle_f1,0.000700000,2048,114206815049461,114206816284646
2106,21.060000000,triangle_f1,0.000840000,2047,114206824999264,114206826291497
2107,21.070000000,triangle_f1,0.000980000,2047,114206834994490,114206836252972
2108,21.080000000,triangle_f1,0.001120000,2047,114206844985000,114206846239801
2109,21.090000000,triangle_f1,0.001260000,2047,114206855050684,114206856321553
2110,21.100000000,triangle_f1,0.001400000,2047,114206865033622,114206866251516
2111,21.110000000,triangle_f1,0.001540000,2047,114206875051720,114206876261200
2112,21.120000000,triangle_f1,0.001680000,2047,114206885017426,114206886247900
2113,21.130000000,triangle_f1,0.001820000,2047,114206894967828,114206896261694
2114,21.140000000,triangle_f1,0.001960000,2047,114206904974935,114206906279807
2115,21.150000000,triangle_f1,0.002100000,2047,114206914970410,114206916260814
2116,21.160000000,triangle_f1,0.002240000,2047,114206924967585,114206926271120
2117,21.170000000,triangle_f1,0.002380000,2046,114206934967474,114206936273508
2118,21.180000000,triangle_f1,0.002520000,2046,114206944968106,114206946275983
2119,21.190000000,triangle_f1,0.002660000,2046,114206954979945,114206956277419
2120,21.200000000,triangle_f1,0.002800000,2046,114206964966434,114206966265410
2121,21.210000000,triangle_f1,0.002940000,2046,114206974967224,114206976265182
2122,21.220000000,triangle_f1,0.003080000,2046,114206984967580,114206986260905
2123,21.230000000,triangle_f1,0.003220000,2046,114206994966361,114206996263106
2124,21.240000000,triangle_f1,0.003360000,2046,114207004977064,114207006251934
2125,21.250000000,triangle_f1,0.003500000,2046,114207014968210,114207016253450
2126,21.260000000,triangle_f1,0.003640000,2046,114207024967339,114207026260428
2127,21.270000000,triangle_f1,0.003780000,2046,114207034967249,114207036241235
2128,21.280000000,triangle_f1,0.003920000,2045,114207044966811,114207046271992
2129,21.290000000,triangle_f1,0.004060000,2045,114207054972163,114207056245540
2130,21.300000000,triangle_f1,0.004200000,2045,114207064965869,114207066266320
2131,21.310000000,triangle_f1,0.004340000,2045,114207074966234,114207075228683
2132,21.320000000,triangle_f1,0.004480000,2045,114207084965755,114207085224936
2133,21.330000000,triangle_f1,0.004620000,2045,114207094966879,114207096243590
2134,21.340000000,triangle_f1,0.004760000,2045,114207104965514,114207106231237
2135,21.350000000,triangle_f1,0.004900000,2045,114207114964642,114207115235407
2136,21.360000000,triangle_f1,0.005040000,2045,114207125049311,114207126268695
2137,21.370000000,triangle_f1,0.005180000,2045,114207135048453,114207136251738
2138,21.380000000,triangle_f1,0.005320000,2045,114207144975683,114207146279216
2139,21.390000000,triangle_f1,0.005460000,2044,114207155051581,114207156286647
2140,21.400000000,triangle_f1,0.005600000,2044,114207165045999,114207166435579
2141,21.410000000,triangle_f1,0.005740000,2044,114207175025746,114207176309392
2142,21.420000000,triangle_f1,0.005880000,2044,114207185051445,114207186271508
2143,21.430000000,triangle_f1,0.006020000,2044,114207195060169,114207196275863
2144,21.440000000,triangle_f1,0.006160000,2044,114207204986995,114207206251203
2145,21.450000000,triangle_f1,0.006300000,2044,114207215019745,114207216249935
2146,21.460000000,triangle_f1,0.006440000,2044,114207224983415,114207226281542
2147,21.470000000,triangle_f1,0.006580000,2044,114207235053667,114207236237532
2148,21.480000000,triangle_f1,0.006720000,2044,114207244973126,114207246261067
2149,21.490000000,triangle_f1,0.006860000,2044,114207254986555,114207256257662
2150,21.500000000,triangle_f1,0.007000000,2043,114207264969680,114207266248131
2151,21.510000000,triangle_f1,0.007140000,2043,114207274973424,114207276251594
2152,21.520000000,triangle_f1,0.007280000,2043,114207284968808,114207286234379
2153,21.530000000,triangle_f1,0.007420000,2043,114207294970194,114207296238877
2154,21.540000000,triangle_f1,0.007560000,2043,114207304980123,114207306225407
2155,21.550000000,triangle_f1,0.007700000,2043,114207314984712,114207316208493
2156,21.560000000,triangle_f1,0.007840000,2043,114207324967914,114207326204500
2157,21.570000000,triangle_f1,0.007980000,2043,114207334983711,114207336205423
2158,21.580000000,triangle_f1,0.008120000,2043,114207344970352,114207346214463
2159,21.590000000,triangle_f1,0.008260000,2043,114207354981858,114207356233624
2160,21.600000000,triangle_f1,0.008400000,2043,114207364985437,114207366252575
2161,21.610000000,triangle_f1,0.008540000,2042,114207374971000,114207376251597
2162,21.620000000,triangle_f1,0.008680000,2042,114207384976677,114207386270850
2163,21.630000000,triangle_f1,0.008820000,2042,114207394970563,114207396260842
2164,21.640000000,triangle_f1,0.008960000,2042,114207404968740,114207406218324
2165,21.650000000,triangle_f1,0.009100000,2042,114207414978989,114207416240788
2166,21.660000000,triangle_f1,0.009240000,2042,114207424969128,114207426243263
2167,21.670000000,triangle_f1,0.009380000,2042,114207434972245,114207436247828
2168,21.680000000,triangle_f1,0.009520000,2042,114207444975942,114207446207842
2169,21.690000000,triangle_f1,0.009660000,2042,114207454969105,114207456205440
2170,21.700000000,triangle_f1,0.009800000,2042,114207464961724,114207466206760
2171,21.710000000,triangle_f1,0.009940000,2042,114207474969191,114207476217435
2172,21.720000000,triangle_f1,0.010080000,2041,114207484977811,114207486217734
2173,21.730000000,triangle_f1,0.010220000,2041,114207494972713,114207496218436
2174,21.740000000,triangle_f1,0.010360000,2041,114207505053191,114207506212167
2175,21.750000000,triangle_f1,0.010500000,2041,114207515038017,114207516211566
2176,21.760000000,triangle_f1,0.010640000,2041,114207524989617,114207526208381
2177,21.770000000,triangle_f1,0.010780000,2041,114207534971375,114207536221309
2178,21.780000000,triangle_f1,0.010920000,2041,114207544971313,114207546205078
2179,21.790000000,triangle_f1,0.011060000,2041,114207554969861,114207556213991
2180,21.800000000,triangle_f1,0.011200000,2041,114207564964843,114207566201888
2181,21.810000000,triangle_f1,0.011340000,2041,114207574966671,114207576204014
2182,21.820000000,triangle_f1,0.011480000,2041,114207584967182,114207586202010
2183,21.830000000,triangle_f1,0.011620000,2040,114207594967177,114207595202005
2184,21.840000000,triangle_f1,0.011760000,2040,114207604969669,114207606206447
2185,21.850000000,triangle_f1,0.011900000,2040,114207614956169,114207615202391
2186,21.860000000,triangle_f1,0.012040000,2040,114207624966280,114207626202584
2187,21.870000000,triangle_f1,0.012180000,2040,114207634967009,114207636218181
2188,21.880000000,triangle_f1,0.012320000,2040,114207644970187,114207646235338
2189,21.890000000,triangle_f1,0.012460000,2040,114207654968871,114207656196176
2190,21.900000000,triangle_f1,0.012600000,2040,114207664965676,114207666224429
2191,21.910000000,triangle_f1,0.012740000,2040,114207674965518,114207676227291
2192,21.920000000,triangle_f1,0.012880000,2040,114207684966023,114207686225603
2193,21.930000000,triangle_f1,0.013020000,2040,114207694978111,114207696206034
2194,21.940000000,triangle_f1,0.013160000,2039,114207704969182,114207706196805
2195,21.950000000,triangle_f1,0.013300000,2039,114207714966874,114207716223004
2196,21.960000000,triangle_f1,0.013440000,2039,114207724968764,114207726227035
2197,21.970000000,triangle_f1,0.013580000,2039,114207734966960,114207736196919
2198,21.980000000,triangle_f1,0.013720000,2039,114207744970336,114207746184890
2199,21.990000000,triangle_f1,0.013860000,2039,114207754974683,114207756185187
2200,22.000000000,triangle_f1,0.014000000,2039,114207764967981,114207766191551
2201,22.010000000,triangle_f1,0.014140000,2039,114207774966335,114207776215108
2202,22.020000000,triangle_f1,0.014280000,2039,114207784965974,114207786204094
2203,22.030000000,triangle_f1,0.014420000,2039,114207795056978,114207796229304
2204,22.040000000,triangle_f1,0.014560000,2039,114207805049365,114207806205773
2205,22.050000000,triangle_f1,0.014700000,2038,114207814978493,114207816268605
2206,22.060000000,triangle_f1,0.014840000,2038,114207824983037,114207826244777
2207,22.070000000,triangle_f1,0.014980000,2038,114207834976826,114207836249362
2208,22.080000000,triangle_f1,0.015120000,2038,114207844971758,114207846236830
2209,22.090000000,triangle_f1,0.015260000,2038,114207854986097,114207856217392
2210,22.100000000,triangle_f1,0.015400000,2038,114207864973377,114207866267816
2211,22.110000000,triangle_f1,0.015540000,2038,114207874979928,114207876237634
2212,22.120000000,triangle_f1,0.015680000,2038,114207884984743,114207886240771
2213,22.130000000,triangle_f1,0.015820000,2038,114207894966789,114207896212428
2214,22.140000000,triangle_f1,0.015960000,2038,114207904977629,114207906206987
2215,22.150000000,triangle_f1,0.016100000,2038,114207914983026,114207916237741
2216,22.160000000,triangle_f1,0.016240000,2037,114207924972028,114207926232951
2217,22.170000000,triangle_f1,0.016380000,2037,114207934979204,114207936242503
2218,22.180000000,triangle_f1,0.016520000,2037,114207944971253,114207946255032
2219,22.190000000,triangle_f1,0.016660000,2037,114207954964940,114207956188091
2220,22.200000000,triangle_f1,0.016800000,2037,114207964980276,114207966188988
2221,22.210000000,triangle_f1,0.016940000,2037,114207974969537,114207976186121
2222,22.220000000,triangle_f1,0.017080000,2037,114207984982975,114207986192453
2223,22.230000000,triangle_f1,0.017220000,2037,114207994971424,114207996203912
2224,22.240000000,triangle_f1,0.017360000,2037,114208004964796,114208006210323
2225,22.250000000,triangle_f1,0.017500000,2037,114208014982038,114208016254456
2226,22.260000000,triangle_f1,0.017640000,2037,114208024970966,114208026233834
2227,22.270000000,triangle_f1,0.017780000,2036,114208034978800,114208036212932
2228,22.280000000,triangle_f1,0.017920000,2036,114208044972865,114208046214615
2229,22.290000000,triangle_f1,0.018060000,2036,114208054968158,114208056186166
2230,22.300000000,triangle_f1,0.018200000,2036,114208064969026,114208066233805
2231,22.310000000,triangle_f1,0.018340000,2036,114208074975011,114208076204166
2232,22.320000000,triangle_f1,0.018480000,2036,114208084978678,114208086188868
2233,22.330000000,triangle_f1,0.018620000,2036,114208094975821,114208096166041
2234,22.340000000,triangle_f1,0.018760000,2036,114208104970419,114208106173478
2235,22.350000000,triangle_f1,0.018900000,2036,114208114964034,114208116180919
2236,22.360000000,triangle_f1,0.019040000,2036,114208124975959,114208126176592
2237,22.370000000,triangle_f1,0.019180000,2035,114208134972737,114208136172300
2238,22.380000000,triangle_f1,0.019320000,2035,114208144969737,114208146190722
2239,22.390000000,triangle_f1,0.019460000,2035,114208154960096,114208156166722
2240,22.400000000,triangle_f1,0.019600000,2035,114208164961114,114208166162577
2241,22.410000000,triangle_f1,0.019740000,2035,114208174968101,114208176166831
2242,22.420000000,triangle_f1,0.019880000,2035,114208184962629,114208186166130
2243,22.430000000,triangle_f1,0.020020000,2035,114208194970367,114208196174672
2244,22.440000000,triangle_f1,0.020160000,2035,114208204963982,114208206172781
2245,22.450000000,triangle_f1,0.020300000,2035,114208214968984,114208216184872
2246,22.460000000,triangle_f1,0.020440000,2035,114208224968596,114208226204950
2247,22.470000000,triangle_f1,0.020580000,2035,114208234973439,114208236196353
2248,22.480000000,triangle_f1,0.020720000,2034,114208244970558,114208246183954
2249,22.490000000,triangle_f1,0.020860000,2034,114208254964315,114208256190832
2250,22.500000000,triangle_f1,0.021000000,2034,114208264975554,114208266214062
2251,22.510000000,triangle_f1,0.021140000,2034,114208274967773,114208276212013
2252,22.520000000,triangle_f1,0.021280000,2034,114208284977687,114208286211882
2253,22.530000000,triangle_f1,0.021420000,2034,114208294971538,114208296177706
2254,22.540000000,triangle_f1,0.021560000,2034,114208304973021,114208306182684
2255,22.550000000,triangle_f1,0.021700000,2034,114208314979696,114208316217762
2256,22.560000000,triangle_f1,0.021840000,2034,114208324969834,114208326210125
2257,22.570000000,triangle_f1,0.021980000,2034,114208334969923,114208336208196
2258,22.580000000,triangle_f1,0.022120000,2034,114208344969415,114208346197288
2259,22.590000000,triangle_f1,0.022260000,2033,114208354974445,114208356175565
2260,22.600000000,triangle_f1,0.022400000,2033,114208364980112,114208366190589
2261,22.610000000,triangle_f1,0.022540000,2033,114208374972876,114208376196237
2262,22.620000000,triangle_f1,0.022680000,2033,114208384977820,114208386178368
2263,22.630000000,triangle_f1,0.022820000,2033,114208394967330,114208396194826
2264,22.640000000,triangle_f1,0.022960000,2033,114208404969038,114208406169537
2265,22.650000000,triangle_f1,0.023100000,2033,114208414977932,114208416165666
2266,22.660000000,triangle_f1,0.023240000,2033,114208424967670,114208426162148
2267,22.670000000,triangle_f1,0.023380000,2033,114208434975973,114208436163234
2268,22.680000000,triangle_f1,0.023520000,2033,114208444966599,114208446174198
2269,22.690000000,triangle_f1,0.023660000,2033,114208454975308,114208456181039
2270,22.700000000,triangle_f1,0.023800000,2032,114208464979332,114208466209957
2271,22.710000000,triangle_f1,0.023940000,2032,114208474967418,114208476201446
2272,22.720000000,triangle_f1,0.024080000,2032,114208484977379,114208486219588
2273,22.730000000,triangle_f1,0.024220000,2032,114208494968876,114208496189543
2274,22.740000000,triangle_f1,0.024360000,2032,114208504972455,114208506155902
2275,22.750000000,triangle_f1,0.024500000,2032,114208514974955,114208516194236
2276,22.760000000,triangle_f1,0.024640000,2032,114208524967719,114208526183256
2277,22.770000000,triangle_f1,0.024780000,2032,114208534979177,114208536207418
2278,22.780000000,triangle_f1,0.024920000,2032,114208544970006,114208546188018
2279,22.790000000,triangle_f1,0.025060000,2032,114208554972345,114208556163245
2280,22.800000000,triangle_f1,0.025200000,2032,114208564977199,114208566201519
2281,22.810000000,triangle_f1,0.025340000,2031,114208574968321,114208576183685
2282,22.820000000,triangle_f1,0.025480000,2031,114208584978588,114208586199949
2283,22.830000000,triangle_f1,0.025620000,2031,114208594969571,114208596194877
2284,22.840000000,triangle_f1,0.025760000,2031,114208604975287,114208606163721
2285,22.850000000,triangle_f1,0.025900000,2031,114208614976879,114208616183119
2286,22.860000000,triangle_f1,0.026040000,2031,114208624968405,114208626182831
2287,22.870000000,triangle_f1,0.026180000,2031,114208634973680,114208636148059
2288,22.880000000,triangle_f1,0.026320000,2031,114208644968256,114208646142726
2289,22.890000000,triangle_f1,0.026460000,2031,114208654979046,114208656143946
2290,22.900000000,triangle_f1,0.026600000,2031,114208664971470,114208666152447
2291,22.910000000,triangle_f1,0.026740000,2031,114208674967865,114208676146698
2292,22.920000000,triangle_f1,0.026880000,2030,114208684975267,114208686153911
2293,22.930000000,triangle_f1,0.027020000,2030,114208694969600,114208696142961
2294,22.940000000,triangle_f1,0.027160000,2030,114208704970168,114208706142646
2295,22.950000000,triangle_f1,0.027300000,2030,114208714961789,114208716143985
2296,22.960000000,triangle_f1,0.027440000,2030,114208724968027,114208726154740
2297,22.970000000,triangle_f1,0.027580000,2030,114208734970919,114208736183835
2298,22.980000000,triangle_f1,0.027720000,2030,114208744969985,114208746187404
2299,22.990000000,triangle_f1,0.027860000,2030,114208754977537,114208756227925
2300,23.000000000,triangle_f1,0.028000000,2030,114208764979852,114208766242865
2301,23.010000000,triangle_f1,0.028140000,2030,114208774972963,114208776268580
2302,23.020000000,triangle_f1,0.028280000,2030,114208784986084,114208786197102
2303,23.030000000,triangle_f1,0.028420000,2029,114208794969707,114208796190781
2304,23.040000000,triangle_f1,0.028560000,2029,114208804976160,114208806218047
2305,23.050000000,triangle_f1,0.028700000,2029,114208814972505,114208816198719
2306,23.060000000,triangle_f1,0.028840000,2029,114208824968519,114208826172396
2307,23.070000000,triangle_f1,0.028980000,2029,114208834978248,114208836205686
2308,23.080000000,triangle_f1,0.029120000,2029,114208844969747,114208846195169
2309,23.090000000,triangle_f1,0.029260000,2029,114208854983632,114208856144480
2310,23.100000000,triangle_f1,0.029400000,2029,114208864985651,114208866144555
2311,23.110000000,triangle_f1,0.029540000,2029,114208874975403,114208876132742
2312,23.120000000,triangle_f1,0.029680000,2029,114208884990885,114208886129887
2313,23.130000000,triangle_f1,0.029820000,2029,114208894969140,114208896151850
2314,23.140000000,triangle_f1,0.029960000,2028,114208904976513,114208906179921
2315,23.150000000,triangle_f1,0.030100000,2028,114208914985494,114208916201164
2316,23.160000000,triangle_f1,0.030240000,2028,114208924969130,114208926161595
2317,23.170000000,triangle_f1,0.030380000,2028,114208934963290,114208936139257
2318,23.180000000,triangle_f1,0.030520000,2028,114208944972166,114208946152355
2319,23.190000000,triangle_f1,0.030660000,2028,114208954981789,114208956174257
2320,23.200000000,triangle_f1,0.030800000,2028,114208964986833,114208966196086
2321,23.210000000,triangle_f1,0.030940000,2028,114208974978606,114208976146111
2322,23.220000000,triangle_f1,0.031080000,2028,114208984983645,114208986125957
2323,23.230000000,triangle_f1,0.031220000,2028,114208994969322,114208996161054
2324,23.240000000,triangle_f1,0.031360000,2028,114209004977525,114209006183358
2325,23.250000000,triangle_f1,0.031500000,2027,114209014984270,114209016181605
2326,23.260000000,triangle_f1,0.031640000,2027,114209024967463,114209026146318
2327,23.270000000,triangle_f1,0.031780000,2027,114209034967811,114209036126331
2328,23.280000000,triangle_f1,0.031920000,2027,114209044963627,114209046150817
2329,23.290000000,triangle_f1,0.032060000,2027,114209054974966,114209056193236
2330,23.300000000,triangle_f1,0.032200000,2027,114209064967919,114209066160790
2331,23.310000000,triangle_f1,0.032340000,2027,114209074967868,114209076141905
2332,23.320000000,triangle_f1,0.032480000,2027,114209084967320,114209086135552
2333,23.330000000,triangle_f1,0.032620000,2027,114209094976613,114209096171209
2334,23.340000000,triangle_f1,0.032760000,2027,114209104975319,114209106178514
2335,23.350000000,triangle_f1,0.032900000,2027,114209114978978,114209116170195
2336,23.360000000,triangle_f1,0.033040000,2026,114209124968519,114209126159129
2337,23.370000000,triangle_f1,0.033180000,2026,114209134973501,114209136125902
2338,23.380000000,triangle_f1,0.033320000,2026,114209144966803,114209146144180
2339,23.390000000,triangle_f1,0.033460000,2026,114209154967204,114209156172551
2340,23.400000000,triangle_f1,0.033600000,2026,114209164967456,114209166164887
2341,23.410000000,triangle_f1,0.033740000,2026,114209174966971,114209176134692
2342,23.420000000,triangle_f1,0.033880000,2026,114209184975383,114209186126275
2343,23.430000000,triangle_f1,0.034020000,2026,114209194976616,114209196148846
2344,23.440000000,triangle_f1,0.034160000,2026,114209204971175,114209206141877
2345,23.450000000,triangle_f1,0.034300000,2026,114209214969388,114209216123986
2346,23.460000000,triangle_f1,0.034440000,2026,114209224928614,114209226150416
2347,23.470000000,triangle_f1,0.034580000,2025,114209234958850,114209236128530
2348,23.480000000,triangle_f1,0.034720000,2025,114209244962468,114209246128319
2349,23.490000000,triangle_f1,0.034860000,2025,114209254980514,114209256125668
2350,23.500000000,triangle_f1,0.035000000,2025,114209264972198,114209266131730
2351,23.510000000,triangle_f1,0.035140000,2025,114209274956715,114209276109682
2352,23.520000000,triangle_f1,0.035280000,2025,114209284966158,114209286100855
2353,23.530000000,triangle_f1,0.035420000,2025,114209294968686,114209296102252
2354,23.540000000,triangle_f1,0.035560000,2025,114209304969640,114209306101777
2355,23.550000000,triangle_f1,0.035700000,2025,114209314967413,114209316101631
2356,23.560000000,triangle_f1,0.035840000,2025,114209324964347,114209326100173
2357,23.570000000,triangle_f1,0.035980000,2025,114209334965896,114209336099625
2358,23.580000000,triangle_f1,0.036120000,2024,114209344965348,114209346099184
2359,23.590000000,triangle_f1,0.036260000,2024,114209354964037,114209356096177
2360,23.600000000,triangle_f1,0.036400000,2024,114209364964640,114209366099232
2361,23.610000000,triangle_f1,0.036540000,2024,114209374968028,114209376109859
2362,23.620000000,triangle_f1,0.036680000,2024,114209384964382,114209386116907
2363,23.630000000,triangle_f1,0.036820000,2024,114209394972987,114209396113153
2364,23.640000000,triangle_f1,0.036960000,2024,114209404966985,114209406112319
2365,23.650000000,triangle_f1,0.037100000,2024,114209414970839,114209416103353
2366,23.660000000,triangle_f1,0.037240000,2024,114209424985414,114209426110224
2367,23.670000000,triangle_f1,0.037380000,2024,114209434969232,114209436107550
2368,23.680000000,triangle_f1,0.037520000,2024,114209444967842,114209446099318
2369,23.690000000,triangle_f1,0.037660000,2023,114209454969242,114209456109033
2370,23.700000000,triangle_f1,0.037800000,2023,114209464975300,114209466109771
2371,23.710000000,triangle_f1,0.037940000,2023,114209474968246,114209476126071
2372,23.720000000,triangle_f1,0.038080000,2023,114209484971787,114209486101437
2373,23.730000000,triangle_f1,0.038220000,2023,114209494964575,114209496103789
2374,23.740000000,triangle_f1,0.038360000,2023,114209504965005,114209506116729
2375,23.750000000,triangle_f1,0.038500000,2023,114209514971906,114209516133903
2376,23.760000000,triangle_f1,0.038640000,2023,114209524976787,114209526111213
2377,23.770000000,triangle_f1,0.038780000,2023,114209534967435,114209536118906
2378,23.780000000,triangle_f1,0.038920000,2023,114209544964932,114209546109880
2379,23.790000000,triangle_f1,0.039060000,2023,114209554966579,114209556183741
2380,23.800000000,triangle_f1,0.039200000,2022,114209564970492,114209566147995
2381,23.810000000,triangle_f1,0.039340000,2022,114209574978729,114209576186757
2382,23.820000000,triangle_f1,0.039480000,2022,114209584967609,114209586178387
2383,23.830000000,triangle_f1,0.039620000,2022,114209594966312,114209596153813
2384,23.840000000,triangle_f1,0.039760000,2022,114209604967379,114209606140291
2385,23.850000000,triangle_f1,0.039900000,2022,114209614962151,114209616102465
2386,23.860000000,triangle_f1,0.040040000,2022,114209624970636,114209626112449
2387,23.870000000,triangle_f1,0.040180000,2022,114209634970874,114209636107669
2388,23.880000000,triangle_f1,0.040320000,2022,114209644967042,114209646126003
2389,23.890000000,triangle_f1,0.040460000,2022,114209654968831,114209656162679
2390,23.900000000,triangle_f1,0.040600000,2022,114209664971801,114209666162236
2391,23.910000000,triangle_f1,0.040740000,2021,114209674971832,114209676197856
2392,23.920000000,triangle_f1,0.040880000,2021,114209684968147,114209686160522
2393,23.930000000,triangle_f1,0.041020000,2021,114209694966224,114209696190913
2394,23.940000000,triangle_f1,0.041160000,2021,114209704967387,114209706160463
2395,23.950000000,triangle_f1,0.041300000,2021,114209714966168,114209716178486
2396,23.960000000,triangle_f1,0.041440000,2021,114209724981183,114209726154842
2397,23.970000000,triangle_f1,0.041580000,2021,114209734980994,114209736121056
2398,23.980000000,triangle_f1,0.041720000,2021,114209744970531,114209746142568
2399,23.990000000,triangle_f1,0.041860000,2021,114209754968627,114209756146174
2400,24.000000000,triangle_f1,0.042000000,2021,114209764968324,114209766150501
2401,24.010000000,triangle_f1,0.042140000,2021,114209774967140,114209776110063
2402,24.020000000,triangle_f1,0.042280000,2020,114209784966547,114209786098050
2403,24.030000000,triangle_f1,0.042420000,2020,114209794966837,114209796139534
2404,24.040000000,triangle_f1,0.042560000,2020,114209804968422,114209806131366
2405,24.050000000,triangle_f1,0.042700000,2020,114209814972009,114209816140699
2406,24.060000000,triangle_f1,0.042840000,2020,114209824967288,114209826113535
2407,24.070000000,triangle_f1,0.042980000,2020,114209834959254,114209836120766
2408,24.080000000,triangle_f1,0.043120000,2020,114209844965178,114209846183228
2409,24.090000000,triangle_f1,0.043260000,2020,114209854967771,114209856140066
2410,24.100000000,triangle_f1,0.043400000,2020,114209864968288,114209866153703
2411,24.110000000,triangle_f1,0.043540000,2020,114209874966421,114209876109618
2412,24.120000000,triangle_f1,0.043680000,2020,114209884961565,114209886091492
2413,24.130000000,triangle_f1,0.043820000,2019,114209894966543,114209896115886
2414,24.140000000,triangle_f1,0.043960000,2019,114209904968166,114209906182216
2415,24.150000000,triangle_f1,0.044100000,2019,114209914967725,114209916190233
2416,24.160000000,triangle_f1,0.044240000,2019,114209924966750,114209926124964
2417,24.170000000,triangle_f1,0.044380000,2019,114209934966792,114209936139501
2418,24.180000000,triangle_f1,0.044520000,2019,114209944966376,114209946125374
2419,24.190000000,triangle_f1,0.044660000,2019,114209954966579,114209956188957
2420,24.200000000,triangle_f1,0.044800000,2019,114209964967204,114209966193514
2421,24.210000000,triangle_f1,0.044940000,2019,114209974966331,114209976129096
2422,24.220000000,triangle_f1,0.045080000,2019,114209984961585,114209986160341
2423,24.230000000,triangle_f1,0.045220000,2019,114209994964917,114209996190204
2424,24.240000000,triangle_f1,0.045360000,2018,114210004965933,114210006185949
2425,24.250000000,triangle_f1,0.045500000,2018,114210014967243,114210016142685
2426,24.260000000,triangle_f1,0.045640000,2018,114210024966154,114210026165828
2427,24.270000000,triangle_f1,0.045780000,2018,114210034974639,114210036090676
2428,24.280000000,triangle_f1,0.045920000,2018,114210044966544,114210046114614
2429,24.290000000,triangle_f1,0.046060000,2018,114210054970073,114210056126295
2430,24.300000000,triangle_f1,0.046200000,2018,114210064966596,114210066121160
2431,24.310000000,triangle_f1,0.046340000,2018,114210074966513,114210076096844
2432,24.320000000,triangle_f1,0.046480000,2018,114210084960086,114210086073868
2433,24.330000000,triangle_f1,0.046620000,2018,114210094965029,114210096134663
2434,24.340000000,triangle_f1,0.046760000,2018,114210104967156,114210106133227
2435,24.350000000,triangle_f1,0.046900000,2017,114210114965810,114210116125458
2436,24.360000000,triangle_f1,0.047040000,2017,114210124966222,114210126116422
2437,24.370000000,triangle_f1,0.047180000,2017,114210134966202,114210136162446
2438,24.380000000,triangle_f1,0.047320000,2017,114210144965672,114210146167698
2439,24.390000000,triangle_f1,0.047460000,2017,114210154966179,114210156170405
2440,24.400000000,triangle_f1,0.047600000,2017,114210164966420,114210166128334
2441,24.410000000,triangle_f1,0.047740000,2017,114210174965906,114210176167141
2442,24.420000000,triangle_f1,0.047880000,2017,114210184966654,114210186166687
2443,24.430000000,triangle_f1,0.048020000,2017,114210194966303,114210196163458
2444,24.440000000,triangle_f1,0.048160000,2017,114210204967260,114210206169422
2445,24.450000000,triangle_f1,0.048300000,2017,114210214966244,114210216107781
2446,24.460000000,triangle_f1,0.048440000,2016,114210224966091,114210226095792
2447,24.470000000,triangle_f1,0.048580000,2016,114210234969597,114210236104353
2448,24.480000000,triangle_f1,0.048720000,2016,114210244966418,114210246134195
2449,24.490000000,triangle_f1,0.048860000,2016,114210254969387,114210256117816
2450,24.500000000,triangle_f1,0.049000000,2016,114210264968998,114210266109135
2451,24.510000000,triangle_f1,0.049140000,2016,114210274966651,114210276098674
2452,24.520000000,triangle_f1,0.049280000,2016,114210284967038,114210286108640
2453,24.530000000,triangle_f1,0.049420000,2016,114210294966729,114210296106130
2454,24.540000000,triangle_f1,0.049560000,2016,114210304966603,114210306097227
2455,24.550000000,triangle_f1,0.049700000,2016,114210314969978,114210316102940
2456,24.560000000,triangle_f1,0.049840000,2016,114210324966465,114210326093439
2457,24.570000000,triangle_f1,0.049980000,2015,114210334965938,114210336072679
2458,24.580000000,triangle_f1,0.050120000,2015,114210344965411,114210346098781
2459,24.590000000,triangle_f1,0.050260000,2015,114210354966502,114210356132310
2460,24.600000000,triangle_f1,0.050400000,2015,114210364966882,114210366105287
2461,24.610000000,triangle_f1,0.050540000,2015,114210374967051,114210376103735
2462,24.620000000,triangle_f1,0.050680000,2015,114210384965926,114210386121976
2463,24.630000000,triangle_f1,0.050820000,2015,114210394967051,114210396097098
2464,24.640000000,triangle_f1,0.050960000,2015,114210404973495,114210406104438
2465,24.650000000,triangle_f1,0.051100000,2015,114210414967321,114210416123202
2466,24.660000000,triangle_f1,0.051240000,2015,114210424971434,114210426098886
2467,24.670000000,triangle_f1,0.051380000,2015,114210434967658,114210436062234
2468,24.680000000,triangle_f1,0.051520000,2014,114210444964785,114210446061355
2469,24.690000000,triangle_f1,0.051660000,2014,114210454960246,114210456070316
2470,24.700000000,triangle_f1,0.051800000,2014,114210464964948,114210466059371
2471,24.710000000,triangle_f1,0.051940000,2014,114210474965288,114210476068908
2472,24.720000000,triangle_f1,0.052080000,2014,114210484965986,114210486074394
2473,24.730000000,triangle_f1,0.052220000,2014,114210494965604,114210496100262
2474,24.740000000,triangle_f1,0.052360000,2014,114210504966458,114210506116946
2475,24.750000000,triangle_f1,0.052500000,2014,114210514966464,114210516125556
2476,24.760000000,triangle_f1,0.052640000,2014,114210524966611,114210526098535
2477,24.770000000,triangle_f1,0.052780000,2014,114210534967146,114210536100118
2478,24.780000000,triangle_f1,0.052920000,2014,114210544967063,114210546163567
2479,24.790000000,triangle_f1,0.053060000,2013,114210554966459,114210556165566
2480,24.800000000,triangle_f1,0.053200000,2013,114210564969085,114210566145748
2481,24.810000000,triangle_f1,0.053340000,2013,114210574966556,114210576149283
2482,24.820000000,triangle_f1,0.053480000,2013,114210584974749,114210586165488
2483,24.830000000,triangle_f1,0.053620000,2013,114210594968561,114210596139329
2484,24.840000000,triangle_f1,0.053760000,2013,114210604969298,114210606123046
2485,24.850000000,triangle_f1,0.053900000,2013,114210614965378,114210616074342
2486,24.860000000,triangle_f1,0.054040000,2013,114210624966251,114210626076746
2487,24.870000000,triangle_f1,0.054180000,2013,114210634965813,114210636079283
2488,24.880000000,triangle_f1,0.054320000,2013,114210644966251,114210646075100
2489,24.890000000,triangle_f1,0.054460000,2012,114210655051856,114210656093886
2490,24.900000000,triangle_f1,0.054600000,2012,114210665045712,114210666098008
2491,24.910000000,triangle_f1,0.054740000,2012,114210675048795,114210676095806
2492,24.920000000,triangle_f1,0.054880000,2012,114210685045733,114210686096138
2493,24.930000000,triangle_f1,0.055020000,2012,114210695052953,114210696097746
2494,24.940000000,triangle_f1,0.055160000,2012,114210705044498,114210706085442
2495,24.950000000,triangle_f1,0.055300000,2012,114210715044423,114210716095904
2496,24.960000000,triangle_f1,0.055440000,2012,114210725045800,114210726083205
2497,24.970000000,triangle_f1,0.055580000,2012,114210735053482,114210736095907
2498,24.980000000,triangle_f1,0.055720000,2012,114210745044183,114210746090513
2499,24.990000000,triangle_f1,0.055860000,2012,114210755050440,114210756092951
2500,25.000000000,triangle_f1,0.056000000,2011,114210764992357,114210766091355
2501,25.010000000,triangle_f1,0.056140000,2011,114210775046070,114210776093623
2502,25.020000000,triangle_f1,0.056280000,2011,114210785047891,114210786094921
2503,25.030000000,triangle_f1,0.056420000,2011,114210795053407,114210796163928
2504,25.040000000,triangle_f1,0.056560000,2011,114210805047495,114210806160130
2505,25.050000000,triangle_f1,0.056700000,2011,114210815046633,114210816156888
2506,25.060000000,triangle_f1,0.056840000,2011,114210825047163,114210826163013
2507,25.070000000,triangle_f1,0.056980000,2011,114210835046680,114210836158057
2508,25.080000000,triangle_f1,0.057120000,2011,114210845047023,114210846137490
2509,25.090000000,triangle_f1,0.057260000,2011,114210854993429,114210856079251
2510,25.100000000,triangle_f1,0.057400000,2011,114210864966855,114210866083105
2511,25.110000000,triangle_f1,0.057540000,2010,114210874968060,114210876082892
2512,25.120000000,triangle_f1,0.057680000,2010,114210884970409,114210886086961
2513,25.130000000,triangle_f1,0.057820000,2010,114210894971100,114210896086670
2514,25.140000000,triangle_f1,0.057960000,2010,114210904968468,114210906079251
2515,25.150000000,triangle_f1,0.058100000,2010,114210914967151,114210916079367
2516,25.160000000,triangle_f1,0.058240000,2010,114210924966710,114210926075760
2517,25.170000000,triangle_f1,0.058380000,2010,114210934966945,114210936078992
2518,25.180000000,triangle_f1,0.058520000,2010,114210944967763,114210946076625
2519,25.190000000,triangle_f1,0.058660000,2010,114210954966818,114210956060839
2520,25.200000000,triangle_f1,0.058800000,2010,114210964966891,114210966095030
2521,25.210000000,triangle_f1,0.058940000,2010,114210974966002,114210976077947
2522,25.220000000,triangle_f1,0.059080000,2009,114210984973175,114210986063927
2523,25.230000000,triangle_f1,0.059220000,2009,114210994966036,114210996071881
2524,25.240000000,triangle_f1,0.059360000,2009,114211004966619,114211006064679
2525,25.250000000,triangle_f1,0.059500000,2009,114211014980885,114211016056705
2526,25.260000000,triangle_f1,0.059640000,2009,114211024966997,114211026058489
2527,25.270000000,triangle_f1,0.059780000,2009,114211034968051,114211036059138
2528,25.280000000,triangle_f1,0.059920000,2009,114211044969444,114211046066231
2529,25.290000000,triangle_f1,0.060060000,2009,114211054968371,114211056063640
2530,25.300000000,triangle_f1,0.060200000,2009,114211064966739,114211066062908
2531,25.310000000,triangle_f1,0.060340000,2009,114211074965676,114211076063232
2532,25.320000000,triangle_f1,0.060480000,2009,114211084969750,114211086065635
2533,25.330000000,triangle_f1,0.060620000,2008,114211094966153,114211096073663
2534,25.340000000,triangle_f1,0.060760000,2008,114211104965616,114211106060211
2535,25.350000000,triangle_f1,0.060900000,2008,114211114965798,114211116063728
2536,25.360000000,triangle_f1,0.061040000,2008,114211125043936,114211126068838
2537,25.370000000,triangle_f1,0.061180000,2008,114211135049203,114211136065536
2538,25.380000000,triangle_f1,0.061320000,2008,114211145054421,114211146071687
2539,25.390000000,triangle_f1,0.061460000,2008,114211155050730,114211156076819
2540,25.400000000,triangle_f1,0.061600000,2008,114211165044665,114211166066303
2541,25.410000000,triangle_f1,0.061740000,2008,114211175051609,114211176070710
2542,25.420000000,triangle_f1,0.061880000,2008,114211185046643,114211186082637
2543,25.430000000,triangle_f1,0.062020000,2008,114211195048469,114211196078745
2544,25.440000000,triangle_f1,0.062160000,2007,114211205049027,114211206087447
2545,25.450000000,triangle_f1,0.062300000,2007,114211215054199,114211216072787
2546,25.460000000,triangle_f1,0.062440000,2007,114211225044041,114211226069253
2547,25.470000000,triangle_f1,0.062580000,2007,114211235049085,114211236072897
2548,25.480000000,triangle_f1,0.062720000,2007,114211244978499,114211246082793
2549,25.490000000,triangle_f1,0.062860000,2007,114211254973421,114211256066533
2550,25.500000000,triangle_f1,0.063000000,2007,114211264971117,114211266064202
2551,25.510000000,triangle_f1,0.063140000,2007,114211274966548,114211276060806
2552,25.520000000,triangle_f1,0.063280000,2007,114211284970291,114211286063681
2553,25.530000000,triangle_f1,0.063420000,2007,114211294966427,114211296059531
2554,25.540000000,triangle_f1,0.063560000,2007,114211304965931,114211306064886
2555,25.550000000,triangle_f1,0.063700000,2006,114211314965841,114211316050850
2556,25.560000000,triangle_f1,0.063840000,2006,114211324965939,114211326058055
2557,25.570000000,triangle_f1,0.063980000,2006,114211334966873,114211336058305
2558,25.580000000,triangle_f1,0.064120000,2006,114211344967488,114211346057054
2559,25.590000000,triangle_f1,0.064260000,2006,114211354967594,114211356045623
2560,25.600000000,triangle_f1,0.064400000,2006,114211364970862,114211366064845
2561,25.610000000,triangle_f1,0.064540000,2006,114211374966240,114211376062913
2562,25.620000000,triangle_f1,0.064680000,2006,114211384970250,114211386069000
2563,25.630000000,triangle_f1,0.064820000,2006,114211394968889,114211396065719
2564,25.640000000,triangle_f1,0.064960000,2006,114211404967464,114211406045201
2565,25.650000000,triangle_f1,0.065100000,2006,114211414966946,114211416050045
2566,25.660000000,triangle_f1,0.065240000,2005,114211424967503,114211426044759
2567,25.670000000,triangle_f1,0.065380000,2005,114211434968783,114211436047307
2568,25.680000000,triangle_f1,0.065520000,2005,114211444969636,114211446043290
2569,25.690000000,triangle_f1,0.065660000,2005,114211454970719,114211456050045
2570,25.700000000,triangle_f1,0.065800000,2005,114211464969894,114211466051165
2571,25.710000000,triangle_f1,0.065940000,2005,114211474968518,114211476044807
2572,25.720000000,triangle_f1,0.066080000,2005,114211484969339,114211486047958
2573,25.730000000,triangle_f1,0.066220000,2005,114211494966220,114211496043075
2574,25.740000000,triangle_f1,0.066360000,2005,114211504965496,114211506102546
2575,25.750000000,triangle_f1,0.066500000,2005,114211514966560,114211516100608
2576,25.760000000,triangle_f1,0.066640000,2005,114211524965992,114211526101846
2577,25.770000000,triangle_f1,0.066780000,2004,114211534965500,114211536104364
2578,25.780000000,triangle_f1,0.066920000,2004,114211544965555,114211546046995
2579,25.790000000,triangle_f1,0.067060000,2004,114211554966897,114211556099368
2580,25.800000000,triangle_f1,0.067200000,2004,114211564965674,114211566102509
2581,25.810000000,triangle_f1,0.067340000,2004,114211574966690,114211576110614
2582,25.820000000,triangle_f1,0.067480000,2004,114211584968492,114211586115946
2583,25.830000000,triangle_f1,0.067620000,2004,114211594966330,114211596116500
2584,25.840000000,triangle_f1,0.067760000,2004,114211604967701,114211606112171
2585,25.850000000,triangle_f1,0.067900000,2004,114211614969409,114211616061447
2586,25.860000000,triangle_f1,0.068040000,2004,114211624965736,114211626041973
2587,25.870000000,triangle_f1,0.068180000,2004,114211634965783,114211636045953
2588,25.880000000,triangle_f1,0.068320000,2003,114211644965477,114211646043404
2589,25.890000000,triangle_f1,0.068460000,2003,114211654967030,114211656049055
2590,25.900000000,triangle_f1,0.068600000,2003,114211664965557,114211666045848
2591,25.910000000,triangle_f1,0.068740000,2003,114211674969224,114211676046955
2592,25.920000000,triangle_f1,0.068880000,2003,114211684969526,114211686045786
2593,25.930000000,triangle_f1,0.069020000,2003,114211694965692,114211696113909
2594,25.940000000,triangle_f1,0.069160000,2003,114211704966336,114211706052671
2595,25.950000000,triangle_f1,0.069300000,2003,114211714966094,114211716045820
2596,25.960000000,triangle_f1,0.069440000,2003,114211724966505,114211726043548
2597,25.970000000,triangle_f1,0.069580000,2003,114211734965672,114211736044372
2598,25.980000000,triangle_f1,0.069720000,2003,114211744966049,114211746042801
2599,25.990000000,triangle_f1,0.069860000,2002,114211755044622,114211756061343
2600,26.000000000,triangle_f1,0.070000000,2002,114211765044565,114211766074663
2601,26.010000000,triangle_f1,0.069860000,2002,114211775047498,114211776078166
2602,26.020000000,triangle_f1,0.069720000,2003,114211784968082,114211786038945
2603,26.030000000,triangle_f1,0.069580000,2003,114211794968183,114211796117241
2604,26.040000000,triangle_f1,0.069440000,2003,114211804967343,114211806084062
2605,26.050000000,triangle_f1,0.069300000,2003,114211814969718,114211816084558
2606,26.060000000,triangle_f1,0.069160000,2003,114211824967356,114211826085639
2607,26.070000000,triangle_f1,0.069020000,2003,114211834969174,114211836090535
2608,26.080000000,triangle_f1,0.068880000,2003,114211844969029,114211846028334
2609,26.090000000,triangle_f1,0.068740000,2003,114211854968455,114211856036121
2610,26.100000000,triangle_f1,0.068600000,2003,114211864966096,114211866025304
2611,26.110000000,triangle_f1,0.068460000,2003,114211874967986,114211876041720
2612,26.120000000,triangle_f1,0.068320000,2003,114211884966498,114211886043504
2613,26.130000000,triangle_f1,0.068180000,2004,114211894971532,114211896088082
2614,26.140000000,triangle_f1,0.068040000,2004,114211904968481,114211906032265
2615,26.150000000,triangle_f1,0.067900000,2004,114211914969895,114211916036611
2616,26.160000000,triangle_f1,0.067760000,2004,114211924967841,114211926024590
2617,26.170000000,triangle_f1,0.067620000,2004,114211934967488,114211936035095
2618,26.180000000,triangle_f1,0.067480000,2004,114211944966736,114211946021790
2619,26.190000000,triangle_f1,0.067340000,2004,114211954966785,114211956031212
2620,26.200000000,triangle_f1,0.067200000,2004,114211964966120,114211966026716
2621,26.210000000,triangle_f1,0.067060000,2004,114211974967826,114211976025178
2622,26.220000000,triangle_f1,0.066920000,2004,114211984969649,114211986028516
2623,26.230000000,triangle_f1,0.066780000,2004,114211994968130,114211996027230
2624,26.240000000,triangle_f1,0.066640000,2005,114212004967387,114212006029772
2625,26.250000000,triangle_f1,0.066500000,2005,114212014966374,114212016037899
2626,26.260000000,triangle_f1,0.066360000,2005,114212024968073,114212026024992
2627,26.270000000,triangle_f1,0.066220000,2005,114212034973345,114212036029917
2628,26.280000000,triangle_f1,0.066080000,2005,114212044968046,114212046022928
2629,26.290000000,triangle_f1,0.065940000,2005,114212055047702,114212056059136
2630,26.300000000,triangle_f1,0.065800000,2005,114212065045231,114212066077803
2631,26.310000000,triangle_f1,0.065660000,2005,114212075048347,114212076069142
2632,26.320000000,triangle_f1,0.065520000,2005,114212085051777,114212086070658
2633,26.330000000,triangle_f1,0.065380000,2005,114212095045285,114212096071602
2634,26.340000000,triangle_f1,0.065240000,2005,114212104986253,114212106067057
2635,26.350000000,triangle_f1,0.065100000,2006,114212115016843,114212116063381
2636,26.360000000,triangle_f1,0.064960000,2006,114212125045091,114212126050508
2637,26.370000000,triangle_f1,0.064820000,2006,114212135044834,114212136038913
2638,26.380000000,triangle_f1,0.064680000,2006,114212145050332,114212146036961
2639,26.390000000,triangle_f1,0.064540000,2006,114212155043034,114212156031250
2640,26.400000000,triangle_f1,0.064400000,2006,114212165052392,114212166035773
2641,26.410000000,triangle_f1,0.064260000,2006,114212175046217,114212176033555
2642,26.420000000,triangle_f1,0.064120000,2006,114212185050027,114212186036217
2643,26.430000000,triangle_f1,0.063980000,2006,114212195054761,114212196026893
2644,26.440000000,triangle_f1,0.063840000,2006,114212205052982,114212206034277
2645,26.450000000,triangle_f1,0.063700000,2006,114212215046015,114212216028982
2646,26.460000000,triangle_f1,0.063560000,2007,114212225048694,114212226034258
2647,26.470000000,triangle_f1,0.063420000,2007,114212235048054,114212236033855
2648,26.480000000,triangle_f1,0.063280000,2007,114212245052013,114212246037421
2649,26.490000000,triangle_f1,0.063140000,2007,114212255049391,114212256039890
2650,26.500000000,triangle_f1,0.063000000,2007,114212265017330,114212266020030
2651,26.510000000,triangle_f1,0.062860000,2007,114212275053033,114212276031132
2652,26.520000000,triangle_f1,0.062720000,2007,114212285047726,114212286028958
2653,26.530000000,triangle_f1,0.062580000,2007,114212295054807,114212296036163
2654,26.540000000,triangle_f1,0.062440000,2007,114212305051978,114212306035958
2655,26.550000000,triangle_f1,0.062300000,2007,114212315056708,114212316029960
2656,26.560000000,triangle_f1,0.062160000,2007,114212325046653,114212326039512
2657,26.570000000,triangle_f1,0.062020000,2008,114212335061047,114212336036106
2658,26.580000000,triangle_f1,0.061880000,2008,114212345047061,114212346065046
2659,26.590000000,triangle_f1,0.061740000,2008,114212355046314,114212356212468
2660,26.600000000,triangle_f1,0.061600000,2008,114212364996046,114212366125585
2661,26.610000000,triangle_f1,0.061460000,2008,114212375051197,114212376212142
2662,26.620000000,triangle_f1,0.061320000,2008,114212385042958,114212386214648
2663,26.630000000,triangle_f1,0.061180000,2008,114212395048560,114212396213189
2664,26.640000000,triangle_f1,0.061040000,2008,114212405055420,114212406202338
2665,26.650000000,triangle_f1,0.060900000,2008,114212414996020,114212416187759
2666,26.660000000,triangle_f1,0.060760000,2008,114212424985359,114212425964930
2667,26.670000000,triangle_f1,0.060620000,2008,114212434980325,114212435974132
2668,26.680000000,triangle_f1,0.060480000,2009,114212444972010,114212445953857
2669,26.690000000,triangle_f1,0.060340000,2009,114212454974146,114212455967241
2670,26.700000000,triangle_f1,0.060200000,2009,114212464971792,114212465966727
2671,26.710000000,triangle_f1,0.060060000,2009,114212474967783,114212475968412
2672,26.720000000,triangle_f1,0.059920000,2009,114212484968944,114212485968896
2673,26.730000000,triangle_f1,0.059780000,2009,114212494966731,114212495954500
2674,26.740000000,triangle_f1,0.059640000,2009,114212504972798,114212505969582
2675,26.750000000,triangle_f1,0.059500000,2009,114212514967043,114212515955858
2676,26.760000000,triangle_f1,0.059360000,2009,114212524974264,114212525967439
2677,26.770000000,triangle_f1,0.059220000,2009,114212534974028,114212535965035
2678,26.780000000,triangle_f1,0.059080000,2009,114212544965757,114212545968576
2679,26.790000000,triangle_f1,0.058940000,2010,114212554971098,114212555968829
2680,26.800000000,triangle_f1,0.058800000,2010,114212564965902,114212565979074
2681,26.810000000,triangle_f1,0.058660000,2010,114212574968649,114212575985993
2682,26.820000000,triangle_f1,0.058520000,2010,114212584969910,114212585973837
2683,26.830000000,triangle_f1,0.058380000,2010,114212594965744,114212595988673
2684,26.840000000,triangle_f1,0.058240000,2010,114212604965592,114212605963211
2685,26.850000000,triangle_f1,0.058100000,2010,114212614965125,114212615997511
2686,26.860000000,triangle_f1,0.057960000,2010,114212624972492,114212625981243
2687,26.870000000,triangle_f1,0.057820000,2010,114212634968436,114212635996785
2688,26.880000000,triangle_f1,0.057680000,2010,114212644966321,114212645993371
2689,26.890000000,triangle_f1,0.057540000,2010,114212654967833,114212655970929
2690,26.900000000,triangle_f1,0.057400000,2011,114212664967098,114212665994798
2691,26.910000000,triangle_f1,0.057260000,2011,114212674966032,114212675964733
2692,26.920000000,triangle_f1,0.057120000,2011,114212684969602,114212685978590
2693,26.930000000,triangle_f1,0.056980000,2011,114212694966354,114212695985402
2694,26.940000000,triangle_f1,0.056840000,2011,114212704966168,114212705967211
2695,26.950000000,triangle_f1,0.056700000,2011,114212714966095,114212715973650
2696,26.960000000,triangle_f1,0.056560000,2011,114212724966217,114212725973845
2697,26.970000000,triangle_f1,0.056420000,2011,114212734966397,114212735973530
2698,26.980000000,triangle_f1,0.056280000,2011,114212745045019,114212745998378
2699,26.990000000,triangle_f1,0.056140000,2011,114212755047887,114212755992341
2700,27.000000000,triangle_f1,0.056000000,2011,114212765046161,114212766024939
2701,27.010000000,triangle_f1,0.055860000,2012,114212775042597,114212775996915
2702,27.020000000,triangle_f1,0.055720000,2012,114212785050108,114212785988565
2703,27.030000000,triangle_f1,0.055580000,2012,114212795057235,114212795993588
2704,27.040000000,triangle_f1,0.055440000,2012,114212805046690,114212805993493
2705,27.050000000,triangle_f1,0.055300000,2012,114212815046307,114212816025422
2706,27.060000000,triangle_f1,0.055160000,2012,114212825054991,114212825995416
2707,27.070000000,triangle_f1,0.055020000,2012,114212835054367,114212835992935
2708,27.080000000,triangle_f1,0.054880000,2012,114212845054441,114212845992212
2709,27.090000000,triangle_f1,0.054740000,2012,114212855046831,114212855987383
2710,27.100000000,triangle_f1,0.054600000,2012,114212864994711,114212865996931
2711,27.110000000,triangle_f1,0.054460000,2012,114212875047583,114212875991599
2712,27.120000000,triangle_f1,0.054320000,2013,114212885058975,114212885993031
2713,27.130000000,triangle_f1,0.054180000,2013,114212895047035,114212896019156
2714,27.140000000,triangle_f1,0.054040000,2013,114212905048311,114212905987927
2715,27.150000000,triangle_f1,0.053900000,2013,114212915044727,114212915995837
2716,27.160000000,triangle_f1,0.053760000,2013,114212925044727,114212925992627
2717,27.170000000,triangle_f1,0.053620000,2013,114212935049646,114212935988430
2718,27.180000000,triangle_f1,0.053480000,2013,114212945056091,114212945996963
2719,27.190000000,triangle_f1,0.053340000,2013,114212955044732,114212955958033
2720,27.200000000,triangle_f1,0.053200000,2013,114212965045641,114212965943923
2721,27.210000000,triangle_f1,0.053060000,2013,114212975048341,114212975932284
2722,27.220000000,triangle_f1,0.052920000,2014,114212984968216,114212985940919
2723,27.230000000,triangle_f1,0.052780000,2014,114212994971473,114212995950614
2724,27.240000000,triangle_f1,0.052640000,2014,114213004966121,114213005945927
2725,27.250000000,triangle_f1,0.052500000,2014,114213014966937,114213015981265
2726,27.260000000,triangle_f1,0.052360000,2014,114213024966748,114213025973630
2727,27.270000000,triangle_f1,0.052220000,2014,114213034966038,114213035964411
2728,27.280000000,triangle_f1,0.052080000,2014,114213044966982,114213046031867
2729,27.290000000,triangle_f1,0.051940000,2014,114213054966448,114213055959484
2730,27.300000000,triangle_f1,0.051800000,2014,114213064965494,114213065951920
2731,27.310000000,triangle_f1,0.051660000,2014,114213074964936,114213075952223
2732,27.320000000,triangle_f1,0.051520000,2014,114213084971940,114213085958038
2733,27.330000000,triangle_f1,0.051380000,2015,114213094966969,114213095951122
2734,27.340000000,triangle_f1,0.051240000,2015,114213104966306,114213105954288
2735,27.350000000,triangle_f1,0.051100000,2015,114213114970582,114213115947936
2736,27.360000000,triangle_f1,0.050960000,2015,114213124966975,114213125963369
2737,27.370000000,triangle_f1,0.050820000,2015,114213135042439,114213135977372
2738,27.380000000,triangle_f1,0.050680000,2015,114213145051520,114213145981462
2739,27.390000000,triangle_f1,0.050540000,2015,114213155053505,114213155973007
2740,27.400000000,triangle_f1,0.050400000,2015,114213165053253,114213165978277
2741,27.410000000,triangle_f1,0.050260000,2015,114213174968762,114213175972379
2742,27.420000000,triangle_f1,0.050120000,2015,114213184968197,114213185954286
2743,27.430000000,triangle_f1,0.049980000,2015,114213194966754,114213195951453
2744,27.440000000,triangle_f1,0.049840000,2016,114213204965681,114213205951682
2745,27.450000000,triangle_f1,0.049700000,2016,114213214965567,114213215950686
2746,27.460000000,triangle_f1,0.049560000,2016,114213224966109,114213225954859
2747,27.470000000,triangle_f1,0.049420000,2016,114213234965725,114213235908863
2748,27.480000000,triangle_f1,0.049280000,2016,114213244977462,114213245994948
2749,27.490000000,triangle_f1,0.049140000,2016,114213254966215,114213255959764
2750,27.500000000,triangle_f1,0.049000000,2016,114213264966929,114213265957515
2751,27.510000000,triangle_f1,0.048860000,2016,114213274967569,114213276035373
2752,27.520000000,triangle_f1,0.048720000,2016,114213284967704,114213286024538
2753,27.530000000,triangle_f1,0.048580000,2016,114213294966215,114213296035616
2754,27.540000000,triangle_f1,0.048440000,2016,114213304966106,114213306019514
2755,27.550000000,triangle_f1,0.048300000,2017,114213314965731,114213316025570
2756,27.560000000,triangle_f1,0.048160000,2017,114213324991916,114213325977958
2757,27.570000000,triangle_f1,0.048020000,2017,114213334968558,114213336030165
2758,27.580000000,triangle_f1,0.047880000,2017,114213344976265,114213345977434
2759,27.590000000,triangle_f1,0.047740000,2017,114213354969287,114213355952769
2760,27.600000000,triangle_f1,0.047600000,2017,114213364966956,114213366030087
2761,27.610000000,triangle_f1,0.047460000,2017,114213374966413,114213376036356
2762,27.620000000,triangle_f1,0.047320000,2017,114213384970076,114213385955384
2763,27.630000000,triangle_f1,0.047180000,2017,114213394969372,114213395955308
2764,27.640000000,triangle_f1,0.047040000,2017,114213404966903,114213405956985
2765,27.650000000,triangle_f1,0.046900000,2017,114213414965993,114213415961974
2766,27.660000000,triangle_f1,0.046760000,2018,114213424966688,114213425942331
2767,27.670000000,triangle_f1,0.046620000,2018,114213434967695,114213435958613
2768,27.680000000,triangle_f1,0.046480000,2018,114213444966328,114213445952282
2769,27.690000000,triangle_f1,0.046340000,2018,114213454968680,114213456027594
2770,27.700000000,triangle_f1,0.046200000,2018,114213464965756,114213466010260
2771,27.710000000,triangle_f1,0.046060000,2018,114213474968196,114213476034474
2772,27.720000000,triangle_f1,0.045920000,2018,114213484968255,114213486009500
2773,27.730000000,triangle_f1,0.045780000,2018,114213494966713,114213495942156
2774,27.740000000,triangle_f1,0.045640000,2018,114213504965745,114213505940423
2775,27.750000000,triangle_f1,0.045500000,2018,114213514966122,114213515957915
2776,27.760000000,triangle_f1,0.045360000,2018,114213524965808,114213525944995
2777,27.770000000,triangle_f1,0.045220000,2019,114213534965815,114213535936539
2778,27.780000000,triangle_f1,0.045080000,2019,114213544966031,114213545932447
2779,27.790000000,triangle_f1,0.044940000,2019,114213554966622,114213555947045
2780,27.800000000,triangle_f1,0.044800000,2019,114213564972962,114213565939708
2781,27.810000000,triangle_f1,0.044660000,2019,114213574997885,114213575907545
2782,27.820000000,triangle_f1,0.044520000,2019,114213584967872,114213585906677
2783,27.830000000,triangle_f1,0.044380000,2019,114213594967519,114213595899159
2784,27.840000000,triangle_f1,0.044240000,2019,114213604965401,114213605894980
2785,27.850000000,triangle_f1,0.044100000,2019,114213614967517,114213615895766
2786,27.860000000,triangle_f1,0.043960000,2019,114213624965854,114213625902931
2787,27.870000000,triangle_f1,0.043820000,2019,114213634971340,114213635897144
2788,27.880000000,triangle_f1,0.043680000,2020,114213644969099,114213645894505
2789,27.890000000,triangle_f1,0.043540000,2020,114213654970771,114213655902065
2790,27.900000000,triangle_f1,0.043400000,2020,114213664965224,114213665902780
2791,27.910000000,triangle_f1,0.043260000,2020,114213674964764,114213675919498
2792,27.920000000,triangle_f1,0.043120000,2020,114213684967085,114213685946667
2793,27.930000000,triangle_f1,0.042980000,2020,114213694966739,114213696008929
2794,27.940000000,triangle_f1,0.042840000,2020,114213704966268,114213705903483
2795,27.950000000,triangle_f1,0.042700000,2020,114213714964512,114213715912971
2796,27.960000000,triangle_f1,0.042560000,2020,114213724965456,114213725926842
2797,27.970000000,triangle_f1,0.042420000,2020,114213734966460,114213735954877
2798,27.980000000,triangle_f1,0.042280000,2020,114213744966058,114213745937289
2799,27.990000000,triangle_f1,0.042140000,2021,114213754966439,114213755932192
2800,28.000000000,triangle_f1,0.042000000,2021,114213764965982,114213765930809
2801,28.010000000,triangle_f1,0.041860000,2021,114213774966055,114213775940085
2802,28.020000000,triangle_f1,0.041720000,2021,114213784967180,114213785940873
2803,28.030000000,triangle_f1,0.041580000,2021,114213794966164,114213795930021
2804,28.040000000,triangle_f1,0.041440000,2021,114213804966382,114213805932386
2805,28.050000000,triangle_f1,0.041300000,2021,114213814966208,114213815934766
2806,28.060000000,triangle_f1,0.041160000,2021,114213825054157,114213825930765
2807,28.070000000,triangle_f1,0.041020000,2021,114213835045861,114213835931916
2808,28.080000000,triangle_f1,0.040880000,2021,114213845048294,114213845955703
2809,28.090000000,triangle_f1,0.040740000,2021,114213855051494,114213855936165
2810,28.100000000,triangle_f1,0.040600000,2022,114213865050039,114213865930778
2811,28.110000000,triangle_f1,0.040460000,2022,114213875048319,114213875931525
2812,28.120000000,triangle_f1,0.040320000,2022,114213885047116,114213885931522
2813,28.130000000,triangle_f1,0.040180000,2022,114213895046712,114213895928541
2814,28.140000000,triangle_f1,0.040040000,2022,114213905042827,114213905923618
2815,28.150000000,triangle_f1,0.039900000,2022,114213915049760,114213915930823
2816,28.160000000,triangle_f1,0.039760000,2022,114213925046155,114213925931477
2817,28.170000000,triangle_f1,0.039620000,2022,114213935049572,114213935932301
2818,28.180000000,triangle_f1,0.039480000,2022,114213945052050,114213945934355
2819,28.190000000,triangle_f1,0.039340000,2022,114213955056087,114213955934609
2820,28.200000000,triangle_f1,0.039200000,2022,114213965053525,114213965929754
2821,28.210000000,triangle_f1,0.039060000,2023,114213975048165,114213975945852
2822,28.220000000,triangle_f1,0.038920000,2023,114213985066267,114213985921424
2823,28.230000000,triangle_f1,0.038780000,2023,114213995059819,114213995992506
2824,28.240000000,triangle_f1,0.038640000,2023,114214005052335,114214005995561
2825,28.250000000,triangle_f1,0.038500000,2023,114214015043279,114214016018974
2826,28.260000000,triangle_f1,0.038360000,2023,114214025046653,114214025934985
2827,28.270000000,triangle_f1,0.038220000,2023,114214035045937,114214035928668
2828,28.280000000,triangle_f1,0.038080000,2023,114214045049016,114214045951160
2829,28.290000000,triangle_f1,0.037940000,2023,114214055048204,114214055929363
2830,28.300000000,triangle_f1,0.037800000,2023,114214065048245,114214065927688
2831,28.310000000,triangle_f1,0.037660000,2023,114214075045495,114214075933925
2832,28.320000000,triangle_f1,0.037520000,2024,114214085054176,114214085936777
2833,28.330000000,triangle_f1,0.037380000,2024,114214095040342,114214095928749
2834,28.340000000,triangle_f1,0.037240000,2024,114214105045735,114214105932323
2835,28.350000000,triangle_f1,0.037100000,2024,114214115042520,114214115931810
2836,28.360000000,triangle_f1,0.036960000,2024,114214125047227,114214125927349
2837,28.370000000,triangle_f1,0.036820000,2024,114214135044315,114214135927170
2838,28.380000000,triangle_f1,0.036680000,2024,114214145048677,114214145929007
2839,28.390000000,triangle_f1,0.036540000,2024,114214155047245,114214155929489
2840,28.400000000,triangle_f1,0.036400000,2024,114214164992896,114214165930741
2841,28.410000000,triangle_f1,0.036260000,2024,114214175042258,114214175931203
2842,28.420000000,triangle_f1,0.036120000,2024,114214185048706,114214185922245
2843,28.430000000,triangle_f1,0.035980000,2025,114214195053560,114214195930941
2844,28.440000000,triangle_f1,0.035840000,2025,114214205041151,114214205933104
2845,28.450000000,triangle_f1,0.035700000,2025,114214215046646,114214215929526
2846,28.460000000,triangle_f1,0.035560000,2025,114214225050220,114214225928086
2847,28.470000000,triangle_f1,0.035420000,2025,114214235053078,114214235912459
2848,28.480000000,triangle_f1,0.035280000,2025,114214245052441,114214245932153
2849,28.490000000,triangle_f1,0.035140000,2025,114214255059068,114214255917060
2850,28.500000000,triangle_f1,0.035000000,2025,114214264998443,114214265928963
2851,28.510000000,triangle_f1,0.034860000,2025,114214275058651,114214275931489
2852,28.520000000,triangle_f1,0.034720000,2025,114214285047222,114214285912420
2853,28.530000000,triangle_f1,0.034580000,2025,114214295053472,114214295907505
2854,28.540000000,triangle_f1,0.034440000,2026,114214305044904,114214305915539
2855,28.550000000,triangle_f1,0.034300000,2026,114214315050301,114214315905893
2856,28.560000000,triangle_f1,0.034160000,2026,114214325042010,114214325913299
2857,28.570000000,triangle_f1,0.034020000,2026,114214335055356,114214335910973
2858,28.580000000,triangle_f1,0.033880000,2026,114214345052401,114214345909607
2859,28.590000000,triangle_f1,0.033740000,2026,114214355051326,114214355919991
2860,28.600000000,triangle_f1,0.033600000,2026,114214364996919,114214365907828
2861,28.610000000,triangle_f1,0.033460000,2026,114214375053191,114214375911093
2862,28.620000000,triangle_f1,0.033320000,2026,114214385051695,114214385906775
2863,28.630000000,triangle_f1,0.033180000,2026,114214395052073,114214395907692
2864,28.640000000,triangle_f1,0.033040000,2026,114214405047960,114214405906889
2865,28.650000000,triangle_f1,0.032900000,2027,114214415050653,114214415907151
2866,28.660000000,triangle_f1,0.032760000,2027,114214425047744,114214425908044
2867,28.670000000,triangle_f1,0.032620000,2027,114214434977101,114214435912301
2868,28.680000000,triangle_f1,0.032480000,2027,114214444970322,114214445910216
2869,28.690000000,triangle_f1,0.032340000,2027,114214454968212,114214455917973
2870,28.700000000,triangle_f1,0.032200000,2027,114214464969262,114214465922029
2871,28.710000000,triangle_f1,0.032060000,2027,114214474968974,114214475924275
2872,28.720000000,triangle_f1,0.031920000,2027,114214485096374,114214485911469
2873,28.730000000,triangle_f1,0.031780000,2027,114214495043966,114214495913874
2874,28.740000000,triangle_f1,0.031640000,2027,114214505047051,114214505947496
2875,28.750000000,triangle_f1,0.031500000,2027,114214514988650,114214515910116
2876,28.760000000,triangle_f1,0.031360000,2028,114214524989958,114214525910815
2877,28.770000000,triangle_f1,0.031220000,2028,114214535047111,114214535913096
2878,28.780000000,triangle_f1,0.031080000,2028,114214545049691,114214545908103
2879,28.790000000,triangle_f1,0.030940000,2028,114214555052608,114214555908824
2880,28.800000000,triangle_f1,0.030800000,2028,114214565055153,114214565908576
2881,28.810000000,triangle_f1,0.030660000,2028,114214575048410,114214575911473
2882,28.820000000,triangle_f1,0.030520000,2028,114214585048617,114214585914986
2883,28.830000000,triangle_f1,0.030380000,2028,114214595050609,114214595910616
2884,28.840000000,triangle_f1,0.030240000,2028,114214605046827,114214605906392
2885,28.850000000,triangle_f1,0.030100000,2028,114214615048005,114214615909030
2886,28.860000000,triangle_f1,0.029960000,2028,114214624989733,114214625913298
2887,28.870000000,triangle_f1,0.029820000,2029,114214635051423,114214635911957
2888,28.880000000,triangle_f1,0.029680000,2029,114214645045479,114214645890900
2889,28.890000000,triangle_f1,0.029540000,2029,114214655054107,114214655890220
2890,28.900000000,triangle_f1,0.029400000,2029,114214665058628,114214665890693
2891,28.910000000,triangle_f1,0.029260000,2029,114214674982181,114214675898597
2892,28.920000000,triangle_f1,0.029120000,2029,114214685046317,114214685890707
2893,28.930000000,triangle_f1,0.028980000,2029,114214695052152,114214695889876
2894,28.940000000,triangle_f1,0.028840000,2029,114214705051297,114214705884967
2895,28.950000000,triangle_f1,0.028700000,2029,114214715047275,114214715889077
2896,28.960000000,triangle_f1,0.028560000,2029,114214725056287,114214725888089
2897,28.970000000,triangle_f1,0.028420000,2029,114214735047064,114214735907549
2898,28.980000000,triangle_f1,0.028280000,2030,114214745047399,114214745907884
2899,28.990000000,triangle_f1,0.028140000,2030,114214755043610,114214755892111
2900,29.000000000,triangle_f1,0.028000000,2030,114214765045392,114214765888304
2901,29.010000000,triangle_f1,0.027860000,2030,114214775041574,114214775890699
2902,29.020000000,triangle_f1,0.027720000,2030,114214784997715,114214785889274
2903,29.030000000,triangle_f1,0.027580000,2030,114214794977314,114214795885792
2904,29.040000000,triangle_f1,0.027440000,2030,114214804972503,114214805875183
2905,29.050000000,triangle_f1,0.027300000,2030,114214814967102,114214815882607
2906,29.060000000,triangle_f1,0.027160000,2030,114214825059938,114214825889369
2907,29.070000000,triangle_f1,0.027020000,2030,114214835053587,114214835889513
2908,29.080000000,triangle_f1,0.026880000,2030,114214845048407,114214845892607
2909,29.090000000,triangle_f1,0.026740000,2031,114214855045616,114214855887376
2910,29.100000000,triangle_f1,0.026600000,2031,114214865049727,114214865887027
2911,29.110000000,triangle_f1,0.026460000,2031,114214875047874,114214875887558
2912,29.120000000,triangle_f1,0.026320000,2031,114214885055367,114214885891596
2913,29.130000000,triangle_f1,0.026180000,2031,114214895042231,114214895887997
2914,29.140000000,triangle_f1,0.026040000,2031,114214905050326,114214905886168
2915,29.150000000,triangle_f1,0.025900000,2031,114214914996026,114214915891500
2916,29.160000000,triangle_f1,0.025760000,2031,114214925041998,114214925885746
2917,29.170000000,triangle_f1,0.025620000,2031,114214935046740,114214935892979
2918,29.180000000,triangle_f1,0.025480000,2031,114214945053173,114214945885943
2919,29.190000000,triangle_f1,0.025340000,2031,114214955047569,114214955886643
2920,29.200000000,triangle_f1,0.025200000,2032,114214965055399,114214965889237
2921,29.210000000,triangle_f1,0.025060000,2032,114214975043414,114214975893336
2922,29.220000000,triangle_f1,0.024920000,2032,114214985051607,114214985900297
2923,29.230000000,triangle_f1,0.024780000,2032,114214995051594,114214995886252
2924,29.240000000,triangle_f1,0.024640000,2032,114215005046330,114215005891838
2925,29.250000000,triangle_f1,0.024500000,2032,114215015053786,114215015887149
2926,29.260000000,triangle_f1,0.024360000,2032,114215025052652,114215025886027
2927,29.270000000,triangle_f1,0.024220000,2032,114215035053495,114215035890458
2928,29.280000000,triangle_f1,0.024080000,2032,114215045048895,114215045890653
2929,29.290000000,triangle_f1,0.023940000,2032,114215055045817,114215055884943
2930,29.300000000,triangle_f1,0.023800000,2032,114215065055401,114215065886200
2931,29.310000000,triangle_f1,0.023660000,2033,114215075045485,114215075866538
2932,29.320000000,triangle_f1,0.023520000,2033,114215085052471,114215085888335
2933,29.330000000,triangle_f1,0.023380000,2033,114215095055200,114215095870187
2934,29.340000000,triangle_f1,0.023240000,2033,114215105045067,114215105866942
2935,29.350000000,triangle_f1,0.023100000,2033,114215115047156,114215115866759
2936,29.360000000,triangle_f1,0.022960000,2033,114215125047070,114215125868919
2937,29.370000000,triangle_f1,0.022820000,2033,114215135047661,114215135868351
2938,29.380000000,triangle_f1,0.022680000,2033,114215145047710,114215145867047
2939,29.390000000,triangle_f1,0.022540000,2033,114215155047866,114215155863387
2940,29.400000000,triangle_f1,0.022400000,2033,114215165055301,114215165865532
2941,29.410000000,triangle_f1,0.022260000,2033,114215175054449,114215175869481
2942,29.420000000,triangle_f1,0.022120000,2034,114215185053688,114215185864578
2943,29.430000000,triangle_f1,0.021980000,2034,114215195055861,114215195865791
2944,29.440000000,triangle_f1,0.021840000,2034,114215205053968,114215205872781
2945,29.450000000,triangle_f1,0.021700000,2034,114215215049033,114215215867267
2946,29.460000000,triangle_f1,0.021560000,2034,114215225060887,114215225870397
2947,29.470000000,triangle_f1,0.021420000,2034,114215235049881,114215235865380
2948,29.480000000,triangle_f1,0.021280000,2034,114215245054291,114215245878242
2949,29.490000000,triangle_f1,0.021140000,2034,114215254995309,114215255877384
2950,29.500000000,triangle_f1,0.021000000,2034,114215264969923,114215265859702
2951,29.510000000,triangle_f1,0.020860000,2034,114215274966564,114215275853575
2952,29.520000000,triangle_f1,0.020720000,2034,114215284973614,114215285859934
2953,29.530000000,triangle_f1,0.020580000,2035,114215294966627,114215295851012
2954,29.540000000,triangle_f1,0.020440000,2035,114215305044973,114215305856788
2955,29.550000000,triangle_f1,0.020300000,2035,114215315044949,114215315866088
2956,29.560000000,triangle_f1,0.020160000,2035,114215325044343,114215325868537
2957,29.570000000,triangle_f1,0.020020000,2035,114215335049220,114215335869584
2958,29.580000000,triangle_f1,0.019880000,2035,114215345051332,114215345864643
2959,29.590000000,triangle_f1,0.019740000,2035,114215355052144,114215355865004
2960,29.600000000,triangle_f1,0.019600000,2035,114215365050587,114215365867655
2961,29.610000000,triangle_f1,0.019460000,2035,114215375054447,114215375865004
2962,29.620000000,triangle_f1,0.019320000,2035,114215384979490,114215385870756
2963,29.630000000,triangle_f1,0.019180000,2035,114215395051446,114215395865691
2964,29.640000000,triangle_f1,0.019040000,2036,114215405059792,114215405868353
2965,29.650000000,triangle_f1,0.018900000,2036,114215415048814,114215415866641
2966,29.660000000,triangle_f1,0.018760000,2036,114215425046433,114215425865424
2967,29.670000000,triangle_f1,0.018620000,2036,114215435050254,114215435888587
2968,29.680000000,triangle_f1,0.018480000,2036,114215445043103,114215445868273
2969,29.690000000,triangle_f1,0.018340000,2036,114215455048125,114215455868633
2970,29.700000000,triangle_f1,0.018200000,2036,114215465062910,114215465870930
2971,29.710000000,triangle_f1,0.018060000,2036,114215475050686,114215475865633
2972,29.720000000,triangle_f1,0.017920000,2036,114215484979540,114215485871201
2973,29.730000000,triangle_f1,0.017780000,2036,114215495046068,114215495855373
2974,29.740000000,triangle_f1,0.017640000,2037,114215505034408,114215505853101
2975,29.750000000,triangle_f1,0.017500000,2037,114215514965303,114215515814045
2976,29.760000000,triangle_f1,0.017360000,2037,114215524967920,114215525821789
2977,29.770000000,triangle_f1,0.017220000,2037,114215534967721,114215535829261
2978,29.780000000,triangle_f1,0.017080000,2037,114215544972214,114215545829420
2979,29.790000000,triangle_f1,0.016940000,2037,114215554966354,114215555831103
2980,29.800000000,triangle_f1,0.016800000,2037,114215565058691,114215565841597
2981,29.810000000,triangle_f1,0.016660000,2037,114215575041803,114215575846724
2982,29.820000000,triangle_f1,0.016520000,2037,114215584978930,114215585843771
2983,29.830000000,triangle_f1,0.016380000,2037,114215595045055,114215595857274
2984,29.840000000,triangle_f1,0.016240000,2037,114215605053951,114215605844505
2985,29.850000000,triangle_f1,0.016100000,2038,114215615054938,114215615842708
2986,29.860000000,triangle_f1,0.015960000,2038,114215625045402,114215625844355
2987,29.870000000,triangle_f1,0.015820000,2038,114215634989654,114215635846105
2988,29.880000000,triangle_f1,0.015680000,2038,114215645048014,114215645857206
2989,29.890000000,triangle_f1,0.015540000,2038,114215655060071,114215655851080
2990,29.900000000,triangle_f1,0.015400000,2038,114215665044986,114215665849355
2991,29.910000000,triangle_f1,0.015260000,2038,114215675050454,114215675848255
2992,29.920000000,triangle_f1,0.015120000,2038,114215684979482,114215685844349
2993,29.930000000,triangle_f1,0.014980000,2038,114215695050590,114215695844687
2994,29.940000000,triangle_f1,0.014840000,2038,114215705048128,114215705844521
2995,29.950000000,triangle_f1,0.014700000,2038,114215715053189,114215715847976
2996,29.960000000,triangle_f1,0.014560000,2039,114215725049742,114215725831804
2997,29.970000000,triangle_f1,0.014420000,2039,114215735048474,114215735849104
2998,29.980000000,triangle_f1,0.014280000,2039,114215745045383,114215745840689
2999,29.990000000,triangle_f1,0.014140000,2039,114215755058678,114215755842211
3000,30.000000000,triangle_f1,0.014000000,2039,114215765045409,114215765849687
3001,30.010000000,triangle_f1,0.013860000,2039,114215775048028,114215775852484
3002,30.020000000,triangle_f1,0.013720000,2039,114215784979112,114215785847786
3003,30.030000000,triangle_f1,0.013580000,2039,114215795048430,114215795850870
3004,30.040000000,triangle_f1,0.013440000,2039,114215805050923,114215805845116
3005,30.050000000,triangle_f1,0.013300000,2039,114215815048783,114215815851130
3006,30.060000000,triangle_f1,0.013160000,2039,114215825046164,114215825848955
3007,30.070000000,triangle_f1,0.013020000,2040,114215835045070,114215835852812
3008,30.080000000,triangle_f1,0.012880000,2040,114215845064419,114215845842128
3009,30.090000000,triangle_f1,0.012740000,2040,114215855048555,114215855834644
3010,30.100000000,triangle_f1,0.012600000,2040,114215865048391,114215865846971
3011,30.110000000,triangle_f1,0.012460000,2040,114215875051136,114215875847681
3012,30.120000000,triangle_f1,0.012320000,2040,114215884961353,114215885848602
3013,30.130000000,triangle_f1,0.012180000,2040,114215895047492,114215895848998
3014,30.140000000,triangle_f1,0.012040000,2040,114215905046266,114215905827357
3015,30.150000000,triangle_f1,0.011900000,2040,114215915043129,114215915823436
3016,30.160000000,triangle_f1,0.011760000,2040,114215925049061,114215925847879
3017,30.170000000,triangle_f1,0.011620000,2040,114215935050960,114215935823983
3018,30.180000000,triangle_f1,0.011480000,2041,114215945058691,114215945827066
3019,30.190000000,triangle_f1,0.011340000,2041,114215955055864,114215955825241
3020,30.200000000,triangle_f1,0.011200000,2041,114215965046327,114215965827220
3021,30.210000000,triangle_f1,0.011060000,2041,114215975051595,114215975824538
3022,30.220000000,triangle_f1,0.010920000,2041,114215985046373,114215985828001
3023,30.230000000,triangle_f1,0.010780000,2041,114215995048924,114215995820571
3024,30.240000000,triangle_f1,0.010640000,2041,114216005047741,114216005827012
3025,30.250000000,triangle_f1,0.010500000,2041,114216015051289,114216015823322
3026,30.260000000,triangle_f1,0.010360000,2041,114216025050950,114216025821030
3027,30.270000000,triangle_f1,0.010220000,2041,114216035045711,114216035824386
3028,30.280000000,triangle_f1,0.010080000,2041,114216045048180,114216045831069
3029,30.290000000,triangle_f1,0.009940000,2042,114216055052374,114216055829217
3030,30.300000000,triangle_f1,0.009800000,2042,114216065052160,114216065830662
3031,30.310000000,triangle_f1,0.009660000,2042,114216075050117,114216075825836
3032,30.320000000,triangle_f1,0.009520000,2042,114216085059772,114216085826653
3033,30.330000000,triangle_f1,0.009380000,2042,114216095044178,114216095826651
3034,30.340000000,triangle_f1,0.009240000,2042,114216104985349,114216105833001
3035,30.350000000,triangle_f1,0.009100000,2042,114216115049553,114216115821889
3036,30.360000000,triangle_f1,0.008960000,2042,114216125053058,114216125832227
3037,30.370000000,triangle_f1,0.008820000,2042,114216135050336,114216135824962
3038,30.380000000,triangle_f1,0.008680000,2042,114216145053227,114216145828071
3039,30.390000000,triangle_f1,0.008540000,2042,114216155049106,114216155822579
3040,30.400000000,triangle_f1,0.008400000,2043,114216165044749,114216165823298
3041,30.410000000,triangle_f1,0.008260000,2043,114216175047735,114216175825785
3042,30.420000000,triangle_f1,0.008120000,2043,114216185045740,114216185828930
3043,30.430000000,triangle_f1,0.007980000,2043,114216195046781,114216195831274
3044,30.440000000,triangle_f1,0.007840000,2043,114216205053777,114216205825987
3045,30.450000000,triangle_f1,0.007700000,2043,114216215049823,114216215825440
3046,30.460000000,triangle_f1,0.007560000,2043,114216225043152,114216225835271
3047,30.470000000,triangle_f1,0.007420000,2043,114216235051148,114216235825114
3048,30.480000000,triangle_f1,0.007280000,2043,114216245049022,114216245824792
3049,30.490000000,triangle_f1,0.007140000,2043,114216255050396,114216255825594
3050,30.500000000,triangle_f1,0.007000000,2043,114216265047357,114216265826932
3051,30.510000000,triangle_f1,0.006860000,2044,114216275062321,114216275825622
3052,30.520000000,triangle_f1,0.006720000,2044,114216285047865,114216285817570
3053,30.530000000,triangle_f1,0.006580000,2044,114216295055075,114216295823550
3054,30.540000000,triangle_f1,0.006440000,2044,114216305021278,114216305759630
3055,30.550000000,triangle_f1,0.006300000,2044,114216314988363,114216315804930
3056,30.560000000,triangle_f1,0.006160000,2044,114216324971146,114216325793622
3057,30.570000000,triangle_f1,0.006020000,2044,114216334967751,114216335793073
3058,30.580000000,triangle_f1,0.005880000,2044,114216344968107,114216345795778
3059,30.590000000,triangle_f1,0.005740000,2044,114216354967570,114216355794704
3060,30.600000000,triangle_f1,0.005600000,2044,114216364966650,114216365808597
3061,30.610000000,triangle_f1,0.005460000,2044,114216374966325,114216375786976
3062,30.620000000,triangle_f1,0.005320000,2045,114216384966841,114216385783903
3063,30.630000000,triangle_f1,0.005180000,2045,114216394969253,114216395788919
3064,30.640000000,triangle_f1,0.005040000,2045,114216404967184,114216405784684
3065,30.650000000,triangle_f1,0.004900000,2045,114216414966051,114216415788843
3066,30.660000000,triangle_f1,0.004760000,2045,114216424965964,114216425789912
3067,30.670000000,triangle_f1,0.004620000,2045,114216434967990,114216435790729
3068,30.680000000,triangle_f1,0.004480000,2045,114216444967882,114216445788193
3069,30.690000000,triangle_f1,0.004340000,2045,114216454966019,114216455791699
3070,30.700000000,triangle_f1,0.004200000,2045,114216464966595,114216465793278
3071,30.710000000,triangle_f1,0.004060000,2045,114216474966396,114216475790485
3072,30.720000000,triangle_f1,0.003920000,2045,114216484971663,114216485758432
3073,30.730000000,triangle_f1,0.003780000,2046,114216494967135,114216495788164
3074,30.740000000,triangle_f1,0.003640000,2046,114216504968292,114216505847390
3075,30.750000000,triangle_f1,0.003500000,2046,114216514966360,114216515803627
3076,30.760000000,triangle_f1,0.003360000,2046,114216524966315,114216525853292
3077,30.770000000,triangle_f1,0.003220000,2046,114216534966224,114216535790807
3078,30.780000000,triangle_f1,0.003080000,2046,114216545052742,114216545800205
3079,30.790000000,triangle_f1,0.002940000,2046,114216555052036,114216555805395
3080,30.800000000,triangle_f1,0.002800000,2046,114216565058030,114216565802789
3081,30.810000000,triangle_f1,0.002660000,2046,114216575061682,114216575793005
3082,30.820000000,triangle_f1,0.002520000,2046,114216585057999,114216585804770
3083,30.830000000,triangle_f1,0.002380000,2046,114216595057027,114216595802956
3084,30.840000000,triangle_f1,0.002240000,2047,114216605054015,114216605805152
3085,30.850000000,triangle_f1,0.002100000,2047,114216615044019,114216615802761
3086,30.860000000,triangle_f1,0.001960000,2047,114216625054535,114216625802314
3087,30.870000000,triangle_f1,0.001820000,2047,114216635068889,114216635802304
3088,30.880000000,triangle_f1,0.001680000,2047,114216645051220,114216645808494
3089,30.890000000,triangle_f1,0.001540000,2047,114216655049822,114216655799449
3090,30.900000000,triangle_f1,0.001400000,2047,114216665052161,114216665804739
3091,30.910000000,triangle_f1,0.001260000,2047,114216675044494,114216675803466
3092,30.920000000,triangle_f1,0.001120000,2047,114216685048511,114216685798265
3093,30.930000000,triangle_f1,0.000980000,2047,114216695046124,114216695793332
3094,30.940000000,triangle_f1,0.000840000,2047,114216705060327,114216705806949
3095,30.950000000,triangle_f1,0.000700000,2048,114216715047933,114216715811936
3096,30.960000000,triangle_f1,0.000560000,2048,114216725049084,114216725787375
3097,30.970000000,triangle_f1,0.000420000,2048,114216734982759,114216735770751
3098,30.980000000,triangle_f1,0.000280000,2048,114216745049409,114216745801203
3099,30.990000000,triangle_f1,0.000140000,2048,114216755061779,114216755779214
3100,31.000000000,triangle_f1,0.000000000,2048,114216764999449,114216765770093
3101,31.010000000,triangle_f1,-0.000140000,2048,114216775051900,114216775784139
3102,31.020000000,triangle_f1,-0.000280000,2048,114216785050506,114216785786358
3103,31.030000000,triangle_f1,-0.000420000,2048,114216795061074,114216795781444
3104,31.040000000,triangle_f1,-0.000560000,2048,114216805051956,114216805862529
3105,31.050000000,triangle_f1,-0.000700000,2048,114216815044429,114216815857217
3106,31.060000000,triangle_f1,-0.000840000,2049,114216825047441,114216825850680
3107,31.070000000,triangle_f1,-0.000980000,2049,114216835054943,114216835850729
3108,31.080000000,triangle_f1,-0.001120000,2049,114216845052349,114216845850114
3109,31.090000000,triangle_f1,-0.001260000,2049,114216855042990,114216855869110
3110,31.100000000,triangle_f1,-0.001400000,2049,114216864999103,114216865857487
3111,31.110000000,triangle_f1,-0.001540000,2049,114216875043865,114216875865978
3112,31.120000000,triangle_f1,-0.001680000,2049,114216884970991,114216885839664
3113,31.130000000,triangle_f1,-0.001820000,2049,114216894966479,114216895835477
3114,31.140000000,triangle_f1,-0.001960000,2049,114216904971518,114216905841618
3115,31.150000000,triangle_f1,-0.002100000,2049,114216914966922,114216915827843
3116,31.160000000,triangle_f1,-0.002240000,2049,114216924967828,114216925776726
3117,31.170000000,triangle_f1,-0.002380000,2050,114216934966656,114216935757426
3118,31.180000000,triangle_f1,-0.002520000,2050,114216944965971,114216945766092
3119,31.190000000,triangle_f1,-0.002660000,2050,114216954967373,114216955766674
3120,31.200000000,triangle_f1,-0.002800000,2050,114216964969254,114216965765678
3121,31.210000000,triangle_f1,-0.002940000,2050,114216974966271,114216975766003
3122,31.220000000,triangle_f1,-0.003080000,2050,114216985049088,114216985866513
3123,31.230000000,triangle_f1,-0.003220000,2050,114216995045463,114216995970912
3124,31.240000000,triangle_f1,-0.003360000,2050,114217004978761,114217005840776
3125,31.250000000,triangle_f1,-0.003500000,2050,114217014994422,114217015847351
3126,31.260000000,triangle_f1,-0.003640000,2050,114217025045229,114217025861503
3127,31.270000000,triangle_f1,-0.003780000,2050,114217035056153,114217035781619
3128,31.280000000,triangle_f1,-0.003920000,2051,114217045047810,114217045786270
3129,31.290000000,triangle_f1,-0.004060000,2051,114217055053367,114217055782330
3130,31.300000000,triangle_f1,-0.004200000,2051,114217064994972,114217065782232
3131,31.310000000,triangle_f1,-0.004340000,2051,114217075041470,114217075783223
3132,31.320000000,triangle_f1,-0.004480000,2051,114217085047219,114217085781421
3133,31.330000000,triangle_f1,-0.004620000,2051,114217095044872,114217095784890
3134,31.340000000,triangle_f1,-0.004760000,2051,114217105044117,114217105767185
3135,31.350000000,triangle_f1,-0.004900000,2051,114217115049231,114217115790731
3136,31.360000000,triangle_f1,-0.005040000,2051,114217125052549,114217125795513
3137,31.370000000,triangle_f1,-0.005180000,2051,114217135048008,114217135786467
3138,31.380000000,triangle_f1,-0.005320000,2051,114217145052901,114217145780723
3139,31.390000000,triangle_f1,-0.005460000,2052,114217155048916,114217155763010
3140,31.400000000,triangle_f1,-0.005600000,2052,114217165042925,114217165764152
3141,31.410000000,triangle_f1,-0.005740000,2052,114217175042092,114217175764187
3142,31.420000000,triangle_f1,-0.005880000,2052,114217185047873,114217185764864
3143,31.430000000,triangle_f1,-0.006020000,2052,114217195045606,114217195761338
3144,31.440000000,triangle_f1,-0.006160000,2052,114217205043796,114217205762140
3145,31.450000000,triangle_f1,-0.006300000,2052,114217215041278,114217215765654
3146,31.460000000,triangle_f1,-0.006440000,2052,114217225041825,114217225767331
3147,31.470000000,triangle_f1,-0.006580000,2052,114217235044382,114217235764775
3148,31.480000000,triangle_f1,-0.006720000,2052,114217245054508,114217245761129
3149,31.490000000,triangle_f1,-0.006860000,2052,114217255049144,114217255761820
3150,31.500000000,triangle_f1,-0.007000000,2053,114217265044849,114217265764139
3151,31.510000000,triangle_f1,-0.007140000,2053,114217275058883,114217275767002
3152,31.520000000,triangle_f1,-0.007280000,2053,114217284969186,114217285747793
3153,31.530000000,triangle_f1,-0.007420000,2053,114217295044064,114217295760957
3154,31.540000000,triangle_f1,-0.007560000,2053,114217305048317,114217305767721
3155,31.550000000,triangle_f1,-0.007700000,2053,114217314993014,114217315758431
3156,31.560000000,triangle_f1,-0.007840000,2053,114217324993331,114217325762051
3157,31.570000000,triangle_f1,-0.007980000,2053,114217334981660,114217335734661
3158,31.580000000,triangle_f1,-0.008120000,2053,114217345046028,114217345765348
3159,31.590000000,triangle_f1,-0.008260000,2053,114217355046025,114217355830348
3160,31.600000000,triangle_f1,-0.008400000,2053,114217365063235,114217365766056
3161,31.610000000,triangle_f1,-0.008540000,2054,114217375060694,114217375758416
3162,31.620000000,triangle_f1,-0.008680000,2054,114217385044726,114217385762713
3163,31.630000000,triangle_f1,-0.008820000,2054,114217395046523,114217395831481
3164,31.640000000,triangle_f1,-0.008960000,2054,114217405044724,114217405828821
3165,31.650000000,triangle_f1,-0.009100000,2054,114217415029811,114217415826056
3166,31.660000000,triangle_f1,-0.009240000,2054,114217425043334,114217425838360
3167,31.670000000,triangle_f1,-0.009380000,2054,114217435032861,114217435828847
3168,31.680000000,triangle_f1,-0.009520000,2054,114217445047374,114217445829003
3169,31.690000000,triangle_f1,-0.009660000,2054,114217455054967,114217455835300
3170,31.700000000,triangle_f1,-0.009800000,2054,114217464994439,114217465828360
3171,31.710000000,triangle_f1,-0.009940000,2054,114217475050702,114217475828682
3172,31.720000000,triangle_f1,-0.010080000,2055,114217485041482,114217485827397
3173,31.730000000,triangle_f1,-0.010220000,2055,114217495046446,114217495827852
3174,31.740000000,triangle_f1,-0.010360000,2055,114217505054097,114217505828144
3175,31.750000000,triangle_f1,-0.010500000,2055,114217515050009,114217515826430
3176,31.760000000,triangle_f1,-0.010640000,2055,114217525043469,114217525945559
3177,31.770000000,triangle_f1,-0.010780000,2055,114217534978397,114217535942251
3178,31.780000000,triangle_f1,-0.010920000,2055,114217545068769,114217545828365
3179,31.790000000,triangle_f1,-0.011060000,2055,114217555058653,114217555831314
3180,31.800000000,triangle_f1,-0.011200000,2055,114217564998740,114217565746516
3181,31.810000000,triangle_f1,-0.011340000,2055,114217575045277,114217575741784
3182,31.820000000,triangle_f1,-0.011480000,2055,114217585048710,114217585840969
3183,31.830000000,triangle_f1,-0.011620000,2056,114217595053042,114217595807375
3184,31.840000000,triangle_f1,-0.011760000,2056,114217605052721,114217605808866
3185,31.850000000,triangle_f1,-0.011900000,2056,114217615042935,114217615800018
3186,31.860000000,triangle_f1,-0.012040000,2056,114217624997269,114217625743098
3187,31.870000000,triangle_f1,-0.012180000,2056,114217635053607,114217635739771
3188,31.880000000,triangle_f1,-0.012320000,2056,114217645054608,114217645748703
3189,31.890000000,triangle_f1,-0.012460000,2056,114217655049662,114217655741834
3190,31.900000000,triangle_f1,-0.012600000,2056,114217665051245,114217665740714
3191,31.910000000,triangle_f1,-0.012740000,2056,114217675059631,114217675748250
3192,31.920000000,triangle_f1,-0.012880000,2056,114217685043154,114217685743214
3193,31.930000000,triangle_f1,-0.013020000,2056,114217695053195,114217695743683
3194,31.940000000,triangle_f1,-0.013160000,2057,114217705042635,114217705743344
3195,31.950000000,triangle_f1,-0.013300000,2057,114217715059484,114217715743979
3196,31.960000000,triangle_f1,-0.013440000,2057,114217725049656,114217725740633
3197,31.970000000,triangle_f1,-0.013580000,2057,114217735049497,114217735742811
3198,31.980000000,triangle_f1,-0.013720000,2057,114217745053380,114217745739971
3199,31.990000000,triangle_f1,-0.013860000,2057,114217755047578,114217755741789
3200,32.000000000,triangle_f1,-0.014000000,2057,114217765048286,114217765743089
3201,32.010000000,triangle_f1,-0.014140000,2057,114217775025703,114217775766349
3202,32.020000000,triangle_f1,-0.014280000,2057,114217785041662,114217785751559
3203,32.030000000,triangle_f1,-0.014420000,2057,114217795053575,114217795705140
3204,32.040000000,triangle_f1,-0.014560000,2057,114217804998600,114217805694009
3205,32.050000000,triangle_f1,-0.014700000,2058,114217814958745,114217815692143
3206,32.060000000,triangle_f1,-0.014840000,2058,114217824965695,114217825691122
3207,32.070000000,triangle_f1,-0.014980000,2058,114217834966254,114217835693446
3208,32.080000000,triangle_f1,-0.015120000,2058,114217845054454,114217845689866
3209,32.090000000,triangle_f1,-0.015260000,2058,114217855046866,114217855702637
3210,32.100000000,triangle_f1,-0.015400000,2058,114217865051366,114217865722577
3211,32.110000000,triangle_f1,-0.015540000,2058,114217875043858,114217875741565
3212,32.120000000,triangle_f1,-0.015680000,2058,114217885050051,114217885736522
3213,32.130000000,triangle_f1,-0.015820000,2058,114217895047392,114217895736116
3214,32.140000000,triangle_f1,-0.015960000,2058,114217905052705,114217905700007
3215,32.150000000,triangle_f1,-0.016100000,2058,114217915066287,114217915705645
3216,32.160000000,triangle_f1,-0.016240000,2059,114217925043303,114217925737561
3217,32.170000000,triangle_f1,-0.016380000,2059,114217935056010,114217935730880
3218,32.180000000,triangle_f1,-0.016520000,2059,114217945045336,114217945733860
3219,32.190000000,triangle_f1,-0.016660000,2059,114217955049659,114217955726045
3220,32.200000000,triangle_f1,-0.016800000,2059,114217965036220,114217965736319
3221,32.210000000,triangle_f1,-0.016940000,2059,114217975057256,114217975743461
3222,32.220000000,triangle_f1,-0.017080000,2059,114217985058283,114217985720298
3223,32.230000000,triangle_f1,-0.017220000,2059,114217995059893,114217995786221
3224,32.240000000,triangle_f1,-0.017360000,2059,114218005047777,114218005784919
3225,32.250000000,triangle_f1,-0.017500000,2059,114218015043856,114218015796312
3226,32.260000000,triangle_f1,-0.017640000,2059,114218025046579,114218025784366
3227,32.270000000,triangle_f1,-0.017780000,2060,114218035041273,114218035786882
3228,32.280000000,triangle_f1,-0.017920000,2060,114218045048695,114218045798041
3229,32.290000000,triangle_f1,-0.018060000,2060,114218055044800,114218055795067
3230,32.300000000,triangle_f1,-0.018200000,2060,114218065047684,114218065787811
3231,32.310000000,triangle_f1,-0.018340000,2060,114218075041918,114218075786942
3232,32.320000000,triangle_f1,-0.018480000,2060,114218085043047,114218085787702
3233,32.330000000,triangle_f1,-0.018620000,2060,114218095052334,114218095788652
3234,32.340000000,triangle_f1,-0.018760000,2060,114218105041707,114218105783454
3235,32.350000000,triangle_f1,-0.018900000,2060,114218115040965,114218115785238
3236,32.360000000,triangle_f1,-0.019040000,2060,114218125043542,114218125784526
3237,32.370000000,triangle_f1,-0.019180000,2061,114218135050571,114218135732493
3238,32.380000000,triangle_f1,-0.019320000,2061,114218145047855,114218145787614
3239,32.390000000,triangle_f1,-0.019460000,2061,114218155055596,114218155730050
3240,32.400000000,triangle_f1,-0.019600000,2061,114218165049209,114218165812386
3241,32.410000000,triangle_f1,-0.019740000,2061,114218175046074,114218175723629
3242,32.420000000,triangle_f1,-0.019880000,2061,114218185049834,114218185715431
3243,32.430000000,triangle_f1,-0.020020000,2061,114218195046354,114218195725913
3244,32.440000000,triangle_f1,-0.020160000,2061,114218205047919,114218205715996
3245,32.450000000,triangle_f1,-0.020300000,2061,114218215049599,114218215715701
3246,32.460000000,triangle_f1,-0.020440000,2061,114218225049469,114218225725433
3247,32.470000000,triangle_f1,-0.020580000,2061,114218235060393,114218235718396
3248,32.480000000,triangle_f1,-0.020720000,2062,114218245053391,114218245725016
3249,32.490000000,triangle_f1,-0.020860000,2062,114218255046777,114218255721214
3250,32.500000000,triangle_f1,-0.021000000,2062,114218265051344,114218265721897
3251,32.510000000,triangle_f1,-0.021140000,2062,114218275048852,114218275725120
3252,32.520000000,triangle_f1,-0.021280000,2062,114218285046448,114218285719644
3253,32.530000000,triangle_f1,-0.021420000,2062,114218295051251,114218295716596
3254,32.540000000,triangle_f1,-0.021560000,2062,114218304981292,114218305716404
3255,32.550000000,triangle_f1,-0.021700000,2062,114218315047753,114218315718161
3256,32.560000000,triangle_f1,-0.021840000,2062,114218325052498,114218325709115
3257,32.570000000,triangle_f1,-0.021980000,2062,114218335059040,114218335725263
3258,32.580000000,triangle_f1,-0.022120000,2062,114218344990647,114218345727649
3259,32.590000000,triangle_f1,-0.022260000,2063,114218354970697,114218355707919
3260,32.600000000,triangle_f1,-0.022400000,2063,114218364972614,114218365724273
3261,32.610000000,triangle_f1,-0.022540000,2063,114218374995813,114218375720188
3262,32.620000000,triangle_f1,-0.022680000,2063,114218385052831,114218385703876
3263,32.630000000,triangle_f1,-0.022820000,2063,114218394978912,114218395685814
3264,32.640000000,triangle_f1,-0.022960000,2063,114218404969589,114218405686428
3265,32.650000000,triangle_f1,-0.023100000,2063,114218414967522,114218415681820
3266,32.660000000,triangle_f1,-0.023240000,2063,114218424967196,114218425689320
3267,32.670000000,triangle_f1,-0.023380000,2063,114218435046682,114218435702609
3268,32.680000000,triangle_f1,-0.023520000,2063,114218445042619,114218445697866
3269,32.690000000,triangle_f1,-0.023660000,2063,114218455049929,114218455694167
3270,32.700000000,triangle_f1,-0.023800000,2064,114218465000174,114218465698289
3271,32.710000000,triangle_f1,-0.023940000,2064,114218475056051,114218475698928
3272,32.720000000,triangle_f1,-0.024080000,2064,114218485049075,114218485687162
3273,32.730000000,triangle_f1,-0.024220000,2064,114218495047319,114218495700067
3274,32.740000000,triangle_f1,-0.024360000,2064,114218505050700,114218505697635
3275,32.750000000,triangle_f1,-0.024500000,2064,114218515049531,114218515701466
3276,32.760000000,triangle_f1,-0.024640000,2064,114218525050013,114218525697184
3277,32.770000000,triangle_f1,-0.024780000,2064,114218535046159,114218535696921
3278,32.780000000,triangle_f1,-0.024920000,2064,114218545044637,114218545688354
3279,32.790000000,triangle_f1,-0.025060000,2064,114218555048426,114218555699207
3280,32.800000000,triangle_f1,-0.025200000,2064,114218565051712,114218565701650
3281,32.810000000,triangle_f1,-0.025340000,2065,114218575048140,114218575696481
3282,32.820000000,triangle_f1,-0.025480000,2065,114218585018434,114218585719370
3283,32.830000000,triangle_f1,-0.025620000,2065,114218595046302,114218595701627
3284,32.840000000,triangle_f1,-0.025760000,2065,114218605049233,114218605684388
3285,32.850000000,triangle_f1,-0.025900000,2065,114218614994297,114218615702202
3286,32.860000000,triangle_f1,-0.026040000,2065,114218624989264,114218625696202
3287,32.870000000,triangle_f1,-0.026180000,2065,114218635047283,114218635697939
3288,32.880000000,triangle_f1,-0.026320000,2065,114218645067395,114218645697635
3289,32.890000000,triangle_f1,-0.026460000,2065,114218654969685,114218655686806
3290,32.900000000,triangle_f1,-0.026600000,2065,114218664967366,114218665678237
3291,32.910000000,triangle_f1,-0.026740000,2065,114218675049532,114218675692547
3292,32.920000000,triangle_f1,-0.026880000,2066,114218685047784,114218685701363
3293,32.930000000,triangle_f1,-0.027020000,2066,114218695044527,114218695696461
3294,32.940000000,triangle_f1,-0.027160000,2066,114218705048748,114218705696739
3295,32.950000000,triangle_f1,-0.027300000,2066,114218714999441,114218715704684
3296,32.960000000,triangle_f1,-0.027440000,2066,114218725051825,114218725702262
3297,32.970000000,triangle_f1,-0.027580000,2066,114218735060652,114218735701335
3298,32.980000000,triangle_f1,-0.027720000,2066,114218745044683,114218745696249
3299,32.990000000,triangle_f1,-0.027860000,2066,114218755048816,114218755700272
3300,33.000000000,triangle_f1,-0.028000000,2066,114218765050955,114218765701212
3301,33.010000000,triangle_f1,-0.028140000,2066,114218775050889,114218775698165
3302,33.020000000,triangle_f1,-0.028280000,2066,114218785107213,114218785663139
3303,33.030000000,triangle_f1,-0.028420000,2067,114218795045915,114218795698332
3304,33.040000000,triangle_f1,-0.028560000,2067,114218805051726,114218805698686
3305,33.050000000,triangle_f1,-0.028700000,2067,114218814967502,114218815668645
3306,33.060000000,triangle_f1,-0.028840000,2067,114218825044288,114218825679200
3307,33.070000000,triangle_f1,-0.028980000,2067,114218835046732,114218835683776
3308,33.080000000,triangle_f1,-0.029120000,2067,114218845045118,114218845680775
3309,33.090000000,triangle_f1,-0.029260000,2067,114218855048814,114218855681374
3310,33.100000000,triangle_f1,-0.029400000,2067,114218864996866,114218865677891
3311,33.110000000,triangle_f1,-0.029540000,2067,114218875045827,114218875676394
3312,33.120000000,triangle_f1,-0.029680000,2067,114218885058862,114218885674977
3313,33.130000000,triangle_f1,-0.029820000,2067,114218894996553,114218895676271
3314,33.140000000,triangle_f1,-0.029960000,2068,114218905057552,114218905675886
3315,33.150000000,triangle_f1,-0.030100000,2068,114218915045130,114218915744946
3316,33.160000000,triangle_f1,-0.030240000,2068,114218925044826,114218925756944
3317,33.170000000,triangle_f1,-0.030380000,2068,114218935047689,114218935747209
3318,33.180000000,triangle_f1,-0.030520000,2068,114218945045319,114218945743633
3319,33.190000000,triangle_f1,-0.030660000,2068,114218955045205,114218955739974
3320,33.200000000,triangle_f1,-0.030800000,2068,114218965049058,114218965751406
3321,33.210000000,triangle_f1,-0.030940000,2068,114218975042080,114218975753120
3322,33.220000000,triangle_f1,-0.031080000,2068,114218985050233,114218985748714
3323,33.230000000,triangle_f1,-0.031220000,2068,114218995054183,114218995741881
3324,33.240000000,triangle_f1,-0.031360000,2068,114219005045534,114219005744746
3325,33.250000000,triangle_f1,-0.031500000,2069,114219015047506,114219015749551
3326,33.260000000,triangle_f1,-0.031640000,2069,114219025050198,114219025759589
3327,33.270000000,triangle_f1,-0.031780000,2069,114219035052034,114219035742889
3328,33.280000000,triangle_f1,-0.031920000,2069,114219045044038,114219045743203
3329,33.290000000,triangle_f1,-0.032060000,2069,114219055049153,114219055746302
3330,33.300000000,triangle_f1,-0.032200000,2069,114219065052288,114219065747187
3331,33.310000000,triangle_f1,-0.032340000,2069,114219075052205,114219075761700
3332,33.320000000,triangle_f1,-0.032480000,2069,114219085048925,114219085757608
3333,33.330000000,triangle_f1,-0.032620000,2069,114219095047532,114219095684466
3334,33.340000000,triangle_f1,-0.032760000,2069,114219105049365,114219105679954
3335,33.350000000,triangle_f1,-0.032900000,2069,114219115049995,114219115678521
3336,33.360000000,triangle_f1,-0.033040000,2070,114219125044791,114219125685950
3337,33.370000000,triangle_f1,-0.033180000,2070,114219135045611,114219135677447
3338,33.380000000,triangle_f1,-0.033320000,2070,114219145047050,114219145680730
3339,33.390000000,triangle_f1,-0.033460000,2070,114219155043362,114219155680590
3340,33.400000000,triangle_f1,-0.033600000,2070,114219165043242,114219165675590
3341,33.410000000,triangle_f1,-0.033740000,2070,114219175053845,114219175678502
3342,33.420000000,triangle_f1,-0.033880000,2070,114219185048440,114219185678594
3343,33.430000000,triangle_f1,-0.034020000,2070,114219195051734,114219195676288
3344,33.440000000,triangle_f1,-0.034160000,2070,114219205044394,114219205684478
3345,33.450000000,triangle_f1,-0.034300000,2070,114219215045106,114219215684947
3346,33.460000000,triangle_f1,-0.034440000,2070,114219225052413,114219225681874
3347,33.470000000,triangle_f1,-0.034580000,2071,114219235047053,114219235656561
3348,33.480000000,triangle_f1,-0.034720000,2071,114219245040995,114219245655897
3349,33.490000000,triangle_f1,-0.034860000,2071,114219255057863,114219255658041
3350,33.500000000,triangle_f1,-0.035000000,2071,114219265049507,114219265660793
3351,33.510000000,triangle_f1,-0.035140000,2071,114219275048965,114219275657650
3352,33.520000000,triangle_f1,-0.035280000,2071,114219285048632,114219285655891
3353,33.530000000,triangle_f1,-0.035420000,2071,114219295047533,114219295660429
3354,33.540000000,triangle_f1,-0.035560000,2071,114219304990090,114219305676366
3355,33.550000000,triangle_f1,-0.035700000,2071,114219315046408,114219315662523
3356,33.560000000,triangle_f1,-0.035840000,2071,114219325049761,114219325658996
3357,33.570000000,triangle_f1,-0.035980000,2071,114219335050915,114219335658431
3358,33.580000000,triangle_f1,-0.036120000,2072,114219345047692,114219345659198
3359,33.590000000,triangle_f1,-0.036260000,2072,114219355046053,114219355660081
3360,33.600000000,triangle_f1,-0.036400000,2072,114219365050506,114219365654823
3361,33.610000000,triangle_f1,-0.036540000,2072,114219375044298,114219375658605
3362,33.620000000,triangle_f1,-0.036680000,2072,114219385053218,114219385656069
3363,33.630000000,triangle_f1,-0.036820000,2072,114219395028556,114219395677368
3364,33.640000000,triangle_f1,-0.036960000,2072,114219405048371,114219405656787
3365,33.650000000,triangle_f1,-0.037100000,2072,114219415045146,114219415655962
3366,33.660000000,triangle_f1,-0.037240000,2072,114219425047368,114219425661079
3367,33.670000000,triangle_f1,-0.037380000,2072,114219434997509,114219435672778
3368,33.680000000,triangle_f1,-0.037520000,2072,114219445049621,114219445671709
3369,33.690000000,triangle_f1,-0.037660000,2073,114219455048452,114219455656105
3370,33.700000000,triangle_f1,-0.037800000,2073,114219465050266,114219465656634
3371,33.710000000,triangle_f1,-0.037940000,2073,114219475055115,114219475660026
3372,33.720000000,triangle_f1,-0.038080000,2073,114219485050419,114219485677251
3373,33.730000000,triangle_f1,-0.038220000,2073,114219495042645,114219495649760
3374,33.740000000,triangle_f1,-0.038360000,2073,114219505042451,114219505655515
3375,33.750000000,triangle_f1,-0.038500000,2073,114219515050522,114219515659212
3376,33.760000000,triangle_f1,-0.038640000,2073,114219525044788,114219525662094
3377,33.770000000,triangle_f1,-0.038780000,2073,114219535045421,114219535667450
3378,33.780000000,triangle_f1,-0.038920000,2073,114219545045245,114219545657682
3379,33.790000000,triangle_f1,-0.039060000,2073,114219555054867,114219555658334
3380,33.800000000,triangle_f1,-0.039200000,2074,114219565044952,114219565660336
3381,33.810000000,triangle_f1,-0.039340000,2074,114219575041593,114219575657076
3382,33.820000000,triangle_f1,-0.039480000,2074,114219585052628,114219585655652
3383,33.830000000,triangle_f1,-0.039620000,2074,114219595044976,114219595674483
3384,33.840000000,triangle_f1,-0.039760000,2074,114219605044812,114219605659475
3385,33.850000000,triangle_f1,-0.039900000,2074,114219615047865,114219615638715
3386,33.860000000,triangle_f1,-0.040040000,2074,114219625042362,114219625660688
3387,33.870000000,triangle_f1,-0.040180000,2074,114219635120160,114219635592769
3388,33.880000000,triangle_f1,-0.040320000,2074,114219645058222,114219645658746
3389,33.890000000,triangle_f1,-0.040460000,2074,114219655046208,114219655636825
3390,33.900000000,triangle_f1,-0.040600000,2074,114219665045160,114219665640905
3391,33.910000000,triangle_f1,-0.040740000,2075,114219675048884,114219675637463
3392,33.920000000,triangle_f1,-0.040880000,2075,114219685042440,114219685638666
3393,33.930000000,triangle_f1,-0.041020000,2075,114219695045157,114219695636000
3394,33.940000000,triangle_f1,-0.041160000,2075,114219705044006,114219705640015
3395,33.950000000,triangle_f1,-0.041300000,2075,114219715046867,114219715638213
3396,33.960000000,triangle_f1,-0.041440000,2075,114219725050311,114219725639523
3397,33.970000000,triangle_f1,-0.041580000,2075,114219735050852,114219735643513
3398,33.980000000,triangle_f1,-0.041720000,2075,114219745050210,114219745641123
3399,33.990000000,triangle_f1,-0.041860000,2075,114219755047953,114219755632438
3400,34.000000000,triangle_f1,-0.042000000,2075,114219765058942,114219765638849
3401,34.010000000,triangle_f1,-0.042140000,2075,114219775054684,114219775636786
3402,34.020000000,triangle_f1,-0.042280000,2076,114219785054287,114219785638239
3403,34.030000000,triangle_f1,-0.042420000,2076,114219795045980,114219795635609
3404,34.040000000,triangle_f1,-0.042560000,2076,114219805049365,114219805643083
3405,34.050000000,triangle_f1,-0.042700000,2076,114219814997607,114219815634326
3406,34.060000000,triangle_f1,-0.042840000,2076,114219824978864,114219825639840
3407,34.070000000,triangle_f1,-0.042980000,2076,114219835047469,114219835654098
3408,34.080000000,triangle_f1,-0.043120000,2076,114219845053390,114219845654380
3409,34.090000000,triangle_f1,-0.043260000,2076,114219855047956,114219855644333
3410,34.100000000,triangle_f1,-0.043400000,2076,114219865047807,114219865636216
3411,34.110000000,triangle_f1,-0.043540000,2076,114219875050988,114219875636234
3412,34.120000000,triangle_f1,-0.043680000,2076,114219885047504,114219885633802
3413,34.130000000,triangle_f1,-0.043820000,2077,114219895048696,114219895639333
3414,34.140000000,triangle_f1,-0.043960000,2077,114219905055649,114219905639808
3415,34.150000000,triangle_f1,-0.044100000,2077,114219915050641,114219915641735
3416,34.160000000,triangle_f1,-0.044240000,2077,114219924979384,114219925633349
3417,34.170000000,triangle_f1,-0.044380000,2077,114219935041927,114219935634570
3418,34.180000000,triangle_f1,-0.044520000,2077,114219945052071,114219945638976
3419,34.190000000,triangle_f1,-0.044660000,2077,114219955047525,114219955642822
3420,34.200000000,triangle_f1,-0.044800000,2077,114219965051966,114219965633494
3421,34.210000000,triangle_f1,-0.044940000,2077,114219974998456,114219975623902
3422,34.220000000,triangle_f1,-0.045080000,2077,114219985044645,114219985634882
3423,34.230000000,triangle_f1,-0.045220000,2077,114219995041358,114219995640045
3424,34.240000000,triangle_f1,-0.045360000,2078,114220005042122,114220005643976
3425,34.250000000,triangle_f1,-0.045500000,2078,114220015043171,114220015621353
3426,34.260000000,triangle_f1,-0.045640000,2078,114220024963447,114220025636791
3427,34.270000000,triangle_f1,-0.045780000,2078,114220035045304,114220035637358
3428,34.280000000,triangle_f1,-0.045920000,2078,114220045054035,114220045620377
3429,34.290000000,triangle_f1,-0.046060000,2078,114220055046207,114220055644866
3430,34.300000000,triangle_f1,-0.046200000,2078,114220065048401,114220065613388
3431,34.310000000,triangle_f1,-0.046340000,2078,114220075058316,114220075616994
3432,34.320000000,triangle_f1,-0.046480000,2078,114220085041160,114220085617672
3433,34.330000000,triangle_f1,-0.046620000,2078,114220095053845,114220095619075
3434,34.340000000,triangle_f1,-0.046760000,2078,114220105049600,114220105638316
3435,34.350000000,triangle_f1,-0.046900000,2079,114220115049123,114220115614043
3436,34.360000000,triangle_f1,-0.047040000,2079,114220125049794,114220125610972
3437,34.370000000,triangle_f1,-0.047180000,2079,114220135050443,114220135620067
3438,34.380000000,triangle_f1,-0.047320000,2079,114220145051345,114220145615902
3439,34.390000000,triangle_f1,-0.047460000,2079,114220155048212,114220155621128
3440,34.400000000,triangle_f1,-0.047600000,2079,114220165049945,114220165612686
3441,34.410000000,triangle_f1,-0.047740000,2079,114220175051506,114220175632368
3442,34.420000000,triangle_f1,-0.047880000,2079,114220185049277,114220185611825
3443,34.430000000,triangle_f1,-0.048020000,2079,114220195044444,114220195618871
3444,34.440000000,triangle_f1,-0.048160000,2079,114220205051970,114220205613024
3445,34.450000000,triangle_f1,-0.048300000,2079,114220215044982,114220215618953
3446,34.460000000,triangle_f1,-0.048440000,2080,114220225050021,114220225613732
3447,34.470000000,triangle_f1,-0.048580000,2080,114220235050382,114220235615584
3448,34.480000000,triangle_f1,-0.048720000,2080,114220244989930,114220245624305
3449,34.490000000,triangle_f1,-0.048860000,2080,114220255042575,114220255619844
3450,34.500000000,triangle_f1,-0.049000000,2080,114220265048003,114220265611263
3451,34.510000000,triangle_f1,-0.049140000,2080,114220275046486,114220275617208
3452,34.520000000,triangle_f1,-0.049280000,2080,114220285051317,114220285569330
3453,34.530000000,triangle_f1,-0.049420000,2080,114220295053815,114220295639878
3454,34.540000000,triangle_f1,-0.049560000,2080,114220305047159,114220305623172
3455,34.550000000,triangle_f1,-0.049700000,2080,114220315045221,114220315616175
3456,34.560000000,triangle_f1,-0.049840000,2080,114220325044149,114220325619866
3457,34.570000000,triangle_f1,-0.049980000,2081,114220334977850,114220335616171
3458,34.580000000,triangle_f1,-0.050120000,2081,114220344969435,114220345605003
3459,34.590000000,triangle_f1,-0.050260000,2081,114220354967120,114220355597306
3460,34.600000000,triangle_f1,-0.050400000,2081,114220365041632,114220365617832
3461,34.610000000,triangle_f1,-0.050540000,2081,114220375052996,114220375617841
3462,34.620000000,triangle_f1,-0.050680000,2081,114220385051672,114220385617013
3463,34.630000000,triangle_f1,-0.050820000,2081,114220395049591,114220395616987
3464,34.640000000,triangle_f1,-0.050960000,2081,114220405049881,114220405622444
3465,34.650000000,triangle_f1,-0.051100000,2081,114220415046405,114220415616235
3466,34.660000000,triangle_f1,-0.051240000,2081,114220425051448,114220425615645
3467,34.670000000,triangle_f1,-0.051380000,2081,114220435052044,114220435613848
3468,34.680000000,triangle_f1,-0.051520000,2082,114220444978536,114220445614605
3469,34.690000000,triangle_f1,-0.051660000,2082,114220455050841,114220455623778
3470,34.700000000,triangle_f1,-0.051800000,2082,114220465051034,114220465620320
3471,34.710000000,triangle_f1,-0.051940000,2082,114220475049078,114220475593083
3472,34.720000000,triangle_f1,-0.052080000,2082,114220485048396,114220485589525
3473,34.730000000,triangle_f1,-0.052220000,2082,114220495053749,114220495598419
3474,34.740000000,triangle_f1,-0.052360000,2082,114220505045762,114220505594260
3475,34.750000000,triangle_f1,-0.052500000,2082,114220515043052,114220515607571
3476,34.760000000,triangle_f1,-0.052640000,2082,114220525049252,114220525597742
3477,34.770000000,triangle_f1,-0.052780000,2082,114220534982143,114220535596648
3478,34.780000000,triangle_f1,-0.052920000,2082,114220545045870,114220545594102
3479,34.790000000,triangle_f1,-0.053060000,2083,114220555050878,114220555604367
3480,34.800000000,triangle_f1,-0.053200000,2083,114220565060638,114220565593218
3481,34.810000000,triangle_f1,-0.053340000,2083,114220575045979,114220575598217
3482,34.820000000,triangle_f1,-0.053480000,2083,114220585045345,114220585590814
3483,34.830000000,triangle_f1,-0.053620000,2083,114220595045253,114220595595573
3484,34.840000000,triangle_f1,-0.053760000,2083,114220605049598,114220605604465
3485,34.850000000,triangle_f1,-0.053900000,2083,114220615042391,114220615594255
3486,34.860000000,triangle_f1,-0.054040000,2083,114220625052744,114220625596460
3487,34.870000000,triangle_f1,-0.054180000,2083,114220635047637,114220635593534
3488,34.880000000,triangle_f1,-0.054320000,2083,114220645056772,114220645593926
3489,34.890000000,triangle_f1,-0.054460000,2084,114220655045111,114220655594701
3490,34.900000000,triangle_f1,-0.054600000,2084,114220665047912,114220665593006
3491,34.910000000,triangle_f1,-0.054740000,2084,114220675048892,114220675593013
3492,34.920000000,triangle_f1,-0.054880000,2084,114220685046387,114220685598343
3493,34.930000000,triangle_f1,-0.055020000,2084,114220695045864,114220695589876
3494,34.940000000,triangle_f1,-0.055160000,2084,114220705045033,114220705604848
3495,34.950000000,triangle_f1,-0.055300000,2084,114220715045748,114220715597674
3496,34.960000000,triangle_f1,-0.055440000,2084,114220725049498,114220725592220
3497,34.970000000,triangle_f1,-0.055580000,2084,114220735050670,114220735591819
3498,34.980000000,triangle_f1,-0.055720000,2084,114220744979093,114220745592241
3499,34.990000000,triangle_f1,-0.055860000,2084,114220755049887,114220755603634
3500,35.000000000,triangle_f1,-0.056000000,2085,114220765048579,114220765594376
3501,35.010000000,triangle_f1,-0.056140000,2085,114220775052254,114220775596783
3502,35.020000000,triangle_f1,-0.056280000,2085,114220785044871,114220785595709
3503,35.030000000,triangle_f1,-0.056420000,2085,114220795042016,114220795595729
3504,35.040000000,triangle_f1,-0.056560000,2085,114220805044311,114220805605421
3505,35.050000000,triangle_f1,-0.056700000,2085,114220815046448,114220815590287
3506,35.060000000,triangle_f1,-0.056840000,2085,114220825042766,114220825600405
3507,35.070000000,triangle_f1,-0.056980000,2085,114220835045707,114220835591647
3508,35.080000000,triangle_f1,-0.057120000,2085,114220844977761,114220845597773
3509,35.090000000,triangle_f1,-0.057260000,2085,114220855054600,114220855605756
3510,35.100000000,triangle_f1,-0.057400000,2085,114220864989798,114220865594798
3511,35.110000000,triangle_f1,-0.057540000,2086,114220875041230,114220875598772
3512,35.120000000,triangle_f1,-0.057680000,2086,114220885042287,114220885600925
3513,35.130000000,triangle_f1,-0.057820000,2086,114220895049407,114220895598311
3514,35.140000000,triangle_f1,-0.057960000,2086,114220905044245,114220905584493
3515,35.150000000,triangle_f1,-0.058100000,2086,114220915057402,114220915645172
3516,35.160000000,triangle_f1,-0.058240000,2086,114220925050443,114220925650259
3517,35.170000000,triangle_f1,-0.058380000,2086,114220935044202,114220935765170
3518,35.180000000,triangle_f1,-0.058520000,2086,114220944979530,114220945643039
3519,35.190000000,triangle_f1,-0.058660000,2086,114220955059681,114220955589433
3520,35.200000000,triangle_f1,-0.058800000,2086,114220965048990,114220965640657
3521,35.210000000,triangle_f1,-0.058940000,2086,114220975046828,114220975640238
3522,35.220000000,triangle_f1,-0.059080000,2087,114220985045308,114220985639128
3523,35.230000000,triangle_f1,-0.059220000,2087,114220995045821,114220995639289
3524,35.240000000,triangle_f1,-0.059360000,2087,114221004994844,114221005638990
3525,35.250000000,triangle_f1,-0.059500000,2087,114221015046331,114221015641136
3526,35.260000000,triangle_f1,-0.059640000,2087,114221025046423,114221025640767
3527,35.270000000,triangle_f1,-0.059780000,2087,114221035047435,114221035620410
3528,35.280000000,triangle_f1,-0.059920000,2087,114221044979841,114221045638452
3529,35.290000000,triangle_f1,-0.060060000,2087,114221055044593,114221055640531
3530,35.300000000,triangle_f1,-0.060200000,2087,114221065059491,114221065637602
3531,35.310000000,triangle_f1,-0.060340000,2087,114221075043901,114221075647614
3532,35.320000000,triangle_f1,-0.060480000,2087,114221085046198,114221085640464
3533,35.330000000,triangle_f1,-0.060620000,2088,114221095051310,114221095647368
3534,35.340000000,triangle_f1,-0.060760000,2088,114221105048501,114221105648870
3535,35.350000000,triangle_f1,-0.060900000,2088,114221115046093,114221115650656
3536,35.360000000,triangle_f1,-0.061040000,2088,114221125042642,114221125644375
3537,35.370000000,triangle_f1,-0.061180000,2088,114221135054214,114221135591769
3538,35.380000000,triangle_f1,-0.061320000,2088,114221144977638,114221145577986
3539,35.390000000,triangle_f1,-0.061460000,2088,114221155065268,114221155583807
3540,35.400000000,triangle_f1,-0.061600000,2088,114221165048831,114221165580493
3541,35.410000000,triangle_f1,-0.061740000,2088,114221175061149,114221175572721
3542,35.420000000,triangle_f1,-0.061880000,2088,114221185051151,114221185636784
3543,35.430000000,triangle_f1,-0.062020000,2088,114221195052031,114221195640091
3544,35.440000000,triangle_f1,-0.062160000,2089,114221205048634,114221205643182
3545,35.450000000,triangle_f1,-0.062300000,2089,114221215047438,114221215640051
3546,35.460000000,triangle_f1,-0.062440000,2089,114221225045660,114221225641567
3547,35.470000000,triangle_f1,-0.062580000,2089,114221235047205,114221235759921
3548,35.480000000,triangle_f1,-0.062720000,2089,114221244979768,114221245652309
3549,35.490000000,triangle_f1,-0.062860000,2089,114221255042346,114221255650011
3550,35.500000000,triangle_f1,-0.063000000,2089,114221264980779,114221265570851
3551,35.510000000,triangle_f1,-0.063140000,2089,114221274970507,114221275570178
3552,35.520000000,triangle_f1,-0.063280000,2089,114221284966671,114221285557237
3553,35.530000000,triangle_f1,-0.063420000,2089,114221295044417,114221295577598
3554,35.540000000,triangle_f1,-0.063560000,2089,114221305045213,114221305561765
3555,35.550000000,triangle_f1,-0.063700000,2090,114221315043023,114221315572043
3556,35.560000000,triangle_f1,-0.063840000,2090,114221325049361,114221325577296
3557,35.570000000,triangle_f1,-0.063980000,2090,114221334987632,114221335571440
3558,35.580000000,triangle_f1,-0.064120000,2090,114221344969008,114221345539556
3559,35.590000000,triangle_f1,-0.064260000,2090,114221354970575,114221355545710
3560,35.600000000,triangle_f1,-0.064400000,2090,114221364970220,114221365540238
3561,35.610000000,triangle_f1,-0.064540000,2090,114221374969782,114221375537315
3562,35.620000000,triangle_f1,-0.064680000,2090,114221384965512,114221385536130
3563,35.630000000,triangle_f1,-0.064820000,2090,114221394966524,114221395534834
3564,35.640000000,triangle_f1,-0.064960000,2090,114221404965939,114221405538871
3565,35.650000000,triangle_f1,-0.065100000,2090,114221414966488,114221415538947
3566,35.660000000,triangle_f1,-0.065240000,2091,114221424968448,114221425542356
3567,35.670000000,triangle_f1,-0.065380000,2091,114221434969460,114221435545220
3568,35.680000000,triangle_f1,-0.065520000,2091,114221444966945,114221445542762
3569,35.690000000,triangle_f1,-0.065660000,2091,114221454968112,114221455540111
3570,35.700000000,triangle_f1,-0.065800000,2091,114221464966649,114221465537373
3571,35.710000000,triangle_f1,-0.065940000,2091,114221474966159,114221475535996
3572,35.720000000,triangle_f1,-0.066080000,2091,114221484966444,114221485535562
3573,35.730000000,triangle_f1,-0.066220000,2091,114221494965993,114221495538107
3574,35.740000000,triangle_f1,-0.066360000,2091,114221505047210,114221505552264
3575,35.750000000,triangle_f1,-0.066500000,2091,114221515049331,114221515558408
3576,35.760000000,triangle_f1,-0.066640000,2091,114221525047069,114221525553167
3577,35.770000000,triangle_f1,-0.066780000,2092,114221535049840,114221535549637
3578,35.780000000,triangle_f1,-0.066920000,2092,114221545057433,114221545551813
3579,35.790000000,triangle_f1,-0.067060000,2092,114221555049707,114221555553779
3580,35.800000000,triangle_f1,-0.067200000,2092,114221565018782,114221565549617
3581,35.810000000,triangle_f1,-0.067340000,2092,114221575045290,114221575555615
3582,35.820000000,triangle_f1,-0.067480000,2092,114221585046321,114221585551491
3583,35.830000000,triangle_f1,-0.067620000,2092,114221595047862,114221595548844
3584,35.840000000,triangle_f1,-0.067760000,2092,114221605045250,114221605549007
3585,35.850000000,triangle_f1,-0.067900000,2092,114221615046409,114221615552638
3586,35.860000000,triangle_f1,-0.068040000,2092,114221625044231,114221625553460
3587,35.870000000,triangle_f1,-0.068180000,2092,114221635055174,114221635554309
3588,35.880000000,triangle_f1,-0.068320000,2093,114221645040826,114221645558824
3589,35.890000000,triangle_f1,-0.068460000,2093,114221655047273,114221655550875
3590,35.900000000,triangle_f1,-0.068600000,2093,114221665043355,114221665551051
3591,35.910000000,triangle_f1,-0.068740000,2093,114221675046725,114221675554490
3592,35.920000000,triangle_f1,-0.068880000,2093,114221685043269,114221685552503
3593,35.930000000,triangle_f1,-0.069020000,2093,114221695052451,114221695553096
3594,35.940000000,triangle_f1,-0.069160000,2093,114221705045850,114221705549846
3595,35.950000000,triangle_f1,-0.069300000,2093,114221715051446,114221715551669
3596,35.960000000,triangle_f1,-0.069440000,2093,114221725045040,114221725569690
3597,35.970000000,triangle_f1,-0.069580000,2093,114221735054154,114221735530648
3598,35.980000000,triangle_f1,-0.069720000,2093,114221745043731,114221745533128
3599,35.990000000,triangle_f1,-0.069860000,2094,114221755046155,114221755551511
3600,36.000000000,triangle_f1,-0.070000000,2094,114221764989696,114221765530784
3601,36.010000000,triangle_f1,-0.069860000,2094,114221775041970,114221775532302
3602,36.020000000,triangle_f1,-0.069720000,2093,114221785045761,114221785534384
3603,36.030000000,triangle_f1,-0.069580000,2093,114221795059247,114221795535318
3604,36.040000000,triangle_f1,-0.069440000,2093,114221805046703,114221805534076
3605,36.050000000,triangle_f1,-0.069300000,2093,114221815048093,114221815534919
3606,36.060000000,triangle_f1,-0.069160000,2093,114221825046226,114221825535594
3607,36.070000000,triangle_f1,-0.069020000,2093,114221835050922,114221835534789
3608,36.080000000,triangle_f1,-0.068880000,2093,114221845048223,114221845532936
3609,36.090000000,triangle_f1,-0.068740000,2093,114221855047242,114221855536110
3610,36.100000000,triangle_f1,-0.068600000,2093,114221865045757,114221865534592
3611,36.110000000,triangle_f1,-0.068460000,2093,114221875043313,114221875532925
3612,36.120000000,triangle_f1,-0.068320000,2093,114221885051423,114221885534976
3613,36.130000000,triangle_f1,-0.068180000,2092,114221895041836,114221895548492
3614,36.140000000,triangle_f1,-0.068040000,2092,114221905052861,114221905539858
3615,36.150000000,triangle_f1,-0.067900000,2092,114221915046006,114221915530965
3616,36.160000000,triangle_f1,-0.067760000,2092,114221925047665,114221925531367
3617,36.170000000,triangle_f1,-0.067620000,2092,114221935044318,114221935531338
3618,36.180000000,triangle_f1,-0.067480000,2092,114221945043812,114221945536489
3619,36.190000000,triangle_f1,-0.067340000,2092,114221955045215,114221955614970
3620,36.200000000,triangle_f1,-0.067200000,2092,114221965047827,114221965611356
3621,36.210000000,triangle_f1,-0.067060000,2092,114221975041517,114221975597202
3622,36.220000000,triangle_f1,-0.066920000,2092,114221985045118,114221985543042
3623,36.230000000,triangle_f1,-0.066780000,2092,114221995045384,114221995595509
3624,36.240000000,triangle_f1,-0.066640000,2091,114222005043450,114222005600526
3625,36.250000000,triangle_f1,-0.066500000,2091,114222015050731,114222015596128
3626,36.260000000,triangle_f1,-0.066360000,2091,114222025044611,114222025606386
3627,36.270000000,triangle_f1,-0.066220000,2091,114222035043977,114222035595001
3628,36.280000000,triangle_f1,-0.066080000,2091,114222045048593,114222045594114
3629,36.290000000,triangle_f1,-0.065940000,2091,114222055046928,114222055613069
3630,36.300000000,triangle_f1,-0.065800000,2091,114222065046064,114222065599358
3631,36.310000000,triangle_f1,-0.065660000,2091,114222075051489,114222075598595
3632,36.320000000,triangle_f1,-0.065520000,2091,114222085055139,114222085597358
3633,36.330000000,triangle_f1,-0.065380000,2091,114222095047926,114222095606503
3634,36.340000000,triangle_f1,-0.065240000,2091,114222105047234,114222105604619
3635,36.350000000,triangle_f1,-0.065100000,2090,114222115047411,114222115596988
3636,36.360000000,triangle_f1,-0.064960000,2090,114222125048770,114222125599220
3637,36.370000000,triangle_f1,-0.064820000,2090,114222135047218,114222135512322
3638,36.380000000,triangle_f1,-0.064680000,2090,114222145046616,114222145516386
3639,36.390000000,triangle_f1,-0.064540000,2090,114222155051256,114222155521218
3640,36.400000000,triangle_f1,-0.064400000,2090,114222165051388,114222165509058
3641,36.410000000,triangle_f1,-0.064260000,2090,114222174981391,114222175513238
3642,36.420000000,triangle_f1,-0.064120000,2090,114222185045484,114222185513399
3643,36.430000000,triangle_f1,-0.063980000,2090,114222195045608,114222195510427
3644,36.440000000,triangle_f1,-0.063840000,2090,114222205056478,114222205525873
3645,36.450000000,triangle_f1,-0.063700000,2090,114222215044175,114222215511714
3646,36.460000000,triangle_f1,-0.063560000,2089,114222224996029,114222225513100
3647,36.470000000,triangle_f1,-0.063420000,2089,114222234971133,114222235499587
3648,36.480000000,triangle_f1,-0.063280000,2089,114222244968191,114222245497116
3649,36.490000000,triangle_f1,-0.063140000,2089,114222254966670,114222255500678
3650,36.500000000,triangle_f1,-0.063000000,2089,114222264989232,114222265512973
3651,36.510000000,triangle_f1,-0.062860000,2089,114222275043503,114222275494614
3652,36.520000000,triangle_f1,-0.062720000,2089,114222285043071,114222285459378
3653,36.530000000,triangle_f1,-0.062580000,2089,114222295044759,114222295453518
3654,36.540000000,triangle_f1,-0.062440000,2089,114222304988290,114222305474462
3655,36.550000000,triangle_f1,-0.062300000,2089,114222315044177,114222315491213
3656,36.560000000,triangle_f1,-0.062160000,2089,114222325044967,114222325517181
3657,36.570000000,triangle_f1,-0.062020000,2088,114222335048449,114222335511333
3658,36.580000000,triangle_f1,-0.061880000,2088,114222345050915,114222345513698
3659,36.590000000,triangle_f1,-0.061740000,2088,114222354990065,114222355528376
3660,36.600000000,triangle_f1,-0.061600000,2088,114222365043866,114222365498107
3661,36.610000000,triangle_f1,-0.061460000,2088,114222375052860,114222375515443
3662,36.620000000,triangle_f1,-0.061320000,2088,114222385045265,114222385513672
3663,36.630000000,triangle_f1,-0.061180000,2088,114222395051635,114222395511190
3664,36.640000000,triangle_f1,-0.061040000,2088,114222405044744,114222405519222
3665,36.650000000,triangle_f1,-0.060900000,2088,114222415044089,114222415509974
3666,36.660000000,triangle_f1,-0.060760000,2088,114222425046849,114222425509202
3667,36.670000000,triangle_f1,-0.060620000,2088,114222434996818,114222435509453
3668,36.680000000,triangle_f1,-0.060480000,2087,114222445045417,114222445513064
3669,36.690000000,triangle_f1,-0.060340000,2087,114222455045039,114222455523489
3670,36.700000000,triangle_f1,-0.060200000,2087,114222465044212,114222465512247
3671,36.710000000,triangle_f1,-0.060060000,2087,114222475048007,114222475509349
3672,36.720000000,triangle_f1,-0.059920000,2087,114222485046674,114222485509666
3673,36.730000000,triangle_f1,-0.059780000,2087,114222495047285,114222495528914
3674,36.740000000,triangle_f1,-0.059640000,2087,114222505048281,114222505526041
3675,36.750000000,triangle_f1,-0.059500000,2087,114222515047252,114222515508683
3676,36.760000000,triangle_f1,-0.059360000,2087,114222524984490,114222525504668
3677,36.770000000,triangle_f1,-0.059220000,2087,114222534968380,114222535501739
3678,36.780000000,triangle_f1,-0.059080000,2087,114222544969244,114222545500161
3679,36.790000000,triangle_f1,-0.058940000,2086,114222554966410,114222555485841
3680,36.800000000,triangle_f1,-0.058800000,2086,114222564969882,114222565498281
3681,36.810000000,triangle_f1,-0.058660000,2086,114222574974055,114222575499877
3682,36.820000000,triangle_f1,-0.058520000,2086,114222584967395,114222585480219
3683,36.830000000,triangle_f1,-0.058380000,2086,114222594966466,114222595476153
3684,36.840000000,triangle_f1,-0.058240000,2086,114222604967489,114222605483270
3685,36.850000000,triangle_f1,-0.058100000,2086,114222615058359,114222615487997
3686,36.860000000,triangle_f1,-0.057960000,2086,114222625045254,114222625490847
3687,36.870000000,triangle_f1,-0.057820000,2086,114222634972989,114222635490461
3688,36.880000000,triangle_f1,-0.057680000,2086,114222644970305,114222645480346
3689,36.890000000,triangle_f1,-0.057540000,2086,114222654967330,114222655476070
3690,36.900000000,triangle_f1,-0.057400000,2085,114222664966363,114222665478082
3691,36.910000000,triangle_f1,-0.057260000,2085,114222674969348,114222675478404
3692,36.920000000,triangle_f1,-0.057120000,2085,114222684966919,114222685491952
3693,36.930000000,triangle_f1,-0.056980000,2085,114222694966843,114222695477999
3694,36.940000000,triangle_f1,-0.056840000,2085,114222704966105,114222705476405
3695,36.950000000,triangle_f1,-0.056700000,2085,114222715051006,114222715549367
3696,36.960000000,triangle_f1,-0.056560000,2085,114222725049849,114222725557328
3697,36.970000000,triangle_f1,-0.056420000,2085,114222735048130,114222735497830
3698,36.980000000,triangle_f1,-0.056280000,2085,114222745045773,114222745488304
3699,36.990000000,triangle_f1,-0.056140000,2085,114222755059971,114222755497080
3700,37.000000000,triangle_f1,-0.056000000,2085,114222765061410,114222765497163
3701,37.010000000,triangle_f1,-0.055860000,2084,114222775051854,114222775491099
3702,37.020000000,triangle_f1,-0.055720000,2084,114222785049336,114222785494035
3703,37.030000000,triangle_f1,-0.055580000,2084,114222795048866,114222795489819
3704,37.040000000,triangle_f1,-0.055440000,2084,114222805050013,114222805491335
3705,37.050000000,triangle_f1,-0.055300000,2084,114222815045863,114222815488569
3706,37.060000000,triangle_f1,-0.055160000,2084,114222825050726,114222825499504
3707,37.070000000,triangle_f1,-0.055020000,2084,114222835000037,114222835489373
3708,37.080000000,triangle_f1,-0.054880000,2084,114222845050431,114222845492334
3709,37.090000000,triangle_f1,-0.054740000,2084,114222855053115,114222855514897
3710,37.100000000,triangle_f1,-0.054600000,2084,114222865053251,114222865490581
3711,37.110000000,triangle_f1,-0.054460000,2084,114222875050916,114222875505149
3712,37.120000000,triangle_f1,-0.054320000,2083,114222885053501,114222885486402
3713,37.130000000,triangle_f1,-0.054180000,2083,114222895062198,114222895491287
3714,37.140000000,triangle_f1,-0.054040000,2083,114222905049477,114222905500311
3715,37.150000000,triangle_f1,-0.053900000,2083,114222915050870,114222915477252
3716,37.160000000,triangle_f1,-0.053760000,2083,114222925049529,114222925490169
3717,37.170000000,triangle_f1,-0.053620000,2083,114222935052680,114222935494649
3718,37.180000000,triangle_f1,-0.053480000,2083,114222945047714,114222945490608
3719,37.190000000,triangle_f1,-0.053340000,2083,114222955050649,114222955503212
3720,37.200000000,triangle_f1,-0.053200000,2083,114222965045444,114222965552778
3721,37.210000000,triangle_f1,-0.053060000,2083,114222975046074,114222975667621
3722,37.220000000,triangle_f1,-0.052920000,2082,114222985046209,114222985546404
3723,37.230000000,triangle_f1,-0.052780000,2082,114222995041336,114222995536039
3724,37.240000000,triangle_f1,-0.052640000,2082,114223005043938,114223005542691
3725,37.250000000,triangle_f1,-0.052500000,2082,114223015049467,114223015653974
3726,37.260000000,triangle_f1,-0.052360000,2082,114223025045811,114223025535865
3727,37.270000000,triangle_f1,-0.052220000,2082,114223034995557,114223035535943
3728,37.280000000,triangle_f1,-0.052080000,2082,114223044969008,114223045525842
3729,37.290000000,triangle_f1,-0.051940000,2082,114223054966859,114223055536638
3730,37.300000000,triangle_f1,-0.051800000,2082,114223064966091,114223065526514
3731,37.310000000,triangle_f1,-0.051660000,2082,114223074969418,114223075654385
3732,37.320000000,triangle_f1,-0.051520000,2082,114223084988624,114223085536254
3733,37.330000000,triangle_f1,-0.051380000,2081,114223094970057,114223095516599
3734,37.340000000,triangle_f1,-0.051240000,2081,114223104966761,114223105534997
3735,37.350000000,triangle_f1,-0.051100000,2081,114223114965773,114223115524698
3736,37.360000000,triangle_f1,-0.050960000,2081,114223125045016,114223126529685
3737,37.370000000,triangle_f1,-0.050820000,2081,114223135051651,114223135474445
3738,37.380000000,triangle_f1,-0.050680000,2081,114223144970109,114223145456571
3739,37.390000000,triangle_f1,-0.050540000,2081,114223154970834,114223155462375
3740,37.400000000,triangle_f1,-0.050400000,2081,114223164979580,114223165470324
3741,37.410000000,triangle_f1,-0.050260000,2081,114223175047744,114223175468599
3742,37.420000000,triangle_f1,-0.050120000,2081,114223185055596,114223186448115
3743,37.430000000,triangle_f1,-0.049980000,2081,114223195050288,114223195469500
3744,37.440000000,triangle_f1,-0.049840000,2080,114223205050275,114223205652171
3745,37.450000000,triangle_f1,-0.049700000,2080,114223215055868,114223216545223
3746,37.460000000,triangle_f1,-0.049560000,2080,114223225046517,114223226670882
3747,37.470000000,triangle_f1,-0.049420000,2080,114223235058057,114223236468026
3748,37.480000000,triangle_f1,-0.049280000,2080,114223245049311,114223245487309
3749,37.490000000,triangle_f1,-0.049140000,2080,114223255048221,114223255471229
3750,37.500000000,triangle_f1,-0.049000000,2080,114223264976458,114223265463050
3751,37.510000000,triangle_f1,-0.048860000,2080,114223275053096,114223276543030
3752,37.520000000,triangle_f1,-0.048720000,2080,114223285048663,114223286649303
3753,37.530000000,triangle_f1,-0.048580000,2080,114223294981943,114223295470685
3754,37.540000000,triangle_f1,-0.048440000,2080,114223305049612,114223305540496
3755,37.550000000,triangle_f1,-0.048300000,2079,114223315051979,114223316541152
3756,37.560000000,triangle_f1,-0.048160000,2079,114223324978429,114223325532584
3757,37.570000000,triangle_f1,-0.048020000,2079,114223335044942,114223335541715
3758,37.580000000,triangle_f1,-0.047880000,2079,114223344982591,114223345530341
3759,37.590000000,triangle_f1,-0.047740000,2079,114223354969773,114223355466455
3760,37.600000000,triangle_f1,-0.047600000,2079,114223364966043,114223365525004
3761,37.610000000,triangle_f1,-0.047460000,2079,114223374968017,114223375523818
3762,37.620000000,triangle_f1,-0.047320000,2079,114223384967302,114223385502690
3763,37.630000000,triangle_f1,-0.047180000,2079,114223394966474,114223395500554
3764,37.640000000,triangle_f1,-0.047040000,2079,114223404966305,114223405504670
3765,37.650000000,triangle_f1,-0.046900000,2079,114223414966406,114223415649192
3766,37.660000000,triangle_f1,-0.046760000,2078,114223424974322,114223425515718
3767,37.670000000,triangle_f1,-0.046620000,2078,114223434968355,114223435509250
3768,37.680000000,triangle_f1,-0.046480000,2078,114223444965797,114223445505942
3769,37.690000000,triangle_f1,-0.046340000,2078,114223454968064,114223455504718
3770,37.700000000,triangle_f1,-0.046200000,2078,114223464966734,114223465498958
3771,37.710000000,triangle_f1,-0.046060000,2078,114223474967343,114223475505512
3772,37.720000000,triangle_f1,-0.045920000,2078,114223484970725,114223485494724
3773,37.730000000,triangle_f1,-0.045780000,2078,114223494966298,114223495497187
3774,37.740000000,triangle_f1,-0.045640000,2078,114223504966871,114223505498173
3775,37.750000000,triangle_f1,-0.045500000,2078,114223514966732,114223515507360
3776,37.760000000,triangle_f1,-0.045360000,2078,114223524968804,114223525501522
3777,37.770000000,triangle_f1,-0.045220000,2077,114223534967019,114223535497375
3778,37.780000000,triangle_f1,-0.045080000,2077,114223544965954,114223545502611
3779,37.790000000,triangle_f1,-0.044940000,2077,114223554965910,114223555515054
3780,37.800000000,triangle_f1,-0.044800000,2077,114223564977046,114223565509084
3781,37.810000000,triangle_f1,-0.044660000,2077,114223574968693,114223575501390
3782,37.820000000,triangle_f1,-0.044520000,2077,114223585048649,114223586513264
3783,37.830000000,triangle_f1,-0.044380000,2077,114223595049349,114223596659245
3784,37.840000000,triangle_f1,-0.044240000,2077,114223605047886,114223606505689
3785,37.850000000,triangle_f1,-0.044100000,2077,114223615051387,114223616642534
3786,37.860000000,triangle_f1,-0.043960000,2077,114223625052489,114223626514079
3787,37.870000000,triangle_f1,-0.043820000,2077,114223635042212,114223636518376
3788,37.880000000,triangle_f1,-0.043680000,2076,114223645051069,114223646527938
3789,37.890000000,triangle_f1,-0.043540000,2076,114223654995991,114223656627832
3790,37.900000000,triangle_f1,-0.043400000,2076,114223664999000,114223666516447
3791,37.910000000,triangle_f1,-0.043260000,2076,114223674973407,114223675500869
3792,37.920000000,triangle_f1,-0.043120000,2076,114223684969891,114223685503836
3793,37.930000000,triangle_f1,-0.042980000,2076,114223694966532,114223695498758
3794,37.940000000,triangle_f1,-0.042840000,2076,114223704966785,114223705502503
3795,37.950000000,triangle_f1,-0.042700000,2076,114223715046349,114223716525397
3796,37.960000000,triangle_f1,-0.042560000,2076,114223725045739,114223726511082
3797,37.970000000,triangle_f1,-0.042420000,2076,114223735043410,114223736631362
3798,37.980000000,triangle_f1,-0.042280000,2076,114223744991025,114223745509091
3799,37.990000000,triangle_f1,-0.042140000,2075,114223755044599,114223756626769
3800,38.000000000,triangle_f1,-0.042000000,2075,114223764996760,114223766601323
3801,38.010000000,triangle_f1,-0.041860000,2075,114223775041760,114223776490649
3802,38.020000000,triangle_f1,-0.041720000,2075,114223785043738,114223786500144
3803,38.030000000,triangle_f1,-0.041580000,2075,114223795046505,114223796611759
3804,38.040000000,triangle_f1,-0.041440000,2075,114223805042504,114223806485248
3805,38.050000000,triangle_f1,-0.041300000,2075,114223815051088,114223816507319
3806,38.060000000,triangle_f1,-0.041160000,2075,114223825047499,114223826504828
3807,38.070000000,triangle_f1,-0.041020000,2075,114223834989763,114223835600489
3808,38.080000000,triangle_f1,-0.040880000,2075,114223844991297,114223846454019
3809,38.090000000,triangle_f1,-0.040740000,2075,114223854992156,114223855446487
3810,38.100000000,triangle_f1,-0.040600000,2074,114223864998666,114223865430893
3811,38.110000000,triangle_f1,-0.040460000,2074,114223874969127,114223875419135
3812,38.120000000,triangle_f1,-0.040320000,2074,114223884973443,114223885412081
3813,38.130000000,triangle_f1,-0.040180000,2074,114223894967331,114223895422634
3814,38.140000000,triangle_f1,-0.040040000,2074,114223905043243,114223906429786
3815,38.150000000,triangle_f1,-0.039900000,2074,114223915043632,114223916495046
3816,38.160000000,triangle_f1,-0.039760000,2074,114223924964029,114223925381015
3817,38.170000000,triangle_f1,-0.039620000,2074,114223934976265,114223935422370
3818,38.180000000,triangle_f1,-0.039480000,2074,114223944968373,114223945416768
3819,38.190000000,triangle_f1,-0.039340000,2074,114223954974260,114223955405217
3820,38.200000000,triangle_f1,-0.039200000,2074,114223965052826,114223966427242
3821,38.210000000,triangle_f1,-0.039060000,2073,114223975062897,114223976431153
3822,38.220000000,triangle_f1,-0.038920000,2073,114223985048049,114223986426647
3823,38.230000000,triangle_f1,-0.038780000,2073,114223995045378,114223996440489
3824,38.240000000,triangle_f1,-0.038640000,2073,114224005050062,114224006423810
3825,38.250000000,triangle_f1,-0.038500000,2073,114224015044694,114224016426421
3826,38.260000000,triangle_f1,-0.038360000,2073,114224025048057,114224026430518
3827,38.270000000,triangle_f1,-0.038220000,2073,114224034990736,114224036423049
3828,38.280000000,triangle_f1,-0.038080000,2073,114224045052952,114224046435283
3829,38.290000000,triangle_f1,-0.037940000,2073,114224055046561,114224056431512
3830,38.300000000,triangle_f1,-0.037800000,2073,114224065024714,114224066450013
3831,38.310000000,triangle_f1,-0.037660000,2073,114224075048231,114224076425700
3832,38.320000000,triangle_f1,-0.037520000,2072,114224085046165,114224086431772
3833,38.330000000,triangle_f1,-0.037380000,2072,114224095044473,114224096438197
3834,38.340000000,triangle_f1,-0.037240000,2072,114224105057992,114224106422337
3835,38.350000000,triangle_f1,-0.037100000,2072,114224115050758,114224116430501
3836,38.360000000,triangle_f1,-0.036960000,2072,114224125050812,114224126417389
3837,38.370000000,triangle_f1,-0.036820000,2072,114224135055366,114224136426790
3838,38.380000000,triangle_f1,-0.036680000,2072,114224145066910,114224146436168
3839,38.390000000,triangle_f1,-0.036540000,2072,114224155066621,114224156429570
3840,38.400000000,triangle_f1,-0.036400000,2072,114224165050174,114224166414653
3841,38.410000000,triangle_f1,-0.036260000,2072,114224175049663,114224176409432
3842,38.420000000,triangle_f1,-0.036120000,2072,114224185049710,114224186412129
3843,38.430000000,triangle_f1,-0.035980000,2071,114224195053346,114224196425978
3844,38.440000000,triangle_f1,-0.035840000,2071,114224205045097,114224206409381
3845,38.450000000,triangle_f1,-0.035700000,2071,114224215048989,114224216412022
3846,38.460000000,triangle_f1,-0.035560000,2071,114224225044117,114224226410818
3847,38.470000000,triangle_f1,-0.035420000,2071,114224235052304,114224236448629
3848,38.480000000,triangle_f1,-0.035280000,2071,114224245049837,114224246412498
3849,38.490000000,triangle_f1,-0.035140000,2071,114224255059226,114224256395748
3850,38.500000000,triangle_f1,-0.035000000,2071,114224265025647,114224266423378
3851,38.510000000,triangle_f1,-0.034860000,2071,114224274980637,114224276398319
3852,38.520000000,triangle_f1,-0.034720000,2071,114224285047031,114224286411903
3853,38.530000000,triangle_f1,-0.034580000,2071,114224295049898,114224296411132
3854,38.540000000,triangle_f1,-0.034440000,2070,114224305044962,114224306410235
3855,38.550000000,triangle_f1,-0.034300000,2070,114224315054283,114224316410377
3856,38.560000000,triangle_f1,-0.034160000,2070,114224325049735,114224326413489
3857,38.570000000,triangle_f1,-0.034020000,2070,114224335055865,114224336398782
3858,38.580000000,triangle_f1,-0.033880000,2070,114224345055949,114224346412291
3859,38.590000000,triangle_f1,-0.033740000,2070,114224355051954,114224356426991
3860,38.600000000,triangle_f1,-0.033600000,2070,114224365046122,114224366404335
3861,38.610000000,triangle_f1,-0.033460000,2070,114224375050305,114224376414476
3862,38.620000000,triangle_f1,-0.033320000,2070,114224385050681,114224386409436
3863,38.630000000,triangle_f1,-0.033180000,2070,114224395043002,114224396561835
3864,38.640000000,triangle_f1,-0.033040000,2070,114224405054014,114224406594904
3865,38.650000000,triangle_f1,-0.032900000,2069,114224415048542,114224416471071
3866,38.660000000,triangle_f1,-0.032760000,2069,114224425050876,114224426594341
3867,38.670000000,triangle_f1,-0.032620000,2069,114224435052240,114224436590560
3868,38.680000000,triangle_f1,-0.032480000,2069,114224445045506,114224446589136
3869,38.690000000,triangle_f1,-0.032340000,2069,114224455055819,114224456613441
3870,38.700000000,triangle_f1,-0.032200000,2069,114224465049730,114224466592870
3871,38.710000000,triangle_f1,-0.032060000,2069,114224474989458,114224476592001
3872,38.720000000,triangle_f1,-0.031920000,2069,114224485067909,114224485581203
3873,38.730000000,triangle_f1,-0.031780000,2069,114224495043229,114224496497235
3874,38.740000000,triangle_f1,-0.031640000,2069,114224504990070,114224506478151
3875,38.750000000,triangle_f1,-0.031500000,2069,114224514975070,114224515577606
3876,38.760000000,triangle_f1,-0.031360000,2068,114224524968831,114224525463292
3877,38.770000000,triangle_f1,-0.031220000,2068,114224534970260,114224535461849
3878,38.780000000,triangle_f1,-0.031080000,2068,114224544966689,114224545461659
3879,38.790000000,triangle_f1,-0.030940000,2068,114224554966152,114224555453471
3880,38.800000000,triangle_f1,-0.030800000,2068,114224565060993,114224566591184
3881,38.810000000,triangle_f1,-0.030660000,2068,114224575050672,114224576582964
3882,38.820000000,triangle_f1,-0.030520000,2068,114224585048580,114224586602130
3883,38.830000000,triangle_f1,-0.030380000,2068,114224595049873,114224596591014
3884,38.840000000,triangle_f1,-0.030240000,2068,114224605042343,114224606585438
3885,38.850000000,triangle_f1,-0.030100000,2068,114224615044295,114224616462239
3886,38.860000000,triangle_f1,-0.029960000,2068,114224625047942,114224626561427
3887,38.870000000,triangle_f1,-0.029820000,2067,114224635056778,114224636412264
3888,38.880000000,triangle_f1,-0.029680000,2067,114224645055361,114224646401490
3889,38.890000000,triangle_f1,-0.029540000,2067,114224655046515,114224656406328
3890,38.900000000,triangle_f1,-0.029400000,2067,114224665049018,114224666392084
3891,38.910000000,triangle_f1,-0.029260000,2067,114224675049947,114224676389135
3892,38.920000000,triangle_f1,-0.029120000,2067,114224685050510,114224686391866
3893,38.930000000,triangle_f1,-0.028980000,2067,114224695050891,114224696582659
3894,38.940000000,triangle_f1,-0.028840000,2067,114224704992078,114224706536451
3895,38.950000000,triangle_f1,-0.028700000,2067,114224714999592,114224716570632
3896,38.960000000,triangle_f1,-0.028560000,2067,114224725043812,114224726564343
3897,38.970000000,triangle_f1,-0.028420000,2067,114224734990777,114224736580984
3898,38.980000000,triangle_f1,-0.028280000,2066,114224745050819,114224746568715
3899,38.990000000,triangle_f1,-0.028140000,2066,114224755045964,114224756560713
3900,39.000000000,triangle_f1,-0.028000000,2066,114224765050241,114224766565277
3901,39.010000000,triangle_f1,-0.027860000,2066,114224775040463,114224776598389
3902,39.020000000,triangle_f1,-0.027720000,2066,114224785048741,114224786564158
3903,39.030000000,triangle_f1,-0.027580000,2066,114224795041049,114224796562418
3904,39.040000000,triangle_f1,-0.027440000,2066,114224805048536,114224806454131
3905,39.050000000,triangle_f1,-0.027300000,2066,114224815044782,114224816463116
3906,39.060000000,triangle_f1,-0.027160000,2066,114224825047373,114224826580990
3907,39.070000000,triangle_f1,-0.027020000,2066,114224834990376,114224836565538
3908,39.080000000,triangle_f1,-0.026880000,2066,114224844978698,114224846558015
3909,39.090000000,triangle_f1,-0.026740000,2065,114224855046218,114224856563303
3910,39.100000000,triangle_f1,-0.026600000,2065,114224865053988,114224866563809
3911,39.110000000,triangle_f1,-0.026460000,2065,114224875041275,114224876562329
3912,39.120000000,triangle_f1,-0.026320000,2065,114224885048916,114224886451428
3913,39.130000000,triangle_f1,-0.026180000,2065,114224895053874,114224896454084
3914,39.140000000,triangle_f1,-0.026040000,2065,114224905042615,114224906583131
3915,39.150000000,triangle_f1,-0.025900000,2065,114224915027471,114224916486383
3916,39.160000000,triangle_f1,-0.025760000,2065,114224925056172,114224926444466
3917,39.170000000,triangle_f1,-0.025620000,2065,114224934990597,114224936570521
3918,39.180000000,triangle_f1,-0.025480000,2065,114224944978514,114224946559663
3919,39.190000000,triangle_f1,-0.025340000,2065,114224955055798,114224956568309
3920,39.200000000,triangle_f1,-0.025200000,2064,114224965052546,114224966457363
3921,39.210000000,triangle_f1,-0.025060000,2064,114224975048152,114224976453991
3922,39.220000000,triangle_f1,-0.024920000,2064,114224985048781,114224986462015
3923,39.230000000,triangle_f1,-0.024780000,2064,114224995042703,114224996443339
3924,39.240000000,triangle_f1,-0.024640000,2064,114225005048406,114225006450294
3925,39.250000000,triangle_f1,-0.024500000,2064,114225015077146,114225016560428
3926,39.260000000,triangle_f1,-0.024360000,2064,114225025052051,114225026449646
3927,39.270000000,triangle_f1,-0.024220000,2064,114225034983772,114225036433506
3928,39.280000000,triangle_f1,-0.024080000,2064,114225044972659,114225045431196
3929,39.290000000,triangle_f1,-0.023940000,2064,114225054976417,114225056559788
3930,39.300000000,triangle_f1,-0.023800000,2064,114225064988956,114225066548613
3931,39.310000000,triangle_f1,-0.023660000,2063,114225074977769,114225076538102
3932,39.320000000,triangle_f1,-0.023520000,2063,114225085045097,114225086544093
3933,39.330000000,triangle_f1,-0.023380000,2063,114225095040519,114225096407136
3934,39.340000000,triangle_f1,-0.023240000,2063,114225105042281,114225106532476
3935,39.350000000,triangle_f1,-0.023100000,2063,114225114990051,114225116537724
3936,39.360000000,triangle_f1,-0.022960000,2063,114225125053127,114225126368549
3937,39.370000000,triangle_f1,-0.022820000,2063,114225135043328,114225136316596
3938,39.380000000,triangle_f1,-0.022680000,2063,114225145058583,114225146539286
3939,39.390000000,triangle_f1,-0.022540000,2063,114225154989889,114225156364029
3940,39.400000000,triangle_f1,-0.022400000,2063,114225164969885,114225165371962
3941,39.410000000,triangle_f1,-0.022260000,2063,114225174975588,114225176369333
3942,39.420000000,triangle_f1,-0.022120000,2062,114225184970866,114225185351568
3943,39.430000000,triangle_f1,-0.021980000,2062,114225194967073,114225195347453
3944,39.440000000,triangle_f1,-0.021840000,2062,114225204966433,114225205351063
3945,39.450000000,triangle_f1,-0.021700000,2062,114225215043873,114225216370858
3946,39.460000000,triangle_f1,-0.021560000,2062,114225225050718,114225226372380
3947,39.470000000,triangle_f1,-0.021420000,2062,114225235054372,114225236364512
3948,39.480000000,triangle_f1,-0.021280000,2062,114225245048983,114225246366906
3949,39.490000000,triangle_f1,-0.021140000,2062,114225255045049,114225256372713
3950,39.500000000,triangle_f1,-0.021000000,2062,114225265045710,114225266392776
3951,39.510000000,triangle_f1,-0.020860000,2062,114225274975389,114225276362350
3952,39.520000000,triangle_f1,-0.020720000,2062,114225284971542,114225285351273
3953,39.530000000,triangle_f1,-0.020580000,2061,114225294966503,114225295353062
3954,39.540000000,triangle_f1,-0.020440000,2061,114225304966369,114225305345327
3955,39.550000000,triangle_f1,-0.020300000,2061,114225314965754,114225315352289
3956,39.560000000,triangle_f1,-0.020160000,2061,114225324976867,114225326367879
3957,39.570000000,triangle_f1,-0.020020000,2061,114225334969971,114225335358543
3958,39.580000000,triangle_f1,-0.019880000,2061,114225344969367,114225345346896
3959,39.590000000,triangle_f1,-0.019740000,2061,114225354995893,114225356364482
3960,39.600000000,triangle_f1,-0.019600000,2061,114225365043888,114225366369770
3961,39.610000000,triangle_f1,-0.019460000,2061,114225375050158,114225376366867
3962,39.620000000,triangle_f1,-0.019320000,2061,114225385043669,114225386371004
3963,39.630000000,triangle_f1,-0.019180000,2061,114225395050643,114225396389971
3964,39.640000000,triangle_f1,-0.019040000,2060,114225405046404,114225406369494
3965,39.650000000,triangle_f1,-0.018900000,2060,114225415043564,114225416366056
3966,39.660000000,triangle_f1,-0.018760000,2060,114225425055457,114225426348413
3967,39.670000000,triangle_f1,-0.018620000,2060,114225435049715,114225436351458
3968,39.680000000,triangle_f1,-0.018480000,2060,114225445046950,114225446363994
3969,39.690000000,triangle_f1,-0.018340000,2060,114225455046785,114225456342036
3970,39.700000000,triangle_f1,-0.018200000,2060,114225465043147,114225466346466
3971,39.710000000,triangle_f1,-0.018060000,2060,114225475044767,114225476347374
3972,39.720000000,triangle_f1,-0.017920000,2060,114225485050019,114225486346230
3973,39.730000000,triangle_f1,-0.017780000,2060,114225495052540,114225496346205
3974,39.740000000,triangle_f1,-0.017640000,2059,114225505052605,114225506342918
3975,39.750000000,triangle_f1,-0.017500000,2059,114225515048315,114225516344918
3976,39.760000000,triangle_f1,-0.017360000,2059,114225525051362,114225526332124
3977,39.770000000,triangle_f1,-0.017220000,2059,114225535057214,114225536342738
3978,39.780000000,triangle_f1,-0.017080000,2059,114225545052356,114225546354555
3979,39.790000000,triangle_f1,-0.016940000,2059,114225555051405,114225556345546
3980,39.800000000,triangle_f1,-0.016800000,2059,114225565042887,114225566347288
3981,39.810000000,triangle_f1,-0.016660000,2059,114225575046629,114225576343772
3982,39.820000000,triangle_f1,-0.016520000,2059,114225585041799,114225586352441
3983,39.830000000,triangle_f1,-0.016380000,2059,114225595048163,114225596347917
3984,39.840000000,triangle_f1,-0.016240000,2059,114225605053988,114225606346697
3985,39.850000000,triangle_f1,-0.016100000,2058,114225615057453,114225616333801
3986,39.860000000,triangle_f1,-0.015960000,2058,114225624981085,114225626343306
3987,39.870000000,triangle_f1,-0.015820000,2058,114225635044402,114225636347676
3988,39.880000000,triangle_f1,-0.015680000,2058,114225644988803,114225646379550
3989,39.890000000,triangle_f1,-0.015540000,2058,114225655047190,114225656423607
3990,39.900000000,triangle_f1,-0.015400000,2058,114225665051628,114225666415803
3991,39.910000000,triangle_f1,-0.015260000,2058,114225675054398,114225676416810
3992,39.920000000,triangle_f1,-0.015120000,2058,114225684983028,114225686411701
3993,39.930000000,triangle_f1,-0.014980000,2058,114225694970100,114225695397357
3994,39.940000000,triangle_f1,-0.014840000,2058,114225704975918,114225705396665
3995,39.950000000,triangle_f1,-0.014700000,2058,114225715045026,114225716524820
3996,39.960000000,triangle_f1,-0.014560000,2057,114225725047110,114225726353804
3997,39.970000000,triangle_f1,-0.014420000,2057,114225735046460,114225736410314
3998,39.980000000,triangle_f1,-0.014280000,2057,114225745048875,114225746375905
3999,39.990000000,triangle_f1,-0.014140000,2057,114225755050407,114225756412637
4000,40.000000000,triangle_f1,-0.014000000,2057,114225765047028,114225766413721
4001,40.010000000,triangle_f1,-0.013860000,2057,114225775041341,114225776411836
4002,40.020000000,triangle_f1,-0.013720000,2057,114225785045335,114225786374467
4003,40.030000000,triangle_f1,-0.013580000,2057,114225795045147,114225796413867
4004,40.040000000,triangle_f1,-0.013440000,2057,114225805045766,114225806410072
4005,40.050000000,triangle_f1,-0.013300000,2057,114225815046683,114225816525312
4006,40.060000000,triangle_f1,-0.013160000,2057,114225824979580,114225826411037
4007,40.070000000,triangle_f1,-0.013020000,2056,114225835047988,114225836415586
4008,40.080000000,triangle_f1,-0.012880000,2056,114225844992814,114225846515892
4009,40.090000000,triangle_f1,-0.012740000,2056,114225855048463,114225856517233
4010,40.100000000,triangle_f1,-0.012600000,2056,114225864991557,114225866503802
4011,40.110000000,triangle_f1,-0.012460000,2056,114225875057591,114225876526591
4012,40.120000000,triangle_f1,-0.012320000,2056,114225885050584,114225886502799
4013,40.130000000,triangle_f1,-0.012180000,2056,114225895053964,114225896505481
4014,40.140000000,triangle_f1,-0.012040000,2056,114225905041891,114225906498818
4015,40.150000000,triangle_f1,-0.011900000,2056,114225915050377,114225916494713
4016,40.160000000,triangle_f1,-0.011760000,2056,114225925044192,114225926504721
4017,40.170000000,triangle_f1,-0.011620000,2056,114225934979599,114225936391305
4018,40.180000000,triangle_f1,-0.011480000,2055,114225945047712,114225946411873
4019,40.190000000,triangle_f1,-0.011340000,2055,114225955047226,114225956496125
4020,40.200000000,triangle_f1,-0.011200000,2055,114225964989036,114225966389504
4021,40.210000000,triangle_f1,-0.011060000,2055,114225975048398,114225976500716
4022,40.220000000,triangle_f1,-0.010920000,2055,114225984997260,114225986429457
4023,40.230000000,triangle_f1,-0.010780000,2055,114225995045507,114225996382434
4024,40.240000000,triangle_f1,-0.010640000,2055,114226005040950,114226006391405
4025,40.250000000,triangle_f1,-0.010500000,2055,114226015046228,114226016386729
4026,40.260000000,triangle_f1,-0.010360000,2055,114226025055285,114226026501459
4027,40.270000000,triangle_f1,-0.010220000,2055,114226034979875,114226036389335
4028,40.280000000,triangle_f1,-0.010080000,2055,114226045044335,114226046417882
4029,40.290000000,triangle_f1,-0.009940000,2054,114226055045967,114226056500228
4030,40.300000000,triangle_f1,-0.009800000,2054,114226065046822,114226066512500
4031,40.310000000,triangle_f1,-0.009660000,2054,114226075041791,114226076392141
4032,40.320000000,triangle_f1,-0.009520000,2054,114226085044294,114226086385718
4033,40.330000000,triangle_f1,-0.009380000,2054,114226095045067,114226096324554
4034,40.340000000,triangle_f1,-0.009240000,2054,114226105045417,114226106322162
4035,40.350000000,triangle_f1,-0.009100000,2054,114226115047546,114226116329647
4036,40.360000000,triangle_f1,-0.008960000,2054,114226125050433,114226126324055
4037,40.370000000,triangle_f1,-0.008820000,2054,114226134979699,114226136325785
4038,40.380000000,triangle_f1,-0.008680000,2054,114226145044300,114226146345864
4039,40.390000000,triangle_f1,-0.008540000,2054,114226155055365,114226156327915
4040,40.400000000,triangle_f1,-0.008400000,2053,114226165052103,114226166325023
4041,40.410000000,triangle_f1,-0.008260000,2053,114226175043385,114226176340885
4042,40.420000000,triangle_f1,-0.008120000,2053,114226185029230,114226186341746
4043,40.430000000,triangle_f1,-0.007980000,2053,114226194990197,114226196347049
4044,40.440000000,triangle_f1,-0.007840000,2053,114226205045809,114226206359040
4045,40.450000000,triangle_f1,-0.007700000,2053,114226214986064,114226216361686
4046,40.460000000,triangle_f1,-0.007560000,2053,114226224976864,114226225288294
4047,40.470000000,triangle_f1,-0.007420000,2053,114226234958202,114226235269087
4048,40.480000000,triangle_f1,-0.007280000,2053,114226244980540,114226245272558
4049,40.490000000,triangle_f1,-0.007140000,2053,114226254967656,114226255271112
4050,40.500000000,triangle_f1,-0.007000000,2053,114226264967610,114226265279688
4051,40.510000000,triangle_f1,-0.006860000,2052,114226274969280,114226276280089
4052,40.520000000,triangle_f1,-0.006720000,2052,114226284967723,114226286289614
4053,40.530000000,triangle_f1,-0.006580000,2052,114226294966261,114226295286764
4054,40.540000000,triangle_f1,-0.006440000,2052,114226304966577,114226305288556
4055,40.550000000,triangle_f1,-0.006300000,2052,114226314966142,114226315288219
4056,40.560000000,triangle_f1,-0.006160000,2052,114226324969301,114226326290926
4057,40.570000000,triangle_f1,-0.006020000,2052,114226334966847,114226335287928
4058,40.580000000,triangle_f1,-0.005880000,2052,114226344968370,114226346319078
4059,40.590000000,triangle_f1,-0.005740000,2052,114226354968123,114226356291759
4060,40.600000000,triangle_f1,-0.005600000,2052,114226364969425,114226366295245
4061,40.610000000,triangle_f1,-0.005460000,2052,114226374966555,114226375286266
4062,40.620000000,triangle_f1,-0.005320000,2051,114226384965668,114226385243350
4063,40.630000000,triangle_f1,-0.005180000,2051,114226394964568,114226395346791
4064,40.640000000,triangle_f1,-0.005040000,2051,114226404967190,114226405361073
4065,40.650000000,triangle_f1,-0.004900000,2051,114226414965844,114226415359641
4066,40.660000000,triangle_f1,-0.004760000,2051,114226424969679,114226426355852
4067,40.670000000,triangle_f1,-0.004620000,2051,114226434967489,114226436356729
4068,40.680000000,triangle_f1,-0.004480000,2051,114226444969138,114226446360503
4069,40.690000000,triangle_f1,-0.004340000,2051,114226454968858,114226456353772
4070,40.700000000,triangle_f1,-0.004200000,2051,114226464965777,114226466349128
4071,40.710000000,triangle_f1,-0.004060000,2051,114226474966931,114226475357047
4072,40.720000000,triangle_f1,-0.003920000,2051,114226484966828,114226485356332
4073,40.730000000,triangle_f1,-0.003780000,2050,114226494966286,114226495347258
4074,40.740000000,triangle_f1,-0.003640000,2050,114226504966270,114226505345339
4075,40.750000000,triangle_f1,-0.003500000,2050,114226514966385,114226516353301
4076,40.760000000,triangle_f1,-0.003360000,2050,114226524968073,114226526351826
4077,40.770000000,triangle_f1,-0.003220000,2050,114226534967430,114226536354341
4078,40.780000000,triangle_f1,-0.003080000,2050,114226544968459,114226546369577
4079,40.790000000,triangle_f1,-0.002940000,2050,114226554968708,114226556351618
4080,40.800000000,triangle_f1,-0.002800000,2050,114226564965760,114226566356844
4081,40.810000000,triangle_f1,-0.002660000,2050,114226574966846,114226575350138
4082,40.820000000,triangle_f1,-0.002520000,2050,114226584967080,114226585363060
4083,40.830000000,triangle_f1,-0.002380000,2050,114226594965934,114226595350387
4084,40.840000000,triangle_f1,-0.002240000,2049,114226604966408,114226606353213
4085,40.850000000,triangle_f1,-0.002100000,2049,114226614966156,114226616311844
4086,40.860000000,triangle_f1,-0.001960000,2049,114226624966494,114226626290357
4087,40.870000000,triangle_f1,-0.001820000,2049,114226634966880,114226636286190
4088,40.880000000,triangle_f1,-0.001680000,2049,114226644968699,114226646296553
4089,40.890000000,triangle_f1,-0.001540000,2049,114226654968213,114226656292440
4090,40.900000000,triangle_f1,-0.001400000,2049,114226664966351,114226666269697
4091,40.910000000,triangle_f1,-0.001260000,2049,114226674966247,114226676284237
4092,40.920000000,triangle_f1,-0.001120000,2049,114226684967174,114226686289678
4093,40.930000000,triangle_f1,-0.000980000,2049,114226694966810,114226696281007
4094,40.940000000,triangle_f1,-0.000840000,2049,114226704966807,114226706267309
4095,40.950000000,triangle_f1,-0.000700000,2048,114226714966507,114226716284498
4096,40.960000000,triangle_f1,-0.000560000,2048,114226724966525,114226726272153
4097,40.970000000,triangle_f1,-0.000420000,2048,114226734967044,114226736263593
4098,40.980000000,triangle_f1,-0.000280000,2048,114226744968899,114226746353719
4099,40.990000000,triangle_f1,-0.000140000,2048,114226754969169,114226756342830
4100,41.000000000,triangle_f1,-0.000000000,2048,114226764967229,114226766346852
4101,41.010000000,triangle_f1,0.000140000,2048,114226774966237,114226776335802
4102,41.020000000,triangle_f1,0.000280000,2048,114226784966754,114226786346279
4103,41.030000000,triangle_f1,0.000420000,2048,114226794966384,114226796333297
4104,41.040000000,triangle_f1,0.000560000,2048,114226804966461,114226806327412
4105,41.050000000,triangle_f1,0.000700000,2048,114226814966454,114226816328942
4106,41.060000000,triangle_f1,0.000840000,2047,114226824966887,114226826336866
4107,41.070000000,triangle_f1,0.000980000,2047,114226834966679,114226836338466
4108,41.080000000,triangle_f1,0.001120000,2047,114226844968840,114226846269910
4109,41.090000000,triangle_f1,0.001260000,2047,114226854968280,114226856350977
4110,41.100000000,triangle_f1,0.001400000,2047,114226864967070,114226866343127
4111,41.110000000,triangle_f1,0.001540000,2047,114226874966065,114226876331007
4112,41.120000000,triangle_f1,0.001680000,2047,114226884966610,114226886357575
4113,41.130000000,triangle_f1,0.001820000,2047,114226894965915,114226896341163
4114,41.140000000,triangle_f1,0.001960000,2047,114226904966604,114226906331736
4115,41.150000000,triangle_f1,0.002100000,2047,114226914966509,114226916341506
4116,41.160000000,triangle_f1,0.002240000,2047,114226924958809,114226926334050
4117,41.170000000,triangle_f1,0.002380000,2046,114226934966884,114226936269689
4118,41.180000000,triangle_f1,0.002520000,2046,114226944968772,114226946360550
4119,41.190000000,triangle_f1,0.002660000,2046,114226954968580,114226956348733
4120,41.200000000,triangle_f1,0.002800000,2046,114226964968249,114226966346727
4121,41.210000000,triangle_f1,0.002940000,2046,114226974966418,114226976341055
4122,41.220000000,triangle_f1,0.003080000,2046,114226984967360,114226986335428
4123,41.230000000,triangle_f1,0.003220000,2046,114226994966374,114226996331722
4124,41.240000000,triangle_f1,0.003360000,2046,114227004966589,114227006331297
4125,41.250000000,triangle_f1,0.003500000,2046,114227014966657,114227016331330
4126,41.260000000,triangle_f1,0.003640000,2046,114227024966527,114227026335038
4127,41.270000000,triangle_f1,0.003780000,2046,114227034966761,114227036226646
4128,41.280000000,triangle_f1,0.003920000,2045,114227044968844,114227046281115
4129,41.290000000,triangle_f1,0.004060000,2045,114227054969006,114227056277261
4130,41.300000000,triangle_f1,0.004200000,2045,114227064967092,114227066277576
4131,41.310000000,triangle_f1,0.004340000,2045,114227074965980,114227076271209
4132,41.320000000,triangle_f1,0.004480000,2045,114227084966688,114227086246961
4133,41.330000000,triangle_f1,0.004620000,2045,114227094966471,114227096256382
4134,41.340000000,triangle_f1,0.004760000,2045,114227104966456,114227106243561
4135,41.350000000,triangle_f1,0.004900000,2045,114227114966321,114227116249435
4136,41.360000000,triangle_f1,0.005040000,2045,114227124966779,114227126249477
4137,41.370000000,triangle_f1,0.005180000,2045,114227134965480,114227136246406
4138,41.380000000,triangle_f1,0.005320000,2045,114227144968518,114227146337542
4139,41.390000000,triangle_f1,0.005460000,2044,114227154968660,114227156325327
4140,41.400000000,triangle_f1,0.005600000,2044,114227164967654,114227166314082
4141,41.410000000,triangle_f1,0.005740000,2044,114227174966326,114227176313014
4142,41.420000000,triangle_f1,0.005880000,2044,114227184966137,114227186310867
4143,41.430000000,triangle_f1,0.006020000,2044,114227194966764,114227196311443
4144,41.440000000,triangle_f1,0.006160000,2044,114227204967198,114227206319495
4145,41.450000000,triangle_f1,0.006300000,2044,114227214976547,114227216445392
4146,41.460000000,triangle_f1,0.006440000,2044,114227224991157,114227226324998
4147,41.470000000,triangle_f1,0.006580000,2044,114227234970034,114227236313510
4148,41.480000000,triangle_f1,0.006720000,2044,114227244969264,114227246316770
4149,41.490000000,triangle_f1,0.006860000,2044,114227254970354,114227256315086
4150,41.500000000,triangle_f1,0.007000000,2043,114227264968058,114227266255888
4151,41.510000000,triangle_f1,0.007140000,2043,114227274968892,114227276248028
4152,41.520000000,triangle_f1,0.007280000,2043,114227284967664,114227286249985
4153,41.530000000,triangle_f1,0.007420000,2043,114227294966965,114227296243778
4154,41.540000000,triangle_f1,0.007560000,2043,114227304966542,114227306250696
4155,41.550000000,triangle_f1,0.007700000,2043,114227314966726,114227316248891
4156,41.560000000,triangle_f1,0.007840000,2043,114227324966314,114227326249551
4157,41.570000000,triangle_f1,0.007980000,2043,114227334966055,114227336246781
4158,41.580000000,triangle_f1,0.008120000,2043,114227344970792,114227346321426
4159,41.590000000,triangle_f1,0.008260000,2043,114227354968899,114227356322776
4160,41.600000000,triangle_f1,0.008400000,2043,114227364966875,114227366313755
4161,41.610000000,triangle_f1,0.008540000,2042,114227374966075,114227376311859
4162,41.620000000,triangle_f1,0.008680000,2042,114227384966683,114227386312723
4163,41.630000000,triangle_f1,0.008820000,2042,114227394965672,114227396311231
4164,41.640000000,triangle_f1,0.008960000,2042,114227404966742,114227406312585
4165,41.650000000,triangle_f1,0.009100000,2042,114227415046729,114227416437237
4166,41.660000000,triangle_f1,0.009240000,2042,114227424989095,114227426323309
4167,41.670000000,triangle_f1,0.009380000,2042,114227434981934,114227436442057
4168,41.680000000,triangle_f1,0.009520000,2042,114227445049437,114227446443478
4169,41.690000000,triangle_f1,0.009660000,2042,114227454990257,114227456446869
4170,41.700000000,triangle_f1,0.009800000,2042,114227464978478,114227466277788
4171,41.710000000,triangle_f1,0.009940000,2042,114227474968496,114227476312889
4172,41.720000000,triangle_f1,0.010080000,2041,114227484968262,114227486311919
4173,41.730000000,triangle_f1,0.010220000,2041,114227494966152,114227496269917
4174,41.740000000,triangle_f1,0.010360000,2041,114227504966891,114227506296056
4175,41.750000000,triangle_f1,0.010500000,2041,114227514967547,114227516292015
4176,41.760000000,triangle_f1,0.010640000,2041,114227524970280,114227526293314
4177,41.770000000,triangle_f1,0.010780000,2041,114227534966881,114227536289210
4178,41.780000000,triangle_f1,0.010920000,2041,114227544969028,114227546302645
4179,41.790000000,triangle_f1,0.011060000,2041,114227554968681,114227556293600
4180,41.800000000,triangle_f1,0.011200000,2041,114227564966634,114227566302793
4181,41.810000000,triangle_f1,0.011340000,2041,114227574966697,114227576290110
4182,41.820000000,triangle_f1,0.011480000,2041,114227584965830,114227586298948
4183,41.830000000,triangle_f1,0.011620000,2040,114227594966056,114227596297119
4184,41.840000000,triangle_f1,0.011760000,2040,114227604965739,114227606291217
4185,41.850000000,triangle_f1,0.011900000,2040,114227614967726,114227616290961
4186,41.860000000,triangle_f1,0.012040000,2040,114227624988418,114227626297296
4187,41.870000000,triangle_f1,0.012180000,2040,114227634970361,114227636298945
4188,41.880000000,triangle_f1,0.012320000,2040,114227644969077,114227646291031
4189,41.890000000,triangle_f1,0.012460000,2040,114227654968891,114227656290240
4190,41.900000000,triangle_f1,0.012600000,2040,114227664967610,114227666297960
4191,41.910000000,triangle_f1,0.012740000,2040,114227674967082,114227676297146
4192,41.920000000,triangle_f1,0.012880000,2040,114227684969772,114227686245631
4193,41.930000000,triangle_f1,0.013020000,2040,114227694967714,114227696249571
4194,41.940000000,triangle_f1,0.013160000,2039,114227704967888,114227706290206
4195,41.950000000,triangle_f1,0.013300000,2039,114227714967271,114227716292271
4196,41.960000000,triangle_f1,0.013440000,2039,114227724966751,114227726296181
4197,41.970000000,triangle_f1,0.013580000,2039,114227734966216,114227736291751
4198,41.980000000,triangle_f1,0.013720000,2039,114227744971256,114227746295561
4199,41.990000000,triangle_f1,0.013860000,2039,114227754968539,114227756296789
4200,42.000000000,triangle_f1,0.014000000,2039,114227764966988,114227766298881
4201,42.010000000,triangle_f1,0.014140000,2039,114227774966665,114227776229641
4202,42.020000000,triangle_f1,0.014280000,2039,114227784966675,114227786224699
4203,42.030000000,triangle_f1,0.014420000,2039,114227794969931,114227796223592
4204,42.040000000,triangle_f1,0.014560000,2039,114227804967050,114227806225827
4205,42.050000000,triangle_f1,0.014700000,2038,114227815050534,114227816258503
4206,42.060000000,triangle_f1,0.014840000,2038,114227825051874,114227826261592
4207,42.070000000,triangle_f1,0.014980000,2038,114227835041651,114227836261412
4208,42.080000000,triangle_f1,0.015120000,2038,114227845042404,114227846242535
4209,42.090000000,triangle_f1,0.015260000,2038,114227855047650,114227856263065
4210,42.100000000,triangle_f1,0.015400000,2038,114227864978938,114227866240903
4211,42.110000000,triangle_f1,0.015540000,2038,114227875044380,114227876238729
4212,42.120000000,triangle_f1,0.015680000,2038,114227885052603,114227886244759
4213,42.130000000,triangle_f1,0.015820000,2038,114227895048898,114227896245304
4214,42.140000000,triangle_f1,0.015960000,2038,114227905059862,114227906245578
4215,42.150000000,triangle_f1,0.016100000,2038,114227915016463,114227916245521
4216,42.160000000,triangle_f1,0.016240000,2037,114227924978192,114227926251592
4217,42.170000000,triangle_f1,0.016380000,2037,114227935054578,114227936250604
4218,42.180000000,triangle_f1,0.016520000,2037,114227945077174,114227946235543
4219,42.190000000,triangle_f1,0.016660000,2037,114227955051953,114227956222795
4220,42.200000000,triangle_f1,0.016800000,2037,114227964979054,114227966217170
4221,42.210000000,triangle_f1,0.016940000,2037,114227975049849,114227976221211
4222,42.220000000,triangle_f1,0.017080000,2037,114227985043963,114227986222832
4223,42.230000000,triangle_f1,0.017220000,2037,114227995042205,114227996221909
4224,42.240000000,triangle_f1,0.017360000,2037,114228005047960,114228006220747
4225,42.250000000,triangle_f1,0.017500000,2037,114228015055589,114228016244109
4226,42.260000000,triangle_f1,0.017640000,2037,114228025054103,114228026223992
4227,42.270000000,triangle_f1,0.017780000,2036,114228035047346,114228036221611
4228,42.280000000,triangle_f1,0.017920000,2036,114228045049516,114228046224034
4229,42.290000000,triangle_f1,0.018060000,2036,114228055044993,114228056221744
4230,42.300000000,triangle_f1,0.018200000,2036,114228064979041,114228066217701
4231,42.310000000,triangle_f1,0.018340000,2036,114228075041674,114228076222581
4232,42.320000000,triangle_f1,0.018480000,2036,114228085042018,114228086219913
4233,42.330000000,triangle_f1,0.018620000,2036,114228095043248,114228096227218
4234,42.340000000,triangle_f1,0.018760000,2036,114228105046560,114228106220250
4235,42.350000000,triangle_f1,0.018900000,2036,114228115047626,114228116220056
4236,42.360000000,triangle_f1,0.019040000,2036,114228125063601,114228126221471
4237,42.370000000,triangle_f1,0.019180000,2035,114228135048364,114228136221143
4238,42.380000000,triangle_f1,0.019320000,2035,114228145048702,114228146217043
4239,42.390000000,triangle_f1,0.019460000,2035,114228155046436,114228156242785
4240,42.400000000,triangle_f1,0.019600000,2035,114228164978884,114228166218510
4241,42.410000000,triangle_f1,0.019740000,2035,114228175045827,114228176220845
4242,42.420000000,triangle_f1,0.019880000,2035,114228185051054,114228186220889
4243,42.430000000,triangle_f1,0.020020000,2035,114228195040583,114228196226291
4244,42.440000000,triangle_f1,0.020160000,2035,114228205051867,114228206218941
4245,42.450000000,triangle_f1,0.020300000,2035,114228214982009,114228216231530
4246,42.460000000,triangle_f1,0.020440000,2035,114228224979118,114228226220181
4247,42.470000000,triangle_f1,0.020580000,2035,114228235042810,114228236224628
4248,42.480000000,triangle_f1,0.020720000,2034,114228245046053,114228246220012
4249,42.490000000,triangle_f1,0.020860000,2034,114228255042471,114228256224051
4250,42.500000000,triangle_f1,0.021000000,2034,114228265046700,114228266217670
4251,42.510000000,triangle_f1,0.021140000,2034,114228275046351,114228276212875
4252,42.520000000,triangle_f1,0.021280000,2034,114228285045767,114228286223132
4253,42.530000000,triangle_f1,0.021420000,2034,114228295046384,114228296221222
4254,42.540000000,triangle_f1,0.021560000,2034,114228305053039,114228306221169
4255,42.550000000,triangle_f1,0.021700000,2034,114228315044854,114228316219092
4256,42.560000000,triangle_f1,0.021840000,2034,114228324976957,114228326201104
4257,42.570000000,triangle_f1,0.021980000,2034,114228335051501,114228336166126
4258,42.580000000,triangle_f1,0.022120000,2034,114228344997269,114228346270607
4259,42.590000000,triangle_f1,0.022260000,2033,114228355079009,114228356203118
4260,42.600000000,triangle_f1,0.022400000,2033,114228365048039,114228366279956
4261,42.610000000,triangle_f1,0.022540000,2033,114228374969780,114228376247926
4262,42.620000000,triangle_f1,0.022680000,2033,114228385066230,114228386260290
4263,42.630000000,triangle_f1,0.022820000,2033,114228395045892,114228396280732
4264,42.640000000,triangle_f1,0.022960000,2033,114228405056367,114228406267381
4265,42.650000000,triangle_f1,0.023100000,2033,114228415046595,114228416378623
4266,42.660000000,triangle_f1,0.023240000,2033,114228424978956,114228426267988
4267,42.670000000,triangle_f1,0.023380000,2033,114228435049534,114228436385107
4268,42.680000000,triangle_f1,0.023520000,2033,114228445050955,114228446377529
4269,42.690000000,triangle_f1,0.023660000,2033,114228455050446,114228456377177
4270,42.700000000,triangle_f1,0.023800000,2032,114228465045828,114228466266448
4271,42.710000000,triangle_f1,0.023940000,2032,114228474970610,114228476187988
4272,42.720000000,triangle_f1,0.024080000,2032,114228484967373,114228486255772
4273,42.730000000,triangle_f1,0.024220000,2032,114228495043831,114228496258214
4274,42.740000000,triangle_f1,0.024360000,2032,114228505051682,114228506268066
4275,42.750000000,triangle_f1,0.024500000,2032,114228515045188,114228516383883
4276,42.760000000,triangle_f1,0.024640000,2032,114228524979151,114228526267099
4277,42.770000000,triangle_f1,0.024780000,2032,114228535045133,114228536374693
4278,42.780000000,triangle_f1,0.024920000,2032,114228545043261,114228546250465
4279,42.790000000,triangle_f1,0.025060000,2032,114228555048289,114228556261448
4280,42.800000000,triangle_f1,0.025200000,2032,114228565045455,114228566386690
4281,42.810000000,triangle_f1,0.025340000,2031,114228575041565,114228576275501
4282,42.820000000,triangle_f1,0.025480000,2031,114228585051662,114228586270251
4283,42.830000000,triangle_f1,0.025620000,2031,114228595045714,114228596377128
4284,42.840000000,triangle_f1,0.025760000,2031,114228604988270,114228606264086
4285,42.850000000,triangle_f1,0.025900000,2031,114228614969039,114228616262312
4286,42.860000000,triangle_f1,0.026040000,2031,114228624967313,114228626250609
4287,42.870000000,triangle_f1,0.026180000,2031,114228634965888,114228636250891
4288,42.880000000,triangle_f1,0.026320000,2031,114228644967066,114228646253570
4289,42.890000000,triangle_f1,0.026460000,2031,114228654965219,114228656260625
4290,42.900000000,triangle_f1,0.026600000,2031,114228664965075,114228666257302
4291,42.910000000,triangle_f1,0.026740000,2031,114228674967066,114228676259969
4292,42.920000000,triangle_f1,0.026880000,2030,114228684966895,114228686269151
4293,42.930000000,triangle_f1,0.027020000,2030,114228694969841,114228696246724
4294,42.940000000,triangle_f1,0.027160000,2030,114228704966449,114228706259631
4295,42.950000000,triangle_f1,0.027300000,2030,114228714967014,114228716260726
4296,42.960000000,triangle_f1,0.027440000,2030,114228724966455,114228726243875
4297,42.970000000,triangle_f1,0.027580000,2030,114228734965911,114228736249933
4298,42.980000000,triangle_f1,0.027720000,2030,114228744966576,114228746397365
4299,42.990000000,triangle_f1,0.027860000,2030,114228755052153,114228756371911
4300,43.000000000,triangle_f1,0.028000000,2030,114228764990451,114228766219351
4301,43.010000000,triangle_f1,0.028140000,2030,114228775043989,114228776179233
4302,43.020000000,triangle_f1,0.028280000,2030,114228785058821,114228786368615
4303,43.030000000,triangle_f1,0.028420000,2029,114228795045451,114228796248395
4304,43.040000000,triangle_f1,0.028560000,2029,114228805059676,114228806357142
4305,43.050000000,triangle_f1,0.028700000,2029,114228815049409,114228816362822
4306,43.060000000,triangle_f1,0.028840000,2029,114228825051043,114228826245579
4307,43.070000000,triangle_f1,0.028980000,2029,114228835047244,114228836360195
4308,43.080000000,triangle_f1,0.029120000,2029,114228845054389,114228846189179
4309,43.090000000,triangle_f1,0.029260000,2029,114228854990626,114228856358406
4310,43.100000000,triangle_f1,0.029400000,2029,114228865052059,114228866349812
4311,43.110000000,triangle_f1,0.029540000,2029,114228875050664,114228876354254
4312,43.120000000,triangle_f1,0.029680000,2029,114228885040314,114228886360800
4313,43.130000000,triangle_f1,0.029820000,2029,114228895059142,114228896359012
4314,43.140000000,triangle_f1,0.029960000,2028,114228905044137,114228906361411
4315,43.150000000,triangle_f1,0.030100000,2028,114228915048323,114228916350187
4316,43.160000000,triangle_f1,0.030240000,2028,114228925044296,114228926241251
4317,43.170000000,triangle_f1,0.030380000,2028,114228935044029,114228936359090
4318,43.180000000,triangle_f1,0.030520000,2028,114228945049168,114228946357999
4319,43.190000000,triangle_f1,0.030660000,2028,114228954992066,114228956378577
4320,43.200000000,triangle_f1,0.030800000,2028,114228965046961,114228966222439
4321,43.210000000,triangle_f1,0.030940000,2028,114228975046063,114228976177631
4322,43.220000000,triangle_f1,0.031080000,2028,114228985052414,114228986176645
4323,43.230000000,triangle_f1,0.031220000,2028,114228995044770,114228996177442
4324,43.240000000,triangle_f1,0.031360000,2028,114229005058267,114229006175150
4325,43.250000000,triangle_f1,0.031500000,2027,114229015045422,114229016177270
4326,43.260000000,triangle_f1,0.031640000,2027,114229025042577,114229026176324
4327,43.270000000,triangle_f1,0.031780000,2027,114229035048113,114229036197592
4328,43.280000000,triangle_f1,0.031920000,2027,114229045045110,114229046181818
4329,43.290000000,triangle_f1,0.032060000,2027,114229054990606,114229056175912
4330,43.300000000,triangle_f1,0.032200000,2027,114229065057735,114229066181618
4331,43.310000000,triangle_f1,0.032340000,2027,114229075046615,114229076176042
4332,43.320000000,triangle_f1,0.032480000,2027,114229085045136,114229086180834
4333,43.330000000,triangle_f1,0.032620000,2027,114229095040974,114229096187400
4334,43.340000000,triangle_f1,0.032760000,2027,114229105046341,114229106243658
4335,43.350000000,triangle_f1,0.032900000,2027,114229115051581,114229116245013
4336,43.360000000,triangle_f1,0.033040000,2026,114229125048628,114229126244772
4337,43.370000000,triangle_f1,0.033180000,2026,114229135047430,114229136356917
4338,43.380000000,triangle_f1,0.033320000,2026,114229145044391,114229146360957
4339,43.390000000,triangle_f1,0.033460000,2026,114229154991135,114229156358802
4340,43.400000000,triangle_f1,0.033600000,2026,114229165047058,114229166192188
4341,43.410000000,triangle_f1,0.033740000,2026,114229175045469,114229176387469
4342,43.420000000,triangle_f1,0.033880000,2026,114229184988594,114229186251621
4343,43.430000000,triangle_f1,0.034020000,2026,114229195047318,114229196205454
4344,43.440000000,triangle_f1,0.034160000,2026,114229205051644,114229206370884
4345,43.450000000,triangle_f1,0.034300000,2026,114229215049391,114229216217246
4346,43.460000000,triangle_f1,0.034440000,2026,114229225044948,114229226225381
4347,43.470000000,triangle_f1,0.034580000,2025,114229235045635,114229236337187
4348,43.480000000,triangle_f1,0.034720000,2025,114229245045086,114229246332233
4349,43.490000000,triangle_f1,0.034860000,2025,114229254990898,114229256325953
4350,43.500000000,triangle_f1,0.035000000,2025,114229265050469,114229266171757
4351,43.510000000,triangle_f1,0.035140000,2025,114229275045084,114229276170818
4352,43.520000000,triangle_f1,0.035280000,2025,114229284989721,114229286227503
4353,43.530000000,triangle_f1,0.035420000,2025,114229294970846,114229296152434
4354,43.540000000,triangle_f1,0.035560000,2025,114229304967135,114229306153292
4355,43.550000000,triangle_f1,0.035700000,2025,114229314971596,114229316146079
4356,43.560000000,triangle_f1,0.035840000,2025,114229324976823,114229326158352
4357,43.570000000,triangle_f1,0.035980000,2025,114229335046966,114229336159159
4358,43.580000000,triangle_f1,0.036120000,2024,114229345048987,114229346146860
4359,43.590000000,triangle_f1,0.036260000,2024,114229354990592,114229356169591
4360,43.600000000,triangle_f1,0.036400000,2024,114229365046933,114229366168393
4361,43.610000000,triangle_f1,0.036540000,2024,114229375056692,114229376148946
4362,43.620000000,triangle_f1,0.036680000,2024,114229385045297,114229386157898
4363,43.630000000,triangle_f1,0.036820000,2024,114229395053997,114229396145078
4364,43.640000000,triangle_f1,0.036960000,2024,114229405045658,114229406153388
4365,43.650000000,triangle_f1,0.037100000,2024,114229415045793,114229416228505
4366,43.660000000,triangle_f1,0.037240000,2024,114229425042930,114229426217773
4367,43.670000000,triangle_f1,0.037380000,2024,114229435047852,114229436334329
4368,43.680000000,triangle_f1,0.037520000,2024,114229445042805,114229446348775
4369,43.690000000,triangle_f1,0.037660000,2023,114229455048059,114229456219908
4370,43.700000000,triangle_f1,0.037800000,2023,114229464988700,114229466218756
4371,43.710000000,triangle_f1,0.037940000,2023,114229475042360,114229476331143
4372,43.720000000,triangle_f1,0.038080000,2023,114229484985432,114229486225424
4373,43.730000000,triangle_f1,0.038220000,2023,114229495052430,114229496230468
4374,43.740000000,triangle_f1,0.038360000,2023,114229505049961,114229506230293
4375,43.750000000,triangle_f1,0.038500000,2023,114229515048731,114229516346055
4376,43.760000000,triangle_f1,0.038640000,2023,114229524977556,114229526213705
4377,43.770000000,triangle_f1,0.038780000,2023,114229535048028,114229536332533
4378,43.780000000,triangle_f1,0.038920000,2023,114229545050018,114229546341561
4379,43.790000000,triangle_f1,0.039060000,2023,114229554990713,114229556334655
4380,43.800000000,triangle_f1,0.039200000,2022,114229565046763,114229566321335
4381,43.810000000,triangle_f1,0.039340000,2022,114229575043032,114229576331864
4382,43.820000000,triangle_f1,0.039480000,2022,114229585048522,114229586281315
4383,43.830000000,triangle_f1,0.039620000,2022,114229595055340,114229596172941
4384,43.840000000,triangle_f1,0.039760000,2022,114229605051341,114229606203807
4385,43.850000000,triangle_f1,0.039900000,2022,114229615044790,114229616318805
4386,43.860000000,triangle_f1,0.040040000,2022,114229624979028,114229626143600
4387,43.870000000,triangle_f1,0.040180000,2022,114229635050454,114229636151457
4388,43.880000000,triangle_f1,0.040320000,2022,114229645050662,114229646152441
4389,43.890000000,triangle_f1,0.040460000,2022,114229654989478,114229656138442
4390,43.900000000,triangle_f1,0.040600000,2022,114229665053345,114229666139498
4391,43.910000000,triangle_f1,0.040740000,2021,114229675051422,114229676132817
4392,43.920000000,triangle_f1,0.040880000,2021,114229685060171,114229686140511
4393,43.930000000,triangle_f1,0.041020000,2021,114229695050245,114229696133934
4394,43.940000000,triangle_f1,0.041160000,2021,114229705057459,114229706135337
4395,43.950000000,triangle_f1,0.041300000,2021,114229714990136,114229716136402
4396,43.960000000,triangle_f1,0.041440000,2021,114229725048951,114229726135109
4397,43.970000000,triangle_f1,0.041580000,2021,114229735046850,114229736146092
4398,43.980000000,triangle_f1,0.041720000,2021,114229745046860,114229746152146
4399,43.990000000,triangle_f1,0.041860000,2021,114229754988878,114229756136585
4400,44.000000000,triangle_f1,0.042000000,2021,114229765044217,114229766139887
4401,44.010000000,triangle_f1,0.042140000,2021,114229775044000,114229776144856
4402,44.020000000,triangle_f1,0.042280000,2020,114229785044790,114229786134845
4403,44.030000000,triangle_f1,0.042420000,2020,114229795041925,114229796133702
4404,44.040000000,triangle_f1,0.042560000,2020,114229805047310,114229806135419
4405,44.050000000,triangle_f1,0.042700000,2020,114229815067366,114229816141941
4406,44.060000000,triangle_f1,0.042840000,2020,114229824989340,114229826142745
4407,44.070000000,triangle_f1,0.042980000,2020,114229835048808,114229836145357
4408,44.080000000,triangle_f1,0.043120000,2020,114229845046485,114229846132237
4409,44.090000000,triangle_f1,0.043260000,2020,114229854989086,114229856134465
4410,44.100000000,triangle_f1,0.043400000,2020,114229865043643,114229866135844
4411,44.110000000,triangle_f1,0.043540000,2020,114229875040968,114229876141185
4412,44.120000000,triangle_f1,0.043680000,2020,114229885045499,114229886133878
4413,44.130000000,triangle_f1,0.043820000,2019,114229895041735,114229896135362
4414,44.140000000,triangle_f1,0.043960000,2019,114229905045795,114229906133835
4415,44.150000000,triangle_f1,0.044100000,2019,114229915046242,114229916133399
4416,44.160000000,triangle_f1,0.044240000,2019,114229925043298,114229926138383
4417,44.170000000,triangle_f1,0.044380000,2019,114229935043291,114229936135196
4418,44.180000000,triangle_f1,0.044520000,2019,114229945051255,114229946140661
4419,44.190000000,triangle_f1,0.044660000,2019,114229954981727,114229956150350
4420,44.200000000,triangle_f1,0.044800000,2019,114229964970362,114229966130472
4421,44.210000000,triangle_f1,0.044940000,2019,114229974967730,114229976126612
4422,44.220000000,triangle_f1,0.045080000,2019,114229984968395,114229986124229
4423,44.230000000,triangle_f1,0.045220000,2019,114229994965544,114229996191932
4424,44.240000000,triangle_f1,0.045360000,2018,114230004970166,114230006170127
4425,44.250000000,triangle_f1,0.045500000,2018,114230014967297,114230016176007
4426,44.260000000,triangle_f1,0.045640000,2018,114230024967534,114230026169414
4427,44.270000000,triangle_f1,0.045780000,2018,114230035044059,114230036153037
4428,44.280000000,triangle_f1,0.045920000,2018,114230045050042,114230046116045
4429,44.290000000,triangle_f1,0.046060000,2018,114230055052557,114230056114578
4430,44.300000000,triangle_f1,0.046200000,2018,114230065043498,114230066112917
4431,44.310000000,triangle_f1,0.046340000,2018,114230075051481,114230076120283
4432,44.320000000,triangle_f1,0.046480000,2018,114230085053037,114230086124297
4433,44.330000000,triangle_f1,0.046620000,2018,114230095045990,114230096113655
4434,44.340000000,triangle_f1,0.046760000,2018,114230105046341,114230106115483
4435,44.350000000,triangle_f1,0.046900000,2017,114230115055250,114230116118859
4436,44.360000000,triangle_f1,0.047040000,2017,114230125042166,114230126117184
4437,44.370000000,triangle_f1,0.047180000,2017,114230135041723,114230136115195
4438,44.380000000,triangle_f1,0.047320000,2017,114230145046953,114230146119153
4439,44.390000000,triangle_f1,0.047460000,2017,114230154978567,114230156129791
4440,44.400000000,triangle_f1,0.047600000,2017,114230165048781,114230166120265
4441,44.410000000,triangle_f1,0.047740000,2017,114230175044975,114230176117226
4442,44.420000000,triangle_f1,0.047880000,2017,114230185054319,114230186114881
4443,44.430000000,triangle_f1,0.048020000,2017,114230195051033,114230196117151
4444,44.440000000,triangle_f1,0.048160000,2017,114230205047638,114230206129407
4445,44.450000000,triangle_f1,0.048300000,2017,114230215048727,114230216114580
4446,44.460000000,triangle_f1,0.048440000,2016,114230225041783,114230226113759
4447,44.470000000,triangle_f1,0.048580000,2016,114230235049465,114230236134408
4448,44.480000000,triangle_f1,0.048720000,2016,114230245048824,114230246133342
4449,44.490000000,triangle_f1,0.048860000,2016,114230254979929,114230256113896
4450,44.500000000,triangle_f1,0.049000000,2016,114230265044996,114230266113368
4451,44.510000000,triangle_f1,0.049140000,2016,114230275049234,114230276114032
4452,44.520000000,triangle_f1,0.049280000,2016,114230285054895,114230286116257
4453,44.530000000,triangle_f1,0.049420000,2016,114230295041116,114230296119792
4454,44.540000000,triangle_f1,0.049560000,2016,114230305050725,114230306111709
4455,44.550000000,triangle_f1,0.049700000,2016,114230315050025,114230316113594
4456,44.560000000,triangle_f1,0.049840000,2016,114230325049983,114230326114931
4457,44.570000000,triangle_f1,0.049980000,2015,114230335050056,114230336117557
4458,44.580000000,triangle_f1,0.050120000,2015,114230345042847,114230346116194
4459,44.590000000,triangle_f1,0.050260000,2015,114230354978962,114230356118202
4460,44.600000000,triangle_f1,0.050400000,2015,114230365063436,114230366116023
4461,44.610000000,triangle_f1,0.050540000,2015,114230375045074,114230376117033
4462,44.620000000,triangle_f1,0.050680000,2015,114230385041177,114230386114173
4463,44.630000000,triangle_f1,0.050820000,2015,114230395044546,114230396122853
4464,44.640000000,triangle_f1,0.050960000,2015,114230405044657,114230406117313
4465,44.650000000,triangle_f1,0.051100000,2015,114230415049243,114230416112421
4466,44.660000000,triangle_f1,0.051240000,2015,114230425050171,114230426095816
4467,44.670000000,triangle_f1,0.051380000,2015,114230435064032,114230436133107
4468,44.680000000,triangle_f1,0.051520000,2014,114230445051644,114230446116545
4469,44.690000000,triangle_f1,0.051660000,2014,114230454980126,114230456115244
4470,44.700000000,triangle_f1,0.051800000,2014,114230465047632,114230466101440
4471,44.710000000,triangle_f1,0.051940000,2014,114230475054662,114230476096904
4472,44.720000000,triangle_f1,0.052080000,2014,114230485044378,114230486094026
4473,44.730000000,triangle_f1,0.052220000,2014,114230495046857,114230496094709
4474,44.740000000,triangle_f1,0.052360000,2014,114230505046369,114230506093151
4475,44.750000000,triangle_f1,0.052500000,2014,114230515062254,114230516090579
4476,44.760000000,triangle_f1,0.052640000,2014,114230525053153,114230526095631
4477,44.770000000,triangle_f1,0.052780000,2014,114230535056675,114230536094995
4478,44.780000000,triangle_f1,0.052920000,2014,114230545053810,114230546093042
4479,44.790000000,triangle_f1,0.053060000,2013,114230554978842,114230556093139
4480,44.800000000,triangle_f1,0.053200000,2013,114230565047534,114230566092511
4481,44.810000000,triangle_f1,0.053340000,2013,114230575042781,114230576099855
4482,44.820000000,triangle_f1,0.053480000,2013,114230585047384,114230586097394
4483,44.830000000,triangle_f1,0.053620000,2013,114230595046534,114230596112565
4484,44.840000000,triangle_f1,0.053760000,2013,114230605048863,114230606097198
4485,44.850000000,triangle_f1,0.053900000,2013,114230615048713,114230616090594
4486,44.860000000,triangle_f1,0.054040000,2013,114230625045286,114230626093059
4487,44.870000000,triangle_f1,0.054180000,2013,114230635045577,114230636097538
4488,44.880000000,triangle_f1,0.054320000,2013,114230645048956,114230646095366
4489,44.890000000,triangle_f1,0.054460000,2012,114230654978492,114230656089749
4490,44.900000000,triangle_f1,0.054600000,2012,114230665048166,114230666097469
4491,44.910000000,triangle_f1,0.054740000,2012,114230675057755,114230676094057
4492,44.920000000,triangle_f1,0.054880000,2012,114230684981687,114230686096977
4493,44.930000000,triangle_f1,0.055020000,2012,114230695048651,114230696097708
4494,44.940000000,triangle_f1,0.055160000,2012,114230705046052,114230706091479
4495,44.950000000,triangle_f1,0.055300000,2012,114230715051244,114230716094364
4496,44.960000000,triangle_f1,0.055440000,2012,114230725049986,114230726096815
4497,44.970000000,triangle_f1,0.055580000,2012,114230735050802,114230736090406
4498,44.980000000,triangle_f1,0.055720000,2012,114230745049486,114230746091841
4499,44.990000000,triangle_f1,0.055860000,2012,114230754979200,114230756091368
4500,45.000000000,triangle_f1,0.056000000,2011,114230765045827,114230766094851
4501,45.010000000,triangle_f1,0.056140000,2011,114230775044045,114230776090062
4502,45.020000000,triangle_f1,0.056280000,2011,114230785047364,114230786095184
4503,45.030000000,triangle_f1,0.056420000,2011,114230795048205,114230796265974
4504,45.040000000,triangle_f1,0.056560000,2011,114230805047650,114230806140116
4505,45.050000000,triangle_f1,0.056700000,2011,114230815044004,114230816140704
4506,45.060000000,triangle_f1,0.056840000,2011,114230825046004,114230826141778
4507,45.070000000,triangle_f1,0.056980000,2011,114230835045498,114230836257023
4508,45.080000000,triangle_f1,0.057120000,2011,114230845045565,114230846398731
4509,45.090000000,triangle_f1,0.057260000,2011,114230855057051,114230856283874
4510,45.100000000,triangle_f1,0.057400000,2011,114230865047279,114230866279663
4511,45.110000000,triangle_f1,0.057540000,2010,114230875045983,114230876287539
4512,45.120000000,triangle_f1,0.057680000,2010,114230885025054,114230886201439
4513,45.130000000,triangle_f1,0.057820000,2010,114230894985827,114230896266289
4514,45.140000000,triangle_f1,0.057960000,2010,114230904999539,114230906147948
4515,45.150000000,triangle_f1,0.058100000,2010,114230915054236,114230916262278
4516,45.160000000,triangle_f1,0.058240000,2010,114230925045140,114230926261009
4517,45.170000000,triangle_f1,0.058380000,2010,114230935048117,114230936255288
4518,45.180000000,triangle_f1,0.058520000,2010,114230944995770,114230946270132
4519,45.190000000,triangle_f1,0.058660000,2010,114230955050919,114230956253550
4520,45.200000000,triangle_f1,0.058800000,2010,114230965056928,114230966260366
4521,45.210000000,triangle_f1,0.058940000,2010,114230975045670,114230976265257
4522,45.220000000,triangle_f1,0.059080000,2009,114230985057757,114230986276210
4523,45.230000000,triangle_f1,0.059220000,2009,114230995043483,114230996119319
4524,45.240000000,triangle_f1,0.059360000,2009,114231005044731,114231006289414
4525,45.250000000,triangle_f1,0.059500000,2009,114231015044506,114231016263468
4526,45.260000000,triangle_f1,0.059640000,2009,114231025052402,114231026254684
4527,45.270000000,triangle_f1,0.059780000,2009,114231035044544,114231036069412
4528,45.280000000,triangle_f1,0.059920000,2009,114231045049580,114231046134941
4529,45.290000000,triangle_f1,0.060060000,2009,114231055053871,114231056073435
4530,45.300000000,triangle_f1,0.060200000,2009,114231065049041,114231066089420
4531,45.310000000,triangle_f1,0.060340000,2009,114231075041712,114231076072584
4532,45.320000000,triangle_f1,0.060480000,2009,114231085046962,114231086070583
4533,45.330000000,triangle_f1,0.060620000,2008,114231095048101,114231096069863
4534,45.340000000,triangle_f1,0.060760000,2008,114231105053349,114231106084859
4535,45.350000000,triangle_f1,0.060900000,2008,114231115016934,114231116164480
4536,45.360000000,triangle_f1,0.061040000,2008,114231125045339,114231126267649
4537,45.370000000,triangle_f1,0.061180000,2008,114231135061290,114231136274691
4538,45.380000000,triangle_f1,0.061320000,2008,114231145059967,114231146253494
4539,45.390000000,triangle_f1,0.061460000,2008,114231155053059,114231156071303
4540,45.400000000,triangle_f1,0.061600000,2008,114231164971251,114231166112115
4541,45.410000000,triangle_f1,0.061740000,2008,114231175047066,114231176083729
4542,45.420000000,triangle_f1,0.061880000,2008,114231185047821,114231186104325
4543,45.430000000,triangle_f1,0.062020000,2008,114231195049211,114231196139371
4544,45.440000000,triangle_f1,0.062160000,2007,114231205046089,114231206273579
4545,45.450000000,triangle_f1,0.062300000,2007,114231215054758,114231216252972
4546,45.460000000,triangle_f1,0.062440000,2007,114231225047583,114231226256839
4547,45.470000000,triangle_f1,0.062580000,2007,114231235048623,114231236270565
4548,45.480000000,triangle_f1,0.062720000,2007,114231244979003,114231246149424
4549,45.490000000,triangle_f1,0.062860000,2007,114231255056815,114231256245168
4550,45.500000000,triangle_f1,0.063000000,2007,114231265046120,114231266124672
4551,45.510000000,triangle_f1,0.063140000,2007,114231275045868,114231276149173
4552,45.520000000,triangle_f1,0.063280000,2007,114231284975915,114231286094113
4553,45.530000000,triangle_f1,0.063420000,2007,114231294972446,114231296047388
4554,45.540000000,triangle_f1,0.063560000,2007,114231305063119,114231306052930
4555,45.550000000,triangle_f1,0.063700000,2006,114231315041180,114231316069692
4556,45.560000000,triangle_f1,0.063840000,2006,114231324982069,114231326061060
4557,45.570000000,triangle_f1,0.063980000,2006,114231334976714,114231336058198
4558,45.580000000,triangle_f1,0.064120000,2006,114231344971510,114231346073073
4559,45.590000000,triangle_f1,0.064260000,2006,114231354970708,114231356044788
4560,45.600000000,triangle_f1,0.064400000,2006,114231364972370,114231366052319
4561,45.610000000,triangle_f1,0.064540000,2006,114231374969940,114231376044140
4562,45.620000000,triangle_f1,0.064680000,2006,114231384966725,114231386049619
4563,45.630000000,triangle_f1,0.064820000,2006,114231394968664,114231396047672
4564,45.640000000,triangle_f1,0.064960000,2006,114231405046033,114231406069388
4565,45.650000000,triangle_f1,0.065100000,2006,114231415048307,114231416073273
4566,45.660000000,triangle_f1,0.065240000,2005,114231425046515,114231426071543
4567,45.670000000,triangle_f1,0.065380000,2005,114231435049080,114231436067851
4568,45.680000000,triangle_f1,0.065520000,2005,114231445050408,114231446075545
4569,45.690000000,triangle_f1,0.065660000,2005,114231455042273,114231456069552
4570,45.700000000,triangle_f1,0.065800000,2005,114231465043964,114231466063027
4571,45.710000000,triangle_f1,0.065940000,2005,114231475049943,114231476069104
4572,45.720000000,triangle_f1,0.066080000,2005,114231485040870,114231486067740
4573,45.730000000,triangle_f1,0.066220000,2005,114231495044456,114231496066262
4574,45.740000000,triangle_f1,0.066360000,2005,114231505059491,114231506072947
4575,45.750000000,triangle_f1,0.066500000,2005,114231515027447,114231516092921
4576,45.760000000,triangle_f1,0.066640000,2005,114231525051601,114231526075862
4577,45.770000000,triangle_f1,0.066780000,2004,114231535058494,114231536088455
4578,45.780000000,triangle_f1,0.066920000,2004,114231545046474,114231546069713
4579,45.790000000,triangle_f1,0.067060000,2004,114231555048051,114231556068187
4580,45.800000000,triangle_f1,0.067200000,2004,114231565048285,114231566066096
4581,45.810000000,triangle_f1,0.067340000,2004,114231575056487,114231576068687
4582,45.820000000,triangle_f1,0.067480000,2004,114231585040626,114231586070811
4583,45.830000000,triangle_f1,0.067620000,2004,114231595045518,114231596077260
4584,45.840000000,triangle_f1,0.067760000,2004,114231605042790,114231606069760
4585,45.850000000,triangle_f1,0.067900000,2004,114231615045173,114231616068316
4586,45.860000000,triangle_f1,0.068040000,2004,114231625044411,114231626070723
4587,45.870000000,triangle_f1,0.068180000,2004,114231635044426,114231636068231
4588,45.880000000,triangle_f1,0.068320000,2003,114231645048111,114231646068801
4589,45.890000000,triangle_f1,0.068460000,2003,114231655056853,114231656058887
4590,45.900000000,triangle_f1,0.068600000,2003,114231665043747,114231666070060
4591,45.910000000,triangle_f1,0.068740000,2003,114231675050754,114231676069034
4592,45.920000000,triangle_f1,0.068880000,2003,114231684978618,114231686042907
4593,45.930000000,triangle_f1,0.069020000,2003,114231695045290,114231696102243
4594,45.940000000,triangle_f1,0.069160000,2003,114231705041743,114231706068172
4595,45.950000000,triangle_f1,0.069300000,2003,114231715024854,114231716088910
4596,45.960000000,triangle_f1,0.069440000,2003,114231725044808,114231726068171
4597,45.970000000,triangle_f1,0.069580000,2003,114231735047673,114231736066686
4598,45.980000000,triangle_f1,0.069720000,2003,114231745051322,114231746067399
4599,45.990000000,triangle_f1,0.069860000,2002,114231754984482,114231756063254
4600,46.000000000,triangle_f1,0.070000000,2002,114231764971787,114231766028727
4601,46.010000000,triangle_f1,0.069860000,2002,114231774982225,114231776076352
4602,46.020000000,triangle_f1,0.069720000,2003,114231785042485,114231786071414
4603,46.030000000,triangle_f1,0.069580000,2003,114231795044027,114231796072005
4604,46.040000000,triangle_f1,0.069440000,2003,114231805052654,114231806050407
4605,46.050000000,triangle_f1,0.069300000,2003,114231815053493,114231816038511
4606,46.060000000,triangle_f1,0.069160000,2003,114231825043914,114231826045944
4607,46.070000000,triangle_f1,0.069020000,2003,114231835047379,114231836063458
4608,46.080000000,triangle_f1,0.068880000,2003,114231845046422,114231846069612
4609,46.090000000,triangle_f1,0.068740000,2003,114231855053984,114231856045735
4610,46.100000000,triangle_f1,0.068600000,2003,114231865044240,114231866069034
4611,46.110000000,triangle_f1,0.068460000,2003,114231875047527,114231876067527
4612,46.120000000,triangle_f1,0.068320000,2003,114231885045235,114231886068702
4613,46.130000000,triangle_f1,0.068180000,2004,114231895040987,114231896071173
4614,46.140000000,triangle_f1,0.068040000,2004,114231905043089,114231906050243
4615,46.150000000,triangle_f1,0.067900000,2004,114231915044993,114231916062501
4616,46.160000000,triangle_f1,0.067760000,2004,114231925049872,114231926067483
4617,46.170000000,triangle_f1,0.067620000,2004,114231935015094,114231936083186
4618,46.180000000,triangle_f1,0.067480000,2004,114231945056064,114231946068980
4619,46.190000000,triangle_f1,0.067340000,2004,114231955058092,114231956064690
4620,46.200000000,triangle_f1,0.067200000,2004,114231965052891,114231966042841
4621,46.210000000,triangle_f1,0.067060000,2004,114231975058751,114231976067605
4622,46.220000000,triangle_f1,0.066920000,2004,114231985058385,114231986069280
4623,46.230000000,triangle_f1,0.066780000,2004,114231995054200,114231996055997
4624,46.240000000,triangle_f1,0.066640000,2005,114232005045875,114232006050570
4625,46.250000000,triangle_f1,0.066500000,2005,114232015049937,114232016046019
4626,46.260000000,triangle_f1,0.066360000,2005,114232025048881,114232026034469
4627,46.270000000,triangle_f1,0.066220000,2005,114232035045790,114232036039123
4628,46.280000000,triangle_f1,0.066080000,2005,114232045050476,114232046047951
4629,46.290000000,triangle_f1,0.065940000,2005,114232055059120,114232056030868
4630,46.300000000,triangle_f1,0.065800000,2005,114232065050895,114232066046512
4631,46.310000000,triangle_f1,0.065660000,2005,114232075051789,114232076028910
4632,46.320000000,triangle_f1,0.065520000,2005,114232085049963,114232086031462
4633,46.330000000,triangle_f1,0.065380000,2005,114232095046076,114232096038283
4634,46.340000000,triangle_f1,0.065240000,2005,114232105048513,114232106031786
4635,46.350000000,triangle_f1,0.065100000,2006,114232115056864,114232116031729
4636,46.360000000,triangle_f1,0.064960000,2006,114232125044922,114232126031904
4637,46.370000000,triangle_f1,0.064820000,2006,114232135050557,114232136032497
4638,46.380000000,triangle_f1,0.064680000,2006,114232145063880,114232146046682
4639,46.390000000,triangle_f1,0.064540000,2006,114232154980557,114232156021717
4640,46.400000000,triangle_f1,0.064400000,2006,114232165048854,114232166039377
4641,46.410000000,triangle_f1,0.064260000,2006,114232175046327,114232176025978
4642,46.420000000,triangle_f1,0.064120000,2006,114232185044885,114232186033398
4643,46.430000000,triangle_f1,0.063980000,2006,114232195058294,114232196032262
4644,46.440000000,triangle_f1,0.063840000,2006,114232205049943,114232206035475
4645,46.450000000,triangle_f1,0.063700000,2006,114232215044866,114232216038327
4646,46.460000000,triangle_f1,0.063560000,2007,114232225066611,114232226035867
4647,46.470000000,triangle_f1,0.063420000,2007,114232235045569,114232236036596
4648,46.480000000,triangle_f1,0.063280000,2007,114232245051864,114232246037561
4649,46.490000000,triangle_f1,0.063140000,2007,114232254982037,114232256026715
4650,46.500000000,triangle_f1,0.063000000,2007,114232265049710,114232266025512
4651,46.510000000,triangle_f1,0.062860000,2007,114232275050617,114232276028673
4652,46.520000000,triangle_f1,0.062720000,2007,114232285050952,114232286033777
4653,46.530000000,triangle_f1,0.062580000,2007,114232295058727,114232296039399
4654,46.540000000,triangle_f1,0.062440000,2007,114232305046358,114232306053270
4655,46.550000000,triangle_f1,0.062300000,2007,114232315048535,114232316031407
4656,46.560000000,triangle_f1,0.062160000,2007,114232325045266,114232326025216
4657,46.570000000,triangle_f1,0.062020000,2008,114232335048876,114232336027709
4658,46.580000000,triangle_f1,0.061880000,2008,114232345061293,114232346130074
4659,46.590000000,triangle_f1,0.061740000,2008,114232355054011,114232356127970
4660,46.600000000,triangle_f1,0.061600000,2008,114232365042683,114232366120730
4661,46.610000000,triangle_f1,0.061460000,2008,114232374971113,114232376086894
4662,46.620000000,triangle_f1,0.061320000,2008,114232384976741,114232386103093
4663,46.630000000,triangle_f1,0.061180000,2008,114232394968373,114232396022913
4664,46.640000000,triangle_f1,0.061040000,2008,114232405061023,114232406040040
4665,46.650000000,triangle_f1,0.060900000,2008,114232414989840,114232416022813
4666,46.660000000,triangle_f1,0.060760000,2008,114232425051853,114232426037986
4667,46.670000000,triangle_f1,0.060620000,2008,114232435061986,114232435993840
4668,46.680000000,triangle_f1,0.060480000,2009,114232445047063,114232445992969
4669,46.690000000,triangle_f1,0.060340000,2009,114232455048222,114232455995912
4670,46.700000000,triangle_f1,0.060200000,2009,114232465043977,114232465992678
4671,46.710000000,triangle_f1,0.060060000,2009,114232475046059,114232475993150
4672,46.720000000,triangle_f1,0.059920000,2009,114232485051333,114232485992253
4673,46.730000000,triangle_f1,0.059780000,2009,114232495042222,114232496018998
4674,46.740000000,triangle_f1,0.059640000,2009,114232505041472,114232506128897
4675,46.750000000,triangle_f1,0.059500000,2009,114232515049850,114232516191446
4676,46.760000000,triangle_f1,0.059360000,2009,114232525047725,114232525993555
4677,46.770000000,triangle_f1,0.059220000,2009,114232535054950,114232536017123
4678,46.780000000,triangle_f1,0.059080000,2009,114232545056136,114232545995456
4679,46.790000000,triangle_f1,0.058940000,2010,114232555047725,114232555992350
4680,46.800000000,triangle_f1,0.058800000,2010,114232565048034,114232565996532
4681,46.810000000,triangle_f1,0.058660000,2010,114232575059508,114232575990988
4682,46.820000000,triangle_f1,0.058520000,2010,114232585050430,114232586027586
4683,46.830000000,triangle_f1,0.058380000,2010,114232595047123,114232595995612
4684,46.840000000,triangle_f1,0.058240000,2010,114232605051331,114232605993546
4685,46.850000000,triangle_f1,0.058100000,2010,114232615049175,114232615993789
4686,46.860000000,triangle_f1,0.057960000,2010,114232625055242,114232625992321
4687,46.870000000,triangle_f1,0.057820000,2010,114232635057794,114232635979800
4688,46.880000000,triangle_f1,0.057680000,2010,114232645051756,114232645992331
4689,46.890000000,triangle_f1,0.057540000,2010,114232655060180,114232655991575
4690,46.900000000,triangle_f1,0.057400000,2011,114232665046157,114232665986567
4691,46.910000000,triangle_f1,0.057260000,2011,114232675047740,114232675995285
4692,46.920000000,triangle_f1,0.057120000,2011,114232685048242,114232685992651
4693,46.930000000,triangle_f1,0.056980000,2011,114232695044206,114232695988388
4694,46.940000000,triangle_f1,0.056840000,2011,114232705049000,114232705992309
4695,46.950000000,triangle_f1,0.056700000,2011,114232715044698,114232715995937
4696,46.960000000,triangle_f1,0.056560000,2011,114232725051072,114232725989539
4697,46.970000000,triangle_f1,0.056420000,2011,114232735046591,114232735980468
4698,46.980000000,triangle_f1,0.056280000,2011,114232745049235,114232745997742
4699,46.990000000,triangle_f1,0.056140000,2011,114232755046263,114232755997525
4700,47.000000000,triangle_f1,0.056000000,2011,114232765043943,114232765994062
4701,47.010000000,triangle_f1,0.055860000,2012,114232775044234,114232775991542
4702,47.020000000,triangle_f1,0.055720000,2012,114232785052311,114232786028658
4703,47.030000000,triangle_f1,0.055580000,2012,114232795048658,114232795977621
4704,47.040000000,triangle_f1,0.055440000,2012,114232805042177,114232805994952
4705,47.050000000,triangle_f1,0.055300000,2012,114232815049328,114232815997364
4706,47.060000000,triangle_f1,0.055160000,2012,114232825051236,114232825994612
4707,47.070000000,triangle_f1,0.055020000,2012,114232835066428,114232835982229
4708,47.080000000,triangle_f1,0.054880000,2012,114232844967089,114232845975992
4709,47.090000000,triangle_f1,0.054740000,2012,114232854968583,114232855970072
4710,47.100000000,triangle_f1,0.054600000,2012,114232864971396,114232866036557
4711,47.110000000,triangle_f1,0.054460000,2012,114232874967302,114232875975862
4712,47.120000000,triangle_f1,0.054320000,2013,114232884970355,114232885977642
4713,47.130000000,triangle_f1,0.054180000,2013,114232894966591,114232895995774
4714,47.140000000,triangle_f1,0.054040000,2013,114232904969512,114232905991901
4715,47.150000000,triangle_f1,0.053900000,2013,114232914968407,114232915981999
4716,47.160000000,triangle_f1,0.053760000,2013,114232924966070,114232925966763
4717,47.170000000,triangle_f1,0.053620000,2013,114232934970381,114232935975521
4718,47.180000000,triangle_f1,0.053480000,2013,114232944969730,114232945960116
4719,47.190000000,triangle_f1,0.053340000,2013,114232954970578,114232955963540
4720,47.200000000,triangle_f1,0.053200000,2013,114232964969348,114232965955455
4721,47.210000000,triangle_f1,0.053060000,2013,114232974967181,114232975959297
4722,47.220000000,triangle_f1,0.052920000,2014,114232984966376,114232985950728
4723,47.230000000,triangle_f1,0.052780000,2014,114232994967469,114232995960853
4724,47.240000000,triangle_f1,0.052640000,2014,114233004968579,114233005952297
4725,47.250000000,triangle_f1,0.052500000,2014,114233014978036,114233015991248
4726,47.260000000,triangle_f1,0.052360000,2014,114233024968070,114233025964577
4727,47.270000000,triangle_f1,0.052220000,2014,114233034967523,114233035959577
4728,47.280000000,triangle_f1,0.052080000,2014,114233044967853,114233045959616
4729,47.290000000,triangle_f1,0.051940000,2014,114233054967642,114233055965394
4730,47.300000000,triangle_f1,0.051800000,2014,114233064967685,114233065960591
4731,47.310000000,triangle_f1,0.051660000,2014,114233074965584,114233075955608
4732,47.320000000,triangle_f1,0.051520000,2014,114233084966933,114233085962124
4733,47.330000000,triangle_f1,0.051380000,2015,114233094965410,114233095970337
4734,47.340000000,triangle_f1,0.051240000,2015,114233104968938,114233105961365
4735,47.350000000,triangle_f1,0.051100000,2015,114233114967228,114233115965048
4736,47.360000000,triangle_f1,0.050960000,2015,114233124965875,114233125959876
4737,47.370000000,triangle_f1,0.050820000,2015,114233134966346,114233135959557
4738,47.380000000,triangle_f1,0.050680000,2015,114233144967646,114233145966209
4739,47.390000000,triangle_f1,0.050540000,2015,114233154970258,114233155962472
4740,47.400000000,triangle_f1,0.050400000,2015,114233164969532,114233165959464
4741,47.410000000,triangle_f1,0.050260000,2015,114233174965942,114233175958434
4742,47.420000000,triangle_f1,0.050120000,2015,114233184966469,114233185961658
4743,47.430000000,triangle_f1,0.049980000,2015,114233194965678,114233195964405
4744,47.440000000,triangle_f1,0.049840000,2016,114233204966139,114233205957530
4745,47.450000000,triangle_f1,0.049700000,2016,114233214967159,114233215960813
4746,47.460000000,triangle_f1,0.049560000,2016,114233224968333,114233225963381
4747,47.470000000,triangle_f1,0.049420000,2016,114233234974213,114233235964638
4748,47.480000000,triangle_f1,0.049280000,2016,114233244969133,114233245970219
4749,47.490000000,triangle_f1,0.049140000,2016,114233254967478,114233255961306
4750,47.500000000,triangle_f1,0.049000000,2016,114233264967913,114233265958407
4751,47.510000000,triangle_f1,0.048860000,2016,114233274967136,114233275956625
4752,47.520000000,triangle_f1,0.048720000,2016,114233284975388,114233285965967
4753,47.530000000,triangle_f1,0.048580000,2016,114233294969791,114233295961431
4754,47.540000000,triangle_f1,0.048440000,2016,114233304967321,114233305959021
4755,47.550000000,triangle_f1,0.048300000,2017,114233314967302,114233315944672
4756,47.560000000,triangle_f1,0.048160000,2017,114233324966107,114233325961099
4757,47.570000000,triangle_f1,0.048020000,2017,114233334966768,114233335957040
4758,47.580000000,triangle_f1,0.047880000,2017,114233344967369,114233345962518
4759,47.590000000,triangle_f1,0.047740000,2017,114233354972258,114233355967722
4760,47.600000000,triangle_f1,0.047600000,2017,114233364969209,114233365946927
4761,47.610000000,triangle_f1,0.047460000,2017,114233374967146,114233375942596
4762,47.620000000,triangle_f1,0.047320000,2017,114233384967866,114233385941711
4763,47.630000000,triangle_f1,0.047180000,2017,114233394966815,114233395939180
4764,47.640000000,triangle_f1,0.047040000,2017,114233404969025,114233405943968
4765,47.650000000,triangle_f1,0.046900000,2017,114233414968013,114233415940456
4766,47.660000000,triangle_f1,0.046760000,2018,114233424967583,114233425937917
4767,47.670000000,triangle_f1,0.046620000,2018,114233434969502,114233435944076
4768,47.680000000,triangle_f1,0.046480000,2018,114233444967235,114233445947516
4769,47.690000000,triangle_f1,0.046340000,2018,114233454967399,114233455941185
4770,47.700000000,triangle_f1,0.046200000,2018,114233464967565,114233465940739
4771,47.710000000,triangle_f1,0.046060000,2018,114233474966711,114233475933867
4772,47.720000000,triangle_f1,0.045920000,2018,114233484968070,114233485942275
4773,47.730000000,triangle_f1,0.045780000,2018,114233494970361,114233495942493
4774,47.740000000,triangle_f1,0.045640000,2018,114233504968320,114233505944888
4775,47.750000000,triangle_f1,0.045500000,2018,114233514967470,114233515938971
4776,47.760000000,triangle_f1,0.045360000,2018,114233524970369,114233525944321
4777,47.770000000,triangle_f1,0.045220000,2019,114233534968772,114233535948690
4778,47.780000000,triangle_f1,0.045080000,2019,114233544967080,114233545939018
4779,47.790000000,triangle_f1,0.044940000,2019,114233554973772,114233555968932
4780,47.800000000,triangle_f1,0.044800000,2019,114233564969039,114233565941617
4781,47.810000000,triangle_f1,0.044660000,2019,114233574966712,114233575945330
4782,47.820000000,triangle_f1,0.044520000,2019,114233584968613,114233585933102
4783,47.830000000,triangle_f1,0.044380000,2019,114233594966010,114233595934319
4784,47.840000000,triangle_f1,0.044240000,2019,114233604969176,114233605941541
4785,47.850000000,triangle_f1,0.044100000,2019,114233614967439,114233615941840
4786,47.860000000,triangle_f1,0.043960000,2019,114233624966562,114233625954033
4787,47.870000000,triangle_f1,0.043820000,2019,114233634968681,114233635946145
4788,47.880000000,triangle_f1,0.043680000,2020,114233644967153,114233645938334
4789,47.890000000,triangle_f1,0.043540000,2020,114233654967756,114233655943399
4790,47.900000000,triangle_f1,0.043400000,2020,114233664967426,114233665943749
4791,47.910000000,triangle_f1,0.043260000,2020,114233674966033,114233675938403
4792,47.920000000,triangle_f1,0.043120000,2020,114233684968023,114233685939613
4793,47.930000000,triangle_f1,0.042980000,2020,114233694966122,114233695937568
4794,47.940000000,triangle_f1,0.042840000,2020,114233704967793,114233705945712
4795,47.950000000,triangle_f1,0.042700000,2020,114233714967494,114233715942194
4796,47.960000000,triangle_f1,0.042560000,2020,114233724966071,114233725938283
4797,47.970000000,triangle_f1,0.042420000,2020,114233734967900,114233735940284
4798,47.980000000,triangle_f1,0.042280000,2020,114233744971298,114233745942798
4799,47.990000000,triangle_f1,0.042140000,2021,114233754967743,114233755940568
4800,48.000000000,triangle_f1,0.042000000,2021,114233764968640,114233765922814
4801,48.010000000,triangle_f1,0.041860000,2021,114233774965225,114233775916496
4802,48.020000000,triangle_f1,0.041720000,2021,114233784969019,114233785920692
4803,48.030000000,triangle_f1,0.041580000,2021,114233794966605,114233795915386
4804,48.040000000,triangle_f1,0.041440000,2021,114233804968277,114233805919784
4805,48.050000000,triangle_f1,0.041300000,2021,114233814967494,114233815921978
4806,48.060000000,triangle_f1,0.041160000,2021,114233824965972,114233825919904
4807,48.070000000,triangle_f1,0.041020000,2021,114233834968892,114233835869750
4808,48.080000000,triangle_f1,0.040880000,2021,114233844967233,114233845918947
4809,48.090000000,triangle_f1,0.040740000,2021,114233854967494,114233855920611
4810,48.100000000,triangle_f1,0.040600000,2022,114233864967238,114233865921027
4811,48.110000000,triangle_f1,0.040460000,2022,114233874965902,114233875922918
4812,48.120000000,triangle_f1,0.040320000,2022,114233884966772,114233885919419
4813,48.130000000,triangle_f1,0.040180000,2022,114233894965928,114233895917376
4814,48.140000000,triangle_f1,0.040040000,2022,114233904967886,114233905921074
4815,48.150000000,triangle_f1,0.039900000,2022,114233914966836,114233915920467
4816,48.160000000,triangle_f1,0.039760000,2022,114233924966017,114233925921579
4817,48.170000000,triangle_f1,0.039620000,2022,114233934969308,114233935923214
4818,48.180000000,triangle_f1,0.039480000,2022,114233944966933,114233945922892
4819,48.190000000,triangle_f1,0.039340000,2022,114233954966935,114233955921214
4820,48.200000000,triangle_f1,0.039200000,2022,114233964967521,114233965919768
4821,48.210000000,triangle_f1,0.039060000,2023,114233974966391,114233975919038
4822,48.220000000,triangle_f1,0.038920000,2023,114233984966909,114233985919267
4823,48.230000000,triangle_f1,0.038780000,2023,114233994979391,114233995952550
4824,48.240000000,triangle_f1,0.038640000,2023,114234004966358,114234005901079
4825,48.250000000,triangle_f1,0.038500000,2023,114234014956933,114234015868278
4826,48.260000000,triangle_f1,0.038360000,2023,114234024957381,114234025875730
4827,48.270000000,triangle_f1,0.038220000,2023,114234034960234,114234035899226
4828,48.280000000,triangle_f1,0.038080000,2023,114234044967277,114234045922363
4829,48.290000000,triangle_f1,0.037940000,2023,114234054967859,114234055921831
4830,48.300000000,triangle_f1,0.037800000,2023,114234064966492,114234065917818
4831,48.310000000,triangle_f1,0.037660000,2023,114234074967034,114234075930961
4832,48.320000000,triangle_f1,0.037520000,2024,114234084966365,114234085915548
4833,48.330000000,triangle_f1,0.037380000,2024,114234094965748,114234095915453
4834,48.340000000,triangle_f1,0.037240000,2024,114234104966658,114234105900779
4835,48.350000000,triangle_f1,0.037100000,2024,114234114965922,114234115917983
4836,48.360000000,triangle_f1,0.036960000,2024,114234124965466,114234125918292
4837,48.370000000,triangle_f1,0.036820000,2024,114234134966443,114234135914755
4838,48.380000000,triangle_f1,0.036680000,2024,114234144967950,114234145922945
4839,48.390000000,triangle_f1,0.036540000,2024,114234154967336,114234155921620
4840,48.400000000,triangle_f1,0.036400000,2024,114234164966934,114234165917403
4841,48.410000000,triangle_f1,0.036260000,2024,114234174965216,114234175918604
4842,48.420000000,triangle_f1,0.036120000,2024,114234184965997,114234185925297
4843,48.430000000,triangle_f1,0.035980000,2025,114234194965723,114234195916994
4844,48.440000000,triangle_f1,0.035840000,2025,114234204965578,114234205913151
4845,48.450000000,triangle_f1,0.035700000,2025,114234214965645,114234215917622
4846,48.460000000,triangle_f1,0.035560000,2025,114234224965518,114234225916949
4847,48.470000000,triangle_f1,0.035420000,2025,114234234965848,114234235915886
4848,48.480000000,triangle_f1,0.035280000,2025,114234244969851,114234245908984
4849,48.490000000,triangle_f1,0.035140000,2025,114234254967152,114234255911094
4850,48.500000000,triangle_f1,0.035000000,2025,114234264971392,114234265901677
4851,48.510000000,triangle_f1,0.034860000,2025,114234274967232,114234275900874
4852,48.520000000,triangle_f1,0.034720000,2025,114234284969372,114234285919038
4853,48.530000000,triangle_f1,0.034580000,2025,114234294965874,114234295899538
4854,48.540000000,triangle_f1,0.034440000,2026,114234304968552,114234305921703
4855,48.550000000,triangle_f1,0.034300000,2026,114234314971478,114234315924181
4856,48.560000000,triangle_f1,0.034160000,2026,114234324965781,114234325920215
4857,48.570000000,triangle_f1,0.034020000,2026,114234334969132,114234335907262
4858,48.580000000,triangle_f1,0.033880000,2026,114234344967545,114234345901668
4859,48.590000000,triangle_f1,0.033740000,2026,114234354963760,114234355920441
4860,48.600000000,triangle_f1,0.033600000,2026,114234364967369,114234365920774
4861,48.610000000,triangle_f1,0.033460000,2026,114234374965475,114234375895853
4862,48.620000000,triangle_f1,0.033320000,2026,114234384969111,114234385922814
4863,48.630000000,triangle_f1,0.033180000,2026,114234394966082,114234395916785
4864,48.640000000,triangle_f1,0.033040000,2026,114234404968203,114234405924046
4865,48.650000000,triangle_f1,0.032900000,2027,114234414967623,114234415921368
4866,48.660000000,triangle_f1,0.032760000,2027,114234424967656,114234425900870
4867,48.670000000,triangle_f1,0.032620000,2027,114234434970817,114234435987636
4868,48.680000000,triangle_f1,0.032480000,2027,114234444967511,114234445935955
4869,48.690000000,triangle_f1,0.032340000,2027,114234454968920,114234455921959
4870,48.700000000,triangle_f1,0.032200000,2027,114234464967636,114234465918191
4871,48.710000000,triangle_f1,0.032060000,2027,114234474971595,114234475904433
4872,48.720000000,triangle_f1,0.031920000,2027,114234484967766,114234485923417
4873,48.730000000,triangle_f1,0.031780000,2027,114234494967171,114234495905694
4874,48.740000000,triangle_f1,0.031640000,2027,114234504969063,114234505887133
4875,48.750000000,triangle_f1,0.031500000,2027,114234514967260,114234515885084
4876,48.760000000,triangle_f1,0.031360000,2028,114234524966152,114234525871542
4877,48.770000000,triangle_f1,0.031220000,2028,114234534968079,114234535887558
4878,48.780000000,triangle_f1,0.031080000,2028,114234544967402,114234545881796
4879,48.790000000,triangle_f1,0.030940000,2028,114234554969916,114234555886474
4880,48.800000000,triangle_f1,0.030800000,2028,114234564967956,114234565884693
4881,48.810000000,triangle_f1,0.030660000,2028,114234574968401,114234575883923
4882,48.820000000,triangle_f1,0.030520000,2028,114234584968775,114234585889248
4883,48.830000000,triangle_f1,0.030380000,2028,114234594966088,114234595878091
4884,48.840000000,triangle_f1,0.030240000,2028,114234604968798,114234605889232
4885,48.850000000,triangle_f1,0.030100000,2028,114234614970175,114234615883065
4886,48.860000000,triangle_f1,0.029960000,2028,114234624965683,114234625879248
4887,48.870000000,triangle_f1,0.029820000,2029,114234634968003,114234635882297
4888,48.880000000,triangle_f1,0.029680000,2029,114234644966959,114234645887237
4889,48.890000000,triangle_f1,0.029540000,2029,114234654968599,114234655882831
4890,48.900000000,triangle_f1,0.029400000,2029,114234664967176,114234665883999
4891,48.910000000,triangle_f1,0.029260000,2029,114234674966003,114234675875646
4892,48.920000000,triangle_f1,0.029120000,2029,114234684969549,114234685832320
4893,48.930000000,triangle_f1,0.028980000,2029,114234694966196,114234695880664
4894,48.940000000,triangle_f1,0.028840000,2029,114234704969248,114234705885526
4895,48.950000000,triangle_f1,0.028700000,2029,114234714970311,114234715884705
4896,48.960000000,triangle_f1,0.028560000,2029,114234724966032,114234725881125
4897,48.970000000,triangle_f1,0.028420000,2029,114234734966865,114234735875064
4898,48.980000000,triangle_f1,0.028280000,2030,114234744967130,114234745883362
4899,48.990000000,triangle_f1,0.028140000,2030,114234754969150,114234755884227
4900,49.000000000,triangle_f1,0.028000000,2030,114234764967003,114234765872882
4901,49.010000000,triangle_f1,0.027860000,2030,114234774965168,114234775880742
4902,49.020000000,triangle_f1,0.027720000,2030,114234784968458,114234785885195
4903,49.030000000,triangle_f1,0.027580000,2030,114234794966935,114234795882737
4904,49.040000000,triangle_f1,0.027440000,2030,114234804969010,114234805885791
4905,49.050000000,triangle_f1,0.027300000,2030,114234814970560,114234815882804
4906,49.060000000,triangle_f1,0.027160000,2030,114234824966105,114234825886593
4907,49.070000000,triangle_f1,0.027020000,2030,114234834969443,114234835883870
4908,49.080000000,triangle_f1,0.026880000,2030,114234844967521,114234845880852
4909,49.090000000,triangle_f1,0.026740000,2031,114234854968580,114234855884337
4910,49.100000000,triangle_f1,0.026600000,2031,114234864967088,114234865885395
4911,49.110000000,triangle_f1,0.026460000,2031,114234874966046,114234875880434
4912,49.120000000,triangle_f1,0.026320000,2031,114234884962257,114234885835622
4913,49.130000000,triangle_f1,0.026180000,2031,114234894959584,114234895840818
4914,49.140000000,triangle_f1,0.026040000,2031,114234904965527,114234905862457
4915,49.150000000,triangle_f1,0.025900000,2031,114234914972042,114234915867426
4916,49.160000000,triangle_f1,0.025760000,2031,114234924966894,114234925876697
4917,49.170000000,triangle_f1,0.025620000,2031,114234934967459,114234935867926
4918,49.180000000,triangle_f1,0.025480000,2031,114234944975637,114234945867701
4919,49.190000000,triangle_f1,0.025340000,2031,114234954970023,114234955864169
4920,49.200000000,triangle_f1,0.025200000,2032,114234964968497,114234965880102
4921,49.210000000,triangle_f1,0.025060000,2032,114234974966721,114234975859249
4922,49.220000000,triangle_f1,0.024920000,2032,114234984970305,114234985862226
4923,49.230000000,triangle_f1,0.024780000,2032,114234994967133,114234995953773
4924,49.240000000,triangle_f1,0.024640000,2032,114235004970785,114235005927192
4925,49.250000000,triangle_f1,0.024500000,2032,114235014969310,114235015925570
4926,49.260000000,triangle_f1,0.024360000,2032,114235024966439,114235025855381
4927,49.270000000,triangle_f1,0.024220000,2032,114235034968471,114235035852287
4928,49.280000000,triangle_f1,0.024080000,2032,114235044967478,114235045853311
4929,49.290000000,triangle_f1,0.023940000,2032,114235054967015,114235055858915
4930,49.300000000,triangle_f1,0.023800000,2032,114235064975394,114235065858955
4931,49.310000000,triangle_f1,0.023660000,2033,114235074966398,114235075855477
4932,49.320000000,triangle_f1,0.023520000,2033,114235084966905,114235085853363
4933,49.330000000,triangle_f1,0.023380000,2033,114235094966530,114235095855013
4934,49.340000000,triangle_f1,0.023240000,2033,114235104972590,114235105849847
4935,49.350000000,triangle_f1,0.023100000,2033,114235114975332,114235115860764
4936,49.360000000,triangle_f1,0.022960000,2033,114235124966053,114235125849151
4937,49.370000000,triangle_f1,0.022820000,2033,114235134967970,114235135859867
4938,49.380000000,triangle_f1,0.022680000,2033,114235144967210,114235145859855
4939,49.390000000,triangle_f1,0.022540000,2033,114235154965993,114235155847848
4940,49.400000000,triangle_f1,0.022400000,2033,114235164967106,114235165856436
4941,49.410000000,triangle_f1,0.022260000,2033,114235174966370,114235175854293
4942,49.420000000,triangle_f1,0.022120000,2034,114235184971025,114235185855457
4943,49.430000000,triangle_f1,0.021980000,2034,114235194967033,114235195858548
4944,49.440000000,triangle_f1,0.021840000,2034,114235204966305,114235205852386
4945,49.450000000,triangle_f1,0.021700000,2034,114235214967298,114235215857081
4946,49.460000000,triangle_f1,0.021560000,2034,114235224967503,114235225857319
4947,49.470000000,triangle_f1,0.021420000,2034,114235234973024,114235235857220
4948,49.480000000,triangle_f1,0.021280000,2034,114235244968147,114235245851253
4949,49.490000000,triangle_f1,0.021140000,2034,114235254966748,114235255849925
4950,49.500000000,triangle_f1,0.021000000,2034,114235264966305,114235265848318
4951,49.510000000,triangle_f1,0.020860000,2034,114235274976920,114235275860188
4952,49.520000000,triangle_f1,0.020720000,2034,114235284969881,114235285856062
4953,49.530000000,triangle_f1,0.020580000,2035,114235294971696,114235295868188
4954,49.540000000,triangle_f1,0.020440000,2035,114235304966982,114235305862220
4955,49.550000000,triangle_f1,0.020300000,2035,114235314966622,114235315868518
4956,49.560000000,triangle_f1,0.020160000,2035,114235324968347,114235325862425
4957,49.570000000,triangle_f1,0.020020000,2035,114235334973609,114235335846693
4958,49.580000000,triangle_f1,0.019880000,2035,114235344970393,114235345841871
4959,49.590000000,triangle_f1,0.019740000,2035,114235354967867,114235355841526
4960,49.600000000,triangle_f1,0.019600000,2035,114235364967209,114235365838302
4961,49.610000000,triangle_f1,0.019460000,2035,114235374966677,114235375855180
4962,49.620000000,triangle_f1,0.019320000,2035,114235384967657,114235385841227
4963,49.630000000,triangle_f1,0.019180000,2035,114235394965985,114235395843899
4964,49.640000000,triangle_f1,0.019040000,2036,114235404967372,114235405840969
4965,49.650000000,triangle_f1,0.018900000,2036,114235414967548,114235415842206
4966,49.660000000,triangle_f1,0.018760000,2036,114235424966773,114235425839078
4967,49.670000000,triangle_f1,0.018620000,2036,114235434967229,114235435833355
4968,49.680000000,triangle_f1,0.018480000,2036,114235444967818,114235445837450
4969,49.690000000,triangle_f1,0.018340000,2036,114235454969994,114235455834136
4970,49.700000000,triangle_f1,0.018200000,2036,114235464966976,114235465839091
4971,49.710000000,triangle_f1,0.018060000,2036,114235474966203,114235475833244
4972,49.720000000,triangle_f1,0.017920000,2036,114235484966052,114235485837492
4973,49.730000000,triangle_f1,0.017780000,2036,114235494966174,114235495858838
4974,49.740000000,triangle_f1,0.017640000,2037,114235504970168,114235505897007
4975,49.750000000,triangle_f1,0.017500000,2037,114235514967502,114235515840724
4976,49.760000000,triangle_f1,0.017360000,2037,114235524967692,114235525837974
4977,49.770000000,triangle_f1,0.017220000,2037,114235534973255,114235535837025
4978,49.780000000,triangle_f1,0.017080000,2037,114235544970558,114235545830897
4979,49.790000000,triangle_f1,0.016940000,2037,114235554968244,114235555839687
4980,49.800000000,triangle_f1,0.016800000,2037,114235564967150,114235565835692
4981,49.810000000,triangle_f1,0.016660000,2037,114235574967521,114235575837892
4982,49.820000000,triangle_f1,0.016520000,2037,114235584968398,114235585827614
4983,49.830000000,triangle_f1,0.016380000,2037,114235594966367,114235595837033
4984,49.840000000,triangle_f1,0.016240000,2037,114235604965887,114235605839536
4985,49.850000000,triangle_f1,0.016100000,2038,114235614967324,114235615837996
4986,49.860000000,triangle_f1,0.015960000,2038,114235624966512,114235625833188
4987,49.870000000,triangle_f1,0.015820000,2038,114235634967773,114235635835236
4988,49.880000000,triangle_f1,0.015680000,2038,114235644967900,114235645836950
4989,49.890000000,triangle_f1,0.015540000,2038,114235654966740,114235655828343
4990,49.900000000,triangle_f1,0.015400000,2038,114235664966699,114235665827690
4991,49.910000000,triangle_f1,0.015260000,2038,114235674966395,114235675822729
4992,49.920000000,triangle_f1,0.015120000,2038,114235684966702,114235685836160
4993,49.930000000,triangle_f1,0.014980000,2038,114235694966385,114235695841477
4994,49.940000000,triangle_f1,0.014840000,2038,114235704966313,114235705836575
4995,49.950000000,triangle_f1,0.014700000,2038,114235714966281,114235715830262
4996,49.960000000,triangle_f1,0.014560000,2039,114235724966298,114235725835670
4997,49.970000000,triangle_f1,0.014420000,2039,114235734967239,114235735811887
4998,49.980000000,triangle_f1,0.014280000,2039,114235744969041,114235745843159
4999,49.990000000,triangle_f1,0.014140000,2039,114235754970299,114235755821388
5000,50.000000000,triangle_f1,0.014000000,2039,114235764968432,114235765838938
5001,50.010000000,triangle_f1,0.013860000,2039,114235774969645,114235775818087
5002,50.020000000,triangle_f1,0.013720000,2039,114235784968990,114235785822433
5003,50.030000000,triangle_f1,0.013580000,2039,114235794967189,114235795832683
5004,50.040000000,triangle_f1,0.013440000,2039,114235804968339,114235805818821
5005,50.050000000,triangle_f1,0.013300000,2039,114235814970704,114235815825520
5006,50.060000000,triangle_f1,0.013160000,2039,114235824966697,114235825816968
5007,50.070000000,triangle_f1,0.013020000,2040,114235834969571,114235835820100
5008,50.080000000,triangle_f1,0.012880000,2040,114235844967299,114235845819696
5009,50.090000000,triangle_f1,0.012740000,2040,114235854967952,114235855824312
5010,50.100000000,triangle_f1,0.012600000,2040,114235864968100,114235865825108
5011,50.110000000,triangle_f1,0.012460000,2040,114235874966884,114235875818329
5012,50.120000000,triangle_f1,0.012320000,2040,114235884969050,114235885769366
5013,50.130000000,triangle_f1,0.012180000,2040,114235894957457,114235895768556
5014,50.140000000,triangle_f1,0.012040000,2040,114235904958512,114235905771227
5015,50.150000000,triangle_f1,0.011900000,2040,114235914959939,114235915768945
5016,50.160000000,triangle_f1,0.011760000,2040,114235924960836,114235925772940
5017,50.170000000,triangle_f1,0.011620000,2040,114235934957951,114235935775551
5018,50.180000000,triangle_f1,0.011480000,2041,114235944956869,114235945773276
5019,50.190000000,triangle_f1,0.011340000,2041,114235954958137,114235955772708
5020,50.200000000,triangle_f1,0.011200000,2041,114235964959601,114235965769131
5021,50.210000000,triangle_f1,0.011060000,2041,114235974958049,114235975772808
5022,50.220000000,triangle_f1,0.010920000,2041,114235984959394,114235985771453
5023,50.230000000,triangle_f1,0.010780000,2041,114235994957306,114235995769617
5024,50.240000000,triangle_f1,0.010640000,2041,114236004957263,114236005769960
5025,50.250000000,triangle_f1,0.010500000,2041,114236014962261,114236015786148
5026,50.260000000,triangle_f1,0.010360000,2041,114236024964294,114236025806522
5027,50.270000000,triangle_f1,0.010220000,2041,114236034967972,114236035817555
5028,50.280000000,triangle_f1,0.010080000,2041,114236044967712,114236045827500
5029,50.290000000,triangle_f1,0.009940000,2042,114236054967051,114236055818680
5030,50.300000000,triangle_f1,0.009800000,2042,114236064966245,114236065819000
5031,50.310000000,triangle_f1,0.009660000,2042,114236074966054,114236075816912
5032,50.320000000,triangle_f1,0.009520000,2042,114236084966823,114236085820135
5033,50.330000000,triangle_f1,0.009380000,2042,114236094966437,114236095815911
5034,50.340000000,triangle_f1,0.009240000,2042,114236104966224,114236105824404
5035,50.350000000,triangle_f1,0.009100000,2042,114236114972389,114236115823493
5036,50.360000000,triangle_f1,0.008960000,2042,114236124967390,114236125815616
5037,50.370000000,triangle_f1,0.008820000,2042,114236134967415,114236135815810
5038,50.380000000,triangle_f1,0.008680000,2042,114236144967373,114236145821362
5039,50.390000000,triangle_f1,0.008540000,2042,114236154966406,114236155813203
5040,50.400000000,triangle_f1,0.008400000,2043,114236164967491,114236165814817
5041,50.410000000,triangle_f1,0.008260000,2043,114236174967351,114236175788528
5042,50.420000000,triangle_f1,0.008120000,2043,114236184973145,114236185815214
5043,50.430000000,triangle_f1,0.007980000,2043,114236194983128,114236195810234
5044,50.440000000,triangle_f1,0.007840000,2043,114236204968139,114236205796640
5045,50.450000000,triangle_f1,0.007700000,2043,114236214967102,114236215800976
5046,50.460000000,triangle_f1,0.007560000,2043,114236224967143,114236225796527
5047,50.470000000,triangle_f1,0.007420000,2043,114236234967104,114236235794851
5048,50.480000000,triangle_f1,0.007280000,2043,114236244970328,114236245800634
5049,50.490000000,triangle_f1,0.007140000,2043,114236254967896,114236255795953
5050,50.500000000,triangle_f1,0.007000000,2043,114236264966150,114236265790416
5051,50.510000000,triangle_f1,0.006860000,2044,114236274966705,114236275784713
5052,50.520000000,triangle_f1,0.006720000,2044,114236284969255,114236285784276
5053,50.530000000,triangle_f1,0.006580000,2044,114236294966936,114236295793560
5054,50.540000000,triangle_f1,0.006440000,2044,114236304966136,114236305790122
5055,50.550000000,triangle_f1,0.006300000,2044,114236314970604,114236315789914
5056,50.560000000,triangle_f1,0.006160000,2044,114236324966529,114236325781247
5057,50.570000000,triangle_f1,0.006020000,2044,114236334965796,114236335791148
5058,50.580000000,triangle_f1,0.005880000,2044,114236344967395,114236345794961
5059,50.590000000,triangle_f1,0.005740000,2044,114236354967127,114236355785252
5060,50.600000000,triangle_f1,0.005600000,2044,114236364966148,114236365780236
5061,50.610000000,triangle_f1,0.005460000,2044,114236374965702,114236375783783
5062,50.620000000,triangle_f1,0.005320000,2045,114236384958572,114236385748530
5063,50.630000000,triangle_f1,0.005180000,2045,114236394956064,114236395750084
5064,50.640000000,triangle_f1,0.005040000,2045,114236404959415,114236405764303
5065,50.650000000,triangle_f1,0.004900000,2045,114236414963160,114236415788727
5066,50.660000000,triangle_f1,0.004760000,2045,114236424966022,114236425787399
5067,50.670000000,triangle_f1,0.004620000,2045,114236434967075,114236435792725
5068,50.680000000,triangle_f1,0.004480000,2045,114236444967173,114236445787067
5069,50.690000000,triangle_f1,0.004340000,2045,114236454966444,114236455794554
5070,50.700000000,triangle_f1,0.004200000,2045,114236464969074,114236465794879
5071,50.710000000,triangle_f1,0.004060000,2045,114236474967655,114236475794489
5072,50.720000000,triangle_f1,0.003920000,2045,114236484966958,114236485784295
5073,50.730000000,triangle_f1,0.003780000,2046,114236494965806,114236495793061
5074,50.740000000,triangle_f1,0.003640000,2046,114236504966014,114236505779334
5075,50.750000000,triangle_f1,0.003500000,2046,114236514971191,114236515791847
5076,50.760000000,triangle_f1,0.003360000,2046,114236524966857,114236525783706
5077,50.770000000,triangle_f1,0.003220000,2046,114236534966621,114236535784459
5078,50.780000000,triangle_f1,0.003080000,2046,114236544967509,114236545797745
5079,50.790000000,triangle_f1,0.002940000,2046,114236554966564,114236555791248
5080,50.800000000,triangle_f1,0.002800000,2046,114236564966378,114236565783190
5081,50.810000000,triangle_f1,0.002660000,2046,114236574966411,114236575798024
5082,50.820000000,triangle_f1,0.002520000,2046,114236584967094,114236585776040
5083,50.830000000,triangle_f1,0.002380000,2046,114236594967680,114236595790996
5084,50.840000000,triangle_f1,0.002240000,2047,114236604975352,114236605788261
5085,50.850000000,triangle_f1,0.002100000,2047,114236614972016,114236615770356
5086,50.860000000,triangle_f1,0.001960000,2047,114236624967278,114236625780956
5087,50.870000000,triangle_f1,0.001820000,2047,114236634967372,114236635773279
5088,50.880000000,triangle_f1,0.001680000,2047,114236644969975,114236645773326
5089,50.890000000,triangle_f1,0.001540000,2047,114236654967114,114236655772454
5090,50.900000000,triangle_f1,0.001400000,2047,114236664967345,114236665766352
5091,50.910000000,triangle_f1,0.001260000,2047,114236674965865,114236675768643
5092,50.920000000,triangle_f1,0.001120000,2047,114236684966853,114236685761835
5093,50.930000000,triangle_f1,0.000980000,2047,114236694967315,114236695787029
5094,50.940000000,triangle_f1,0.000840000,2047,114236704967510,114236705780583
5095,50.950000000,triangle_f1,0.000700000,2048,114236714933656,114236715772017
5096,50.960000000,triangle_f1,0.000560000,2048,114236724967706,114236725763505
5097,50.970000000,triangle_f1,0.000420000,2048,114236734965539,114236735799984
5098,50.980000000,triangle_f1,0.000280000,2048,114236744967380,114236745773606
5099,50.990000000,triangle_f1,0.000140000,2048,114236754968049,114236755765043
5100,51.000000000,triangle_f1,0.000000000,2048,114236764967263,114236765763376
5101,51.010000000,triangle_f1,-0.000140000,2048,114236774966571,114236775761771
5102,51.020000000,triangle_f1,-0.000280000,2048,114236784967688,114236785769526
5103,51.030000000,triangle_f1,-0.000420000,2048,114236794966919,114236795815521
5104,51.040000000,triangle_f1,-0.000560000,2048,114236804967347,114236805768916
5105,51.050000000,triangle_f1,-0.000700000,2048,114236814969540,114236815776273
5106,51.060000000,triangle_f1,-0.000840000,2049,114236824968631,114236825776099
5107,51.070000000,triangle_f1,-0.000980000,2049,114236834974763,114236835770935
5108,51.080000000,triangle_f1,-0.001120000,2049,114236844967713,114236845768086
5109,51.090000000,triangle_f1,-0.001260000,2049,114236854966496,114236855772761
5110,51.100000000,triangle_f1,-0.001400000,2049,114236864967381,114236865776763
5111,51.110000000,triangle_f1,-0.001540000,2049,114236874967401,114236875775034
5112,51.120000000,triangle_f1,-0.001680000,2049,114236884968037,114236885769953
5113,51.130000000,triangle_f1,-0.001820000,2049,114236894966129,114236895764328
5114,51.140000000,triangle_f1,-0.001960000,2049,114236904967373,114236905772547
5115,51.150000000,triangle_f1,-0.002100000,2049,114236914969635,114236915768913
5116,51.160000000,triangle_f1,-0.002240000,2049,114236924966741,114236925764835
5117,51.170000000,triangle_f1,-0.002380000,2050,114236934966175,114236935767213
5118,51.180000000,triangle_f1,-0.002520000,2050,114236944971406,114236945767718
5119,51.190000000,triangle_f1,-0.002660000,2050,114236954968815,114236955765622
5120,51.200000000,triangle_f1,-0.002800000,2050,114236964967091,114236965773963
5121,51.210000000,triangle_f1,-0.002940000,2050,114236974965804,114236975771811
5122,51.220000000,triangle_f1,-0.003080000,2050,114236984967633,114236985768156
5123,51.230000000,triangle_f1,-0.003220000,2050,114236994966083,114236995783793
5124,51.240000000,triangle_f1,-0.003360000,2050,114237004968128,114237005755211
5125,51.250000000,triangle_f1,-0.003500000,2050,114237014970309,114237015754641
5126,51.260000000,triangle_f1,-0.003640000,2050,114237024966108,114237025749137
5127,51.270000000,triangle_f1,-0.003780000,2050,114237034969762,114237035711117
5128,51.280000000,triangle_f1,-0.003920000,2051,114237044972014,114237045772164
5129,51.290000000,triangle_f1,-0.004060000,2051,114237054972104,114237055776414
5130,51.300000000,triangle_f1,-0.004200000,2051,114237064967743,114237065748918
5131,51.310000000,triangle_f1,-0.004340000,2051,114237074966010,114237075742437
5132,51.320000000,triangle_f1,-0.004480000,2051,114237084967187,114237085747084
5133,51.330000000,triangle_f1,-0.004620000,2051,114237094965562,114237095750920
5134,51.340000000,triangle_f1,-0.004760000,2051,114237104967530,114237105754986
5135,51.350000000,triangle_f1,-0.004900000,2051,114237114968765,114237115752499
5136,51.360000000,triangle_f1,-0.005040000,2051,114237124966884,114237125742068
5137,51.370000000,triangle_f1,-0.005180000,2051,114237134966933,114237135756617
5138,51.380000000,triangle_f1,-0.005320000,2051,114237144967711,114237145750855
5139,51.390000000,triangle_f1,-0.005460000,2052,114237154965751,114237155748451
5140,51.400000000,triangle_f1,-0.005600000,2052,114237164967020,114237165749644
5141,51.410000000,triangle_f1,-0.005740000,2052,114237174966090,114237175751587
5142,51.420000000,triangle_f1,-0.005880000,2052,114237184966218,114237185754267
5143,51.430000000,triangle_f1,-0.006020000,2052,114237194965313,114237195750398
5144,51.440000000,triangle_f1,-0.006160000,2052,114237204966831,114237205744989
5145,51.450000000,triangle_f1,-0.006300000,2052,114237214969195,114237215752860
5146,51.460000000,triangle_f1,-0.006440000,2052,114237224965866,114237225748962
5147,51.470000000,triangle_f1,-0.006580000,2052,114237234966917,114237235745329
5148,51.480000000,triangle_f1,-0.006720000,2052,114237244970589,114237245750490
5149,51.490000000,triangle_f1,-0.006860000,2052,114237254966110,114237255752733
5150,51.500000000,triangle_f1,-0.007000000,2053,114237264975939,114237265759611
5151,51.510000000,triangle_f1,-0.007140000,2053,114237274967178,114237275754408
5152,51.520000000,triangle_f1,-0.007280000,2053,114237284968879,114237285746628
5153,51.530000000,triangle_f1,-0.007420000,2053,114237294971410,114237295760638
5154,51.540000000,triangle_f1,-0.007560000,2053,114237304967762,114237305757959
5155,51.550000000,triangle_f1,-0.007700000,2053,114237314969821,114237315759373
5156,51.560000000,triangle_f1,-0.007840000,2053,114237324967550,114237325752047
5157,51.570000000,triangle_f1,-0.007980000,2053,114237334967324,114237335750994
5158,51.580000000,triangle_f1,-0.008120000,2053,114237344970308,114237345747169
5159,51.590000000,triangle_f1,-0.008260000,2053,114237354967384,114237355754769
5160,51.600000000,triangle_f1,-0.008400000,2053,114237364967197,114237365752990
5161,51.610000000,triangle_f1,-0.008540000,2054,114237374966316,114237375740787
5162,51.620000000,triangle_f1,-0.008680000,2054,114237384966297,114237385737886
5163,51.630000000,triangle_f1,-0.008820000,2054,114237394966427,114237395741674
5164,51.640000000,triangle_f1,-0.008960000,2054,114237404967094,114237405748328
5165,51.650000000,triangle_f1,-0.009100000,2054,114237414969742,114237415757509
5166,51.660000000,triangle_f1,-0.009240000,2054,114237424966899,114237425730758
5167,51.670000000,triangle_f1,-0.009380000,2054,114237434966740,114237435725281
5168,51.680000000,triangle_f1,-0.009520000,2054,114237444967587,114237445731287
5169,51.690000000,triangle_f1,-0.009660000,2054,114237454966650,114237455730631
5170,51.700000000,triangle_f1,-0.009800000,2054,114237464968606,114237465735828
5171,51.710000000,triangle_f1,-0.009940000,2054,114237474967021,114237475738250
5172,51.720000000,triangle_f1,-0.010080000,2055,114237484968635,114237485734265
5173,51.730000000,triangle_f1,-0.010220000,2055,114237494966264,114237495722094
5174,51.740000000,triangle_f1,-0.010360000,2055,114237504967052,114237505728276
5175,51.750000000,triangle_f1,-0.010500000,2055,114237514967429,114237515735969
5176,51.760000000,triangle_f1,-0.010640000,2055,114237524965998,114237525723302
5177,51.770000000,triangle_f1,-0.010780000,2055,114237534968236,114237535731703
5178,51.780000000,triangle_f1,-0.010920000,2055,114237544967662,114237545733279
5179,51.790000000,triangle_f1,-0.011060000,2055,114237554969434,114237555724682
5180,51.800000000,triangle_f1,-0.011200000,2055,114237564967255,114237565725906
5181,51.810000000,triangle_f1,-0.011340000,2055,114237574966583,114237575721643
5182,51.820000000,triangle_f1,-0.011480000,2055,114237584968541,114237585732624
5183,51.830000000,triangle_f1,-0.011620000,2056,114237594965678,114237595796950
5184,51.840000000,triangle_f1,-0.011760000,2056,114237604971198,114237605812963
5185,51.850000000,triangle_f1,-0.011900000,2056,114237614967323,114237615803353
5186,51.860000000,triangle_f1,-0.012040000,2056,114237624967963,114237625738374
5187,51.870000000,triangle_f1,-0.012180000,2056,114237634969206,114237635738893
5188,51.880000000,triangle_f1,-0.012320000,2056,114237644928124,114237645733903
5189,51.890000000,triangle_f1,-0.012460000,2056,114237654969544,114237655738804
5190,51.900000000,triangle_f1,-0.012600000,2056,114237664967885,114237665733555
5191,51.910000000,triangle_f1,-0.012740000,2056,114237674967919,114237675734072
5192,51.920000000,triangle_f1,-0.012880000,2056,114237684969369,114237685726973
5193,51.930000000,triangle_f1,-0.013020000,2056,114237694966211,114237695731055
5194,51.940000000,triangle_f1,-0.013160000,2057,114237704967103,114237705724987
5195,51.950000000,triangle_f1,-0.013300000,2057,114237714967488,114237715795892
5196,51.960000000,triangle_f1,-0.013440000,2057,114237724966178,114237725737723
5197,51.970000000,triangle_f1,-0.013580000,2057,114237734968582,114237735798030
5198,51.980000000,triangle_f1,-0.013720000,2057,114237744967150,114237745794155
5199,51.990000000,triangle_f1,-0.013860000,2057,114237754968919,114237755737228
5200,52.000000000,triangle_f1,-0.014000000,2057,114237764966873,114237765748860
5201,52.010000000,triangle_f1,-0.014140000,2057,114237774965836,114237775733126
5202,52.020000000,triangle_f1,-0.014280000,2057,114237784968727,114237785736627
5203,52.030000000,triangle_f1,-0.014420000,2057,114237794966098,114237795731790
5204,52.040000000,triangle_f1,-0.014560000,2057,114237804966624,114237805799401
5205,52.050000000,triangle_f1,-0.014700000,2058,114237814967088,114237815796269
5206,52.060000000,triangle_f1,-0.014840000,2058,114237824965856,114237825794767
5207,52.070000000,triangle_f1,-0.014980000,2058,114237834968624,114237835778530
5208,52.080000000,triangle_f1,-0.015120000,2058,114237844966852,114237845773762
5209,52.090000000,triangle_f1,-0.015260000,2058,114237854968361,114237855790436
5210,52.100000000,triangle_f1,-0.015400000,2058,114237864967353,114237865724773
5211,52.110000000,triangle_f1,-0.015540000,2058,114237874967070,114237875712306
5212,52.120000000,triangle_f1,-0.015680000,2058,114237884968569,114237885703129
5213,52.130000000,triangle_f1,-0.015820000,2058,114237894966093,114237895719085
5214,52.140000000,triangle_f1,-0.015960000,2058,114237904971360,114237905706803
5215,52.150000000,triangle_f1,-0.016100000,2058,114237914967216,114237915712493
5216,52.160000000,triangle_f1,-0.016240000,2059,114237924966017,114237925710663
5217,52.170000000,triangle_f1,-0.016380000,2059,114237934967717,114237935702040
5218,52.180000000,triangle_f1,-0.016520000,2059,114237944966731,114237945715960
5219,52.190000000,triangle_f1,-0.016660000,2059,114237954967535,114237955713769
5220,52.200000000,triangle_f1,-0.016800000,2059,114237964967221,114237965714273
5221,52.210000000,triangle_f1,-0.016940000,2059,114237974966588,114237975694906
5222,52.220000000,triangle_f1,-0.017080000,2059,114237984968183,114237985713508
5223,52.230000000,triangle_f1,-0.017220000,2059,114237994965995,114237995776280
5224,52.240000000,triangle_f1,-0.017360000,2059,114238004966928,114238005714022
5225,52.250000000,triangle_f1,-0.017500000,2059,114238014970722,114238015699276
5226,52.260000000,triangle_f1,-0.017640000,2059,114238024966373,114238025768904
5227,52.270000000,triangle_f1,-0.017780000,2060,114238034969283,114238035777466
5228,52.280000000,triangle_f1,-0.017920000,2060,114238044966836,114238045775143
5229,52.290000000,triangle_f1,-0.018060000,2060,114238054969909,114238055784730
5230,52.300000000,triangle_f1,-0.018200000,2060,114238064965669,114238065712284
5231,52.310000000,triangle_f1,-0.018340000,2060,114238074967549,114238075706407
5232,52.320000000,triangle_f1,-0.018480000,2060,114238084965565,114238085713128
5233,52.330000000,triangle_f1,-0.018620000,2060,114238094966396,114238095714686
5234,52.340000000,triangle_f1,-0.018760000,2060,114238104967456,114238105793501
5235,52.350000000,triangle_f1,-0.018900000,2060,114238114968482,114238115712892
5236,52.360000000,triangle_f1,-0.019040000,2060,114238124967544,114238125698989
5237,52.370000000,triangle_f1,-0.019180000,2061,114238134966753,114238135708560
5238,52.380000000,triangle_f1,-0.019320000,2061,114238144967214,114238145711776
5239,52.390000000,triangle_f1,-0.019460000,2061,114238154966480,114238155703499
5240,52.400000000,triangle_f1,-0.019600000,2061,114238164965537,114238165705428
5241,52.410000000,triangle_f1,-0.019740000,2061,114238174966128,114238175704105
5242,52.420000000,triangle_f1,-0.019880000,2061,114238184965875,114238185709123
5243,52.430000000,triangle_f1,-0.020020000,2061,114238194966045,114238195707355
5244,52.440000000,triangle_f1,-0.020160000,2061,114238204967088,114238205715260
5245,52.450000000,triangle_f1,-0.020300000,2061,114238214969018,114238215713292
5246,52.460000000,triangle_f1,-0.020440000,2061,114238224969565,114238225710700
5247,52.470000000,triangle_f1,-0.020580000,2061,114238234966450,114238235707371
5248,52.480000000,triangle_f1,-0.020720000,2062,114238244967744,114238245714013
5249,52.490000000,triangle_f1,-0.020860000,2062,114238254966945,114238255706124
5250,52.500000000,triangle_f1,-0.021000000,2062,114238264965382,114238265688481
5251,52.510000000,triangle_f1,-0.021140000,2062,114238274967807,114238275684453
5252,52.520000000,triangle_f1,-0.021280000,2062,114238284970296,114238285696505
5253,52.530000000,triangle_f1,-0.021420000,2062,114238294966467,114238295687828
5254,52.540000000,triangle_f1,-0.021560000,2062,114238304967244,114238305685159
5255,52.550000000,triangle_f1,-0.021700000,2062,114238314967734,114238315692651
5256,52.560000000,triangle_f1,-0.021840000,2062,114238324966306,114238325692293
5257,52.570000000,triangle_f1,-0.021980000,2062,114238334968233,114238335692400
5258,52.580000000,triangle_f1,-0.022120000,2062,114238344970177,114238345691357
5259,52.590000000,triangle_f1,-0.022260000,2063,114238354969874,114238355699127
5260,52.600000000,triangle_f1,-0.022400000,2063,114238364968995,114238365695002
5261,52.610000000,triangle_f1,-0.022540000,2063,114238374966793,114238375684783
5262,52.620000000,triangle_f1,-0.022680000,2063,114238384968290,114238385683791
5263,52.630000000,triangle_f1,-0.022820000,2063,114238394967255,114238395752042
5264,52.640000000,triangle_f1,-0.022960000,2063,114238404969991,114238405701453
5265,52.650000000,triangle_f1,-0.023100000,2063,114238414969327,114238415692608
5266,52.660000000,triangle_f1,-0.023240000,2063,114238424966304,114238425749281
5267,52.670000000,triangle_f1,-0.023380000,2063,114238434968489,114238435755015
5268,52.680000000,triangle_f1,-0.023520000,2063,114238444967235,114238445711506
5269,52.690000000,triangle_f1,-0.023660000,2063,114238454968523,114238455757447
5270,52.700000000,triangle_f1,-0.023800000,2064,114238464972818,114238465715189
5271,52.710000000,triangle_f1,-0.023940000,2064,114238474969312,114238475710557
5272,52.720000000,triangle_f1,-0.024080000,2064,114238484969686,114238485693874
5273,52.730000000,triangle_f1,-0.024220000,2064,114238494966302,114238495689488
5274,52.740000000,triangle_f1,-0.024360000,2064,114238504967556,114238505702901
5275,52.750000000,triangle_f1,-0.024500000,2064,114238514967041,114238515695215
5276,52.760000000,triangle_f1,-0.024640000,2064,114238524966118,114238525689738
5277,52.770000000,triangle_f1,-0.024780000,2064,114238534968747,114238535696667
5278,52.780000000,triangle_f1,-0.024920000,2064,114238544967165,114238545694281
5279,52.790000000,triangle_f1,-0.025060000,2064,114238554968630,114238555694574
5280,52.800000000,triangle_f1,-0.025200000,2064,114238564968914,114238565694593
5281,52.810000000,triangle_f1,-0.025340000,2065,114238574966128,114238575688286
5282,52.820000000,triangle_f1,-0.025480000,2065,114238584972671,114238585695503
5283,52.830000000,triangle_f1,-0.025620000,2065,114238594967139,114238595687601
5284,52.840000000,triangle_f1,-0.025760000,2065,114238604971437,114238605699092
5285,52.850000000,triangle_f1,-0.025900000,2065,114238614970228,114238615696536
5286,52.860000000,triangle_f1,-0.026040000,2065,114238624969204,114238625698463
5287,52.870000000,triangle_f1,-0.026180000,2065,114238634976027,114238635699632
5288,52.880000000,triangle_f1,-0.026320000,2065,114238644967547,114238645694188
5289,52.890000000,triangle_f1,-0.026460000,2065,114238654969056,114238655689974
5290,52.900000000,triangle_f1,-0.026600000,2065,114238664968652,114238665670553
5291,52.910000000,triangle_f1,-0.026740000,2065,114238674967290,114238675680537
5292,52.920000000,triangle_f1,-0.026880000,2066,114238684967405,114238685625784
5293,52.930000000,triangle_f1,-0.027020000,2066,114238694969064,114238695661272
5294,52.940000000,triangle_f1,-0.027160000,2066,114238704971881,114238705690433
5295,52.950000000,triangle_f1,-0.027300000,2066,114238714969150,114238715665891
5296,52.960000000,triangle_f1,-0.027440000,2066,114238724968652,114238725669021
5297,52.970000000,triangle_f1,-0.027580000,2066,114238734969264,114238735662386
5298,52.980000000,triangle_f1,-0.027720000,2066,114238744967698,114238745663445
5299,52.990000000,triangle_f1,-0.027860000,2066,114238754969532,114238755672464
5300,53.000000000,triangle_f1,-0.028000000,2066,114238764967945,114238765666383
5301,53.010000000,triangle_f1,-0.028140000,2066,114238774966962,114238775655667
5302,53.020000000,triangle_f1,-0.028280000,2066,114238784968651,114238785667379
5303,53.030000000,triangle_f1,-0.028420000,2067,114238794966721,114238795671031
5304,53.040000000,triangle_f1,-0.028560000,2067,114238804967367,114238805739944
5305,53.050000000,triangle_f1,-0.028700000,2067,114238814967654,114238815740618
5306,53.060000000,triangle_f1,-0.028840000,2067,114238824964714,114238825739066
5307,53.070000000,triangle_f1,-0.028980000,2067,114238834969711,114238835741975
5308,53.080000000,triangle_f1,-0.029120000,2067,114238844967395,114238845730901
5309,53.090000000,triangle_f1,-0.029260000,2067,114238854969338,114238855755339
5310,53.100000000,triangle_f1,-0.029400000,2067,114238864967626,114238865729003
5311,53.110000000,triangle_f1,-0.029540000,2067,114238874966486,114238875733978
5312,53.120000000,triangle_f1,-0.029680000,2067,114238884968490,114238885694323
5313,53.130000000,triangle_f1,-0.029820000,2067,114238894968304,114238895681649
5314,53.140000000,triangle_f1,-0.029960000,2068,114238904975057,114238905731089
5315,53.150000000,triangle_f1,-0.030100000,2068,114238914970614,114238915680022
5316,53.160000000,triangle_f1,-0.030240000,2068,114238924966351,114238925662880
5317,53.170000000,triangle_f1,-0.030380000,2068,114238934967159,114238935660677
5318,53.180000000,triangle_f1,-0.030520000,2068,114238944967713,114238945663140
5319,53.190000000,triangle_f1,-0.030660000,2068,114238954965435,114238955653226
5320,53.200000000,triangle_f1,-0.030800000,2068,114238964966323,114238965671802
5321,53.210000000,triangle_f1,-0.030940000,2068,114238974966039,114238975623961
5322,53.220000000,triangle_f1,-0.031080000,2068,114238984969494,114238985630288
5323,53.230000000,triangle_f1,-0.031220000,2068,114238994964090,114238995649343
5324,53.240000000,triangle_f1,-0.031360000,2068,114239004924684,114239005672544
5325,53.250000000,triangle_f1,-0.031500000,2069,114239014966650,114239015674505
5326,53.260000000,triangle_f1,-0.031640000,2069,114239024966343,114239025672817
5327,53.270000000,triangle_f1,-0.031780000,2069,114239034970608,114239035670156
5328,53.280000000,triangle_f1,-0.031920000,2069,114239044970159,114239045676050
5329,53.290000000,triangle_f1,-0.032060000,2069,114239054970718,114239055685971
5330,53.300000000,triangle_f1,-0.032200000,2069,114239064968781,114239065674435
5331,53.310000000,triangle_f1,-0.032340000,2069,114239074966611,114239075667055
5332,53.320000000,triangle_f1,-0.032480000,2069,114239084966388,114239085669653
5333,53.330000000,triangle_f1,-0.032620000,2069,114239094965919,114239095649539
5334,53.340000000,triangle_f1,-0.032760000,2069,114239104967965,114239105658663
5335,53.350000000,triangle_f1,-0.032900000,2069,114239114976217,114239115659091
5336,53.360000000,triangle_f1,-0.033040000,2070,114239124966923,114239125668629
5337,53.370000000,triangle_f1,-0.033180000,2070,114239134966594,114239135652677
5338,53.380000000,triangle_f1,-0.033320000,2070,114239144967590,114239145672207
5339,53.390000000,triangle_f1,-0.033460000,2070,114239154965541,114239155646837
5340,53.400000000,triangle_f1,-0.033600000,2070,114239164965830,114239165650587
5341,53.410000000,triangle_f1,-0.033740000,2070,114239174966108,114239175644054
5342,53.420000000,triangle_f1,-0.033880000,2070,114239184966785,114239185647363
5343,53.430000000,triangle_f1,-0.034020000,2070,114239194965900,114239195648958
5344,53.440000000,triangle_f1,-0.034160000,2070,114239204965851,114239205648533
5345,53.450000000,triangle_f1,-0.034300000,2070,114239214968715,114239215653668
5346,53.460000000,triangle_f1,-0.034440000,2070,114239224966309,114239225647784
5347,53.470000000,triangle_f1,-0.034580000,2071,114239234966285,114239235652740
5348,53.480000000,triangle_f1,-0.034720000,2071,114239244967384,114239245653295
5349,53.490000000,triangle_f1,-0.034860000,2071,114239254967245,114239255648523
5350,53.500000000,triangle_f1,-0.035000000,2071,114239264966171,114239265651086
5351,53.510000000,triangle_f1,-0.035140000,2071,114239274965691,114239275647340
5352,53.520000000,triangle_f1,-0.035280000,2071,114239284967833,114239285667934
5353,53.530000000,triangle_f1,-0.035420000,2071,114239294966693,114239295650043
5354,53.540000000,triangle_f1,-0.035560000,2071,114239304968360,114239305658414
5355,53.550000000,triangle_f1,-0.035700000,2071,114239314969883,114239315654418
5356,53.560000000,triangle_f1,-0.035840000,2071,114239324967714,114239325650210
5357,53.570000000,triangle_f1,-0.035980000,2071,114239334977303,114239335664479
5358,53.580000000,triangle_f1,-0.036120000,2072,114239344968594,114239345653638
5359,53.590000000,triangle_f1,-0.036260000,2072,114239354966394,114239355650021
5360,53.600000000,triangle_f1,-0.036400000,2072,114239364967560,114239365651268
5361,53.610000000,triangle_f1,-0.036540000,2072,114239374966374,114239375647175
5362,53.620000000,triangle_f1,-0.036680000,2072,114239384967246,114239385651022
5363,53.630000000,triangle_f1,-0.036820000,2072,114239394965907,114239395646349
5364,53.640000000,triangle_f1,-0.036960000,2072,114239404967554,114239405714803
5365,53.650000000,triangle_f1,-0.037100000,2072,114239414968377,114239415711973
5366,53.660000000,triangle_f1,-0.037240000,2072,114239424966204,114239425706735
5367,53.670000000,triangle_f1,-0.037380000,2072,114239434967716,114239435653555
5368,53.680000000,triangle_f1,-0.037520000,2072,114239444967923,114239445647719
5369,53.690000000,triangle_f1,-0.037660000,2073,114239454967558,114239455647760
5370,53.700000000,triangle_f1,-0.037800000,2073,114239464966839,114239465647161
5371,53.710000000,triangle_f1,-0.037940000,2073,114239474966784,114239475644160
5372,53.720000000,triangle_f1,-0.038080000,2073,114239484967643,114239485648698
5373,53.730000000,triangle_f1,-0.038220000,2073,114239494967062,114239495635966
5374,53.740000000,triangle_f1,-0.038360000,2073,114239504966647,114239505618584
5375,53.750000000,triangle_f1,-0.038500000,2073,114239514968766,114239515618964
5376,53.760000000,triangle_f1,-0.038640000,2073,114239524965989,114239525649370
5377,53.770000000,triangle_f1,-0.038780000,2073,114239534966673,114239535583231
5378,53.780000000,triangle_f1,-0.038920000,2073,114239544971032,114239545632238
5379,53.790000000,triangle_f1,-0.039060000,2073,114239554973779,114239555632643
5380,53.800000000,triangle_f1,-0.039200000,2074,114239564968027,114239565625716
5381,53.810000000,triangle_f1,-0.039340000,2074,114239574966119,114239575619225
5382,53.820000000,triangle_f1,-0.039480000,2074,114239584967547,114239585617755
5383,53.830000000,triangle_f1,-0.039620000,2074,114239594965916,114239595624576
5384,53.840000000,triangle_f1,-0.039760000,2074,114239604966622,114239605627916
5385,53.850000000,triangle_f1,-0.039900000,2074,114239614968411,114239615629478
5386,53.860000000,triangle_f1,-0.040040000,2074,114239624966612,114239625628385
5387,53.870000000,triangle_f1,-0.040180000,2074,114239634967273,114239635625794
5388,53.880000000,triangle_f1,-0.040320000,2074,114239644967463,114239645623036
5389,53.890000000,triangle_f1,-0.040460000,2074,114239654969291,114239655616895
5390,53.900000000,triangle_f1,-0.040600000,2074,114239664967070,114239665619016
5391,53.910000000,triangle_f1,-0.040740000,2075,114239674966236,114239675629616
5392,53.920000000,triangle_f1,-0.040880000,2075,114239684967681,114239685625380
5393,53.930000000,triangle_f1,-0.041020000,2075,114239694966327,114239695626111
5394,53.940000000,triangle_f1,-0.041160000,2075,114239704965800,114239705616474
5395,53.950000000,triangle_f1,-0.041300000,2075,114239714967758,114239715619726
5396,53.960000000,triangle_f1,-0.041440000,2075,114239724965987,114239725617369
5397,53.970000000,triangle_f1,-0.041580000,2075,114239734966395,114239735582871
5398,53.980000000,triangle_f1,-0.041720000,2075,114239744968947,114239745630547
5399,53.990000000,triangle_f1,-0.041860000,2075,114239754973392,114239755623614
5400,54.000000000,triangle_f1,-0.042000000,2075,114239764968088,114239765614509
5401,54.010000000,triangle_f1,-0.042140000,2075,114239774966340,114239775616973
5402,54.020000000,triangle_f1,-0.042280000,2076,114239784967084,114239785628872
5403,54.030000000,triangle_f1,-0.042420000,2076,114239794965819,114239795616132
5404,54.040000000,triangle_f1,-0.042560000,2076,114239804966132,114239805629434
5405,54.050000000,triangle_f1,-0.042700000,2076,114239814971074,114239815628189
5406,54.060000000,triangle_f1,-0.042840000,2076,114239824966247,114239825622218
5407,54.070000000,triangle_f1,-0.042980000,2076,114239834967327,114239835615858
5408,54.080000000,triangle_f1,-0.043120000,2076,114239844968001,114239845618319
5409,54.090000000,triangle_f1,-0.043260000,2076,114239854966540,114239855631204
5410,54.100000000,triangle_f1,-0.043400000,2076,114239864966725,114239865625225
5411,54.110000000,triangle_f1,-0.043540000,2076,114239874966512,114239875622620
5412,54.120000000,triangle_f1,-0.043680000,2076,114239884966418,114239885614360
5413,54.130000000,triangle_f1,-0.043820000,2077,114239894965734,114239895623553
5414,54.140000000,triangle_f1,-0.043960000,2077,114239904967485,114239905616790
5415,54.150000000,triangle_f1,-0.044100000,2077,114239914967845,114239915621754
5416,54.160000000,triangle_f1,-0.044240000,2077,114239924966959,114239925603676
5417,54.170000000,triangle_f1,-0.044380000,2077,114239934967365,114239935562149
5418,54.180000000,triangle_f1,-0.044520000,2077,114239944969264,114239945600045
5419,54.190000000,triangle_f1,-0.044660000,2077,114239954971876,114239955602365
5420,54.200000000,triangle_f1,-0.044800000,2077,114239964967749,114239965600677
5421,54.210000000,triangle_f1,-0.044940000,2077,114239974966920,114239975608570
5422,54.220000000,triangle_f1,-0.045080000,2077,114239984967050,114239985595462
5423,54.230000000,triangle_f1,-0.045220000,2077,114239994966082,114239995598657
5424,54.240000000,triangle_f1,-0.045360000,2078,114240004966183,114240005605167
5425,54.250000000,triangle_f1,-0.045500000,2078,114240014970369,114240015611287
5426,54.260000000,triangle_f1,-0.045640000,2078,114240024966344,114240025597374
5427,54.270000000,triangle_f1,-0.045780000,2078,114240034966912,114240035604680
5428,54.280000000,triangle_f1,-0.045920000,2078,114240044967823,114240045609420
5429,54.290000000,triangle_f1,-0.046060000,2078,114240054966425,114240055609192
5430,54.300000000,triangle_f1,-0.046200000,2078,114240064968136,114240065608677
5431,54.310000000,triangle_f1,-0.046340000,2078,114240074966394,114240075604602
5432,54.320000000,triangle_f1,-0.046480000,2078,114240084971183,114240085612704
5433,54.330000000,triangle_f1,-0.046620000,2078,114240094965785,114240095607045
5434,54.340000000,triangle_f1,-0.046760000,2078,114240104965596,114240105592113
5435,54.350000000,triangle_f1,-0.046900000,2079,114240114967452,114240115599042
5436,54.360000000,triangle_f1,-0.047040000,2079,114240124966741,114240125669984
5437,54.370000000,triangle_f1,-0.047180000,2079,114240134966863,114240135610048
5438,54.380000000,triangle_f1,-0.047320000,2079,114240144967178,114240145598604
5439,54.390000000,triangle_f1,-0.047460000,2079,114240154968721,114240155607979
5440,54.400000000,triangle_f1,-0.047600000,2079,114240164975415,114240165600749
5441,54.410000000,triangle_f1,-0.047740000,2079,114240174968373,114240175595337
5442,54.420000000,triangle_f1,-0.047880000,2079,114240184970739,114240185597858
5443,54.430000000,triangle_f1,-0.048020000,2079,114240194970404,114240195603882
5444,54.440000000,triangle_f1,-0.048160000,2079,114240204967583,114240205599999
5445,54.450000000,triangle_f1,-0.048300000,2079,114240214968291,114240215610378
5446,54.460000000,triangle_f1,-0.048440000,2080,114240224966703,114240225601177
5447,54.470000000,triangle_f1,-0.048580000,2080,114240234967023,114240235602927
5448,54.480000000,triangle_f1,-0.048720000,2080,114240244967909,114240245621156
5449,54.490000000,triangle_f1,-0.048860000,2080,114240254967308,114240255602962
5450,54.500000000,triangle_f1,-0.049000000,2080,114240264966989,114240265605415
5451,54.510000000,triangle_f1,-0.049140000,2080,114240274966689,114240275596930
5452,54.520000000,triangle_f1,-0.049280000,2080,114240284967435,114240285606703
5453,54.530000000,triangle_f1,-0.049420000,2080,114240294967659,114240295600828
5454,54.540000000,triangle_f1,-0.049560000,2080,114240304966930,114240305593247
5455,54.550000000,triangle_f1,-0.049700000,2080,114240314967363,114240315605299
5456,54.560000000,triangle_f1,-0.049840000,2080,114240324968317,114240325594866
5457,54.570000000,triangle_f1,-0.049980000,2081,114240334966966,114240335610010
5458,54.580000000,triangle_f1,-0.050120000,2081,114240344967044,114240345577039
5459,54.590000000,triangle_f1,-0.050260000,2081,114240354967591,114240355600838
5460,54.600000000,triangle_f1,-0.050400000,2081,114240364967739,114240365577020
5461,54.610000000,triangle_f1,-0.050540000,2081,114240374967614,114240375588603
5462,54.620000000,triangle_f1,-0.050680000,2081,114240384977838,114240385594145
5463,54.630000000,triangle_f1,-0.050820000,2081,114240394968369,114240395574397
5464,54.640000000,triangle_f1,-0.050960000,2081,114240404967441,114240405582067
5465,54.650000000,triangle_f1,-0.051100000,2081,114240414968310,114240415577783
5466,54.660000000,triangle_f1,-0.051240000,2081,114240424967112,114240425582462
5467,54.670000000,triangle_f1,-0.051380000,2081,114240434967504,114240435586448
5468,54.680000000,triangle_f1,-0.051520000,2082,114240444967848,114240445583595
5469,54.690000000,triangle_f1,-0.051660000,2082,114240454966520,114240455586767
5470,54.700000000,triangle_f1,-0.051800000,2082,114240464966393,114240465585097
5471,54.710000000,triangle_f1,-0.051940000,2082,114240474965600,114240475578541
5472,54.720000000,triangle_f1,-0.052080000,2082,114240484966488,114240485578621
5473,54.730000000,triangle_f1,-0.052220000,2082,114240494966552,114240495582171
5474,54.740000000,triangle_f1,-0.052360000,2082,114240504966127,114240505659727
5475,54.750000000,triangle_f1,-0.052500000,2082,114240514967545,114240515655139
5476,54.760000000,triangle_f1,-0.052640000,2082,114240524966199,114240525651356
5477,54.770000000,triangle_f1,-0.052780000,2082,114240534966804,114240535640189
5478,54.780000000,triangle_f1,-0.052920000,2082,114240544967743,114240545644306
5479,54.790000000,triangle_f1,-0.053060000,2083,114240554966845,114240555654228
5480,54.800000000,triangle_f1,-0.053200000,2083,114240564966345,114240565650329
5481,54.810000000,triangle_f1,-0.053340000,2083,114240574967346,114240575651849
5482,54.820000000,triangle_f1,-0.053480000,2083,114240584974131,114240585671024
5483,54.830000000,triangle_f1,-0.053620000,2083,114240594968498,114240595661773
5484,54.840000000,triangle_f1,-0.053760000,2083,114240604966379,114240605611418
5485,54.850000000,triangle_f1,-0.053900000,2083,114240614968128,114240615643658
5486,54.860000000,triangle_f1,-0.054040000,2083,114240624967170,114240625645316
5487,54.870000000,triangle_f1,-0.054180000,2083,114240634967333,114240635641870
5488,54.880000000,triangle_f1,-0.054320000,2083,114240644967681,114240645652829
5489,54.890000000,triangle_f1,-0.054460000,2084,114240654967845,114240655610153
5490,54.900000000,triangle_f1,-0.054600000,2084,114240664967307,114240665645806
5491,54.910000000,triangle_f1,-0.054740000,2084,114240674966994,114240675587878
5492,54.920000000,triangle_f1,-0.054880000,2084,114240684967293,114240685577404
5493,54.930000000,triangle_f1,-0.055020000,2084,114240694965772,114240695579782
5494,54.940000000,triangle_f1,-0.055160000,2084,114240704965784,114240705612762
5495,54.950000000,triangle_f1,-0.055300000,2084,114240714967178,114240715645638
5496,54.960000000,triangle_f1,-0.055440000,2084,114240724966266,114240725651396
5497,54.970000000,triangle_f1,-0.055580000,2084,114240734966284,114240735651414
5498,54.980000000,triangle_f1,-0.055720000,2084,114240744967345,114240745650151
5499,54.990000000,triangle_f1,-0.055860000,2084,114240754966727,114240755592795
5500,55.000000000,triangle_f1,-0.056000000,2085,114240764970295,114240765640902
5501,55.010000000,triangle_f1,-0.056140000,2085,114240774967381,114240775631427
5502,55.020000000,triangle_f1,-0.056280000,2085,114240784975302,114240785636496
5503,55.030000000,triangle_f1,-0.056420000,2085,114240794967547,114240795628582
5504,55.040000000,triangle_f1,-0.056560000,2085,114240804966062,114240805636136
5505,55.050000000,triangle_f1,-0.056700000,2085,114240814968076,114240815627902
5506,55.060000000,triangle_f1,-0.056840000,2085,114240824966401,114240825631219
5507,55.070000000,triangle_f1,-0.056980000,2085,114240834965971,114240835626735
5508,55.080000000,triangle_f1,-0.057120000,2085,114240844967461,114240845630997
5509,55.090000000,triangle_f1,-0.057260000,2085,114240854969018,114240855570424
5510,55.100000000,triangle_f1,-0.057400000,2085,114240864968003,114240865627989
5511,55.110000000,triangle_f1,-0.057540000,2086,114240874966607,114240875620188
5512,55.120000000,triangle_f1,-0.057680000,2086,114240884967016,114240885622875
5513,55.130000000,triangle_f1,-0.057820000,2086,114240894965689,114240895619086
5514,55.140000000,triangle_f1,-0.057960000,2086,114240904966700,114240905626127
5515,55.150000000,triangle_f1,-0.058100000,2086,114240914970076,114240915627268
5516,55.160000000,triangle_f1,-0.058240000,2086,114240924967078,114240925620138
5517,55.170000000,triangle_f1,-0.058380000,2086,114240934967025,114240935628443
5518,55.180000000,triangle_f1,-0.058520000,2086,114240944967784,114240945570990
5519,55.190000000,triangle_f1,-0.058660000,2086,114240954966898,114240955626614
5520,55.200000000,triangle_f1,-0.058800000,2086,114240964967805,114240965626055
5521,55.210000000,triangle_f1,-0.058940000,2086,114240974966299,114240975628391
5522,55.220000000,triangle_f1,-0.059080000,2087,114240984966309,114240985519786
5523,55.230000000,triangle_f1,-0.059220000,2087,114240994967097,114240995566986
5524,55.240000000,triangle_f1,-0.059360000,2087,114241004974255,114241005640372
5525,55.250000000,triangle_f1,-0.059500000,2087,114241014968679,114241015626088
5526,55.260000000,triangle_f1,-0.059640000,2087,114241024966275,114241025623427
5527,55.270000000,triangle_f1,-0.059780000,2087,114241034968072,114241035629372
5528,55.280000000,triangle_f1,-0.059920000,2087,114241044967364,114241045580612
5529,55.290000000,triangle_f1,-0.060060000,2087,114241054966309,114241055630202
5530,55.300000000,triangle_f1,-0.060200000,2087,114241064967966,114241065629271
5531,55.310000000,triangle_f1,-0.060340000,2087,114241074966049,114241075631169
5532,55.320000000,triangle_f1,-0.060480000,2087,114241084966589,114241085632328
5533,55.330000000,triangle_f1,-0.060620000,2088,114241094965897,114241095620996
5534,55.340000000,triangle_f1,-0.060760000,2088,114241104973080,114241105634761
5535,55.350000000,triangle_f1,-0.060900000,2088,114241114967943,114241115627173
5536,55.360000000,triangle_f1,-0.061040000,2088,114241124972637,114241125637593
5537,55.370000000,triangle_f1,-0.061180000,2088,114241134969054,114241135565991
5538,55.380000000,triangle_f1,-0.061320000,2088,114241144920072,114241145581605
5539,55.390000000,triangle_f1,-0.061460000,2088,114241154966413,114241155559466
5540,55.400000000,triangle_f1,-0.061600000,2088,114241164967871,114241165557202
5541,55.410000000,triangle_f1,-0.061740000,2088,114241174966598,114241175556465
5542,55.420000000,triangle_f1,-0.061880000,2088,114241184966364,114241185552559
5543,55.430000000,triangle_f1,-0.062020000,2088,114241194965817,114241195598089
5544,55.440000000,triangle_f1,-0.062160000,2089,114241204967802,114241205544705
5545,55.450000000,triangle_f1,-0.062300000,2089,114241214975361,114241215617968
5546,55.460000000,triangle_f1,-0.062440000,2089,114241224967519,114241225550224
5547,55.470000000,triangle_f1,-0.062580000,2089,114241234967124,114241235609108
5548,55.480000000,triangle_f1,-0.062720000,2089,114241244966204,114241245541879
5549,55.490000000,triangle_f1,-0.062860000,2089,114241254965713,114241255541993
5550,55.500000000,triangle_f1,-0.063000000,2089,114241264967296,114241265546188
5551,55.510000000,triangle_f1,-0.063140000,2089,114241274968191,114241275544589
5552,55.520000000,triangle_f1,-0.063280000,2089,114241284970501,114241285537057
5553,55.530000000,triangle_f1,-0.063420000,2089,114241294966762,114241295528985
5554,55.540000000,triangle_f1,-0.063560000,2089,114241304974088,114241305556754
5555,55.550000000,triangle_f1,-0.063700000,2090,114241314968538,114241315543969
5556,55.560000000,triangle_f1,-0.063840000,2090,114241324967696,114241325539474
5557,55.570000000,triangle_f1,-0.063980000,2090,114241334969164,114241335550870
5558,55.580000000,triangle_f1,-0.064120000,2090,114241344966431,114241345535696
5559,55.590000000,triangle_f1,-0.064260000,2090,114241354968585,114241355534532
5560,55.600000000,triangle_f1,-0.064400000,2090,114241364969050,114241365537410
5561,55.610000000,triangle_f1,-0.064540000,2090,114241374967159,114241375543848
5562,55.620000000,triangle_f1,-0.064680000,2090,114241384969277,114241385545115
5563,55.630000000,triangle_f1,-0.064820000,2090,114241394966452,114241395541112
5564,55.640000000,triangle_f1,-0.064960000,2090,114241404969154,114241405546672
5565,55.650000000,triangle_f1,-0.065100000,2090,114241414968730,114241415546833
5566,55.660000000,triangle_f1,-0.065240000,2091,114241424967681,114241425548899
5567,55.670000000,triangle_f1,-0.065380000,2091,114241434978287,114241435554621
5568,55.680000000,triangle_f1,-0.065520000,2091,114241444968358,114241445537136
5569,55.690000000,triangle_f1,-0.065660000,2091,114241454970884,114241455549380
5570,55.700000000,triangle_f1,-0.065800000,2091,114241464971441,114241465564546
5571,55.710000000,triangle_f1,-0.065940000,2091,114241474967196,114241475542821
5572,55.720000000,triangle_f1,-0.066080000,2091,114241484970922,114241485548532
5573,55.730000000,triangle_f1,-0.066220000,2091,114241494966509,114241495540721
5574,55.740000000,triangle_f1,-0.066360000,2091,114241504969667,114241505549909
5575,55.750000000,triangle_f1,-0.066500000,2091,114241514968060,114241515551281
5576,55.760000000,triangle_f1,-0.066640000,2091,114241524966170,114241525536447
5577,55.770000000,triangle_f1,-0.066780000,2092,114241534968714,114241535545879
5578,55.780000000,triangle_f1,-0.066920000,2092,114241544965879,114241545540894
5579,55.790000000,triangle_f1,-0.067060000,2092,114241554968768,114241555547604
5580,55.800000000,triangle_f1,-0.067200000,2092,114241564970344,114241565549870
5581,55.810000000,triangle_f1,-0.067340000,2092,114241574966841,114241575541813
5582,55.820000000,triangle_f1,-0.067480000,2092,114241584969067,114241585546813
5583,55.830000000,triangle_f1,-0.067620000,2092,114241594966530,114241595523755
5584,55.840000000,triangle_f1,-0.067760000,2092,114241604973196,114241605527905
5585,55.850000000,triangle_f1,-0.067900000,2092,114241614968633,114241615535617
5586,55.860000000,triangle_f1,-0.068040000,2092,114241624966867,114241625522366
5587,55.870000000,triangle_f1,-0.068180000,2092,114241634969588,114241635494117
5588,55.880000000,triangle_f1,-0.068320000,2093,114241644968201,114241645523502
5589,55.890000000,triangle_f1,-0.068460000,2093,114241654977044,114241655533416
5590,55.900000000,triangle_f1,-0.068600000,2093,114241664976549,114241665530036
5591,55.910000000,triangle_f1,-0.068740000,2093,114241674967421,114241675526871
5592,55.920000000,triangle_f1,-0.068880000,2093,114241684969249,114241685547446
5593,55.930000000,triangle_f1,-0.069020000,2093,114241694966383,114241695522732
5594,55.940000000,triangle_f1,-0.069160000,2093,114241704968481,114241705526122
5595,55.950000000,triangle_f1,-0.069300000,2093,114241714968505,114241715528762
5596,55.960000000,triangle_f1,-0.069440000,2093,114241724966202,114241725524158
5597,55.970000000,triangle_f1,-0.069580000,2093,114241734973601,114241735529487
5598,55.980000000,triangle_f1,-0.069720000,2093,114241744967887,114241745526738
5599,55.990000000,triangle_f1,-0.069860000,2094,114241754969718,114241755531531
5600,56.000000000,triangle_f1,-0.070000000,2094,114241764970570,114241765532125
5601,56.010000000,triangle_f1,-0.069860000,2094,114241774967062,114241775525806
5602,56.020000000,triangle_f1,-0.069720000,2093,114241784969070,114241785530017
5603,56.030000000,triangle_f1,-0.069580000,2093,114241794966137,114241795526763
5604,56.040000000,triangle_f1,-0.069440000,2093,114241804969058,114241805525779
5605,56.050000000,triangle_f1,-0.069300000,2093,114241814970779,114241815532507
5606,56.060000000,triangle_f1,-0.069160000,2093,114241824966863,114241825523292
5607,56.070000000,triangle_f1,-0.069020000,2093,114241834968962,114241835475215
5608,56.080000000,triangle_f1,-0.068880000,2093,114241844967458,114241845526812
5609,56.090000000,triangle_f1,-0.068740000,2093,114241854975971,114241855597901
5610,56.100000000,triangle_f1,-0.068600000,2093,114241864969660,114241865588780
5611,56.110000000,triangle_f1,-0.068460000,2093,114241874966739,114241875587450
5612,56.120000000,triangle_f1,-0.068320000,2093,114241884969631,114241885586377
5613,56.130000000,triangle_f1,-0.068180000,2092,114241894966462,114241895584737
5614,56.140000000,triangle_f1,-0.068040000,2092,114241904968874,114241905589815
5615,56.150000000,triangle_f1,-0.067900000,2092,114241914967863,114241915586429
5616,56.160000000,triangle_f1,-0.067760000,2092,114241924966521,114241925582647
5617,56.170000000,triangle_f1,-0.067620000,2092,114241934972909,114241935589282
5618,56.180000000,triangle_f1,-0.067480000,2092,114241944968246,114241945535622
5619,56.190000000,triangle_f1,-0.067340000,2092,114241954969618,114241955589515
5620,56.200000000,triangle_f1,-0.067200000,2092,114241964970793,114241965588584
5621,56.210000000,triangle_f1,-0.067060000,2092,114241974968163,114241975584168
5622,56.220000000,triangle_f1,-0.066920000,2092,114241984967962,114241985567217
5623,56.230000000,triangle_f1,-0.066780000,2092,114241994966649,114241995568668
5624,56.240000000,triangle_f1,-0.066640000,2091,114242004969248,114242005527412
5625,56.250000000,triangle_f1,-0.066500000,2091,114242014969977,114242015507563
5626,56.260000000,triangle_f1,-0.066360000,2091,114242024966100,114242025504303
5627,56.270000000,triangle_f1,-0.066220000,2091,114242034967991,114242035506592
5628,56.280000000,triangle_f1,-0.066080000,2091,114242044965892,114242045504280
5629,56.290000000,triangle_f1,-0.065940000,2091,114242054968491,114242055503662
5630,56.300000000,triangle_f1,-0.065800000,2091,114242064969720,114242065512705
5631,56.310000000,triangle_f1,-0.065660000,2091,114242074966748,114242075503317
5632,56.320000000,triangle_f1,-0.065520000,2091,114242084968439,114242085503460
5633,56.330000000,triangle_f1,-0.065380000,2091,114242094966188,114242095503375
5634,56.340000000,triangle_f1,-0.065240000,2091,114242104970235,114242105506876
5635,56.350000000,triangle_f1,-0.065100000,2090,114242114967514,114242115505862
5636,56.360000000,triangle_f1,-0.064960000,2090,114242124966923,114242125505532
5637,56.370000000,triangle_f1,-0.064820000,2090,114242134966647,114242135509248
5638,56.380000000,triangle_f1,-0.064680000,2090,114242144966674,114242145503692
5639,56.390000000,triangle_f1,-0.064540000,2090,114242154965960,114242155493058
5640,56.400000000,triangle_f1,-0.064400000,2090,114242164966889,114242165510060
5641,56.410000000,triangle_f1,-0.064260000,2090,114242174966681,114242175502659
5642,56.420000000,triangle_f1,-0.064120000,2090,114242184965299,114242185499358
5643,56.430000000,triangle_f1,-0.063980000,2090,114242194967268,114242195502607
5644,56.440000000,triangle_f1,-0.063840000,2090,114242204967467,114242205502408
5645,56.450000000,triangle_f1,-0.063700000,2090,114242214969257,114242215506864
5646,56.460000000,triangle_f1,-0.063560000,2089,114242224965810,114242225501444
5647,56.470000000,triangle_f1,-0.063420000,2089,114242234966161,114242235504984
5648,56.480000000,triangle_f1,-0.063280000,2089,114242244965964,114242245502146
5649,56.490000000,triangle_f1,-0.063140000,2089,114242254973012,114242255500081
5650,56.500000000,triangle_f1,-0.063000000,2089,114242264972260,114242265462570
5651,56.510000000,triangle_f1,-0.062860000,2089,114242274966392,114242275454480
5652,56.520000000,triangle_f1,-0.062720000,2089,114242284962927,114242285456765
5653,56.530000000,triangle_f1,-0.062580000,2089,114242294968062,114242295456664
5654,56.540000000,triangle_f1,-0.062440000,2089,114242304969377,114242305468828
5655,56.550000000,triangle_f1,-0.062300000,2089,114242314969007,114242315458630
5656,56.560000000,triangle_f1,-0.062160000,2089,114242324965386,114242325452819
5657,56.570000000,triangle_f1,-0.062020000,2088,114242334970406,114242335457933
5658,56.580000000,triangle_f1,-0.061880000,2088,114242344965158,114242345456702
5659,56.590000000,triangle_f1,-0.061740000,2088,114242354965297,114242355457734
5660,56.600000000,triangle_f1,-0.061600000,2088,114242364966042,114242365456478
5661,56.610000000,triangle_f1,-0.061460000,2088,114242374964959,114242375463360
5662,56.620000000,triangle_f1,-0.061320000,2088,114242384967560,114242385460877
5663,56.630000000,triangle_f1,-0.061180000,2088,114242394967007,114242395500270
5664,56.640000000,triangle_f1,-0.061040000,2088,114242404968683,114242405506554
5665,56.650000000,triangle_f1,-0.060900000,2088,114242414975715,114242415517388
5666,56.660000000,triangle_f1,-0.060760000,2088,114242424967132,114242425492905
5667,56.670000000,triangle_f1,-0.060620000,2088,114242434968908,114242435485034
5668,56.680000000,triangle_f1,-0.060480000,2087,114242444966834,114242445482625
5669,56.690000000,triangle_f1,-0.060340000,2087,114242454968338,114242455432663
5670,56.700000000,triangle_f1,-0.060200000,2087,114242464968963,114242465440642
5671,56.710000000,triangle_f1,-0.060060000,2087,114242474966043,114242475461904
5672,56.720000000,triangle_f1,-0.059920000,2087,114242484978022,114242485506971
5673,56.730000000,triangle_f1,-0.059780000,2087,114242494968382,114242495484396
5674,56.740000000,triangle_f1,-0.059640000,2087,114242504971036,114242505486554
5675,56.750000000,triangle_f1,-0.059500000,2087,114242514968751,114242515483006
5676,56.760000000,triangle_f1,-0.059360000,2087,114242524966765,114242525478525
5677,56.770000000,triangle_f1,-0.059220000,2087,114242534970239,114242535487322
5678,56.780000000,triangle_f1,-0.059080000,2087,114242544970457,114242545497632
5679,56.790000000,triangle_f1,-0.058940000,2086,114242554968380,114242555485377
5680,56.800000000,triangle_f1,-0.058800000,2086,114242564971451,114242565488309
5681,56.810000000,triangle_f1,-0.058660000,2086,114242574967701,114242575487286
5682,56.820000000,triangle_f1,-0.058520000,2086,114242584971342,114242585486518
5683,56.830000000,triangle_f1,-0.058380000,2086,114242594965991,114242595485465
5684,56.840000000,triangle_f1,-0.058240000,2086,114242604967209,114242605485299
5685,56.850000000,triangle_f1,-0.058100000,2086,114242614973092,114242615490113
5686,56.860000000,triangle_f1,-0.057960000,2086,114242624993027,114242625583051
5687,56.870000000,triangle_f1,-0.057820000,2086,114242634979467,114242635556780
5688,56.880000000,triangle_f1,-0.057680000,2086,114242644975053,114242645497351
5689,56.890000000,triangle_f1,-0.057540000,2086,114242654971055,114242655510925
5690,56.900000000,triangle_f1,-0.057400000,2085,114242664971355,114242665478721
5691,56.910000000,triangle_f1,-0.057260000,2085,114242674968632,114242675450585
5692,56.920000000,triangle_f1,-0.057120000,2085,114242684977203,114242685450216
5693,56.930000000,triangle_f1,-0.056980000,2085,114242694969953,114242695435051
5694,56.940000000,triangle_f1,-0.056840000,2085,114242704971833,114242705442503
5695,56.950000000,triangle_f1,-0.056700000,2085,114242714967274,114242715538177
5696,56.960000000,triangle_f1,-0.056560000,2085,114242724968777,114242725443888
5697,56.970000000,triangle_f1,-0.056420000,2085,114242734975446,114242735446196
5698,56.980000000,triangle_f1,-0.056280000,2085,114242744969350,114242745435921
5699,56.990000000,triangle_f1,-0.056140000,2085,114242754972214,114242755436780
5700,57.000000000,triangle_f1,-0.056000000,2085,114242764959264,114242765443698
5701,57.010000000,triangle_f1,-0.055860000,2084,114242774970585,114242775442878
5702,57.020000000,triangle_f1,-0.055720000,2084,114242784967660,114242785438169
5703,57.030000000,triangle_f1,-0.055580000,2084,114242794973568,114242795446457
5704,57.040000000,triangle_f1,-0.055440000,2084,114242804968464,114242805441225
5705,57.050000000,triangle_f1,-0.055300000,2084,114242814967038,114242815483923
5706,57.060000000,triangle_f1,-0.055160000,2084,114242824966315,114242825447582
5707,57.070000000,triangle_f1,-0.055020000,2084,114242834968724,114242835479910
5708,57.080000000,triangle_f1,-0.054880000,2084,114242844967162,114242845522651
5709,57.090000000,triangle_f1,-0.054740000,2084,114242854966946,114242855459505
5710,57.100000000,triangle_f1,-0.054600000,2084,114242864970003,114242865461901
5711,57.110000000,triangle_f1,-0.054460000,2084,114242874966523,114242875456774
5712,57.120000000,triangle_f1,-0.054320000,2083,114242884967998,114242885412049
5713,57.130000000,triangle_f1,-0.054180000,2083,114242894967161,114242895455469
5714,57.140000000,triangle_f1,-0.054040000,2083,114242904969510,114242905539964
5715,57.150000000,triangle_f1,-0.053900000,2083,114242914968110,114242915531006
5716,57.160000000,triangle_f1,-0.053760000,2083,114242924966693,114242925530512
5717,57.170000000,triangle_f1,-0.053620000,2083,114242934971492,114242935523652
5718,57.180000000,triangle_f1,-0.053480000,2083,114242944967018,114242945522989
5719,57.190000000,triangle_f1,-0.053340000,2083,114242954967352,114242955530651
5720,57.200000000,triangle_f1,-0.053200000,2083,114242964970026,114242965523912
5721,57.210000000,triangle_f1,-0.053060000,2083,114242974966785,114242975522109
5722,57.220000000,triangle_f1,-0.052920000,2082,114242984969951,114242985525328
5723,57.230000000,triangle_f1,-0.052780000,2082,114242994966261,114242995516179
5724,57.240000000,triangle_f1,-0.052640000,2082,114243004969687,114243005528784
5725,57.250000000,triangle_f1,-0.052500000,2082,114243014967838,114243015521236
5726,57.260000000,triangle_f1,-0.052360000,2082,114243024977104,114243025545211
5727,57.270000000,triangle_f1,-0.052220000,2082,114243035049695,114243036654453
5728,57.280000000,triangle_f1,-0.052080000,2082,114243045054797,114243046460087
5729,57.290000000,triangle_f1,-0.051940000,2082,114243054973359,114243055467094
5730,57.300000000,triangle_f1,-0.051800000,2082,114243064970064,114243065470234
5731,57.310000000,triangle_f1,-0.051660000,2082,114243074970416,114243075532670
5732,57.320000000,triangle_f1,-0.051520000,2082,114243085047926,114243086531278
5733,57.330000000,triangle_f1,-0.051380000,2081,114243094973153,114243095475067
5734,57.340000000,triangle_f1,-0.051240000,2081,114243104966046,114243105474947
5735,57.350000000,triangle_f1,-0.051100000,2081,114243114966796,114243115453184
5736,57.360000000,triangle_f1,-0.050960000,2081,114243124967260,114243125456965
5737,57.370000000,triangle_f1,-0.050820000,2081,114243134975038,114243135464646
5738,57.380000000,triangle_f1,-0.050680000,2081,114243144967089,114243145524377
5739,57.390000000,triangle_f1,-0.050540000,2081,114243154969586,114243155465471
5740,57.400000000,triangle_f1,-0.050400000,2081,114243164968627,114243165458190
5741,57.410000000,triangle_f1,-0.050260000,2081,114243174966737,114243175519976
5742,57.420000000,triangle_f1,-0.050120000,2081,114243184969099,114243185522551
5743,57.430000000,triangle_f1,-0.049980000,2081,114243194966464,114243195520500
5744,57.440000000,triangle_f1,-0.049840000,2080,114243204968584,114243205537994
5745,57.450000000,triangle_f1,-0.049700000,2080,114243214966986,114243215521119
5746,57.460000000,triangle_f1,-0.049560000,2080,114243224966268,114243225652845
5747,57.470000000,triangle_f1,-0.049420000,2080,114243234972288,114243235527264
5748,57.480000000,triangle_f1,-0.049280000,2080,114243244971497,114243245526450
5749,57.490000000,triangle_f1,-0.049140000,2080,114243254967811,114243255507889
5750,57.500000000,triangle_f1,-0.049000000,2080,114243264967254,114243265503071
5751,57.510000000,triangle_f1,-0.048860000,2080,114243274969146,114243275501971
5752,57.520000000,triangle_f1,-0.048720000,2080,114243284967525,114243285500736
5753,57.530000000,triangle_f1,-0.048580000,2080,114243294966399,114243295501092
5754,57.540000000,triangle_f1,-0.048440000,2080,114243304973566,114243305446027
5755,57.550000000,triangle_f1,-0.048300000,2079,114243314969184,114243315437695
5756,57.560000000,triangle_f1,-0.048160000,2079,114243324966795,114243325433605
5757,57.570000000,triangle_f1,-0.048020000,2079,114243334969567,114243335440236
5758,57.580000000,triangle_f1,-0.047880000,2079,114243344966697,114243345442319
5759,57.590000000,triangle_f1,-0.047740000,2079,114243354969946,114243355441053
5760,57.600000000,triangle_f1,-0.047600000,2079,114243364967439,114243365431326
5761,57.610000000,triangle_f1,-0.047460000,2079,114243374967098,114243375436214
5762,57.620000000,triangle_f1,-0.047320000,2079,114243384969672,114243385438235
5763,57.630000000,triangle_f1,-0.047180000,2079,114243394970496,114243395438009
5764,57.640000000,triangle_f1,-0.047040000,2079,114243404968725,114243405436204
5765,57.650000000,triangle_f1,-0.046900000,2079,114243414967745,114243415501619
5766,57.660000000,triangle_f1,-0.046760000,2078,114243424967042,114243425497927
5767,57.670000000,triangle_f1,-0.046620000,2078,114243434970037,114243435502970
5768,57.680000000,triangle_f1,-0.046480000,2078,114243444967678,114243445501347
5769,57.690000000,triangle_f1,-0.046340000,2078,114243454970050,114243455514495
5770,57.700000000,triangle_f1,-0.046200000,2078,114243464966209,114243465499993
5771,57.710000000,triangle_f1,-0.046060000,2078,114243474967242,114243475497706
5772,57.720000000,triangle_f1,-0.045920000,2078,114243484966751,114243485496553
5773,57.730000000,triangle_f1,-0.045780000,2078,114243494965995,114243495498769
5774,57.740000000,triangle_f1,-0.045640000,2078,114243504965248,114243505510839
5775,57.750000000,triangle_f1,-0.045500000,2078,114243514968581,114243515499792
5776,57.760000000,triangle_f1,-0.045360000,2078,114243524982805,114243525506495
5777,57.770000000,triangle_f1,-0.045220000,2077,114243534968152,114243535505683
5778,57.780000000,triangle_f1,-0.045080000,2077,114243544966254,114243545495977
5779,57.790000000,triangle_f1,-0.044940000,2077,114243554973282,114243555507940
5780,57.800000000,triangle_f1,-0.044800000,2077,114243564966833,114243565503417
5781,57.810000000,triangle_f1,-0.044660000,2077,114243574966850,114243575506151
5782,57.820000000,triangle_f1,-0.044520000,2077,114243584966312,114243585496749
5783,57.830000000,triangle_f1,-0.044380000,2077,114243594965980,114243595494120
5784,57.840000000,triangle_f1,-0.044240000,2077,114243604966234,114243605498357
5785,57.850000000,triangle_f1,-0.044100000,2077,114243614968337,114243615499589
5786,57.860000000,triangle_f1,-0.043960000,2077,114243624967666,114243625496854
5787,57.870000000,triangle_f1,-0.043820000,2077,114243634966943,114243635500121
5788,57.880000000,triangle_f1,-0.043680000,2076,114243644965350,114243645495742
5789,57.890000000,triangle_f1,-0.043540000,2076,114243654989365,114243656608981
5790,57.900000000,triangle_f1,-0.043400000,2076,114243664978447,114243665506624
5791,57.910000000,triangle_f1,-0.043260000,2076,114243674972547,114243675487401
5792,57.920000000,triangle_f1,-0.043120000,2076,114243684970674,114243685482067
5793,57.930000000,triangle_f1,-0.042980000,2076,114243694967214,114243695475417
5794,57.940000000,triangle_f1,-0.042840000,2076,114243704968061,114243705515400
5795,57.950000000,triangle_f1,-0.042700000,2076,114243714968657,114243715427464
5796,57.960000000,triangle_f1,-0.042560000,2076,114243724966279,114243725421203
5797,57.970000000,triangle_f1,-0.042420000,2076,114243734969424,114243735423773
5798,57.980000000,triangle_f1,-0.042280000,2076,114243744967955,114243745415578
5799,57.990000000,triangle_f1,-0.042140000,2075,114243754969069,114243755420421
5800,58.000000000,triangle_f1,-0.042000000,2075,114243764970117,114243765418802
5801,58.010000000,triangle_f1,-0.041860000,2075,114243774969988,114243775416434
5802,58.020000000,triangle_f1,-0.041720000,2075,114243784969964,114243785418896
5803,58.030000000,triangle_f1,-0.041580000,2075,114243794967255,114243795416966
5804,58.040000000,triangle_f1,-0.041440000,2075,114243804966207,114243805423029
5805,58.050000000,triangle_f1,-0.041300000,2075,114243814967270,114243815415446
5806,58.060000000,triangle_f1,-0.041160000,2075,114243824966225,114243825426813
5807,58.070000000,triangle_f1,-0.041020000,2075,114243834969687,114243835419059
5808,58.080000000,triangle_f1,-0.040880000,2075,114243844971204,114243845418343
5809,58.090000000,triangle_f1,-0.040740000,2075,114243854969322,114243855425561
5810,58.100000000,triangle_f1,-0.040600000,2074,114243864977864,114243866433102
5811,58.110000000,triangle_f1,-0.040460000,2074,114243874968147,114243875418595
5812,58.120000000,triangle_f1,-0.040320000,2074,114243884969588,114243885413616
5813,58.130000000,triangle_f1,-0.040180000,2074,114243894967125,114243895414638
5814,58.140000000,triangle_f1,-0.040040000,2074,114243904967686,114243905416127
5815,58.150000000,triangle_f1,-0.039900000,2074,114243914967629,114243915419189
5816,58.160000000,triangle_f1,-0.039760000,2074,114243924966423,114243925417787
5817,58.170000000,triangle_f1,-0.039620000,2074,114243934968694,114243935414885
5818,58.180000000,triangle_f1,-0.039480000,2074,114243944966929,114243945416012
5819,58.190000000,triangle_f1,-0.039340000,2074,114243954970197,114243955419200
5820,58.200000000,triangle_f1,-0.039200000,2074,114243964970074,114243965418446
5821,58.210000000,triangle_f1,-0.039060000,2073,114243974967196,114243975418961
5822,58.220000000,triangle_f1,-0.038920000,2073,114243984967645,114243985415269
5823,58.230000000,triangle_f1,-0.038780000,2073,114243994968596,114243995413999
5824,58.240000000,triangle_f1,-0.038640000,2073,114244004967808,114244005419668
5825,58.250000000,triangle_f1,-0.038500000,2073,114244014967543,114244015413579
5826,58.260000000,triangle_f1,-0.038360000,2073,114244024967147,114244025417444
5827,58.270000000,triangle_f1,-0.038220000,2073,114244034971543,114244035415165
5828,58.280000000,triangle_f1,-0.038080000,2073,114244044967325,114244045414527
5829,58.290000000,triangle_f1,-0.037940000,2073,114244054967600,114244055418895
5830,58.300000000,triangle_f1,-0.037800000,2073,114244064969800,114244065397530
5831,58.310000000,triangle_f1,-0.037660000,2073,114244074967110,114244075414084
5832,58.320000000,triangle_f1,-0.037520000,2072,114244084969852,114244085396812
5833,58.330000000,triangle_f1,-0.037380000,2072,114244094966295,114244095413260
5834,58.340000000,triangle_f1,-0.037240000,2072,114244104968314,114244105395638
5835,58.350000000,triangle_f1,-0.037100000,2072,114244114966983,114244115398314
5836,58.360000000,triangle_f1,-0.036960000,2072,114244124966961,114244125397365
5837,58.370000000,triangle_f1,-0.036820000,2072,114244134967655,114244135397915
5838,58.380000000,triangle_f1,-0.036680000,2072,114244144967047,114244145394481
5839,58.390000000,triangle_f1,-0.036540000,2072,114244154968263,114244155394995
5840,58.400000000,triangle_f1,-0.036400000,2072,114244164967105,114244165394179
5841,58.410000000,triangle_f1,-0.036260000,2072,114244174969557,114244175395076
5842,58.420000000,triangle_f1,-0.036120000,2072,114244184969936,114244185396199
5843,58.430000000,triangle_f1,-0.035980000,2071,114244194966974,114244195391613
5844,58.440000000,triangle_f1,-0.035840000,2071,114244204969357,114244205472146
5845,58.450000000,triangle_f1,-0.035700000,2071,114244214966966,114244215460703
5846,58.460000000,triangle_f1,-0.035560000,2071,114244224966922,114244225608751
5847,58.470000000,triangle_f1,-0.035420000,2071,114244234984747,114244236590490
5848,58.480000000,triangle_f1,-0.035280000,2071,114244245056150,114244246591284
5849,58.490000000,triangle_f1,-0.035140000,2071,114244255043735,114244256611930
5850,58.500000000,triangle_f1,-0.035000000,2071,114244265050997,114244266587294
5851,58.510000000,triangle_f1,-0.034860000,2071,114244275048282,114244276472677
5852,58.520000000,triangle_f1,-0.034720000,2071,114244284968956,114244285458712
5853,58.530000000,triangle_f1,-0.034580000,2071,114244294967234,114244295454542
5854,58.540000000,triangle_f1,-0.034440000,2070,114244304965307,114244305454659
5855,58.550000000,triangle_f1,-0.034300000,2070,114244314969946,114244315462693
5856,58.560000000,triangle_f1,-0.034160000,2070,114244324968172,114244325475522
5857,58.570000000,triangle_f1,-0.034020000,2070,114244334969441,114244335463904
5858,58.580000000,triangle_f1,-0.033880000,2070,114244344968041,114244345459656
5859,58.590000000,triangle_f1,-0.033740000,2070,114244354969140,114244355459402
5860,58.600000000,triangle_f1,-0.033600000,2070,114244364967299,114244365457331
5861,58.610000000,triangle_f1,-0.033460000,2070,114244374966729,114244375470155
5862,58.620000000,triangle_f1,-0.033320000,2070,114244384969968,114244385465113
5863,58.630000000,triangle_f1,-0.033180000,2070,114244394968406,114244395469377
5864,58.640000000,triangle_f1,-0.033040000,2070,114244404972273,114244405468848
5865,58.650000000,triangle_f1,-0.032900000,2069,114244414967445,114244415459650
5866,58.660000000,triangle_f1,-0.032760000,2069,114244424966332,114244425453160
5867,58.670000000,triangle_f1,-0.032620000,2069,114244434969221,114244435470577
5868,58.680000000,triangle_f1,-0.032480000,2069,114244444967726,114244445459668
5869,58.690000000,triangle_f1,-0.032340000,2069,114244454969489,114244455460002
5870,58.700000000,triangle_f1,-0.032200000,2069,114244464967833,114244465555409
5871,58.710000000,triangle_f1,-0.032060000,2069,114244474968325,114244475445946
5872,58.720000000,triangle_f1,-0.031920000,2069,114244484968426,114244485462398
5873,58.730000000,triangle_f1,-0.031780000,2069,114244494968483,114244495457233
5874,58.740000000,triangle_f1,-0.031640000,2069,114244504967007,114244505387207
5875,58.750000000,triangle_f1,-0.031500000,2069,114244514968330,114244515384824
5876,58.760000000,triangle_f1,-0.031360000,2068,114244524969199,114244525377072
5877,58.770000000,triangle_f1,-0.031220000,2068,114244534977598,114244535394741
5878,58.780000000,triangle_f1,-0.031080000,2068,114244544968232,114244545380028
5879,58.790000000,triangle_f1,-0.030940000,2068,114244554969894,114244555370579
5880,58.800000000,triangle_f1,-0.030800000,2068,114244564967319,114244565375040
5881,58.810000000,triangle_f1,-0.030660000,2068,114244574967879,114244575373709
5882,58.820000000,triangle_f1,-0.030520000,2068,114244584968188,114244585376045
5883,58.830000000,triangle_f1,-0.030380000,2068,114244594968468,114244595366387
5884,58.840000000,triangle_f1,-0.030240000,2068,114244604970648,114244605370775
5885,58.850000000,triangle_f1,-0.030100000,2068,114244614937155,114244615376165
5886,58.860000000,triangle_f1,-0.029960000,2068,114244624966593,114244625374824
5887,58.870000000,triangle_f1,-0.029820000,2067,114244634966793,114244635368315
5888,58.880000000,triangle_f1,-0.029680000,2067,114244644966087,114244645369038
5889,58.890000000,triangle_f1,-0.029540000,2067,114244654969324,114244655376556
5890,58.900000000,triangle_f1,-0.029400000,2067,114244664967008,114244665377384
5891,58.910000000,triangle_f1,-0.029260000,2067,114244674965859,114244675443457
5892,58.920000000,triangle_f1,-0.029120000,2067,114244684968787,114244685441403
5893,58.930000000,triangle_f1,-0.028980000,2067,114244694968509,114244695380493
5894,58.940000000,triangle_f1,-0.028840000,2067,114244704966816,114244705436069
5895,58.950000000,triangle_f1,-0.028700000,2067,114244714967268,114244715435283
5896,58.960000000,triangle_f1,-0.028560000,2067,114244724966277,114244725434882
5897,58.970000000,triangle_f1,-0.028420000,2067,114244734967249,114244735375043
5898,58.980000000,triangle_f1,-0.028280000,2066,114244744968300,114244745382571
5899,58.990000000,triangle_f1,-0.028140000,2066,114244754976698,114244755383408
5900,59.000000000,triangle_f1,-0.028000000,2066,114244764967480,114244765378450
5901,59.010000000,triangle_f1,-0.027860000,2066,114244774965826,114244775380481
5902,59.020000000,triangle_f1,-0.027720000,2066,114244784967805,114244785376706
5903,59.030000000,triangle_f1,-0.027580000,2066,114244794966251,114244795383420
5904,59.040000000,triangle_f1,-0.027440000,2066,114244804967061,114244805381330
5905,59.050000000,triangle_f1,-0.027300000,2066,114244814967198,114244815380305
5906,59.060000000,triangle_f1,-0.027160000,2066,114244824965656,114244825373801
5907,59.070000000,triangle_f1,-0.027020000,2066,114244834966623,114244835377976
5908,59.080000000,triangle_f1,-0.026880000,2066,114244844965842,114244845379335
5909,59.090000000,triangle_f1,-0.026740000,2065,114244854968845,114244855383720
5910,59.100000000,triangle_f1,-0.026600000,2065,114244864966573,114244865380933
5911,59.110000000,triangle_f1,-0.026460000,2065,114244874967727,114244875374543
5912,59.120000000,triangle_f1,-0.026320000,2065,114244884966516,114244885375707
5913,59.130000000,triangle_f1,-0.026180000,2065,114244894965542,114244895373983
5914,59.140000000,triangle_f1,-0.026040000,2065,114244904965768,114244905436730
5915,59.150000000,triangle_f1,-0.025900000,2065,114244914966706,114244915436506
5916,59.160000000,triangle_f1,-0.025760000,2065,114244924965964,114244925432495
5917,59.170000000,triangle_f1,-0.025620000,2065,114244934966344,114244935351338
5918,59.180000000,triangle_f1,-0.025480000,2065,114244944967661,114244945359098
5919,59.190000000,triangle_f1,-0.025340000,2065,114244954978859,114244956358013
5920,59.200000000,triangle_f1,-0.025200000,2064,114244964968709,114244965349613
5921,59.210000000,triangle_f1,-0.025060000,2064,114244974965714,114244975355051
5922,59.220000000,triangle_f1,-0.024920000,2064,114244984968586,114244985347453
5923,59.230000000,triangle_f1,-0.024780000,2064,114244994966600,114244995344105
5924,59.240000000,triangle_f1,-0.024640000,2064,114245004966964,114245005353433
5925,59.250000000,triangle_f1,-0.024500000,2064,114245014967440,114245015351719
5926,59.260000000,triangle_f1,-0.024360000,2064,114245024970177,114245025349946
5927,59.270000000,triangle_f1,-0.024220000,2064,114245034967218,114245035353025
5928,59.280000000,triangle_f1,-0.024080000,2064,114245044973574,114245045350200
5929,59.290000000,triangle_f1,-0.023940000,2064,114245054970797,114245055354283
5930,59.300000000,triangle_f1,-0.023800000,2064,114245064975625,114245065363701
5931,59.310000000,triangle_f1,-0.023660000,2063,114245074966063,114245075355369
5932,59.320000000,triangle_f1,-0.023520000,2063,114245084967994,114245085349907
5933,59.330000000,triangle_f1,-0.023380000,2063,114245094965545,114245095344196
5934,59.340000000,triangle_f1,-0.023240000,2063,114245104966026,114245105342361
5935,59.350000000,triangle_f1,-0.023100000,2063,114245114967234,114245115370669
5936,59.360000000,triangle_f1,-0.022960000,2063,114245124965857,114245125420971
5937,59.370000000,triangle_f1,-0.022820000,2063,114245134966267,114245135359166
5938,59.380000000,triangle_f1,-0.022680000,2063,114245144966111,114245145358111
5939,59.390000000,triangle_f1,-0.022540000,2063,114245154970276,114245155359666
5940,59.400000000,triangle_f1,-0.022400000,2063,114245164974333,114245165360747
5941,59.410000000,triangle_f1,-0.022260000,2063,114245174967408,114245175357859
5942,59.420000000,triangle_f1,-0.022120000,2062,114245184972208,114245185361358
5943,59.430000000,triangle_f1,-0.021980000,2062,114245194966877,114245195344731
5944,59.440000000,triangle_f1,-0.021840000,2062,114245204966215,114245205350750
5945,59.450000000,triangle_f1,-0.021700000,2062,114245214970080,114245215345181
5946,59.460000000,triangle_f1,-0.021560000,2062,114245224967595,114245225355064
5947,59.470000000,triangle_f1,-0.021420000,2062,114245234968915,114245235346983
5948,59.480000000,triangle_f1,-0.021280000,2062,114245244966690,114245245343645
5949,59.490000000,triangle_f1,-0.021140000,2062,114245254969908,114245255354021
5950,59.500000000,triangle_f1,-0.021000000,2062,114245264967934,114245265342522
5951,59.510000000,triangle_f1,-0.020860000,2062,114245274966796,114245275345287
5952,59.520000000,triangle_f1,-0.020720000,2062,114245284968342,114245285346182
5953,59.530000000,triangle_f1,-0.020580000,2061,114245294967329,114245295346486
5954,59.540000000,triangle_f1,-0.020440000,2061,114245304966006,114245305351652
5955,59.550000000,triangle_f1,-0.020300000,2061,114245314973744,114245315355020
5956,59.560000000,triangle_f1,-0.020160000,2061,114245324966840,114245325351721
5957,59.570000000,triangle_f1,-0.020020000,2061,114245334966358,114245335328038
5958,59.580000000,triangle_f1,-0.019880000,2061,114245344976649,114245346351235
5959,59.590000000,triangle_f1,-0.019740000,2061,114245354969671,114245355333851
5960,59.600000000,triangle_f1,-0.019600000,2061,114245364970449,114245365329105
5961,59.610000000,triangle_f1,-0.019460000,2061,114245374969642,114245375332311
5962,59.620000000,triangle_f1,-0.019320000,2061,114245384976156,114245385339429
5963,59.630000000,triangle_f1,-0.019180000,2061,114245394967759,114245395331597
5964,59.640000000,triangle_f1,-0.019040000,2060,114245404967256,114245405330303
5965,59.650000000,triangle_f1,-0.018900000,2060,114245414967293,114245415323871
5966,59.660000000,triangle_f1,-0.018760000,2060,114245424965589,114245425329085
5967,59.670000000,triangle_f1,-0.018620000,2060,114245434971570,114245435346165
5968,59.680000000,triangle_f1,-0.018480000,2060,114245444966911,114245445337715
5969,59.690000000,triangle_f1,-0.018340000,2060,114245454968856,114245455335099
5970,59.700000000,triangle_f1,-0.018200000,2060,114245464967342,114245465335936
5971,59.710000000,triangle_f1,-0.018060000,2060,114245474967019,114245475332537
5972,59.720000000,triangle_f1,-0.017920000,2060,114245484966652,114245485335224
5973,59.730000000,triangle_f1,-0.017780000,2060,114245494965940,114245495333291
5974,59.740000000,triangle_f1,-0.017640000,2059,114245504967587,114245505396749
5975,59.750000000,triangle_f1,-0.017500000,2059,114245514965971,114245515348584
5976,59.760000000,triangle_f1,-0.017360000,2059,114245524965726,114245525398730
5977,59.770000000,triangle_f1,-0.017220000,2059,114245534967040,114245535394060
5978,59.780000000,triangle_f1,-0.017080000,2059,114245544967397,114245545396084
5979,59.790000000,triangle_f1,-0.016940000,2059,114245554968935,114245555327250
5980,59.800000000,triangle_f1,-0.016800000,2059,114245564966904,114245565398230
5981,59.810000000,triangle_f1,-0.016660000,2059,114245574968769,114245575400984
5982,59.820000000,triangle_f1,-0.016520000,2059,114245584975180,114245585342688
5983,59.830000000,triangle_f1,-0.016380000,2059,114245594966677,114245595393401
5984,59.840000000,triangle_f1,-0.016240000,2059,114245604967214,114245605402187
5985,59.850000000,triangle_f1,-0.016100000,2058,114245614967363,114245615346682
5986,59.860000000,triangle_f1,-0.015960000,2058,114245624966252,114245625398980
5987,59.870000000,triangle_f1,-0.015820000,2058,114245634966334,114245635400068
5988,59.880000000,triangle_f1,-0.015680000,2058,114245644967164,114245645396781
5989,59.890000000,triangle_f1,-0.015540000,2058,114245654968642,114245655342606
5990,59.900000000,triangle_f1,-0.015400000,2058,114245664967357,114245665334123
5991,59.910000000,triangle_f1,-0.015260000,2058,114245674966382,114245675335749
5992,59.920000000,triangle_f1,-0.015120000,2058,114245684967614,114245685332061
5993,59.930000000,triangle_f1,-0.014980000,2058,114245694969089,114245695321192
5994,59.940000000,triangle_f1,-0.014840000,2058,114245704968401,114245705334677
5995,59.950000000,triangle_f1,-0.014700000,2058,114245714968479,114245715324341
5996,59.960000000,triangle_f1,-0.014560000,2057,114245724965972,114245725324781
5997,59.970000000,triangle_f1,-0.014420000,2057,114245734966794,114245735323413
5998,59.980000000,triangle_f1,-0.014280000,2057,114245744967385,114245745308456
5999,59.990000000,triangle_f1,-0.014140000,2057,114245754969532,114245755337925
6000,60.000000000,triangle_f1,-0.014000000,2057,114245764967583,114245765312638
6001,60.010000000,triangle_f1,-0.013860000,2057,114245774967118,114245775332541
6002,60.020000000,triangle_f1,-0.013720000,2057,114245784966226,114245785265501
6003,60.030000000,triangle_f1,-0.013580000,2057,114245794967906,114245795311395
6004,60.040000000,triangle_f1,-0.013440000,2057,114245804977085,114245806317012
6005,60.050000000,triangle_f1,-0.013300000,2057,114245814969372,114245815306760
6006,60.060000000,triangle_f1,-0.013160000,2057,114245824966724,114245826342150
6007,60.070000000,triangle_f1,-0.013020000,2056,114245835049850,114245836316348
6008,60.080000000,triangle_f1,-0.012880000,2056,114245845050539,114245846331824
6009,60.090000000,triangle_f1,-0.012740000,2056,114245854988564,114245856323608
6010,60.100000000,triangle_f1,-0.012600000,2056,114245865047731,114245866320963
6011,60.110000000,triangle_f1,-0.012460000,2056,114245875048022,114245876327093
6012,60.120000000,triangle_f1,-0.012320000,2056,114245885052124,114245886327492
6013,60.130000000,triangle_f1,-0.012180000,2056,114245895047317,114245896342015
6014,60.140000000,triangle_f1,-0.012040000,2056,114245905045444,114245906346307
6015,60.150000000,triangle_f1,-0.011900000,2056,114245915046022,114245916328611
6016,60.160000000,triangle_f1,-0.011760000,2056,114245925054124,114245926326956
6017,60.170000000,triangle_f1,-0.011620000,2056,114245935054448,114245936327575
6018,60.180000000,triangle_f1,-0.011480000,2055,114245945053924,114245946325070
6019,60.190000000,triangle_f1,-0.011340000,2055,114245955047368,114245956327112
6020,60.200000000,triangle_f1,-0.011200000,2055,114245965059077,114245966321485
6021,60.210000000,triangle_f1,-0.011060000,2055,114245975045950,114245976329332
6022,60.220000000,triangle_f1,-0.010920000,2055,114245985061030,114245986343359
6023,60.230000000,triangle_f1,-0.010780000,2055,114245995048181,114245996326432
6024,60.240000000,triangle_f1,-0.010640000,2055,114246005046025,114246006507895
6025,60.250000000,triangle_f1,-0.010500000,2055,114246015049200,114246016397592
6026,60.260000000,triangle_f1,-0.010360000,2055,114246025045903,114246026390103
6027,60.270000000,triangle_f1,-0.010220000,2055,114246035047865,114246036393530
6028,60.280000000,triangle_f1,-0.010080000,2055,114246045052263,114246046390443
6029,60.290000000,triangle_f1,-0.009940000,2054,114246055043985,114246056400530
6030,60.300000000,triangle_f1,-0.009800000,2054,114246065048790,114246066402704
6031,60.310000000,triangle_f1,-0.009660000,2054,114246075047818,114246076516280
6032,60.320000000,triangle_f1,-0.009520000,2054,114246085048373,114246086503933
6033,60.330000000,triangle_f1,-0.009380000,2054,114246094991684,114246096387730
6034,60.340000000,triangle_f1,-0.009240000,2054,114246105055824,114246106391825
6035,60.350000000,triangle_f1,-0.009100000,2054,114246115055383,114246116387019
6036,60.360000000,triangle_f1,-0.008960000,2054,114246125049394,114246126393496
6037,60.370000000,triangle_f1,-0.008820000,2054,114246135043920,114246136390938
6038,60.380000000,triangle_f1,-0.008680000,2054,114246145048125,114246146373829
6039,60.390000000,triangle_f1,-0.008540000,2054,114246155044199,114246156372305
6040,60.400000000,triangle_f1,-0.008400000,2053,114246164979519,114246166495616
6041,60.410000000,triangle_f1,-0.008260000,2053,114246175049162,114246176364631
6042,60.420000000,triangle_f1,-0.008120000,2053,114246184990222,114246186492769
6043,60.430000000,triangle_f1,-0.007980000,2053,114246194991680,114246196375397
6044,60.440000000,triangle_f1,-0.007840000,2053,114246205051204,114246206448180
6045,60.450000000,triangle_f1,-0.007700000,2053,114246215053745,114246216319935
6046,60.460000000,triangle_f1,-0.007560000,2053,114246225041476,114246226309429
6047,60.470000000,triangle_f1,-0.007420000,2053,114246234984447,114246236345690
6048,60.480000000,triangle_f1,-0.007280000,2053,114246244970409,114246246300008
6049,60.490000000,triangle_f1,-0.007140000,2053,114246254978220,114246256310013
6050,60.500000000,triangle_f1,-0.007000000,2053,114246265045858,114246266304362
6051,60.510000000,triangle_f1,-0.006860000,2052,114246275043542,114246276302409
6052,60.520000000,triangle_f1,-0.006720000,2052,114246285050899,114246286301237
6053,60.530000000,triangle_f1,-0.006580000,2052,114246295050456,114246296301268
6054,60.540000000,triangle_f1,-0.006440000,2052,114246304986377,114246306310397
6055,60.550000000,triangle_f1,-0.006300000,2052,114246314978509,114246316310262
6056,60.560000000,triangle_f1,-0.006160000,2052,114246325046761,114246326306784
6057,60.570000000,triangle_f1,-0.006020000,2052,114246335051500,114246336302659
6058,60.580000000,triangle_f1,-0.005880000,2052,114246345052584,114246346306784
6059,60.590000000,triangle_f1,-0.005740000,2052,114246354970292,114246356305273
6060,60.600000000,triangle_f1,-0.005600000,2052,114246365044121,114246366304192
6061,60.610000000,triangle_f1,-0.005460000,2052,114246374993164,114246376319526
6062,60.620000000,triangle_f1,-0.005320000,2051,114246385047068,114246386303445
6063,60.630000000,triangle_f1,-0.005180000,2051,114246395048294,114246396402181
6064,60.640000000,triangle_f1,-0.005040000,2051,114246405047304,114246406496047
6065,60.650000000,triangle_f1,-0.004900000,2051,114246414979065,114246416345774
6066,60.660000000,triangle_f1,-0.004760000,2051,114246425046757,114246426380515
6067,60.670000000,triangle_f1,-0.004620000,2051,114246435049057,114246436366781
6068,60.680000000,triangle_f1,-0.004480000,2051,114246445058997,114246446368728
6069,60.690000000,triangle_f1,-0.004340000,2051,114246455051067,114246456312442
6070,60.700000000,triangle_f1,-0.004200000,2051,114246465047304,114246466305841
6071,60.710000000,triangle_f1,-0.004060000,2051,114246475044653,114246476307294
6072,60.720000000,triangle_f1,-0.003920000,2051,114246484983658,114246486314993
6073,60.730000000,triangle_f1,-0.003780000,2050,114246495044685,114246496396947
6074,60.740000000,triangle_f1,-0.003640000,2050,114246505042226,114246506481060
6075,60.750000000,triangle_f1,-0.003500000,2050,114246514978786,114246516318372
6076,60.760000000,triangle_f1,-0.003360000,2050,114246525045411,114246526369009
6077,60.770000000,triangle_f1,-0.003220000,2050,114246535043137,114246536370997
6078,60.780000000,triangle_f1,-0.003080000,2050,114246545052421,114246546289439
6079,60.790000000,triangle_f1,-0.002940000,2050,114246555043762,114246556286796
6080,60.800000000,triangle_f1,-0.002800000,2050,114246565059776,114246566306683
6081,60.810000000,triangle_f1,-0.002660000,2050,114246575049288,114246576282460
6082,60.820000000,triangle_f1,-0.002520000,2050,114246585048903,114246586282974
6083,60.830000000,triangle_f1,-0.002380000,2050,114246595053210,114246596282689
6084,60.840000000,triangle_f1,-0.002240000,2049,114246605047517,114246606456392
6085,60.850000000,triangle_f1,-0.002100000,2049,114246614979694,114246616297108
6086,60.860000000,triangle_f1,-0.001960000,2049,114246625049108,114246626351158
6087,60.870000000,triangle_f1,-0.001820000,2049,114246635043695,114246636349517
6088,60.880000000,triangle_f1,-0.001680000,2049,114246644979744,114246646293345
6089,60.890000000,triangle_f1,-0.001540000,2049,114246654990480,114246656282992
6090,60.900000000,triangle_f1,-0.001400000,2049,114246665018224,114246666272264
6091,60.910000000,triangle_f1,-0.001260000,2049,114246675056587,114246676305057
6092,60.920000000,triangle_f1,-0.001120000,2049,114246685035185,114246686231853
6093,60.930000000,triangle_f1,-0.000980000,2049,114246695047202,114246696246941
6094,60.940000000,triangle_f1,-0.000840000,2049,114246704975897,114246706274818
6095,60.950000000,triangle_f1,-0.000700000,2048,114246714978970,114246716279993
6096,60.960000000,triangle_f1,-0.000560000,2048,114246724975551,114246726289699
6097,60.970000000,triangle_f1,-0.000420000,2048,114246734969074,114246736271014
6098,60.980000000,triangle_f1,-0.000280000,2048,114246744966710,114246746269868
6099,60.990000000,triangle_f1,-0.000140000,2048,114246754965864,114246756263488
6100,61.000000000,triangle_f1,-0.000000000,2048,114246764966743,114246766266795
6101,61.010000000,center_after_f1,0.000000000,2048,114246774965909,114246776266756
6102,61.020000000,center_after_f1,0.000000000,2048,114246784966183,114246786267913
6103,61.030000000,center_after_f1,0.000000000,2048,114246794965903,114246796267277
6104,61.040000000,center_after_f1,0.000000000,2048,114246804966061,114246806266235
6105,61.050000000,center_after_f1,0.000000000,2048,114246814967749,114246816272076
6106,61.060000000,center_after_f1,0.000000000,2048,114246824965668,114246826285818
6107,61.070000000,center_after_f1,0.000000000,2048,114246834966404,114246836265402
6108,61.080000000,center_after_f1,0.000000000,2048,114246844968022,114246846443865
6109,61.090000000,center_after_f1,0.000000000,2048,114246854977127,114246856283665
6110,61.100000000,center_after_f1,0.000000000,2048,114246865052957,114246866284130
6111,61.110000000,center_after_f1,0.000000000,2048,114246874978579,114246876294972
6112,61.120000000,center_after_f1,0.000000000,2048,114246884979236,114246886287445
6113,61.130000000,center_after_f1,0.000000000,2048,114246895056980,114246896284910
6114,61.140000000,center_after_f1,0.000000000,2048,114246905045532,114246906280691
6115,61.150000000,center_after_f1,0.000000000,2048,114246915046319,114246916283735
6116,61.160000000,center_after_f1,0.000000000,2048,114246925046166,114246926281654
6117,61.170000000,center_after_f1,0.000000000,2048,114246935048409,114246936283602
6118,61.180000000,center_after_f1,0.000000000,2048,114246945041921,114246946332284
6119,61.190000000,center_after_f1,0.000000000,2048,114246954977811,114246956350870
6120,61.200000000,center_after_f1,0.000000000,2048,114246965047468,114246966300430
6121,61.210000000,center_after_f1,0.000000000,2048,114246975060316,114246976298911
6122,61.220000000,center_after_f1,0.000000000,2048,114246985047107,114246986278498
6123,61.230000000,center_after_f1,0.000000000,2048,114246995052896,114246996261867
6124,61.240000000,center_after_f1,0.000000000,2048,114247005045407,114247006261060
6125,61.250000000,center_after_f1,0.000000000,2048,114247014979154,114247016264320
6126,61.260000000,center_after_f1,0.000000000,2048,114247025046060,114247026270751
6127,61.270000000,center_after_f1,0.000000000,2048,114247035050075,114247036264352
6128,61.280000000,center_after_f1,0.000000000,2048,114247045054055,114247046261011
6129,61.290000000,center_after_f1,0.000000000,2048,114247055048055,114247056258343
6130,61.300000000,center_after_f1,0.000000000,2048,114247065046847,114247066263685
6131,61.310000000,center_after_f1,0.000000000,2048,114247075042162,114247076264020
6132,61.320000000,center_after_f1,0.000000000,2048,114247084986662,114247086271038
6133,61.330000000,center_after_f1,0.000000000,2048,114247095049730,114247096260490
6134,61.340000000,center_after_f1,0.000000000,2048,114247105046974,114247106260573
6135,61.350000000,center_after_f1,0.000000000,2048,114247114978403,114247116260519
6136,61.360000000,center_after_f1,0.000000000,2048,114247125042210,114247126260348
6137,61.370000000,center_after_f1,0.000000000,2048,114247135051658,114247136259106
6138,61.380000000,center_after_f1,0.000000000,2048,114247145050104,114247146266518
6139,61.390000000,center_after_f1,0.000000000,2048,114247154988760,114247156261051
6140,61.400000000,center_after_f1,0.000000000,2048,114247165050820,114247166388252
6141,61.410000000,center_after_f1,0.000000000,2048,114247174978322,114247176266336
6142,61.420000000,center_after_f1,0.000000000,2048,114247185054262,114247186262911
6143,61.430000000,center_after_f1,0.000000000,2048,114247195046084,114247196263125
6144,61.440000000,center_after_f1,0.000000000,2048,114247205050895,114247206287687
6145,61.450000000,center_after_f1,0.000000000,2048,114247215049091,114247216259931
6146,61.460000000,center_after_f1,0.000000000,2048,114247225051023,114247226250200
6147,61.470000000,center_after_f1,0.000000000,2048,114247235047249,114247236265940
6148,61.480000000,center_after_f1,0.000000000,2048,114247245052633,114247246263284
6149,61.490000000,center_after_f1,0.000000000,2048,114247254944785,114247256269373
6150,61.500000000,center_after_f1,0.000000000,2048,114247265049942,114247266280530
6151,61.510000000,center_after_f1,0.000000000,2048,114247274995211,114247276265016
6152,61.520000000,center_after_f1,0.000000000,2048,114247285060732,114247286276485
6153,61.530000000,center_after_f1,0.000000000,2048,114247295046921,114247296258100
6154,61.540000000,center_after_f1,0.000000000,2048,114247305070582,114247306333059
6155,61.550000000,center_after_f1,0.000000000,2048,114247314978424,114247316262450
6156,61.560000000,center_after_f1,0.000000000,2048,114247324968645,114247326252118
6157,61.570000000,center_after_f1,0.000000000,2048,114247334966604,114247336258901
6158,61.580000000,center_after_f1,0.000000000,2048,114247344967650,114247346244939
6159,61.590000000,center_after_f1,0.000000000,2048,114247354967027,114247356251606
6160,61.600000000,center_after_f1,0.000000000,2048,114247364966929,114247366244371
6161,61.610000000,center_after_f1,0.000000000,2048,114247374970525,114247376231324
6162,61.620000000,center_after_f1,0.000000000,2048,114247384966578,114247386253585
6163,61.630000000,center_after_f1,0.000000000,2048,114247394973044,114247396253033
6164,61.640000000,center_after_f1,0.000000000,2048,114247404967290,114247406246840
6165,61.650000000,center_after_f1,0.000000000,2048,114247414966449,114247416225224
6166,61.660000000,center_after_f1,0.000000000,2048,114247424966133,114247426224860
6167,61.670000000,center_after_f1,0.000000000,2048,114247434966159,114247436234908
6168,61.680000000,center_after_f1,0.000000000,2048,114247444969665,114247446228628
6169,61.690000000,center_after_f1,0.000000000,2048,114247454968517,114247456232567
6170,61.700000000,center_after_f1,0.000000000,2048,114247464973446,114247466241498
6171,61.710000000,center_after_f1,0.000000000,2048,114247475044912,114247476239194
6172,61.720000000,center_after_f1,0.000000000,2048,114247485045568,114247486241285
6173,61.730000000,center_after_f1,0.000000000,2048,114247495053747,114247496261278
6174,61.740000000,center_after_f1,0.000000000,2048,114247505045887,114247506240738
6175,61.750000000,center_after_f1,0.000000000,2048,114247515050298,114247516257534
6176,61.760000000,center_after_f1,0.000000000,2048,114247525053584,114247526240379
6177,61.770000000,center_after_f1,0.000000000,2048,114247535046525,114247536240653
6178,61.780000000,center_after_f1,0.000000000,2048,114247545043529,114247546258696
6179,61.790000000,center_after_f1,0.000000000,2048,114247554978810,114247556238725
6180,61.800000000,center_after_f1,0.000000000,2048,114247565051284,114247566257082
6181,61.810000000,center_after_f1,0.000000000,2048,114247575044313,114247576242026
6182,61.820000000,center_after_f1,0.000000000,2048,114247585041116,114247586244310
6183,61.830000000,center_after_f1,0.000000000,2048,114247595042248,114247596239783
6184,61.840000000,center_after_f1,0.000000000,2048,114247605045298,114247606243550
6185,61.850000000,center_after_f1,0.000000000,2048,114247615041295,114247616240779
6186,61.860000000,center_after_f1,0.000000000,2048,114247625050385,114247626250792
6187,61.870000000,center_after_f1,0.000000000,2048,114247635048745,114247636245496
6188,61.880000000,center_after_f1,0.000000000,2048,114247645048479,114247646256549
6189,61.890000000,center_after_f1,0.000000000,2048,114247654958029,114247656237317
6190,61.900000000,center_after_f1,0.000000000,2048,114247665044130,114247666253393
6191,61.910000000,center_after_f1,0.000000000,2048,114247674983810,114247676236200
6192,61.920000000,center_after_f1,0.000000000,2048,114247685045346,114247686236779
6193,61.930000000,center_after_f1,0.000000000,2048,114247695056876,114247696240398
6194,61.940000000,center_after_f1,0.000000000,2048,114247705049233,114247706244976
6195,61.950000000,center_after_f1,0.000000000,2048,114247715047482,114247716247433
6196,61.960000000,center_after_f1,0.000000000,2048,114247725045331,114247726239742
6197,61.970000000,center_after_f1,0.000000000,2048,114247735046739,114247736245976
6198,61.980000000,center_after_f1,0.000000000,2048,114247745045112,114247746261928
6199,61.990000000,center_after_f1,0.000000000,2048,114247755052351,114247756255138
6200,62.000000000,center_after_f1,0.000000000,2048,114247765047940,114247766255491
6201,62.010000000,triangle_f2,0.000000000,2048,114247775051991,114247776229078
6202,62.020000000,triangle_f2,0.000280000,2048,114247785044895,114247786237753
6203,62.030000000,triangle_f2,0.000560000,2048,114247795060101,114247796240349
6204,62.040000000,triangle_f2,0.000840000,2047,114247804989922,114247806311324
6205,62.050000000,triangle_f2,0.001120000,2047,114247814989538,114247816244810
6206,62.060000000,triangle_f2,0.001400000,2047,114247825048786,114247826244700
6207,62.070000000,triangle_f2,0.001680000,2047,114247835050987,114247836219564
6208,62.080000000,triangle_f2,0.001960000,2047,114247845044989,114247846221219
6209,62.090000000,triangle_f2,0.002240000,2047,114247854990783,114247856220381
6210,62.100000000,triangle_f2,0.002520000,2046,114247865045041,114247866232765
6211,62.110000000,triangle_f2,0.002800000,2046,114247875046833,114247876215137
6212,62.120000000,triangle_f2,0.003080000,2046,114247885045995,114247886222520
6213,62.130000000,triangle_f2,0.003360000,2046,114247895044811,114247896218340
6214,62.140000000,triangle_f2,0.003640000,2046,114247905047083,114247906223601
6215,62.150000000,triangle_f2,0.003920000,2045,114247915051708,114247916220358
6216,62.160000000,triangle_f2,0.004200000,2045,114247925050015,114247926216009
6217,62.170000000,triangle_f2,0.004480000,2045,114247935051772,114247936218830
6218,62.180000000,triangle_f2,0.004760000,2045,114247945048040,114247946222814
6219,62.190000000,triangle_f2,0.005040000,2045,114247954978687,114247956205983
6220,62.200000000,triangle_f2,0.005320000,2045,114247965045218,114247966222567
6221,62.210000000,triangle_f2,0.005600000,2044,114247975056251,114247976220226
6222,62.220000000,triangle_f2,0.005880000,2044,114247985049888,114247986207340
6223,62.230000000,triangle_f2,0.006160000,2044,114247995058473,114247996216400
6224,62.240000000,triangle_f2,0.006440000,2044,114248005045970,114248006219573
6225,62.250000000,triangle_f2,0.006720000,2044,114248015054020,114248016221946
6226,62.260000000,triangle_f2,0.007000000,2043,114248025050885,114248026220613
6227,62.270000000,triangle_f2,0.007280000,2043,114248035051953,114248036218084
6228,62.280000000,triangle_f2,0.007560000,2043,114248045052098,114248046226458
6229,62.290000000,triangle_f2,0.007840000,2043,114248055056919,114248056215097
6230,62.300000000,triangle_f2,0.008120000,2043,114248065049892,114248066214524
6231,62.310000000,triangle_f2,0.008400000,2043,114248075046074,114248076220553
6232,62.320000000,triangle_f2,0.008680000,2042,114248085049414,114248086227281
6233,62.330000000,triangle_f2,0.008960000,2042,114248095053764,114248096218242
6234,62.340000000,triangle_f2,0.009240000,2042,114248105051399,114248106222161
6235,62.350000000,triangle_f2,0.009520000,2042,114248115045970,114248116217239
6236,62.360000000,triangle_f2,0.009800000,2042,114248125049290,114248126223287
6237,62.370000000,triangle_f2,0.010080000,2041,114248135056796,114248136219758
6238,62.380000000,triangle_f2,0.010360000,2041,114248145059936,114248146220196
6239,62.390000000,triangle_f2,0.010640000,2041,114248155058746,114248156227994
6240,62.400000000,triangle_f2,0.010920000,2041,114248165060416,114248166221907
6241,62.410000000,triangle_f2,0.011200000,2041,114248175052094,114248176220950
6242,62.420000000,triangle_f2,0.011480000,2041,114248185055475,114248186221373
6243,62.430000000,triangle_f2,0.011760000,2040,114248195048417,114248196222123
6244,62.440000000,triangle_f2,0.012040000,2040,114248205060683,114248206222880
6245,62.450000000,triangle_f2,0.012320000,2040,114248214977167,114248216217379
6246,62.460000000,triangle_f2,0.012600000,2040,114248224984150,114248226222133
6247,62.470000000,triangle_f2,0.012880000,2040,114248235051282,114248236200261
6248,62.480000000,triangle_f2,0.013160000,2039,114248245046555,114248246220481
6249,62.490000000,triangle_f2,0.013440000,2039,114248254979571,114248256201239
6250,62.500000000,triangle_f2,0.013720000,2039,114248264970735,114248266181731
6251,62.510000000,triangle_f2,0.014000000,2039,114248274966483,114248276191573
6252,62.520000000,triangle_f2,0.014280000,2039,114248284968581,114248286187505
6253,62.530000000,triangle_f2,0.014560000,2039,114248294969105,114248296188503
6254,62.540000000,triangle_f2,0.014840000,2038,114248304965464,114248306182005
6255,62.550000000,triangle_f2,0.015120000,2038,114248314965891,114248316187466
6256,62.560000000,triangle_f2,0.015400000,2038,114248324967925,114248326165103
6257,62.570000000,triangle_f2,0.015680000,2038,114248334969398,114248336175274
6258,62.580000000,triangle_f2,0.015960000,2038,114248344965422,114248346188120
6259,62.590000000,triangle_f2,0.016240000,2037,114248354974473,114248356188145
6260,62.600000000,triangle_f2,0.016520000,2037,114248364967521,114248366184185
6261,62.610000000,triangle_f2,0.016800000,2037,114248374969279,114248376182342
6262,62.620000000,triangle_f2,0.017080000,2037,114248384966919,114248386179224
6263,62.630000000,triangle_f2,0.017360000,2037,114248395053146,114248396200217
6264,62.640000000,triangle_f2,0.017640000,2037,114248405048234,114248406195135
6265,62.650000000,triangle_f2,0.017920000,2036,114248415049276,114248416198644
6266,62.660000000,triangle_f2,0.018200000,2036,114248425045747,114248426188405
6267,62.670000000,triangle_f2,0.018480000,2036,114248435050242,114248436198961
6268,62.680000000,triangle_f2,0.018760000,2036,114248445051971,114248446185067
6269,62.690000000,triangle_f2,0.019040000,2036,114248454977552,114248456198992
6270,62.700000000,triangle_f2,0.019320000,2035,114248465025545,114248466203084
6271,62.710000000,triangle_f2,0.019600000,2035,114248475048154,114248476193364
6272,62.720000000,triangle_f2,0.019880000,2035,114248485049882,114248486195721
6273,62.730000000,triangle_f2,0.020160000,2035,114248495055291,114248496210359
6274,62.740000000,triangle_f2,0.020440000,2035,114248505050005,114248506199101
6275,62.750000000,triangle_f2,0.020720000,2034,114248515050620,114248516206749
6276,62.760000000,triangle_f2,0.021000000,2034,114248525048067,114248526207950
6277,62.770000000,triangle_f2,0.021280000,2034,114248535034287,114248536200629
6278,62.780000000,triangle_f2,0.021560000,2034,114248545046969,114248546222716
6279,62.790000000,triangle_f2,0.021840000,2034,114248555052765,114248556197999
6280,62.800000000,triangle_f2,0.022120000,2034,114248565048833,114248566189550
6281,62.810000000,triangle_f2,0.022400000,2033,114248575050457,114248576192473
6282,62.820000000,triangle_f2,0.022680000,2033,114248585049306,114248586199210
6283,62.830000000,triangle_f2,0.022960000,2033,114248595050317,114248596193237
6284,62.840000000,triangle_f2,0.023240000,2033,114248605052882,114248606243650
6285,62.850000000,triangle_f2,0.023520000,2033,114248615048936,114248616202341
6286,62.860000000,triangle_f2,0.023800000,2032,114248625057976,114248626197843
6287,62.870000000,triangle_f2,0.024080000,2032,114248635048578,114248636197566
6288,62.880000000,triangle_f2,0.024360000,2032,114248645022154,114248646215482
6289,62.890000000,triangle_f2,0.024640000,2032,114248655066526,114248656197694
6290,62.900000000,triangle_f2,0.024920000,2032,114248665049784,114248666167183
6291,62.910000000,triangle_f2,0.025200000,2032,114248675050858,114248676173690
6292,62.920000000,triangle_f2,0.025480000,2031,114248685062289,114248686177512
6293,62.930000000,triangle_f2,0.025760000,2031,114248695047570,114248696164460
6294,62.940000000,triangle_f2,0.026040000,2031,114248705049439,114248706177523
6295,62.950000000,triangle_f2,0.026320000,2031,114248715064989,114248716182237
6296,62.960000000,triangle_f2,0.026600000,2031,114248725047855,114248726183120
6297,62.970000000,triangle_f2,0.026880000,2030,114248735046306,114248736177157
6298,62.980000000,triangle_f2,0.027160000,2030,114248745057155,114248746175589
6299,62.990000000,triangle_f2,0.027440000,2030,114248754978649,114248756178587
6300,63.000000000,triangle_f2,0.027720000,2030,114248765048311,114248766262191
6301,63.010000000,triangle_f2,0.028000000,2030,114248774969369,114248776163814
6302,63.020000000,triangle_f2,0.028280000,2030,114248785049390,114248786175689
6303,63.030000000,triangle_f2,0.028560000,2029,114248795047306,114248796175955
6304,63.040000000,triangle_f2,0.028840000,2029,114248805048901,114248806177345
6305,63.050000000,triangle_f2,0.029120000,2029,114248815061395,114248816175446
6306,63.060000000,triangle_f2,0.029400000,2029,114248825051186,114248826173970
6307,63.070000000,triangle_f2,0.029680000,2029,114248835050540,114248836299137
6308,63.080000000,triangle_f2,0.029960000,2028,114248845051456,114248846175347
6309,63.090000000,triangle_f2,0.030240000,2028,114248855052106,114248856175316
6310,63.100000000,triangle_f2,0.030520000,2028,114248865049464,114248866177012
6311,63.110000000,triangle_f2,0.030800000,2028,114248875051297,114248876180665
6312,63.120000000,triangle_f2,0.031080000,2028,114248885052659,114248886174964
6313,63.130000000,triangle_f2,0.031360000,2028,114248895052457,114248896166618
6314,63.140000000,triangle_f2,0.031640000,2027,114248905059415,114248906354782
6315,63.150000000,triangle_f2,0.031920000,2027,114248915050140,114248916178587
6316,63.160000000,triangle_f2,0.032200000,2027,114248925055081,114248926180844
6317,63.170000000,triangle_f2,0.032480000,2027,114248935048930,114248936173898
6318,63.180000000,triangle_f2,0.032760000,2027,114248945050478,114248946187065
6319,63.190000000,triangle_f2,0.033040000,2026,114248955045346,114248956180919
6320,63.200000000,triangle_f2,0.033320000,2026,114248964989809,114248966176466
6321,63.210000000,triangle_f2,0.033600000,2026,114248975045981,114248976175881
6322,63.220000000,triangle_f2,0.033880000,2026,114248985047047,114248986177341
6323,63.230000000,triangle_f2,0.034160000,2026,114248995045815,114248996176572
6324,63.240000000,triangle_f2,0.034440000,2026,114249005046560,114249006172808
6325,63.250000000,triangle_f2,0.034720000,2025,114249015051342,114249016179151
6326,63.260000000,triangle_f2,0.035000000,2025,114249025045645,114249026175999
6327,63.270000000,triangle_f2,0.035280000,2025,114249035051443,114249036179589
6328,63.280000000,triangle_f2,0.035560000,2025,114249045043381,114249046191122
6329,63.290000000,triangle_f2,0.035840000,2025,114249055043615,114249056374903
6330,63.300000000,triangle_f2,0.036120000,2024,114249065048857,114249066360168
6331,63.310000000,triangle_f2,0.036400000,2024,114249075049240,114249076180862
6332,63.320000000,triangle_f2,0.036680000,2024,114249085041885,114249086174284
6333,63.330000000,triangle_f2,0.036960000,2024,114249095044070,114249096176298
6334,63.340000000,triangle_f2,0.037240000,2024,114249105048987,114249106308005
6335,63.350000000,triangle_f2,0.037520000,2024,114249115045041,114249116203028
6336,63.360000000,triangle_f2,0.037800000,2023,114249125045862,114249126179351
6337,63.370000000,triangle_f2,0.038080000,2023,114249135045419,114249136171403
6338,63.380000000,triangle_f2,0.038360000,2023,114249145046836,114249146196750
6339,63.390000000,triangle_f2,0.038640000,2023,114249154989577,114249156171498
6340,63.400000000,triangle_f2,0.038920000,2023,114249165046338,114249166152736
6341,63.410000000,triangle_f2,0.039200000,2022,114249175050668,114249176158231
6342,63.420000000,triangle_f2,0.039480000,2022,114249185047516,114249186166491
6343,63.430000000,triangle_f2,0.039760000,2022,114249195045148,114249196154143
6344,63.440000000,triangle_f2,0.040040000,2022,114249205047725,114249206155210
6345,63.450000000,triangle_f2,0.040320000,2022,114249214981250,114249216155817
6346,63.460000000,triangle_f2,0.040600000,2022,114249225045015,114249226153757
6347,63.470000000,triangle_f2,0.040880000,2021,114249235051673,114249236156838
6348,63.480000000,triangle_f2,0.041160000,2021,114249245044849,114249246146364
6349,63.490000000,triangle_f2,0.041440000,2021,114249255053061,114249256152795
6350,63.500000000,triangle_f2,0.041720000,2021,114249265047072,114249266157085
6351,63.510000000,triangle_f2,0.042000000,2021,114249275050621,114249276145049
6352,63.520000000,triangle_f2,0.042280000,2020,114249285043804,114249286164328
6353,63.530000000,triangle_f2,0.042560000,2020,114249295045470,114249296167996
6354,63.540000000,triangle_f2,0.042840000,2020,114249305050978,114249306156199
6355,63.550000000,triangle_f2,0.043120000,2020,114249314982487,114249316201896
6356,63.560000000,triangle_f2,0.043400000,2020,114249325041316,114249326153689
6357,63.570000000,triangle_f2,0.043680000,2020,114249335041304,114249336155014
6358,63.580000000,triangle_f2,0.043960000,2019,114249345048193,114249346156082
6359,63.590000000,triangle_f2,0.044240000,2019,114249355061180,114249356173038
6360,63.600000000,triangle_f2,0.044520000,2019,114249365062843,114249366156121
6361,63.610000000,triangle_f2,0.044800000,2019,114249375047176,114249376154293
6362,63.620000000,triangle_f2,0.045080000,2019,114249385046509,114249386158569
6363,63.630000000,triangle_f2,0.045360000,2018,114249395041516,114249396204220
6364,63.640000000,triangle_f2,0.045640000,2018,114249405049474,114249406176460
6365,63.650000000,triangle_f2,0.045920000,2018,114249415051996,114249416157931
6366,63.660000000,triangle_f2,0.046200000,2018,114249425049412,114249426152735
6367,63.670000000,triangle_f2,0.046480000,2018,114249435050994,114249436158413
6368,63.680000000,triangle_f2,0.046760000,2018,114249445045873,114249446152371
6369,63.690000000,triangle_f2,0.047040000,2017,114249455050489,114249456155053
6370,63.700000000,triangle_f2,0.047320000,2017,114249465055515,114249466156645
6371,63.710000000,triangle_f2,0.047600000,2017,114249475044153,114249476158207
6372,63.720000000,triangle_f2,0.047880000,2017,114249485045710,114249486155398
6373,63.730000000,triangle_f2,0.048160000,2017,114249495047686,114249496160782
6374,63.740000000,triangle_f2,0.048440000,2016,114249505048485,114249506137103
6375,63.750000000,triangle_f2,0.048720000,2016,114249515047465,114249516200925
6376,63.760000000,triangle_f2,0.049000000,2016,114249525049804,114249526203218
6377,63.770000000,triangle_f2,0.049280000,2016,114249535044332,114249536309410
6378,63.780000000,triangle_f2,0.049560000,2016,114249545047141,114249546204842
6379,63.790000000,triangle_f2,0.049840000,2016,114249554988962,114249556175874
6380,63.800000000,triangle_f2,0.050120000,2015,114249565055406,114249566142325
6381,63.810000000,triangle_f2,0.050400000,2015,114249575052468,114249576139727
6382,63.820000000,triangle_f2,0.050680000,2015,114249585047426,114249586172797
6383,63.830000000,triangle_f2,0.050960000,2015,114249595044688,114249596179471
6384,63.840000000,triangle_f2,0.051240000,2015,114249605048273,114249606183117
6385,63.850000000,triangle_f2,0.051520000,2014,114249615043423,114249616152972
6386,63.860000000,triangle_f2,0.051800000,2014,114249625046112,114249626153350
6387,63.870000000,triangle_f2,0.052080000,2014,114249635051056,114249636177858
6388,63.880000000,triangle_f2,0.052360000,2014,114249645041471,114249646153062
6389,63.890000000,triangle_f2,0.052640000,2014,114249655051771,114249656177134
6390,63.900000000,triangle_f2,0.052920000,2014,114249664989668,114249666148169
6391,63.910000000,triangle_f2,0.053200000,2013,114249675040770,114249676153071
6392,63.920000000,triangle_f2,0.053480000,2013,114249685050234,114249686203639
6393,63.930000000,triangle_f2,0.053760000,2013,114249695053802,114249696224326
6394,63.940000000,triangle_f2,0.054040000,2013,114249705047821,114249706149544
6395,63.950000000,triangle_f2,0.054320000,2013,114249715045970,114249716181909
6396,63.960000000,triangle_f2,0.054600000,2012,114249725046243,114249726151076
6397,63.970000000,triangle_f2,0.054880000,2012,114249735045495,114249736153255
6398,63.980000000,triangle_f2,0.055160000,2012,114249745045078,114249746177018
6399,63.990000000,triangle_f2,0.055440000,2012,114249754981193,114249756176948
6400,64.000000000,triangle_f2,0.055720000,2012,114249765047091,114249766151592
6401,64.010000000,triangle_f2,0.056000000,2011,114249775046539,114249776151956
6402,64.020000000,triangle_f2,0.056280000,2011,114249785045260,114249786160683
6403,64.030000000,triangle_f2,0.056560000,2011,114249795046015,114249796158977
6404,64.040000000,triangle_f2,0.056840000,2011,114249805057265,114249806166560
6405,64.050000000,triangle_f2,0.057120000,2011,114249814998740,114249816164213
6406,64.060000000,triangle_f2,0.057400000,2011,114249825044107,114249826289731
6407,64.070000000,triangle_f2,0.057680000,2010,114249835040520,114249836154542
6408,64.080000000,triangle_f2,0.057960000,2010,114249845041117,114249846153854
6409,64.090000000,triangle_f2,0.058240000,2010,114249855043503,114249856174985
6410,64.100000000,triangle_f2,0.058520000,2010,114249865048582,114249866169926
6411,64.110000000,triangle_f2,0.058800000,2010,114249875045216,114249876210937
6412,64.120000000,triangle_f2,0.059080000,2009,114249885042924,114249886150424
6413,64.130000000,triangle_f2,0.059360000,2009,114249895046900,114249896168271
6414,64.140000000,triangle_f2,0.059640000,2009,114249905053176,114249906139081
6415,64.150000000,triangle_f2,0.059920000,2009,114249915053952,114249916159543
6416,64.160000000,triangle_f2,0.060200000,2009,114249925046536,114249926268760
6417,64.170000000,triangle_f2,0.060480000,2009,114249935044525,114249936278671
6418,64.180000000,triangle_f2,0.060760000,2008,114249945105245,114249946277655
6419,64.190000000,triangle_f2,0.061040000,2008,114249954976778,114249956269673
6420,64.200000000,triangle_f2,0.061320000,2008,114249965049957,114249966287380
6421,64.210000000,triangle_f2,0.061600000,2008,114249975046848,114249976268924
6422,64.220000000,triangle_f2,0.061880000,2008,114249985052213,114249986166003
6423,64.230000000,triangle_f2,0.062160000,2007,114249995053306,114249996137255
6424,64.240000000,triangle_f2,0.062440000,2007,114250005044628,114250006275345
6425,64.250000000,triangle_f2,0.062720000,2007,114250015047902,114250016146848
6426,64.260000000,triangle_f2,0.063000000,2007,114250025044004,114250026270520
6427,64.270000000,triangle_f2,0.063280000,2007,114250035042189,114250036275139
6428,64.280000000,triangle_f2,0.063560000,2007,114250045049784,114250046279230
6429,64.290000000,triangle_f2,0.063840000,2006,114250054982366,114250056267098
6430,64.300000000,triangle_f2,0.064120000,2006,114250065055453,114250066266223
6431,64.310000000,triangle_f2,0.064400000,2006,114250075047645,114250076170220
6432,64.320000000,triangle_f2,0.064680000,2006,114250085045142,114250086272418
6433,64.330000000,triangle_f2,0.064960000,2006,114250095049445,114250096167638
6434,64.340000000,triangle_f2,0.065240000,2005,114250105049269,114250106278704
6435,64.350000000,triangle_f2,0.065520000,2005,114250115043267,114250116272537
6436,64.360000000,triangle_f2,0.065800000,2005,114250125047544,114250126276808
6437,64.370000000,triangle_f2,0.066080000,2005,114250135050337,114250136145306
6438,64.380000000,triangle_f2,0.066360000,2005,114250145047065,114250146290175
6439,64.390000000,triangle_f2,0.066640000,2005,114250154980734,114250156281209
6440,64.400000000,triangle_f2,0.066920000,2004,114250165050097,114250166113834
6441,64.410000000,triangle_f2,0.067200000,2004,114250175058481,114250176102215
6442,64.420000000,triangle_f2,0.067480000,2004,114250185047160,114250186119433
6443,64.430000000,triangle_f2,0.067760000,2004,114250195056821,114250196115050
6444,64.440000000,triangle_f2,0.068040000,2004,114250205049049,114250206117413
6445,64.450000000,triangle_f2,0.068320000,2003,114250215048284,114250216118325
6446,64.460000000,triangle_f2,0.068600000,2003,114250225050623,114250226115100
6447,64.470000000,triangle_f2,0.068880000,2003,114250235063891,114250236112550
6448,64.480000000,triangle_f2,0.069160000,2003,114250245049195,114250246109983
6449,64.490000000,triangle_f2,0.069440000,2003,114250255052022,114250256111352
6450,64.500000000,triangle_f2,0.069720000,2003,114250265055470,114250266115722
6451,64.510000000,triangle_f2,0.070000000,2002,114250275045318,114250276114913
6452,64.520000000,triangle_f2,0.069720000,2003,114250285055590,114250286105902
6453,64.530000000,triangle_f2,0.069440000,2003,114250295051638,114250296105369
6454,64.540000000,triangle_f2,0.069160000,2003,114250305049373,114250306113696
6455,64.550000000,triangle_f2,0.068880000,2003,114250314990430,114250316112449
6456,64.560000000,triangle_f2,0.068600000,2003,114250324989914,114250326099277
6457,64.570000000,triangle_f2,0.068320000,2003,114250335051516,114250336095102
6458,64.580000000,triangle_f2,0.068040000,2004,114250345051946,114250346099789
6459,64.590000000,triangle_f2,0.067760000,2004,114250355053716,114250356096579
6460,64.600000000,triangle_f2,0.067480000,2004,114250365046316,114250366091664
6461,64.610000000,triangle_f2,0.067200000,2004,114250375043104,114250376084425
6462,64.620000000,triangle_f2,0.066920000,2004,114250385050357,114250386099807
6463,64.630000000,triangle_f2,0.066640000,2005,114250395055289,114250396102328
6464,64.640000000,triangle_f2,0.066360000,2005,114250405050687,114250406097009
6465,64.650000000,triangle_f2,0.066080000,2005,114250415046779,114250416093449
6466,64.660000000,triangle_f2,0.065800000,2005,114250425042513,114250426092087
6467,64.670000000,triangle_f2,0.065520000,2005,114250435041877,114250436112085
6468,64.680000000,triangle_f2,0.065240000,2005,114250445043845,114250446099245
6469,64.690000000,triangle_f2,0.064960000,2006,114250455047228,114250456252940
6470,64.700000000,triangle_f2,0.064680000,2006,114250465049235,114250466096916
6471,64.710000000,triangle_f2,0.064400000,2006,114250475047237,114250476085557
6472,64.720000000,triangle_f2,0.064120000,2006,114250485046963,114250486110241
6473,64.730000000,triangle_f2,0.063840000,2006,114250494990830,114250496133369
6474,64.740000000,triangle_f2,0.063560000,2007,114250505047321,114250506160454
6475,64.750000000,triangle_f2,0.063280000,2007,114250515045145,114250516163055
6476,64.760000000,triangle_f2,0.063000000,2007,114250525044111,114250526164940
6477,64.770000000,triangle_f2,0.062720000,2007,114250535049762,114250536160034
6478,64.780000000,triangle_f2,0.062440000,2007,114250545047119,114250546103078
6479,64.790000000,triangle_f2,0.062160000,2007,114250555046188,114250556142117
6480,64.800000000,triangle_f2,0.061880000,2008,114250565045034,114250566093099
6481,64.810000000,triangle_f2,0.061600000,2008,114250575043688,114250576094040
6482,64.820000000,triangle_f2,0.061320000,2008,114250585052083,114250586100088
6483,64.830000000,triangle_f2,0.061040000,2008,114250595050934,114250596108779
6484,64.840000000,triangle_f2,0.060760000,2008,114250605048434,114250606090504
6485,64.850000000,triangle_f2,0.060480000,2009,114250615046775,114250616093637
6486,64.860000000,triangle_f2,0.060200000,2009,114250625042161,114250626096233
6487,64.870000000,triangle_f2,0.059920000,2009,114250635044495,114250636095226
6488,64.880000000,triangle_f2,0.059640000,2009,114250645058002,114250646093079
6489,64.890000000,triangle_f2,0.059360000,2009,114250655053698,114250656101541
6490,64.900000000,triangle_f2,0.059080000,2009,114250665057734,114250666134983
6491,64.910000000,triangle_f2,0.058800000,2010,114250675047197,114250676085647
6492,64.920000000,triangle_f2,0.058520000,2010,114250685049653,114250686093069
6493,64.930000000,triangle_f2,0.058240000,2010,114250694991137,114250696095465
6494,64.940000000,triangle_f2,0.057960000,2010,114250705047932,114250706097372
6495,64.950000000,triangle_f2,0.057680000,2010,114250715043725,114250716091116
6496,64.960000000,triangle_f2,0.057400000,2011,114250725048967,114250726093095
6497,64.970000000,triangle_f2,0.057120000,2011,114250735045908,114250736092379
6498,64.980000000,triangle_f2,0.056840000,2011,114250745049854,114250746141602
6499,64.990000000,triangle_f2,0.056560000,2011,114250755047952,114250756257847
6500,65.000000000,triangle_f2,0.056280000,2011,114250765055468,114250766142040
6501,65.010000000,triangle_f2,0.056000000,2011,114250775044010,114250776257282
6502,65.020000000,triangle_f2,0.055720000,2012,114250785052548,114250786275139
6503,65.030000000,triangle_f2,0.055440000,2012,114250794978767,114250796170520
6504,65.040000000,triangle_f2,0.055160000,2012,114250804970207,114250806126499
6505,65.050000000,triangle_f2,0.054880000,2012,114250814966249,114250816178609
6506,65.060000000,triangle_f2,0.054600000,2012,114250825045624,114250826140465
6507,65.070000000,triangle_f2,0.054320000,2013,114250835048541,114250836140499
6508,65.080000000,triangle_f2,0.054040000,2013,114250845047326,114250846142259
6509,65.090000000,triangle_f2,0.053760000,2013,114250854981900,114250856248147
6510,65.100000000,triangle_f2,0.053480000,2013,114250865046764,114250866082093
6511,65.110000000,triangle_f2,0.053200000,2013,114250875046564,114250876129702
6512,65.120000000,triangle_f2,0.052920000,2014,114250885054338,114250886073433
6513,65.130000000,triangle_f2,0.052640000,2014,114250894990959,114250896085528
6514,65.140000000,triangle_f2,0.052360000,2014,114250905054151,114250906076249
6515,65.150000000,triangle_f2,0.052080000,2014,114250915048771,114250916093812
6516,65.160000000,triangle_f2,0.051800000,2014,114250925050090,114250926150881
6517,65.170000000,triangle_f2,0.051520000,2014,114250935047756,114250936153190
6518,65.180000000,triangle_f2,0.051240000,2015,114250945046623,114250946253467
6519,65.190000000,triangle_f2,0.050960000,2015,114250955049917,114250956131237
6520,65.200000000,triangle_f2,0.050680000,2015,114250965049396,114250966147235
6521,65.210000000,triangle_f2,0.050400000,2015,114250975045495,114250976254702
6522,65.220000000,triangle_f2,0.050120000,2015,114250985051837,114250986263068
6523,65.230000000,triangle_f2,0.049840000,2016,114250995050350,114250996138556
6524,65.240000000,triangle_f2,0.049560000,2016,114251005051748,114251006143234
6525,65.250000000,triangle_f2,0.049280000,2016,114251015044995,114251016140615
6526,65.260000000,triangle_f2,0.049000000,2016,114251025044456,114251026143667
6527,65.270000000,triangle_f2,0.048720000,2016,114251035048003,114251036254728
6528,65.280000000,triangle_f2,0.048440000,2016,114251045055380,114251046252811
6529,65.290000000,triangle_f2,0.048160000,2017,114251055049676,114251056253203
6530,65.300000000,triangle_f2,0.047880000,2017,114251065044983,114251066249630
6531,65.310000000,triangle_f2,0.047600000,2017,114251075045774,114251076254936
6532,65.320000000,triangle_f2,0.047320000,2017,114251085049410,114251086117078
6533,65.330000000,triangle_f2,0.047040000,2017,114251095047758,114251096090302
6534,65.340000000,triangle_f2,0.046760000,2018,114251105053295,114251106079109
6535,65.350000000,triangle_f2,0.046480000,2018,114251115050947,114251116076484
6536,65.360000000,triangle_f2,0.046200000,2018,114251125051082,114251126067867
6537,65.370000000,triangle_f2,0.045920000,2018,114251135048834,114251136079168
6538,65.380000000,triangle_f2,0.045640000,2018,114251145050987,114251146078681
6539,65.390000000,triangle_f2,0.045360000,2018,114251155064057,114251156081550
6540,65.400000000,triangle_f2,0.045080000,2019,114251165052169,114251166065310
6541,65.410000000,triangle_f2,0.044800000,2019,114251175057926,114251176064524
6542,65.420000000,triangle_f2,0.044520000,2019,114251185048692,114251186068052
6543,65.430000000,triangle_f2,0.044240000,2019,114251195048650,114251196064564
6544,65.440000000,triangle_f2,0.043960000,2019,114251205050776,114251206066885
6545,65.450000000,triangle_f2,0.043680000,2020,114251215047206,114251216068920
6546,65.460000000,triangle_f2,0.043400000,2020,114251225050411,114251226070352
6547,65.470000000,triangle_f2,0.043120000,2020,114251235046807,114251236068607
6548,65.480000000,triangle_f2,0.042840000,2020,114251245054841,114251246065617
6549,65.490000000,triangle_f2,0.042560000,2020,114251255045336,114251256060180
6550,65.500000000,triangle_f2,0.042280000,2020,114251265049421,114251266249322
6551,65.510000000,triangle_f2,0.042000000,2021,114251275044473,114251276230316
6552,65.520000000,triangle_f2,0.041720000,2021,114251285051752,114251286235098
6553,65.530000000,triangle_f2,0.041440000,2021,114251295053731,114251296207103
6554,65.540000000,triangle_f2,0.041160000,2021,114251305051405,114251306017197
6555,65.550000000,triangle_f2,0.040880000,2021,114251315055909,114251316045318
6556,65.560000000,triangle_f2,0.040600000,2022,114251324979767,114251326057155
6557,65.570000000,triangle_f2,0.040320000,2022,114251334969806,114251336049945
6558,65.580000000,triangle_f2,0.040040000,2022,114251344966146,114251346049120
6559,65.590000000,triangle_f2,0.039760000,2022,114251354966455,114251356036149
6560,65.600000000,triangle_f2,0.039480000,2022,114251365050703,114251366073884
6561,65.610000000,triangle_f2,0.039200000,2022,114251374971585,114251376057598
6562,65.620000000,triangle_f2,0.038920000,2023,114251385052822,114251386062327
6563,65.630000000,triangle_f2,0.038640000,2023,114251395052520,114251396078800
6564,65.640000000,triangle_f2,0.038360000,2023,114251405051305,114251406070014
6565,65.650000000,triangle_f2,0.038080000,2023,114251415049404,114251416069671
6566,65.660000000,triangle_f2,0.037800000,2023,114251425045535,114251426240788
6567,65.670000000,triangle_f2,0.037520000,2024,114251435047661,114251436244453
6568,65.680000000,triangle_f2,0.037240000,2024,114251445046217,114251446237697
6569,65.690000000,triangle_f2,0.036960000,2024,114251455048032,114251456239609
6570,65.700000000,triangle_f2,0.036680000,2024,114251465045006,114251466244957
6571,65.710000000,triangle_f2,0.036400000,2024,114251475040944,114251476227452
6572,65.720000000,triangle_f2,0.036120000,2024,114251485049186,114251486225337
6573,65.730000000,triangle_f2,0.035840000,2025,114251495050332,114251496227361
6574,65.740000000,triangle_f2,0.035560000,2025,114251505046280,114251506227818
6575,65.750000000,triangle_f2,0.035280000,2025,114251515051171,114251516234062
6576,65.760000000,triangle_f2,0.035000000,2025,114251525046953,114251526252337
6577,65.770000000,triangle_f2,0.034720000,2025,114251535054337,114251536234259
6578,65.780000000,triangle_f2,0.034440000,2026,114251545044939,114251546094949
6579,65.790000000,triangle_f2,0.034160000,2026,114251555042558,114251556062071
6580,65.800000000,triangle_f2,0.033880000,2026,114251565047045,114251566211936
6581,65.810000000,triangle_f2,0.033600000,2026,114251575044759,114251576225882
6582,65.820000000,triangle_f2,0.033320000,2026,114251584982242,114251586235898
6583,65.830000000,triangle_f2,0.033040000,2026,114251595047102,114251596231350
6584,65.840000000,triangle_f2,0.032760000,2027,114251605044571,114251606206863
6585,65.850000000,triangle_f2,0.032480000,2027,114251615046574,114251616209276
6586,65.860000000,triangle_f2,0.032200000,2027,114251625044906,114251626207354
6587,65.870000000,triangle_f2,0.031920000,2027,114251635046750,114251636240235
6588,65.880000000,triangle_f2,0.031640000,2027,114251645045540,114251646243858
6589,65.890000000,triangle_f2,0.031360000,2028,114251655046701,114251656238230
6590,65.900000000,triangle_f2,0.031080000,2028,114251665049348,114251666242938
6591,65.910000000,triangle_f2,0.030800000,2028,114251675048918,114251676232261
6592,65.920000000,triangle_f2,0.030520000,2028,114251685050038,114251686240936
6593,65.930000000,triangle_f2,0.030240000,2028,114251695045298,114251696209287
6594,65.940000000,triangle_f2,0.029960000,2028,114251705042649,114251706220393
6595,65.950000000,triangle_f2,0.029680000,2029,114251715045917,114251716232782
6596,65.960000000,triangle_f2,0.029400000,2029,114251725047352,114251726226792
6597,65.970000000,triangle_f2,0.029120000,2029,114251735046646,114251736193651
6598,65.980000000,triangle_f2,0.028840000,2029,114251745044943,114251746245835
6599,65.990000000,triangle_f2,0.028560000,2029,114251755048652,114251756068207
6600,66.000000000,triangle_f2,0.028280000,2030,114251765054429,114251766099927
6601,66.010000000,triangle_f2,0.028000000,2030,114251775050295,114251776238714
6602,66.020000000,triangle_f2,0.027720000,2030,114251785048524,114251786233872
6603,66.030000000,triangle_f2,0.027440000,2030,114251795048735,114251796114029
6604,66.040000000,triangle_f2,0.027160000,2030,114251805049836,114251806232715
6605,66.050000000,triangle_f2,0.026880000,2030,114251815044774,114251816233292
6606,66.060000000,triangle_f2,0.026600000,2031,114251825045612,114251826224152
6607,66.070000000,triangle_f2,0.026320000,2031,114251835054211,114251836127876
6608,66.080000000,triangle_f2,0.026040000,2031,114251845043979,114251846143646
6609,66.090000000,triangle_f2,0.025760000,2031,114251855048370,114251856229188
6610,66.100000000,triangle_f2,0.025480000,2031,114251865052537,114251866230703
6611,66.110000000,triangle_f2,0.025200000,2032,114251875048169,114251876234059
6612,66.120000000,triangle_f2,0.024920000,2032,114251885051495,114251886130617
6613,66.130000000,triangle_f2,0.024640000,2032,114251895049998,114251896096855
6614,66.140000000,triangle_f2,0.024360000,2032,114251905042414,114251906204275
6615,66.150000000,triangle_f2,0.024080000,2032,114251915045516,114251916205577
6616,66.160000000,triangle_f2,0.023800000,2032,114251925046982,114251926206093
6617,66.170000000,triangle_f2,0.023520000,2033,114251935046150,114251936207752
6618,66.180000000,triangle_f2,0.023240000,2033,114251945045973,114251946056645
6619,66.190000000,triangle_f2,0.022960000,2033,114251955046332,114251956205208
6620,66.200000000,triangle_f2,0.022680000,2033,114251965023820,114251966215491
6621,66.210000000,triangle_f2,0.022400000,2033,114251975056827,114251976076166
6622,66.220000000,triangle_f2,0.022120000,2034,114251985045968,114251986125710
6623,66.230000000,triangle_f2,0.021840000,2034,114251994985512,114251996058303
6624,66.240000000,triangle_f2,0.021560000,2034,114252005045385,114252006201458
6625,66.250000000,triangle_f2,0.021280000,2034,114252014990193,114252016208819
6626,66.260000000,triangle_f2,0.021000000,2034,114252025047986,114252026217182
6627,66.270000000,triangle_f2,0.020720000,2034,114252035050437,114252036199809
6628,66.280000000,triangle_f2,0.020440000,2035,114252045047536,114252046238961
6629,66.290000000,triangle_f2,0.020160000,2035,114252055048393,114252056201098
6630,66.300000000,triangle_f2,0.019880000,2035,114252065049751,114252066199099
6631,66.310000000,triangle_f2,0.019600000,2035,114252075047286,114252076211749
6632,66.320000000,triangle_f2,0.019320000,2035,114252085051833,114252086216623
6633,66.330000000,triangle_f2,0.019040000,2036,114252094979184,114252096210858
6634,66.340000000,triangle_f2,0.018760000,2036,114252105048305,114252106228562
6635,66.350000000,triangle_f2,0.018480000,2036,114252115044302,114252116212152
6636,66.360000000,triangle_f2,0.018200000,2036,114252125045199,114252126214530
6637,66.370000000,triangle_f2,0.017920000,2036,114252135047595,114252136128923
6638,66.380000000,triangle_f2,0.017640000,2037,114252145049063,114252146125786
6639,66.390000000,triangle_f2,0.017360000,2037,114252155050077,114252156207465
6640,66.400000000,triangle_f2,0.017080000,2037,114252165046267,114252166045332
6641,66.410000000,triangle_f2,0.016800000,2037,114252174969214,114252176012093
6642,66.420000000,triangle_f2,0.016520000,2037,114252185046921,114252186036379
6643,66.430000000,triangle_f2,0.016240000,2037,114252194979303,114252196029357
6644,66.440000000,triangle_f2,0.015960000,2038,114252205047751,114252206027855
6645,66.450000000,triangle_f2,0.015680000,2038,114252215046520,114252216030137
6646,66.460000000,triangle_f2,0.015400000,2038,114252225048350,114252226029539
6647,66.470000000,triangle_f2,0.015120000,2038,114252235044971,114252236036462
6648,66.480000000,triangle_f2,0.014840000,2038,114252245041935,114252246043260
6649,66.490000000,triangle_f2,0.014560000,2039,114252255043584,114252256027941
6650,66.500000000,triangle_f2,0.014280000,2039,114252265047471,114252266032195
6651,66.510000000,triangle_f2,0.014000000,2039,114252275046794,114252276028463
6652,66.520000000,triangle_f2,0.013720000,2039,114252285052082,114252286040236
6653,66.530000000,triangle_f2,0.013440000,2039,114252294978667,114252296018888
6654,66.540000000,triangle_f2,0.013160000,2039,114252305044398,114252305996204
6655,66.550000000,triangle_f2,0.012880000,2040,114252315043922,114252315993641
6656,66.560000000,triangle_f2,0.012600000,2040,114252325046759,114252325992594
6657,66.570000000,triangle_f2,0.012320000,2040,114252335046980,114252335998309
6658,66.580000000,triangle_f2,0.012040000,2040,114252345052788,114252346030810
6659,66.590000000,triangle_f2,0.011760000,2040,114252355044384,114252356017863
6660,66.600000000,triangle_f2,0.011480000,2041,114252365054607,114252366026127
6661,66.610000000,triangle_f2,0.011200000,2041,114252375047047,114252375992952
6662,66.620000000,triangle_f2,0.010920000,2041,114252385056510,114252386029750
6663,66.630000000,triangle_f2,0.010640000,2041,114252394978622,114252396012011
6664,66.640000000,triangle_f2,0.010360000,2041,114252405046650,114252405991110
6665,66.650000000,triangle_f2,0.010080000,2041,114252415046956,114252415985808
6666,66.660000000,triangle_f2,0.009800000,2042,114252425040400,114252425995318
6667,66.670000000,triangle_f2,0.009520000,2042,114252435041067,114252435993036
6668,66.680000000,triangle_f2,0.009240000,2042,114252445040488,114252445997510
6669,66.690000000,triangle_f2,0.008960000,2042,114252455046555,114252456029425
6670,66.700000000,triangle_f2,0.008680000,2042,114252465047711,114252465995935
6671,66.710000000,triangle_f2,0.008400000,2043,114252475046539,114252475995191
6672,66.720000000,triangle_f2,0.008120000,2043,114252485049319,114252485987424
6673,66.730000000,triangle_f2,0.007840000,2043,114252494979149,114252496013368
6674,66.740000000,triangle_f2,0.007560000,2043,114252505049000,114252505989115
6675,66.750000000,triangle_f2,0.007280000,2043,114252515040797,114252515992567
6676,66.760000000,triangle_f2,0.007000000,2043,114252525047021,114252525992531
6677,66.770000000,triangle_f2,0.006720000,2044,114252535045696,114252535990394
6678,66.780000000,triangle_f2,0.006440000,2044,114252545046765,114252545992393
6679,66.790000000,triangle_f2,0.006160000,2044,114252555047735,114252556033130
6680,66.800000000,triangle_f2,0.005880000,2044,114252565051779,114252565994052
6681,66.810000000,triangle_f2,0.005600000,2044,114252575046003,114252575994000
6682,66.820000000,triangle_f2,0.005320000,2045,114252585062640,114252585998817
6683,66.830000000,triangle_f2,0.005040000,2045,114252594993695,114252595995078
6684,66.840000000,triangle_f2,0.004760000,2045,114252605052518,114252605991291
6685,66.850000000,triangle_f2,0.004480000,2045,114252615045570,114252615997811
6686,66.860000000,triangle_f2,0.004200000,2045,114252625051250,114252625987341
6687,66.870000000,triangle_f2,0.003920000,2045,114252635043877,114252635991312
6688,66.880000000,triangle_f2,0.003640000,2046,114252645047909,114252645999395
6689,66.890000000,triangle_f2,0.003360000,2046,114252655040195,114252655991833
6690,66.900000000,triangle_f2,0.003080000,2046,114252664978122,114252665989787
6691,66.910000000,triangle_f2,0.002800000,2046,114252675046740,114252675997155
6692,66.920000000,triangle_f2,0.002520000,2046,114252685051181,114252685995420
6693,66.930000000,triangle_f2,0.002240000,2047,114252695048592,114252695993148
6694,66.940000000,triangle_f2,0.001960000,2047,114252705042179,114252705998276
6695,66.950000000,triangle_f2,0.001680000,2047,114252715052884,114252715988082
6696,66.960000000,triangle_f2,0.001400000,2047,114252725043690,114252725973283
6697,66.970000000,triangle_f2,0.001120000,2047,114252735044259,114252735975112
6698,66.980000000,triangle_f2,0.000840000,2047,114252745048728,114252745971007
6699,66.990000000,triangle_f2,0.000560000,2048,114252755047783,114252755973302
6700,67.000000000,triangle_f2,0.000280000,2048,114252765044603,114252765980470
6701,67.010000000,triangle_f2,0.000000000,2048,114252775040848,114252775973686
6702,67.020000000,triangle_f2,-0.000280000,2048,114252785060594,114252785925646
6703,67.030000000,triangle_f2,-0.000560000,2048,114252795045989,114252796069936
6704,67.040000000,triangle_f2,-0.000840000,2049,114252805045756,114252805977991
6705,67.050000000,triangle_f2,-0.001120000,2049,114252815048595,114252815976611
6706,67.060000000,triangle_f2,-0.001400000,2049,114252825046863,114252825974405
6707,67.070000000,triangle_f2,-0.001680000,2049,114252835041077,114252835973538
6708,67.080000000,triangle_f2,-0.001960000,2049,114252845050582,114252845972176
6709,67.090000000,triangle_f2,-0.002240000,2049,114252855049996,114252855968442
6710,67.100000000,triangle_f2,-0.002520000,2050,114252865049332,114252866066707
6711,67.110000000,triangle_f2,-0.002800000,2050,114252875043979,114252876152265
6712,67.120000000,triangle_f2,-0.003080000,2050,114252885048362,114252886060035
6713,67.130000000,triangle_f2,-0.003360000,2050,114252895048738,114252896062283
6714,67.140000000,triangle_f2,-0.003640000,2050,114252905047624,114252906067833
6715,67.150000000,triangle_f2,-0.003920000,2051,114252915042195,114252915988272
6716,67.160000000,triangle_f2,-0.004200000,2051,114252925044140,114252926060964
6717,67.170000000,triangle_f2,-0.004480000,2051,114252935039376,114252936058414
6718,67.180000000,triangle_f2,-0.004760000,2051,114252945044662,114252946053197
6719,67.190000000,triangle_f2,-0.005040000,2051,114252955042816,114252956149071
6720,67.200000000,triangle_f2,-0.005320000,2051,114252965051639,114252965970040
6721,67.210000000,triangle_f2,-0.005600000,2052,114252975046863,114252975973392
6722,67.220000000,triangle_f2,-0.005880000,2052,114252985050547,114252985973911
6723,67.230000000,triangle_f2,-0.006160000,2052,114252995051485,114252995967525
6724,67.240000000,triangle_f2,-0.006440000,2052,114253005055352,114253005969636
6725,67.250000000,triangle_f2,-0.006720000,2052,114253015017409,114253015972225
6726,67.260000000,triangle_f2,-0.007000000,2053,114253025049852,114253025973446
6727,67.270000000,triangle_f2,-0.007280000,2053,114253035054435,114253035970326
6728,67.280000000,triangle_f2,-0.007560000,2053,114253045048078,114253045962399
6729,67.290000000,triangle_f2,-0.007840000,2053,114253055050591,114253055976039
6730,67.300000000,triangle_f2,-0.008120000,2053,114253065055213,114253065974736
6731,67.310000000,triangle_f2,-0.008400000,2053,114253075050591,114253075961584
6732,67.320000000,triangle_f2,-0.008680000,2054,114253085048560,114253085966465
6733,67.330000000,triangle_f2,-0.008960000,2054,114253095046484,114253095971855
6734,67.340000000,triangle_f2,-0.009240000,2054,114253105044883,114253105974951
6735,67.350000000,triangle_f2,-0.009520000,2054,114253115045356,114253116053104
6736,67.360000000,triangle_f2,-0.009800000,2054,114253125053822,114253126054824
6737,67.370000000,triangle_f2,-0.010080000,2055,114253134982583,114253135981097
6738,67.380000000,triangle_f2,-0.010360000,2055,114253144970563,114253145942736
6739,67.390000000,triangle_f2,-0.010640000,2055,114253154987443,114253155998125
6740,67.400000000,triangle_f2,-0.010920000,2055,114253165070714,114253165951230
6741,67.410000000,triangle_f2,-0.011200000,2055,114253174969658,114253175959589
6742,67.420000000,triangle_f2,-0.011480000,2055,114253185051538,114253185966845
6743,67.430000000,triangle_f2,-0.011760000,2056,114253195046829,114253195941466
6744,67.440000000,triangle_f2,-0.012040000,2056,114253205044802,114253205954860
6745,67.450000000,triangle_f2,-0.012320000,2056,114253215047021,114253215966762
6746,67.460000000,triangle_f2,-0.012600000,2056,114253225050810,114253225952268
6747,67.470000000,triangle_f2,-0.012880000,2056,114253235050481,114253235950491
6748,67.480000000,triangle_f2,-0.013160000,2057,114253245046471,114253245949999
6749,67.490000000,triangle_f2,-0.013440000,2057,114253255052055,114253255937981
6750,67.500000000,triangle_f2,-0.013720000,2057,114253265049127,114253265950563
6751,67.510000000,triangle_f2,-0.014000000,2057,114253275048256,114253275954589
6752,67.520000000,triangle_f2,-0.014280000,2057,114253285053774,114253285962226
6753,67.530000000,triangle_f2,-0.014560000,2057,114253295044908,114253295953326
6754,67.540000000,triangle_f2,-0.014840000,2058,114253305054408,114253305953788
6755,67.550000000,triangle_f2,-0.015120000,2058,114253315045567,114253315953118
6756,67.560000000,triangle_f2,-0.015400000,2058,114253324978965,114253325954820
6757,67.570000000,triangle_f2,-0.015680000,2058,114253334971392,114253335932805
6758,67.580000000,triangle_f2,-0.015960000,2058,114253344967182,114253345931195
6759,67.590000000,triangle_f2,-0.016240000,2059,114253354977434,114253355947122
6760,67.600000000,triangle_f2,-0.016520000,2059,114253365060307,114253365950129
6761,67.610000000,triangle_f2,-0.016800000,2059,114253375044349,114253375972929
6762,67.620000000,triangle_f2,-0.017080000,2059,114253385057582,114253385950708
6763,67.630000000,triangle_f2,-0.017360000,2059,114253395044999,114253395954117
6764,67.640000000,triangle_f2,-0.017640000,2059,114253405045090,114253405951699
6765,67.650000000,triangle_f2,-0.017920000,2060,114253415049043,114253415952668
6766,67.660000000,triangle_f2,-0.018200000,2060,114253425047427,114253425947966
6767,67.670000000,triangle_f2,-0.018480000,2060,114253435053348,114253435904751
6768,67.680000000,triangle_f2,-0.018760000,2060,114253445048428,114253445961426
6769,67.690000000,triangle_f2,-0.019040000,2060,114253455050749,114253455952225
6770,67.700000000,triangle_f2,-0.019320000,2061,114253465052958,114253465945728
6771,67.710000000,triangle_f2,-0.019600000,2061,114253475046829,114253475951009
6772,67.720000000,triangle_f2,-0.019880000,2061,114253485065663,114253485940973
6773,67.730000000,triangle_f2,-0.020160000,2061,114253495040703,114253495949937
6774,67.740000000,triangle_f2,-0.020440000,2061,114253505042186,114253505945900
6775,67.750000000,triangle_f2,-0.020720000,2062,114253515047498,114253515951829
6776,67.760000000,triangle_f2,-0.021000000,2062,114253525047635,114253525955236
6777,67.770000000,triangle_f2,-0.021280000,2062,114253535047746,114253535952184
6778,67.780000000,triangle_f2,-0.021560000,2062,114253545050023,114253545951265
6779,67.790000000,triangle_f2,-0.021840000,2062,114253555045770,114253555932471
6780,67.800000000,triangle_f2,-0.022120000,2062,114253565046395,114253565928624
6781,67.810000000,triangle_f2,-0.022400000,2063,114253575042700,114253575950942
6782,67.820000000,triangle_f2,-0.022680000,2063,114253585057791,114253585929835
6783,67.830000000,triangle_f2,-0.022960000,2063,114253595046853,114253595931608
6784,67.840000000,triangle_f2,-0.023240000,2063,114253605046714,114253605929503
6785,67.850000000,triangle_f2,-0.023520000,2063,114253615044368,114253615927447
6786,67.860000000,triangle_f2,-0.023800000,2064,114253625046697,114253625930118
6787,67.870000000,triangle_f2,-0.024080000,2064,114253635097290,114253635884624
6788,67.880000000,triangle_f2,-0.024360000,2064,114253645059777,114253645942257
6789,67.890000000,triangle_f2,-0.024640000,2064,114253655051303,114253656125523
6790,67.900000000,triangle_f2,-0.024920000,2064,114253665056790,114253665933962
6791,67.910000000,triangle_f2,-0.025200000,2064,114253675048714,114253675929345
6792,67.920000000,triangle_f2,-0.025480000,2065,114253685048617,114253685934363
6793,67.930000000,triangle_f2,-0.025760000,2065,114253695058266,114253695928318
6794,67.940000000,triangle_f2,-0.026040000,2065,114253705048448,114253705928826
6795,67.950000000,triangle_f2,-0.026320000,2065,114253715045958,114253715927849
6796,67.960000000,triangle_f2,-0.026600000,2065,114253725047600,114253725936581
6797,67.970000000,triangle_f2,-0.026880000,2066,114253735045419,114253735918891
6798,67.980000000,triangle_f2,-0.027160000,2066,114253745046589,114253745933793
6799,67.990000000,triangle_f2,-0.027440000,2066,114253755044057,114253756119996
6800,68.000000000,triangle_f2,-0.027720000,2066,114253765053617,114253765936013
6801,68.010000000,triangle_f2,-0.028000000,2066,114253775049993,114253775931988
6802,68.020000000,triangle_f2,-0.028280000,2066,114253785068277,114253785929716
6803,68.030000000,triangle_f2,-0.028560000,2067,114253795058407,114253795931794
6804,68.040000000,triangle_f2,-0.028840000,2067,114253805047563,114253805936534
6805,68.050000000,triangle_f2,-0.029120000,2067,114253815046683,114253815927681
6806,68.060000000,triangle_f2,-0.029400000,2067,114253825045822,114253825934672
6807,68.070000000,triangle_f2,-0.029680000,2067,114253835042766,114253835934634
6808,68.080000000,triangle_f2,-0.029960000,2068,114253845041376,114253846037670
6809,68.090000000,triangle_f2,-0.030240000,2068,114253855045357,114253855951888
6810,68.100000000,triangle_f2,-0.030520000,2068,114253865019268,114253865872895
6811,68.110000000,triangle_f2,-0.030800000,2068,114253874957434,114253875870581
6812,68.120000000,triangle_f2,-0.031080000,2068,114253884958094,114253885871231
6813,68.130000000,triangle_f2,-0.031360000,2068,114253894960056,114253895889962
6814,68.140000000,triangle_f2,-0.031640000,2069,114253904964582,114253905918508
6815,68.150000000,triangle_f2,-0.031920000,2069,114253914966320,114253915918672
6816,68.160000000,triangle_f2,-0.032200000,2069,114253924967427,114253925921953
6817,68.170000000,triangle_f2,-0.032480000,2069,114253934966969,114253935921969
6818,68.180000000,triangle_f2,-0.032760000,2069,114253944966624,114253945918909
6819,68.190000000,triangle_f2,-0.033040000,2070,114253954966624,114253955923442
6820,68.200000000,triangle_f2,-0.033320000,2070,114253964967171,114253965918786
6821,68.210000000,triangle_f2,-0.033600000,2070,114253974967726,114253975922529
6822,68.220000000,triangle_f2,-0.033880000,2070,114253984967153,114253985921681
6823,68.230000000,triangle_f2,-0.034160000,2070,114253994965491,114253995917134
6824,68.240000000,triangle_f2,-0.034440000,2070,114254004965612,114254005918603
6825,68.250000000,triangle_f2,-0.034720000,2071,114254014965403,114254015916502
6826,68.260000000,triangle_f2,-0.035000000,2071,114254024966188,114254025896954
6827,68.270000000,triangle_f2,-0.035280000,2071,114254034965921,114254035919101
6828,68.280000000,triangle_f2,-0.035560000,2071,114254044965869,114254045919838
6829,68.290000000,triangle_f2,-0.035840000,2071,114254054969736,114254055917882
6830,68.300000000,triangle_f2,-0.036120000,2072,114254064976689,114254065914319
6831,68.310000000,triangle_f2,-0.036400000,2072,114254074968207,114254075922602
6832,68.320000000,triangle_f2,-0.036680000,2072,114254084967874,114254085918329
6833,68.330000000,triangle_f2,-0.036960000,2072,114254094966266,114254095914228
6834,68.340000000,triangle_f2,-0.037240000,2072,114254104965914,114254105898674
6835,68.350000000,triangle_f2,-0.037520000,2072,114254114966233,114254115900940
6836,68.360000000,triangle_f2,-0.037800000,2073,114254124967079,114254125916848
6837,68.370000000,triangle_f2,-0.038080000,2073,114254134968585,114254135924866
6838,68.380000000,triangle_f2,-0.038360000,2073,114254144964801,114254145920742
6839,68.390000000,triangle_f2,-0.038640000,2073,114254154965374,114254155903570
6840,68.400000000,triangle_f2,-0.038920000,2073,114254164970123,114254165928101
6841,68.410000000,triangle_f2,-0.039200000,2074,114254174967014,114254175921978
6842,68.420000000,triangle_f2,-0.039480000,2074,114254184969254,114254185921140
6843,68.430000000,triangle_f2,-0.039760000,2074,114254194966809,114254195897717
6844,68.440000000,triangle_f2,-0.040040000,2074,114254204966581,114254205899143
6845,68.450000000,triangle_f2,-0.040320000,2074,114254215045619,114254215912105
6846,68.460000000,triangle_f2,-0.040600000,2074,114254225053072,114254225926460
6847,68.470000000,triangle_f2,-0.040880000,2075,114254235047227,114254235909029
6848,68.480000000,triangle_f2,-0.041160000,2075,114254245043952,114254245908710
6849,68.490000000,triangle_f2,-0.041440000,2075,114254255047992,114254255914566
6850,68.500000000,triangle_f2,-0.041720000,2075,114254265052608,114254265911639
6851,68.510000000,triangle_f2,-0.042000000,2075,114254275049678,114254275909030
6852,68.520000000,triangle_f2,-0.042280000,2076,114254284987684,114254285915124
6853,68.530000000,triangle_f2,-0.042560000,2076,114254295051784,114254295957450
6854,68.540000000,triangle_f2,-0.042840000,2076,114254305058303,114254305909346
6855,68.550000000,triangle_f2,-0.043120000,2076,114254315050721,114254315910327
6856,68.560000000,triangle_f2,-0.043400000,2076,114254325048739,114254325909240
6857,68.570000000,triangle_f2,-0.043680000,2076,114254335047786,114254335912879
6858,68.580000000,triangle_f2,-0.043960000,2077,114254345045983,114254345911232
6859,68.590000000,triangle_f2,-0.044240000,2077,114254355060887,114254355908765
6860,68.600000000,triangle_f2,-0.044520000,2077,114254365054413,114254365928667
6861,68.610000000,triangle_f2,-0.044800000,2077,114254375061012,114254375912040
6862,68.620000000,triangle_f2,-0.045080000,2077,114254385054303,114254385889518
6863,68.630000000,triangle_f2,-0.045360000,2078,114254395058141,114254395911636
6864,68.640000000,triangle_f2,-0.045640000,2078,114254405049611,114254405877342
6865,68.650000000,triangle_f2,-0.045920000,2078,114254415045350,114254415891310
6866,68.660000000,triangle_f2,-0.046200000,2078,114254425045524,114254425908774
6867,68.670000000,triangle_f2,-0.046480000,2078,114254435052365,114254435886629
6868,68.680000000,triangle_f2,-0.046760000,2078,114254445046694,114254445884800
6869,68.690000000,triangle_f2,-0.047040000,2079,114254455044054,114254455888836
6870,68.700000000,triangle_f2,-0.047320000,2079,114254465057802,114254465890566
6871,68.710000000,triangle_f2,-0.047600000,2079,114254475050952,114254475888180
6872,68.720000000,triangle_f2,-0.047880000,2079,114254484987597,114254485888717
6873,68.730000000,triangle_f2,-0.048160000,2079,114254495050781,114254495889204
6874,68.740000000,triangle_f2,-0.048440000,2080,114254505053232,114254505888251
6875,68.750000000,triangle_f2,-0.048720000,2080,114254515044622,114254515885862
6876,68.760000000,triangle_f2,-0.049000000,2080,114254525049423,114254525888850
6877,68.770000000,triangle_f2,-0.049280000,2080,114254535049317,114254535892198
6878,68.780000000,triangle_f2,-0.049560000,2080,114254545046529,114254545892927
6879,68.790000000,triangle_f2,-0.049840000,2080,114254555052081,114254555889563
6880,68.800000000,triangle_f2,-0.050120000,2081,114254565053679,114254565888948
6881,68.810000000,triangle_f2,-0.050400000,2081,114254575048017,114254575886056
6882,68.820000000,triangle_f2,-0.050680000,2081,114254585051487,114254585885987
6883,68.830000000,triangle_f2,-0.050960000,2081,114254595050261,114254595891877
6884,68.840000000,triangle_f2,-0.051240000,2081,114254605048844,114254605891153
6885,68.850000000,triangle_f2,-0.051520000,2082,114254615044825,114254615877183
6886,68.860000000,triangle_f2,-0.051800000,2082,114254625043920,114254625888433
6887,68.870000000,triangle_f2,-0.052080000,2082,114254635049695,114254635876511
6888,68.880000000,triangle_f2,-0.052360000,2082,114254645058288,114254645889018
6889,68.890000000,triangle_f2,-0.052640000,2082,114254655049724,114254655889655
6890,68.900000000,triangle_f2,-0.052920000,2082,114254665054351,114254665887797
6891,68.910000000,triangle_f2,-0.053200000,2083,114254675047207,114254675889011
6892,68.920000000,triangle_f2,-0.053480000,2083,114254685044112,114254685898067
6893,68.930000000,triangle_f2,-0.053760000,2083,114254695045826,114254695885557
6894,68.940000000,triangle_f2,-0.054040000,2083,114254704990908,114254705893213
6895,68.950000000,triangle_f2,-0.054320000,2083,114254715048913,114254715890197
6896,68.960000000,triangle_f2,-0.054600000,2084,114254725058636,114254725905874
6897,68.970000000,triangle_f2,-0.054880000,2084,114254735048101,114254735889177
6898,68.980000000,triangle_f2,-0.055160000,2084,114254744977897,114254745969174
6899,68.990000000,triangle_f2,-0.055440000,2084,114254755047569,114254755907052
6900,69.000000000,triangle_f2,-0.055720000,2084,114254765055151,114254765872054
6901,69.010000000,triangle_f2,-0.056000000,2085,114254775052995,114254775891525
6902,69.020000000,triangle_f2,-0.056280000,2085,114254784979017,114254785895251
6903,69.030000000,triangle_f2,-0.056560000,2085,114254795053669,114254795882975
6904,69.040000000,triangle_f2,-0.056840000,2085,114254805047384,114254805890247
6905,69.050000000,triangle_f2,-0.057120000,2085,114254815050890,114254815869303
6906,69.060000000,triangle_f2,-0.057400000,2085,114254825047228,114254825873460
6907,69.070000000,triangle_f2,-0.057680000,2086,114254835045827,114254835866954
6908,69.080000000,triangle_f2,-0.057960000,2086,114254845048349,114254845946100
6909,69.090000000,triangle_f2,-0.058240000,2086,114254855049093,114254855910561
6910,69.100000000,triangle_f2,-0.058520000,2086,114254865053255,114254865865762
6911,69.110000000,triangle_f2,-0.058800000,2086,114254875046147,114254875866777
6912,69.120000000,triangle_f2,-0.059080000,2087,114254884979202,114254885870037
6913,69.130000000,triangle_f2,-0.059360000,2087,114254895052866,114254895872102
6914,69.140000000,triangle_f2,-0.059640000,2087,114254905055546,114254905865840
6915,69.150000000,triangle_f2,-0.059920000,2087,114254914995621,114254915870874
6916,69.160000000,triangle_f2,-0.060200000,2087,114254925054532,114254925865638
6917,69.170000000,triangle_f2,-0.060480000,2087,114254934970533,114254935853146
6918,69.180000000,triangle_f2,-0.060760000,2088,114254944971598,114254945854972
6919,69.190000000,triangle_f2,-0.061040000,2088,114254955050025,114254955867688
6920,69.200000000,triangle_f2,-0.061320000,2088,114254965049225,114254965865395
6921,69.210000000,triangle_f2,-0.061600000,2088,114254975050353,114254975866583
6922,69.220000000,triangle_f2,-0.061880000,2088,114254984979156,114254985863827
6923,69.230000000,triangle_f2,-0.062160000,2089,114254995051152,114254995869848
6924,69.240000000,triangle_f2,-0.062440000,2089,114255005050820,114255005867291
6925,69.250000000,triangle_f2,-0.062720000,2089,114255015048983,114255015858122
6926,69.260000000,triangle_f2,-0.063000000,2089,114255025048121,114255025868578
6927,69.270000000,triangle_f2,-0.063280000,2089,114255035040352,114255035934931
6928,69.280000000,triangle_f2,-0.063560000,2089,114255045050954,114255045926542
6929,69.290000000,triangle_f2,-0.063840000,2090,114255055048678,114255055871152
6930,69.300000000,triangle_f2,-0.064120000,2090,114255065049053,114255065863834
6931,69.310000000,triangle_f2,-0.064400000,2090,114255075050500,114255075868659
6932,69.320000000,triangle_f2,-0.064680000,2090,114255084979003,114255085937974
6933,69.330000000,triangle_f2,-0.064960000,2090,114255095045337,114255095873010
6934,69.340000000,triangle_f2,-0.065240000,2091,114255105055665,114255105870378
6935,69.350000000,triangle_f2,-0.065520000,2091,114255115045683,114255115940790
6936,69.360000000,triangle_f2,-0.065800000,2091,114255125053000,114255125869761
6937,69.370000000,triangle_f2,-0.066080000,2091,114255135047688,114255135868011
6938,69.380000000,triangle_f2,-0.066360000,2091,114255145047518,114255145865182
6939,69.390000000,triangle_f2,-0.066640000,2091,114255154988763,114255155866429
6940,69.400000000,triangle_f2,-0.066920000,2092,114255165056641,114255165864764
6941,69.410000000,triangle_f2,-0.067200000,2092,114255174969146,114255175850337
6942,69.420000000,triangle_f2,-0.067480000,2092,114255184969316,114255185860109
6943,69.430000000,triangle_f2,-0.067760000,2092,114255194967878,114255195859992
6944,69.440000000,triangle_f2,-0.068040000,2092,114255204968008,114255205828436
6945,69.450000000,triangle_f2,-0.068320000,2093,114255214967728,114255215838937
6946,69.460000000,triangle_f2,-0.068600000,2093,114255224965957,114255225841242
6947,69.470000000,triangle_f2,-0.068880000,2093,114255234967386,114255235845291
6948,69.480000000,triangle_f2,-0.069160000,2093,114255244966321,114255245858450
6949,69.490000000,triangle_f2,-0.069440000,2093,114255254967083,114255255840194
6950,69.500000000,triangle_f2,-0.069720000,2093,114255264967954,114255265841684
6951,69.510000000,triangle_f2,-0.070000000,2094,114255274967109,114255275839253
6952,69.520000000,triangle_f2,-0.069720000,2093,114255284969617,114255285844487
6953,69.530000000,triangle_f2,-0.069440000,2093,114255294967249,114255295836411
6954,69.540000000,triangle_f2,-0.069160000,2093,114255304968906,114255305841287
6955,69.550000000,triangle_f2,-0.068880000,2093,114255314975109,114255315864080
6956,69.560000000,triangle_f2,-0.068600000,2093,114255324968208,114255325864041
6957,69.570000000,triangle_f2,-0.068320000,2093,114255334972695,114255335842490
6958,69.580000000,triangle_f2,-0.068040000,2092,114255344967555,114255345854794
6959,69.590000000,triangle_f2,-0.067760000,2092,114255354966975,114255355827400
6960,69.600000000,triangle_f2,-0.067480000,2092,114255364968320,114255365831124
6961,69.610000000,triangle_f2,-0.067200000,2092,114255374967317,114255375837119
6962,69.620000000,triangle_f2,-0.066920000,2092,114255384968923,114255385833897
6963,69.630000000,triangle_f2,-0.066640000,2091,114255394966630,114255395832752
6964,69.640000000,triangle_f2,-0.066360000,2091,114255405047074,114255405850798
6965,69.650000000,triangle_f2,-0.066080000,2091,114255414990483,114255415850820
6966,69.660000000,triangle_f2,-0.065800000,2091,114255425052195,114255425848772
6967,69.670000000,triangle_f2,-0.065520000,2091,114255435045968,114255435847314
6968,69.680000000,triangle_f2,-0.065240000,2091,114255445046362,114255445866370
6969,69.690000000,triangle_f2,-0.064960000,2090,114255455047291,114255455843892
6970,69.700000000,triangle_f2,-0.064680000,2090,114255464979418,114255465842765
6971,69.710000000,triangle_f2,-0.064400000,2090,114255475050369,114255475844123
6972,69.720000000,triangle_f2,-0.064120000,2090,114255485054040,114255485853207
6973,69.730000000,triangle_f2,-0.063840000,2090,114255495045398,114255495844669
6974,69.740000000,triangle_f2,-0.063560000,2089,114255505051470,114255505845744
6975,69.750000000,triangle_f2,-0.063280000,2089,114255514989778,114255515846166
6976,69.760000000,triangle_f2,-0.063000000,2089,114255525049078,114255525849794
6977,69.770000000,triangle_f2,-0.062720000,2089,114255535050749,114255535846978
6978,69.780000000,triangle_f2,-0.062440000,2089,114255544970489,114255545833721
6979,69.790000000,triangle_f2,-0.062160000,2089,114255555058785,114255555843858
6980,69.800000000,triangle_f2,-0.061880000,2088,114255564978617,114255565844370
6981,69.810000000,triangle_f2,-0.061600000,2088,114255575050790,114255575843441
6982,69.820000000,triangle_f2,-0.061320000,2088,114255585046372,114255585842403
6983,69.830000000,triangle_f2,-0.061040000,2088,114255595054494,114255595851061
6984,69.840000000,triangle_f2,-0.060760000,2088,114255605047064,114255605851486
6985,69.850000000,triangle_f2,-0.060480000,2087,114255615047668,114255615844033
6986,69.860000000,triangle_f2,-0.060200000,2087,114255625053137,114255625848949
6987,69.870000000,triangle_f2,-0.059920000,2087,114255635053402,114255635838552
6988,69.880000000,triangle_f2,-0.059640000,2087,114255645047653,114255645828862
6989,69.890000000,triangle_f2,-0.059360000,2087,114255655063252,114255655822881
6990,69.900000000,triangle_f2,-0.059080000,2087,114255664978152,114255665829684
6991,69.910000000,triangle_f2,-0.058800000,2086,114255675043753,114255675773314
6992,69.920000000,triangle_f2,-0.058520000,2086,114255685035591,114255685804206
6993,69.930000000,triangle_f2,-0.058240000,2086,114255695056975,114255695811702
6994,69.940000000,triangle_f2,-0.057960000,2086,114255705050376,114255705832073
6995,69.950000000,triangle_f2,-0.057680000,2086,114255715044691,114255715829235
6996,69.960000000,triangle_f2,-0.057400000,2085,114255725043844,114255725823701
6997,69.970000000,triangle_f2,-0.057120000,2085,114255735046600,114255735885068
6998,69.980000000,triangle_f2,-0.056840000,2085,114255745050086,114255745833501
6999,69.990000000,triangle_f2,-0.056560000,2085,114255755045843,114255755868160
7000,70.000000000,triangle_f2,-0.056280000,2085,114255764976847,114255765827779
7001,70.010000000,triangle_f2,-0.056000000,2085,114255775044755,114255775829274
7002,70.020000000,triangle_f2,-0.055720000,2084,114255785048605,114255785828891
7003,70.030000000,triangle_f2,-0.055440000,2084,114255795045802,114255795827079
7004,70.040000000,triangle_f2,-0.055160000,2084,114255805050440,114255805824729
7005,70.050000000,triangle_f2,-0.054880000,2084,114255815046038,114255815825637
7006,70.060000000,triangle_f2,-0.054600000,2084,114255825047190,114255825830717
7007,70.070000000,triangle_f2,-0.054320000,2083,114255835050495,114255835822266
7008,70.080000000,triangle_f2,-0.054040000,2083,114255845052833,114255845832919
7009,70.090000000,triangle_f2,-0.053760000,2083,114255855045876,114255855827945
7010,70.100000000,triangle_f2,-0.053480000,2083,114255864977392,114255865821985
7011,70.110000000,triangle_f2,-0.053200000,2083,114255875057641,114255875821122
7012,70.120000000,triangle_f2,-0.052920000,2082,114255885047095,114255885833682
7013,70.130000000,triangle_f2,-0.052640000,2082,114255895044594,114255895828438
7014,70.140000000,triangle_f2,-0.052360000,2082,114255905047365,114255905827745
7015,70.150000000,triangle_f2,-0.052080000,2082,114255915050601,114255915823560
7016,70.160000000,triangle_f2,-0.051800000,2082,114255925050292,114255925826547
7017,70.170000000,triangle_f2,-0.051520000,2082,114255935059336,114255935824309
7018,70.180000000,triangle_f2,-0.051240000,2081,114255945044224,114255945914615
7019,70.190000000,triangle_f2,-0.050960000,2081,114255955046065,114255956021797
7020,70.200000000,triangle_f2,-0.050680000,2081,114255964978894,114255965832147
7021,70.210000000,triangle_f2,-0.050400000,2081,114255975051550,114255975826802
7022,70.220000000,triangle_f2,-0.050120000,2081,114255985045035,114255985820966
7023,70.230000000,triangle_f2,-0.049840000,2080,114255995051260,114255995829794
7024,70.240000000,triangle_f2,-0.049560000,2080,114256005045344,114256005819526
7025,70.250000000,triangle_f2,-0.049280000,2080,114256015062746,114256015829038
7026,70.260000000,triangle_f2,-0.049000000,2080,114256025059681,114256025888417
7027,70.270000000,triangle_f2,-0.048720000,2080,114256035043538,114256036028291
7028,70.280000000,triangle_f2,-0.048440000,2080,114256045048708,114256045888604
7029,70.290000000,triangle_f2,-0.048160000,2079,114256055045241,114256056022622
7030,70.300000000,triangle_f2,-0.047880000,2079,114256064978218,114256065868141
7031,70.310000000,triangle_f2,-0.047600000,2079,114256075053703,114256075867339
7032,70.320000000,triangle_f2,-0.047320000,2079,114256085046390,114256085883125
7033,70.330000000,triangle_f2,-0.047040000,2079,114256095048543,114256095820747
7034,70.340000000,triangle_f2,-0.046760000,2078,114256105051069,114256105997585
7035,70.350000000,triangle_f2,-0.046480000,2078,114256115052200,114256116025494
7036,70.360000000,triangle_f2,-0.046200000,2078,114256125046960,114256125985786
7037,70.370000000,triangle_f2,-0.045920000,2078,114256135046751,114256135866408
7038,70.380000000,triangle_f2,-0.045640000,2078,114256145047614,114256145886798
7039,70.390000000,triangle_f2,-0.045360000,2078,114256155050670,114256156022547
7040,70.400000000,triangle_f2,-0.045080000,2077,114256164983562,114256165807910
7041,70.410000000,triangle_f2,-0.044800000,2077,114256175047947,114256175802358
7042,70.420000000,triangle_f2,-0.044520000,2077,114256185050690,114256185790757
7043,70.430000000,triangle_f2,-0.044240000,2077,114256195050965,114256195807338
7044,70.440000000,triangle_f2,-0.043960000,2077,114256205053178,114256205807205
7045,70.450000000,triangle_f2,-0.043680000,2076,114256215052542,114256215810105
7046,70.460000000,triangle_f2,-0.043400000,2076,114256225066033,114256225805581
7047,70.470000000,triangle_f2,-0.043120000,2076,114256235047651,114256235869656
7048,70.480000000,triangle_f2,-0.042840000,2076,114256245049324,114256245992413
7049,70.490000000,triangle_f2,-0.042560000,2076,114256255044983,114256255980297
7050,70.500000000,triangle_f2,-0.042280000,2076,114256264977572,114256265864623
7051,70.510000000,triangle_f2,-0.042000000,2075,114256275053424,114256275882909
7052,70.520000000,triangle_f2,-0.041720000,2075,114256285048402,114256285872817
7053,70.530000000,triangle_f2,-0.041440000,2075,114256295043595,114256295980370
7054,70.540000000,triangle_f2,-0.041160000,2075,114256305049402,114256305871902
7055,70.550000000,triangle_f2,-0.040880000,2075,114256315054459,114256315869781
7056,70.560000000,triangle_f2,-0.040600000,2074,114256325046452,114256325871316
7057,70.570000000,triangle_f2,-0.040320000,2074,114256335042535,114256335869288
7058,70.580000000,triangle_f2,-0.040040000,2074,114256345049525,114256345835088
7059,70.590000000,triangle_f2,-0.039760000,2074,114256355053926,114256355978767
7060,70.600000000,triangle_f2,-0.039480000,2074,114256364978480,114256365812397
7061,70.610000000,triangle_f2,-0.039200000,2074,114256375069584,114256375825017
7062,70.620000000,triangle_f2,-0.038920000,2073,114256385048832,114256385807209
7063,70.630000000,triangle_f2,-0.038640000,2073,114256394969040,114256395803120
7064,70.640000000,triangle_f2,-0.038360000,2073,114256404980931,114256405804232
7065,70.650000000,triangle_f2,-0.038080000,2073,114256414968215,114256415788111
7066,70.660000000,triangle_f2,-0.037800000,2073,114256425043754,114256425803740
7067,70.670000000,triangle_f2,-0.037520000,2072,114256435051478,114256435805894
7068,70.680000000,triangle_f2,-0.037240000,2072,114256445064457,114256445803545
7069,70.690000000,triangle_f2,-0.036960000,2072,114256455052329,114256455802377
7070,70.700000000,triangle_f2,-0.036680000,2072,114256464977493,114256465800391
7071,70.710000000,triangle_f2,-0.036400000,2072,114256475042334,114256475804735
7072,70.720000000,triangle_f2,-0.036120000,2072,114256485045365,114256485786436
7073,70.730000000,triangle_f2,-0.035840000,2071,114256495062422,114256495779797
7074,70.740000000,triangle_f2,-0.035560000,2071,114256505052243,114256505781774
7075,70.750000000,triangle_f2,-0.035280000,2071,114256515046206,114256515788000
7076,70.760000000,triangle_f2,-0.035000000,2071,114256525044906,114256525779754
7077,70.770000000,triangle_f2,-0.034720000,2071,114256535045403,114256535782742
7078,70.780000000,triangle_f2,-0.034440000,2070,114256545049650,114256545861886
7079,70.790000000,triangle_f2,-0.034160000,2070,114256555042962,114256555971344
7080,70.800000000,triangle_f2,-0.033880000,2070,114256564982441,114256565844531
7081,70.810000000,triangle_f2,-0.033600000,2070,114256575041771,114256575856719
7082,70.820000000,triangle_f2,-0.033320000,2070,114256585056263,114256585828385
7083,70.830000000,triangle_f2,-0.033040000,2070,114256595043185,114256595988922
7084,70.840000000,triangle_f2,-0.032760000,2069,114256605055651,114256605786036
7085,70.850000000,triangle_f2,-0.032480000,2069,114256615042973,114256615782718
7086,70.860000000,triangle_f2,-0.032200000,2069,114256625043216,114256625843593
7087,70.870000000,triangle_f2,-0.031920000,2069,114256635045550,114256635860289
7088,70.880000000,triangle_f2,-0.031640000,2069,114256645044638,114256645846023
7089,70.890000000,triangle_f2,-0.031360000,2068,114256655042805,114256655964876
7090,70.900000000,triangle_f2,-0.031080000,2068,114256665053971,114256665849057
7091,70.910000000,triangle_f2,-0.030800000,2068,114256675047616,114256675954726
7092,70.920000000,triangle_f2,-0.030520000,2068,114256685056725,114256685861273
7093,70.930000000,triangle_f2,-0.030240000,2068,114256695044827,114256695849697
7094,70.940000000,triangle_f2,-0.029960000,2068,114256705048972,114256705853756
7095,70.950000000,triangle_f2,-0.029680000,2067,114256715047331,114256715845046
7096,70.960000000,triangle_f2,-0.029400000,2067,114256725045654,114256725846931
7097,70.970000000,triangle_f2,-0.029120000,2067,114256735048127,114256735855164
7098,70.980000000,triangle_f2,-0.028840000,2067,114256745048194,114256745790831
7099,70.990000000,triangle_f2,-0.028560000,2067,114256755045294,114256755852734
7100,71.000000000,triangle_f2,-0.028280000,2066,114256765046924,114256765790821
7101,71.010000000,triangle_f2,-0.028000000,2066,114256775047559,114256775783440
7102,71.020000000,triangle_f2,-0.027720000,2066,114256785044587,114256785805476
7103,71.030000000,triangle_f2,-0.027440000,2066,114256795047421,114256795805957
7104,71.040000000,triangle_f2,-0.027160000,2066,114256805044416,114256805783671
7105,71.050000000,triangle_f2,-0.026880000,2066,114256815016327,114256815783176
7106,71.060000000,triangle_f2,-0.026600000,2065,114256824989556,114256825779699
7107,71.070000000,triangle_f2,-0.026320000,2065,114256834970220,114256835770518
7108,71.080000000,triangle_f2,-0.026040000,2065,114256844972674,114256845767778
7109,71.090000000,triangle_f2,-0.025760000,2065,114256855054009,114256855784212
7110,71.100000000,triangle_f2,-0.025480000,2065,114256865052764,114256865781796
7111,71.110000000,triangle_f2,-0.025200000,2064,114256875043983,114256875784379
7112,71.120000000,triangle_f2,-0.024920000,2064,114256885045650,114256885780728
7113,71.130000000,triangle_f2,-0.024640000,2064,114256895047502,114256895763291
7114,71.140000000,triangle_f2,-0.024360000,2064,114256905049701,114256905761108
7115,71.150000000,triangle_f2,-0.024080000,2064,114256915046857,114256915762499
7116,71.160000000,triangle_f2,-0.023800000,2064,114256925053104,114256925764590
7117,71.170000000,triangle_f2,-0.023520000,2063,114256935043678,114256935761313
7118,71.180000000,triangle_f2,-0.023240000,2063,114256945041717,114256945766113
7119,71.190000000,triangle_f2,-0.022960000,2063,114256955048110,114256955762225
7120,71.200000000,triangle_f2,-0.022680000,2063,114256965051387,114256965767428
7121,71.210000000,triangle_f2,-0.022400000,2063,114256975062030,114256975762430
7122,71.220000000,triangle_f2,-0.022120000,2062,114256985047550,114256985763288
7123,71.230000000,triangle_f2,-0.021840000,2062,114256995045731,114256995763071
7124,71.240000000,triangle_f2,-0.021560000,2062,114257005045578,114257005764334
7125,71.250000000,triangle_f2,-0.021280000,2062,114257015052037,114257015761668
7126,71.260000000,triangle_f2,-0.021000000,2062,114257025043826,114257025768890
7127,71.270000000,triangle_f2,-0.020720000,2062,114257034986290,114257035765193
7128,71.280000000,triangle_f2,-0.020440000,2061,114257045052680,114257045763777
7129,71.290000000,triangle_f2,-0.020160000,2061,114257055044633,114257055761282
7130,71.300000000,triangle_f2,-0.019880000,2061,114257065058188,114257065765952
7131,71.310000000,triangle_f2,-0.019600000,2061,114257075042200,114257075764562
7132,71.320000000,triangle_f2,-0.019320000,2061,114257085048681,114257085765131
7133,71.330000000,triangle_f2,-0.019040000,2060,114257095045995,114257095762721
7134,71.340000000,triangle_f2,-0.018760000,2060,114257105057271,114257105758193
7135,71.350000000,triangle_f2,-0.018480000,2060,114257115047532,114257115769281
7136,71.360000000,triangle_f2,-0.018200000,2060,114257125043943,114257125763933
7137,71.370000000,triangle_f2,-0.017920000,2060,114257135047813,114257135763943
7138,71.380000000,triangle_f2,-0.017640000,2059,114257145043149,114257145760857
7139,71.390000000,triangle_f2,-0.017360000,2059,114257155051065,114257155764620
7140,71.400000000,triangle_f2,-0.017080000,2059,114257165047615,114257165764184
7141,71.410000000,triangle_f2,-0.016800000,2059,114257175048331,114257175767229
7142,71.420000000,triangle_f2,-0.016520000,2059,114257185049185,114257185752569
7143,71.430000000,triangle_f2,-0.016240000,2059,114257195046824,114257195792966
7144,71.440000000,triangle_f2,-0.015960000,2058,114257205057045,114257205939073
7145,71.450000000,triangle_f2,-0.015680000,2058,114257215047199,114257215824451
7146,71.460000000,triangle_f2,-0.015400000,2058,114257225041395,114257225829626
7147,71.470000000,triangle_f2,-0.015120000,2058,114257235049776,114257235772341
7148,71.480000000,triangle_f2,-0.014840000,2058,114257245044815,114257245827531
7149,71.490000000,triangle_f2,-0.014560000,2057,114257255044615,114257255819351
7150,71.500000000,triangle_f2,-0.014280000,2057,114257265047553,114257265766154
7151,71.510000000,triangle_f2,-0.014000000,2057,114257275045825,114257275762185
7152,71.520000000,triangle_f2,-0.013720000,2057,114257285061502,114257285766546
7153,71.530000000,triangle_f2,-0.013440000,2057,114257295049802,114257295764730
7154,71.540000000,triangle_f2,-0.013160000,2057,114257305050674,114257305764276
7155,71.550000000,triangle_f2,-0.012880000,2056,114257315049141,114257315805459
7156,71.560000000,triangle_f2,-0.012600000,2056,114257325046852,114257325819619
7157,71.570000000,triangle_f2,-0.012320000,2056,114257334979766,114257335747692
7158,71.580000000,triangle_f2,-0.012040000,2056,114257344969684,114257345727795
7159,71.590000000,triangle_f2,-0.011760000,2056,114257354966414,114257355725365
7160,71.600000000,triangle_f2,-0.011480000,2055,114257365048643,114257365744533
7161,71.610000000,triangle_f2,-0.011200000,2055,114257375045537,114257375739788
7162,71.620000000,triangle_f2,-0.010920000,2055,114257385045534,114257385738626
7163,71.630000000,triangle_f2,-0.010640000,2055,114257395050469,114257395743018
7164,71.640000000,triangle_f2,-0.010360000,2055,114257405052757,114257405745268
7165,71.650000000,triangle_f2,-0.010080000,2055,114257415046924,114257415819754
7166,71.660000000,triangle_f2,-0.009800000,2054,114257425047659,114257425802348
7167,71.670000000,triangle_f2,-0.009520000,2054,114257435043541,114257435818216
7168,71.680000000,triangle_f2,-0.009240000,2054,114257445046181,114257445811375
7169,71.690000000,triangle_f2,-0.008960000,2054,114257455048341,114257455801562
7170,71.700000000,triangle_f2,-0.008680000,2054,114257465014339,114257465794767
7171,71.710000000,triangle_f2,-0.008400000,2053,114257475053364,114257475742718
7172,71.720000000,triangle_f2,-0.008120000,2053,114257485048746,114257485746497
7173,71.730000000,triangle_f2,-0.007840000,2053,114257495058486,114257495740074
7174,71.740000000,triangle_f2,-0.007560000,2053,114257505052644,114257505740755
7175,71.750000000,triangle_f2,-0.007280000,2053,114257515041871,114257515808538
7176,71.760000000,triangle_f2,-0.007000000,2053,114257525045730,114257525939275
7177,71.770000000,triangle_f2,-0.006720000,2052,114257535046025,114257535805546
7178,71.780000000,triangle_f2,-0.006440000,2052,114257545049453,114257545817965
7179,71.790000000,triangle_f2,-0.006160000,2052,114257555046205,114257555800424
7180,71.800000000,triangle_f2,-0.005880000,2052,114257565045190,114257565879833
7181,71.810000000,triangle_f2,-0.005600000,2052,114257574968544,114257575797170
7182,71.820000000,triangle_f2,-0.005320000,2051,114257584969646,114257585795157
7183,71.830000000,triangle_f2,-0.005040000,2051,114257594967377,114257595791309
7184,71.840000000,triangle_f2,-0.004760000,2051,114257604967476,114257605797750
7185,71.850000000,triangle_f2,-0.004480000,2051,114257614966573,114257615793746
7186,71.860000000,triangle_f2,-0.004200000,2051,114257624965536,114257625788303
7187,71.870000000,triangle_f2,-0.003920000,2051,114257634968391,114257635739374
7188,71.880000000,triangle_f2,-0.003640000,2050,114257644966067,114257645735511
7189,71.890000000,triangle_f2,-0.003360000,2050,114257654969530,114257655735889
7190,71.900000000,triangle_f2,-0.003080000,2050,114257664973705,114257665752946
7191,71.910000000,triangle_f2,-0.002800000,2050,114257674965062,114257675738324
7192,71.920000000,triangle_f2,-0.002520000,2050,114257684967870,114257685733936
7193,71.930000000,triangle_f2,-0.002240000,2049,114257694966625,114257695727194
7194,71.940000000,triangle_f2,-0.001960000,2049,114257704966603,114257705729769
7195,71.950000000,triangle_f2,-0.001680000,2049,114257714966317,114257715785687
7196,71.960000000,triangle_f2,-0.001400000,2049,114257724966213,114257725765962
7197,71.970000000,triangle_f2,-0.001120000,2049,114257735048028,114257735919364
7198,71.980000000,triangle_f2,-0.000840000,2049,114257745045588,114257745900672
7199,71.990000000,triangle_f2,-0.000560000,2048,114257755045350,114257755899037
7200,72.000000000,triangle_f2,-0.000280000,2048,114257765040809,114257765790531
7201,72.010000000,triangle_f2,-0.000000000,2048,114257775053700,114257775918441
7202,72.020000000,triangle_f2,0.000280000,2048,114257785042645,114257785764614
7203,72.030000000,triangle_f2,0.000560000,2048,114257795049803,114257795717117
7204,72.040000000,triangle_f2,0.000840000,2047,114257805047487,114257805740937
7205,72.050000000,triangle_f2,0.001120000,2047,114257815049404,114257815899567
7206,72.060000000,triangle_f2,0.001400000,2047,114257825047990,114257825908068
7207,72.070000000,triangle_f2,0.001680000,2047,114257835049246,114257835895892
7208,72.080000000,triangle_f2,0.001960000,2047,114257845041596,114257845788191
7209,72.090000000,triangle_f2,0.002240000,2047,114257855054459,114257855781596
7210,72.100000000,triangle_f2,0.002520000,2046,114257865046074,114257865789682
7211,72.110000000,triangle_f2,0.002800000,2046,114257875053009,114257875730516
7212,72.120000000,triangle_f2,0.003080000,2046,114257885044545,114257885723085
7213,72.130000000,triangle_f2,0.003360000,2046,114257895055760,114257895719199
7214,72.140000000,triangle_f2,0.003640000,2046,114257905054734,114257905726990
7215,72.150000000,triangle_f2,0.003920000,2045,114257915044479,114257915708504
7216,72.160000000,triangle_f2,0.004200000,2045,114257925053823,114257925718852
7217,72.170000000,triangle_f2,0.004480000,2045,114257935046570,114257935723797
7218,72.180000000,triangle_f2,0.004760000,2045,114257945065242,114257945717896
7219,72.190000000,triangle_f2,0.005040000,2045,114257955058414,114257955719651
7220,72.200000000,triangle_f2,0.005320000,2045,114257965057286,114257965719558
7221,72.210000000,triangle_f2,0.005600000,2044,114257975050692,114257975723035
7222,72.220000000,triangle_f2,0.005880000,2044,114257985050727,114257985719187
7223,72.230000000,triangle_f2,0.006160000,2044,114257995045090,114257995720854
7224,72.240000000,triangle_f2,0.006440000,2044,114258005056661,114258005736296
7225,72.250000000,triangle_f2,0.006720000,2044,114258015044958,114258015723500
7226,72.260000000,triangle_f2,0.007000000,2043,114258025046807,114258025719112
7227,72.270000000,triangle_f2,0.007280000,2043,114258035045572,114258035719708
7228,72.280000000,triangle_f2,0.007560000,2043,114258045051348,114258045720036
7229,72.290000000,triangle_f2,0.007840000,2043,114258055044768,114258055720559
7230,72.300000000,triangle_f2,0.008120000,2043,114258065047961,114258065719312
7231,72.310000000,triangle_f2,0.008400000,2043,114258075044773,114258075716479
7232,72.320000000,triangle_f2,0.008680000,2042,114258085053205,114258085720140
7233,72.330000000,triangle_f2,0.008960000,2042,114258095047075,114258095719492
7234,72.340000000,triangle_f2,0.009240000,2042,114258105050580,114258105783913
7235,72.350000000,triangle_f2,0.009520000,2042,114258115048548,114258115800873
7236,72.360000000,triangle_f2,0.009800000,2042,114258125040788,114258125793301
7237,72.370000000,triangle_f2,0.010080000,2041,114258135052875,114258135782814
7238,72.380000000,triangle_f2,0.010360000,2041,114258145047150,114258145783093
7239,72.390000000,triangle_f2,0.010640000,2041,114258154988509,114258155763895
7240,72.400000000,triangle_f2,0.010920000,2041,114258165045388,114258165760778
7241,72.410000000,triangle_f2,0.011200000,2041,114258175042502,114258175717780
7242,72.420000000,triangle_f2,0.011480000,2041,114258185048978,114258185705632
7243,72.430000000,triangle_f2,0.011760000,2040,114258195050091,114258195702353
7244,72.440000000,triangle_f2,0.012040000,2040,114258205046966,114258205774927
7245,72.450000000,triangle_f2,0.012320000,2040,114258215046310,114258215764430
7246,72.460000000,triangle_f2,0.012600000,2040,114258225051543,114258225763774
7247,72.470000000,triangle_f2,0.012880000,2040,114258235047399,114258235762557
7248,72.480000000,triangle_f2,0.013160000,2039,114258245045942,114258245762734
7249,72.490000000,triangle_f2,0.013440000,2039,114258255041645,114258255765101
7250,72.500000000,triangle_f2,0.013720000,2039,114258265061476,114258265703278
7251,72.510000000,triangle_f2,0.014000000,2039,114258275051132,114258275701061
7252,72.520000000,triangle_f2,0.014280000,2039,114258285041134,114258285698631
7253,72.530000000,triangle_f2,0.014560000,2039,114258295047944,114258295697106
7254,72.540000000,triangle_f2,0.014840000,2038,114258305049137,114258305702524
7255,72.550000000,triangle_f2,0.015120000,2038,114258315047728,114258315702653
7256,72.560000000,triangle_f2,0.015400000,2038,114258325048877,114258325761123
7257,72.570000000,triangle_f2,0.015680000,2038,114258335047675,114258335702293
7258,72.580000000,triangle_f2,0.015960000,2038,114258345048989,114258345698268
7259,72.590000000,triangle_f2,0.016240000,2037,114258355047734,114258355769707
7260,72.600000000,triangle_f2,0.016520000,2037,114258364978925,114258365700820
7261,72.610000000,triangle_f2,0.016800000,2037,114258374969980,114258375675291
7262,72.620000000,triangle_f2,0.017080000,2037,114258384967948,114258385675618
7263,72.630000000,triangle_f2,0.017360000,2037,114258394967037,114258395681376
7264,72.640000000,triangle_f2,0.017640000,2037,114258404969837,114258405691017
7265,72.650000000,triangle_f2,0.017920000,2036,114258414966541,114258415749141
7266,72.660000000,triangle_f2,0.018200000,2036,114258424965963,114258425753681
7267,72.670000000,triangle_f2,0.018480000,2036,114258434966436,114258435748871
7268,72.680000000,triangle_f2,0.018760000,2036,114258444965949,114258445743054
7269,72.690000000,triangle_f2,0.019040000,2036,114258454966591,114258455687069
7270,72.700000000,triangle_f2,0.019320000,2035,114258465039582,114258465767441
7271,72.710000000,triangle_f2,0.019600000,2035,114258475043527,114258475774462
7272,72.720000000,triangle_f2,0.019880000,2035,114258485041482,114258485772694
7273,72.730000000,triangle_f2,0.020160000,2035,114258495042001,114258495873954
7274,72.740000000,triangle_f2,0.020440000,2035,114258504990144,114258505762339
7275,72.750000000,triangle_f2,0.020720000,2034,114258514997183,114258515769211
7276,72.760000000,triangle_f2,0.021000000,2034,114258524969218,114258525745487
7277,72.770000000,triangle_f2,0.021280000,2034,114258535041330,114258535775077
7278,72.780000000,triangle_f2,0.021560000,2034,114258545040751,114258545771706
7279,72.790000000,triangle_f2,0.021840000,2034,114258555024938,114258555705142
7280,72.800000000,triangle_f2,0.022120000,2034,114258565044872,114258565737935
7281,72.810000000,triangle_f2,0.022400000,2033,114258574970487,114258575740721
7282,72.820000000,triangle_f2,0.022680000,2033,114258584971880,114258585664844
7283,72.830000000,triangle_f2,0.022960000,2033,114258594966852,114258595671169
7284,72.840000000,triangle_f2,0.023240000,2033,114258604966756,114258605736302
7285,72.850000000,triangle_f2,0.023520000,2033,114258614966372,114258615724979
7286,72.860000000,triangle_f2,0.023800000,2032,114258624966465,114258625721914
7287,72.870000000,triangle_f2,0.024080000,2032,114258634967783,114258635729216
7288,72.880000000,triangle_f2,0.024360000,2032,114258644966382,114258645735234
7289,72.890000000,triangle_f2,0.024640000,2032,114258654966211,114258655692284
7290,72.900000000,triangle_f2,0.024920000,2032,114258664966406,114258665669331
7291,72.910000000,triangle_f2,0.025200000,2032,114258674966178,114258675671230
7292,72.920000000,triangle_f2,0.025480000,2031,114258684967296,114258685676126
7293,72.930000000,triangle_f2,0.025760000,2031,114258694966224,114258695668159
7294,72.940000000,triangle_f2,0.026040000,2031,114258704972537,114258705672958
7295,72.950000000,triangle_f2,0.026320000,2031,114258714972114,114258715679966
7296,72.960000000,triangle_f2,0.026600000,2031,114258724968727,114258725666593
7297,72.970000000,triangle_f2,0.026880000,2030,114258734968260,114258735671938
7298,72.980000000,triangle_f2,0.027160000,2030,114258744967250,114258745665055
7299,72.990000000,triangle_f2,0.027440000,2030,114258754966913,114258755665490
7300,73.000000000,triangle_f2,0.027720000,2030,114258764966637,114258765655206
7301,73.010000000,triangle_f2,0.028000000,2030,114258774966375,114258775664528
7302,73.020000000,triangle_f2,0.028280000,2030,114258784966541,114258785670624
7303,73.030000000,triangle_f2,0.028560000,2029,114258794965872,114258795657687
7304,73.040000000,triangle_f2,0.028840000,2029,114258804966038,114258805665805
7305,73.050000000,triangle_f2,0.029120000,2029,114258814966910,114258815732301
7306,73.060000000,triangle_f2,0.029400000,2029,114258824967058,114258825733111
7307,73.070000000,triangle_f2,0.029680000,2029,114258834967049,114258835730421
7308,73.080000000,triangle_f2,0.029960000,2028,114258844967211,114258845728767
7309,73.090000000,triangle_f2,0.030240000,2028,114258854966609,114258855679529
7310,73.100000000,triangle_f2,0.030520000,2028,114258864967135,114258865731492
7311,73.110000000,triangle_f2,0.030800000,2028,114258874966052,114258875737038
7312,73.120000000,triangle_f2,0.031080000,2028,114258884966853,114258885739496
7313,73.130000000,triangle_f2,0.031360000,2028,114258894966140,114258895728775
7314,73.140000000,triangle_f2,0.031640000,2027,114258904968202,114258905702095
7315,73.150000000,triangle_f2,0.031920000,2027,114258914976658,114258915675315
7316,73.160000000,triangle_f2,0.032200000,2027,114258924968407,114258925735460
7317,73.170000000,triangle_f2,0.032480000,2027,114258934967984,114258935681115
7318,73.180000000,triangle_f2,0.032760000,2027,114258944971773,114258945745840
7319,73.190000000,triangle_f2,0.033040000,2026,114258954966710,114258955664567
7320,73.200000000,triangle_f2,0.033320000,2026,114258964967870,114258965709424
7321,73.210000000,triangle_f2,0.033600000,2026,114258974966730,114258975706574
7322,73.220000000,triangle_f2,0.033880000,2026,114258984967048,114258985670114
7323,73.230000000,triangle_f2,0.034160000,2026,114258994966104,114258995645886
7324,73.240000000,triangle_f2,0.034440000,2026,114259004966187,114259005638395
7325,73.250000000,triangle_f2,0.034720000,2025,114259014965653,114259015706082
7326,73.260000000,triangle_f2,0.035000000,2025,114259024966180,114259025702595
7327,73.270000000,triangle_f2,0.035280000,2025,114259034967881,114259035707980
7328,73.280000000,triangle_f2,0.035560000,2025,114259044966826,114259045719303
7329,73.290000000,triangle_f2,0.035840000,2025,114259054966260,114259055712523
7330,73.300000000,triangle_f2,0.036120000,2024,114259064966854,114259065709424
7331,73.310000000,triangle_f2,0.036400000,2024,114259074966082,114259075657860
7332,73.320000000,triangle_f2,0.036680000,2024,114259084967598,114259085649280
7333,73.330000000,triangle_f2,0.036960000,2024,114259094965936,114259095645908
7334,73.340000000,triangle_f2,0.037240000,2024,114259104965597,114259105720332
7335,73.350000000,triangle_f2,0.037520000,2024,114259114966074,114259115720262
7336,73.360000000,triangle_f2,0.037800000,2023,114259124967163,114259125706331
7337,73.370000000,triangle_f2,0.038080000,2023,114259134973454,114259135650537
7338,73.380000000,triangle_f2,0.038360000,2023,114259144966521,114259145649261
7339,73.390000000,triangle_f2,0.038640000,2023,114259154965667,114259155658291
7340,73.400000000,triangle_f2,0.038920000,2023,114259164966671,114259165645592
7341,73.410000000,triangle_f2,0.039200000,2022,114259174965847,114259175637285
7342,73.420000000,triangle_f2,0.039480000,2022,114259184966526,114259185664612
7343,73.430000000,triangle_f2,0.039760000,2022,114259194965595,114259195637815
7344,73.440000000,triangle_f2,0.040040000,2022,114259204967641,114259205645367
7345,73.450000000,triangle_f2,0.040320000,2022,114259214966565,114259215646735
7346,73.460000000,triangle_f2,0.040600000,2022,114259224965488,114259225645338
7347,73.470000000,triangle_f2,0.040880000,2021,114259234968557,114259235648092
7348,73.480000000,triangle_f2,0.041160000,2021,114259244966269,114259245641729
7349,73.490000000,triangle_f2,0.041440000,2021,114259254965979,114259255660966
7350,73.500000000,triangle_f2,0.041720000,2021,114259264966083,114259265639521
7351,73.510000000,triangle_f2,0.042000000,2021,114259274966617,114259275645290
7352,73.520000000,triangle_f2,0.042280000,2020,114259284969664,114259285645823
7353,73.530000000,triangle_f2,0.042560000,2020,114259294966768,114259295650522
7354,73.540000000,triangle_f2,0.042840000,2020,114259304966633,114259305662073
7355,73.550000000,triangle_f2,0.043120000,2020,114259314966838,114259315706234
7356,73.560000000,triangle_f2,0.043400000,2020,114259324968054,114259325705638
7357,73.570000000,triangle_f2,0.043680000,2020,114259334975352,114259335667180
7358,73.580000000,triangle_f2,0.043960000,2019,114259344969208,114259345651589
7359,73.590000000,triangle_f2,0.044240000,2019,114259354967092,114259355644573
7360,73.600000000,triangle_f2,0.044520000,2019,114259364971244,114259365639937
7361,73.610000000,triangle_f2,0.044800000,2019,114259374966853,114259375644722
7362,73.620000000,triangle_f2,0.045080000,2019,114259384968127,114259385626348
7363,73.630000000,triangle_f2,0.045360000,2018,114259394965992,114259395637802
7364,73.640000000,triangle_f2,0.045640000,2018,114259404969481,114259405618304
7365,73.650000000,triangle_f2,0.045920000,2018,114259414966818,114259415618825
7366,73.660000000,triangle_f2,0.046200000,2018,114259424965863,114259425625786
7367,73.670000000,triangle_f2,0.046480000,2018,114259434968692,114259435625734
7368,73.680000000,triangle_f2,0.046760000,2018,114259444966760,114259445626530
7369,73.690000000,triangle_f2,0.047040000,2017,114259454967773,114259455688041
7370,73.700000000,triangle_f2,0.047320000,2017,114259464968185,114259465693677
7371,73.710000000,triangle_f2,0.047600000,2017,114259474966538,114259475683667
7372,73.720000000,triangle_f2,0.047880000,2017,114259484966878,114259485682191
7373,73.730000000,triangle_f2,0.048160000,2017,114259494965605,114259495687258
7374,73.740000000,triangle_f2,0.048440000,2016,114259504966312,114259505692033
7375,73.750000000,triangle_f2,0.048720000,2016,114259514967760,114259515683914
7376,73.760000000,triangle_f2,0.049000000,2016,114259524966169,114259525687834
7377,73.770000000,triangle_f2,0.049280000,2016,114259534967228,114259535649925
7378,73.780000000,triangle_f2,0.049560000,2016,114259544969944,114259545689342
7379,73.790000000,triangle_f2,0.049840000,2016,114259554974993,114259555702924
7380,73.800000000,triangle_f2,0.050120000,2015,114259564972501,114259565625249
7381,73.810000000,triangle_f2,0.050400000,2015,114259574968077,114259575627657
7382,73.820000000,triangle_f2,0.050680000,2015,114259584969155,114259585626253
7383,73.830000000,triangle_f2,0.050960000,2015,114259594966927,114259595624910
7384,73.840000000,triangle_f2,0.051240000,2015,114259604966697,114259605628556
7385,73.850000000,triangle_f2,0.051520000,2014,114259614967713,114259615689103
7386,73.860000000,triangle_f2,0.051800000,2014,114259624966305,114259625685655
7387,73.870000000,triangle_f2,0.052080000,2014,114259634968215,114259635640665
7388,73.880000000,triangle_f2,0.052360000,2014,114259644966254,114259645693547
7389,73.890000000,triangle_f2,0.052640000,2014,114259654967618,114259655640105
7390,73.900000000,triangle_f2,0.052920000,2014,114259664968452,114259665689467
7391,73.910000000,triangle_f2,0.053200000,2013,114259674966611,114259675684389
7392,73.920000000,triangle_f2,0.053480000,2013,114259684966941,114259685628403
7393,73.930000000,triangle_f2,0.053760000,2013,114259694966603,114259695621655
7394,73.940000000,triangle_f2,0.054040000,2013,114259704970111,114259705628956
7395,73.950000000,triangle_f2,0.054320000,2013,114259714966874,114259715615178
7396,73.960000000,triangle_f2,0.054600000,2012,114259724965530,114259725627388
7397,73.970000000,triangle_f2,0.054880000,2012,114259734966244,114259735621300
7398,73.980000000,triangle_f2,0.055160000,2012,114259744965222,114259745625417
7399,73.990000000,triangle_f2,0.055440000,2012,114259754967416,114259755617012
7400,74.000000000,triangle_f2,0.055720000,2012,114259764974667,114259765634349
7401,74.010000000,triangle_f2,0.056000000,2011,114259774970040,114259775626644
7402,74.020000000,triangle_f2,0.056280000,2011,114259784969642,114259785619910
7403,74.030000000,triangle_f2,0.056560000,2011,114259794966330,114259795628044
7404,74.040000000,triangle_f2,0.056840000,2011,114259804965708,114259805593254
7405,74.050000000,triangle_f2,0.057120000,2011,114259814966076,114259815598620
7406,74.060000000,triangle_f2,0.057400000,2011,114259824965990,114259825615368
7407,74.070000000,triangle_f2,0.057680000,2010,114259834968438,114259835606529
7408,74.080000000,triangle_f2,0.057960000,2010,114259844965694,114259845605777
7409,74.090000000,triangle_f2,0.058240000,2010,114259854965303,114259855605210
7410,74.100000000,triangle_f2,0.058520000,2010,114259864978926,114259865618732
7411,74.110000000,triangle_f2,0.058800000,2010,114259875043490,114259875634764
7412,74.120000000,triangle_f2,0.059080000,2009,114259885046862,114259885612889
7413,74.130000000,triangle_f2,0.059360000,2009,114259895045236,114259895615521
7414,74.140000000,triangle_f2,0.059640000,2009,114259904978242,114259905619305
7415,74.150000000,triangle_f2,0.059920000,2009,114259914990084,114259915793336
7416,74.160000000,triangle_f2,0.060200000,2009,114259925051649,114259925617083
7417,74.170000000,triangle_f2,0.060480000,2009,114259935048802,114259935614899
7418,74.180000000,triangle_f2,0.060760000,2008,114259945052360,114259945626935
7419,74.190000000,triangle_f2,0.061040000,2008,114259954968533,114259955632044
7420,74.200000000,triangle_f2,0.061320000,2008,114259964970550,114259965666981
7421,74.210000000,triangle_f2,0.061600000,2008,114259974965527,114259975668414
7422,74.220000000,triangle_f2,0.061880000,2008,114259984969087,114259985670872
7423,74.230000000,triangle_f2,0.062160000,2007,114259994966971,114259995666315
7424,74.240000000,triangle_f2,0.062440000,2007,114260004966732,114260005631625
7425,74.250000000,triangle_f2,0.062720000,2007,114260014964817,114260015666613
7426,74.260000000,triangle_f2,0.063000000,2007,114260024964526,114260025666033
7427,74.270000000,triangle_f2,0.063280000,2007,114260034966523,114260035671344
7428,74.280000000,triangle_f2,0.063560000,2007,114260044966474,114260045666110
7429,74.290000000,triangle_f2,0.063840000,2006,114260054965742,114260055625680
7430,74.300000000,triangle_f2,0.064120000,2006,114260064967731,114260065668709
7431,74.310000000,triangle_f2,0.064400000,2006,114260074968984,114260075672099
7432,74.320000000,triangle_f2,0.064680000,2006,114260084966378,114260085671533
7433,74.330000000,triangle_f2,0.064960000,2006,114260094966731,114260095667450
7434,74.340000000,triangle_f2,0.065240000,2005,114260104967255,114260105629172
7435,74.350000000,triangle_f2,0.065520000,2005,114260114966205,114260115668788
7436,74.360000000,triangle_f2,0.065800000,2005,114260124965650,114260125661140
7437,74.370000000,triangle_f2,0.066080000,2005,114260134965945,114260135661422
7438,74.380000000,triangle_f2,0.066360000,2005,114260144966099,114260145662724
7439,74.390000000,triangle_f2,0.066640000,2005,114260154970787,114260155630667
7440,74.400000000,triangle_f2,0.066920000,2004,114260164975149,114260165621122
7441,74.410000000,triangle_f2,0.067200000,2004,114260174970552,114260175592221
7442,74.420000000,triangle_f2,0.067480000,2004,114260184973729,114260185617185
7443,74.430000000,triangle_f2,0.067760000,2004,114260194967903,114260195603101
7444,74.440000000,triangle_f2,0.068040000,2004,114260204967234,114260205605455
7445,74.450000000,triangle_f2,0.068320000,2003,114260214966693,114260215645020
7446,74.460000000,triangle_f2,0.068600000,2003,114260224965710,114260225641538
7447,74.470000000,triangle_f2,0.068880000,2003,114260234969143,114260235648361
7448,74.480000000,triangle_f2,0.069160000,2003,114260244966177,114260245646037
7449,74.490000000,triangle_f2,0.069440000,2003,114260254965927,114260255607479
7450,74.500000000,triangle_f2,0.069720000,2003,114260264967338,114260265648752
7451,74.510000000,triangle_f2,0.070000000,2002,114260274968251,114260275646620
7452,74.520000000,triangle_f2,0.069720000,2003,114260284972002,114260285662394
7453,74.530000000,triangle_f2,0.069440000,2003,114260294967271,114260295643662
7454,74.540000000,triangle_f2,0.069160000,2003,114260304966873,114260305609548
7455,74.550000000,triangle_f2,0.068880000,2003,114260314966330,114260315647805
7456,74.560000000,triangle_f2,0.068600000,2003,114260324966042,114260325646001
7457,74.570000000,triangle_f2,0.068320000,2003,114260334968579,114260335650324
7458,74.580000000,triangle_f2,0.068040000,2004,114260344966068,114260345641522
7459,74.590000000,triangle_f2,0.067760000,2004,114260354966270,114260355608535
7460,74.600000000,triangle_f2,0.067480000,2004,114260364968540,114260365648548
7461,74.610000000,triangle_f2,0.067200000,2004,114260374970376,114260375643483
7462,74.620000000,triangle_f2,0.066920000,2004,114260384977399,114260385591165
7463,74.630000000,triangle_f2,0.066640000,2005,114260394966847,114260395581548
7464,74.640000000,triangle_f2,0.066360000,2005,114260404966105,114260405573084
7465,74.650000000,triangle_f2,0.066080000,2005,114260414966357,114260415643886
7466,74.660000000,triangle_f2,0.065800000,2005,114260424965773,114260425646608
7467,74.670000000,triangle_f2,0.065520000,2005,114260434968716,114260435646238
7468,74.680000000,triangle_f2,0.065240000,2005,114260444965983,114260445645480
7469,74.690000000,triangle_f2,0.064960000,2006,114260454966355,114260455604475
7470,74.700000000,triangle_f2,0.064680000,2006,114260464967843,114260465607844
7471,74.710000000,triangle_f2,0.064400000,2006,114260474968240,114260475586689
7472,74.720000000,triangle_f2,0.064120000,2006,114260484969864,114260485588674
7473,74.730000000,triangle_f2,0.063840000,2006,114260494965891,114260495586671
7474,74.740000000,triangle_f2,0.063560000,2007,114260504966192,114260505608709
7475,74.750000000,triangle_f2,0.063280000,2007,114260514966004,114260515642375
7476,74.760000000,triangle_f2,0.063000000,2007,114260524966091,114260525646135
7477,74.770000000,triangle_f2,0.062720000,2007,114260534969604,114260535656373
7478,74.780000000,triangle_f2,0.062440000,2007,114260544966951,114260545649047
7479,74.790000000,triangle_f2,0.062160000,2007,114260554966664,114260555612024
7480,74.800000000,triangle_f2,0.061880000,2008,114260564967222,114260565652931
7481,74.810000000,triangle_f2,0.061600000,2008,114260574968874,114260575656313
7482,74.820000000,triangle_f2,0.061320000,2008,114260584979892,114260585664574
7483,74.830000000,triangle_f2,0.061040000,2008,114260594970245,114260595656511
7484,74.840000000,triangle_f2,0.060760000,2008,114260604967725,114260605600193
7485,74.850000000,triangle_f2,0.060480000,2009,114260614967530,114260615642571
7486,74.860000000,triangle_f2,0.060200000,2009,114260624965551,114260625651169
7487,74.870000000,triangle_f2,0.059920000,2009,114260634969476,114260635624691
7488,74.880000000,triangle_f2,0.059640000,2009,114260644967282,114260645641238
7489,74.890000000,triangle_f2,0.059360000,2009,114260654966301,114260655588933
7490,74.900000000,triangle_f2,0.059080000,2009,114260664967785,114260665626480
7491,74.910000000,triangle_f2,0.058800000,2010,114260674966896,114260675632595
7492,74.920000000,triangle_f2,0.058520000,2010,114260684971486,114260685637998
7493,74.930000000,triangle_f2,0.058240000,2010,114260694967123,114260695630082
7494,74.940000000,triangle_f2,0.057960000,2010,114260704966356,114260705627904
7495,74.950000000,triangle_f2,0.057680000,2010,114260714966390,114260715623073
7496,74.960000000,triangle_f2,0.057400000,2011,114260724965843,114260725626654
7497,74.970000000,triangle_f2,0.057120000,2011,114260734969014,114260735570560
7498,74.980000000,triangle_f2,0.056840000,2011,114260744965739,114260745560765
7499,74.990000000,triangle_f2,0.056560000,2011,114260754966188,114260755575443
7500,75.000000000,triangle_f2,0.056280000,2011,114260764967796,114260765638275
7501,75.010000000,triangle_f2,0.056000000,2011,114260774970340,114260775632036
7502,75.020000000,triangle_f2,0.055720000,2012,114260784976948,114260785573777
7503,75.030000000,triangle_f2,0.055440000,2012,114260794966815,114260795563442
7504,75.040000000,triangle_f2,0.055160000,2012,114260804966159,114260805553538
7505,75.050000000,triangle_f2,0.054880000,2012,114260814967539,114260815619106
7506,75.060000000,triangle_f2,0.054600000,2012,114260824965884,114260825625817
7507,75.070000000,triangle_f2,0.054320000,2013,114260834969385,114260835625569
7508,75.080000000,triangle_f2,0.054040000,2013,114260844966032,114260845631471
7509,75.090000000,triangle_f2,0.053760000,2013,114260854965576,114260855629827
7510,75.100000000,triangle_f2,0.053480000,2013,114260864969593,114260865575895
7511,75.110000000,triangle_f2,0.053200000,2013,114260874969697,114260875568419
7512,75.120000000,triangle_f2,0.052920000,2014,114260884969671,114260885626614
7513,75.130000000,triangle_f2,0.052640000,2014,114260894966598,114260895633727
7514,75.140000000,triangle_f2,0.052360000,2014,114260904966240,114260905625647
7515,75.150000000,triangle_f2,0.052080000,2014,114260914966121,114260915619365
7516,75.160000000,triangle_f2,0.051800000,2014,114260924965833,114260925631070
7517,75.170000000,triangle_f2,0.051520000,2014,114260934969534,114260935625530
7518,75.180000000,triangle_f2,0.051240000,2015,114260944971498,114260945628113
7519,75.190000000,triangle_f2,0.050960000,2015,114260954967177,114260955623059
7520,75.200000000,triangle_f2,0.050680000,2015,114260964968212,114260965625160
7521,75.210000000,triangle_f2,0.050400000,2015,114260974968020,114260975628268
7522,75.220000000,triangle_f2,0.050120000,2015,114260984967007,114260985600914
7523,75.230000000,triangle_f2,0.049840000,2016,114260994971363,114260995566999
7524,75.240000000,triangle_f2,0.049560000,2016,114261004974089,114261005574939
7525,75.250000000,triangle_f2,0.049280000,2016,114261014967893,114261015555030
7526,75.260000000,triangle_f2,0.049000000,2016,114261024966051,114261025559325
7527,75.270000000,triangle_f2,0.048720000,2016,114261034969529,114261035567618
7528,75.280000000,triangle_f2,0.048440000,2016,114261044966246,114261045621534
7529,75.290000000,triangle_f2,0.048160000,2017,114261054966324,114261055566586
7530,75.300000000,triangle_f2,0.047880000,2017,114261064967805,114261065603230
7531,75.310000000,triangle_f2,0.047600000,2017,114261074967971,114261075618570
7532,75.320000000,triangle_f2,0.047320000,2017,114261084969670,114261085605246
7533,75.330000000,triangle_f2,0.047040000,2017,114261094966460,114261095599205
7534,75.340000000,triangle_f2,0.046760000,2018,114261104966107,114261105566408
7535,75.350000000,triangle_f2,0.046480000,2018,114261114966451,114261115608094
7536,75.360000000,triangle_f2,0.046200000,2018,114261124966441,114261125598851
7537,75.370000000,triangle_f2,0.045920000,2018,114261134968661,114261135601670
7538,75.380000000,triangle_f2,0.045640000,2018,114261144966232,114261145604756
7539,75.390000000,triangle_f2,0.045360000,2018,114261154966038,114261155547907
7540,75.400000000,triangle_f2,0.045080000,2019,114261164967762,114261165546506
7541,75.410000000,triangle_f2,0.044800000,2019,114261174967977,114261175546602
7542,75.420000000,triangle_f2,0.044520000,2019,114261184968218,114261185548163
7543,75.430000000,triangle_f2,0.044240000,2019,114261194966024,114261195547490
7544,75.440000000,triangle_f2,0.043960000,2019,114261204966300,114261205563602
7545,75.450000000,triangle_f2,0.043680000,2020,114261214976284,114261215618084
7546,75.460000000,triangle_f2,0.043400000,2020,114261224966894,114261225602703
7547,75.470000000,triangle_f2,0.043120000,2020,114261234969194,114261235604316
7548,75.480000000,triangle_f2,0.042840000,2020,114261244966198,114261245596709
7549,75.490000000,triangle_f2,0.042560000,2020,114261254965920,114261255568115
7550,75.500000000,triangle_f2,0.042280000,2020,114261264967625,114261265606284
7551,75.510000000,triangle_f2,0.042000000,2021,114261274968040,114261275601904
7552,75.520000000,triangle_f2,0.041720000,2021,114261284972846,114261285608393
7553,75.530000000,triangle_f2,0.041440000,2021,114261294967032,114261295601142
7554,75.540000000,triangle_f2,0.041160000,2021,114261304966694,114261305568341
7555,75.550000000,triangle_f2,0.040880000,2021,114261314966808,114261315604106
7556,75.560000000,triangle_f2,0.040600000,2022,114261324967311,114261325601180
7557,75.570000000,triangle_f2,0.040320000,2022,114261334969213,114261335607312
7558,75.580000000,triangle_f2,0.040040000,2022,114261344972924,114261345554734
7559,75.590000000,triangle_f2,0.039760000,2022,114261354968318,114261355543081
7560,75.600000000,triangle_f2,0.039480000,2022,114261364968831,114261365551596
7561,75.610000000,triangle_f2,0.039200000,2022,114261374968706,114261375536804
7562,75.620000000,triangle_f2,0.038920000,2023,114261384969096,114261385546747
7563,75.630000000,triangle_f2,0.038640000,2023,114261394966121,114261395530984
7564,75.640000000,triangle_f2,0.038360000,2023,114261404965636,114261405542647
7565,75.650000000,triangle_f2,0.038080000,2023,114261414966405,114261415606205
7566,75.660000000,triangle_f2,0.037800000,2023,114261424968219,114261425602520
7567,75.670000000,triangle_f2,0.037520000,2024,114261434978263,114261435565027
7568,75.680000000,triangle_f2,0.037240000,2024,114261444967458,114261445602410
7569,75.690000000,triangle_f2,0.036960000,2024,114261454967125,114261455569359
7570,75.700000000,triangle_f2,0.036680000,2024,114261464968474,114261465566094
7571,75.710000000,triangle_f2,0.036400000,2024,114261474968262,114261475527872
7572,75.720000000,triangle_f2,0.036120000,2024,114261484969716,114261485531892
7573,75.730000000,triangle_f2,0.035840000,2025,114261494965844,114261495523513
7574,75.740000000,triangle_f2,0.035560000,2025,114261504966164,114261505525677
7575,75.750000000,triangle_f2,0.035280000,2025,114261514970513,114261515524533
7576,75.760000000,triangle_f2,0.035000000,2025,114261524965971,114261525525398
7577,75.770000000,triangle_f2,0.034720000,2025,114261534969079,114261535526820
7578,75.780000000,triangle_f2,0.034440000,2026,114261544966595,114261545521966
7579,75.790000000,triangle_f2,0.034160000,2026,114261554966527,114261555523684
7580,75.800000000,triangle_f2,0.033880000,2026,114261564967658,114261565525959
7581,75.810000000,triangle_f2,0.033600000,2026,114261574968255,114261575526726
7582,75.820000000,triangle_f2,0.033320000,2026,114261584969058,114261585527121
7583,75.830000000,triangle_f2,0.033040000,2026,114261594966026,114261595525599
7584,75.840000000,triangle_f2,0.032760000,2027,114261604965583,114261605526838
7585,75.850000000,triangle_f2,0.032480000,2027,114261614965913,114261615520075
7586,75.860000000,triangle_f2,0.032200000,2027,114261624966400,114261625524765
7587,75.870000000,triangle_f2,0.031920000,2027,114261634967887,114261635526965
7588,75.880000000,triangle_f2,0.031640000,2027,114261644967553,114261645526172
7589,75.890000000,triangle_f2,0.031360000,2028,114261654974883,114261655535244
7590,75.900000000,triangle_f2,0.031080000,2028,114261664968724,114261665527436
7591,75.910000000,triangle_f2,0.030800000,2028,114261674969160,114261675524420
7592,75.920000000,triangle_f2,0.030520000,2028,114261684967285,114261685526416
7593,75.930000000,triangle_f2,0.030240000,2028,114261694966458,114261695520314
7594,75.940000000,triangle_f2,0.029960000,2028,114261704966971,114261705519673
7595,75.950000000,triangle_f2,0.029680000,2029,114261714966416,114261715521530
7596,75.960000000,triangle_f2,0.029400000,2029,114261724967072,114261725542176
7597,75.970000000,triangle_f2,0.029120000,2029,114261734972657,114261735526259
7598,75.980000000,triangle_f2,0.028840000,2029,114261744970270,114261745520322
7599,75.990000000,triangle_f2,0.028560000,2029,114261754966608,114261755522962
7600,76.000000000,triangle_f2,0.028280000,2030,114261764967525,114261765527525
7601,76.010000000,triangle_f2,0.028000000,2030,114261774968624,114261775531813
7602,76.020000000,triangle_f2,0.027720000,2030,114261784970175,114261785524557
7603,76.030000000,triangle_f2,0.027440000,2030,114261794965214,114261795521801
7604,76.040000000,triangle_f2,0.027160000,2030,114261804966068,114261805514415
7605,76.050000000,triangle_f2,0.026880000,2030,114261814967115,114261815523123
7606,76.060000000,triangle_f2,0.026600000,2031,114261824965198,114261825524363
7607,76.070000000,triangle_f2,0.026320000,2031,114261834968806,114261835528637
7608,76.080000000,triangle_f2,0.026040000,2031,114261844967291,114261845526739
7609,76.090000000,triangle_f2,0.025760000,2031,114261854972574,114261855531659
7610,76.100000000,triangle_f2,0.025480000,2031,114261864968990,114261865528176
7611,76.110000000,triangle_f2,0.025200000,2032,114261874969009,114261875527457
7612,76.120000000,triangle_f2,0.024920000,2032,114261884969105,114261885508672
7613,76.130000000,triangle_f2,0.024640000,2032,114261894966002,114261895505787
7614,76.140000000,triangle_f2,0.024360000,2032,114261904965616,114261905499485
7615,76.150000000,triangle_f2,0.024080000,2032,114261914968824,114261915504514
7616,76.160000000,triangle_f2,0.023800000,2032,114261924965188,114261925503506
7617,76.170000000,triangle_f2,0.023520000,2033,114261934969764,114261935504217
7618,76.180000000,triangle_f2,0.023240000,2033,114261944970441,114261945501133
7619,76.190000000,triangle_f2,0.022960000,2033,114261954967590,114261955499764
7620,76.200000000,triangle_f2,0.022680000,2033,114261964967573,114261965506218
7621,76.210000000,triangle_f2,0.022400000,2033,114261974968749,114261975507170
7622,76.220000000,triangle_f2,0.022120000,2034,114261984969914,114261985505150
7623,76.230000000,triangle_f2,0.021840000,2034,114261994965738,114261995497593
7624,76.240000000,triangle_f2,0.021560000,2034,114262004966554,114262005501730
7625,76.250000000,triangle_f2,0.021280000,2034,114262014967445,114262015506971
7626,76.260000000,triangle_f2,0.021000000,2034,114262024966066,114262025510422
7627,76.270000000,triangle_f2,0.020720000,2034,114262034969036,114262035453632
7628,76.280000000,triangle_f2,0.020440000,2035,114262044967201,114262045500718
7629,76.290000000,triangle_f2,0.020160000,2035,114262054978758,114262055526247
7630,76.300000000,triangle_f2,0.019880000,2035,114262064969321,114262065506346
7631,76.310000000,triangle_f2,0.019600000,2035,114262074968815,114262075509847
7632,76.320000000,triangle_f2,0.019320000,2035,114262084970446,114262085505161
7633,76.330000000,triangle_f2,0.019040000,2036,114262094966776,114262095506307
7634,76.340000000,triangle_f2,0.018760000,2036,114262104966333,114262105502518
7635,76.350000000,triangle_f2,0.018480000,2036,114262114966822,114262115503318
7636,76.360000000,triangle_f2,0.018200000,2036,114262124965963,114262125501619
7637,76.370000000,triangle_f2,0.017920000,2036,114262134969310,114262135506088
7638,76.380000000,triangle_f2,0.017640000,2037,114262144964887,114262145506600
7639,76.390000000,triangle_f2,0.017360000,2037,114262154966691,114262155503605
7640,76.400000000,triangle_f2,0.017080000,2037,114262164967794,114262165504542
7641,76.410000000,triangle_f2,0.016800000,2037,114262174966871,114262175506307
7642,76.420000000,triangle_f2,0.016520000,2037,114262184970310,114262185508260
7643,76.430000000,triangle_f2,0.016240000,2037,114262194966671,114262195503046
7644,76.440000000,triangle_f2,0.015960000,2038,114262204966287,114262205500375
7645,76.450000000,triangle_f2,0.015680000,2038,114262215048937,114262215508899
7646,76.460000000,triangle_f2,0.015400000,2038,114262225044158,114262225508627
7647,76.470000000,triangle_f2,0.015120000,2038,114262235048292,114262235463670
7648,76.480000000,triangle_f2,0.014840000,2038,114262245049457,114262245507195
7649,76.490000000,triangle_f2,0.014560000,2039,114262254979093,114262255510924
7650,76.500000000,triangle_f2,0.014280000,2039,114262264969447,114262265500007
7651,76.510000000,triangle_f2,0.014000000,2039,114262274970213,114262275502190
7652,76.520000000,triangle_f2,0.013720000,2039,114262284967305,114262285501905
7653,76.530000000,triangle_f2,0.013440000,2039,114262294968767,114262295503972
7654,76.540000000,triangle_f2,0.013160000,2039,114262304966285,114262305473962
7655,76.550000000,triangle_f2,0.012880000,2040,114262314965254,114262315474690
7656,76.560000000,triangle_f2,0.012600000,2040,114262324965847,114262325474180
7657,76.570000000,triangle_f2,0.012320000,2040,114262334996918,114262335493226
7658,76.580000000,triangle_f2,0.012040000,2040,114262345055316,114262346486768
7659,76.590000000,triangle_f2,0.011760000,2040,114262354989520,114262355491949
7660,76.600000000,triangle_f2,0.011480000,2041,114262364978010,114262365483936
7661,76.610000000,triangle_f2,0.011200000,2041,114262374970632,114262375481517
7662,76.620000000,triangle_f2,0.010920000,2041,114262384969497,114262385480342
7663,76.630000000,triangle_f2,0.010640000,2041,114262394969990,114262395479815
7664,76.640000000,triangle_f2,0.010360000,2041,114262404966807,114262405475513
7665,76.650000000,triangle_f2,0.010080000,2041,114262414965941,114262415479762
7666,76.660000000,triangle_f2,0.009800000,2042,114262425041709,114262425488486
7667,76.670000000,triangle_f2,0.009520000,2042,114262435044869,114262435445880
7668,76.680000000,triangle_f2,0.009240000,2042,114262445048791,114262445488444
7669,76.690000000,triangle_f2,0.008960000,2042,114262455053887,114262456486644
7670,76.700000000,triangle_f2,0.008680000,2042,114262464979281,114262465486195
7671,76.710000000,triangle_f2,0.008400000,2043,114262474966864,114262475482594
7672,76.720000000,triangle_f2,0.008120000,2043,114262484970027,114262485477493
7673,76.730000000,triangle_f2,0.007840000,2043,114262494968675,114262495478262
7674,76.740000000,triangle_f2,0.007560000,2043,114262504967077,114262505472628
7675,76.750000000,triangle_f2,0.007280000,2043,114262514966157,114262515477842
7676,76.760000000,triangle_f2,0.007000000,2043,114262524966715,114262525478826
7677,76.770000000,triangle_f2,0.006720000,2044,114262534966994,114262535473527
7678,76.780000000,triangle_f2,0.006440000,2044,114262545047373,114262545486963
7679,76.790000000,triangle_f2,0.006160000,2044,114262555051352,114262555486253
7680,76.800000000,triangle_f2,0.005880000,2044,114262565049352,114262565491413
7681,76.810000000,triangle_f2,0.005600000,2044,114262575050732,114262575491477
7682,76.820000000,triangle_f2,0.005320000,2045,114262584968590,114262585482060
7683,76.830000000,triangle_f2,0.005040000,2045,114262594970498,114262595483007
7684,76.840000000,triangle_f2,0.004760000,2045,114262604967841,114262605473935
7685,76.850000000,triangle_f2,0.004480000,2045,114262614966430,114262615484216
7686,76.860000000,triangle_f2,0.004200000,2045,114262624965881,114262625475914
7687,76.870000000,triangle_f2,0.003920000,2045,114262634965367,114262635439522
7688,76.880000000,triangle_f2,0.003640000,2046,114262644967001,114262645475271
7689,76.890000000,triangle_f2,0.003360000,2046,114262654974469,114262655488704
7690,76.900000000,triangle_f2,0.003080000,2046,114262664968344,114262665482203
7691,76.910000000,triangle_f2,0.002800000,2046,114262674968923,114262675471109
7692,76.920000000,triangle_f2,0.002520000,2046,114262684969334,114262685479162
7693,76.930000000,triangle_f2,0.002240000,2047,114262694968892,114262695540580
7694,76.940000000,triangle_f2,0.001960000,2047,114262704966362,114262705537112
7695,76.950000000,triangle_f2,0.001680000,2047,114262714966104,114262715541426
7696,76.960000000,triangle_f2,0.001400000,2047,114262724966070,114262725519420
7697,76.970000000,triangle_f2,0.001120000,2047,114262734967645,114262735518171
7698,76.980000000,triangle_f2,0.000840000,2047,114262744966182,114262745522528
7699,76.990000000,triangle_f2,0.000560000,2048,114262754966682,114262755518183
7700,77.000000000,triangle_f2,0.000280000,2048,114262764969883,114262765463526
7701,77.010000000,triangle_f2,0.000000000,2048,114262774968135,114262775455927
7702,77.020000000,triangle_f2,-0.000280000,2048,114262784969159,114262785457860
7703,77.030000000,triangle_f2,-0.000560000,2048,114262794971146,114262795461604
7704,77.040000000,triangle_f2,-0.000840000,2049,114262804967448,114262805528039
7705,77.050000000,triangle_f2,-0.001120000,2049,114262814967365,114262815514598
7706,77.060000000,triangle_f2,-0.001400000,2049,114262824965960,114262825521151
7707,77.070000000,triangle_f2,-0.001680000,2049,114262834965125,114262835476541
7708,77.080000000,triangle_f2,-0.001960000,2049,114262844967119,114262845526833
7709,77.090000000,triangle_f2,-0.002240000,2049,114262854974517,114262855540959
7710,77.100000000,triangle_f2,-0.002520000,2050,114262864970355,114262865531715
7711,77.110000000,triangle_f2,-0.002800000,2050,114262874968700,114262875532866
7712,77.120000000,triangle_f2,-0.003080000,2050,114262884968397,114262885531695
7713,77.130000000,triangle_f2,-0.003360000,2050,114262894968596,114262895522666
7714,77.140000000,triangle_f2,-0.003640000,2050,114262904966320,114262905451496
7715,77.150000000,triangle_f2,-0.003920000,2051,114262914966271,114262915456190
7716,77.160000000,triangle_f2,-0.004200000,2051,114262924965843,114262925452163
7717,77.170000000,triangle_f2,-0.004480000,2051,114262935043387,114262936465947
7718,77.180000000,triangle_f2,-0.004760000,2051,114262945053182,114262946475853
7719,77.190000000,triangle_f2,-0.005040000,2051,114262955046880,114262956462614
7720,77.200000000,triangle_f2,-0.005320000,2051,114262964991979,114262966463283
7721,77.210000000,triangle_f2,-0.005600000,2052,114262974969296,114262975459038
7722,77.220000000,triangle_f2,-0.005880000,2052,114262984971054,114262985458153
7723,77.230000000,triangle_f2,-0.006160000,2052,114262994972996,114262995460843
7724,77.240000000,triangle_f2,-0.006440000,2052,114263004968584,114263005455371
7725,77.250000000,triangle_f2,-0.006720000,2052,114263014967291,114263015456307
7726,77.260000000,triangle_f2,-0.007000000,2053,114263024966928,114263025452215
7727,77.270000000,triangle_f2,-0.007280000,2053,114263034966228,114263035420664
7728,77.280000000,triangle_f2,-0.007560000,2053,114263044966056,114263045453351
7729,77.290000000,triangle_f2,-0.007840000,2053,114263054973507,114263055532892
7730,77.300000000,triangle_f2,-0.008120000,2053,114263064967968,114263065530561
7731,77.310000000,triangle_f2,-0.008400000,2053,114263074967058,114263075465274
7732,77.320000000,triangle_f2,-0.008680000,2054,114263084969075,114263085523941
7733,77.330000000,triangle_f2,-0.008960000,2054,114263094968712,114263095525110
7734,77.340000000,triangle_f2,-0.009240000,2054,114263104965535,114263105456772
7735,77.350000000,triangle_f2,-0.009520000,2054,114263114967382,114263115457647
7736,77.360000000,triangle_f2,-0.009800000,2054,114263124966467,114263125452587
7737,77.370000000,triangle_f2,-0.010080000,2055,114263134966928,114263135453464
7738,77.380000000,triangle_f2,-0.010360000,2055,114263144965938,114263145437896
7739,77.390000000,triangle_f2,-0.010640000,2055,114263154977292,114263155450559
7740,77.400000000,triangle_f2,-0.010920000,2055,114263164968611,114263165436889
7741,77.410000000,triangle_f2,-0.011200000,2055,114263174969475,114263175445928
7742,77.420000000,triangle_f2,-0.011480000,2055,114263184970450,114263185444118
7743,77.430000000,triangle_f2,-0.011760000,2056,114263194966840,114263195441810
7744,77.440000000,triangle_f2,-0.012040000,2056,114263204966335,114263205443204
7745,77.450000000,triangle_f2,-0.012320000,2056,114263214966519,114263215438584
7746,77.460000000,triangle_f2,-0.012600000,2056,114263224966050,114263225436355
7747,77.470000000,triangle_f2,-0.012880000,2056,114263234970183,114263235449488
7748,77.480000000,triangle_f2,-0.013160000,2057,114263244966079,114263245442879
7749,77.490000000,triangle_f2,-0.013440000,2057,114263254971971,114263255510308
7750,77.500000000,triangle_f2,-0.013720000,2057,114263264969323,114263265500871
7751,77.510000000,triangle_f2,-0.014000000,2057,114263274969691,114263275501393
7752,77.520000000,triangle_f2,-0.014280000,2057,114263284973119,114263285442625
7753,77.530000000,triangle_f2,-0.014560000,2057,114263294966709,114263295431797
7754,77.540000000,triangle_f2,-0.014840000,2058,114263304967394,114263305437285
7755,77.550000000,triangle_f2,-0.015120000,2058,114263314967055,114263315435840
7756,77.560000000,triangle_f2,-0.015400000,2058,114263324966076,114263325441136
7757,77.570000000,triangle_f2,-0.015680000,2058,114263334971839,114263335503906
7758,77.580000000,triangle_f2,-0.015960000,2058,114263344972021,114263345449863
7759,77.590000000,triangle_f2,-0.016240000,2059,114263354971336,114263355437865
7760,77.600000000,triangle_f2,-0.016520000,2059,114263364968930,114263365441367
7761,77.610000000,triangle_f2,-0.016800000,2059,114263374969795,114263375433769
7762,77.620000000,triangle_f2,-0.017080000,2059,114263384968841,114263385431582
7763,77.630000000,triangle_f2,-0.017360000,2059,114263394966920,114263395427135
7764,77.640000000,triangle_f2,-0.017640000,2059,114263404966696,114263405428562
7765,77.650000000,triangle_f2,-0.017920000,2060,114263414967213,114263415432427
7766,77.660000000,triangle_f2,-0.018200000,2060,114263424966088,114263425437692
7767,77.670000000,triangle_f2,-0.018480000,2060,114263434969088,114263435440911
7768,77.680000000,triangle_f2,-0.018760000,2060,114263444966476,114263445434036
7769,77.690000000,triangle_f2,-0.019040000,2060,114263454970156,114263455447407
7770,77.700000000,triangle_f2,-0.019320000,2061,114263464976218,114263465443802
7771,77.710000000,triangle_f2,-0.019600000,2061,114263474968987,114263475444239
7772,77.720000000,triangle_f2,-0.019880000,2061,114263484969534,114263485444357
7773,77.730000000,triangle_f2,-0.020160000,2061,114263494966363,114263495437310
7774,77.740000000,triangle_f2,-0.020440000,2061,114263504965598,114263505437013
7775,77.750000000,triangle_f2,-0.020720000,2062,114263514965723,114263515441646
7776,77.760000000,triangle_f2,-0.021000000,2062,114263524967372,114263525416347
7777,77.770000000,triangle_f2,-0.021280000,2062,114263534970208,114263535509937
7778,77.780000000,triangle_f2,-0.021560000,2062,114263544966516,114263545487109
7779,77.790000000,triangle_f2,-0.021840000,2062,114263554967087,114263555427244
7780,77.800000000,triangle_f2,-0.022120000,2062,114263564966327,114263565481301
7781,77.810000000,triangle_f2,-0.022400000,2063,114263574967986,114263575441104
7782,77.820000000,triangle_f2,-0.022680000,2063,114263584967629,114263585423515
7783,77.830000000,triangle_f2,-0.022960000,2063,114263594964566,114263595419000
7784,77.840000000,triangle_f2,-0.023240000,2063,114263604965650,114263605419447
7785,77.850000000,triangle_f2,-0.023520000,2063,114263614967330,114263615423075
7786,77.860000000,triangle_f2,-0.023800000,2064,114263624966132,114263625420103
7787,77.870000000,triangle_f2,-0.024080000,2064,114263634967838,114263635420309
7788,77.880000000,triangle_f2,-0.024360000,2064,114263644966252,114263645415997
7789,77.890000000,triangle_f2,-0.024640000,2064,114263654965879,114263655418539
7790,77.900000000,triangle_f2,-0.024920000,2064,114263664968567,114263665426314
7791,77.910000000,triangle_f2,-0.025200000,2064,114263674970910,114263675425837
7792,77.920000000,triangle_f2,-0.025480000,2065,114263684974655,114263685444045
7793,77.930000000,triangle_f2,-0.025760000,2065,114263694967324,114263695420637
7794,77.940000000,triangle_f2,-0.026040000,2065,114263704967603,114263705418492
7795,77.950000000,triangle_f2,-0.026320000,2065,114263714967570,114263715421672
7796,77.960000000,triangle_f2,-0.026600000,2065,114263724968092,114263725487814
7797,77.970000000,triangle_f2,-0.026880000,2066,114263734970382,114263735483674
7798,77.980000000,triangle_f2,-0.027160000,2066,114263744966509,114263745479964
7799,77.990000000,triangle_f2,-0.027440000,2066,114263754966148,114263755425869
7800,78.000000000,triangle_f2,-0.027720000,2066,114263764966551,114263765470350
7801,78.010000000,triangle_f2,-0.028000000,2066,114263774968553,114263775430837
7802,78.020000000,triangle_f2,-0.028280000,2066,114263784968942,114263785421658
7803,78.030000000,triangle_f2,-0.028560000,2067,114263794966353,114263795415830
7804,78.040000000,triangle_f2,-0.028840000,2067,114263804967540,114263805405742
7805,78.050000000,triangle_f2,-0.029120000,2067,114263814968921,114263815417093
7806,78.060000000,triangle_f2,-0.029400000,2067,114263824965408,114263825436854
7807,78.070000000,triangle_f2,-0.029680000,2067,114263834972171,114263835429009
7808,78.080000000,triangle_f2,-0.029960000,2068,114263844966310,114263845417931
7809,78.090000000,triangle_f2,-0.030240000,2068,114263854966865,114263855418652
7810,78.100000000,triangle_f2,-0.030520000,2068,114263864966487,114263865422101
7811,78.110000000,triangle_f2,-0.030800000,2068,114263874968372,114263875420569
7812,78.120000000,triangle_f2,-0.031080000,2068,114263884967923,114263885371034
7813,78.130000000,triangle_f2,-0.031360000,2068,114263894967954,114263895419723
7814,78.140000000,triangle_f2,-0.031640000,2069,114263904973668,114263905496788
7815,78.150000000,triangle_f2,-0.031920000,2069,114263914969342,114263915482055
7816,78.160000000,triangle_f2,-0.032200000,2069,114263924968025,114263925474210
7817,78.170000000,triangle_f2,-0.032480000,2069,114263934968997,114263935481840
7818,78.180000000,triangle_f2,-0.032760000,2069,114263944969568,114263945476269
7819,78.190000000,triangle_f2,-0.033040000,2070,114263954967545,114263955472196
7820,78.200000000,triangle_f2,-0.033320000,2070,114263964966519,114263965469389
7821,78.210000000,triangle_f2,-0.033600000,2070,114263974969112,114263975461317
7822,78.220000000,triangle_f2,-0.033880000,2070,114263984968178,114263985397462
7823,78.230000000,triangle_f2,-0.034160000,2070,114263994966345,114263995397693
7824,78.240000000,triangle_f2,-0.034440000,2070,114264004966750,114264005395123
7825,78.250000000,triangle_f2,-0.034720000,2071,114264014968253,114264015401013
7826,78.260000000,triangle_f2,-0.035000000,2071,114264024966274,114264025388149
7827,78.270000000,triangle_f2,-0.035280000,2071,114264034966880,114264035399522
7828,78.280000000,triangle_f2,-0.035560000,2071,114264044966727,114264045391280
7829,78.290000000,triangle_f2,-0.035840000,2071,114264054966464,114264055397999
7830,78.300000000,triangle_f2,-0.036120000,2072,114264064966436,114264065460422
7831,78.310000000,triangle_f2,-0.036400000,2072,114264074968158,114264075417736
7832,78.320000000,triangle_f2,-0.036680000,2072,114264084967774,114264085403799
7833,78.330000000,triangle_f2,-0.036960000,2072,114264094966034,114264095396424
7834,78.340000000,triangle_f2,-0.037240000,2072,114264104967193,114264105402211
7835,78.350000000,triangle_f2,-0.037520000,2072,114264114974008,114264115403078
7836,78.360000000,triangle_f2,-0.037800000,2073,114264124968252,114264125399094
7837,78.370000000,triangle_f2,-0.038080000,2073,114264134967697,114264135400745
7838,78.380000000,triangle_f2,-0.038360000,2073,114264144967058,114264145398128
7839,78.390000000,triangle_f2,-0.038640000,2073,114264154966646,114264155394388
7840,78.400000000,triangle_f2,-0.038920000,2073,114264164966670,114264165392744
7841,78.410000000,triangle_f2,-0.039200000,2074,114264174968745,114264175403927
7842,78.420000000,triangle_f2,-0.039480000,2074,114264184967321,114264185403633
7843,78.430000000,triangle_f2,-0.039760000,2074,114264194966042,114264195395296
7844,78.440000000,triangle_f2,-0.040040000,2074,114264204966611,114264205399031
7845,78.450000000,triangle_f2,-0.040320000,2074,114264214967822,114264215404841
7846,78.460000000,triangle_f2,-0.040600000,2074,114264224967338,114264225396195
7847,78.470000000,triangle_f2,-0.040880000,2075,114264234968524,114264235402262
7848,78.480000000,triangle_f2,-0.041160000,2075,114264244966574,114264245415534
7849,78.490000000,triangle_f2,-0.041440000,2075,114264254966857,114264255416958
7850,78.500000000,triangle_f2,-0.041720000,2075,114264264966463,114264265399489
7851,78.510000000,triangle_f2,-0.042000000,2075,114264274968295,114264275398945
7852,78.520000000,triangle_f2,-0.042280000,2076,114264284967589,114264285401813
7853,78.530000000,triangle_f2,-0.042560000,2076,114264294966362,114264295400585
7854,78.540000000,triangle_f2,-0.042840000,2076,114264305047575,114264306408776
7855,78.550000000,triangle_f2,-0.043120000,2076,114264315049007,114264316412470
7856,78.560000000,triangle_f2,-0.043400000,2076,114264324983080,114264326411135
7857,78.570000000,triangle_f2,-0.043680000,2076,114264335047267,114264336421435
7858,78.580000000,triangle_f2,-0.043960000,2077,114264344970328,114264345396725
7859,78.590000000,triangle_f2,-0.044240000,2077,114264354971501,114264355588173
7860,78.600000000,triangle_f2,-0.044520000,2077,114264365064436,114264366450499
7861,78.610000000,triangle_f2,-0.044800000,2077,114264374971259,114264375464866
7862,78.620000000,triangle_f2,-0.045080000,2077,114264384970787,114264385465048
7863,78.630000000,triangle_f2,-0.045360000,2078,114264394972095,114264395453083
7864,78.640000000,triangle_f2,-0.045640000,2078,114264404968166,114264405447190
7865,78.650000000,triangle_f2,-0.045920000,2078,114264414965077,114264415437561
7866,78.660000000,triangle_f2,-0.046200000,2078,114264424966280,114264425436246
7867,78.670000000,triangle_f2,-0.046480000,2078,114264434966889,114264435435100
7868,78.680000000,triangle_f2,-0.046760000,2078,114264444966026,114264445435941
7869,78.690000000,triangle_f2,-0.047040000,2079,114264454975829,114264455443677
7870,78.700000000,triangle_f2,-0.047320000,2079,114264464968235,114264465388674
7871,78.710000000,triangle_f2,-0.047600000,2079,114264474968668,114264475439196
7872,78.720000000,triangle_f2,-0.047880000,2079,114264484972382,114264485438563
7873,78.730000000,triangle_f2,-0.048160000,2079,114264494968706,114264495445360
7874,78.740000000,triangle_f2,-0.048440000,2080,114264504969855,114264505441449
7875,78.750000000,triangle_f2,-0.048720000,2080,114264514967251,114264515440720
7876,78.760000000,triangle_f2,-0.049000000,2080,114264524966748,114264525434683
7877,78.770000000,triangle_f2,-0.049280000,2080,114264534968755,114264535438746
7878,78.780000000,triangle_f2,-0.049560000,2080,114264544965803,114264545434087
7879,78.790000000,triangle_f2,-0.049840000,2080,114264555057759,114264556564792
7880,78.800000000,triangle_f2,-0.050120000,2081,114264565054435,114264566566992
7881,78.810000000,triangle_f2,-0.050400000,2081,114264575050659,114264576571434
7882,78.820000000,triangle_f2,-0.050680000,2081,114264585048997,114264586557508
7883,78.830000000,triangle_f2,-0.050960000,2081,114264595047865,114264596431601
7884,78.840000000,triangle_f2,-0.051240000,2081,114264605049359,114264606409704
7885,78.850000000,triangle_f2,-0.051520000,2082,114264615048753,114264616388157
7886,78.860000000,triangle_f2,-0.051800000,2082,114264625045558,114264626385371
7887,78.870000000,triangle_f2,-0.052080000,2082,114264635045256,114264636405750
7888,78.880000000,triangle_f2,-0.052360000,2082,114264645047249,114264646405800
7889,78.890000000,triangle_f2,-0.052640000,2082,114264655041888,114264656389331
7890,78.900000000,triangle_f2,-0.052920000,2082,114264665045942,114264666392220
7891,78.910000000,triangle_f2,-0.053200000,2083,114264675055791,114264676386798
7892,78.920000000,triangle_f2,-0.053480000,2083,114264685046652,114264686389500
7893,78.930000000,triangle_f2,-0.053760000,2083,114264695047853,114264696388737
7894,78.940000000,triangle_f2,-0.054040000,2083,114264705047093,114264706389899
7895,78.950000000,triangle_f2,-0.054320000,2083,114264715044855,114264716385323
7896,78.960000000,triangle_f2,-0.054600000,2084,114264725048563,114264726386026
7897,78.970000000,triangle_f2,-0.054880000,2084,114264735036837,114264735329160
7898,78.980000000,triangle_f2,-0.055160000,2084,114264745047411,114264746370419
7899,78.990000000,triangle_f2,-0.055440000,2084,114264755053751,114264756444083
7900,79.000000000,triangle_f2,-0.055720000,2084,114264765042044,114264766541082
7901,79.010000000,triangle_f2,-0.056000000,2085,114264774991179,114264776434135
7902,79.020000000,triangle_f2,-0.056280000,2085,114264785053638,114264786443054
7903,79.030000000,triangle_f2,-0.056560000,2085,114264795051349,114264796443232
7904,79.040000000,triangle_f2,-0.056840000,2085,114264805047929,114264806548289
7905,79.050000000,triangle_f2,-0.057120000,2085,114264815053391,114264816430242
7906,79.060000000,triangle_f2,-0.057400000,2085,114264825043948,114264826427011
7907,79.070000000,triangle_f2,-0.057680000,2086,114264835046173,114264836433359
7908,79.080000000,triangle_f2,-0.057960000,2086,114264845053557,114264846453282
7909,79.090000000,triangle_f2,-0.058240000,2086,114264855051895,114264856432737
7910,79.100000000,triangle_f2,-0.058520000,2086,114264865048695,114264866544682
7911,79.110000000,triangle_f2,-0.058800000,2086,114264874991560,114264876431693
7912,79.120000000,triangle_f2,-0.059080000,2087,114264885049979,114264886430712
7913,79.130000000,triangle_f2,-0.059360000,2087,114264895055743,114264896442045
7914,79.140000000,triangle_f2,-0.059640000,2087,114264905042536,114264906433374
7915,79.150000000,triangle_f2,-0.059920000,2087,114264915054755,114264916558676
7916,79.160000000,triangle_f2,-0.060200000,2087,114264925046000,114264926438226
7917,79.170000000,triangle_f2,-0.060480000,2087,114264935049213,114264935308377
7918,79.180000000,triangle_f2,-0.060760000,2088,114264945040704,114264946364784
7919,79.190000000,triangle_f2,-0.061040000,2088,114264955051010,114264956368163
7920,79.200000000,triangle_f2,-0.061320000,2088,114264965042399,114264966370681
7921,79.210000000,triangle_f2,-0.061600000,2088,114264974989317,114264976367199
7922,79.220000000,triangle_f2,-0.061880000,2088,114264985044150,114264986367316
7923,79.230000000,triangle_f2,-0.062160000,2089,114264995051452,114264996368516
7924,79.240000000,triangle_f2,-0.062440000,2089,114265005047259,114265006382142
7925,79.250000000,triangle_f2,-0.062720000,2089,114265015045322,114265016373568
7926,79.260000000,triangle_f2,-0.063000000,2089,114265025042018,114265026361872
7927,79.270000000,triangle_f2,-0.063280000,2089,114265035051627,114265036367433
7928,79.280000000,triangle_f2,-0.063560000,2089,114265045041077,114265046365716
7929,79.290000000,triangle_f2,-0.063840000,2090,114265055052734,114265056365474
7930,79.300000000,triangle_f2,-0.064120000,2090,114265064983029,114265066371061
7931,79.310000000,triangle_f2,-0.064400000,2090,114265075053725,114265076372356
7932,79.320000000,triangle_f2,-0.064680000,2090,114265085048691,114265086372624
7933,79.330000000,triangle_f2,-0.064960000,2090,114265095053358,114265096367008
7934,79.340000000,triangle_f2,-0.065240000,2091,114265105046663,114265106382314
7935,79.350000000,triangle_f2,-0.065520000,2091,114265115055058,114265116361256
7936,79.360000000,triangle_f2,-0.065800000,2091,114265125041805,114265126371232
7937,79.370000000,triangle_f2,-0.066080000,2091,114265135042884,114265136363717
7938,79.380000000,triangle_f2,-0.066360000,2091,114265145042605,114265146376588
7939,79.390000000,triangle_f2,-0.066640000,2091,114265154990147,114265156371834
7940,79.400000000,triangle_f2,-0.066920000,2092,114265165047006,114265166369379
7941,79.410000000,triangle_f2,-0.067200000,2092,114265175056692,114265176366070
7942,79.420000000,triangle_f2,-0.067480000,2092,114265185051801,114265186344745
7943,79.430000000,triangle_f2,-0.067760000,2092,114265195046757,114265196349173
7944,79.440000000,triangle_f2,-0.068040000,2092,114265205049596,114265206350149
7945,79.450000000,triangle_f2,-0.068320000,2093,114265214983678,114265216345883
7946,79.460000000,triangle_f2,-0.068600000,2093,114265225048928,114265226344264
7947,79.470000000,triangle_f2,-0.068880000,2093,114265235050551,114265236345715
7948,79.480000000,triangle_f2,-0.069160000,2093,114265245040852,114265246345934
7949,79.490000000,triangle_f2,-0.069440000,2093,114265255041534,114265256353850
7950,79.500000000,triangle_f2,-0.069720000,2093,114265265043391,114265266345937
7951,79.510000000,triangle_f2,-0.070000000,2094,114265275059342,114265276363632
7952,79.520000000,triangle_f2,-0.069720000,2093,114265285047795,114265286345577
7953,79.530000000,triangle_f2,-0.069440000,2093,114265295052458,114265296346641
7954,79.540000000,triangle_f2,-0.069160000,2093,114265305051861,114265306350805
7955,79.550000000,triangle_f2,-0.068880000,2093,114265315047982,114265316342608
7956,79.560000000,triangle_f2,-0.068600000,2093,114265325047079,114265326344779
7957,79.570000000,triangle_f2,-0.068320000,2093,114265335046797,114265336346211
7958,79.580000000,triangle_f2,-0.068040000,2092,114265345052321,114265346364927
7959,79.590000000,triangle_f2,-0.067760000,2092,114265355052865,114265356345814
7960,79.600000000,triangle_f2,-0.067480000,2092,114265365045786,114265366346075
7961,79.610000000,triangle_f2,-0.067200000,2092,114265374978970,114265376348675
7962,79.620000000,triangle_f2,-0.066920000,2092,114265385044532,114265386347689
7963,79.630000000,triangle_f2,-0.066640000,2091,114265395054453,114265396351646
7964,79.640000000,triangle_f2,-0.066360000,2091,114265405046206,114265406362552
7965,79.650000000,triangle_f2,-0.066080000,2091,114265415052201,114265416349251
7966,79.660000000,triangle_f2,-0.065800000,2091,114265425046122,114265426351454
7967,79.670000000,triangle_f2,-0.065520000,2091,114265435046906,114265436346392
7968,79.680000000,triangle_f2,-0.065240000,2091,114265445056294,114265446345708
7969,79.690000000,triangle_f2,-0.064960000,2090,114265455044554,114265456344046
7970,79.700000000,triangle_f2,-0.064680000,2090,114265465048482,114265466345055
7971,79.710000000,triangle_f2,-0.064400000,2090,114265474978766,114265476347555
7972,79.720000000,triangle_f2,-0.064120000,2090,114265485044043,114265486345200
7973,79.730000000,triangle_f2,-0.063840000,2090,114265495045636,114265496347422
7974,79.740000000,triangle_f2,-0.063560000,2089,114265505050461,114265506345376
7975,79.750000000,triangle_f2,-0.063280000,2089,114265515048255,114265516347825
7976,79.760000000,triangle_f2,-0.063000000,2089,114265525047615,114265526345343
7977,79.770000000,triangle_f2,-0.062720000,2089,114265535044882,114265536343214
7978,79.780000000,triangle_f2,-0.062440000,2089,114265545042674,114265546355750
7979,79.790000000,triangle_f2,-0.062160000,2089,114265555043291,114265556344956
7980,79.800000000,triangle_f2,-0.061880000,2088,114265565047639,114265566364119
7981,79.810000000,triangle_f2,-0.061600000,2088,114265574978615,114265576346407
7982,79.820000000,triangle_f2,-0.061320000,2088,114265585077768,114265586348492
7983,79.830000000,triangle_f2,-0.061040000,2088,114265595050349,114265596348038
7984,79.840000000,triangle_f2,-0.060760000,2088,114265605047325,114265606326228
7985,79.850000000,triangle_f2,-0.060480000,2087,114265615051085,114265616320669
7986,79.860000000,triangle_f2,-0.060200000,2087,114265625047778,114265626324109
7987,79.870000000,triangle_f2,-0.059920000,2087,114265635051637,114265636327037
7988,79.880000000,triangle_f2,-0.059640000,2087,114265645043411,114265646322221
7989,79.890000000,triangle_f2,-0.059360000,2087,114265655042301,114265656324565
7990,79.900000000,triangle_f2,-0.059080000,2087,114265665045619,114265666322873
7991,79.910000000,triangle_f2,-0.058800000,2086,114265674978351,114265676338318
7992,79.920000000,triangle_f2,-0.058520000,2086,114265685045779,114265686323749
7993,79.930000000,triangle_f2,-0.058240000,2086,114265695057750,114265696324309
7994,79.940000000,triangle_f2,-0.057960000,2086,114265705052979,114265706341031
7995,79.950000000,triangle_f2,-0.057680000,2086,114265715049151,114265716328845
7996,79.960000000,triangle_f2,-0.057400000,2085,114265725048663,114265726324739
7997,79.970000000,triangle_f2,-0.057120000,2085,114265735050551,114265736324223
7998,79.980000000,triangle_f2,-0.056840000,2085,114265745045290,114265746327681
7999,79.990000000,triangle_f2,-0.056560000,2085,114265755042361,114265756323736
8000,80.000000000,triangle_f2,-0.056280000,2085,114265765043602,114265766327015
8001,80.010000000,triangle_f2,-0.056000000,2085,114265774978611,114265776321457
8002,80.020000000,triangle_f2,-0.055720000,2084,114265784989097,114265786324105
8003,80.030000000,triangle_f2,-0.055440000,2084,114265795048962,114265796475611
8004,80.040000000,triangle_f2,-0.055160000,2084,114265804967834,114265806321952
8005,80.050000000,triangle_f2,-0.054880000,2084,114265814977842,114265816328309
8006,80.060000000,triangle_f2,-0.054600000,2084,114265824968006,114265826311878
8007,80.070000000,triangle_f2,-0.054320000,2083,114265834970762,114265836311634
8008,80.080000000,triangle_f2,-0.054040000,2083,114265844967113,114265846312048
8009,80.090000000,triangle_f2,-0.053760000,2083,114265854967517,114265856403545
8010,80.100000000,triangle_f2,-0.053480000,2083,114265864968412,114265866461444
8011,80.110000000,triangle_f2,-0.053200000,2083,114265874978459,114265876322686
8012,80.120000000,triangle_f2,-0.052920000,2082,114265885052139,114265886323480
8013,80.130000000,triangle_f2,-0.052640000,2082,114265895062803,114265896323835
8014,80.140000000,triangle_f2,-0.052360000,2082,114265905045563,114265906322918
8015,80.150000000,triangle_f2,-0.052080000,2082,114265915053786,114265916325068
8016,80.160000000,triangle_f2,-0.051800000,2082,114265925059874,114265926325490
8017,80.170000000,triangle_f2,-0.051520000,2082,114265935046388,114265936343011
8018,80.180000000,triangle_f2,-0.051240000,2081,114265945050545,114265946376956
8019,80.190000000,triangle_f2,-0.050960000,2081,114265955044248,114265956501422
8020,80.200000000,triangle_f2,-0.050680000,2081,114265965042186,114265966498525
8021,80.210000000,triangle_f2,-0.050400000,2081,114265974979170,114265976367019
8022,80.220000000,triangle_f2,-0.050120000,2081,114265984990532,114265986323590
8023,80.230000000,triangle_f2,-0.049840000,2080,114265995049928,114265996322765
8024,80.240000000,triangle_f2,-0.049560000,2080,114266005051214,114266006321772
8025,80.250000000,triangle_f2,-0.049280000,2080,114266015045262,114266016325437
8026,80.260000000,triangle_f2,-0.049000000,2080,114266025046451,114266026305784
8027,80.270000000,triangle_f2,-0.048720000,2080,114266035051738,114266036328017
8028,80.280000000,triangle_f2,-0.048440000,2080,114266045051000,114266046304493
8029,80.290000000,triangle_f2,-0.048160000,2079,114266055049670,114266056300190
8030,80.300000000,triangle_f2,-0.047880000,2079,114266065048800,114266066292386
8031,80.310000000,triangle_f2,-0.047600000,2079,114266074978561,114266076291344
8032,80.320000000,triangle_f2,-0.047320000,2079,114266085048974,114266086302446
8033,80.330000000,triangle_f2,-0.047040000,2079,114266095050496,114266096304317
8034,80.340000000,triangle_f2,-0.046760000,2078,114266105050562,114266106306456
8035,80.350000000,triangle_f2,-0.046480000,2078,114266115049628,114266116315175
8036,80.360000000,triangle_f2,-0.046200000,2078,114266125045261,114266126303737
8037,80.370000000,triangle_f2,-0.045920000,2078,114266135045393,114266136309472
8038,80.380000000,triangle_f2,-0.045640000,2078,114266145055380,114266146298184
8039,80.390000000,triangle_f2,-0.045360000,2078,114266154988446,114266156371955
8040,80.400000000,triangle_f2,-0.045080000,2077,114266165048633,114266166497414
8041,80.410000000,triangle_f2,-0.044800000,2077,114266174978020,114266176350393
8042,80.420000000,triangle_f2,-0.044520000,2077,114266185060224,114266186309357
8043,80.430000000,triangle_f2,-0.044240000,2077,114266195049012,114266196311576
8044,80.440000000,triangle_f2,-0.043960000,2077,114266205049435,114266206306187
8045,80.450000000,triangle_f2,-0.043680000,2076,114266215048036,114266216299755
8046,80.460000000,triangle_f2,-0.043400000,2076,114266225047572,114266226307062
8047,80.470000000,triangle_f2,-0.043120000,2076,114266235035101,114266236297076
8048,80.480000000,triangle_f2,-0.042840000,2076,114266244969841,114266246287925
8049,80.490000000,triangle_f2,-0.042560000,2076,114266255046556,114266256319841
8050,80.500000000,triangle_f2,-0.042280000,2076,114266265050426,114266266301099
8051,80.510000000,triangle_f2,-0.042000000,2075,114266274983739,114266276292310
8052,80.520000000,triangle_f2,-0.041720000,2075,114266285048205,114266286305182
8053,80.530000000,triangle_f2,-0.041440000,2075,114266295045406,114266296302440
8054,80.540000000,triangle_f2,-0.041160000,2075,114266305054312,114266306291805
8055,80.550000000,triangle_f2,-0.040880000,2075,114266315050395,114266316304546
8056,80.560000000,triangle_f2,-0.040600000,2074,114266325057232,114266326252044
8057,80.570000000,triangle_f2,-0.040320000,2074,114266335043595,114266336309442
8058,80.580000000,triangle_f2,-0.040040000,2074,114266345044679,114266346306636
8059,80.590000000,triangle_f2,-0.039760000,2074,114266355042509,114266356305093
8060,80.600000000,triangle_f2,-0.039480000,2074,114266365044370,114266366316180
8061,80.610000000,triangle_f2,-0.039200000,2074,114266375048810,114266376324873
8062,80.620000000,triangle_f2,-0.038920000,2073,114266385057550,114266386307384
8063,80.630000000,triangle_f2,-0.038640000,2073,114266395044518,114266396306811
8064,80.640000000,triangle_f2,-0.038360000,2073,114266405052124,114266406301421
8065,80.650000000,triangle_f2,-0.038080000,2073,114266415055940,114266416284331
8066,80.660000000,triangle_f2,-0.037800000,2073,114266425044510,114266426285457
8067,80.670000000,triangle_f2,-0.037520000,2072,114266435047654,114266436284264
8068,80.680000000,triangle_f2,-0.037240000,2072,114266445049389,114266446280104
8069,80.690000000,triangle_f2,-0.036960000,2072,114266455047161,114266456282481
8070,80.700000000,triangle_f2,-0.036680000,2072,114266465047384,114266466303176
8071,80.710000000,triangle_f2,-0.036400000,2072,114266475050900,114266476278406
8072,80.720000000,triangle_f2,-0.036120000,2072,114266485055247,114266486301684
8073,80.730000000,triangle_f2,-0.035840000,2071,114266495044513,114266496280330
8074,80.740000000,triangle_f2,-0.035560000,2071,114266505051326,114266506285092
8075,80.750000000,triangle_f2,-0.035280000,2071,114266515060312,114266516300561
8076,80.760000000,triangle_f2,-0.035000000,2071,114266525051817,114266526281228
8077,80.770000000,triangle_f2,-0.034720000,2071,114266535046301,114266536282138
8078,80.780000000,triangle_f2,-0.034440000,2070,114266545049366,114266546283655
8079,80.790000000,triangle_f2,-0.034160000,2070,114266555045981,114266556282123
8080,80.800000000,triangle_f2,-0.033880000,2070,114266565047488,114266566273139
8081,80.810000000,triangle_f2,-0.033600000,2070,114266575044867,114266576284128
8082,80.820000000,triangle_f2,-0.033320000,2070,114266585050359,114266586281124
8083,80.830000000,triangle_f2,-0.033040000,2070,114266595046924,114266596290899
8084,80.840000000,triangle_f2,-0.032760000,2069,114266605049924,114266606281796
8085,80.850000000,triangle_f2,-0.032480000,2069,114266615053516,114266616280670
8086,80.860000000,triangle_f2,-0.032200000,2069,114266625046198,114266626283358
8087,80.870000000,triangle_f2,-0.031920000,2069,114266635044657,114266636284053
8088,80.880000000,triangle_f2,-0.031640000,2069,114266645052097,114266646286957
8089,80.890000000,triangle_f2,-0.031360000,2068,114266655045086,114266656283555
8090,80.900000000,triangle_f2,-0.031080000,2068,114266665050132,114266666456219
8091,80.910000000,triangle_f2,-0.030800000,2068,114266675060651,114266676304383
8092,80.920000000,triangle_f2,-0.030520000,2068,114266685045571,114266686285493
8093,80.930000000,triangle_f2,-0.030240000,2068,114266695054386,114266696282673
8094,80.940000000,triangle_f2,-0.029960000,2068,114266705042456,114266706285638
8095,80.950000000,triangle_f2,-0.029680000,2067,114266715050378,114266716282712
8096,80.960000000,triangle_f2,-0.029400000,2067,114266725049805,114266726282777
8097,80.970000000,triangle_f2,-0.029120000,2067,114266735048350,114266736352028
8098,80.980000000,triangle_f2,-0.028840000,2067,114266745044982,114266746332490
8099,80.990000000,triangle_f2,-0.028560000,2067,114266755056334,114266756296667
8100,81.000000000,triangle_f2,-0.028280000,2066,114266765051818,114266766454753
8101,81.010000000,triangle_f2,-0.028000000,2066,114266775043377,114266776326842
8102,81.020000000,triangle_f2,-0.027720000,2066,114266785047241,114266786279300
8103,81.030000000,triangle_f2,-0.027440000,2066,114266795048040,114266796293458
8104,81.040000000,triangle_f2,-0.027160000,2066,114266805050345,114266806279912
8105,81.050000000,triangle_f2,-0.026880000,2066,114266814983549,114266816278883
8106,81.060000000,triangle_f2,-0.026600000,2065,114266825050436,114266826282008
8107,81.070000000,triangle_f2,-0.026320000,2065,114266835048593,114266836284357
8108,81.080000000,triangle_f2,-0.026040000,2065,114266845051683,114266846304772
8109,81.090000000,triangle_f2,-0.025760000,2065,114266855040598,114266856348930
8110,81.100000000,triangle_f2,-0.025480000,2065,114266865049635,114266866342870
8111,81.110000000,triangle_f2,-0.025200000,2064,114266875046562,114266876303749
8112,81.120000000,triangle_f2,-0.024920000,2064,114266885045029,114266886299788
8113,81.130000000,triangle_f2,-0.024640000,2064,114266895050032,114266896259265
8114,81.140000000,triangle_f2,-0.024360000,2064,114266905047281,114266906259143
8115,81.150000000,triangle_f2,-0.024080000,2064,114266914990807,114266916259635
8116,81.160000000,triangle_f2,-0.023800000,2064,114266925045382,114266926260619
8117,81.170000000,triangle_f2,-0.023520000,2063,114266935047659,114266936267452
8118,81.180000000,triangle_f2,-0.023240000,2063,114266945050776,114266946262911
8119,81.190000000,triangle_f2,-0.022960000,2063,114266955046344,114266956327729
8120,81.200000000,triangle_f2,-0.022680000,2063,114266965051210,114266966324622
8121,81.210000000,triangle_f2,-0.022400000,2063,114266975048023,114266976300911
8122,81.220000000,triangle_f2,-0.022120000,2062,114266985050432,114266986263336
8123,81.230000000,triangle_f2,-0.021840000,2062,114266995053658,114266996264660
8124,81.240000000,triangle_f2,-0.021560000,2062,114267005048111,114267006314900
8125,81.250000000,triangle_f2,-0.021280000,2062,114267014969117,114267016247095
8126,81.260000000,triangle_f2,-0.021000000,2062,114267024965299,114267026239709
8127,81.270000000,triangle_f2,-0.020720000,2062,114267034967525,114267036246504
8128,81.280000000,triangle_f2,-0.020440000,2061,114267044967200,114267046391963
8129,81.290000000,triangle_f2,-0.020160000,2061,114267055050507,114267056269950
8130,81.300000000,triangle_f2,-0.019880000,2061,114267065050407,114267066278905
8131,81.310000000,triangle_f2,-0.019600000,2061,114267075050028,114267076266687
8132,81.320000000,triangle_f2,-0.019320000,2061,114267085047889,114267086258332
8133,81.330000000,triangle_f2,-0.019040000,2060,114267095046053,114267096279193
8134,81.340000000,triangle_f2,-0.018760000,2060,114267105049692,114267106261724
8135,81.350000000,triangle_f2,-0.018480000,2060,114267114991418,114267116263762
8136,81.360000000,triangle_f2,-0.018200000,2060,114267125053736,114267126259037
8137,81.370000000,triangle_f2,-0.017920000,2060,114267135056418,114267136261865
8138,81.380000000,triangle_f2,-0.017640000,2059,114267145049074,114267146441273
8139,81.390000000,triangle_f2,-0.017360000,2059,114267154988892,114267156328577
8140,81.400000000,triangle_f2,-0.017080000,2059,114267165039699,114267166325041
8141,81.410000000,triangle_f2,-0.016800000,2059,114267175041444,114267176436976
8142,81.420000000,triangle_f2,-0.016520000,2059,114267185049551,114267186323621
8143,81.430000000,triangle_f2,-0.016240000,2059,114267195046767,114267196425775
8144,81.440000000,triangle_f2,-0.015960000,2058,114267205047345,114267206434920
8145,81.450000000,triangle_f2,-0.015680000,2058,114267214991183,114267216339170
8146,81.460000000,triangle_f2,-0.015400000,2058,114267225042173,114267226324103
8147,81.470000000,triangle_f2,-0.015120000,2058,114267235053198,114267236325599
8148,81.480000000,triangle_f2,-0.014840000,2058,114267245045000,114267246266712
8149,81.490000000,triangle_f2,-0.014560000,2057,114267255048181,114267256268338
8150,81.500000000,triangle_f2,-0.014280000,2057,114267265047441,114267266260734
8151,81.510000000,triangle_f2,-0.014000000,2057,114267275040595,114267276276385
8152,81.520000000,triangle_f2,-0.013720000,2057,114267285051614,114267286278709
8153,81.530000000,triangle_f2,-0.013440000,2057,114267295043501,114267296258342
8154,81.540000000,triangle_f2,-0.013160000,2057,114267305045785,114267306254739
8155,81.550000000,triangle_f2,-0.012880000,2056,114267314989265,114267316243408
8156,81.560000000,triangle_f2,-0.012600000,2056,114267324990029,114267326371730
8157,81.570000000,triangle_f2,-0.012320000,2056,114267334985974,114267336250662
8158,81.580000000,triangle_f2,-0.012040000,2056,114267344972202,114267346237623
8159,81.590000000,triangle_f2,-0.011760000,2056,114267354974368,114267356236847
8160,81.600000000,triangle_f2,-0.011480000,2055,114267364972493,114267366232769
8161,81.610000000,triangle_f2,-0.011200000,2055,114267374967389,114267376221980
8162,81.620000000,triangle_f2,-0.010920000,2055,114267384968739,114267386228546
8163,81.630000000,triangle_f2,-0.010640000,2055,114267394966098,114267396227120
8164,81.640000000,triangle_f2,-0.010360000,2055,114267404967172,114267406219438
8165,81.650000000,triangle_f2,-0.010080000,2055,114267414970115,114267416228223
8166,81.660000000,triangle_f2,-0.009800000,2054,114267424966281,114267426228370
8167,81.670000000,triangle_f2,-0.009520000,2054,114267434967546,114267436226586
8168,81.680000000,triangle_f2,-0.009240000,2054,114267444969113,114267446254255
8169,81.690000000,triangle_f2,-0.008960000,2054,114267454966176,114267456226475
8170,81.700000000,triangle_f2,-0.008680000,2054,114267464985030,114267466239003
8171,81.710000000,triangle_f2,-0.008400000,2053,114267474973194,114267476242922
8172,81.720000000,triangle_f2,-0.008120000,2053,114267484970297,114267486231687
8173,81.730000000,triangle_f2,-0.007840000,2053,114267494966905,114267496235635
8174,81.740000000,triangle_f2,-0.007560000,2053,114267505045148,114267506256788
8175,81.750000000,triangle_f2,-0.007280000,2053,114267515024714,114267516254457
8176,81.760000000,triangle_f2,-0.007000000,2053,114267524979190,114267526221577
8177,81.770000000,triangle_f2,-0.006720000,2052,114267535058239,114267536245661
8178,81.780000000,triangle_f2,-0.006440000,2052,114267545042023,114267546242591
8179,81.790000000,triangle_f2,-0.006160000,2052,114267554968784,114267556227347
8180,81.800000000,triangle_f2,-0.005880000,2052,114267565046003,114267566239154
8181,81.810000000,triangle_f2,-0.005600000,2052,114267575051691,114267576238192
8182,81.820000000,triangle_f2,-0.005320000,2051,114267585047015,114267586253011
8183,81.830000000,triangle_f2,-0.005040000,2051,114267595042114,114267596244096
8184,81.840000000,triangle_f2,-0.004760000,2051,114267605047171,114267606252803
8185,81.850000000,triangle_f2,-0.004480000,2051,114267615043805,114267616236356
8186,81.860000000,triangle_f2,-0.004200000,2051,114267625043682,114267626237074
8187,81.870000000,triangle_f2,-0.003920000,2051,114267635049458,114267636251090
8188,81.880000000,triangle_f2,-0.003640000,2050,114267645047724,114267646253273
8189,81.890000000,triangle_f2,-0.003360000,2050,114267655046676,114267656240864
8190,81.900000000,triangle_f2,-0.003080000,2050,114267665047228,114267666236935
8191,81.910000000,triangle_f2,-0.002800000,2050,114267675044858,114267676257067
8192,81.920000000,triangle_f2,-0.002520000,2050,114267685045693,114267686241332
8193,81.930000000,triangle_f2,-0.002240000,2049,114267695047612,114267696254489
8194,81.940000000,triangle_f2,-0.001960000,2049,114267705047924,114267706253414
8195,81.950000000,triangle_f2,-0.001680000,2049,114267714999384,114267716231271
8196,81.960000000,triangle_f2,-0.001400000,2049,114267725043916,114267726214715
8197,81.970000000,triangle_f2,-0.001120000,2049,114267734987405,114267736224235
8198,81.980000000,triangle_f2,-0.000840000,2049,114267745050195,114267746327718
8199,81.990000000,triangle_f2,-0.000560000,2048,114267755048346,114267756223121
8200,82.000000000,triangle_f2,-0.000280000,2048,114267764979314,114267766218369
8201,82.010000000,triangle_f2,-0.000000000,2048,114267775049662,114267776225575
8202,82.020000000,triangle_f2,0.000280000,2048,114267785047040,114267786224283
8203,82.030000000,triangle_f2,0.000560000,2048,114267795045252,114267796235348
8204,82.040000000,triangle_f2,0.000840000,2047,114267805049072,114267806222758
8205,82.050000000,triangle_f2,0.001120000,2047,114267814978476,114267816220785
8206,82.060000000,triangle_f2,0.001400000,2047,114267825048406,114267826221851
8207,82.070000000,triangle_f2,0.001680000,2047,114267835041946,114267836223881
8208,82.080000000,triangle_f2,0.001960000,2047,114267845045510,114267846307502
8209,82.090000000,triangle_f2,0.002240000,2047,114267855046059,114267856221080
8210,82.100000000,triangle_f2,0.002520000,2046,114267864986975,114267866221025
8211,82.110000000,triangle_f2,0.002800000,2046,114267875045972,114267876232549
8212,82.120000000,triangle_f2,0.003080000,2046,114267885046195,114267886221538
8213,82.130000000,triangle_f2,0.003360000,2046,114267895048840,114267896239325
8214,82.140000000,triangle_f2,0.003640000,2046,114267905048231,114267906390637
8215,82.150000000,triangle_f2,0.003920000,2045,114267915045279,114267916393689
8216,82.160000000,triangle_f2,0.004200000,2045,114267925042984,114267926417326
8217,82.170000000,triangle_f2,0.004480000,2045,114267934995044,114267936310715
8218,82.180000000,triangle_f2,0.004760000,2045,114267944989748,114267946254995
8219,82.190000000,triangle_f2,0.005040000,2045,114267955046817,114267956412894
8220,82.200000000,triangle_f2,0.005320000,2045,114267965052482,114267966418394
8221,82.210000000,triangle_f2,0.005600000,2044,114267975048402,114267976210309
8222,82.220000000,triangle_f2,0.005880000,2044,114267985046563,114267986218809
8223,82.230000000,triangle_f2,0.006160000,2044,114267995049261,114267996208238
8224,82.240000000,triangle_f2,0.006440000,2044,114268005051631,114268006219486
8225,82.250000000,triangle_f2,0.006720000,2044,114268015050470,114268016223368
8226,82.260000000,triangle_f2,0.007000000,2043,114268025049053,114268026223133
8227,82.270000000,triangle_f2,0.007280000,2043,114268035045285,114268036232506
8228,82.280000000,triangle_f2,0.007560000,2043,114268045049342,114268046428602
8229,82.290000000,triangle_f2,0.007840000,2043,114268055043138,114268056297013
8230,82.300000000,triangle_f2,0.008120000,2043,114268065051326,114268066287636
8231,82.310000000,triangle_f2,0.008400000,2043,114268075045835,114268076226452
8232,82.320000000,triangle_f2,0.008680000,2042,114268085044635,114268086218204
8233,82.330000000,triangle_f2,0.008960000,2042,114268095050909,114268096219329
8234,82.340000000,triangle_f2,0.009240000,2042,114268105050597,114268106208341
8235,82.350000000,triangle_f2,0.009520000,2042,114268115046987,114268116217944
8236,82.360000000,triangle_f2,0.009800000,2042,114268125048351,114268126196570
8237,82.370000000,triangle_f2,0.010080000,2041,114268135050880,114268136201056
8238,82.380000000,triangle_f2,0.010360000,2041,114268145045672,114268146184220
8239,82.390000000,triangle_f2,0.010640000,2041,114268154979106,114268156337844
8240,82.400000000,triangle_f2,0.010920000,2041,114268165043909,114268166202180
8241,82.410000000,triangle_f2,0.011200000,2041,114268175053870,114268176200120
8242,82.420000000,triangle_f2,0.011480000,2041,114268185053375,114268186199907
8243,82.430000000,triangle_f2,0.011760000,2040,114268195048046,114268196198107
8244,82.440000000,triangle_f2,0.012040000,2040,114268205044812,114268206186518
8245,82.450000000,triangle_f2,0.012320000,2040,114268214978562,114268216217612
8246,82.460000000,triangle_f2,0.012600000,2040,114268225049949,114268226211322
8247,82.470000000,triangle_f2,0.012880000,2040,114268235049721,114268236199317
8248,82.480000000,triangle_f2,0.013160000,2039,114268245050711,114268246201987
8249,82.490000000,triangle_f2,0.013440000,2039,114268255040518,114268256202657
8250,82.500000000,triangle_f2,0.013720000,2039,114268265047076,114268266200463
8251,82.510000000,triangle_f2,0.014000000,2039,114268275051088,114268276215349
8252,82.520000000,triangle_f2,0.014280000,2039,114268284988698,114268286325115
8253,82.530000000,triangle_f2,0.014560000,2039,114268295050198,114268296211120
8254,82.540000000,triangle_f2,0.014840000,2038,114268305051874,114268306201169
8255,82.550000000,triangle_f2,0.015120000,2038,114268315049278,114268316208503
8256,82.560000000,triangle_f2,0.015400000,2038,114268324989610,114268326217911
8257,82.570000000,triangle_f2,0.015680000,2038,114268335042788,114268336195453
8258,82.580000000,triangle_f2,0.015960000,2038,114268345050864,114268346199576
8259,82.590000000,triangle_f2,0.016240000,2037,114268355042212,114268356197082
8260,82.600000000,triangle_f2,0.016520000,2037,114268364992616,114268366216491
8261,82.610000000,triangle_f2,0.016800000,2037,114268374974929,114268376189983
8262,82.620000000,triangle_f2,0.017080000,2037,114268385052640,114268386201621
8263,82.630000000,triangle_f2,0.017360000,2037,114268395052756,114268396207468
8264,82.640000000,triangle_f2,0.017640000,2037,114268405045783,114268406201312
8265,82.650000000,triangle_f2,0.017920000,2036,114268415049359,114268416197902
8266,82.660000000,triangle_f2,0.018200000,2036,114268425060301,114268426198882
8267,82.670000000,triangle_f2,0.018480000,2036,114268435052004,114268436196636
8268,82.680000000,triangle_f2,0.018760000,2036,114268444971014,114268446195364
8269,82.690000000,triangle_f2,0.019040000,2036,114268455046553,114268456196963
8270,82.700000000,triangle_f2,0.019320000,2035,114268465046478,114268466194902
8271,82.710000000,triangle_f2,0.019600000,2035,114268475057492,114268476198084
8272,82.720000000,triangle_f2,0.019880000,2035,114268485041543,114268486198610
8273,82.730000000,triangle_f2,0.020160000,2035,114268495044399,114268496216699
8274,82.740000000,triangle_f2,0.020440000,2035,114268505042441,114268506198670
8275,82.750000000,triangle_f2,0.020720000,2034,114268515044494,114268516199546
8276,82.760000000,triangle_f2,0.021000000,2034,114268525045999,114268526197272
8277,82.770000000,triangle_f2,0.021280000,2034,114268535045934,114268536186985
8278,82.780000000,triangle_f2,0.021560000,2034,114268545041736,114268546252457
8279,82.790000000,triangle_f2,0.021840000,2034,114268555044998,114268556245618
8280,82.800000000,triangle_f2,0.022120000,2034,114268565048142,114268566242514
8281,82.810000000,triangle_f2,0.022400000,2033,114268575046465,114268576243577
8282,82.820000000,triangle_f2,0.022680000,2033,114268585027206,114268586282254
8283,82.830000000,triangle_f2,0.022960000,2033,114268595058020,114268596249568
8284,82.840000000,triangle_f2,0.023240000,2033,114268605045009,114268606362194
8285,82.850000000,triangle_f2,0.023520000,2033,114268615049228,114268616180019
8286,82.860000000,triangle_f2,0.023800000,2032,114268625051939,114268626246093
8287,82.870000000,triangle_f2,0.024080000,2032,114268635055527,114268636245592
8288,82.880000000,triangle_f2,0.024360000,2032,114268645051093,114268646249827
8289,82.890000000,triangle_f2,0.024640000,2032,114268655043469,114268656265795
8290,82.900000000,triangle_f2,0.024920000,2032,114268665048046,114268666246884
8291,82.910000000,triangle_f2,0.025200000,2032,114268675050801,114268676357284
8292,82.920000000,triangle_f2,0.025480000,2031,114268684990235,114268686256658
8293,82.930000000,triangle_f2,0.025760000,2031,114268695051394,114268696243886
8294,82.940000000,triangle_f2,0.026040000,2031,114268705046542,114268706361386
8295,82.950000000,triangle_f2,0.026320000,2031,114268715051329,114268716352174
8296,82.960000000,triangle_f2,0.026600000,2031,114268725053464,114268726363399
8297,82.970000000,triangle_f2,0.026880000,2030,114268735047743,114268736242089
8298,82.980000000,triangle_f2,0.027160000,2030,114268745041927,114268746363540
8299,82.990000000,triangle_f2,0.027440000,2030,114268755047766,114268756196933
8300,83.000000000,triangle_f2,0.027720000,2030,114268765041735,114268766250521
8301,83.010000000,triangle_f2,0.028000000,2030,114268775057670,114268776252870
8302,83.020000000,triangle_f2,0.028280000,2030,114268785049332,114268786243342
8303,83.030000000,triangle_f2,0.028560000,2029,114268795047105,114268796244623
8304,83.040000000,triangle_f2,0.028840000,2029,114268805026962,114268806332157
8305,83.050000000,triangle_f2,0.029120000,2029,114268815016795,114268816241940
8306,83.060000000,triangle_f2,0.029400000,2029,114268825047087,114268826182516
8307,83.070000000,triangle_f2,0.029680000,2029,114268835049462,114268836180649
8308,83.080000000,triangle_f2,0.029960000,2028,114268845050109,114268846182616
8309,83.090000000,triangle_f2,0.030240000,2028,114268855056862,114268856184946
8310,83.100000000,triangle_f2,0.030520000,2028,114268865044241,114268866240786
8311,83.110000000,triangle_f2,0.030800000,2028,114268875054237,114268876244508
8312,83.120000000,triangle_f2,0.031080000,2028,114268885051430,114268886194679
8313,83.130000000,triangle_f2,0.031360000,2028,114268895049696,114268896246662
8314,83.140000000,triangle_f2,0.031640000,2027,114268905047069,114268906380460
8315,83.150000000,triangle_f2,0.031920000,2027,114268915047732,114268916244243
8316,83.160000000,triangle_f2,0.032200000,2027,114268925041990,114268926355662
8317,83.170000000,triangle_f2,0.032480000,2027,114268935057713,114268936178069
8318,83.180000000,triangle_f2,0.032760000,2027,114268945049549,114268946208720
8319,83.190000000,triangle_f2,0.033040000,2026,114268955044607,114268956239837
8320,83.200000000,triangle_f2,0.033320000,2026,114268965043781,114268966225099
8321,83.210000000,triangle_f2,0.033600000,2026,114268975062010,114268976227412
8322,83.220000000,triangle_f2,0.033880000,2026,114268985044363,114268986339612
8323,83.230000000,triangle_f2,0.034160000,2026,114268995043015,114268996224444
8324,83.240000000,triangle_f2,0.034440000,2026,114269005044197,114269006340994
8325,83.250000000,triangle_f2,0.034720000,2025,114269015028260,114269016259171
8326,83.260000000,triangle_f2,0.035000000,2025,114269025049366,114269026165676
8327,83.270000000,triangle_f2,0.035280000,2025,114269035046378,114269036157695
8328,83.280000000,triangle_f2,0.035560000,2025,114269045057325,114269046161502
8329,83.290000000,triangle_f2,0.035840000,2025,114269055045734,114269056176453
8330,83.300000000,triangle_f2,0.036120000,2024,114269065050258,114269066153009
8331,83.310000000,triangle_f2,0.036400000,2024,114269075044158,114269076217146
8332,83.320000000,triangle_f2,0.036680000,2024,114269085041150,114269086226072
8333,83.330000000,triangle_f2,0.036960000,2024,114269095042830,114269096248868
8334,83.340000000,triangle_f2,0.037240000,2024,114269105046137,114269106331111
8335,83.350000000,triangle_f2,0.037520000,2024,114269115049587,114269116222517
8336,83.360000000,triangle_f2,0.037800000,2023,114269125046254,114269126223525
8337,83.370000000,triangle_f2,0.038080000,2023,114269135045707,114269136342779
8338,83.380000000,triangle_f2,0.038360000,2023,114269145042074,114269146190310
8339,83.390000000,triangle_f2,0.038640000,2023,114269155041570,114269156222230
8340,83.400000000,triangle_f2,0.038920000,2023,114269165046915,114269166343020
8341,83.410000000,triangle_f2,0.039200000,2022,114269175049044,114269176339231
8342,83.420000000,triangle_f2,0.039480000,2022,114269184977009,114269186228269
8343,83.430000000,triangle_f2,0.039760000,2022,114269195053023,114269196221571
8344,83.440000000,triangle_f2,0.040040000,2022,114269205041436,114269206339405
8345,83.450000000,triangle_f2,0.040320000,2022,114269215050681,114269216226579
8346,83.460000000,triangle_f2,0.040600000,2022,114269225049720,114269226228478
8347,83.470000000,triangle_f2,0.040880000,2021,114269235027222,114269236250944
8348,83.480000000,triangle_f2,0.041160000,2021,114269245057347,114269246340010
8349,83.490000000,triangle_f2,0.041440000,2021,114269255059943,114269256159806
8350,83.500000000,triangle_f2,0.041720000,2021,114269265049945,114269266174448
8351,83.510000000,triangle_f2,0.042000000,2021,114269275047965,114269276159051
8352,83.520000000,triangle_f2,0.042280000,2020,114269285046971,114269286157235
8353,83.530000000,triangle_f2,0.042560000,2020,114269295049802,114269296156987
8354,83.540000000,triangle_f2,0.042840000,2020,114269305042153,114269306319465
8355,83.550000000,triangle_f2,0.043120000,2020,114269315045797,114269316339717
8356,83.560000000,triangle_f2,0.043400000,2020,114269324989873,114269326220215
8357,83.570000000,triangle_f2,0.043680000,2020,114269335045799,114269336200379
8358,83.580000000,triangle_f2,0.043960000,2019,114269345053699,114269346375241
8359,83.590000000,triangle_f2,0.044240000,2019,114269354983701,114269356163180
8360,83.600000000,triangle_f2,0.044520000,2019,114269364979472,114269366175843
8361,83.610000000,triangle_f2,0.044800000,2019,114269374968061,114269376190548
8362,83.620000000,triangle_f2,0.045080000,2019,114269384967378,114269386192907
8363,83.630000000,triangle_f2,0.045360000,2018,114269394967019,114269396186819
8364,83.640000000,triangle_f2,0.045640000,2018,114269404967514,114269406192436
8365,83.650000000,triangle_f2,0.045920000,2018,114269414965792,114269416188303
8366,83.660000000,triangle_f2,0.046200000,2018,114269424965983,114269426320385
8367,83.670000000,triangle_f2,0.046480000,2018,114269435046826,114269436306220
8368,83.680000000,triangle_f2,0.046760000,2018,114269445043027,114269446195799
8369,83.690000000,triangle_f2,0.047040000,2017,114269454984933,114269456287184
8370,83.700000000,triangle_f2,0.047320000,2017,114269464980016,114269466143197
8371,83.710000000,triangle_f2,0.047600000,2017,114269474968043,114269476126923
8372,83.720000000,triangle_f2,0.047880000,2017,114269484967470,114269486126793
8373,83.730000000,triangle_f2,0.048160000,2017,114269494966881,114269496120460
8374,83.740000000,triangle_f2,0.048440000,2016,114269504965921,114269506307125
8375,83.750000000,triangle_f2,0.048720000,2016,114269515048110,114269516312698
8376,83.760000000,triangle_f2,0.049000000,2016,114269525047781,114269526206182
8377,83.770000000,triangle_f2,0.049280000,2016,114269535047224,114269536199936
8378,83.780000000,triangle_f2,0.049560000,2016,114269544991220,114269546203762
8379,83.790000000,triangle_f2,0.049840000,2016,114269554973734,114269556118788
8380,83.800000000,triangle_f2,0.050120000,2015,114269564990531,114269566108913
8381,83.810000000,triangle_f2,0.050400000,2015,114269574988336,114269576221609
8382,83.820000000,triangle_f2,0.050680000,2015,114269584968635,114269586090698
8383,83.830000000,triangle_f2,0.050960000,2015,114269594968236,114269596084680
8384,83.840000000,triangle_f2,0.051240000,2015,114269604983599,114269606087345
8385,83.850000000,triangle_f2,0.051520000,2014,114269614969849,114269616077801
8386,83.860000000,triangle_f2,0.051800000,2014,114269624965871,114269626089641
8387,83.870000000,triangle_f2,0.052080000,2014,114269634983137,114269636141587
8388,83.880000000,triangle_f2,0.052360000,2014,114269645052209,114269646133236
8389,83.890000000,triangle_f2,0.052640000,2014,114269655044690,114269656097022
8390,83.900000000,triangle_f2,0.052920000,2014,114269665040986,114269666098025
8391,83.910000000,triangle_f2,0.053200000,2013,114269675051776,114269676206509
8392,83.920000000,triangle_f2,0.053480000,2013,114269684977059,114269686113525
8393,83.930000000,triangle_f2,0.053760000,2013,114269695044533,114269696137536
8394,83.940000000,triangle_f2,0.054040000,2013,114269705044259,114269706136377
8395,83.950000000,triangle_f2,0.054320000,2013,114269715044323,114269716137349
8396,83.960000000,triangle_f2,0.054600000,2012,114269725047075,114269726206515
8397,83.970000000,triangle_f2,0.054880000,2012,114269735045960,114269736202518
8398,83.980000000,triangle_f2,0.055160000,2012,114269745047747,114269746314827
8399,83.990000000,triangle_f2,0.055440000,2012,114269755040255,114269756182959
8400,84.000000000,triangle_f2,0.055720000,2012,114269765046440,114269766310685
8401,84.010000000,triangle_f2,0.056000000,2011,114269774989760,114269776318533
8402,84.020000000,triangle_f2,0.056280000,2011,114269784979481,114269786200047
8403,84.030000000,triangle_f2,0.056560000,2011,114269795043463,114269796182615
8404,84.040000000,triangle_f2,0.056840000,2011,114269805047234,114269806190408
8405,84.050000000,triangle_f2,0.057120000,2011,114269815043179,114269816187431
8406,84.060000000,triangle_f2,0.057400000,2011,114269825050187,114269826311303
8407,84.070000000,triangle_f2,0.057680000,2010,114269835048963,114269836191746
8408,84.080000000,triangle_f2,0.057960000,2010,114269845047468,114269846180288
8409,84.090000000,triangle_f2,0.058240000,2010,114269855045195,114269856300515
8410,84.100000000,triangle_f2,0.058520000,2010,114269865059285,114269866280950
8411,84.110000000,triangle_f2,0.058800000,2010,114269874978574,114269876324142
8412,84.120000000,triangle_f2,0.059080000,2009,114269884980256,114269886120945
8413,84.130000000,triangle_f2,0.059360000,2009,114269895048282,114269896115517
8414,84.140000000,triangle_f2,0.059640000,2009,114269905047639,114269906180478
8415,84.150000000,triangle_f2,0.059920000,2009,114269915052457,114269916187517
8416,84.160000000,triangle_f2,0.060200000,2009,114269925047642,114269926180829
8417,84.170000000,triangle_f2,0.060480000,2009,114269935042989,114269936305824
8418,84.180000000,triangle_f2,0.060760000,2008,114269945046163,114269946178022
8419,84.190000000,triangle_f2,0.061040000,2008,114269955043868,114269956184210
8420,84.200000000,triangle_f2,0.061320000,2008,114269965041121,114269966303915
8421,84.210000000,triangle_f2,0.061600000,2008,114269974978323,114269976310587
8422,84.220000000,triangle_f2,0.061880000,2008,114269985033845,114269986182110
8423,84.230000000,triangle_f2,0.062160000,2007,114269995048998,114269996197831
8424,84.240000000,triangle_f2,0.062440000,2007,114270005041879,114270006304107
8425,84.250000000,triangle_f2,0.062720000,2007,114270014990339,114270016178301
8426,84.260000000,triangle_f2,0.063000000,2007,114270025041928,114270026184044
8427,84.270000000,triangle_f2,0.063280000,2007,114270035042751,114270036177380
8428,84.280000000,triangle_f2,0.063560000,2007,114270045045634,114270046290438
8429,84.290000000,triangle_f2,0.063840000,2006,114270055047020,114270056187858
8430,84.300000000,triangle_f2,0.064120000,2006,114270065049582,114270066187318
8431,84.310000000,triangle_f2,0.064400000,2006,114270074978327,114270076181665
8432,84.320000000,triangle_f2,0.064680000,2006,114270085055254,114270086100847
8433,84.330000000,triangle_f2,0.064960000,2006,114270095041774,114270096183797
8434,84.340000000,triangle_f2,0.065240000,2005,114270105053177,114270106119489
8435,84.350000000,triangle_f2,0.065520000,2005,114270115048897,114270116114730
8436,84.360000000,triangle_f2,0.065800000,2005,114270125047531,114270126182196
8437,84.370000000,triangle_f2,0.066080000,2005,114270135043392,114270136306830
8438,84.380000000,triangle_f2,0.066360000,2005,114270145042337,114270146177217
8439,84.390000000,triangle_f2,0.066640000,2005,114270155042773,114270156190802
8440,84.400000000,triangle_f2,0.066920000,2004,114270164989821,114270166296042
8441,84.410000000,triangle_f2,0.067200000,2004,114270174978076,114270176184570
8442,84.420000000,triangle_f2,0.067480000,2004,114270185042591,114270186175833
8443,84.430000000,triangle_f2,0.067760000,2004,114270195043337,114270196157568
8444,84.440000000,triangle_f2,0.068040000,2004,114270205044175,114270206163423
8445,84.450000000,triangle_f2,0.068320000,2003,114270215042039,114270216178242
8446,84.460000000,triangle_f2,0.068600000,2003,114270225047936,114270226313089
8447,84.470000000,triangle_f2,0.068880000,2003,114270235054860,114270236160576
8448,84.480000000,triangle_f2,0.069160000,2003,114270245040599,114270246279479
8449,84.490000000,triangle_f2,0.069440000,2003,114270255049365,114270256160739
8450,84.500000000,triangle_f2,0.069720000,2003,114270265044863,114270266173593
8451,84.510000000,triangle_f2,0.070000000,2002,114270274978982,114270276270234
8452,84.520000000,triangle_f2,0.069720000,2003,114270285045774,114270286166106
8453,84.530000000,triangle_f2,0.069440000,2003,114270295054226,114270296172395
8454,84.540000000,triangle_f2,0.069160000,2003,114270305048133,114270306160458
8455,84.550000000,triangle_f2,0.068880000,2003,114270315053541,114270316115846
8456,84.560000000,triangle_f2,0.068600000,2003,114270325049290,114270326093917
8457,84.570000000,triangle_f2,0.068320000,2003,114270335054960,114270336096165
8458,84.580000000,triangle_f2,0.068040000,2004,114270345050322,114270346098346
8459,84.590000000,triangle_f2,0.067760000,2004,114270354977739,114270356094495
8460,84.600000000,triangle_f2,0.067480000,2004,114270364982278,114270366096544
8461,84.610000000,triangle_f2,0.067200000,2004,114270374979560,114270376094732
8462,84.620000000,triangle_f2,0.066920000,2004,114270385047525,114270386097948
8463,84.630000000,triangle_f2,0.066640000,2005,114270395046633,114270396103143
8464,84.640000000,triangle_f2,0.066360000,2005,114270405042662,114270406092655
8465,84.650000000,triangle_f2,0.066080000,2005,114270415043339,114270416089062
8466,84.660000000,triangle_f2,0.065800000,2005,114270425044986,114270426101101
8467,84.670000000,triangle_f2,0.065520000,2005,114270435059919,114270436093316
8468,84.680000000,triangle_f2,0.065240000,2005,114270445054315,114270446101138
8469,84.690000000,triangle_f2,0.064960000,2006,114270455043926,114270456096368
8470,84.700000000,triangle_f2,0.064680000,2006,114270465050842,114270466278392
8471,84.710000000,triangle_f2,0.064400000,2006,114270474980575,114270476142588
8472,84.720000000,triangle_f2,0.064120000,2006,114270485046791,114270486258394
8473,84.730000000,triangle_f2,0.063840000,2006,114270495049351,114270496152494
8474,84.740000000,triangle_f2,0.063560000,2007,114270505044020,114270506255624
8475,84.750000000,triangle_f2,0.063280000,2007,114270515049230,114270516149007
8476,84.760000000,triangle_f2,0.063000000,2007,114270525044393,114270526152736
8477,84.770000000,triangle_f2,0.062720000,2007,114270535044217,114270536139585
8478,84.780000000,triangle_f2,0.062440000,2007,114270545042754,114270546278851
8479,84.790000000,triangle_f2,0.062160000,2007,114270555045322,114270556143298
8480,84.800000000,triangle_f2,0.061880000,2008,114270565045995,114270566144692
8481,84.810000000,triangle_f2,0.061600000,2008,114270574979022,114270576271032
8482,84.820000000,triangle_f2,0.061320000,2008,114270585046867,114270586262199
8483,84.830000000,triangle_f2,0.061040000,2008,114270595047189,114270596120413
8484,84.840000000,triangle_f2,0.060760000,2008,114270605046689,114270606152204
8485,84.850000000,triangle_f2,0.060480000,2009,114270615043525,114270616152681
8486,84.860000000,triangle_f2,0.060200000,2009,114270625047030,114270626144044
8487,84.870000000,triangle_f2,0.059920000,2009,114270635046051,114270636164738
8488,84.880000000,triangle_f2,0.059640000,2009,114270645040600,114270646157267
8489,84.890000000,triangle_f2,0.059360000,2009,114270655044975,114270656279380
8490,84.900000000,triangle_f2,0.059080000,2009,114270665045398,114270666261027
8491,84.910000000,triangle_f2,0.058800000,2010,114270674977321,114270676140293
8492,84.920000000,triangle_f2,0.058520000,2010,114270685043377,114270686089724
8493,84.930000000,triangle_f2,0.058240000,2010,114270695045800,114270696154305
8494,84.940000000,triangle_f2,0.057960000,2010,114270705039879,114270706141451
8495,84.950000000,triangle_f2,0.057680000,2010,114270715043811,114270716142960
8496,84.960000000,triangle_f2,0.057400000,2011,114270725047172,114270726264137
8497,84.970000000,triangle_f2,0.057120000,2011,114270735045441,114270736101321
8498,84.980000000,triangle_f2,0.056840000,2011,114270745054939,114270746154701
8499,84.990000000,triangle_f2,0.056560000,2011,114270755040727,114270756267688
8500,85.000000000,triangle_f2,0.056280000,2011,114270765044412,114270766263585
8501,85.010000000,triangle_f2,0.056000000,2011,114270774979381,114270776148311
8502,85.020000000,triangle_f2,0.055720000,2012,114270785047460,114270786148756
8503,85.030000000,triangle_f2,0.055440000,2012,114270795044683,114270796138779
8504,85.040000000,triangle_f2,0.055160000,2012,114270805053061,114270806268365
8505,85.050000000,triangle_f2,0.054880000,2012,114270815046205,114270816159324
8506,85.060000000,triangle_f2,0.054600000,2012,114270825045250,114270826159828
8507,85.070000000,triangle_f2,0.054320000,2013,114270835041802,114270836143756
8508,85.080000000,triangle_f2,0.054040000,2013,114270845044242,114270846259963
8509,85.090000000,triangle_f2,0.053760000,2013,114270855049909,114270856253737
8510,85.100000000,triangle_f2,0.053480000,2013,114270865055829,114270866283322
8511,85.110000000,triangle_f2,0.053200000,2013,114270875056783,114270876259672
8512,85.120000000,triangle_f2,0.052920000,2014,114270885047836,114270886253807
8513,85.130000000,triangle_f2,0.052640000,2014,114270895053830,114270896257536
8514,85.140000000,triangle_f2,0.052360000,2014,114270905049164,114270906256006
8515,85.150000000,triangle_f2,0.052080000,2014,114270915052007,114270916255736
8516,85.160000000,triangle_f2,0.051800000,2014,114270925045222,114270926249112
8517,85.170000000,triangle_f2,0.051520000,2014,114270934978369,114270936248732
8518,85.180000000,triangle_f2,0.051240000,2015,114270944982992,114270946259017
8519,85.190000000,triangle_f2,0.050960000,2015,114270954993174,114270956245794
8520,85.200000000,triangle_f2,0.050680000,2015,114270965046097,114270966280620
8521,85.210000000,triangle_f2,0.050400000,2015,114270975060108,114270976139610
8522,85.220000000,triangle_f2,0.050120000,2015,114270985048724,114270986253530
8523,85.230000000,triangle_f2,0.049840000,2016,114270995046384,114270996176172
8524,85.240000000,triangle_f2,0.049560000,2016,114271005051880,114271006253398
8525,85.250000000,triangle_f2,0.049280000,2016,114271014991227,114271016266966
8526,85.260000000,triangle_f2,0.049000000,2016,114271025042594,114271026272341
8527,85.270000000,triangle_f2,0.048720000,2016,114271035042062,114271036251463
8528,85.280000000,triangle_f2,0.048440000,2016,114271044979129,114271046238444
8529,85.290000000,triangle_f2,0.048160000,2017,114271055048115,114271056244219
8530,85.300000000,triangle_f2,0.047880000,2017,114271065044826,114271066228278
8531,85.310000000,triangle_f2,0.047600000,2017,114271075048029,114271076230135
8532,85.320000000,triangle_f2,0.047320000,2017,114271085048263,114271086253286
8533,85.330000000,triangle_f2,0.047040000,2017,114271095042612,114271096233450
8534,85.340000000,triangle_f2,0.046760000,2018,114271105054698,114271106248981
8535,85.350000000,triangle_f2,0.046480000,2018,114271115055781,114271116251814
8536,85.360000000,triangle_f2,0.046200000,2018,114271125048167,114271126239563
8537,85.370000000,triangle_f2,0.045920000,2018,114271135043523,114271136229796
8538,85.380000000,triangle_f2,0.045640000,2018,114271144979427,114271146249293
8539,85.390000000,triangle_f2,0.045360000,2018,114271155051793,114271156119970
8540,85.400000000,triangle_f2,0.045080000,2019,114271165029723,114271166192516
8541,85.410000000,triangle_f2,0.044800000,2019,114271174980447,114271176242515
8542,85.420000000,triangle_f2,0.044520000,2019,114271184975974,114271186069988
8543,85.430000000,triangle_f2,0.044240000,2019,114271194969203,114271196052392
8544,85.440000000,triangle_f2,0.043960000,2019,114271204968069,114271206042392
8545,85.450000000,triangle_f2,0.043680000,2020,114271214988391,114271216055230
8546,85.460000000,triangle_f2,0.043400000,2020,114271224971444,114271226042901
8547,85.470000000,triangle_f2,0.043120000,2020,114271235045235,114271236067322
8548,85.480000000,triangle_f2,0.042840000,2020,114271244979358,114271246087839
8549,85.490000000,triangle_f2,0.042560000,2020,114271255044065,114271256065321
8550,85.500000000,triangle_f2,0.042280000,2020,114271265046447,114271266237733
8551,85.510000000,triangle_f2,0.042000000,2021,114271275042527,114271276234117
8552,85.520000000,triangle_f2,0.041720000,2021,114271285022281,114271286111671
8553,85.530000000,triangle_f2,0.041440000,2021,114271295049866,114271296065884
8554,85.540000000,triangle_f2,0.041160000,2021,114271305043679,114271306069414
8555,85.550000000,triangle_f2,0.040880000,2021,114271315046793,114271316069201
8556,85.560000000,triangle_f2,0.040600000,2022,114271325044084,114271326065048
8557,85.570000000,triangle_f2,0.040320000,2022,114271335047066,114271336071467
8558,85.580000000,triangle_f2,0.040040000,2022,114271344979193,114271346058125
8559,85.590000000,triangle_f2,0.039760000,2022,114271355050116,114271356080163
8560,85.600000000,triangle_f2,0.039480000,2022,114271365044514,114271366070262
8561,85.610000000,triangle_f2,0.039200000,2022,114271375056250,114271376062707
8562,85.620000000,triangle_f2,0.038920000,2023,114271385024380,114271386100655
8563,85.630000000,triangle_f2,0.038640000,2023,114271395048511,114271396070438
8564,85.640000000,triangle_f2,0.038360000,2023,114271405046208,114271406067499
8565,85.650000000,triangle_f2,0.038080000,2023,114271415050129,114271416055807
8566,85.660000000,triangle_f2,0.037800000,2023,114271425054811,114271426067652
8567,85.670000000,triangle_f2,0.037520000,2024,114271435070644,114271436063775
8568,85.680000000,triangle_f2,0.037240000,2024,114271444979806,114271446081532
8569,85.690000000,triangle_f2,0.036960000,2024,114271455053232,114271456073392
8570,85.700000000,triangle_f2,0.036680000,2024,114271465051253,114271466057785
8571,85.710000000,triangle_f2,0.036400000,2024,114271475041509,114271476067495
8572,85.720000000,triangle_f2,0.036120000,2024,114271485044058,114271486065135
8573,85.730000000,triangle_f2,0.035840000,2025,114271495047169,114271496048188
8574,85.740000000,triangle_f2,0.035560000,2025,114271505048623,114271506066229
8575,85.750000000,triangle_f2,0.035280000,2025,114271515050386,114271516065255
8576,85.760000000,triangle_f2,0.035000000,2025,114271525055058,114271526063908
8577,85.770000000,triangle_f2,0.034720000,2025,114271535053082,114271536047071
8578,85.780000000,triangle_f2,0.034440000,2026,114271545050385,114271546070535
8579,85.790000000,triangle_f2,0.034160000,2026,114271555043305,114271556048100
8580,85.800000000,triangle_f2,0.033880000,2026,114271565049370,114271566067187
8581,85.810000000,triangle_f2,0.033600000,2026,114271575042630,114271576064099
8582,85.820000000,triangle_f2,0.033320000,2026,114271585043002,114271586066030
8583,85.830000000,triangle_f2,0.033040000,2026,114271595046265,114271596067976
8584,85.840000000,triangle_f2,0.032760000,2027,114271605015704,114271606067897
8585,85.850000000,triangle_f2,0.032480000,2027,114271614981899,114271616043608
8586,85.860000000,triangle_f2,0.032200000,2027,114271625043608,114271626061619
8587,85.870000000,triangle_f2,0.031920000,2027,114271635046114,114271636067665
8588,85.880000000,triangle_f2,0.031640000,2027,114271645042113,114271646068635
8589,85.890000000,triangle_f2,0.031360000,2028,114271655042948,114271656068614
8590,85.900000000,triangle_f2,0.031080000,2028,114271665045966,114271666066635
8591,85.910000000,triangle_f2,0.030800000,2028,114271675042372,114271676067898
8592,85.920000000,triangle_f2,0.030520000,2028,114271685045730,114271686066395
8593,85.930000000,triangle_f2,0.030240000,2028,114271695044226,114271696138210
8594,85.940000000,triangle_f2,0.029960000,2028,114271705047279,114271706124421
8595,85.950000000,triangle_f2,0.029680000,2029,114271715049138,114271716211083
8596,85.960000000,triangle_f2,0.029400000,2029,114271725047911,114271726236968
8597,85.970000000,triangle_f2,0.029120000,2029,114271735047611,114271736231487
8598,85.980000000,triangle_f2,0.028840000,2029,114271745040869,114271746212893
8599,85.990000000,triangle_f2,0.028560000,2029,114271755046531,114271756229492
8600,86.000000000,triangle_f2,0.028280000,2030,114271765043757,114271766217668
8601,86.010000000,triangle_f2,0.028000000,2030,114271775043565,114271776247806
8602,86.020000000,triangle_f2,0.027720000,2030,114271785043371,114271786217798
8603,86.030000000,triangle_f2,0.027440000,2030,114271795051550,114271796239509
8604,86.040000000,triangle_f2,0.027160000,2030,114271805048978,114271806218776
8605,86.050000000,triangle_f2,0.026880000,2030,114271814967577,114271816102122
8606,86.060000000,triangle_f2,0.026600000,2031,114271824968469,114271826085037
8607,86.070000000,triangle_f2,0.026320000,2031,114271834967409,114271836084265
8608,86.080000000,triangle_f2,0.026040000,2031,114271844967546,114271846079325
8609,86.090000000,triangle_f2,0.025760000,2031,114271854965996,114271856079700
8610,86.100000000,triangle_f2,0.025480000,2031,114271864967103,114271866074531
8611,86.110000000,triangle_f2,0.025200000,2032,114271874967505,114271876079811
8612,86.120000000,triangle_f2,0.024920000,2032,114271884965218,114271886078387
8613,86.130000000,triangle_f2,0.024640000,2032,114271894966738,114271896090014
8614,86.140000000,triangle_f2,0.024360000,2032,114271904966185,114271906073786
8615,86.150000000,triangle_f2,0.024080000,2032,114271914965993,114271916075579
8616,86.160000000,triangle_f2,0.023800000,2032,114271924966160,114271926073874
8617,86.170000000,triangle_f2,0.023520000,2033,114271934966486,114271936081087
8618,86.180000000,triangle_f2,0.023240000,2033,114271944965820,114271946077353
8619,86.190000000,triangle_f2,0.022960000,2033,114271954966295,114271956076801
8620,86.200000000,triangle_f2,0.022680000,2033,114271964966175,114271966075564
8621,86.210000000,triangle_f2,0.022400000,2033,114271974966868,114271976077817
8622,86.220000000,triangle_f2,0.022120000,2034,114271984964850,114271986080903
8623,86.230000000,triangle_f2,0.021840000,2034,114271994966176,114271996076738
8624,86.240000000,triangle_f2,0.021560000,2034,114272004965335,114272006076521
8625,86.250000000,triangle_f2,0.021280000,2034,114272014966907,114272016077037
8626,86.260000000,triangle_f2,0.021000000,2034,114272024966116,114272026073334
8627,86.270000000,triangle_f2,0.020720000,2034,114272034967361,114272036077936
8628,86.280000000,triangle_f2,0.020440000,2035,114272044965924,114272046077486
8629,86.290000000,triangle_f2,0.020160000,2035,114272054965430,114272056071964
8630,86.300000000,triangle_f2,0.019880000,2035,114272064964866,114272066078788
8631,86.310000000,triangle_f2,0.019600000,2035,114272074966646,114272076075269
8632,86.320000000,triangle_f2,0.019320000,2035,114272084964778,114272086075142
8633,86.330000000,triangle_f2,0.019040000,2036,114272094966459,114272096083077
8634,86.340000000,triangle_f2,0.018760000,2036,114272104965409,114272106088627
8635,86.350000000,triangle_f2,0.018480000,2036,114272114966711,114272116073475
8636,86.360000000,triangle_f2,0.018200000,2036,114272124965741,114272126073638
8637,86.370000000,triangle_f2,0.017920000,2036,114272134966257,114272136072701
8638,86.380000000,triangle_f2,0.017640000,2037,114272144965331,114272146024402
8639,86.390000000,triangle_f2,0.017360000,2037,114272154966439,114272156072429
8640,86.400000000,triangle_f2,0.017080000,2037,114272165053112,114272166242447
8641,86.410000000,triangle_f2,0.016800000,2037,114272175045831,114272176093265
8642,86.420000000,triangle_f2,0.016520000,2037,114272185049100,114272186169141
8643,86.430000000,triangle_f2,0.016240000,2037,114272195047050,114272196194771
8644,86.440000000,triangle_f2,0.015960000,2038,114272205054175,114272206085357
8645,86.450000000,triangle_f2,0.015680000,2038,114272215043195,114272216197909
8646,86.460000000,triangle_f2,0.015400000,2038,114272225049471,114272226168918
8647,86.470000000,triangle_f2,0.015120000,2038,114272235056993,114272235949645
8648,86.480000000,triangle_f2,0.014840000,2038,114272244966011,114272246083522
8649,86.490000000,triangle_f2,0.014560000,2039,114272254967100,114272256144842
8650,86.500000000,triangle_f2,0.014280000,2039,114272264989011,114272265995724
8651,86.510000000,triangle_f2,0.014000000,2039,114272275051331,114272276180080
8652,86.520000000,triangle_f2,0.013720000,2039,114272285052625,114272286199250
8653,86.530000000,triangle_f2,0.013440000,2039,114272295048351,114272296111652
8654,86.540000000,triangle_f2,0.013160000,2039,114272304965018,114272306049844
8655,86.550000000,triangle_f2,0.012880000,2040,114272314967023,114272316043407
8656,86.560000000,triangle_f2,0.012600000,2040,114272324965245,114272326047127
8657,86.570000000,triangle_f2,0.012320000,2040,114272334966985,114272336047080
8658,86.580000000,triangle_f2,0.012040000,2040,114272344964523,114272346038025
8659,86.590000000,triangle_f2,0.011760000,2040,114272354965394,114272356049297
8660,86.600000000,triangle_f2,0.011480000,2041,114272364967135,114272366047958
8661,86.610000000,triangle_f2,0.011200000,2041,114272374971176,114272376058888
8662,86.620000000,triangle_f2,0.010920000,2041,114272384967037,114272386047440
8663,86.630000000,triangle_f2,0.010640000,2041,114272394966834,114272395981313
8664,86.640000000,triangle_f2,0.010360000,2041,114272404967265,114272405961689
8665,86.650000000,triangle_f2,0.010080000,2041,114272414966722,114272415963012
8666,86.660000000,triangle_f2,0.009800000,2042,114272424968603,114272426051489
8667,86.670000000,triangle_f2,0.009520000,2042,114272434967192,114272436052911
8668,86.680000000,triangle_f2,0.009240000,2042,114272444966280,114272446019920
8669,86.690000000,triangle_f2,0.008960000,2042,114272454968077,114272455991463
8670,86.700000000,triangle_f2,0.008680000,2042,114272464967402,114272465979897
8671,86.710000000,triangle_f2,0.008400000,2043,114272474968656,114272475992674
8672,86.720000000,triangle_f2,0.008120000,2043,114272484969314,114272485988490
8673,86.730000000,triangle_f2,0.007840000,2043,114272494965859,114272495984770
8674,86.740000000,triangle_f2,0.007560000,2043,114272504965837,114272505982226
8675,86.750000000,triangle_f2,0.007280000,2043,114272514965966,114272515986194
8676,86.760000000,triangle_f2,0.007000000,2043,114272524965840,114272525978949
8677,86.770000000,triangle_f2,0.006720000,2044,114272534966067,114272535975975
8678,86.780000000,triangle_f2,0.006440000,2044,114272544966781,114272545986848
8679,86.790000000,triangle_f2,0.006160000,2044,114272554965845,114272555978845
8680,86.800000000,triangle_f2,0.005880000,2044,114272564965995,114272565977198
8681,86.810000000,triangle_f2,0.005600000,2044,114272574965858,114272575980460
8682,86.820000000,triangle_f2,0.005320000,2045,114272584968246,114272585981215
8683,86.830000000,triangle_f2,0.005040000,2045,114272594966131,114272595982746
8684,86.840000000,triangle_f2,0.004760000,2045,114272604965869,114272605979421
8685,86.850000000,triangle_f2,0.004480000,2045,114272614966718,114272615979455
8686,86.860000000,triangle_f2,0.004200000,2045,114272624966822,114272625980329
8687,86.870000000,triangle_f2,0.003920000,2045,114272634966402,114272635961719
8688,86.880000000,triangle_f2,0.003640000,2046,114272644965941,114272645963246
8689,86.890000000,triangle_f2,0.003360000,2046,114272654966478,114272655981126
8690,86.900000000,triangle_f2,0.003080000,2046,114272664965786,114272665977751
8691,86.910000000,triangle_f2,0.002800000,2046,114272674966730,114272675981927
8692,86.920000000,triangle_f2,0.002520000,2046,114272684968778,114272685984775
8693,86.930000000,triangle_f2,0.002240000,2047,114272694966037,114272695968133
8694,86.940000000,triangle_f2,0.001960000,2047,114272704966198,114272705958079
8695,86.950000000,triangle_f2,0.001680000,2047,114272714966345,114272715958167
8696,86.960000000,triangle_f2,0.001400000,2047,114272724965641,114272725959572
8697,86.970000000,triangle_f2,0.001120000,2047,114272734965736,114272735957765
8698,86.980000000,triangle_f2,0.000840000,2047,114272744965389,114272745959421
8699,86.990000000,triangle_f2,0.000560000,2048,114272754965218,114272755955592
8700,87.000000000,triangle_f2,0.000280000,2048,114272764966069,114272765958317
8701,87.010000000,triangle_f2,0.000000000,2048,114272774965589,114272775960667
8702,87.020000000,triangle_f2,-0.000280000,2048,114272784969526,114272785964039
8703,87.030000000,triangle_f2,-0.000560000,2048,114272794965150,114272795959090
8704,87.040000000,triangle_f2,-0.000840000,2049,114272804965494,114272805957620
8705,87.050000000,triangle_f2,-0.001120000,2049,114272814965764,114272815958844
8706,87.060000000,triangle_f2,-0.001400000,2049,114272824965647,114272825957247
8707,87.070000000,triangle_f2,-0.001680000,2049,114272834967047,114272835959472
8708,87.080000000,triangle_f2,-0.001960000,2049,114272844965745,114272845990852
8709,87.090000000,triangle_f2,-0.002240000,2049,114272854976746,114272856038359
8710,87.100000000,triangle_f2,-0.002520000,2050,114272864968261,114272866046274
8711,87.110000000,triangle_f2,-0.002800000,2050,114272874966422,114272875962869
8712,87.120000000,triangle_f2,-0.003080000,2050,114272884969451,114272885967885
8713,87.130000000,triangle_f2,-0.003360000,2050,114272894965701,114272895958708
8714,87.140000000,triangle_f2,-0.003640000,2050,114272904966969,114272905962555
8715,87.150000000,triangle_f2,-0.003920000,2051,114272914966005,114272916026038
8716,87.160000000,triangle_f2,-0.004200000,2051,114272924966571,114272926031514
8717,87.170000000,triangle_f2,-0.004480000,2051,114272934966217,114272936029399
8718,87.180000000,triangle_f2,-0.004760000,2051,114272944970380,114272945988936
8719,87.190000000,triangle_f2,-0.005040000,2051,114272954966880,114272956030401
8720,87.200000000,triangle_f2,-0.005320000,2051,114272964966804,114272965965800
8721,87.210000000,triangle_f2,-0.005600000,2052,114272974966562,114272975961225
8722,87.220000000,triangle_f2,-0.005880000,2052,114272984969141,114272985958815
8723,87.230000000,triangle_f2,-0.006160000,2052,114272994965634,114272995955048
8724,87.240000000,triangle_f2,-0.006440000,2052,114273004966128,114273005959130
8725,87.250000000,triangle_f2,-0.006720000,2052,114273014965979,114273015949081
8726,87.260000000,triangle_f2,-0.007000000,2053,114273024966205,114273025958765
8727,87.270000000,triangle_f2,-0.007280000,2053,114273034965933,114273035952463
8728,87.280000000,triangle_f2,-0.007560000,2053,114273044966174,114273045954507
8729,87.290000000,triangle_f2,-0.007840000,2053,114273054975445,114273055943003
8730,87.300000000,triangle_f2,-0.008120000,2053,114273064969487,114273065959911
8731,87.310000000,triangle_f2,-0.008400000,2053,114273074967523,114273075951376
8732,87.320000000,triangle_f2,-0.008680000,2054,114273084969442,114273085950868
8733,87.330000000,triangle_f2,-0.008960000,2054,114273094965659,114273095937935
8734,87.340000000,triangle_f2,-0.009240000,2054,114273104966976,114273105959624
8735,87.350000000,triangle_f2,-0.009520000,2054,114273114966190,114273116009199
8736,87.360000000,triangle_f2,-0.009800000,2054,114273124965607,114273125996480
8737,87.370000000,triangle_f2,-0.010080000,2055,114273134965776,114273136015226
8738,87.380000000,triangle_f2,-0.010360000,2055,114273144965841,114273146018628
8739,87.390000000,triangle_f2,-0.010640000,2055,114273154966369,114273155999115
8740,87.400000000,triangle_f2,-0.010920000,2055,114273164967489,114273166014404
8741,87.410000000,triangle_f2,-0.011200000,2055,114273174966150,114273175996616
8742,87.420000000,triangle_f2,-0.011480000,2055,114273184968678,114273185937306
8743,87.430000000,triangle_f2,-0.011760000,2056,114273194965294,114273195934868
8744,87.440000000,triangle_f2,-0.012040000,2056,114273204966268,114273205928229
8745,87.450000000,triangle_f2,-0.012320000,2056,114273214967124,114273215934106
8746,87.460000000,triangle_f2,-0.012600000,2056,114273224966063,114273225934494
8747,87.470000000,triangle_f2,-0.012880000,2056,114273234966723,114273235935096
8748,87.480000000,triangle_f2,-0.013160000,2057,114273244965986,114273245933572
8749,87.490000000,triangle_f2,-0.013440000,2057,114273254974278,114273255952921
8750,87.500000000,triangle_f2,-0.013720000,2057,114273264969270,114273265944054
8751,87.510000000,triangle_f2,-0.014000000,2057,114273274966551,114273275937478
8752,87.520000000,triangle_f2,-0.014280000,2057,114273284969262,114273285929241
8753,87.530000000,triangle_f2,-0.014560000,2057,114273294965701,114273295927176
8754,87.540000000,triangle_f2,-0.014840000,2058,114273304966043,114273305934397
8755,87.550000000,triangle_f2,-0.015120000,2058,114273314966967,114273315943139
8756,87.560000000,triangle_f2,-0.015400000,2058,114273324965012,114273325931153
8757,87.570000000,triangle_f2,-0.015680000,2058,114273334966720,114273335931303
8758,87.580000000,triangle_f2,-0.015960000,2058,114273344966226,114273345947825
8759,87.590000000,triangle_f2,-0.016240000,2059,114273354967332,114273355925873
8760,87.600000000,triangle_f2,-0.016520000,2059,114273364975258,114273365948337
8761,87.610000000,triangle_f2,-0.016800000,2059,114273374967395,114273375934579
8762,87.620000000,triangle_f2,-0.017080000,2059,114273384968957,114273385937149
8763,87.630000000,triangle_f2,-0.017360000,2059,114273395052201,114273395953106
8764,87.640000000,triangle_f2,-0.017640000,2059,114273404979351,114273405948757
8765,87.650000000,triangle_f2,-0.017920000,2060,114273414968689,114273415927097
8766,87.660000000,triangle_f2,-0.018200000,2060,114273424966379,114273425930507
8767,87.670000000,triangle_f2,-0.018480000,2060,114273434967147,114273435931059
8768,87.680000000,triangle_f2,-0.018760000,2060,114273444966452,114273445932631
8769,87.690000000,triangle_f2,-0.019040000,2060,114273454966250,114273455932971
8770,87.700000000,triangle_f2,-0.019320000,2061,114273464967310,114273465936849
8771,87.710000000,triangle_f2,-0.019600000,2061,114273474975668,114273475940729
8772,87.720000000,triangle_f2,-0.019880000,2061,114273484969487,114273485942487
8773,87.730000000,triangle_f2,-0.020160000,2061,114273494967183,114273495927295
8774,87.740000000,triangle_f2,-0.020440000,2061,114273504967850,114273505933402
8775,87.750000000,triangle_f2,-0.020720000,2062,114273514966789,114273515927336
8776,87.760000000,triangle_f2,-0.021000000,2062,114273524965807,114273525906293
8777,87.770000000,triangle_f2,-0.021280000,2062,114273534966883,114273535911628
8778,87.780000000,triangle_f2,-0.021560000,2062,114273544966738,114273545916027
8779,87.790000000,triangle_f2,-0.021840000,2062,114273554966040,114273555979531
8780,87.800000000,triangle_f2,-0.022120000,2062,114273564966094,114273565974764
8781,87.810000000,triangle_f2,-0.022400000,2063,114273574965732,114273575975163
8782,87.820000000,triangle_f2,-0.022680000,2063,114273584968787,114273585923522
8783,87.830000000,triangle_f2,-0.022960000,2063,114273594966034,114273595902396
8784,87.840000000,triangle_f2,-0.023240000,2063,114273604967555,114273605912331
8785,87.850000000,triangle_f2,-0.023520000,2063,114273614966292,114273615912108
8786,87.860000000,triangle_f2,-0.023800000,2064,114273624967238,114273625902601
8787,87.870000000,triangle_f2,-0.024080000,2064,114273634966445,114273635903724
8788,87.880000000,triangle_f2,-0.024360000,2064,114273644965620,114273645921792
8789,87.890000000,triangle_f2,-0.024640000,2064,114273654965901,114273655915203
8790,87.900000000,triangle_f2,-0.024920000,2064,114273664966665,114273665916718
8791,87.910000000,triangle_f2,-0.025200000,2064,114273674973633,114273675921017
8792,87.920000000,triangle_f2,-0.025480000,2065,114273684970597,114273685918964
8793,87.930000000,triangle_f2,-0.025760000,2065,114273694965695,114273695916917
8794,87.940000000,triangle_f2,-0.026040000,2065,114273704965146,114273705910312
8795,87.950000000,triangle_f2,-0.026320000,2065,114273714966765,114273715904688
8796,87.960000000,triangle_f2,-0.026600000,2065,114273724966093,114273725910612
8797,87.970000000,triangle_f2,-0.026880000,2066,114273735048063,114273736122330
8798,87.980000000,triangle_f2,-0.027160000,2066,114273745053726,114273746132128
8799,87.990000000,triangle_f2,-0.027440000,2066,114273755048632,114273756126191
8800,88.000000000,triangle_f2,-0.027720000,2066,114273765046549,114273766129867
8801,88.010000000,triangle_f2,-0.028000000,2066,114273775053945,114273775997906
8802,88.020000000,triangle_f2,-0.028280000,2066,114273785048088,114273785996822
8803,88.030000000,triangle_f2,-0.028560000,2067,114273795047807,114273796052288
8804,88.040000000,triangle_f2,-0.028840000,2067,114273805044739,114273805927724
8805,88.050000000,triangle_f2,-0.029120000,2067,114273815044700,114273815926260
8806,88.060000000,triangle_f2,-0.029400000,2067,114273825043215,114273825931272
8807,88.070000000,triangle_f2,-0.029680000,2067,114273835046314,114273835927624
8808,88.080000000,triangle_f2,-0.029960000,2068,114273845047211,114273845929551
8809,88.090000000,triangle_f2,-0.030240000,2068,114273855043500,114273855906773
8810,88.100000000,triangle_f2,-0.030520000,2068,114273865055541,114273865928246
8811,88.110000000,triangle_f2,-0.030800000,2068,114273875046575,114273875910871
8812,88.120000000,triangle_f2,-0.031080000,2068,114273884981314,114273885917226
8813,88.130000000,triangle_f2,-0.031360000,2068,114273894971592,114273895914733
8814,88.140000000,triangle_f2,-0.031640000,2069,114273905047536,114273905911791
8815,88.150000000,triangle_f2,-0.031920000,2069,114273915042238,114273915909979
8816,88.160000000,triangle_f2,-0.032200000,2069,114273925058041,114273925905672
8817,88.170000000,triangle_f2,-0.032480000,2069,114273935045814,114273935925026
8818,88.180000000,triangle_f2,-0.032760000,2069,114273945047128,114273945908591
8819,88.190000000,triangle_f2,-0.033040000,2070,114273955046314,114273955913496
8820,88.200000000,triangle_f2,-0.033320000,2070,114273965044168,114273965908696
8821,88.210000000,triangle_f2,-0.033600000,2070,114273975051608,114273975904048
8822,88.220000000,triangle_f2,-0.033880000,2070,114273985050765,114273985913828
8823,88.230000000,triangle_f2,-0.034160000,2070,114273995041702,114273995912075
8824,88.240000000,triangle_f2,-0.034440000,2070,114274005041532,114274005932512
8825,88.250000000,triangle_f2,-0.034720000,2071,114274015051382,114274015912972
8826,88.260000000,triangle_f2,-0.035000000,2071,114274025052650,114274025911569
8827,88.270000000,triangle_f2,-0.035280000,2071,114274035045908,114274035907415
8828,88.280000000,triangle_f2,-0.035560000,2071,114274045040675,114274045909080
8829,88.290000000,triangle_f2,-0.035840000,2071,114274055042511,114274055911951
8830,88.300000000,triangle_f2,-0.036120000,2072,114274065044028,114274065925584
8831,88.310000000,triangle_f2,-0.036400000,2072,114274075045708,114274075911227
8832,88.320000000,triangle_f2,-0.036680000,2072,114274085045874,114274085911818
8833,88.330000000,triangle_f2,-0.036960000,2072,114274095042965,114274095906972
8834,88.340000000,triangle_f2,-0.037240000,2072,114274105043759,114274105907889
8835,88.350000000,triangle_f2,-0.037520000,2072,114274115042840,114274115905175
8836,88.360000000,triangle_f2,-0.037800000,2073,114274125047667,114274125911347
8837,88.370000000,triangle_f2,-0.038080000,2073,114274135042675,114274135913976
8838,88.380000000,triangle_f2,-0.038360000,2073,114274145042757,114274145903967
8839,88.390000000,triangle_f2,-0.038640000,2073,114274155049195,114274155909959
8840,88.400000000,triangle_f2,-0.038920000,2073,114274165049913,114274165926873
8841,88.410000000,triangle_f2,-0.039200000,2074,114274175043401,114274175907506
8842,88.420000000,triangle_f2,-0.039480000,2074,114274185046547,114274185910264
8843,88.430000000,triangle_f2,-0.039760000,2074,114274195048500,114274195906555
8844,88.440000000,triangle_f2,-0.040040000,2074,114274205052427,114274205904846
8845,88.450000000,triangle_f2,-0.040320000,2074,114274215054475,114274215910759
8846,88.460000000,triangle_f2,-0.040600000,2074,114274225042035,114274225907966
8847,88.470000000,triangle_f2,-0.040880000,2075,114274235044223,114274235914911
8848,88.480000000,triangle_f2,-0.041160000,2075,114274245056869,114274245909597
8849,88.490000000,triangle_f2,-0.041440000,2075,114274255053015,114274255913874
8850,88.500000000,triangle_f2,-0.041720000,2075,114274265046607,114274265911194
8851,88.510000000,triangle_f2,-0.042000000,2075,114274275044325,114274275906967
8852,88.520000000,triangle_f2,-0.042280000,2076,114274285061347,114274285888181
8853,88.530000000,triangle_f2,-0.042560000,2076,114274295052253,114274295887217
8854,88.540000000,triangle_f2,-0.042840000,2076,114274305049359,114274305890993
8855,88.550000000,triangle_f2,-0.043120000,2076,114274315043943,114274315888630
8856,88.560000000,triangle_f2,-0.043400000,2076,114274325050542,114274325888260
8857,88.570000000,triangle_f2,-0.043680000,2076,114274335045018,114274335888978
8858,88.580000000,triangle_f2,-0.043960000,2077,114274345047380,114274345891099
8859,88.590000000,triangle_f2,-0.044240000,2077,114274355047469,114274355901592
8860,88.600000000,triangle_f2,-0.044520000,2077,114274365042601,114274365888127
8861,88.610000000,triangle_f2,-0.044800000,2077,114274375043400,114274375887132
8862,88.620000000,triangle_f2,-0.045080000,2077,114274385040948,114274385887940
8863,88.630000000,triangle_f2,-0.045360000,2078,114274395047956,114274395891237
8864,88.640000000,triangle_f2,-0.045640000,2078,114274405071398,114274405886109
8865,88.650000000,triangle_f2,-0.045920000,2078,114274415046182,114274415886260
8866,88.660000000,triangle_f2,-0.046200000,2078,114274425046768,114274425889046
8867,88.670000000,triangle_f2,-0.046480000,2078,114274435041513,114274435893148
8868,88.680000000,triangle_f2,-0.046760000,2078,114274445046037,114274445890257
8869,88.690000000,triangle_f2,-0.047040000,2079,114274455048846,114274455891234
8870,88.700000000,triangle_f2,-0.047320000,2079,114274465048968,114274465892184
8871,88.710000000,triangle_f2,-0.047600000,2079,114274475051359,114274475890031
8872,88.720000000,triangle_f2,-0.047880000,2079,114274485056211,114274485891468
8873,88.730000000,triangle_f2,-0.048160000,2079,114274495046478,114274495887614
8874,88.740000000,triangle_f2,-0.048440000,2080,114274505043623,114274505885104
8875,88.750000000,triangle_f2,-0.048720000,2080,114274515052553,114274515886669
8876,88.760000000,triangle_f2,-0.049000000,2080,114274525043950,114274525886811
8877,88.770000000,triangle_f2,-0.049280000,2080,114274535047470,114274535879749
8878,88.780000000,triangle_f2,-0.049560000,2080,114274545047648,114274545891632
8879,88.790000000,triangle_f2,-0.049840000,2080,114274555047275,114274555890247
8880,88.800000000,triangle_f2,-0.050120000,2081,114274565047477,114274565887970
8881,88.810000000,triangle_f2,-0.050400000,2081,114274575041589,114274575892796
8882,88.820000000,triangle_f2,-0.050680000,2081,114274585040667,114274585889361
8883,88.830000000,triangle_f2,-0.050960000,2081,114274595049492,114274595890924
8884,88.840000000,triangle_f2,-0.051240000,2081,114274605049366,114274605888593
8885,88.850000000,triangle_f2,-0.051520000,2082,114274615047389,114274615889737
8886,88.860000000,triangle_f2,-0.051800000,2082,114274625049179,114274625890382
8887,88.870000000,triangle_f2,-0.052080000,2082,114274635044931,114274635892243
8888,88.880000000,triangle_f2,-0.052360000,2082,114274645047379,114274645888681
8889,88.890000000,triangle_f2,-0.052640000,2082,114274655043840,114274655906884
8890,88.900000000,triangle_f2,-0.052920000,2082,114274665048103,114274665886850
8891,88.910000000,triangle_f2,-0.053200000,2083,114274675053150,114274675886970
8892,88.920000000,triangle_f2,-0.053480000,2083,114274685047131,114274685826706
8893,88.930000000,triangle_f2,-0.053760000,2083,114274695050894,114274695884280
8894,88.940000000,triangle_f2,-0.054040000,2083,114274705043726,114274705867825
8895,88.950000000,triangle_f2,-0.054320000,2083,114274715049592,114274715869861
8896,88.960000000,triangle_f2,-0.054600000,2084,114274725050373,114274725868667
8897,88.970000000,triangle_f2,-0.054880000,2084,114274735045606,114274735884009
8898,88.980000000,triangle_f2,-0.055160000,2084,114274745048091,114274745870380
8899,88.990000000,triangle_f2,-0.055440000,2084,114274755047378,114274755869128
8900,89.000000000,triangle_f2,-0.055720000,2084,114274765056423,114274765866467
8901,89.010000000,triangle_f2,-0.056000000,2085,114274775041311,114274775869258
8902,89.020000000,triangle_f2,-0.056280000,2085,114274785043176,114274785868797
8903,89.030000000,triangle_f2,-0.056560000,2085,114274795051590,114274795866076
8904,89.040000000,triangle_f2,-0.056840000,2085,114274805046982,114274805867702
8905,89.050000000,triangle_f2,-0.057120000,2085,114274815052181,114274815863866
8906,89.060000000,triangle_f2,-0.057400000,2085,114274824969403,114274825865158
8907,89.070000000,triangle_f2,-0.057680000,2086,114274834967936,114274835858550
8908,89.080000000,triangle_f2,-0.057960000,2086,114274844966478,114274845855399
8909,89.090000000,triangle_f2,-0.058240000,2086,114274854966362,114274855860689
8910,89.100000000,triangle_f2,-0.058520000,2086,114274864966396,114274865860816
8911,89.110000000,triangle_f2,-0.058800000,2086,114274874966344,114274875858870
8912,89.120000000,triangle_f2,-0.059080000,2087,114274884969279,114274885864982
8913,89.130000000,triangle_f2,-0.059360000,2087,114274894966001,114274895858008
8914,89.140000000,triangle_f2,-0.059640000,2087,114274904975042,114274905866258
8915,89.150000000,triangle_f2,-0.059920000,2087,114274914968383,114274915857918
8916,89.160000000,triangle_f2,-0.060200000,2087,114274924966310,114274925854943
8917,89.170000000,triangle_f2,-0.060480000,2087,114274934966707,114274935854974
8918,89.180000000,triangle_f2,-0.060760000,2088,114274944973071,114274945858753
8919,89.190000000,triangle_f2,-0.061040000,2088,114274954966297,114274955857600
8920,89.200000000,triangle_f2,-0.061320000,2088,114274964966432,114274965856717
8921,89.210000000,triangle_f2,-0.061600000,2088,114274974965834,114274975858570
8922,89.220000000,triangle_f2,-0.061880000,2088,114274984969861,114274985864837
8923,89.230000000,triangle_f2,-0.062160000,2089,114274994965795,114274995859213
8924,89.240000000,triangle_f2,-0.062440000,2089,114275004965545,114275005859265
8925,89.250000000,triangle_f2,-0.062720000,2089,114275014967586,114275015856502
8926,89.260000000,triangle_f2,-0.063000000,2089,114275024967104,114275025856532
8927,89.270000000,triangle_f2,-0.063280000,2089,114275034966790,114275035856101
8928,89.280000000,triangle_f2,-0.063560000,2089,114275044966874,114275045853648
8929,89.290000000,triangle_f2,-0.063840000,2090,114275054965520,114275055858159
8930,89.300000000,triangle_f2,-0.064120000,2090,114275064967576,114275065877979
8931,89.310000000,triangle_f2,-0.064400000,2090,114275074967058,114275075864755
8932,89.320000000,triangle_f2,-0.064680000,2090,114275084966378,114275085841368
8933,89.330000000,triangle_f2,-0.064960000,2090,114275094965841,114275095854753
8934,89.340000000,triangle_f2,-0.065240000,2091,114275104965075,114275105855808
8935,89.350000000,triangle_f2,-0.065520000,2091,114275114966835,114275115837351
8936,89.360000000,triangle_f2,-0.065800000,2091,114275124974481,114275125880808
8937,89.370000000,triangle_f2,-0.066080000,2091,114275134968288,114275135840663
8938,89.380000000,triangle_f2,-0.066360000,2091,114275144965596,114275145838046
8939,89.390000000,triangle_f2,-0.066640000,2091,114275154965818,114275155840352
8940,89.400000000,triangle_f2,-0.066920000,2092,114275164966945,114275165838523
8941,89.410000000,triangle_f2,-0.067200000,2092,114275174966208,114275175835505
8942,89.420000000,triangle_f2,-0.067480000,2092,114275184971986,114275185843318
8943,89.430000000,triangle_f2,-0.067760000,2092,114275194970176,114275195840713
8944,89.440000000,triangle_f2,-0.068040000,2092,114275204965528,114275205837861
8945,89.450000000,triangle_f2,-0.068320000,2093,114275214967513,114275215831330
8946,89.460000000,triangle_f2,-0.068600000,2093,114275224966400,114275225836882
8947,89.470000000,triangle_f2,-0.068880000,2093,114275234966520,114275235837614
8948,89.480000000,triangle_f2,-0.069160000,2093,114275244966387,114275245844181
8949,89.490000000,triangle_f2,-0.069440000,2093,114275254965723,114275255834896
8950,89.500000000,triangle_f2,-0.069720000,2093,114275264966056,114275265834160
8951,89.510000000,triangle_f2,-0.070000000,2094,114275274966247,114275275836291
8952,89.520000000,triangle_f2,-0.069720000,2093,114275284971940,114275285844023
8953,89.530000000,triangle_f2,-0.069440000,2093,114275294968444,114275295843327
8954,89.540000000,triangle_f2,-0.069160000,2093,114275304965244,114275305838065
8955,89.550000000,triangle_f2,-0.068880000,2093,114275314966718,114275315837682
8956,89.560000000,triangle_f2,-0.068600000,2093,114275324972106,114275325846230
8957,89.570000000,triangle_f2,-0.068320000,2093,114275334966960,114275335834199
8958,89.580000000,triangle_f2,-0.068040000,2092,114275344965963,114275345837731
8959,89.590000000,triangle_f2,-0.067760000,2092,114275354966245,114275355838266
8960,89.600000000,triangle_f2,-0.067480000,2092,114275364966346,114275365838379
8961,89.610000000,triangle_f2,-0.067200000,2092,114275374966577,114275375843776
8962,89.620000000,triangle_f2,-0.066920000,2092,114275384970434,114275385844627
8963,89.630000000,triangle_f2,-0.066640000,2091,114275394969832,114275395847781
8964,89.640000000,triangle_f2,-0.066360000,2091,114275404975212,114275405839277
8965,89.650000000,triangle_f2,-0.066080000,2091,114275414968430,114275415843894
8966,89.660000000,triangle_f2,-0.065800000,2091,114275424968730,114275425839504
8967,89.670000000,triangle_f2,-0.065520000,2091,114275434967004,114275435832861
8968,89.680000000,triangle_f2,-0.065240000,2091,114275444969615,114275445839850
8969,89.690000000,triangle_f2,-0.064960000,2090,114275454966207,114275455831741
8970,89.700000000,triangle_f2,-0.064680000,2090,114275464965738,114275465833767
8971,89.710000000,triangle_f2,-0.064400000,2090,114275474965925,114275475835904
8972,89.720000000,triangle_f2,-0.064120000,2090,114275484971090,114275485841586
8973,89.730000000,triangle_f2,-0.063840000,2090,114275494967257,114275495841158
8974,89.740000000,triangle_f2,-0.063560000,2089,114275504965382,114275505817301
8975,89.750000000,triangle_f2,-0.063280000,2089,114275514966978,114275515817960
8976,89.760000000,triangle_f2,-0.063000000,2089,114275524966114,114275525818533
8977,89.770000000,triangle_f2,-0.062720000,2089,114275534965943,114275535768532
8978,89.780000000,triangle_f2,-0.062440000,2089,114275544965591,114275545814921
8979,89.790000000,triangle_f2,-0.062160000,2089,114275554966272,114275555832480
8980,89.800000000,triangle_f2,-0.061880000,2088,114275564966047,114275565818226
8981,89.810000000,triangle_f2,-0.061600000,2088,114275574966073,114275575816584
8982,89.820000000,triangle_f2,-0.061320000,2088,114275584976905,114275585821451
8983,89.830000000,triangle_f2,-0.061040000,2088,114275594967920,114275595826719
8984,89.840000000,triangle_f2,-0.060760000,2088,114275604965389,114275605820813
8985,89.850000000,triangle_f2,-0.060480000,2087,114275614966151,114275615814750
8986,89.860000000,triangle_f2,-0.060200000,2087,114275624966149,114275625815666
8987,89.870000000,triangle_f2,-0.059920000,2087,114275634965669,114275635816667
8988,89.880000000,triangle_f2,-0.059640000,2087,114275644965591,114275645813893
8989,89.890000000,triangle_f2,-0.059360000,2087,114275654965784,114275655815865
8990,89.900000000,triangle_f2,-0.059080000,2087,114275664971340,114275665823573
8991,89.910000000,triangle_f2,-0.058800000,2086,114275674968013,114275675817818
8992,89.920000000,triangle_f2,-0.058520000,2086,114275684969237,114275685827409
8993,89.930000000,triangle_f2,-0.058240000,2086,114275694967030,114275695820407
8994,89.940000000,triangle_f2,-0.057960000,2086,114275704967140,114275705815630
8995,89.950000000,triangle_f2,-0.057680000,2086,114275714966493,114275715816097
8996,89.960000000,triangle_f2,-0.057400000,2085,114275724973402,114275725822841
8997,89.970000000,triangle_f2,-0.057120000,2085,114275734969362,114275735818336
8998,89.980000000,triangle_f2,-0.056840000,2085,114275744966281,114275745815612
8999,89.990000000,triangle_f2,-0.056560000,2085,114275754966172,114275755815714
9000,90.000000000,triangle_f2,-0.056280000,2085,114275764966111,114275765817557
9001,90.010000000,triangle_f2,-0.056000000,2085,114275774966419,114275775813727
9002,90.020000000,triangle_f2,-0.055720000,2084,114275784968479,114275785821398
9003,90.030000000,triangle_f2,-0.055440000,2084,114275794968260,114275795820372
9004,90.040000000,triangle_f2,-0.055160000,2084,114275804966080,114275805817244
9005,90.050000000,triangle_f2,-0.054880000,2084,114275814968572,114275815815908
9006,90.060000000,triangle_f2,-0.054600000,2084,114275824966333,114275825815265
9007,90.070000000,triangle_f2,-0.054320000,2083,114275834966586,114275835816258
9008,90.080000000,triangle_f2,-0.054040000,2083,114275844965984,114275845816326
9009,90.090000000,triangle_f2,-0.053760000,2083,114275854965955,114275855818702
9010,90.100000000,triangle_f2,-0.053480000,2083,114275864966879,114275865894325
9011,90.110000000,triangle_f2,-0.053200000,2083,114275874966270,114275875874675
9012,90.120000000,triangle_f2,-0.052920000,2082,114275884967000,114275885874596
9013,90.130000000,triangle_f2,-0.052640000,2082,114275894964900,114275895876467
9014,90.140000000,triangle_f2,-0.052360000,2082,114275904966430,114275905872076
9015,90.150000000,triangle_f2,-0.052080000,2082,114275914964301,114275915871156
9016,90.160000000,triangle_f2,-0.051800000,2082,114275924966444,114275925853162
9017,90.170000000,triangle_f2,-0.051520000,2082,114275934967140,114275935858471
9018,90.180000000,triangle_f2,-0.051240000,2081,114275944966003,114275945825916
9019,90.190000000,triangle_f2,-0.050960000,2081,114275954966353,114275955796189
9020,90.200000000,triangle_f2,-0.050680000,2081,114275964967185,114275965798884
9021,90.210000000,triangle_f2,-0.050400000,2081,114275974975277,114275975824763
9022,90.220000000,triangle_f2,-0.050120000,2081,114275984969442,114275985803949
9023,90.230000000,triangle_f2,-0.049840000,2080,114275994969292,114275995803692
9024,90.240000000,triangle_f2,-0.049560000,2080,114276004966377,114276005795354
9025,90.250000000,triangle_f2,-0.049280000,2080,114276014966887,114276015795290
9026,90.260000000,triangle_f2,-0.049000000,2080,114276024966009,114276025794457
9027,90.270000000,triangle_f2,-0.048720000,2080,114276034966237,114276035792471
9028,90.280000000,triangle_f2,-0.048440000,2080,114276044966325,114276045793181
9029,90.290000000,triangle_f2,-0.048160000,2079,114276054966195,114276055795119
9030,90.300000000,triangle_f2,-0.047880000,2079,114276064965397,114276065793272
9031,90.310000000,triangle_f2,-0.047600000,2079,114276074966130,114276075799509
9032,90.320000000,triangle_f2,-0.047320000,2079,114276084968223,114276085802647
9033,90.330000000,triangle_f2,-0.047040000,2079,114276094968193,114276095802899
9034,90.340000000,triangle_f2,-0.046760000,2078,114276104967445,114276105798031
9035,90.350000000,triangle_f2,-0.046480000,2078,114276114965606,114276115795142
9036,90.360000000,triangle_f2,-0.046200000,2078,114276124966071,114276125791878
9037,90.370000000,triangle_f2,-0.045920000,2078,114276134965861,114276135794971
9038,90.380000000,triangle_f2,-0.045640000,2078,114276144966001,114276145797653
9039,90.390000000,triangle_f2,-0.045360000,2078,114276154965644,114276155796413
9040,90.400000000,triangle_f2,-0.045080000,2077,114276164966611,114276165794717
9041,90.410000000,triangle_f2,-0.044800000,2077,114276174965936,114276175794751
9042,90.420000000,triangle_f2,-0.044520000,2077,114276184960918,114276185748211
9043,90.430000000,triangle_f2,-0.044240000,2077,114276194969038,114276195804404
9044,90.440000000,triangle_f2,-0.043960000,2077,114276204966800,114276205793841
9045,90.450000000,triangle_f2,-0.043680000,2076,114276214966261,114276215794423
9046,90.460000000,triangle_f2,-0.043400000,2076,114276224965088,114276225795527
9047,90.470000000,triangle_f2,-0.043120000,2076,114276234965441,114276235795350
9048,90.480000000,triangle_f2,-0.042840000,2076,114276244965569,114276245781852
9049,90.490000000,triangle_f2,-0.042560000,2076,114276254965743,114276255793808
9050,90.500000000,triangle_f2,-0.042280000,2076,114276264965558,114276265792263
9051,90.510000000,triangle_f2,-0.042000000,2075,114276274965862,114276275796071
9052,90.520000000,triangle_f2,-0.041720000,2075,114276284968740,114276285801944
9053,90.530000000,triangle_f2,-0.041440000,2075,114276294967893,114276295797980
9054,90.540000000,triangle_f2,-0.041160000,2075,114276304966077,114276305790055
9055,90.550000000,triangle_f2,-0.040880000,2075,114276314965506,114276315792558
9056,90.560000000,triangle_f2,-0.040600000,2074,114276324964971,114276325793279
9057,90.570000000,triangle_f2,-0.040320000,2074,114276334965891,114276335772776
9058,90.580000000,triangle_f2,-0.040040000,2074,114276344967008,114276345793817
9059,90.590000000,triangle_f2,-0.039760000,2074,114276354965764,114276355776975
9060,90.600000000,triangle_f2,-0.039480000,2074,114276364965917,114276365772180
9061,90.610000000,triangle_f2,-0.039200000,2074,114276374965862,114276375774338
9062,90.620000000,triangle_f2,-0.038920000,2073,114276384972510,114276385779228
9063,90.630000000,triangle_f2,-0.038640000,2073,114276394969000,114276395778764
9064,90.640000000,triangle_f2,-0.038360000,2073,114276404966672,114276405774776
9065,90.650000000,triangle_f2,-0.038080000,2073,114276414966298,114276415778726
9066,90.660000000,triangle_f2,-0.037800000,2073,114276424966080,114276425774782
9067,90.670000000,triangle_f2,-0.037520000,2072,114276434965792,114276435773485
9068,90.680000000,triangle_f2,-0.037240000,2072,114276444967173,114276445771547
9069,90.690000000,triangle_f2,-0.036960000,2072,114276454966400,114276455794416
9070,90.700000000,triangle_f2,-0.036680000,2072,114276464966675,114276465773521
9071,90.710000000,triangle_f2,-0.036400000,2072,114276474966294,114276475773288
9072,90.720000000,triangle_f2,-0.036120000,2072,114276484968573,114276485783492
9073,90.730000000,triangle_f2,-0.035840000,2071,114276494968496,114276495779385
9074,90.740000000,triangle_f2,-0.035560000,2071,114276504966312,114276505778220
9075,90.750000000,triangle_f2,-0.035280000,2071,114276514966455,114276515789872
9076,90.760000000,triangle_f2,-0.035000000,2071,114276524966180,114276525778166
9077,90.770000000,triangle_f2,-0.034720000,2071,114276534965928,114276535866688
9078,90.780000000,triangle_f2,-0.034440000,2070,114276544966476,114276545849033
9079,90.790000000,triangle_f2,-0.034160000,2070,114276554966141,114276555838297
9080,90.800000000,triangle_f2,-0.033880000,2070,114276564966523,114276565844801
9081,90.810000000,triangle_f2,-0.033600000,2070,114276574967557,114276575831958
9082,90.820000000,triangle_f2,-0.033320000,2070,114276584968351,114276585838107
9083,90.830000000,triangle_f2,-0.033040000,2070,114276594978335,114276595839930
9084,90.840000000,triangle_f2,-0.032760000,2069,114276604966953,114276605826095
9085,90.850000000,triangle_f2,-0.032480000,2069,114276614967078,114276615851307
9086,90.860000000,triangle_f2,-0.032200000,2069,114276624965864,114276625835737
9087,90.870000000,triangle_f2,-0.031920000,2069,114276634966762,114276635778205
9088,90.880000000,triangle_f2,-0.031640000,2069,114276644966564,114276645762604
9089,90.890000000,triangle_f2,-0.031360000,2068,114276654965600,114276655769627
9090,90.900000000,triangle_f2,-0.031080000,2068,114276664965304,114276665770656
9091,90.910000000,triangle_f2,-0.030800000,2068,114276674966256,114276675775939
9092,90.920000000,triangle_f2,-0.030520000,2068,114276684972504,114276685776974
9093,90.930000000,triangle_f2,-0.030240000,2068,114276694969676,114276695793738
9094,90.940000000,triangle_f2,-0.029960000,2068,114276704965349,114276705768907
9095,90.950000000,triangle_f2,-0.029680000,2067,114276714966062,114276715772740
9096,90.960000000,triangle_f2,-0.029400000,2067,114276724965887,114276725767119
9097,90.970000000,triangle_f2,-0.029120000,2067,114276734966541,114276735774648
9098,90.980000000,triangle_f2,-0.028840000,2067,114276744966272,114276745763637
9099,90.990000000,triangle_f2,-0.028560000,2067,114276754965927,114276755812533
9100,91.000000000,triangle_f2,-0.028280000,2066,114276764965681,114276765817833
9101,91.010000000,triangle_f2,-0.028000000,2066,114276774965769,114276775828998
9102,91.020000000,triangle_f2,-0.027720000,2066,114276784967918,114276785830704
9103,91.030000000,triangle_f2,-0.027440000,2066,114276794968056,114276795823498
9104,91.040000000,triangle_f2,-0.027160000,2066,114276804965626,114276805811132
9105,91.050000000,triangle_f2,-0.026880000,2066,114276814969415,114276815754125
9106,91.060000000,triangle_f2,-0.026600000,2065,114276824965564,114276825743004
9107,91.070000000,triangle_f2,-0.026320000,2065,114276834957128,114276835709002
9108,91.080000000,triangle_f2,-0.026040000,2065,114276844966446,114276845744402
9109,91.090000000,triangle_f2,-0.025760000,2065,114276854966464,114276855753900
9110,91.100000000,triangle_f2,-0.025480000,2065,114276864965295,114276865753090
9111,91.110000000,triangle_f2,-0.025200000,2064,114276874966071,114276875750964
9112,91.120000000,triangle_f2,-0.024920000,2064,114276884968236,114276885759201
9113,91.130000000,triangle_f2,-0.024640000,2064,114276894967974,114276895758008
9114,91.140000000,triangle_f2,-0.024360000,2064,114276904966146,114276905753926
9115,91.150000000,triangle_f2,-0.024080000,2064,114276914965756,114276915755495
9116,91.160000000,triangle_f2,-0.023800000,2064,114276924965625,114276925755684
9117,91.170000000,triangle_f2,-0.023520000,2063,114276934968207,114276935756182
9118,91.180000000,triangle_f2,-0.023240000,2063,114276944966644,114276945752440
9119,91.190000000,triangle_f2,-0.022960000,2063,114276954966061,114276955752524
9120,91.200000000,triangle_f2,-0.022680000,2063,114276964966279,114276965750321
9121,91.210000000,triangle_f2,-0.022400000,2063,114276974965889,114276975748910
9122,91.220000000,triangle_f2,-0.022120000,2062,114276984968167,114276985757650
9123,91.230000000,triangle_f2,-0.021840000,2062,114276994967923,114276995756833
9124,91.240000000,triangle_f2,-0.021560000,2062,114277004965815,114277005751188
9125,91.250000000,triangle_f2,-0.021280000,2062,114277014965509,114277015752031
9126,91.260000000,triangle_f2,-0.021000000,2062,114277024965506,114277025749948
9127,91.270000000,triangle_f2,-0.020720000,2062,114277034968568,114277035706108
9128,91.280000000,triangle_f2,-0.020440000,2061,114277044966336,114277045751222
9129,91.290000000,triangle_f2,-0.020160000,2061,114277054965843,114277055751875
9130,91.300000000,triangle_f2,-0.019880000,2061,114277064965796,114277065750950
9131,91.310000000,triangle_f2,-0.019600000,2061,114277074965525,114277075746354
9132,91.320000000,triangle_f2,-0.019320000,2061,114277084972177,114277085757071
9133,91.330000000,triangle_f2,-0.019040000,2060,114277094968076,114277095755906
9134,91.340000000,triangle_f2,-0.018760000,2060,114277104966041,114277105758032
9135,91.350000000,triangle_f2,-0.018480000,2060,114277114965374,114277115755867
9136,91.360000000,triangle_f2,-0.018200000,2060,114277124965512,114277125753125
9137,91.370000000,triangle_f2,-0.017920000,2060,114277134967963,114277135751858
9138,91.380000000,triangle_f2,-0.017640000,2059,114277144966044,114277145751780
9139,91.390000000,triangle_f2,-0.017360000,2059,114277154965501,114277155734945
9140,91.400000000,triangle_f2,-0.017080000,2059,114277164966332,114277165748502
9141,91.410000000,triangle_f2,-0.016800000,2059,114277174966003,114277175734493
9142,91.420000000,triangle_f2,-0.016520000,2059,114277184968474,114277185737833
9143,91.430000000,triangle_f2,-0.016240000,2059,114277194967271,114277195737454
9144,91.440000000,triangle_f2,-0.015960000,2058,114277204965771,114277205734203
9145,91.450000000,triangle_f2,-0.015680000,2058,114277214965546,114277215735702
9146,91.460000000,triangle_f2,-0.015400000,2058,114277224965596,114277225735307
9147,91.470000000,triangle_f2,-0.015120000,2058,114277234968202,114277235733393
9148,91.480000000,triangle_f2,-0.014840000,2058,114277244966140,114277245734250
9149,91.490000000,triangle_f2,-0.014560000,2057,114277254965787,114277255733791
9150,91.500000000,triangle_f2,-0.014280000,2057,114277264965409,114277265730051
9151,91.510000000,triangle_f2,-0.014000000,2057,114277274966487,114277275732134
9152,91.520000000,triangle_f2,-0.013720000,2057,114277284972121,114277285731729
9153,91.530000000,triangle_f2,-0.013440000,2057,114277294966721,114277295736122
9154,91.540000000,triangle_f2,-0.013160000,2057,114277304966431,114277305731926
9155,91.550000000,triangle_f2,-0.012880000,2056,114277314965603,114277315722958
9156,91.560000000,triangle_f2,-0.012600000,2056,114277324965098,114277325734921
9157,91.570000000,triangle_f2,-0.012320000,2056,114277334968067,114277335735734
9158,91.580000000,triangle_f2,-0.012040000,2056,114277344965843,114277345738101
9159,91.590000000,triangle_f2,-0.011760000,2056,114277354965306,114277355731580
9160,91.600000000,triangle_f2,-0.011480000,2055,114277364965926,114277365796919
9161,91.610000000,triangle_f2,-0.011200000,2055,114277374967479,114277375734360
9162,91.620000000,triangle_f2,-0.010920000,2055,114277384971554,114277385741851
9163,91.630000000,triangle_f2,-0.010640000,2055,114277394967070,114277395725453
9164,91.640000000,triangle_f2,-0.010360000,2055,114277404969517,114277405771753
9165,91.650000000,triangle_f2,-0.010080000,2055,114277414974165,114277415739352
9166,91.660000000,triangle_f2,-0.009800000,2054,114277424967458,114277425729360
9167,91.670000000,triangle_f2,-0.009520000,2054,114277434968839,114277435734061
9168,91.680000000,triangle_f2,-0.009240000,2054,114277444966816,114277445735363
9169,91.690000000,triangle_f2,-0.008960000,2054,114277455046989,114277455762923
9170,91.700000000,triangle_f2,-0.008680000,2054,114277464977306,114277465742750
9171,91.710000000,triangle_f2,-0.008400000,2053,114277474956372,114277475741832
9172,91.720000000,triangle_f2,-0.008120000,2053,114277484970493,114277485735005
9173,91.730000000,triangle_f2,-0.007840000,2053,114277494967335,114277495733787
9174,91.740000000,triangle_f2,-0.007560000,2053,114277504966422,114277505729246
9175,91.750000000,triangle_f2,-0.007280000,2053,114277514966691,114277515726388
9176,91.760000000,triangle_f2,-0.007000000,2053,114277524966124,114277525723032
9177,91.770000000,triangle_f2,-0.006720000,2052,114277534969928,114277535728735
9178,91.780000000,triangle_f2,-0.006440000,2052,114277544968885,114277545726665
9179,91.790000000,triangle_f2,-0.006160000,2052,114277555039975,114277555741279
9180,91.800000000,triangle_f2,-0.005880000,2052,114277565021793,114277565740060
9181,91.810000000,triangle_f2,-0.005600000,2052,114277575047089,114277575742211
9182,91.820000000,triangle_f2,-0.005320000,2051,114277584989638,114277585755997
9183,91.830000000,triangle_f2,-0.005040000,2051,114277594990764,114277595744835
9184,91.840000000,triangle_f2,-0.004760000,2051,114277605041545,114277605740509
9185,91.850000000,triangle_f2,-0.004480000,2051,114277615046075,114277615719247
9186,91.860000000,triangle_f2,-0.004200000,2051,114277625042257,114277625719835
9187,91.870000000,triangle_f2,-0.003920000,2051,114277635045862,114277635721553
9188,91.880000000,triangle_f2,-0.003640000,2050,114277645048222,114277645719475
9189,91.890000000,triangle_f2,-0.003360000,2050,114277655044972,114277655718082
9190,91.900000000,triangle_f2,-0.003080000,2050,114277665045621,114277665723897
9191,91.910000000,triangle_f2,-0.002800000,2050,114277675045165,114277675736833
9192,91.920000000,triangle_f2,-0.002520000,2050,114277685051117,114277685723142
9193,91.930000000,triangle_f2,-0.002240000,2049,114277695052170,114277695725391
9194,91.940000000,triangle_f2,-0.001960000,2049,114277705055170,114277705718676
9195,91.950000000,triangle_f2,-0.001680000,2049,114277715046607,114277715722888
9196,91.960000000,triangle_f2,-0.001400000,2049,114277725059740,114277725721273
9197,91.970000000,triangle_f2,-0.001120000,2049,114277735044948,114277735723920
9198,91.980000000,triangle_f2,-0.000840000,2049,114277745047349,114277745720186
9199,91.990000000,triangle_f2,-0.000560000,2048,114277755045446,114277755718383
9200,92.000000000,triangle_f2,-0.000280000,2048,114277765045816,114277765718138
9201,92.010000000,triangle_f2,-0.000000000,2048,114277775040313,114277775720923
9202,92.020000000,center_after_f2,0.000000000,2048,114277785051714,114277785722594
9203,92.030000000,center_after_f2,0.000000000,2048,114277795052393,114277795719929
9204,92.040000000,center_after_f2,0.000000000,2048,114277805045856,114277805717914
9205,92.050000000,center_after_f2,0.000000000,2048,114277815053021,114277815725135
9206,92.060000000,center_after_f2,0.000000000,2048,114277825052217,114277825719580
9207,92.070000000,center_after_f2,0.000000000,2048,114277834973493,114277835720068
9208,92.080000000,center_after_f2,0.000000000,2048,114277844967552,114277845713599
9209,92.090000000,center_after_f2,0.000000000,2048,114277854966304,114277855714303
9210,92.100000000,center_after_f2,0.000000000,2048,114277864968437,114277865715544
9211,92.110000000,center_after_f2,0.000000000,2048,114277874966627,114277875710898
9212,92.120000000,center_after_f2,0.000000000,2048,114277884970343,114277885665014
9213,92.130000000,center_after_f2,0.000000000,2048,114277895047262,114277895721618
9214,92.140000000,center_after_f2,0.000000000,2048,114277905046992,114277905720293
9215,92.150000000,center_after_f2,0.000000000,2048,114277915052711,114277915718096
9216,92.160000000,center_after_f2,0.000000000,2048,114277925042348,114277925721120
9217,92.170000000,center_after_f2,0.000000000,2048,114277935042625,114277935719339
9218,92.180000000,center_after_f2,0.000000000,2048,114277945044017,114277945722696
9219,92.190000000,center_after_f2,0.000000000,2048,114277955042835,114277955719825
9220,92.200000000,center_after_f2,0.000000000,2048,114277965045569,114277965718851
9221,92.210000000,center_after_f2,0.000000000,2048,114277975046192,114277975717639
9222,92.220000000,center_after_f2,0.000000000,2048,114277985057708,114277985737491
9223,92.230000000,center_after_f2,0.000000000,2048,114277995049412,114277995719580
9224,92.240000000,center_after_f2,0.000000000,2048,114278005046819,114278005700092
9225,92.250000000,center_after_f2,0.000000000,2048,114278014984371,114278015720086
9226,92.260000000,center_after_f2,0.000000000,2048,114278025042374,114278025702162
9227,92.270000000,center_after_f2,0.000000000,2048,114278035051197,114278035697426
9228,92.280000000,center_after_f2,0.000000000,2048,114278045050372,114278045702890
9229,92.290000000,center_after_f2,0.000000000,2048,114278055048363,114278055699418
9230,92.300000000,center_after_f2,0.000000000,2048,114278065045484,114278065715725
9231,92.310000000,center_after_f2,0.000000000,2048,114278075053301,114278075723446
9232,92.320000000,center_after_f2,0.000000000,2048,114278085052256,114278085697481
9233,92.330000000,center_after_f2,0.000000000,2048,114278095050985,114278095699778
9234,92.340000000,center_after_f2,0.000000000,2048,114278105050401,114278105699996
9235,92.350000000,center_after_f2,0.000000000,2048,114278115054065,114278115702719
9236,92.360000000,center_after_f2,0.000000000,2048,114278125049293,114278125700085
9237,92.370000000,center_after_f2,0.000000000,2048,114278135045686,114278135698661
9238,92.380000000,center_after_f2,0.000000000,2048,114278145049227,114278145703478
9239,92.390000000,center_after_f2,0.000000000,2048,114278155046465,114278155702100
9240,92.400000000,center_after_f2,0.000000000,2048,114278165044693,114278165695673
9241,92.410000000,center_after_f2,0.000000000,2048,114278175046306,114278175700910
9242,92.420000000,center_after_f2,0.000000000,2048,114278185073192,114278185704139
9243,92.430000000,center_after_f2,0.000000000,2048,114278195057118,114278195702004
9244,92.440000000,center_after_f2,0.000000000,2048,114278205046336,114278205702941
9245,92.450000000,center_after_f2,0.000000000,2048,114278215059948,114278215692600
9246,92.460000000,center_after_f2,0.000000000,2048,114278225040946,114278225695918
9247,92.470000000,center_after_f2,0.000000000,2048,114278235042704,114278235696178
9248,92.480000000,center_after_f2,0.000000000,2048,114278245043467,114278245702785
9249,92.490000000,center_after_f2,0.000000000,2048,114278255045571,114278255699484
9250,92.500000000,center_after_f2,0.000000000,2048,114278265049261,114278265703084
9251,92.510000000,center_after_f2,0.000000000,2048,114278275042744,114278275720657
9252,92.520000000,center_after_f2,0.000000000,2048,114278284978844,114278285702946
9253,92.530000000,center_after_f2,0.000000000,2048,114278295065568,114278295699066
9254,92.540000000,center_after_f2,0.000000000,2048,114278305048701,114278305699518
9255,92.550000000,center_after_f2,0.000000000,2048,114278315056128,114278315697529
9256,92.560000000,center_after_f2,0.000000000,2048,114278325048958,114278325696636
9257,92.570000000,center_after_f2,0.000000000,2048,114278335050516,114278335699005
9258,92.580000000,center_after_f2,0.000000000,2048,114278345050164,114278345699951
9259,92.590000000,center_after_f2,0.000000000,2048,114278355047903,114278355698719
9260,92.600000000,center_after_f2,0.000000000,2048,114278364996622,114278365704098
9261,92.610000000,center_after_f2,0.000000000,2048,114278374979687,114278375701248
9262,92.620000000,center_after_f2,0.000000000,2048,114278384978982,114278385698624
9263,92.630000000,center_after_f2,0.000000000,2048,114278395054513,114278395698312
9264,92.640000000,center_after_f2,0.000000000,2048,114278404969161,114278405686505
9265,92.650000000,center_after_f2,0.000000000,2048,114278415053901,114278415700470
9266,92.660000000,center_after_f2,0.000000000,2048,114278424970274,114278425666013
9267,92.670000000,center_after_f2,0.000000000,2048,114278434968601,114278435665172
9268,92.680000000,center_after_f2,0.000000000,2048,114278445048267,114278445677221
9269,92.690000000,center_after_f2,0.000000000,2048,114278455043289,114278455676956
9270,92.700000000,center_after_f2,0.000000000,2048,114278465051948,114278465726811
9271,92.710000000,center_after_f2,0.000000000,2048,114278475053464,114278475849474
9272,92.720000000,center_after_f2,0.000000000,2048,114278484979740,114278485722446
9273,92.730000000,center_after_f2,0.000000000,2048,114278494977781,114278495676687
9274,92.740000000,center_after_f2,0.000000000,2048,114278504970207,114278505661836
9275,92.750000000,center_after_f2,0.000000000,2048,114278515054978,114278515674760
9276,92.760000000,center_after_f2,0.000000000,2048,114278524978266,114278525677216
9277,92.770000000,center_after_f2,0.000000000,2048,114278534973835,114278535737598
9278,92.780000000,center_after_f2,0.000000000,2048,114278544967471,114278545724979
9279,92.790000000,center_after_f2,0.000000000,2048,114278554966509,114278555682211
9280,92.800000000,center_after_f2,0.000000000,2048,114278564982072,114278565871013
9281,92.810000000,center_after_f2,0.000000000,2048,114278574980383,114278575860383
9282,92.820000000,center_after_f2,0.000000000,2048,114278584978708,114278585681724
9283,92.830000000,center_after_f2,0.000000000,2048,114278595046988,114278595675228
9284,92.840000000,center_after_f2,0.000000000,2048,114278605044719,114278605684893
9285,92.850000000,center_after_f2,0.000000000,2048,114278615050840,114278615677215
9286,92.860000000,center_after_f2,0.000000000,2048,114278625042853,114278625679273
9287,92.870000000,center_after_f2,0.000000000,2048,114278635040905,114278635680117
9288,92.880000000,center_after_f2,0.000000000,2048,114278645046421,114278645674134
9289,92.890000000,center_after_f2,0.000000000,2048,114278655044759,114278655680235
9290,92.900000000,center_after_f2,0.000000000,2048,114278665047837,114278665676244
9291,92.910000000,center_after_f2,0.000000000,2048,114278675046496,114278675680908
9292,92.920000000,center_after_f2,0.000000000,2048,114278684979082,114278685680117
9293,92.930000000,center_after_f2,0.000000000,2048,114278695055739,114278695684328
9294,92.940000000,center_after_f2,0.000000000,2048,114278705047591,114278705679577
9295,92.950000000,center_after_f2,0.000000000,2048,114278715065674,114278715679181
9296,92.960000000,center_after_f2,0.000000000,2048,114278725046921,114278725674919
9297,92.970000000,center_after_f2,0.000000000,2048,114278735040554,114278735625116
9298,92.980000000,center_after_f2,0.000000000,2048,114278745048024,114278745676061
9299,92.990000000,center_after_f2,0.000000000,2048,114278755042218,114278755679949
9300,93.000000000,center_after_f2,0.000000000,2048,114278765051715,114278765679948
9301,93.010000000,center_after_f2,0.000000000,2048,114278775042627,114278775676738
