host_time_ns,tx_start_ns,tx_end_ns,rx_end_ns,cycle_index,time_s,phase,acquisition_kind,overrun_ns,q_cmd_rad,goal_position_tick,q_present_rad,present_position_tick,dq_present_rad_s,present_velocity_raw,current_A_joint,present_current_raw,pwm_percent,present_pwm_raw,position_trajectory_rad,position_trajectory_tick,velocity_trajectory_rad_s,velocity_trajectory_raw,input_voltage_V,temperature_C,realtime_tick_ms,moving,moving_status,hardware_error
113900532814530,113900531264691,113900531701013,113900532814530,0,0.000000000,center,state,0,0.000000000,2048,0.001533981,2047,0.000000000,0,-0.010080000,3,-1.017000,9,0.000000000,2048,0.000000000,0,12.400,32,30916,0,1,
113900543835837,113900541338228,113900542703820,113900543835837,1,0.010000000,center,state,0,0.000000000,2048,0.001533981,2047,0.000000000,0,-0.006720000,2,-1.017000,9,0.000000000,2048,0.000000000,0,12.400,32,30928,0,1,
113900553802733,113900551350951,113900552713013,113900553802733,2,0.020000000,center,state,0,0.000000000,2048,0.003067962,2046,0.000000000,0,-0.010080000,3,-1.017000,9,0.000000000,2048,0.000000000,0,12.400,32,30937,0,1,
113900563800585,113900561409353,113900562703998,113900563800585,3,0.030000000,center,state,0,0.000000000,2048,0.001533981,2047,0.000000000,0,-0.010080000,3,-1.130000,10,0.000000000,2048,0.000000000,0,12.400,32,30947,0,1,
113900573795767,113900571344047,113900572706447,113900573795767,4,0.040000000,center,state,0,0.000000000,2048,0.001533981,2047,0.000000000,0,-0.006720000,2,-1.017000,9,0.000000000,2048,0.000000000,0,12.400,32,30957,0,1,
113900583803695,113900581400707,113900582703033,113900583803695,5,0.050000000,center,state,0,0.000000000,2048,0.001533981,2047,0.000000000,0,-0.006720000,2,-1.017000,9,0.000000000,2048,0.000000000,0,12.400,32,30967,0,1,
113900593763349,113900591406883,113900592685427,113900593763349,6,0.060000000,center,state,0,0.000000000,2048,0.003067962,2046,0.000000000,0,-0.013440000,4,-1.243000,11,0.000000000,2048,0.000000000,0,12.400,32,30977,0,1,
113900603819929,113900601349081,113900602758330,113900603819929,7,0.070000000,center,state,0,0.000000000,2048,0.001533981,2047,0.000000000,0,-0.006720000,2,-1.130000,10,0.000000000,2048,0.000000000,0,12.400,32,30987,0,1,
113900613754245,113900611345137,113900612691417,113900613754245,8,0.080000000,center,state,0,0.000000000,2048,0.001533981,2047,0.000000000,0,-0.006720000,2,-1.243000,11,0.000000000,2048,0.000000000,0,12.400,32,30997,0,1,
113900623797293,113900621406652,113900622700413,113900623797293,9,0.090000000,center,state,0,0.000000000,2048,0.001533981,2047,0.000000000,0,-0.010080000,3,-1.130000,10,0.000000000,2048,0.000000000,0,12.400,32,31007,0,1,
113900633803517,113900631406247,113900632702679,113900633803517,10,0.100000000,center,state,0,0.000000000,2048,0.003067962,2046,0.000000000,0,-0.003360000,1,-1.243000,11,0.000000000,2048,0.000000000,0,12.400,32,31017,0,1,
113900643796366,113900641336149,113900642718665,113900643796366,11,0.110000000,center,state,0,0.000000000,2048,0.001533981,2047,0.000000000,0,-0.006720000,2,-1.017000,9,0.000000000,2048,0.000000000,0,12.400,32,31027,0,1,
113900653803545,113900651348070,113900652702354,113900653803545,12,0.120000000,center,state,0,0.000000000,2048,0.003067962,2046,0.000000000,0,-0.006720000,2,-1.130000,10,0.000000000,2048,0.000000000,0,12.400,32,31037,0,1,
113900663792243,113900661400752,113900662698415,113900663792243,13,0.130000000,center,state,0,0.000000000,2048,0.001533981,2047,0.000000000,0,-0.006720000,2,-1.243000,11,0.000000000,2048,0.000000000,0,12.400,32,31047,0,1,
113900673788055,113900671341847,113900672701774,113900673788055,14,0.140000000,center,state,0,0.000000000,2048,0.003067962,2046,0.000000000,0,-0.006720000,2,-1.130000,10,0.000000000,2048,0.000000000,0,12.400,32,31057,0,1,
113900682765018,113900681324868,113900681695545,113900682765018,15,0.150000000,center,state,0,0.000000000,2048,0.001533981,2047,0.000000000,0,-0.003360000,1,-1.130000,10,0.000000000,2048,0.000000000,0,12.400,32,31066,0,1,
113900692775264,113900691325172,113900691689443,113900692775264,16,0.160000000,center,state,0,0.000000000,2048,0.003067962,2046,0.000000000,0,-0.003360000,1,-1.130000,10,0.000000000,2048,0.000000000,0,12.400,32,31076,0,1,
113900703797951,113900701406819,113900702701904,113900703797951,17,0.170000000,center,state,0,0.000000000,2048,0.001533981,2047,0.000000000,0,0.000000000,0,-1.130000,10,0.000000000,2048,0.000000000,0,12.400,32,31087,0,1,
113900713786629,113900711406600,113900712698727,113900713786629,18,0.180000000,center,state,0,0.000000000,2048,0.001533981,2047,0.000000000,0,-0.003360000,1,-1.243000,11,0.000000000,2048,0.000000000,0,12.400,32,31097,0,1,
113900723793084,113900721336751,113900722688527,113900723793084,19,0.190000000,center,state,0,0.000000000,2048,0.001533981,2047,0.000000000,0,-0.010080000,3,-1.356000,12,0.000000000,2048,0.000000000,0,12.400,32,31107,0,1,
113900733814892,113900731413782,113900732702459,113900733814892,20,0.200000000,center,state,0,0.000000000,2048,0.001533981,2047,0.000000000,0,-0.003360000,1,-1.130000,10,0.000000000,2048,0.000000000,0,12.400,32,31117,0,1,
113900743789259,113900741336344,113900742700224,113900743789259,21,0.210000000,center,state,0,0.000000000,2048,0.001533981,2047,0.000000000,0,-0.006720000,2,-1.130000,10,0.000000000,2048,0.000000000,0,12.400,32,31127,0,1,
113900753798805,113900751346132,113900752703374,113900753798805,22,0.220000000,center,state,0,0.000000000,2048,0.003067962,2046,0.000000000,0,-0.006720000,2,-1.017000,9,0.000000000,2048,0.000000000,0,12.400,32,31137,0,1,
113900763791168,113900761404082,113900762706324,113900763791168,23,0.230000000,center,state,0,0.000000000,2048,0.001533981,2047,0.000000000,0,-0.006720000,2,-1.130000,10,0.000000000,2048,0.000000000,0,12.400,32,31147,0,1,
113900773795118,113900771405257,113900772699174,113900773795118,24,0.240000000,center,state,0,0.000000000,2048,0.003067962,2046,0.000000000,0,-0.010080000,3,-1.130000,10,0.000000000,2048,0.000000000,0,12.400,32,31157,0,1,
113900783794212,113900781405278,113900782698287,113900783794212,25,0.250000000,center,state,0,0.000000000,2048,0.001533981,2047,0.000000000,0,-0.013440000,4,-1.356000,12,0.000000000,2048,0.000000000,0,12.400,32,31167,0,1,
113900793787255,113900791407587,113900792690309,113900793787255,26,0.260000000,center,state,0,0.000000000,2048,0.001533981,2047,0.000000000,0,-0.010080000,3,-1.356000,12,0.000000000,2048,0.000000000,0,12.400,32,31177,0,1,
113900803810112,113900801405439,113900802833381,113900803810112,27,0.270000000,center,state,0,0.000000000,2048,0.001533981,2047,0.000000000,0,-0.006720000,2,-1.017000,9,0.000000000,2048,0.000000000,0,12.400,32,31188,0,1,
113900813801341,113900811347730,113900812705221,113900813801341,28,0.280000000,center,state,0,0.000000000,2048,0.001533981,2047,0.000000000,0,-0.003360000,1,-1.130000,10,0.000000000,2048,0.000000000,0,12.400,32,31197,0,1,
113900823801560,113900821347845,113900822686279,113900823801560,29,0.290000000,center,state,0,0.000000000,2048,0.001533981,2047,0.000000000,0,-0.006720000,2,-1.017000,9,0.000000000,2048,0.000000000,0,12.400,32,31207,0,1,
113900833792315,113900831337685,113900832698443,113900833792315,30,0.300000000,center,state,0,0.000000000,2048,0.001533981,2047,0.000000000,0,-0.006720000,2,-1.356000,12,0.000000000,2048,0.000000000,0,12.400,32,31217,0,1,
113900843794256,113900841341220,113900842699664,113900843794256,31,0.310000000,center,state,0,0.000000000,2048,0.001533981,2047,0.000000000,0,-0.006720000,2,-1.130000,10,0.000000000,2048,0.000000000,0,12.400,32,31227,0,1,
113900853804802,113900851401038,113900852705408,113900853804802,32,0.320000000,center,state,0,0.000000000,2048,0.001533981,2047,0.000000000,0,-0.003360000,1,-1.130000,10,0.000000000,2048,0.000000000,0,12.400,32,31237,0,1,
113900863801108,113900861407975,113900862698642,113900863801108,33,0.330000000,center,state,0,0.000000000,2048,0.001533981,2047,0.000000000,0,-0.003360000,1,-1.130000,10,0.000000000,2048,0.000000000,0,12.400,32,31247,0,1,
113900873788785,113900871408266,113900872704558,113900873788785,34,0.340000000,center,state,0,0.000000000,2048,0.001533981,2047,0.000000000,0,-0.010080000,3,-1.243000,11,0.000000000,2048,0.000000000,0,12.400,32,31257,0,1,
113900883788158,113900881342787,113900882724797,113900883788158,35,0.350000000,center,state,0,0.000000000,2048,0.001533981,2047,0.000000000,0,-0.006720000,2,-1.130000,10,0.000000000,2048,0.000000000,0,12.400,32,31267,0,1,
113900893781238,113900891330982,113900892673214,113900893781238,36,0.360000000,center,state,0,0.000000000,2048,0.001533981,2047,0.000000000,0,-0.010080000,3,-1.243000,11,0.000000000,2048,0.000000000,0,12.400,32,31277,0,1,
113900903787112,113900901328961,113900902681617,113900903787112,37,0.370000000,center,state,0,0.000000000,2048,0.003067962,2046,0.000000000,0,-0.006720000,2,-1.130000,10,0.000000000,2048,0.000000000,0,12.400,32,31287,0,1,
113900912760180,113900911327982,113900911687961,113900912760180,38,0.380000000,center,state,0,0.000000000,2048,0.001533981,2047,0.000000000,0,-0.006720000,2,-1.017000,9,0.000000000,2048,0.000000000,0,12.400,32,31296,0,1,
113900923780894,113900921333778,113900922673347,113900923780894,39,0.390000000,center,state,0,0.000000000,2048,0.001533981,2047,0.000000000,0,-0.006720000,2,-1.130000,10,0.000000000,2048,0.000000000,0,12.400,32,31307,0,1,
113900933798798,113900931328000,113900932698409,113900933798798,40,0.400000000,center,state,0,0.000000000,2048,0.001533981,2047,0.000000000,0,-0.006720000,2,-1.130000,10,0.000000000,2048,0.000000000,0,12.400,32,31317,0,1,
113900942747964,113900941326298,113900941670810,113900942747964,41,0.410000000,center,state,0,0.000000000,2048,0.003067962,2046,0.000000000,0,-0.010080000,3,-0.904000,8,0.000000000,2048,0.000000000,0,12.400,32,31326,0,1,
113900953761828,113900951329455,113900952671189,113900953761828,42,0.420000000,center,state,0,0.000000000,2048,0.001533981,2047,0.000000000,0,-0.006720000,2,-1.243000,11,0.000000000,2048,0.000000000,0,12.400,32,31337,0,1,
113900962750765,113900961324906,113900961672813,113900962750765,43,0.430000000,center,state,0,0.000000000,2048,0.003067962,2046,0.000000000,0,-0.006720000,2,-1.243000,11,0.000000000,2048,0.000000000,0,12.400,32,31346,0,1,
113900973754927,113900971331200,113900972659221,113900973754927,44,0.440000000,center,state,0,0.000000000,2048,0.003067962,2046,0.000000000,0,-0.006720000,2,-1.017000,9,0.000000000,2048,0.000000000,0,12.400,32,31357,0,1,
113900983746773,113900981327255,113900982669315,113900983746773,45,0.450000000,center,state,0,0.000000000,2048,0.001533981,2047,0.000000000,0,-0.006720000,2,-1.017000,9,0.000000000,2048,0.000000000,0,12.400,32,31367,0,1,
113900993755769,113900991327404,113900992672007,113900993755769,46,0.460000000,center,state,0,0.000000000,2048,0.001533981,2047,0.000000000,0,-0.010080000,3,-1.130000,10,0.000000000,2048,0.000000000,0,12.400,32,31377,0,1,
113901002752393,113901001325023,113901001668277,113901002752393,47,0.470000000,center,state,0,0.000000000,2048,0.003067962,2046,0.000000000,0,-0.006720000,2,-1.130000,10,0.000000000,2048,0.000000000,0,12.400,32,31386,0,1,
113901012749841,113901011325713,113901011665345,113901012749841,48,0.480000000,center,state,0,0.000000000,2048,0.001533981,2047,0.000000000,0,-0.010080000,3,-1.017000,9,0.000000000,2048,0.000000000,0,12.400,32,31396,0,1,
113901022744645,113901021326903,113901021672406,113901022744645,49,0.490000000,center,state,0,0.000000000,2048,0.001533981,2047,0.000000000,0,-0.010080000,3,-1.356000,12,0.000000000,2048,0.000000000,0,12.400,32,31406,0,1,
113901033835225,113901031326260,113901032673492,113901033835225,50,0.500000000,center,state,0,0.000000000,2048,0.001533981,2047,0.000000000,0,-0.010080000,3,-1.243000,11,0.000000000,2048,0.000000000,0,12.400,32,31417,0,1,
113901043790983,113901041411400,113901042686939,113901043790983,51,0.510000000,center,state,0,0.000000000,2048,0.001533981,2047,0.000000000,0,-0.013440000,4,-1.469000,13,0.000000000,2048,0.000000000,0,12.400,32,31427,0,1,
113901053772864,113901051347829,113901052677982,113901053772864,52,0.520000000,center,state,0,0.000000000,2048,0.001533981,2047,0.000000000,0,-0.006720000,2,-1.017000,9,0.000000000,2048,0.000000000,0,12.400,32,31437,0,1,
113901063776616,113901061347153,113901062677147,113901063776616,53,0.530000000,center,state,0,0.000000000,2048,0.003067962,2046,0.000000000,0,-0.006720000,2,-1.130000,10,0.000000000,2048,0.000000000,0,12.400,32,31447,0,1,
113901073760975,113901071330900,113901072676672,113901073760975,54,0.540000000,center,state,0,0.000000000,2048,0.003067962,2046,0.000000000,0,-0.006720000,2,-1.017000,9,0.000000000,2048,0.000000000,0,12.400,32,31457,0,1,
113901083746766,113901081326068,113901082660731,113901083746766,55,0.550000000,center,state,0,0.000000000,2048,0.001533981,2047,0.000000000,0,-0.010080000,3,-1.243000,11,0.000000000,2048,0.000000000,0,12.400,32,31467,0,1,
113901093745627,113901091323927,113901092673047,113901093745627,56,0.560000000,center,state,0,0.000000000,2048,0.001533981,2047,0.000000000,0,-0.006720000,2,-1.017000,9,0.000000000,2048,0.000000000,0,12.400,32,31477,0,1,
113901103747470,113901101324380,113901102677406,113901103747470,57,0.570000000,center,state,0,0.000000000,2048,0.003067962,2046,0.000000000,0,-0.006720000,2,-1.130000,10,0.000000000,2048,0.000000000,0,12.400,32,31487,0,1,
113901113749782,113901111329188,113901112664797,113901113749782,58,0.580000000,center,state,0,0.000000000,2048,0.001533981,2047,0.000000000,0,-0.003360000,1,-1.130000,10,0.000000000,2048,0.000000000,0,12.400,32,31497,0,1,
113901123751706,113901121343219,113901122673930,113901123751706,59,0.590000000,center,state,0,0.000000000,2048,0.001533981,2047,0.000000000,0,-0.006720000,2,-1.243000,11,0.000000000,2048,0.000000000,0,12.400,32,31507,0,1,
113901133754142,113901131326756,113901132668735,113901133754142,60,0.600000000,center,state,0,0.000000000,2048,0.001533981,2047,0.000000000,0,-0.006720000,2,-1.017000,9,0.000000000,2048,0.000000000,0,12.400,32,31517,0,1,
113901143753732,113901141330517,113901142663338,113901143753732,61,0.610000000,center,state,0,0.000000000,2048,0.001533981,2047,0.000000000,0,-0.006720000,2,-0.904000,8,0.000000000,2048,0.000000000,0,12.400,32,31527,0,1,
113901153760236,113901151329975,113901152678011,113901153760236,62,0.620000000,center,state,0,0.000000000,2048,0.003067962,2046,0.000000000,0,-0.003360000,1,-1.130000,10,0.000000000,2048,0.000000000,0,12.400,32,31537,0,1,
113901163742007,113901161325145,113901162660665,113901163742007,63,0.630000000,center,state,0,0.000000000,2048,0.001533981,2047,0.000000000,0,-0.003360000,1,-1.130000,10,0.000000000,2048,0.000000000,0,12.400,32,31547,0,1,
113901173751330,113901171324354,113901172668576,113901173751330,64,0.640000000,center,state,0,0.000000000,2048,0.001533981,2047,0.000000000,0,-0.006720000,2,-0.904000,8,0.000000000,2048,0.000000000,0,12.400,32,31557,0,1,
113901183747117,113901181326964,113901182666793,113901183747117,65,0.650000000,center,state,0,0.000000000,2048,0.001533981,2047,0.000000000,0,-0.003360000,1,-1.130000,10,0.000000000,2048,0.000000000,0,12.400,32,31567,0,1,
113901192802156,113901191325177,113901191668691,113901192802156,66,0.660000000,center,state,0,0.000000000,2048,0.001533981,2047,0.000000000,0,-0.006720000,2,-1.130000,10,0.000000000,2048,0.000000000,0,12.400,32,31576,0,1,
113901203755273,113901201325600,113901202667200,113901203755273,67,0.670000000,center,state,0,0.000000000,2048,0.003067962,2046,0.000000000,0,-0.006720000,2,-1.017000,9,0.000000000,2048,0.000000000,0,12.400,32,31587,0,1,
113901213760613,113901211324148,113901212664897,113901213760613,68,0.680000000,center,state,0,0.000000000,2048,0.001533981,2047,0.000000000,0,-0.006720000,2,-1.017000,9,0.000000000,2048,0.000000000,0,12.400,32,31597,0,1,
113901223744246,113901221323522,113901222663339,113901223744246,69,0.690000000,center,state,0,0.000000000,2048,0.003067962,2046,0.000000000,0,-0.010080000,3,-1.017000,9,0.000000000,2048,0.000000000,0,12.400,32,31607,0,1,
113901233758829,113901231323608,113901232681344,113901233758829,70,0.700000000,center,state,0,0.000000000,2048,0.003067962,2046,0.000000000,0,-0.010080000,3,-1.356000,12,0.000000000,2048,0.000000000,0,12.400,32,31617,0,1,
113901243776407,113901241338732,113901242679090,113901243776407,71,0.710000000,center,state,0,0.000000000,2048,0.001533981,2047,0.000000000,0,-0.006720000,2,-1.243000,11,0.000000000,2048,0.000000000,0,12.400,32,31627,0,1,
113901253774544,113901251333074,113901252674080,113901253774544,72,0.720000000,center,state,0,0.000000000,2048,0.001533981,2047,0.000000000,0,-0.006720000,2,-1.130000,10,0.000000000,2048,0.000000000,0,12.400,32,31637,0,1,
113901263743562,113901261326497,113901262669584,113901263743562,73,0.730000000,center,state,0,0.000000000,2048,0.001533981,2047,0.000000000,0,-0.006720000,2,-1.130000,10,0.000000000,2048,0.000000000,0,12.400,32,31647,0,1,
113901273757605,113901271327166,113901272672897,113901273757605,74,0.740000000,center,state,0,0.000000000,2048,0.001533981,2047,0.000000000,0,-0.006720000,2,-1.017000,9,0.000000000,2048,0.000000000,0,12.400,32,31657,0,1,
113901283780873,113901281341694,113901282685320,113901283780873,75,0.750000000,center,state,0,0.000000000,2048,0.001533981,2047,0.000000000,0,-0.006720000,2,-1.017000,9,0.000000000,2048,0.000000000,0,12.400,32,31667,0,1,
113901293759568,113901291328425,113901292674880,113901293759568,76,0.760000000,center,state,0,0.000000000,2048,0.001533981,2047,0.000000000,0,-0.013440000,4,-1.130000,10,0.000000000,2048,0.000000000,0,12.400,32,31677,0,1,
113901303808819,113901301398741,113901302722122,113901303808819,77,0.770000000,center,state,0,0.000000000,2048,0.001533981,2047,0.000000000,0,-0.006720000,2,-1.243000,11,0.000000000,2048,0.000000000,0,12.400,32,31687,0,1,
113901313777276,113901311347613,113901312679241,113901313777276,78,0.780000000,center,state,0,0.000000000,2048,0.001533981,2047,0.000000000,0,-0.006720000,2,-1.130000,10,0.000000000,2048,0.000000000,0,12.400,32,31697,0,1,
113901323763803,113901321340053,113901322680569,113901323763803,79,0.790000000,center,state,0,0.000000000,2048,0.001533981,2047,0.000000000,0,-0.010080000,3,-1.243000,11,0.000000000,2048,0.000000000,0,12.400,32,31707,0,1,
113901333779228,113901331327066,113901332662909,113901333779228,80,0.800000000,center,state,0,0.000000000,2048,0.001533981,2047,0.000000000,0,-0.010080000,3,-1.356000,12,0.000000000,2048,0.000000000,0,12.400,32,31717,0,1,
113901343756345,113901341326436,113901342653165,113901343756345,81,0.810000000,center,state,0,0.000000000,2048,0.001533981,2047,0.000000000,0,-0.010080000,3,-1.243000,11,0.000000000,2048,0.000000000,0,12.400,32,31727,0,1,
113901353764405,113901351325912,113901352656827,113901353764405,82,0.820000000,center,state,0,0.000000000,2048,0.001533981,2047,0.000000000,0,-0.006720000,2,-1.130000,10,0.000000000,2048,0.000000000,0,12.400,32,31737,0,1,
113901363732667,113901361324773,113901362650769,113901363732667,83,0.830000000,center,state,0,0.000000000,2048,0.001533981,2047,0.000000000,0,-0.006720000,2,-1.017000,9,0.000000000,2048,0.000000000,0,12.400,32,31747,0,1,
113901373766766,113901371336584,113901372663184,113901373766766,84,0.840000000,center,state,0,0.000000000,2048,0.001533981,2047,0.000000000,0,-0.006720000,2,-1.017000,9,0.000000000,2048,0.000000000,0,12.400,32,31757,0,1,
113901383737619,113901381324485,113901382648516,113901383737619,85,0.850000000,center,state,0,0.000000000,2048,0.001533981,2047,0.000000000,0,-0.010080000,3,-1.017000,9,0.000000000,2048,0.000000000,0,12.400,32,31767,0,1,
113901393773780,113901391329470,113901392666540,113901393773780,86,0.860000000,center,state,0,0.000000000,2048,0.001533981,2047,0.000000000,0,-0.010080000,3,-1.356000,12,0.000000000,2048,0.000000000,0,12.400,32,31777,0,1,
113901403751334,113901401328509,113901402647079,113901403751334,87,0.870000000,center,state,0,0.000000000,2048,0.001533981,2047,0.000000000,0,-0.006720000,2,-1.017000,9,0.000000000,2048,0.000000000,0,12.400,32,31787,0,1,
113901413998057,113901411326398,113901412645246,113901413998057,88,0.880000000,center,state,0,0.000000000,2048,0.001533981,2047,0.000000000,0,-0.010080000,3,-1.017000,9,0.000000000,2048,0.000000000,0,12.400,32,31797,0,1,
113901423754592,113901421413051,113901422661693,113901423754592,89,0.890000000,center,state,0,0.000000000,2048,0.001533981,2047,0.000000000,0,-0.006720000,2,-1.017000,9,0.000000000,2048,0.000000000,0,12.400,32,31807,0,1,
113901433753705,113901431401375,113901432660788,113901433753705,90,0.900000000,center,state,0,0.000000000,2048,0.001533981,2047,0.000000000,0,-0.006720000,2,-1.130000,10,0.000000000,2048,0.000000000,0,12.400,32,31817,0,1,
113901443792722,113901441405819,113901442658985,113901443792722,91,0.910000000,center,state,0,0.000000000,2048,0.003067962,2046,0.000000000,0,-0.006720000,2,-1.243000,11,0.000000000,2048,0.000000000,0,12.400,32,31827,0,1,
113901453793177,113901451405791,113901452661462,113901453793177,92,0.920000000,center,state,0,0.000000000,2048,0.003067962,2046,0.000000000,0,-0.006720000,2,-1.130000,10,0.000000000,2048,0.000000000,0,12.400,32,31837,0,1,
113901463771745,113901461403171,113901462658524,113901463771745,93,0.930000000,center,state,0,0.000000000,2048,0.001533981,2047,0.000000000,0,-0.010080000,3,-1.017000,9,0.000000000,2048,0.000000000,0,12.400,32,31847,0,1,
113901473761227,113901471406532,113901472678262,113901473761227,94,0.940000000,center,state,0,0.000000000,2048,0.001533981,2047,0.000000000,0,-0.013440000,4,-1.243000,11,0.000000000,2048,0.000000000,0,12.400,32,31857,0,1,
113901483741491,113901481407552,113901482660570,113901483741491,95,0.950000000,center,state,0,0.000000000,2048,0.003067962,2046,0.000000000,0,-0.010080000,3,-0.904000,8,0.000000000,2048,0.000000000,0,12.400,32,31867,0,1,
113901493686994,113901491343717,113901492636922,113901493686994,96,0.960000000,center,state,0,0.000000000,2048,0.001533981,2047,0.000000000,0,-0.010080000,3,-1.130000,10,0.000000000,2048,0.000000000,0,12.400,32,31877,0,1,
113901503722604,113901501330851,113901502643814,113901503722604,97,0.970000000,center,state,0,0.000000000,2048,0.001533981,2047,0.000000000,0,-0.003360000,1,-1.130000,10,0.000000000,2048,0.000000000,0,12.400,32,31887,0,1,
113901513751974,113901511326790,113901512648985,113901513751974,98,0.980000000,center,state,0,0.000000000,2048,0.001533981,2047,0.000000000,0,-0.006720000,2,-1.130000,10,0.000000000,2048,0.000000000,0,12.400,32,31897,0,1,
113901523686453,113901521334670,113901522659469,113901523686453,99,0.990000000,center,hardware_error,0,0.000000000,2048,,,,,,,,,,,,,,,,,,0
113901533773118,113901531328359,113901532668042,113901533773118,100,1.000000000,center,state,0,0.000000000,2048,0.001533981,2047,0.000000000,0,-0.006720000,2,-1.130000,10,0.000000000,2048,0.000000000,0,12.400,32,31917,0,1,
113901543756094,113901541329468,113901542648978,113901543756094,101,1.010000000,center,state,0,0.000000000,2048,0.003067962,2046,0.000000000,0,-0.003360000,1,-1.130000,10,0.000000000,2048,0.000000000,0,12.400,32,31927,0,1,
113901553756335,113901551326087,113901552660586,113901553756335,102,1.020000000,center,state,0,0.000000000,2048,0.003067962,2046,0.000000000,0,-0.010080000,3,-1.243000,11,0.000000000,2048,0.000000000,0,12.400,32,31937,0,1,
113901563756099,113901561336458,113901562661844,113901563756099,103,1.030000000,center,state,0,0.000000000,2048,0.001533981,2047,0.000000000,0,-0.006720000,2,-1.130000,10,0.000000000,2048,0.000000000,0,12.400,32,31947,0,1,
113901573728834,113901571327552,113901572647716,113901573728834,104,1.040000000,center,state,0,0.000000000,2048,0.001533981,2047,0.000000000,0,-0.003360000,1,-1.017000,9,0.000000000,2048,0.000000000,0,12.400,32,31957,0,1,
113901583745420,113901581324896,113901582659700,113901583745420,105,1.050000000,center,state,0,0.000000000,2048,0.001533981,2047,0.000000000,0,-0.006720000,2,-1.017000,9,0.000000000,2048,0.000000000,0,12.400,32,31967,0,1,
113901593765729,113901591340758,113901592654604,113901593765729,106,1.060000000,center,state,0,0.000000000,2048,0.001533981,2047,0.000000000,0,-0.013440000,4,-1.130000,10,0.000000000,2048,0.000000000,0,12.400,32,31977,0,1,
113901603774305,113901601339529,113901602657326,113901603774305,107,1.070000000,center,state,0,0.000000000,2048,0.003067962,2046,0.000000000,0,-0.006720000,2,-1.130000,10,0.000000000,2048,0.000000000,0,12.400,32,31987,0,1,
113901613729245,113901611327431,113901612645029,113901613729245,108,1.080000000,center,state,0,0.000000000,2048,0.001533981,2047,0.000000000,0,-0.006720000,2,-1.130000,10,0.000000000,2048,0.000000000,0,12.400,32,31997,0,1,
113901623782286,113901621347133,113901622668281,113901623782286,109,1.090000000,center,state,0,0.000000000,2048,0.003067962,2046,0.000000000,0,-0.013440000,4,-1.356000,12,0.000000000,2048,0.000000000,0,12.400,32,32007,0,1,
113901633813066,113901631338672,113901632663606,113901633813066,110,1.100000000,center,state,0,0.000000000,2048,0.003067962,2046,0.000000000,0,-0.010080000,3,-0.904000,8,0.000000000,2048,0.000000000,0,12.400,32,32017,0,1,
113901643755216,113901641330637,113901642663562,113901643755216,111,1.110000000,center,state,0,0.000000000,2048,0.001533981,2047,0.000000000,0,-0.003360000,1,-1.130000,10,0.000000000,2048,0.000000000,0,12.400,32,32027,0,1,
113901653744773,113901651347526,113901652659462,113901653744773,112,1.120000000,center,state,0,0.000000000,2048,0.001533981,2047,0.000000000,0,-0.010080000,3,-1.017000,9,0.000000000,2048,0.000000000,0,12.400,32,32037,0,1,
113901663737483,113901661401643,113901662659278,113901663737483,113,1.130000000,center,state,0,0.000000000,2048,0.001533981,2047,0.000000000,0,-0.010080000,3,-1.017000,9,0.000000000,2048,0.000000000,0,12.400,32,32047,0,1,
113901673751114,113901671347532,113901672657807,113901673751114,114,1.140000000,center,state,0,0.000000000,2048,0.001533981,2047,0.000000000,0,-0.006720000,2,-1.017000,9,0.000000000,2048,0.000000000,0,12.400,32,32057,0,1,
113901683733085,113901681402385,113901682653155,113901683733085,115,1.150000000,center,state,0,0.000000000,2048,0.001533981,2047,0.000000000,0,-0.006720000,2,-1.017000,9,0.000000000,2048,0.000000000,0,12.400,32,32067,0,1,
113901693736526,113901691402905,113901692641804,113901693736526,116,1.160000000,center,state,0,0.000000000,2048,0.003067962,2046,0.000000000,0,-0.006720000,2,-1.017000,9,0.000000000,2048,0.000000000,0,12.400,32,32077,0,1,
113901703760185,113901701403779,113901702658307,113901703760185,117,1.170000000,center,state,0,0.000000000,2048,0.001533981,2047,0.000000000,0,-0.010080000,3,-1.243000,11,0.000000000,2048,0.000000000,0,12.400,32,32087,0,1,
113901713735815,113901711347708,113901712659617,113901713735815,118,1.180000000,center,state,0,0.000000000,2048,0.001533981,2047,0.000000000,0,-0.006720000,2,-1.017000,9,0.000000000,2048,0.000000000,0,12.400,32,32097,0,1,
113901723728866,113901721348700,113901722660398,113901723728866,119,1.190000000,center,state,0,0.000000000,2048,0.003067962,2046,0.000000000,0,-0.003360000,1,-1.130000,10,0.000000000,2048,0.000000000,0,12.400,32,32107,0,1,
113901733756995,113901731340779,113901732665033,113901733756995,120,1.200000000,center,state,0,0.000000000,2048,0.001533981,2047,0.000000000,0,-0.010080000,3,-1.017000,9,0.000000000,2048,0.000000000,0,12.400,32,32117,0,1,
113901743720279,113901741326311,113901742638914,113901743720279,121,1.210000000,center,state,0,0.000000000,2048,0.003067962,2046,0.000000000,0,-0.006720000,2,-1.017000,9,0.000000000,2048,0.000000000,0,12.400,32,32127,0,1,
113901753713007,113901751325051,113901752638375,113901753713007,122,1.220000000,center,state,0,0.000000000,2048,0.003067962,2046,0.000000000,0,-0.010080000,3,-1.356000,12,0.000000000,2048,0.000000000,0,12.400,32,32137,0,1,
113901763705007,113901761325919,113901762616622,113901763705007,123,1.230000000,center,state,0,0.000000000,2048,0.001533981,2047,0.000000000,0,-0.006720000,2,-1.017000,9,0.000000000,2048,0.000000000,0,12.400,32,32147,0,1,
113901773720943,113901771328588,113901772639364,113901773720943,124,1.240000000,center,state,0,0.000000000,2048,0.003067962,2046,0.000000000,0,-0.006720000,2,-1.017000,9,0.000000000,2048,0.000000000,0,12.400,32,32157,0,1,
113901783711470,113901781323863,113901782617689,113901783711470,125,1.250000000,center,state,0,0.000000000,2048,0.001533981,2047,0.000000000,0,-0.006720000,2,-1.130000,10,0.000000000,2048,0.000000000,0,12.400,32,32167,0,1,
113901793721478,113901791326164,113901792622409,113901793721478,126,1.260000000,center,state,0,0.000000000,2048,0.001533981,2047,0.000000000,0,-0.003360000,1,-1.130000,10,0.000000000,2048,0.000000000,0,12.400,32,32177,0,1,
113901803710358,113901801327492,113901802634560,113901803710358,127,1.270000000,center,state,0,0.000000000,2048,0.001533981,2047,0.000000000,0,-0.006720000,2,-1.130000,10,0.000000000,2048,0.000000000,0,12.400,32,32187,0,1,
113901813710650,113901811324779,113901812628028,113901813710650,128,1.280000000,center,state,0,0.000000000,2048,0.001533981,2047,0.000000000,0,-0.010080000,3,-1.356000,12,0.000000000,2048,0.000000000,0,12.400,32,32197,0,1,
113901823759221,113901821325733,113901822802658,113901823759221,129,1.290000000,center,state,0,0.000000000,2048,0.001533981,2047,0.000000000,0,-0.010080000,3,-1.130000,10,0.000000000,2048,0.000000000,0,12.400,32,32207,0,1,
113901833720845,113901831334621,113901832638778,113901833720845,130,1.300000000,center,state,0,0.000000000,2048,0.003067962,2046,0.000000000,0,-0.010080000,3,-1.130000,10,0.000000000,2048,0.000000000,0,12.400,32,32217,0,1,
113901843710140,113901841327603,113901842622909,113901843710140,131,1.310000000,center,state,0,0.000000000,2048,0.003067962,2046,0.000000000,0,-0.013440000,4,-1.356000,12,0.000000000,2048,0.000000000,0,12.400,32,32227,0,1,
113901853716971,113901851325124,113901852626517,113901853716971,132,1.320000000,center,state,0,0.000000000,2048,0.003067962,2046,0.000000000,0,-0.006720000,2,-1.017000,9,0.000000000,2048,0.000000000,0,12.400,32,32237,0,1,
113901863709452,113901861326105,113901862616976,113901863709452,133,1.330000000,center,state,0,0.000000000,2048,0.001533981,2047,0.000000000,0,-0.006720000,2,-1.017000,9,0.000000000,2048,0.000000000,0,12.400,32,32247,0,1,
113901873715038,113901871329192,113901872633377,113901873715038,134,1.340000000,center,state,0,0.000000000,2048,0.001533981,2047,0.000000000,0,-0.006720000,2,-1.130000,10,0.000000000,2048,0.000000000,0,12.400,32,32257,0,1,
113901883728561,113901881326064,113901882633163,113901883728561,135,1.350000000,center,state,0,0.000000000,2048,0.003067962,2046,0.000000000,0,-0.006720000,2,-1.017000,9,0.000000000,2048,0.000000000,0,12.400,32,32267,0,1,
113901893713994,113901891330350,113901892628690,113901893713994,136,1.360000000,center,state,0,0.000000000,2048,0.001533981,2047,0.000000000,0,-0.003360000,1,-1.130000,10,0.000000000,2048,0.000000000,0,12.400,32,32277,0,1,
113901903715917,113901901332395,113901902624185,113901903715917,137,1.370000000,center,state,0,0.000000000,2048,0.001533981,2047,0.000000000,0,-0.006720000,2,-1.243000,11,0.000000000,2048,0.000000000,0,12.400,32,32287,0,1,
113901913725650,113901911326796,113901912633652,113901913725650,138,1.380000000,center,state,0,0.000000000,2048,0.001533981,2047,0.000000000,0,-0.010080000,3,-1.130000,10,0.000000000,2048,0.000000000,0,12.400,32,32297,0,1,
113901923721341,113901921332215,113901922636366,113901923721341,139,1.390000000,center,state,0,0.000000000,2048,0.003067962,2046,0.000000000,0,-0.006720000,2,-1.130000,10,0.000000000,2048,0.000000000,0,12.400,32,32307,0,1,
113901933741268,113901931344979,113901932656639,113901933741268,140,1.400000000,center,state,0,0.000000000,2048,0.001533981,2047,0.000000000,0,-0.003360000,1,-1.130000,10,0.000000000,2048,0.000000000,0,12.400,32,32317,0,1,
113901943721567,113901941327197,113901942629450,113901943721567,141,1.410000000,center,state,0,0.000000000,2048,0.001533981,2047,0.000000000,0,-0.006720000,2,-1.130000,10,0.000000000,2048,0.000000000,0,12.400,32,32327,0,1,
113901953735155,113901951329907,113901952646908,113901953735155,142,1.420000000,center,state,0,0.000000000,2048,0.001533981,2047,0.000000000,0,-0.010080000,3,-1.356000,12,0.000000000,2048,0.000000000,0,12.400,32,32337,0,1,
113901963720786,113901961327012,113901962630793,113901963720786,143,1.430000000,center,state,0,0.000000000,2048,0.001533981,2047,0.000000000,0,-0.006720000,2,-1.130000,10,0.000000000,2048,0.000000000,0,12.400,32,32347,0,1,
113901973731111,113901971333735,113901972652082,113901973731111,144,1.440000000,center,state,0,0.000000000,2048,0.001533981,2047,0.000000000,0,-0.006720000,2,-1.130000,10,0.000000000,2048,0.000000000,0,12.400,32,32357,0,1,
113901983801321,113901981325771,113901982677518,113901983801321,145,1.450000000,center,state,0,0.000000000,2048,0.001533981,2047,0.000000000,0,-0.006720000,2,-1.243000,11,0.000000000,2048,0.000000000,0,12.400,32,32367,0,1,
113901993719152,113901991328908,113901992632596,113901993719152,146,1.460000000,center,state,0,0.000000000,2048,0.001533981,2047,0.000000000,0,-0.006720000,2,-1.130000,10,0.000000000,2048,0.000000000,0,12.400,32,32377,0,1,
113902003738798,113902001333584,113902002668839,113902003738798,147,1.470000000,center,state,0,0.000000000,2048,0.001533981,2047,0.000000000,0,-0.010080000,3,-1.017000,9,0.000000000,2048,0.000000000,0,12.400,32,32387,0,1,
113902013708715,113902011323273,113902012625210,113902013708715,148,1.480000000,center,state,0,0.000000000,2048,0.001533981,2047,0.000000000,0,-0.006720000,2,-1.017000,9,0.000000000,2048,0.000000000,0,12.400,32,32397,0,1,
113902023720623,113902021328774,113902022634539,113902023720623,149,1.490000000,center,state,0,0.000000000,2048,0.001533981,2047,0.000000000,0,-0.003360000,1,-1.130000,10,0.000000000,2048,0.000000000,0,12.400,32,32407,0,1,
113902033784933,113902031323488,113902032629438,113902033784933,150,1.500000000,plus_a1,state,0,0.035000000,2025,0.001533981,2047,0.000000000,0,0.026880000,-8,3.729000,-33,0.035281558,2025,0.000000000,0,12.400,32,32417,0,0,
113902043717654,113902041332877,113902042627941,113902043717654,151,1.510000000,plus_a1,state,0,0.035000000,2025,0.003067962,2046,0.000000000,0,0.168000000,-50,14.916000,-132,0.035281558,2025,0.000000000,0,12.400,32,32427,0,0,
113902053722254,113902051331305,113902052661482,113902053722254,152,1.520000000,plus_a1,state,0,0.035000000,2025,0.009203885,2042,0.000000000,0,0.147840000,-44,17.741000,-157,0.035281558,2025,0.000000000,0,12.300,32,32437,0,0,
113902063713294,113902061322684,113902062625509,113902063713294,153,1.530000000,plus_a1,state,0,0.035000000,2025,0.013805827,2039,0.071942472,-3,0.114240000,-34,21.357000,-189,0.035281558,2025,0.000000000,0,12.500,32,32447,0,0,
113902073743248,113902071332527,113902072650311,113902073743248,154,1.540000000,plus_a1,state,0,0.035000000,2025,0.024543693,2032,0.143884944,-6,0.077280000,-23,22.826000,-202,0.035281558,2025,0.000000000,0,12.500,32,32457,0,1,
113902083810162,113902081331217,113902082637967,113902083810162,155,1.550000000,plus_a1,state,0,0.035000000,2025,0.035281558,2025,0.263789063,-11,0.010080000,-3,23.278000,-206,0.035281558,2025,0.000000000,0,12.300,32,32467,1,1,
113902093694614,113902091326549,113902092629106,113902093694614,156,1.560000000,plus_a1,state,0,0.035000000,2025,0.046019424,2018,0.407674007,-17,0.087360000,-26,12.091000,-107,0.035281558,2025,0.000000000,0,12.400,32,32477,1,1,
113902103707960,113902101330815,113902102662569,113902103707960,157,1.570000000,plus_a1,state,0,0.035000000,2025,0.053689328,2013,0.551558950,-23,-0.020160000,6,2.260000,-20,0.035281558,2025,0.000000000,0,12.400,32,32487,1,0,
113902113727136,113902111330341,113902112720668,113902113727136,158,1.580000000,plus_a1,state,0,0.035000000,2025,0.058291270,2010,0.671463070,-28,-0.127680000,38,-0.226000,2,0.035281558,2025,0.000000000,0,12.400,32,32497,1,0,
113902123635421,113902121329064,113902122578175,113902123635421,159,1.590000000,plus_a1,state,0,0.035000000,2025,0.061359232,2008,0.719424718,-30,-0.137760000,41,-2.712000,24,0.035281558,2025,0.000000000,0,12.400,32,32507,1,0,
113902133606837,113902131327377,113902132590396,113902133606837,160,1.600000000,plus_a1,state,0,0.035000000,2025,0.059825251,2009,0.719424718,-30,-0.127680000,38,-9.718000,86,0.035281558,2025,0.000000000,0,12.400,32,32517,1,0,
113902143614729,113902141334550,113902142591374,113902143614729,161,1.610000000,plus_a1,state,0,0.035000000,2025,0.058291270,2010,0.647482246,-27,-0.134400000,40,-16.837000,149,0.035281558,2025,0.000000000,0,12.400,32,32527,1,0,
113902153637667,113902151322124,113902152586281,113902153637667,162,1.620000000,plus_a1,state,0,0.035000000,2025,0.053689328,2013,0.503597302,-21,-0.110880000,33,-17.967000,159,0.035281558,2025,0.000000000,0,12.300,32,32537,1,0,
113902163589447,113902161325735,113902162568274,113902163589447,163,1.630000000,plus_a1,state,0,0.035000000,2025,0.047553404,2017,0.311750711,-13,-0.077280000,23,-20.340000,180,0.035281558,2025,0.000000000,0,12.500,32,32547,1,1,
113902173609754,113902171329232,113902172574616,113902173609754,164,1.640000000,plus_a1,state,0,0.035000000,2025,0.038349520,2023,0.095923296,-4,-0.013440000,4,-22.035000,195,0.035281558,2025,0.000000000,0,12.500,32,32557,0,1,
113902183622515,113902181333575,113902182577695,113902183622515,165,1.650000000,plus_a1,state,0,0.035000000,2025,0.026077673,2031,-0.095923296,4,-0.084000000,25,-1.243000,11,0.035281558,2025,0.000000000,0,12.400,32,32567,0,1,
113902193607288,113902191336552,113902192564157,113902193607288,166,1.660000000,plus_a1,state,0,0.035000000,2025,0.019941750,2035,-0.311750711,13,0.114240000,-34,-9.944000,88,0.035281558,2025,0.000000000,0,12.400,32,32577,1,1,
113902203593137,113902201333923,113902202577802,113902203593137,167,1.670000000,plus_a1,state,0,0.035000000,2025,0.015339808,2038,-0.455635655,19,0.252000000,-75,-1.921000,17,0.035281558,2025,0.000000000,0,12.400,32,32587,1,0,
113902212590942,113902211318352,113902211564686,113902212590942,168,1.680000000,plus_a1,state,0,0.035000000,2025,0.012271846,2040,-0.551558950,23,0.147840000,-44,0.000000,0,0.035281558,2025,0.000000000,0,12.400,32,32596,1,0,
113902223616806,113902221324171,113902222578378,113902223616806,169,1.690000000,plus_a1,state,0,0.035000000,2025,0.012271846,2040,-0.599520598,25,0.120960000,-36,5.876000,-52,0.035281558,2025,0.000000000,0,12.400,32,32607,1,0,
113902233614603,113902231325594,113902232584024,113902233614603,170,1.700000000,plus_a1,state,0,0.035000000,2025,0.012271846,2040,-0.575539774,24,0.097440000,-29,13.334000,-118,0.035281558,2025,0.000000000,0,12.400,32,32617,1,0,
113902243609459,113902241327087,113902242581302,113902243609459,171,1.710000000,plus_a1,state,0,0.035000000,2025,0.015339808,2038,-0.479616478,20,0.094080000,-28,14.916000,-132,0.035281558,2025,0.000000000,0,12.300,32,32627,1,0,
113902252608313,113902251320158,113902251562782,113902252608313,172,1.720000000,plus_a1,state,0,0.035000000,2025,0.021475731,2034,-0.335731535,14,0.087360000,-26,17.628000,-156,0.035281558,2025,0.000000000,0,12.300,32,32636,1,1,
113902262601603,113902261318595,113902261565926,113902262601603,173,1.730000000,plus_a1,state,0,0.035000000,2025,0.026077673,2031,-0.167865767,7,0.050400000,-15,20.114000,-178,0.035281558,2025,0.000000000,0,12.500,32,32646,0,1,
113902273588736,113902271395271,113902272576430,113902273588736,174,1.740000000,plus_a1,state,0,0.035000000,2025,0.038349520,2023,0.023980824,-1,0.006720000,-2,19.323000,-171,0.035281558,2025,0.000000000,0,12.400,32,32657,0,1,
113902283590743,113902281329543,113902282569923,113902283590743,175,1.750000000,plus_a1,state,0,0.035000000,2025,0.047553404,2017,0.215827415,-9,-0.043680000,13,11.865000,-105,0.035281558,2025,0.000000000,0,12.500,32,32667,0,1,
113902293593845,113902291325782,113902292571039,113902293593845,176,1.760000000,plus_a1,state,0,0.035000000,2025,0.053689328,2013,0.383693183,-16,-0.181440000,54,1.469000,-13,0.035281558,2025,0.000000000,0,12.500,32,32677,1,0,
113902303610020,113902301330179,113902302579526,113902303610020,177,1.770000000,plus_a1,state,0,0.035000000,2025,0.056757289,2011,0.503597302,-21,-0.154560000,46,-0.452000,4,0.035281558,2025,0.000000000,0,12.400,32,32687,1,0,
113902313631797,113902311319064,113902312583047,113902313631797,178,1.780000000,plus_a1,state,0,0.035000000,2025,0.058291270,2010,0.551558950,-23,-0.114240000,34,-4.068000,36,0.035281558,2025,0.000000000,0,12.400,32,32697,1,0,
113902323672423,113902321327870,113902322602819,113902323672423,179,1.790000000,plus_a1,state,0,0.035000000,2025,0.056757289,2011,0.551558950,-23,-0.114240000,34,-11.978000,106,0.035281558,2025,0.000000000,0,12.400,32,32707,1,0,
113902333705850,113902331325760,113902332626942,113902333705850,180,1.800000000,plus_a1,state,0,0.035000000,2025,0.055223308,2012,0.479616478,-20,-0.110880000,33,-16.498000,146,0.035281558,2025,0.000000000,0,12.400,32,32717,1,0,
113902343734645,113902341337757,113902342640498,113902343734645,181,1.810000000,plus_a1,state,0,0.035000000,2025,0.049087385,2016,0.359712359,-15,-0.084000000,25,-17.854000,158,0.035281558,2025,0.000000000,0,12.300,32,32727,1,1,
113902353687225,113902351342140,113902352623610,113902353687225,182,1.820000000,plus_a1,state,0,0.035000000,2025,0.042951462,2020,0.191846591,-8,-0.050400000,15,-19.775000,175,0.035281558,2025,0.000000000,0,12.400,32,32737,0,1,
113902363642813,113902361321799,113902362608703,113902363642813,183,1.830000000,plus_a1,state,0,0.035000000,2025,0.032213597,2027,0.000000000,0,-0.010080000,3,-18.871000,167,0.035281558,2025,0.000000000,0,12.400,32,32747,0,1,
113902373672891,113902371343911,113902372622367,113902373672891,184,1.840000000,plus_a1,state,0,0.035000000,2025,0.024543693,2032,-0.167865767,7,0.110880000,-33,-10.283000,91,0.035281558,2025,0.000000000,0,12.500,32,32757,0,1,
113902383702744,113902381332767,113902382617391,113902383702744,185,1.850000000,plus_a1,state,0,0.035000000,2025,0.018407769,2036,-0.335731535,14,0.080640000,-24,-2.825000,25,0.035281558,2025,0.000000000,0,12.500,32,32767,1,1,
113902393699085,113902391326572,113902392610094,113902393699085,186,1.860000000,plus_a1,state,0,0.035000000,2025,0.015339808,2038,-0.455635655,19,0.110880000,-33,0.226000,-2,0.035281558,2025,0.000000000,0,12.500,32,9,1,0,
113902403691761,113902401343064,113902402626038,113902403691761,187,1.870000000,plus_a1,state,0,0.035000000,2025,0.013805827,2039,-0.527578126,22,0.134400000,-40,3.277000,-29,0.035281558,2025,0.000000000,0,12.500,32,19,1,0,
113902413698096,113902411328434,113902412607995,113902413698096,188,1.880000000,plus_a1,state,0,0.035000000,2025,0.015339808,2038,-0.527578126,22,0.110880000,-33,8.249000,-73,0.035281558,2025,0.000000000,0,12.500,32,29,1,0,
113902423710570,113902421337451,113902422615455,113902423710570,189,1.890000000,plus_a1,state,0,0.035000000,2025,0.016873789,2037,-0.479616478,20,0.107520000,-32,16.837000,-149,0.035281558,2025,0.000000000,0,12.400,32,39,1,0,
113902433783356,113902431329840,113902432655976,113902433783356,190,1.900000000,plus_a1,state,0,0.035000000,2025,0.019941750,2035,-0.359712359,15,0.077280000,-23,16.272000,-144,0.035281558,2025,0.000000000,0,12.400,32,49,1,1,
113902443717187,113902441340986,113902442645596,113902443717187,191,1.910000000,plus_a1,state,0,0.035000000,2025,0.029145635,2029,-0.215827415,9,0.036960000,-11,18.080000,-160,0.035281558,2025,0.000000000,0,12.400,32,59,0,1,
113902453705734,113902451334015,113902452610713,113902453705734,192,1.920000000,plus_a1,state,0,0.035000000,2025,0.033747577,2026,-0.023980824,1,0.020160000,-6,19.662000,-174,0.035281558,2025,0.000000000,0,12.400,32,69,0,1,
113902463713403,113902461331088,113902462616307,113902463713403,193,1.930000000,plus_a1,state,0,0.035000000,2025,0.044485443,2019,0.143884944,-6,-0.047040000,14,10.735000,-95,0.035281558,2025,0.000000000,0,12.400,32,79,0,1,
113902473765127,113902471341411,113902472603515,113902473765127,194,1.940000000,plus_a1,state,0,0.035000000,2025,0.050621366,2015,0.287769887,-12,-0.131040000,39,0.678000,-6,0.035281558,2025,0.000000000,0,12.400,32,89,1,1,
113902483804840,113902481343759,113902482665730,113902483804840,195,1.950000000,plus_a1,state,0,0.035000000,2025,0.055223308,2012,0.431654831,-18,-0.161280000,48,-0.226000,2,0.035281558,2025,0.000000000,0,12.400,32,99,1,0,
113902493687669,113902491338692,113902492613033,113902493687669,196,1.960000000,plus_a1,state,0,0.035000000,2025,0.055223308,2012,0.503597302,-21,-0.114240000,34,-1.808000,16,0.035281558,2025,0.000000000,0,12.400,32,109,1,0,
113902503626865,113902501340940,113902502617225,113902503626865,197,1.970000000,plus_a1,state,0,0.035000000,2025,0.055223308,2012,0.503597302,-21,-0.104160000,31,-7.910000,70,0.035281558,2025,0.000000000,0,12.400,32,119,1,0,
113902513723632,113902511339487,113902512614157,113902513723632,198,1.980000000,plus_a1,state,0,0.035000000,2025,0.053689328,2013,0.455635655,-19,-0.094080000,28,-14.351000,127,0.035281558,2025,0.000000000,0,12.400,32,129,1,0,
113902523590577,113902521344921,113902522596209,113902523590577,199,1.990000000,plus_a1,hardware_error,0,0.035000000,2025,,,,,,,,,,,,,,,,,,0
113902533733060,113902531342395,113902532642111,113902533733060,200,2.000000000,plus_a1,state,0,0.035000000,2025,0.044485443,2019,0.239808239,-10,-0.060480000,18,-18.871000,167,0.035281558,2025,0.000000000,0,12.400,32,149,0,1,
113902543673154,113902541340504,113902542585838,113902543673154,201,2.010000000,plus_a1,state,0,0.035000000,2025,0.035281558,2025,0.047961648,-2,-0.010080000,3,-19.775000,175,0.035281558,2025,0.000000000,0,12.500,32,159,0,1,
113902553645920,113902551340178,113902552580165,113902553645920,202,2.020000000,plus_a1,state,0,0.035000000,2025,0.026077673,2031,-0.119904120,5,-0.043680000,13,-10.283000,91,0.035281558,2025,0.000000000,0,12.400,32,169,0,1,
113902563650146,113902561325260,113902562587584,113902563650146,203,2.030000000,plus_a1,state,0,0.035000000,2025,0.019941750,2035,-0.287769887,12,0.194880000,-58,-2.712000,24,0.035281558,2025,0.000000000,0,12.500,32,179,1,1,
113902573651475,113902571338749,113902572613469,113902573651475,204,2.040000000,plus_a1,state,0,0.035000000,2025,0.016873789,2037,-0.407674007,17,0.073920000,-22,0.678000,-6,0.035281558,2025,0.000000000,0,12.500,32,189,1,0,
113902583772701,113902581335902,113902582611694,113902583772701,205,2.050000000,plus_a1,state,0,0.035000000,2025,0.013805827,2039,-0.479616478,20,0.110880000,-33,2.260000,-20,0.035281558,2025,0.000000000,0,12.500,32,199,1,0,
113902593668498,113902591338140,113902592596105,113902593668498,206,2.060000000,plus_a1,state,0,0.035000000,2025,0.015339808,2038,-0.527578126,22,0.114240000,-34,6.215000,-55,0.035281558,2025,0.000000000,0,12.500,32,209,1,0,
113902603613622,113902601331575,113902602572465,113902603613622,207,2.070000000,plus_a1,state,0,0.035000000,2025,0.016873789,2037,-0.479616478,20,0.090720000,-27,15.029000,-133,0.035281558,2025,0.000000000,0,12.400,32,219,1,0,
113902613652251,113902611328285,113902612584584,113902613652251,208,2.080000000,plus_a1,state,0,0.035000000,2025,0.018407769,2036,-0.383693183,16,0.080640000,-24,14.464000,-128,0.035281558,2025,0.000000000,0,12.500,32,229,1,1,
113902623643705,113902621346618,113902622581719,113902623643705,209,2.090000000,plus_a1,state,0,0.035000000,2025,0.026077673,2031,-0.239808239,10,0.060480000,-18,17.515000,-155,0.035281558,2025,0.000000000,0,12.400,32,239,0,1,
113902633686666,113902631327971,113902632596480,113902633686666,210,2.100000000,plus_a1,state,0,0.035000000,2025,0.032213597,2027,-0.071942472,3,0.016800000,-5,19.549000,-173,0.035281558,2025,0.000000000,0,12.400,32,249,0,1,
113902643681610,113902641331812,113902642591090,113902643681610,211,2.110000000,plus_a1,state,0,0.035000000,2025,0.042951462,2020,0.095923296,-4,0.053760000,-16,7.458000,-66,0.035281558,2025,0.000000000,0,12.400,32,259,0,1,
113902653687973,113902651330072,113902652608824,113902653687973,212,2.120000000,plus_a1,state,0,0.035000000,2025,0.049087385,2016,0.263789063,-11,0.067200000,-20,1.582000,-14,0.035281558,2025,0.000000000,0,12.500,32,269,1,1,
113902663663957,113902661325168,113902662587789,113902663663957,213,2.130000000,plus_a1,state,0,0.035000000,2025,0.053689328,2013,0.383693183,-16,0.033600000,-10,0.791000,-7,0.035281558,2025,0.000000000,0,12.500,32,279,1,0,
113902673692377,113902671331587,113902672595715,113902673692377,214,2.140000000,plus_a1,state,0,0.035000000,2025,0.055223308,2012,0.479616478,-20,-0.117600000,35,-1.017000,9,0.035281558,2025,0.000000000,0,12.500,32,289,1,0,
113902683590407,113902681322762,113902682567238,113902683590407,215,2.150000000,plus_a1,state,0,0.035000000,2025,0.055223308,2012,0.503597302,-21,-0.097440000,29,-6.102000,54,0.035281558,2025,0.000000000,0,12.500,32,299,1,0,
113902693609559,113902691330454,113902692563956,113902693609559,216,2.160000000,plus_a1,state,0,0.035000000,2025,0.053689328,2013,0.479616478,-20,-0.087360000,26,-13.221000,117,0.035281558,2025,0.000000000,0,12.400,32,309,1,0,
113902703664642,113902701325194,113902702589846,113902703664642,217,2.170000000,plus_a1,state,0,0.035000000,2025,0.050621366,2015,0.383693183,-16,-0.090720000,27,-16.611000,147,0.035281558,2025,0.000000000,0,12.400,32,319,1,1,
113902713680699,113902711324509,113902712602556,113902713680699,218,2.180000000,plus_a1,state,0,0.035000000,2025,0.047553404,2017,0.263789063,-11,-0.070560000,21,-17.741000,157,0.035281558,2025,0.000000000,0,12.500,32,329,1,1,
113902723690166,113902721326208,113902722592504,113902723690166,219,2.190000000,plus_a1,state,0,0.035000000,2025,0.038349520,2023,0.095923296,-4,-0.030240000,9,-19.436000,172,0.035281558,2025,0.000000000,0,12.400,32,339,0,1,
113902733667113,113902731324820,113902732585129,113902733667113,220,2.200000000,plus_a1,state,0,0.035000000,2025,0.029145635,2029,-0.047961648,2,-0.060480000,18,-5.763000,51,0.035281558,2025,0.000000000,0,12.400,32,349,0,1,
113902743665074,113902741326301,113902742580171,113902743665074,221,2.210000000,plus_a1,state,0,0.035000000,2025,0.021475731,2034,-0.239808239,10,-0.003360000,1,-0.565000,5,0.035281558,2025,0.000000000,0,12.400,32,359,0,1,
113902753728532,113902751324800,113902752581160,113902753728532,222,2.220000000,plus_a1,state,0,0.035000000,2025,0.018407769,2036,-0.359712359,15,0.067200000,-20,0.565000,-5,0.035281558,2025,0.000000000,0,12.400,32,369,1,1,
113902763731514,113902761324891,113902762649318,113902763731514,223,2.230000000,plus_a1,state,0,0.035000000,2025,0.015339808,2038,-0.455635655,19,0.120960000,-36,1.130000,-10,0.035281558,2025,0.000000000,0,12.400,32,379,1,0,
113902773747516,113902771324274,113902772651811,113902773747516,224,2.240000000,plus_a1,state,0,0.035000000,2025,0.015339808,2038,-0.503597302,21,0.117600000,-35,3.842000,-34,0.035281558,2025,0.000000000,0,12.400,32,389,1,0,
113902783735256,113902781325724,113902782648563,113902783735256,225,2.250000000,plus_a1,state,0,0.035000000,2025,0.016873789,2037,-0.479616478,20,0.084000000,-25,11.413000,-101,0.035281558,2025,0.000000000,0,12.400,32,399,1,0,
113902793736844,113902791323914,113902792644191,113902793736844,226,2.260000000,plus_a1,state,0,0.035000000,2025,0.018407769,2036,-0.407674007,17,0.184800000,-55,12.995000,-115,0.035281558,2025,0.000000000,0,12.400,32,409,1,1,
113902803736172,113902801325710,113902802651196,113902803736172,227,2.270000000,plus_a1,state,0,0.035000000,2025,0.024543693,2032,-0.287769887,12,0.084000000,-25,17.063000,-151,0.035281558,2025,0.000000000,0,12.500,32,419,1,1,
113902813738097,113902811324344,113902812650040,113902813738097,228,2.280000000,plus_a1,state,0,0.035000000,2025,0.032213597,2027,-0.119904120,5,0.016800000,-5,18.758000,-166,0.035281558,2025,0.000000000,0,12.500,32,429,0,1,
113902823739590,113902821322477,113902822647897,113902823739590,229,2.290000000,plus_a1,state,0,0.035000000,2025,0.039883500,2022,0.023980824,-1,0.010080000,-3,17.289000,-153,0.035281558,2025,0.000000000,0,12.400,32,439,0,1,
113902833750597,113902831326305,113902832651126,113902833750597,230,2.300000000,plus_a1,state,0,0.035000000,2025,0.047553404,2017,0.191846591,-8,-0.070560000,21,7.797000,-69,0.035281558,2025,0.000000000,0,12.400,32,449,0,1,
113902843733953,113902841324084,113902842655944,113902843733953,231,2.310000000,plus_a1,state,0,0.035000000,2025,0.053689328,2013,0.335731535,-14,0.040320000,-12,0.678000,-6,0.035281558,2025,0.000000000,0,12.400,32,459,1,0,
113902853737019,113902851326505,113902852644660,113902853737019,232,2.320000000,plus_a1,state,0,0.035000000,2025,0.055223308,2012,0.455635655,-19,-0.127680000,38,-0.452000,4,0.035281558,2025,0.000000000,0,12.400,32,469,1,0,
113902863742299,113902861328206,113902862651412,113902863742299,233,2.330000000,plus_a1,state,0,0.035000000,2025,0.055223308,2012,0.503597302,-21,-0.100800000,30,-3.842000,34,0.035281558,2025,0.000000000,0,12.400,32,479,1,0,
113902873745475,113902871328875,113902872658198,113902873745475,234,2.340000000,plus_a1,state,0,0.035000000,2025,0.055223308,2012,0.479616478,-20,-0.087360000,26,-11.187000,99,0.035281558,2025,0.000000000,0,12.400,32,489,1,0,
113902883738553,113902881323489,113902882650584,113902883738553,235,2.350000000,plus_a1,state,0,0.035000000,2025,0.052155347,2014,0.407674007,-17,-0.087360000,26,-15.142000,134,0.035281558,2025,0.000000000,0,12.400,32,499,1,1,
113902893748047,113902891325698,113902892659017,113902893748047,236,2.360000000,plus_a1,state,0,0.035000000,2025,0.049087385,2016,0.311750711,-13,-0.077280000,23,-17.515000,155,0.035281558,2025,0.000000000,0,12.200,32,509,1,1,
113902903742763,113902901326714,113902902649617,113902903742763,237,2.370000000,plus_a1,state,0,0.035000000,2025,0.041417481,2021,0.167865767,-7,-0.033600000,10,-19.210000,170,0.035281558,2025,0.000000000,0,12.600,32,519,0,1,
113902913762923,113902911324046,113902912665782,113902913762923,238,2.380000000,plus_a1,state,0,0.035000000,2025,0.032213597,2027,0.000000000,0,-0.016800000,5,-16.837000,149,0.035281558,2025,0.000000000,0,12.500,32,529,0,1,
113902923670341,113902921328344,113902922597690,113902923670341,239,2.390000000,plus_a1,state,0,0.035000000,2025,0.024543693,2032,-0.167865767,7,0.000000000,0,-3.842000,34,0.035281558,2025,0.000000000,0,12.400,32,539,0,1,
113902933646640,113902931324513,113902932585444,113902933646640,240,2.400000000,plus_a1,state,0,0.035000000,2025,0.018407769,2036,-0.335731535,14,-0.033600000,10,-3.503000,31,0.035281558,2025,0.000000000,0,12.400,32,549,1,1,
113902943663100,113902941323575,113902942577613,113902943663100,241,2.410000000,plus_a1,state,0,0.035000000,2025,0.015339808,2038,-0.431654831,18,0.137760000,-41,0.339000,-3,0.035281558,2025,0.000000000,0,12.400,32,559,1,0,
113902953658653,113902951324817,113902952581692,113902953658653,242,2.420000000,plus_a1,state,0,0.035000000,2025,0.015339808,2038,-0.479616478,20,0.120960000,-36,3.503000,-31,0.035281558,2025,0.000000000,0,12.300,32,569,1,0,
113902963650865,113902961323739,113902962559758,113902963650865,243,2.430000000,plus_a1,state,0,0.035000000,2025,0.015339808,2038,-0.503597302,21,0.110880000,-33,8.475000,-75,0.035281558,2025,0.000000000,0,12.400,32,579,1,0,
113902973649998,113902971327310,113902972564018,113902973649998,244,2.440000000,plus_a1,state,0,0.035000000,2025,0.019941750,2035,-0.431654831,18,0.097440000,-29,16.950000,-150,0.035281558,2025,0.000000000,0,12.400,32,589,1,1,
113902983652691,113902981323932,113902982565214,113902983652691,245,2.450000000,plus_a1,state,0,0.035000000,2025,0.023009712,2033,-0.311750711,13,0.067200000,-20,17.176000,-152,0.035281558,2025,0.000000000,0,12.200,32,599,1,1,
113902993660766,113902991325374,113902992559265,113902993660766,246,2.460000000,plus_a1,state,0,0.035000000,2025,0.030679616,2028,-0.167865767,7,0.026880000,-8,18.645000,-165,0.035281558,2025,0.000000000,0,12.400,32,609,0,1,
113903003649076,113903001323660,113903002562716,113903003649076,247,2.470000000,plus_a1,state,0,0.035000000,2025,0.036815539,2024,0.000000000,0,0.003360000,-1,18.984000,-168,0.035281558,2025,0.000000000,0,12.500,32,619,0,1,
113903013644552,113903011322333,113903012564597,113903013644552,248,2.480000000,plus_a1,state,0,0.035000000,2025,0.046019424,2018,0.167865767,-7,0.036960000,-11,0.226000,-2,0.035281558,2025,0.000000000,0,12.300,32,629,0,1,
113903023635994,113903021326290,113903022557416,113903023635994,249,2.490000000,plus_a1,state,0,0.035000000,2025,0.050621366,2015,0.311750711,-13,0.060480000,-18,0.339000,-3,0.035281558,2025,0.000000000,0,12.300,32,639,1,1,
113903033648858,113903031325318,113903032565587,113903033648858,250,2.500000000,plus_a1,state,0,0.035000000,2025,0.055223308,2012,0.431654831,-18,-0.144480000,43,-0.565000,5,0.035281558,2025,0.000000000,0,12.400,32,649,1,0,
113903043640943,113903041324748,113903042561531,113903043640943,251,2.510000000,plus_a1,state,0,0.035000000,2025,0.055223308,2012,0.479616478,-20,-0.110880000,33,-3.051000,27,0.035281558,2025,0.000000000,0,12.400,32,659,1,0,
113903053645020,113903051324454,113903052561288,113903053645020,252,2.520000000,plus_a1,state,0,0.035000000,2025,0.055223308,2012,0.479616478,-20,-0.094080000,28,-10.622000,94,0.035281558,2025,0.000000000,0,12.400,32,669,1,0,
113903063658703,113903061328711,113903062565341,113903063658703,253,2.530000000,plus_a1,state,0,0.035000000,2025,0.050621366,2015,0.431654831,-18,-0.087360000,26,-14.690000,130,0.035281558,2025,0.000000000,0,12.500,32,679,1,1,
113903073650935,113903071328677,113903072563197,113903073650935,254,2.540000000,plus_a1,state,0,0.035000000,2025,0.049087385,2016,0.311750711,-13,-0.080640000,24,-16.950000,150,0.035281558,2025,0.000000000,0,12.300,32,689,1,1,
113903083642911,113903081324676,113903082565062,113903083642911,255,2.550000000,plus_a1,state,0,0.035000000,2025,0.042951462,2020,0.191846591,-8,-0.047040000,14,-18.984000,168,0.035281558,2025,0.000000000,0,12.200,32,699,0,1,
113903093643998,113903091324968,113903092563388,113903093643998,256,2.560000000,plus_a1,state,0,0.035000000,2025,0.033747577,2026,0.000000000,0,-0.003360000,1,-18.984000,168,0.035281558,2025,0.000000000,0,12.500,32,709,0,1,
113903103639258,113903101323889,113903102559989,113903103639258,257,2.570000000,plus_a1,state,0,0.035000000,2025,0.024543693,2032,-0.143884944,6,0.208320000,-62,-10.057000,89,0.035281558,2025,0.000000000,0,12.500,32,719,0,1,
113903113636304,113903111324862,113903112560376,113903113636304,258,2.580000000,plus_a1,state,0,0.035000000,2025,0.019941750,2035,-0.311750711,13,0.094080000,-28,-2.825000,25,0.035281558,2025,0.000000000,0,12.400,32,729,1,1,
113903123710658,113903121324844,113903122549454,113903123710658,259,2.590000000,plus_a1,state,0,0.035000000,2025,0.016873789,2037,-0.431654831,18,0.124320000,-37,0.678000,-6,0.035281558,2025,0.000000000,0,12.400,32,739,1,0,
113903133656312,113903131323799,113903132626260,113903133656312,260,2.600000000,plus_a1,state,0,0.035000000,2025,0.015339808,2038,-0.479616478,20,0.110880000,-33,3.390000,-30,0.035281558,2025,0.000000000,0,12.400,32,749,1,0,
113903143717557,113903141324805,113903142638809,113903143717557,261,2.610000000,plus_a1,state,0,0.035000000,2025,0.015339808,2038,-0.503597302,21,0.117600000,-35,6.441000,-57,0.035281558,2025,0.000000000,0,12.400,32,759,1,0,
113903153719195,113903151327468,113903152629764,113903153719195,262,2.620000000,plus_a1,state,0,0.035000000,2025,0.018407769,2036,-0.455635655,19,0.094080000,-28,16.046000,-142,0.035281558,2025,0.000000000,0,12.500,32,769,1,1,
113903163711652,113903161323340,113903162623649,113903163711652,263,2.630000000,plus_a1,state,0,0.035000000,2025,0.019941750,2035,-0.359712359,15,0.067200000,-20,16.272000,-144,0.035281558,2025,0.000000000,0,12.500,32,779,1,1,
113903173718145,113903171325944,113903172629637,113903173718145,264,2.640000000,plus_a1,state,0,0.035000000,2025,0.029145635,2029,-0.191846591,8,0.047040000,-14,17.628000,-156,0.035281558,2025,0.000000000,0,12.300,32,789,0,1,
113903183714336,113903181323908,113903182626955,113903183714336,265,2.650000000,plus_a1,state,0,0.035000000,2025,0.033747577,2026,-0.023980824,1,0.020160000,-6,19.097000,-169,0.035281558,2025,0.000000000,0,12.200,32,799,0,1,
113903193703864,113903191325235,113903192625404,113903193703864,266,2.660000000,plus_a1,state,0,0.035000000,2025,0.042951462,2020,0.119904120,-5,-0.168000000,50,12.769000,-113,0.035281558,2025,0.000000000,0,12.500,32,809,0,1,
113903203726817,113903201324837,113903202635158,113903203726817,267,2.670000000,plus_a1,state,0,0.035000000,2025,0.050621366,2015,0.287769887,-12,-0.090720000,27,6.328000,-56,0.035281558,2025,0.000000000,0,12.500,32,819,1,1,
113903213711263,113903211323278,113903212636791,113903213711263,268,2.680000000,plus_a1,state,0,0.035000000,2025,0.053689328,2013,0.407674007,-17,0.094080000,-28,-1.130000,10,0.035281558,2025,0.000000000,0,12.500,32,829,1,0,
113903223714655,113903221323726,113903222636361,113903223714655,269,2.690000000,plus_a1,state,0,0.035000000,2025,0.055223308,2012,0.479616478,-20,-0.110880000,33,-1.469000,13,0.035281558,2025,0.000000000,0,12.500,32,839,1,0,
113903233728001,113903231324855,113903232624867,113903233728001,270,2.700000000,plus_a1,state,0,0.035000000,2025,0.055223308,2012,0.503597302,-21,-0.104160000,31,-6.667000,59,0.035281558,2025,0.000000000,0,12.500,32,849,1,0,
113903243647389,113903241327129,113903242574395,113903243647389,271,2.710000000,plus_a1,state,0,0.035000000,2025,0.053689328,2013,0.455635655,-19,-0.104160000,31,-14.012000,124,0.035281558,2025,0.000000000,0,12.200,32,859,1,0,
113903253649490,113903251326325,113903252562565,113903253649490,272,2.720000000,plus_a1,state,0,0.035000000,2025,0.049087385,2016,0.359712359,-15,-0.077280000,23,-16.611000,147,0.035281558,2025,0.000000000,0,12.400,32,869,1,1,
113903263705431,113903261323206,113903262626221,113903263705431,273,2.730000000,plus_a1,state,0,0.035000000,2025,0.046019424,2018,0.239808239,-10,-0.060480000,18,-18.645000,165,0.035281558,2025,0.000000000,0,12.500,32,879,0,1,
113903273725700,113903271325553,113903272628053,113903273725700,274,2.740000000,plus_a1,state,0,0.035000000,2025,0.036815539,2024,0.071942472,-3,-0.016800000,5,-19.888000,176,0.035281558,2025,0.000000000,0,12.200,32,889,0,1,
113903283715817,113903281325055,113903282625257,113903283715817,275,2.750000000,plus_a1,state,0,0.035000000,2025,0.026077673,2031,-0.095923296,4,0.070560000,-21,-15.142000,134,0.035281558,2025,0.000000000,0,12.300,32,899,0,1,
113903293710271,113903291324866,113903292624778,113903293710271,276,2.760000000,plus_a1,state,0,0.035000000,2025,0.019941750,2035,-0.263789063,11,-0.023520000,7,-1.469000,13,0.035281558,2025,0.000000000,0,12.400,32,909,1,1,
113903303720835,113903301324830,113903302633976,113903303720835,277,2.770000000,plus_a1,state,0,0.035000000,2025,0.016873789,2037,-0.383693183,16,0.006720000,-2,-0.339000,3,0.035281558,2025,0.000000000,0,12.400,32,919,1,0,
113903313716100,113903311323942,113903312622799,113903313716100,278,2.780000000,plus_a1,state,0,0.035000000,2025,0.015339808,2038,-0.455635655,19,0.117600000,-35,2.147000,-19,0.035281558,2025,0.000000000,0,12.400,32,929,1,0,
113903323710371,113903321324970,113903322622470,113903323710371,279,2.790000000,plus_a1,state,0,0.035000000,2025,0.015339808,2038,-0.503597302,21,0.090720000,-27,4.407000,-39,0.035281558,2025,0.000000000,0,12.400,32,939,1,0,
113903333686689,113903331325014,113903332637285,113903333686689,280,2.800000000,plus_a1,state,0,0.035000000,2025,0.015339808,2038,-0.479616478,20,0.067200000,-20,13.673000,-121,0.035281558,2025,0.000000000,0,12.400,32,949,1,0,
113903343699524,113903341324316,113903342622011,113903343699524,281,2.810000000,plus_a1,state,0,0.035000000,2025,0.019941750,2035,-0.383693183,16,0.147840000,-44,13.447000,-119,0.035281558,2025,0.000000000,0,12.300,32,959,1,1,
113903353721072,113903351404340,113903352621243,113903353721072,282,2.820000000,plus_a1,state,0,0.035000000,2025,0.026077673,2031,-0.263789063,11,0.063840000,-19,17.176000,-152,0.035281558,2025,0.000000000,0,12.500,32,969,1,1,
113903363660030,113903361352970,113903362665064,113903363660030,283,2.830000000,plus_a1,state,0,0.035000000,2025,0.032213597,2027,-0.095923296,4,0.020160000,-6,19.097000,-169,0.035281558,2025,0.000000000,0,12.200,32,979,0,1,
113903373676920,113903371353788,113903372576437,113903373676920,284,2.840000000,plus_a1,state,0,0.035000000,2025,0.039883500,2022,0.047961648,-2,0.016800000,-5,15.594000,-138,0.035281558,2025,0.000000000,0,12.300,32,989,0,1,
113903383661438,113903381328863,113903382554897,113903383661438,285,2.850000000,plus_a1,state,0,0.035000000,2025,0.047553404,2017,0.215827415,-9,0.043680000,-13,0.113000,-1,0.035281558,2025,0.000000000,0,12.400,32,999,0,1,
113903393702705,113903391336191,113903392555429,113903393702705,286,2.860000000,plus_a1,state,0,0.035000000,2025,0.052155347,2014,0.359712359,-15,-0.023520000,7,-0.113000,1,0.035281558,2025,0.000000000,0,12.400,32,1009,1,1,
113903403660396,113903401335813,113903402567605,113903403660396,287,2.870000000,plus_a1,state,0,0.035000000,2025,0.055223308,2012,0.455635655,-19,-0.107520000,32,-0.791000,7,0.035281558,2025,0.000000000,0,12.400,32,1019,1,0,
113903413639600,113903411329771,113903412583970,113903413639600,288,2.880000000,plus_a1,state,0,0.035000000,2025,0.055223308,2012,0.503597302,-21,-0.107520000,32,-4.407000,39,0.035281558,2025,0.000000000,0,12.400,32,1029,1,0,
113903423632110,113903421331410,113903422551269,113903423632110,289,2.890000000,plus_a1,state,0,0.035000000,2025,0.053689328,2013,0.479616478,-20,-0.100800000,30,-11.413000,101,0.035281558,2025,0.000000000,0,12.400,32,1039,1,0,
113903433684426,113903431346908,113903432587410,113903433684426,290,2.900000000,plus_a1,state,0,0.035000000,2025,0.050621366,2015,0.407674007,-17,-0.080640000,24,-16.046000,142,0.035281558,2025,0.000000000,0,12.400,32,1049,1,1,
113903443633157,113903441327857,113903442551438,113903443633157,291,2.910000000,plus_a1,state,0,0.035000000,2025,0.047553404,2017,0.287769887,-12,-0.063840000,19,-17.402000,154,0.035281558,2025,0.000000000,0,12.300,32,1059,1,1,
113903453656262,113903451332328,113903452556413,113903453656262,292,2.920000000,plus_a1,state,0,0.035000000,2025,0.041417481,2021,0.143884944,-6,-0.036960000,11,-19.549000,173,0.035281558,2025,0.000000000,0,12.500,32,1069,0,1,
113903463724908,113903461326470,113903462579185,113903463724908,293,2.930000000,plus_a1,state,0,0.035000000,2025,0.030679616,2028,-0.023980824,1,-0.023520000,7,-14.125000,125,0.035281558,2025,0.000000000,0,12.400,32,1079,0,1,
113903473654089,113903471335611,113903472556721,113903473654089,294,2.940000000,plus_a1,state,0,0.035000000,2025,0.023009712,2033,-0.191846591,8,0.225120000,-67,-7.232000,64,0.035281558,2025,0.000000000,0,12.400,32,1089,0,1,
113903483644009,113903481334826,113903482547232,113903483644009,295,2.950000000,plus_a1,state,0,0.035000000,2025,0.018407769,2036,-0.335731535,14,0.120960000,-36,0.565000,-5,0.035281558,2025,0.000000000,0,12.400,32,1099,1,1,
113903493631472,113903491326386,113903492539773,113903493631472,296,2.960000000,plus_a1,state,0,0.035000000,2025,0.016873789,2037,-0.431654831,18,0.117600000,-35,0.678000,-6,0.035281558,2025,0.000000000,0,12.400,32,1109,1,0,
113903503632406,113903501330144,113903502542401,113903503632406,297,2.970000000,plus_a1,state,0,0.035000000,2025,0.015339808,2038,-0.479616478,20,0.114240000,-34,3.503000,-31,0.035281558,2025,0.000000000,0,12.400,32,1119,1,0,
113903513634918,113903511325178,113903512636809,113903513634918,298,2.980000000,plus_a1,state,0,0.035000000,2025,0.015339808,2038,-0.479616478,20,0.094080000,-28,8.701000,-77,0.035281558,2025,0.000000000,0,12.400,32,1129,1,0,
113903523558222,113903521328274,113903522547190,113903523558222,299,2.990000000,plus_a1,hardware_error,0,0.035000000,2025,,,,,,,,,,,,,,,,,,0
113903533627426,113903531327642,113903532536272,113903533627426,300,3.000000000,center_after_plus_a1,state,0,0.000000000,2048,0.023009712,2033,-0.311750711,13,0.063840000,-19,12.769000,-113,0.000000000,2048,0.000000000,0,12.300,32,1149,1,0,
113903543623475,113903541323544,113903542538230,113903543623475,301,3.010000000,center_after_plus_a1,state,0,0.000000000,2048,0.027611654,2030,-0.143884944,6,-0.164640000,49,3.842000,-34,0.000000000,2048,0.000000000,0,12.400,32,1159,0,0,
113903553620643,113903551328371,113903552544069,113903553620643,302,3.020000000,center_after_plus_a1,state,0,0.000000000,2048,0.030679616,2028,0.000000000,0,-0.164640000,49,-1.582000,14,0.000000000,2048,0.000000000,0,12.400,32,1169,0,0,
113903563627425,113903561330705,113903562547813,113903563627425,303,3.030000000,center_after_plus_a1,state,0,0.000000000,2048,0.030679616,2028,0.095923296,-4,-0.157920000,47,-9.831000,87,0.000000000,2048,0.000000000,0,12.400,32,1179,0,0,
113903573630474,113903571326998,113903572544024,113903573630474,304,3.040000000,center_after_plus_a1,state,0,0.000000000,2048,0.030679616,2028,0.143884944,-6,-0.157920000,47,-17.063000,151,0.000000000,2048,0.000000000,0,12.300,32,1189,0,0,
113903583629813,113903581327193,113903582543698,113903583629813,305,3.050000000,center_after_plus_a1,state,0,0.000000000,2048,0.024543693,2032,0.167865767,-7,-0.144480000,43,-19.549000,173,0.000000000,2048,0.000000000,0,12.400,32,1199,0,0,
113903593624055,113903591323591,113903592541483,113903593624055,306,3.060000000,center_after_plus_a1,state,0,0.000000000,2048,0.016873789,2037,0.095923296,-4,-0.094080000,28,-21.922000,194,0.000000000,2048,0.000000000,0,12.400,32,1209,0,1,
113903603634701,113903601330788,113903602550000,113903603634701,307,3.070000000,center_after_plus_a1,state,0,0.000000000,2048,0.004601942,2045,0.000000000,0,-0.030240000,9,-23.052000,204,0.000000000,2048,0.000000000,0,12.300,32,1219,0,1,
113903613627987,113903611324826,113903612542217,113903613627987,308,3.080000000,center_after_plus_a1,state,0,0.000000000,2048,-0.006135923,2052,-0.191846591,8,-0.036960000,11,-15.707000,139,0.000000000,2048,0.000000000,0,12.400,32,1229,0,1,
113903623623214,113903621325578,113903622538781,113903623623214,309,3.090000000,center_after_plus_a1,state,0,0.000000000,2048,-0.015339808,2058,-0.383693183,16,-0.040320000,12,-11.074000,98,0.000000000,2048,0.000000000,0,12.500,32,1239,1,1,
113903633623180,113903631322938,113903632562062,113903633623180,310,3.100000000,center_after_plus_a1,state,0,0.000000000,2048,-0.019941750,2061,-0.551558950,23,0.204960000,-61,-2.938000,26,0.000000000,2048,0.000000000,0,12.400,32,1249,1,0,
113903643620490,113903641324787,113903642537365,113903643620490,311,3.110000000,center_after_plus_a1,state,0,0.000000000,2048,-0.024543693,2064,-0.671463070,28,0.107520000,-32,1.130000,-10,0.000000000,2048,0.000000000,0,12.400,32,1259,1,0,
113903653666076,113903651334026,113903652581256,113903653666076,312,3.120000000,center_after_plus_a1,state,0,0.000000000,2048,-0.024543693,2064,-0.695443894,29,0.141120000,-42,3.729000,-33,0.000000000,2048,0.000000000,0,12.400,32,1269,1,0,
113903663708693,113903661326460,113903662570929,113903663708693,313,3.130000000,center_after_plus_a1,state,0,0.000000000,2048,-0.024543693,2064,-0.671463070,28,0.107520000,-32,11.752000,-104,0.000000000,2048,0.000000000,0,12.300,32,1279,1,0,
113903673661068,113903671328429,113903672550747,113903673661068,314,3.140000000,center_after_plus_a1,state,0,0.000000000,2048,-0.021475731,2062,-0.575539774,24,0.137760000,-41,15.255000,-135,0.000000000,2048,0.000000000,0,12.500,32,1289,1,0,
113903683639297,113903681324848,113903682549761,113903683639297,315,3.150000000,center_after_plus_a1,state,0,0.000000000,2048,-0.015339808,2058,-0.407674007,17,0.097440000,-29,18.871000,-167,0.000000000,2048,0.000000000,0,12.500,32,1299,1,1,
113903693631875,113903691324951,113903692545115,113903693631875,316,3.160000000,center_after_plus_a1,state,0,0.000000000,2048,-0.006135923,2052,-0.191846591,8,0.040320000,-12,19.775000,-175,0.000000000,2048,0.000000000,0,12.400,32,1309,0,1,
113903703628924,113903701326068,113903702543047,113903703628924,317,3.170000000,center_after_plus_a1,state,0,0.000000000,2048,0.003067962,2046,0.000000000,0,0.013440000,-4,17.628000,-156,0.000000000,2048,0.000000000,0,12.400,32,1319,0,1,
113903713640851,113903711323624,113903712548177,113903713640851,318,3.180000000,center_after_plus_a1,state,0,0.000000000,2048,0.007669904,2043,0.191846591,-8,-0.087360000,26,9.492000,-84,0.000000000,2048,0.000000000,0,12.500,32,1329,0,1,
113903723630229,113903721323755,113903722544511,113903723630229,319,3.190000000,center_after_plus_a1,state,0,0.000000000,2048,0.015339808,2038,0.359712359,-15,-0.154560000,46,2.034000,-18,0.000000000,2048,0.000000000,0,12.400,32,1339,1,1,
113903733624537,113903731325576,113903732550099,113903733624537,320,3.200000000,center_after_plus_a1,state,0,0.000000000,2048,0.018407769,2036,0.479616478,-20,-0.131040000,39,-0.452000,4,0.000000000,2048,0.000000000,0,12.400,32,1349,1,0,
113903743621554,113903741323623,113903742542049,113903743621554,321,3.210000000,center_after_plus_a1,state,0,0.000000000,2048,0.018407769,2036,0.527578126,-22,-0.097440000,29,-2.938000,26,0.000000000,2048,0.000000000,0,12.400,32,1359,1,0,
113903753638841,113903751327964,113903752540034,113903753638841,322,3.220000000,center_after_plus_a1,state,0,0.000000000,2048,0.018407769,2036,0.527578126,-22,-0.097440000,29,-9.831000,87,0.000000000,2048,0.000000000,0,12.400,32,1369,1,0,
113903763624913,113903761323500,113903762546424,113903763624913,323,3.230000000,center_after_plus_a1,state,0,0.000000000,2048,0.016873789,2037,0.455635655,-19,-0.100800000,30,-14.916000,132,0.000000000,2048,0.000000000,0,12.400,32,1379,1,1,
113903773631710,113903771327304,113903772525921,113903773631710,324,3.240000000,center_after_plus_a1,state,0,0.000000000,2048,0.012271846,2040,0.335731535,-14,-0.067200000,20,-16.724000,148,0.000000000,2048,0.000000000,0,12.500,32,1389,1,1,
113903783606111,113903781325203,113903782520338,113903783606111,325,3.250000000,center_after_plus_a1,state,0,0.000000000,2048,0.007669904,2043,0.167865767,-7,-0.033600000,10,-18.871000,167,0.000000000,2048,0.000000000,0,12.400,32,1399,0,1,
113903793631822,113903791324300,113903792542711,113903793631822,326,3.260000000,center_after_plus_a1,state,0,0.000000000,2048,-0.001533981,2049,0.023980824,-1,-0.003360000,1,-18.984000,168,0.000000000,2048,0.000000000,0,12.400,32,1409,0,1,
113903803629995,113903801323640,113903802540766,113903803629995,327,3.270000000,center_after_plus_a1,state,0,0.000000000,2048,-0.010737866,2055,-0.143884944,6,0.221760000,-66,-9.492000,84,0.000000000,2048,0.000000000,0,12.500,32,1419,0,1,
113903813630773,113903811324018,113903812687882,113903813630773,328,3.280000000,center_after_plus_a1,state,0,0.000000000,2048,-0.015339808,2058,-0.287769887,12,-0.050400000,15,-5.198000,46,0.000000000,2048,0.000000000,0,12.500,32,1429,1,1,
113903823629497,113903821327668,113903822527382,113903823629497,329,3.290000000,center_after_plus_a1,state,0,0.000000000,2048,-0.019941750,2061,-0.407674007,17,0.181440000,-54,-0.113000,1,0.000000000,2048,0.000000000,0,12.500,32,1439,1,0,
113903833622760,113903831325637,113903832520694,113903833622760,330,3.300000000,center_after_plus_a1,state,0,0.000000000,2048,-0.019941750,2061,-0.479616478,20,0.117600000,-35,3.277000,-29,0.000000000,2048,0.000000000,0,12.500,32,1449,1,0,
113903843622454,113903841323653,113903842516028,113903843622454,331,3.310000000,center_after_plus_a1,state,0,0.000000000,2048,-0.019941750,2061,-0.479616478,20,0.114240000,-34,8.136000,-72,0.000000000,2048,0.000000000,0,12.500,32,1459,1,0,
113903853625238,113903851328316,113903852521640,113903853625238,332,3.320000000,center_after_plus_a1,state,0,0.000000000,2048,-0.019941750,2061,-0.431654831,18,0.117600000,-35,16.498000,-146,0.000000000,2048,0.000000000,0,12.400,32,1469,1,0,
113903863631851,113903861323194,113903862528964,113903863631851,333,3.330000000,center_after_plus_a1,state,0,0.000000000,2048,-0.012271846,2056,-0.335731535,14,0.127680000,-38,16.272000,-144,0.000000000,2048,0.000000000,0,12.400,32,1479,1,1,
113903873627273,113903871324314,113903872524546,113903873627273,334,3.340000000,center_after_plus_a1,state,0,0.000000000,2048,-0.006135923,2052,-0.191846591,8,0.036960000,-11,17.741000,-157,0.000000000,2048,0.000000000,0,12.400,32,1489,0,1,
113903883623481,113903881326378,113903882522989,113903883623481,335,3.350000000,center_after_plus_a1,state,0,0.000000000,2048,0.001533981,2047,0.000000000,0,0.003360000,-1,17.289000,-153,0.000000000,2048,0.000000000,0,12.400,32,1499,0,1,
113903893626366,113903891324028,113903892519054,113903893626366,336,3.360000000,center_after_plus_a1,state,0,0.000000000,2048,0.010737866,2041,0.167865767,-7,0.033600000,-10,10.396000,-92,0.000000000,2048,0.000000000,0,12.400,32,1509,0,1,
113903903603666,113903901329283,113903902518663,113903903603666,337,3.370000000,center_after_plus_a1,state,0,0.000000000,2048,0.012271846,2040,0.311750711,-13,-0.073920000,22,0.226000,-2,0.000000000,2048,0.000000000,0,12.400,32,1519,1,1,
113903913607168,113903911325556,113903912521181,113903913607168,338,3.380000000,center_after_plus_a1,state,0,0.000000000,2048,0.015339808,2038,0.407674007,-17,-0.141120000,42,0.113000,-1,0.000000000,2048,0.000000000,0,12.400,32,1529,1,1,
113903923624094,113903921324572,113903922518463,113903923624094,339,3.390000000,center_after_plus_a1,state,0,0.000000000,2048,0.015339808,2038,0.455635655,-19,-0.077280000,23,-3.503000,31,0.000000000,2048,0.000000000,0,12.400,32,1539,1,1,
113903933624613,113903931325416,113903932538140,113903933624613,340,3.400000000,center_after_plus_a1,state,0,0.000000000,2048,0.015339808,2038,0.455635655,-19,-0.073920000,22,-8.927000,79,0.000000000,2048,0.000000000,0,12.400,32,1549,1,1,
113903943622755,113903941325225,113903942515308,113903943622755,341,3.410000000,center_after_plus_a1,state,0,0.000000000,2048,0.013805827,2039,0.383693183,-16,-0.073920000,22,-14.351000,127,0.000000000,2048,0.000000000,0,12.400,32,1559,1,1,
113903953622689,113903951327256,113903952521306,113903953622689,342,3.420000000,center_after_plus_a1,state,0,0.000000000,2048,0.009203885,2042,0.287769887,-12,-0.057120000,17,-16.272000,144,0.000000000,2048,0.000000000,0,12.400,32,1569,1,1,
113903963617784,113903961323708,113903962542217,113903963617784,343,3.430000000,center_after_plus_a1,state,0,0.000000000,2048,0.004601942,2045,0.119904120,-5,-0.023520000,7,-17.628000,156,0.000000000,2048,0.000000000,0,12.400,32,1579,0,1,
113903973631534,113903971328145,113903972525995,113903973631534,344,3.440000000,center_after_plus_a1,state,0,0.000000000,2048,-0.003067962,2050,0.000000000,0,-0.016800000,5,-15.029000,133,0.000000000,2048,0.000000000,0,12.400,32,1589,0,1,
113903983619458,113903981326198,113903982550552,113903983619458,345,3.450000000,center_after_plus_a1,state,0,0.000000000,2048,-0.010737866,2055,-0.143884944,6,-0.043680000,13,0.000000,0,0.000000000,2048,0.000000000,0,12.400,32,1599,0,1,
113903993673464,113903991327989,113903992549053,113903993673464,346,3.460000000,center_after_plus_a1,state,0,0.000000000,2048,-0.015339808,2058,-0.287769887,12,0.144480000,-43,0.339000,-3,0.000000000,2048,0.000000000,0,12.400,32,1609,1,1,
113904003632178,113904001329248,113904002531105,113904003632178,347,3.470000000,center_after_plus_a1,state,0,0.000000000,2048,-0.018407769,2060,-0.383693183,16,0.134400000,-40,0.113000,-1,0.000000000,2048,0.000000000,0,12.400,32,1619,1,0,
113904013603473,113904011326900,113904012519357,113904013603473,348,3.480000000,center_after_plus_a1,state,0,0.000000000,2048,-0.018407769,2060,-0.431654831,18,0.117600000,-35,3.503000,-31,0.000000000,2048,0.000000000,0,12.400,32,1629,1,0,
113904023633161,113904021331460,113904022519984,113904023633161,349,3.490000000,center_after_plus_a1,state,0,0.000000000,2048,-0.018407769,2060,-0.431654831,18,0.110880000,-33,8.249000,-73,0.000000000,2048,0.000000000,0,12.400,32,1639,1,0,
113904033653888,113904031326336,113904032533910,113904033653888,350,3.500000000,center_after_plus_a1,state,0,0.000000000,2048,-0.018407769,2060,-0.407674007,17,0.090720000,-27,17.063000,-151,0.000000000,2048,0.000000000,0,12.400,32,1649,1,0,
113904043600718,113904041326066,113904042522048,113904043600718,351,3.510000000,center_after_plus_a1,state,0,0.000000000,2048,-0.010737866,2055,-0.287769887,12,0.060480000,-18,16.837000,-149,0.000000000,2048,0.000000000,0,12.400,32,1659,1,1,
113904053631267,113904051327829,113904052521042,113904053631267,352,3.520000000,center_after_plus_a1,state,0,0.000000000,2048,-0.003067962,2050,-0.143884944,6,0.013440000,-4,16.950000,-150,0.000000000,2048,0.000000000,0,12.300,32,1669,0,1,
113904063638591,113904061325055,113904062525970,113904063638591,353,3.530000000,center_after_plus_a1,state,0,0.000000000,2048,0.004601942,2045,0.023980824,-1,0.040320000,-12,9.040000,-80,0.000000000,2048,0.000000000,0,12.500,32,1679,0,1,
113904073628056,113904071325610,113904072519717,113904073628056,354,3.540000000,center_after_plus_a1,state,0,0.000000000,2048,0.010737866,2041,0.191846591,-8,0.040320000,-12,7.345000,-65,0.000000000,2048,0.000000000,0,12.500,32,1689,0,1,
113904083639082,113904081327137,113904082522456,113904083639082,355,3.550000000,center_after_plus_a1,state,0,0.000000000,2048,0.012271846,2040,0.311750711,-13,-0.097440000,29,-0.339000,3,0.000000000,2048,0.000000000,0,12.500,32,1699,1,1,
113904093603045,113904091325850,113904092520184,113904093603045,356,3.560000000,center_after_plus_a1,state,0,0.000000000,2048,0.013805827,2039,0.407674007,-17,-0.073920000,22,-0.452000,4,0.000000000,2048,0.000000000,0,12.500,32,1709,1,1,
113904103607516,113904101324951,113904102521787,113904103607516,357,3.570000000,center_after_plus_a1,state,0,0.000000000,2048,0.013805827,2039,0.431654831,-18,-0.080640000,24,-5.198000,46,0.000000000,2048,0.000000000,0,12.500,32,1719,1,1,
113904113627711,113904111324642,113904112535703,113904113627711,358,3.580000000,center_after_plus_a1,state,0,0.000000000,2048,0.012271846,2040,0.407674007,-17,-0.060480000,18,-10.961000,97,0.000000000,2048,0.000000000,0,12.400,32,1729,1,1,
113904123664308,113904121324853,113904122523107,113904123664308,359,3.590000000,center_after_plus_a1,state,0,0.000000000,2048,0.010737866,2041,0.335731535,-14,-0.060480000,18,-14.577000,129,0.000000000,2048,0.000000000,0,12.500,32,1739,1,1,
113904133689201,113904131326839,113904132596907,113904133689201,360,3.600000000,center_after_plus_a1,state,0,0.000000000,2048,0.004601942,2045,0.191846591,-8,-0.016800000,5,-16.046000,142,0.000000000,2048,0.000000000,0,12.400,32,1749,0,1,
113904143671131,113904141324585,113904142585400,113904143671131,361,3.610000000,center_after_plus_a1,state,0,0.000000000,2048,0.001533981,2047,0.047961648,-2,-0.003360000,1,-17.402000,154,0.000000000,2048,0.000000000,0,12.400,32,1759,0,1,
113904153679637,113904151327182,113904152620545,113904153679637,362,3.620000000,center_after_plus_a1,state,0,0.000000000,2048,-0.007669904,2053,-0.047961648,2,0.023520000,-7,-9.040000,80,0.000000000,2048,0.000000000,0,12.400,32,1769,0,1,
113904163594614,113904161324975,113904162592928,113904163594614,363,3.630000000,center_after_plus_a1,state,0,0.000000000,2048,-0.013805827,2057,-0.191846591,8,0.198240000,-59,-3.277000,29,0.000000000,2048,0.000000000,0,12.400,32,1779,0,1,
113904173588942,113904171326651,113904172527464,113904173588942,364,3.640000000,center_after_plus_a1,state,0,0.000000000,2048,-0.016873789,2059,-0.287769887,12,0.154560000,-46,0.113000,-1,0.000000000,2048,0.000000000,0,12.400,32,1789,1,1,
113904183600712,113904181326326,113904182518818,113904183600712,365,3.650000000,center_after_plus_a1,state,0,0.000000000,2048,-0.016873789,2059,-0.359712359,15,0.097440000,-29,3.051000,-27,0.000000000,2048,0.000000000,0,12.400,32,1799,1,1,
113904193601100,113904191326240,113904192542425,113904193601100,366,3.660000000,center_after_plus_a1,state,0,0.000000000,2048,-0.016873789,2059,-0.383693183,16,0.094080000,-28,6.102000,-54,0.000000000,2048,0.000000000,0,12.400,32,1809,1,1,
113904203602084,113904201324108,113904202500546,113904203602084,367,3.670000000,center_after_plus_a1,state,0,0.000000000,2048,-0.016873789,2059,-0.359712359,15,0.063840000,-19,12.882000,-114,0.000000000,2048,0.000000000,0,12.400,32,1819,1,1,
113904213583479,113904211323448,113904212506305,113904213583479,368,3.680000000,center_after_plus_a1,state,0,0.000000000,2048,-0.012271846,2056,-0.311750711,13,0.057120000,-17,14.125000,-125,0.000000000,2048,0.000000000,0,12.500,32,1829,1,1,
113904223609358,113904221323679,113904222499116,113904223609358,369,3.690000000,center_after_plus_a1,state,0,0.000000000,2048,-0.006135923,2052,-0.191846591,8,0.036960000,-11,16.724000,-148,0.000000000,2048,0.000000000,0,12.500,32,1839,0,1,
113904233664228,113904231325603,113904232589837,113904233664228,370,3.700000000,center_after_plus_a1,state,0,0.000000000,2048,0.001533981,2047,-0.023980824,1,0.013440000,-4,15.933000,-141,0.000000000,2048,0.000000000,0,12.500,32,1849,0,1,
113904243646147,113904241324143,113904242566638,113904243646147,371,3.710000000,center_after_plus_a1,state,0,0.000000000,2048,0.009203885,2042,0.119904120,-5,-0.161280000,48,9.153000,-81,0.000000000,2048,0.000000000,0,12.200,32,1859,0,1,
113904253653964,113904251326799,113904252564293,113904253653964,372,3.720000000,center_after_plus_a1,state,0,0.000000000,2048,0.012271846,2040,0.263789063,-11,-0.137760000,41,0.000000,0,0.000000000,2048,0.000000000,0,12.400,32,1869,1,1,
113904263660849,113904261323818,113904262556252,113904263660849,373,3.730000000,center_after_plus_a1,state,0,0.000000000,2048,0.012271846,2040,0.335731535,-14,-0.084000000,25,0.000000,0,0.000000000,2048,0.000000000,0,12.400,32,1879,1,1,
113904273595784,113904271324291,113904272525484,113904273595784,374,3.740000000,center_after_plus_a1,state,0,0.000000000,2048,0.013805827,2039,0.383693183,-16,-0.063840000,19,-3.390000,30,0.000000000,2048,0.000000000,0,12.400,32,1889,1,1,
113904283577516,113904281323134,113904282495885,113904283577516,375,3.750000000,center_after_plus_a1,state,0,0.000000000,2048,0.013805827,2039,0.383693183,-16,-0.060480000,18,-9.153000,81,0.000000000,2048,0.000000000,0,12.400,32,1899,1,1,
113904293581072,113904291323904,113904292494859,113904293581072,376,3.760000000,center_after_plus_a1,state,0,0.000000000,2048,0.012271846,2040,0.335731535,-14,-0.060480000,18,-13.786000,122,0.000000000,2048,0.000000000,0,12.400,32,1909,1,1,
113904303582089,113904301325722,113904302499758,113904303582089,377,3.770000000,center_after_plus_a1,state,0,0.000000000,2048,0.007669904,2043,0.239808239,-10,-0.047040000,14,-14.916000,132,0.000000000,2048,0.000000000,0,12.200,32,1919,0,1,
113904313590198,113904311322159,113904312526042,113904313590198,378,3.780000000,center_after_plus_a1,state,0,0.000000000,2048,0.001533981,2047,0.095923296,-4,-0.006720000,2,-16.837000,149,0.000000000,2048,0.000000000,0,12.500,32,1929,0,1,
113904323584433,113904321323201,113904322517561,113904323584433,379,3.790000000,center_after_plus_a1,state,0,0.000000000,2048,-0.003067962,2050,0.000000000,0,-0.030240000,9,-11.978000,106,0.000000000,2048,0.000000000,0,12.500,32,1939,0,1,
113904333577130,113904331323941,113904332501864,113904333577130,380,3.800000000,center_after_plus_a1,state,0,0.000000000,2048,-0.010737866,2055,-0.143884944,6,0.154560000,-46,-6.780000,60,0.000000000,2048,0.000000000,0,12.400,32,1949,0,1,
113904343584529,113904341328178,113904342502156,113904343584529,381,3.810000000,center_after_plus_a1,state,0,0.000000000,2048,-0.015339808,2058,-0.263789063,11,0.100800000,-30,0.452000,-4,0.000000000,2048,0.000000000,0,12.400,32,1959,1,1,
113904353618733,113904351339084,113904352606916,113904353618733,382,3.820000000,center_after_plus_a1,state,0,0.000000000,2048,-0.016873789,2059,-0.335731535,14,0.090720000,-27,1.921000,-17,0.000000000,2048,0.000000000,0,12.400,32,1969,1,1,
113904363657123,113904361330067,113904362508170,113904363657123,383,3.830000000,center_after_plus_a1,state,0,0.000000000,2048,-0.016873789,2059,-0.383693183,16,0.100800000,-30,3.616000,-32,0.000000000,2048,0.000000000,0,12.400,32,1979,1,1,
113904373589375,113904371324442,113904372508062,113904373589375,384,3.840000000,center_after_plus_a1,state,0,0.000000000,2048,-0.016873789,2059,-0.383693183,16,0.090720000,-27,9.492000,-84,0.000000000,2048,0.000000000,0,12.500,32,1989,1,1,
113904383582497,113904381326434,113904382497562,113904383582497,385,3.850000000,center_after_plus_a1,state,0,0.000000000,2048,-0.015339808,2058,-0.335731535,14,0.084000000,-25,16.611000,-147,0.000000000,2048,0.000000000,0,12.500,32,1999,1,1,
113904393591906,113904391324567,113904392503911,113904393591906,386,3.860000000,center_after_plus_a1,state,0,0.000000000,2048,-0.009203885,2054,-0.239808239,10,0.036960000,-11,16.724000,-148,0.000000000,2048,0.000000000,0,12.400,32,2009,0,1,
113904403578155,113904401323352,113904402498874,113904403578155,387,3.870000000,center_after_plus_a1,state,0,0.000000000,2048,-0.001533981,2049,-0.095923296,4,0.010080000,-3,17.402000,-154,0.000000000,2048,0.000000000,0,12.200,32,2019,0,1,
113904413584325,113904411324849,113904412497990,113904413584325,388,3.880000000,center_after_plus_a1,state,0,0.000000000,2048,0.006135923,2044,0.047961648,-2,-0.077280000,23,13.334000,-118,0.000000000,2048,0.000000000,0,12.500,32,2029,0,1,
113904423579154,113904421324424,113904422501465,113904423579154,389,3.890000000,center_after_plus_a1,state,0,0.000000000,2048,0.012271846,2040,0.215827415,-9,-0.047040000,14,2.034000,-18,0.000000000,2048,0.000000000,0,12.500,32,2039,0,1,
113904433597315,113904431325256,113904432528031,113904433597315,390,3.900000000,center_after_plus_a1,state,0,0.000000000,2048,0.012271846,2040,0.311750711,-13,-0.050400000,15,0.226000,-2,0.000000000,2048,0.000000000,0,12.400,32,2049,1,1,
113904443580889,113904441323487,113904442494676,113904443580889,391,3.910000000,center_after_plus_a1,state,0,0.000000000,2048,0.013805827,2039,0.383693183,-16,-0.073920000,22,-1.808000,16,0.000000000,2048,0.000000000,0,12.400,32,2059,1,1,
113904453587735,113904451326994,113904452500015,113904453587735,392,3.920000000,center_after_plus_a1,state,0,0.000000000,2048,0.012271846,2040,0.383693183,-16,-0.043680000,13,-6.780000,60,0.000000000,2048,0.000000000,0,12.400,32,2069,1,1,
113904463588341,113904461323849,113904462503587,113904463588341,393,3.930000000,center_after_plus_a1,state,0,0.000000000,2048,0.012271846,2040,0.359712359,-15,-0.070560000,21,-11.865000,105,0.000000000,2048,0.000000000,0,12.200,32,2079,1,1,
113904473593895,113904471323929,113904472524583,113904473593895,394,3.940000000,center_after_plus_a1,state,0,0.000000000,2048,0.009203885,2042,0.287769887,-12,-0.053760000,16,-14.577000,129,0.000000000,2048,0.000000000,0,12.500,32,2089,1,1,
113904483577897,113904481323950,113904482495327,113904483577897,395,3.950000000,center_after_plus_a1,state,0,0.000000000,2048,0.003067962,2046,0.143884944,-6,-0.020160000,6,-16.046000,142,0.000000000,2048,0.000000000,0,12.400,32,2099,0,1,
113904493581525,113904491324523,113904492498934,113904493581525,396,3.960000000,center_after_plus_a1,state,0,0.000000000,2048,0.000000000,2048,0.000000000,0,-0.010080000,3,-14.916000,132,0.000000000,2048,0.000000000,0,12.300,32,2109,0,1,
113904503579958,113904501325353,113904502498628,113904503579958,397,3.970000000,center_after_plus_a1,state,0,0.000000000,2048,-0.009203885,2054,-0.095923296,4,-0.040320000,12,-7.232000,64,0.000000000,2048,0.000000000,0,12.400,32,2119,0,1,
113904513590607,113904511323940,113904512535177,113904513590607,398,3.980000000,center_after_plus_a1,state,0,0.000000000,2048,-0.013805827,2057,-0.215827415,9,0.006720000,-2,-1.921000,17,0.000000000,2048,0.000000000,0,12.400,32,2129,0,1,
113904523516323,113904521324033,113904522501405,113904523516323,399,3.990000000,center_after_plus_a1,hardware_error,0,0.000000000,2048,,,,,,,,,,,,,,,,,,0
113904533592209,113904531326169,113904532494588,113904533592209,400,4.000000000,center_after_plus_a1,state,0,0.000000000,2048,-0.015339808,2058,-0.359712359,15,0.090720000,-27,3.277000,-29,0.000000000,2048,0.000000000,0,12.400,32,2149,1,1,
113904543577368,113904541325421,113904542500698,113904543577368,401,4.010000000,center_after_plus_a1,state,0,0.000000000,2048,-0.015339808,2058,-0.359712359,15,0.090720000,-27,6.215000,-55,0.000000000,2048,0.000000000,0,12.400,32,2159,1,1,
113904553581256,113904551327446,113904552522820,113904553581256,402,4.020000000,center_after_plus_a1,state,0,0.000000000,2048,-0.015339808,2058,-0.311750711,13,0.070560000,-21,10.509000,-93,0.000000000,2048,0.000000000,0,12.400,32,2169,1,1,
113904563631074,113904561324645,113904562498856,113904563631074,403,4.030000000,center_after_plus_a1,state,0,0.000000000,2048,-0.010737866,2055,-0.263789063,11,0.120960000,-36,13.221000,-117,0.000000000,2048,0.000000000,0,12.200,32,2179,1,1,
113904573577434,113904571326855,113904572501478,113904573577434,404,4.040000000,center_after_plus_a1,state,0,0.000000000,2048,-0.004601942,2051,-0.143884944,6,0.030240000,-9,16.272000,-144,0.000000000,2048,0.000000000,0,12.500,32,2189,0,1,
113904583574663,113904581331360,113904582501168,113904583574663,405,4.050000000,center_after_plus_a1,state,0,0.000000000,2048,0.003067962,2046,0.000000000,0,0.013440000,-4,13.447000,-119,0.000000000,2048,0.000000000,0,12.400,32,2199,0,1,
113904593587601,113904591324659,113904592523305,113904593587601,406,4.060000000,center_after_plus_a1,state,0,0.000000000,2048,0.009203885,2042,0.143884944,-6,-0.094080000,28,6.893000,-61,0.000000000,2048,0.000000000,0,12.200,32,2209,0,1,
113904603555205,113904601324588,113904602477418,113904603555205,407,4.070000000,center_after_plus_a1,state,0,0.000000000,2048,0.012271846,2040,0.263789063,-11,-0.080640000,24,-0.678000,6,0.000000000,2048,0.000000000,0,12.400,32,2219,1,1,
113904613563437,113904611323435,113904612485209,113904613563437,408,4.080000000,center_after_plus_a1,state,0,0.000000000,2048,0.013805827,2039,0.335731535,-14,-0.073920000,22,0.000000,0,0.000000000,2048,0.000000000,0,12.400,32,2229,1,1,
113904623577653,113904621323281,113904622491598,113904623577653,409,4.090000000,center_after_plus_a1,state,0,0.000000000,2048,0.012271846,2040,0.359712359,-15,-0.063840000,19,-3.616000,32,0.000000000,2048,0.000000000,0,12.400,32,2239,1,1,
113904633814200,113904631404241,113904632561108,113904633814200,410,4.100000000,center_after_plus_a1,state,0,0.000000000,2048,0.012271846,2040,0.359712359,-15,-0.057120000,17,-8.136000,72,0.000000000,2048,0.000000000,0,12.400,32,2249,1,1,
113904643658142,113904641409918,113904642578269,113904643658142,411,4.110000000,center_after_plus_a1,state,0,0.000000000,2048,0.012271846,2040,0.311750711,-13,-0.060480000,18,-13.560000,120,0.000000000,2048,0.000000000,0,12.400,32,2259,1,1,
113904653662809,113904651403783,113904652569519,113904653662809,412,4.120000000,center_after_plus_a1,state,0,0.000000000,2048,0.006135923,2044,0.215827415,-9,-0.036960000,11,-14.690000,130,0.000000000,2048,0.000000000,0,12.300,32,2269,0,1,
113904663672109,113904661407631,113904662677280,113904663672109,413,4.130000000,center_after_plus_a1,state,0,0.000000000,2048,0.000000000,2048,0.071942472,-3,-0.003360000,1,-16.385000,145,0.000000000,2048,0.000000000,0,12.300,32,2279,0,1,
113904673656041,113904671348328,113904672551470,113904673656041,414,4.140000000,center_after_plus_a1,state,0,0.000000000,2048,-0.004601942,2051,-0.047961648,2,-0.053760000,16,-2.712000,24,0.000000000,2048,0.000000000,0,12.500,32,2289,0,1,
113904683571075,113904681326503,113904682484635,113904683571075,415,4.150000000,center_after_plus_a1,state,0,0.000000000,2048,-0.010737866,2055,-0.167865767,7,0.147840000,-44,-2.034000,18,0.000000000,2048,0.000000000,0,12.500,32,2299,0,1,
113904693566285,113904691324363,113904692492032,113904693566285,416,4.160000000,center_after_plus_a1,state,0,0.000000000,2048,-0.013805827,2057,-0.263789063,11,0.104160000,-31,0.113000,-1,0.000000000,2048,0.000000000,0,12.500,32,2309,1,1,
113904703586681,113904701402234,113904702554298,113904703586681,417,4.170000000,center_after_plus_a1,state,0,0.000000000,2048,-0.015339808,2058,-0.335731535,14,0.080640000,-24,1.695000,-15,0.000000000,2048,0.000000000,0,12.500,32,2319,1,1,
113904713598920,113904711399965,113904712489740,113904713598920,418,4.180000000,center_after_plus_a1,state,0,0.000000000,2048,-0.015339808,2058,-0.359712359,15,0.087360000,-26,3.503000,-31,0.000000000,2048,0.000000000,0,12.500,32,2329,1,1,
113904723590538,113904721355653,113904722495707,113904723590538,419,4.190000000,center_after_plus_a1,state,0,0.000000000,2048,-0.015339808,2058,-0.335731535,14,0.067200000,-20,8.023000,-71,0.000000000,2048,0.000000000,0,12.300,32,2339,1,1,
113904733592772,113904731341511,113904732490847,113904733592772,420,4.200000000,center_after_plus_a1,state,0,0.000000000,2048,-0.012271846,2056,-0.287769887,12,0.087360000,-26,16.272000,-144,0.000000000,2048,0.000000000,0,12.400,32,2349,1,1,
113904743565129,113904741329054,113904742486023,113904743565129,421,4.210000000,center_after_plus_a1,state,0,0.000000000,2048,-0.007669904,2053,-0.191846591,8,0.047040000,-14,15.820000,-140,0.000000000,2048,0.000000000,0,12.400,32,2359,0,1,
113904753569553,113904751328217,113904752479605,113904753569553,422,4.220000000,center_after_plus_a1,state,0,0.000000000,2048,0.000000000,2048,-0.071942472,3,0.006720000,-2,16.611000,-147,0.000000000,2048,0.000000000,0,12.300,32,2369,0,1,
113904763559870,113904761323874,113904762474936,113904763559870,423,4.230000000,center_after_plus_a1,state,0,0.000000000,2048,0.006135923,2044,0.047961648,-2,0.030240000,-9,11.865000,-105,0.000000000,2048,0.000000000,0,12.500,32,2379,0,1,
113904773563163,113904771323718,113904772480923,113904773563163,424,4.240000000,center_after_plus_a1,state,0,0.000000000,2048,0.012271846,2040,0.191846591,-8,-0.067200000,20,0.791000,-7,0.000000000,2048,0.000000000,0,12.500,32,2389,0,1,
113904783564525,113904781325780,113904782473409,113904783564525,425,4.250000000,center_after_plus_a1,state,0,0.000000000,2048,0.013805827,2039,0.311750711,-13,-0.026880000,8,0.000000,0,0.000000000,2048,0.000000000,0,12.500,32,2399,1,1,
113904793562147,113904791324799,113904792474579,113904793562147,426,4.260000000,center_after_plus_a1,state,0,0.000000000,2048,0.013805827,2039,0.359712359,-15,-0.073920000,22,-1.808000,16,0.000000000,2048,0.000000000,0,12.500,32,2409,1,1,
113904803561771,113904801327240,113904802479121,113904803561771,427,4.270000000,center_after_plus_a1,state,0,0.000000000,2048,0.013805827,2039,0.383693183,-16,-0.067200000,20,-7.232000,64,0.000000000,2048,0.000000000,0,12.400,32,2419,1,1,
113904813557061,113904811331302,113904812482134,113904813557061,428,4.280000000,center_after_plus_a1,state,0,0.000000000,2048,0.012271846,2040,0.359712359,-15,-0.067200000,20,-11.978000,106,0.000000000,2048,0.000000000,0,12.400,32,2429,1,1,
113904823586548,113904821336366,113904822481765,113904823586548,429,4.290000000,center_after_plus_a1,state,0,0.000000000,2048,0.007669904,2043,0.263789063,-11,-0.043680000,13,-14.690000,130,0.000000000,2048,0.000000000,0,12.300,32,2439,1,1,
113904833656029,113904831335824,113904832570866,113904833656029,430,4.300000000,center_after_plus_a1,state,0,0.000000000,2048,0.001533981,2047,0.143884944,-6,-0.013440000,4,-16.272000,144,0.000000000,2048,0.000000000,0,12.500,32,2449,0,1,
113904843577761,113904841337675,113904842475547,113904843577761,431,4.310000000,center_after_plus_a1,state,0,0.000000000,2048,-0.001533981,2049,0.000000000,0,-0.020160000,6,-11.526000,102,0.000000000,2048,0.000000000,0,12.400,32,2459,0,1,
113904853568364,113904851332836,113904852481903,113904853568364,432,4.320000000,center_after_plus_a1,state,0,0.000000000,2048,-0.009203885,2054,-0.119904120,5,0.171360000,-51,-1.921000,17,0.000000000,2048,0.000000000,0,12.400,32,2469,0,1,
113904863571784,113904861336084,113904862480182,113904863571784,433,4.330000000,center_after_plus_a1,state,0,0.000000000,2048,-0.012271846,2056,-0.239808239,10,0.201600000,-60,-1.017000,9,0.000000000,2048,0.000000000,0,12.400,32,2479,0,1,
113904873614191,113904871331302,113904872483928,113904873614191,434,4.340000000,center_after_plus_a1,state,0,0.000000000,2048,-0.013805827,2057,-0.311750711,13,0.087360000,-26,1.017000,-9,0.000000000,2048,0.000000000,0,12.400,32,2489,1,1,
113904883569631,113904881336281,113904882481636,113904883569631,435,4.350000000,center_after_plus_a1,state,0,0.000000000,2048,-0.013805827,2057,-0.359712359,15,0.080640000,-24,3.390000,-30,0.000000000,2048,0.000000000,0,12.400,32,2499,1,1,
113904893567461,113904891330274,113904892482843,113904893567461,436,4.360000000,center_after_plus_a1,state,0,0.000000000,2048,-0.013805827,2057,-0.335731535,14,0.073920000,-22,6.328000,-56,0.000000000,2048,0.000000000,0,12.400,32,2509,1,1,
113904903561296,113904901327477,113904902480170,113904903561296,437,4.370000000,center_after_plus_a1,state,0,0.000000000,2048,-0.013805827,2057,-0.287769887,12,0.084000000,-25,7.797000,-69,0.000000000,2048,0.000000000,0,12.400,32,2519,1,1,
113904913619119,113904911326169,113904912542298,113904913619119,438,4.380000000,center_after_plus_a1,state,0,0.000000000,2048,-0.010737866,2055,-0.239808239,10,0.067200000,-20,6.893000,-61,0.000000000,2048,0.000000000,0,12.400,32,2529,0,1,
113904923625820,113904921323992,113904922549891,113904923625820,439,4.390000000,center_after_plus_a1,state,0,0.000000000,2048,-0.007669904,2053,-0.119904120,5,0.053760000,-16,4.746000,-42,0.000000000,2048,0.000000000,0,12.400,32,2539,0,1,
113904933636480,113904931322733,113904932541270,113904933636480,440,4.400000000,center_after_plus_a1,state,0,0.000000000,2048,-0.004601942,2051,-0.023980824,1,0.030240000,-9,4.859000,-43,0.000000000,2048,0.000000000,0,12.400,32,2549,0,1,
113904943633053,113904941324378,113904942541735,113904943633053,441,4.410000000,center_after_plus_a1,state,0,0.000000000,2048,-0.003067962,2050,0.047961648,-2,0.020160000,-6,4.859000,-43,0.000000000,2048,0.000000000,0,12.400,32,2559,0,1,
113904953687370,113904951334466,113904952551621,113904953687370,442,4.420000000,center_after_plus_a1,state,0,0.000000000,2048,0.000000000,2048,0.095923296,-4,0.003360000,-1,4.633000,-41,0.000000000,2048,0.000000000,0,12.400,32,2569,0,1,
113904963585355,113904961332580,113904962486354,113904963585355,443,4.430000000,center_after_plus_a1,state,0,0.000000000,2048,0.001533981,2047,0.143884944,-6,-0.003360000,1,0.113000,-1,0.000000000,2048,0.000000000,0,12.400,32,2579,0,1,
113904973576491,113904971331180,113904972480805,113904973576491,444,4.440000000,center_after_plus_a1,state,0,0.000000000,2048,0.001533981,2047,0.191846591,-8,-0.010080000,3,0.000000,0,0.000000000,2048,0.000000000,0,12.400,32,2589,0,1,
113904983569787,113904981333797,113904982479180,113904983569787,445,4.450000000,center_after_plus_a1,state,0,0.000000000,2048,0.001533981,2047,0.191846591,-8,-0.006720000,2,-1.243000,11,0.000000000,2048,0.000000000,0,12.400,32,2599,0,1,
113904993660311,113904991330698,113904992488053,113904993660311,446,4.460000000,center_after_plus_a1,state,0,0.000000000,2048,0.001533981,2047,0.167865767,-7,-0.003360000,1,-1.017000,9,0.000000000,2048,0.000000000,0,12.400,32,2609,0,1,
113905003638034,113905001332500,113905002549178,113905003638034,447,4.470000000,center_after_plus_a1,state,0,0.000000000,2048,0.001533981,2047,0.119904120,-5,-0.010080000,3,-1.243000,11,0.000000000,2048,0.000000000,0,12.400,32,2619,0,1,
113905013564021,113905011331523,113905012551803,113905013564021,448,4.480000000,center_after_plus_a1,state,0,0.000000000,2048,0.001533981,2047,0.095923296,-4,-0.010080000,3,-1.017000,9,0.000000000,2048,0.000000000,0,12.400,32,2629,0,1,
113905023568844,113905021329651,113905022478011,113905023568844,449,4.490000000,center_after_plus_a1,state,0,0.000000000,2048,0.001533981,2047,0.071942472,-3,-0.006720000,2,-1.130000,10,0.000000000,2048,0.000000000,0,12.400,32,2639,0,1,
113905033601777,113905031333662,113905032479047,113905033601777,450,4.500000000,minus_a1,state,0,-0.035000000,2071,0.001533981,2047,0.023980824,-1,-0.063840000,19,-4.859000,43,-0.035281558,2071,0.000000000,0,12.400,32,2649,0,0,
113905043546715,113905041337729,113905042490299,113905043546715,451,4.510000000,minus_a1,state,0,-0.035000000,2071,0.001533981,2047,0.000000000,0,-0.194880000,58,-15.933000,141,-0.035281558,2071,0.000000000,0,12.400,32,2659,0,0,
113905053552617,113905051333302,113905052461145,113905053552617,452,4.520000000,minus_a1,state,0,-0.035000000,2071,-0.003067962,2050,0.000000000,0,-0.184800000,55,-20.114000,178,-0.035281558,2071,0.000000000,0,12.400,32,2669,0,0,
113905063553167,113905061336824,113905062464117,113905063553167,453,4.530000000,minus_a1,state,0,-0.035000000,2071,-0.010737866,2055,-0.047961648,2,-0.144480000,43,-22.713000,201,-0.035281558,2071,0.000000000,0,12.500,32,2679,0,0,
113905073613544,113905071330305,113905072466419,113905073613544,454,4.540000000,minus_a1,state,0,-0.035000000,2071,-0.021475731,2062,-0.143884944,6,-0.090720000,27,-25.086000,222,-0.035281558,2071,0.000000000,0,12.400,32,2689,0,1,
113905083553318,113905081335507,113905082461436,113905083553318,455,4.550000000,minus_a1,state,0,-0.035000000,2071,-0.033747577,2070,-0.263789063,11,-0.020160000,6,-25.877000,229,-0.035281558,2071,0.000000000,0,12.300,32,2699,1,1,
113905093553737,113905091330338,113905092449920,113905093553737,456,4.560000000,minus_a1,state,0,-0.035000000,2071,-0.044485443,2077,-0.431654831,18,0.033600000,-10,-14.690000,130,-0.035281558,2071,0.000000000,0,12.500,32,2709,1,1,
113905103544277,113905101329615,113905102463365,113905103544277,457,4.570000000,minus_a1,state,0,-0.035000000,2071,-0.053689328,2083,-0.599520598,25,0.010080000,-3,-0.904000,8,-0.035281558,2071,0.000000000,0,12.500,32,2719,1,0,
113905113572486,113905111335190,113905112462721,113905113572486,458,4.580000000,minus_a1,state,0,-0.035000000,2071,-0.058291270,2086,-0.719424718,30,-0.047040000,14,-3.729000,33,-0.035281558,2071,0.000000000,0,12.400,32,2729,1,0,
113905123551809,113905121338145,113905122453505,113905123551809,459,4.590000000,minus_a1,state,0,-0.035000000,2071,-0.061359232,2088,-0.815348013,34,0.157920000,-47,1.582000,-14,-0.035281558,2071,0.000000000,0,12.400,32,2739,1,0,
113905133546853,113905131331106,113905132462714,113905133546853,460,4.600000000,minus_a1,state,0,-0.035000000,2071,-0.061359232,2088,-0.815348013,34,0.157920000,-47,6.215000,-55,-0.035281558,2071,0.000000000,0,12.400,32,2749,1,0,
113905143542662,113905141335834,113905142461106,113905143542662,461,4.610000000,minus_a1,state,0,-0.035000000,2071,-0.059825251,2087,-0.719424718,30,0.147840000,-44,16.272000,-144,-0.035281558,2071,0.000000000,0,12.400,32,2759,1,0,
113905153616762,113905151335077,113905152464745,113905153616762,462,4.620000000,minus_a1,state,0,-0.035000000,2071,-0.058291270,2086,-0.575539774,24,0.157920000,-47,16.611000,-147,-0.035281558,2071,0.000000000,0,12.500,32,2769,1,0,
113905163544784,113905161333533,113905162451516,113905163544784,463,4.630000000,minus_a1,state,0,-0.035000000,2071,-0.052155347,2082,-0.383693183,16,0.100800000,-30,20.114000,-178,-0.035281558,2071,0.000000000,0,12.400,32,2779,1,0,
113905173559001,113905171331752,113905172453599,113905173559001,464,4.640000000,minus_a1,state,0,-0.035000000,2071,-0.042951462,2076,-0.167865767,7,0.050400000,-15,21.922000,-194,-0.035281558,2071,0.000000000,0,12.400,32,2789,0,1,
113905183556944,113905181337479,113905182460447,113905183556944,465,4.650000000,minus_a1,state,0,-0.035000000,2071,-0.032213597,2069,0.023980824,-1,0.006720000,-2,21.244000,-188,-0.035281558,2071,0.000000000,0,12.400,32,2799,0,1,
113905193614021,113905191338166,113905192452911,113905193614021,466,4.660000000,minus_a1,state,0,-0.035000000,2071,-0.023009712,2063,0.239808239,-10,-0.288960000,86,6.667000,-59,-0.035281558,2071,0.000000000,0,12.500,32,2809,0,1,
113905203555057,113905201335064,113905202461543,113905203555057,467,4.670000000,minus_a1,state,0,-0.035000000,2071,-0.016873789,2059,0.431654831,-18,-0.151200000,45,1.017000,-9,-0.035281558,2071,0.000000000,0,12.400,32,2819,1,0,
113905213563067,113905211340220,113905212465246,113905213563067,468,4.680000000,minus_a1,state,0,-0.035000000,2071,-0.012271846,2056,0.551558950,-23,-0.181440000,54,-0.113000,1,-0.035281558,2071,0.000000000,0,12.400,32,2829,1,0,
113905223562281,113905221333744,113905222462349,113905223562281,469,4.690000000,minus_a1,state,0,-0.035000000,2071,-0.010737866,2055,0.647482246,-27,-0.137760000,41,-4.294000,38,-0.035281558,2071,0.000000000,0,12.400,32,2839,1,0,
113905233581449,113905231337417,113905232465640,113905233581449,470,4.700000000,minus_a1,state,0,-0.035000000,2071,-0.010737866,2055,0.647482246,-27,-0.131040000,39,-11.752000,104,-0.035281558,2071,0.000000000,0,12.400,32,2849,1,0,
113905243553963,113905241330774,113905242456828,113905243553963,471,4.710000000,minus_a1,state,0,-0.035000000,2071,-0.013805827,2057,0.575539774,-24,-0.124320000,37,-16.837000,149,-0.035281558,2071,0.000000000,0,12.400,32,2859,1,0,
113905253547792,113905251327798,113905252455983,113905253547792,472,4.720000000,minus_a1,state,0,-0.035000000,2071,-0.018407769,2060,0.431654831,-18,-0.107520000,32,-19.097000,169,-0.035281558,2071,0.000000000,0,12.500,32,2869,1,1,
113905263533335,113905261324072,113905262453895,113905263533335,473,4.730000000,minus_a1,state,0,-0.035000000,2071,-0.027611654,2066,0.239808239,-10,-0.063840000,19,-20.453000,181,-0.035281558,2071,0.000000000,0,12.400,32,2879,0,1,
113905273541390,113905271324756,113905272455230,113905273541390,474,4.740000000,minus_a1,state,0,-0.035000000,2071,-0.036815539,2072,0.023980824,-1,-0.003360000,1,-20.679000,183,-0.035281558,2071,0.000000000,0,12.400,32,2889,0,1,
113905283535988,113905281326273,113905282453299,113905283535988,475,4.750000000,minus_a1,state,0,-0.035000000,2071,-0.044485443,2077,-0.167865767,7,0.181440000,-54,-11.074000,98,-0.035281558,2071,0.000000000,0,12.500,32,2899,0,1,
113905293623215,113905291324395,113905292528182,113905293623215,476,4.760000000,minus_a1,state,0,-0.035000000,2071,-0.050621366,2081,-0.359712359,15,0.127680000,-38,-7.232000,64,-0.035281558,2071,0.000000000,0,12.400,32,2909,1,1,
113905303607271,113905301324999,113905302517454,113905303607271,477,4.770000000,minus_a1,state,0,-0.035000000,2071,-0.055223308,2084,-0.479616478,20,0.151200000,-45,0.000000,0,-0.035281558,2071,0.000000000,0,12.400,32,2919,1,0,
113905313694074,113905311325121,113905312529361,113905313694074,478,4.780000000,minus_a1,state,0,-0.035000000,2071,-0.056757289,2085,-0.575539774,24,0.120960000,-36,3.390000,-30,-0.035281558,2071,0.000000000,0,12.400,32,2929,1,0,
113905323625043,113905321336768,113905322531281,113905323625043,479,4.790000000,minus_a1,state,0,-0.035000000,2071,-0.055223308,2084,-0.575539774,24,0.124320000,-37,6.667000,-59,-0.035281558,2071,0.000000000,0,12.400,32,2939,1,0,
113905333551395,113905331332557,113905332471288,113905333551395,480,4.800000000,minus_a1,state,0,-0.035000000,2071,-0.052155347,2082,-0.527578126,22,0.097440000,-29,16.837000,-149,-0.035281558,2071,0.000000000,0,12.400,32,2949,1,0,
113905343578456,113905341333864,113905342532285,113905343578456,481,4.810000000,minus_a1,state,0,-0.035000000,2071,-0.050621366,2081,-0.383693183,16,0.097440000,-29,16.724000,-148,-0.035281558,2071,0.000000000,0,12.400,32,2959,1,1,
113905353554491,113905351330433,113905352462673,113905353554491,482,4.820000000,minus_a1,state,0,-0.035000000,2071,-0.044485443,2077,-0.239808239,10,0.067200000,-20,19.323000,-171,-0.035281558,2071,0.000000000,0,12.400,32,2969,0,1,
113905363547025,113905361325356,113905362458405,113905363547025,483,4.830000000,minus_a1,state,0,-0.035000000,2071,-0.036815539,2072,-0.047961648,2,0.016800000,-5,20.227000,-179,-0.035281558,2071,0.000000000,0,12.400,32,2979,0,1,
113905373546535,113905371324360,113905372459458,113905373546535,484,4.840000000,minus_a1,state,0,-0.035000000,2071,-0.027611654,2066,0.119904120,-5,-0.063840000,19,13.673000,-121,-0.035281558,2071,0.000000000,0,12.400,32,2989,0,1,
113905383542215,113905381324074,113905382455371,113905383542215,485,4.850000000,minus_a1,state,0,-0.035000000,2071,-0.021475731,2062,0.287769887,-12,0.090720000,-27,7.910000,-70,-0.035281558,2071,0.000000000,0,12.400,32,2999,1,1,
113905393544275,113905391323750,113905392456053,113905393544275,486,4.860000000,minus_a1,state,0,-0.035000000,2071,-0.016873789,2059,0.407674007,-17,-0.164640000,49,0.000000,0,-0.035281558,2071,0.000000000,0,12.400,32,3009,1,0,
113905403562589,113905401406567,113905402458735,113905403562589,487,4.870000000,minus_a1,state,0,-0.035000000,2071,-0.015339808,2058,0.479616478,-20,-0.114240000,34,-1.808000,16,-0.035281558,2071,0.000000000,0,12.400,32,3019,1,0,
113905413562928,113905411406894,113905412470568,113905413562928,488,4.880000000,minus_a1,state,0,-0.035000000,2071,-0.015339808,2058,0.527578126,-22,-0.100800000,30,-9.153000,81,-0.035281558,2071,0.000000000,0,12.400,32,3029,1,0,
113905423566141,113905421406928,113905422470991,113905423566141,489,4.890000000,minus_a1,state,0,-0.035000000,2071,-0.016873789,2059,0.503597302,-21,-0.107520000,32,-15.029000,133,-0.035281558,2071,0.000000000,0,12.400,32,3039,1,0,
113905433572568,113905431410298,113905432466924,113905433572568,490,4.900000000,minus_a1,state,0,-0.035000000,2071,-0.019941750,2061,0.407674007,-17,-0.090720000,27,-17.063000,151,-0.035281558,2071,0.000000000,0,12.400,32,3049,1,1,
113905443577055,113905441346860,113905442474117,113905443577055,491,4.910000000,minus_a1,state,0,-0.035000000,2071,-0.026077673,2065,0.263789063,-11,-0.053760000,16,-19.210000,170,-0.035281558,2071,0.000000000,0,12.400,32,3059,1,1,
113905453557121,113905451417850,113905452469762,113905453557121,492,4.920000000,minus_a1,state,0,-0.035000000,2071,-0.035281558,2071,0.071942472,-3,-0.006720000,2,-19.549000,173,-0.035281558,2071,0.000000000,0,12.400,32,3069,0,1,
113905463547706,113905461416294,113905462471730,113905463547706,493,4.930000000,minus_a1,state,0,-0.035000000,2071,-0.042951462,2076,-0.095923296,4,-0.013440000,4,-4.407000,39,-0.035281558,2071,0.000000000,0,12.400,32,3079,0,1,
113905473558071,113905471348397,113905472472431,113905473558071,494,4.940000000,minus_a1,state,0,-0.035000000,2071,-0.049087385,2080,-0.263789063,11,0.087360000,-26,-2.712000,24,-0.035281558,2071,0.000000000,0,12.400,32,3089,1,1,
113905483552173,113905481326443,113905482470629,113905483552173,495,4.950000000,minus_a1,state,0,-0.035000000,2071,-0.052155347,2082,-0.407674007,17,0.127680000,-38,0.226000,-2,-0.035281558,2071,0.000000000,0,12.400,32,3099,1,0,
113905493547199,113905491347023,113905492449983,113905493547199,496,4.960000000,minus_a1,state,0,-0.035000000,2071,-0.053689328,2083,-0.479616478,20,0.110880000,-33,3.164000,-28,-0.035281558,2071,0.000000000,0,12.400,32,3109,1,0,
113905503544571,113905501406004,113905502458564,113905503544571,497,4.970000000,minus_a1,state,0,-0.035000000,2071,-0.053689328,2083,-0.503597302,21,0.107520000,-32,6.780000,-60,-0.035281558,2071,0.000000000,0,12.400,32,3119,1,0,
113905513590870,113905511400688,113905512466562,113905513590870,498,4.980000000,minus_a1,state,0,-0.035000000,2071,-0.050621366,2081,-0.455635655,19,0.087360000,-26,14.690000,-130,-0.035281558,2071,0.000000000,0,12.400,32,3129,1,1,
113905523456173,113905521400509,113905522467771,113905523456173,499,4.990000000,minus_a1,hardware_error,0,-0.035000000,2071,,,,,,,,,,,,,,,,,,0
113905533544946,113905531403438,113905532449151,113905533544946,500,5.000000000,minus_a1,state,0,-0.035000000,2071,-0.042951462,2076,-0.239808239,10,0.067200000,-20,17.967000,-159,-0.035281558,2071,0.000000000,0,12.500,32,3149,0,1,
113905543554702,113905541400463,113905542449610,113905543554702,501,5.010000000,minus_a1,state,0,-0.035000000,2071,-0.036815539,2072,-0.071942472,3,0.010080000,-3,19.549000,-173,-0.035281558,2071,0.000000000,0,12.400,32,3159,0,1,
113905553550353,113905551348207,113905552467206,113905553550353,502,5.020000000,minus_a1,state,0,-0.035000000,2071,-0.027611654,2066,0.095923296,-4,0.050400000,-15,13.447000,-119,-0.035281558,2071,0.000000000,0,12.400,32,3169,0,1,
113905563596235,113905561408209,113905562464464,113905563596235,503,5.030000000,minus_a1,state,0,-0.035000000,2071,-0.021475731,2062,0.263789063,-11,-0.057120000,17,3.842000,-34,-0.035281558,2071,0.000000000,0,12.500,32,3179,1,1,
113905573555352,113905571334881,113905572450655,113905573555352,504,5.040000000,minus_a1,state,0,-0.035000000,2071,-0.018407769,2060,0.383693183,-16,-0.010080000,3,-1.017000,9,-0.035281558,2071,0.000000000,0,12.500,32,3189,1,1,
113905583535443,113905581335784,113905582442436,113905583535443,505,5.050000000,minus_a1,state,0,-0.035000000,2071,-0.016873789,2059,0.455635655,-19,-0.100800000,30,-1.582000,14,-0.035281558,2071,0.000000000,0,12.500,32,3199,1,0,
113905593528608,113905591329898,113905592438519,113905593528608,506,5.060000000,minus_a1,state,0,-0.035000000,2071,-0.016873789,2059,0.479616478,-20,-0.094080000,28,-7.232000,64,-0.035281558,2071,0.000000000,0,12.400,32,3209,1,0,
113905603520181,113905601326059,113905602439504,113905603520181,507,5.070000000,minus_a1,state,0,-0.035000000,2071,-0.016873789,2059,0.455635655,-19,-0.087360000,26,-14.012000,124,-0.035281558,2071,0.000000000,0,12.400,32,3219,1,0,
113905613520030,113905611325539,113905612434106,113905613520030,508,5.080000000,minus_a1,state,0,-0.035000000,2071,-0.019941750,2061,0.383693183,-16,-0.087360000,26,-16.724000,148,-0.035281558,2071,0.000000000,0,12.400,32,3229,1,1,
113905623513594,113905621324573,113905622431137,113905623513594,509,5.090000000,minus_a1,state,0,-0.035000000,2071,-0.026077673,2065,0.239808239,-10,-0.047040000,14,-18.758000,166,-0.035281558,2071,0.000000000,0,12.200,32,3239,0,1,
113905633516789,113905631324026,113905632432787,113905633516789,510,5.100000000,minus_a1,state,0,-0.035000000,2071,-0.035281558,2071,0.071942472,-3,-0.006720000,2,-19.323000,171,-0.035281558,2071,0.000000000,0,12.500,32,3249,0,1,
113905643520816,113905641327276,113905642435752,113905643520816,511,5.110000000,minus_a1,state,0,-0.035000000,2071,-0.042951462,2076,-0.095923296,4,0.043680000,-13,-8.588000,76,-0.035281558,2071,0.000000000,0,12.400,32,3259,0,1,
113905653524222,113905651330391,113905652441391,113905653524222,512,5.120000000,minus_a1,state,0,-0.035000000,2071,-0.049087385,2080,-0.263789063,11,0.013440000,-4,-4.859000,43,-0.035281558,2071,0.000000000,0,12.400,32,3269,1,1,
113905663517549,113905661326796,113905662434997,113905663517549,513,5.130000000,minus_a1,state,0,-0.035000000,2071,-0.052155347,2082,-0.383693183,16,-0.053760000,16,0.678000,-6,-0.035281558,2071,0.000000000,0,12.400,32,3279,1,0,
113905673586010,113905671326893,113905672444349,113905673586010,514,5.140000000,minus_a1,state,0,-0.035000000,2071,-0.053689328,2083,-0.455635655,19,0.110880000,-33,3.164000,-28,-0.035281558,2071,0.000000000,0,12.400,32,3289,1,0,
113905683547844,113905681405329,113905682460650,113905683547844,515,5.150000000,minus_a1,state,0,-0.035000000,2071,-0.053689328,2083,-0.503597302,21,0.094080000,-28,8.136000,-72,-0.035281558,2071,0.000000000,0,12.200,32,3299,1,0,
113905693527237,113905691328545,113905692439800,113905693527237,516,5.160000000,minus_a1,state,0,-0.035000000,2071,-0.050621366,2081,-0.455635655,19,0.077280000,-23,15.707000,-139,-0.035281558,2071,0.000000000,0,12.500,32,3309,1,1,
113905703518620,113905701327510,113905702436514,113905703518620,517,5.170000000,minus_a1,state,0,-0.035000000,2071,-0.047553404,2079,-0.359712359,15,0.134400000,-40,15.707000,-139,-0.035281558,2071,0.000000000,0,12.500,32,3319,1,1,
113905713522648,113905711325166,113905712435695,113905713522648,518,5.180000000,minus_a1,state,0,-0.035000000,2071,-0.042951462,2076,-0.215827415,9,0.057120000,-17,17.967000,-159,-0.035281558,2071,0.000000000,0,12.200,32,3329,0,1,
113905723520013,113905721324081,113905722438595,113905723520013,519,5.190000000,minus_a1,state,0,-0.035000000,2071,-0.036815539,2072,-0.047961648,2,0.013440000,-4,19.323000,-171,-0.035281558,2071,0.000000000,0,12.200,32,3339,0,1,
113905733519154,113905731326771,113905732444698,113905733519154,520,5.200000000,minus_a1,state,0,-0.035000000,2071,-0.027611654,2066,0.095923296,-4,-0.043680000,13,11.187000,-99,-0.035281558,2071,0.000000000,0,12.400,32,3349,0,1,
113905743520414,113905741325349,113905742439450,113905743520414,521,5.210000000,minus_a1,state,0,-0.035000000,2071,-0.019941750,2061,0.263789063,-11,-0.104160000,31,0.339000,-3,-0.035281558,2071,0.000000000,0,12.400,32,3359,1,1,
113905753531156,113905751328924,113905752442886,113905753531156,522,5.220000000,minus_a1,state,0,-0.035000000,2071,-0.016873789,2059,0.383693183,-16,-0.134400000,40,-0.452000,4,-0.035281558,2071,0.000000000,0,12.400,32,3369,1,0,
113905763534284,113905761325244,113905762441330,113905763534284,523,5.230000000,minus_a1,state,0,-0.035000000,2071,-0.016873789,2059,0.455635655,-19,-0.090720000,27,-1.921000,17,-0.035281558,2071,0.000000000,0,12.400,32,3379,1,0,
113905773527339,113905771324072,113905772439894,113905773527339,524,5.240000000,minus_a1,state,0,-0.035000000,2071,-0.016873789,2059,0.479616478,-20,-0.090720000,27,-7.684000,68,-0.035281558,2071,0.000000000,0,12.400,32,3389,1,0,
113905783521116,113905781324404,113905782435895,113905783521116,525,5.250000000,minus_a1,state,0,-0.035000000,2071,-0.016873789,2059,0.455635655,-19,-0.097440000,29,-14.464000,128,-0.035281558,2071,0.000000000,0,12.300,32,3399,1,0,
113905793511729,113905791325124,113905792440301,113905793511729,526,5.260000000,minus_a1,state,0,-0.035000000,2071,-0.019941750,2061,0.359712359,-15,-0.084000000,25,-16.837000,149,-0.035281558,2071,0.000000000,0,12.500,32,3409,1,1,
113905803528336,113905801324344,113905802435210,113905803528336,527,5.270000000,minus_a1,state,0,-0.035000000,2071,-0.026077673,2065,0.239808239,-10,-0.053760000,16,-18.871000,167,-0.035281558,2071,0.000000000,0,12.300,32,3419,0,1,
113905813522295,113905811333836,113905812447029,113905813522295,528,5.280000000,minus_a1,state,0,-0.035000000,2071,-0.035281558,2071,0.071942472,-3,-0.003360000,1,-19.436000,172,-0.035281558,2071,0.000000000,0,12.200,32,3429,0,1,
113905823517968,113905821327783,113905822440420,113905823517968,529,5.290000000,minus_a1,state,0,-0.035000000,2071,-0.042951462,2076,-0.095923296,4,-0.047040000,14,-8.814000,78,-0.035281558,2071,0.000000000,0,12.500,32,3439,0,1,
113905833512978,113905831328284,113905832447596,113905833512978,530,5.300000000,minus_a1,state,0,-0.035000000,2071,-0.049087385,2080,-0.263789063,11,0.114240000,-34,-7.119000,63,-0.035281558,2071,0.000000000,0,12.400,32,3449,1,1,
113905843521844,113905841326580,113905842441478,113905843521844,531,5.310000000,minus_a1,state,0,-0.035000000,2071,-0.052155347,2082,-0.383693183,16,0.164640000,-49,0.226000,-2,-0.035281558,2071,0.000000000,0,12.400,32,3459,1,0,
113905853534619,113905851329884,113905852453112,113905853534619,532,5.320000000,minus_a1,state,0,-0.035000000,2071,-0.053689328,2083,-0.479616478,20,0.100800000,-30,2.825000,-25,-0.035281558,2071,0.000000000,0,12.400,32,3469,1,0,
113905863540229,113905861326191,113905862599506,113905863540229,533,5.330000000,minus_a1,state,0,-0.035000000,2071,-0.053689328,2083,-0.503597302,21,0.107520000,-32,6.102000,-54,-0.035281558,2071,0.000000000,0,12.400,32,3479,1,0,
113905873530796,113905871347005,113905872450045,113905873530796,534,5.340000000,minus_a1,state,0,-0.035000000,2071,-0.052155347,2082,-0.455635655,19,0.094080000,-28,12.543000,-111,-0.035281558,2071,0.000000000,0,12.300,32,3489,1,0,
113905883578733,113905881344261,113905882448349,113905883578733,535,5.350000000,minus_a1,state,0,-0.035000000,2071,-0.049087385,2080,-0.359712359,15,0.040320000,-12,14.803000,-131,-0.035281558,2071,0.000000000,0,12.400,32,3499,1,1,
113905893543606,113905891328494,113905892424111,113905893543606,536,5.360000000,minus_a1,state,0,-0.035000000,2071,-0.046019424,2078,-0.239808239,10,0.073920000,-22,17.741000,-157,-0.035281558,2071,0.000000000,0,12.500,32,3509,0,1,
113905903510229,113905901328636,113905902420029,113905903510229,537,5.370000000,minus_a1,state,0,-0.035000000,2071,-0.038349520,2073,-0.071942472,3,0.016800000,-5,19.662000,-174,-0.035281558,2071,0.000000000,0,12.300,32,3519,0,1,
113905913522832,113905911326336,113905912417892,113905913522832,538,5.380000000,minus_a1,state,0,-0.035000000,2071,-0.030679616,2068,0.071942472,-3,0.060480000,-18,7.458000,-66,-0.035281558,2071,0.000000000,0,12.200,32,3529,0,1,
113905923531762,113905921326525,113905922421663,113905923531762,539,5.390000000,minus_a1,state,0,-0.035000000,2071,-0.021475731,2062,0.239808239,-10,-0.016800000,5,4.859000,-43,-0.035281558,2071,0.000000000,0,12.400,32,3539,0,1,
113905933509221,113905931327470,113905932422566,113905933509221,540,5.400000000,minus_a1,state,0,-0.035000000,2071,-0.018407769,2060,0.359712359,-15,-0.013440000,4,-1.243000,11,-0.035281558,2071,0.000000000,0,12.400,32,3549,1,1,
113905943509234,113905941326072,113905942436928,113905943509234,541,5.410000000,minus_a1,state,0,-0.035000000,2071,-0.015339808,2058,0.455635655,-19,-0.107520000,32,-1.356000,12,-0.035281558,2071,0.000000000,0,12.400,32,3559,1,0,
113905953490170,113905951327706,113905952421225,113905953490170,542,5.420000000,minus_a1,state,0,-0.035000000,2071,-0.015339808,2058,0.503597302,-21,-0.104160000,31,-7.684000,68,-0.035281558,2071,0.000000000,0,12.400,32,3569,1,0,
113905963455847,113905961324784,113905962397184,113905963455847,543,5.430000000,minus_a1,state,0,-0.035000000,2071,-0.015339808,2058,0.479616478,-20,-0.087360000,26,-13.786000,122,-0.035281558,2071,0.000000000,0,12.400,32,3578,1,0,
113905973517044,113905971326941,113905972424547,113905973517044,544,5.440000000,minus_a1,state,0,-0.035000000,2071,-0.018407769,2060,0.407674007,-17,-0.094080000,28,-16.950000,150,-0.035281558,2071,0.000000000,0,12.200,32,3589,1,1,
113905983396833,113905981334723,113905982376181,113905983396833,545,5.450000000,minus_a1,state,0,-0.035000000,2071,-0.024543693,2064,0.287769887,-12,-0.067200000,20,-18.645000,165,-0.035281558,2071,0.000000000,0,12.200,32,3598,1,1,
113905993421182,113905991326972,113905992386798,113905993421182,546,5.460000000,minus_a1,state,0,-0.035000000,2071,-0.033747577,2070,0.119904120,-5,-0.016800000,5,-19.775000,175,-0.035281558,2071,0.000000000,0,12.400,32,3608,0,1,
113906003458477,113906001337467,113906002454124,113906003458477,547,5.470000000,minus_a1,state,0,-0.035000000,2071,-0.042951462,2076,-0.071942472,3,-0.047040000,14,-13.108000,116,-0.035281558,2071,0.000000000,0,12.300,32,3619,0,1,
113906013525061,113906011332022,113906012423184,113906013525061,548,5.480000000,minus_a1,state,0,-0.035000000,2071,-0.049087385,2080,-0.239808239,10,-0.023520000,7,-2.599000,23,-0.035281558,2071,0.000000000,0,12.400,32,3629,0,1,
113906023542807,113906021347457,113906022454127,113906023542807,549,5.490000000,minus_a1,state,0,-0.035000000,2071,-0.052155347,2082,-0.383693183,16,0.188160000,-56,0.226000,-2,-0.035281558,2071,0.000000000,0,12.400,32,3639,1,0,
113906033514981,113906031326474,113906032428899,113906033514981,550,5.500000000,minus_a1,state,0,-0.035000000,2071,-0.055223308,2084,-0.479616478,20,0.107520000,-32,2.712000,-24,-0.035281558,2071,0.000000000,0,12.400,32,3649,1,0,
113906043534839,113906041339413,113906042452466,113906043534839,551,5.510000000,minus_a1,state,0,-0.035000000,2071,-0.053689328,2083,-0.503597302,21,0.107520000,-32,6.215000,-55,-0.035281558,2071,0.000000000,0,12.400,32,3659,1,0,
113906053527148,113906051331085,113906052427860,113906053527148,552,5.520000000,minus_a1,state,0,-0.035000000,2071,-0.052155347,2082,-0.479616478,20,0.094080000,-28,14.351000,-127,-0.035281558,2071,0.000000000,0,12.400,32,3669,1,0,
113906063511049,113906061327048,113906062424165,113906063511049,553,5.530000000,minus_a1,state,0,-0.035000000,2071,-0.049087385,2080,-0.383693183,16,0.097440000,-29,14.464000,-128,-0.035281558,2071,0.000000000,0,12.200,32,3679,1,1,
113906073536153,113906071333349,113906072448905,113906073536153,554,5.540000000,minus_a1,state,0,-0.035000000,2071,-0.046019424,2078,-0.239808239,10,0.067200000,-20,17.628000,-156,-0.035281558,2071,0.000000000,0,12.300,32,3689,0,1,
113906083520913,113906081328056,113906082422574,113906083520913,555,5.550000000,minus_a1,state,0,-0.035000000,2071,-0.039883500,2074,-0.095923296,4,0.030240000,-9,19.549000,-173,-0.035281558,2071,0.000000000,0,12.500,32,3699,0,1,
113906093518570,113906091328075,113906092423824,113906093518570,556,5.560000000,minus_a1,state,0,-0.035000000,2071,-0.030679616,2068,0.071942472,-3,0.047040000,-14,8.927000,-79,-0.035281558,2071,0.000000000,0,12.400,32,3709,0,1,
113906103585738,113906101400246,113906102437906,113906103585738,557,5.570000000,minus_a1,state,0,-0.035000000,2071,-0.023009712,2063,0.239808239,-10,-0.094080000,28,8.927000,-79,-0.035281558,2071,0.000000000,0,12.400,32,3719,0,1,
113906113523920,113906111400619,113906112432413,113906113523920,558,5.580000000,minus_a1,state,0,-0.035000000,2071,-0.018407769,2060,0.359712359,-15,-0.070560000,21,0.000000,0,-0.035281558,2071,0.000000000,0,12.400,32,3729,1,1,
113906123559344,113906121399424,113906122427023,113906123559344,559,5.590000000,minus_a1,state,0,-0.035000000,2071,-0.015339808,2058,0.455635655,-19,-0.114240000,34,-0.904000,8,-0.035281558,2071,0.000000000,0,12.400,32,3739,1,0,
113906133532564,113906131405816,113906132431076,113906133532564,560,5.600000000,minus_a1,state,0,-0.035000000,2071,-0.015339808,2058,0.503597302,-21,-0.107520000,32,-6.893000,61,-0.035281558,2071,0.000000000,0,12.400,32,3749,1,0,
113906143539331,113906141348623,113906142428216,113906143539331,561,5.610000000,minus_a1,state,0,-0.035000000,2071,-0.015339808,2058,0.479616478,-20,-0.097440000,29,-13.786000,122,-0.035281558,2071,0.000000000,0,12.500,32,3759,1,0,
113906153534779,113906151348441,113906152432684,113906153534779,562,5.620000000,minus_a1,state,0,-0.035000000,2071,-0.018407769,2060,0.407674007,-17,-0.094080000,28,-16.837000,149,-0.035281558,2071,0.000000000,0,12.400,32,3769,1,1,
113906163524863,113906161399219,113906162433067,113906163524863,563,5.630000000,minus_a1,state,0,-0.035000000,2071,-0.024543693,2064,0.287769887,-12,-0.067200000,20,-18.532000,164,-0.035281558,2071,0.000000000,0,12.300,32,3779,1,1,
113906173533788,113906171346688,113906172435842,113906173533788,564,5.640000000,minus_a1,state,0,-0.035000000,2071,-0.032213597,2069,0.119904120,-5,-0.016800000,5,-19.775000,175,-0.035281558,2071,0.000000000,0,12.300,32,3789,0,1,
113906183525627,113906181401180,113906182441071,113906183525627,565,5.650000000,minus_a1,state,0,-0.035000000,2071,-0.041417481,2075,-0.047961648,2,0.020160000,-6,0.000000,0,-0.035281558,2071,0.000000000,0,12.400,32,3799,0,1,
113906193531734,113906191346623,113906192430018,113906193531734,566,5.660000000,minus_a1,state,0,-0.035000000,2071,-0.047553404,2079,-0.215827415,9,-0.013440000,4,-6.780000,60,-0.035281558,2071,0.000000000,0,12.400,32,3809,0,1,
113906203545853,113906201335381,113906202429022,113906203545853,567,5.670000000,minus_a1,state,0,-0.035000000,2071,-0.052155347,2082,-0.383693183,16,0.060480000,-18,0.113000,-1,-0.035281558,2071,0.000000000,0,12.400,32,3819,1,0,
113906213515073,113906211327625,113906212424765,113906213515073,568,5.680000000,minus_a1,state,0,-0.035000000,2071,-0.053689328,2083,-0.479616478,20,0.114240000,-34,1.695000,-15,-0.035281558,2071,0.000000000,0,12.400,32,3829,1,0,
113906223526812,113906221347156,113906222434839,113906223526812,569,5.690000000,minus_a1,state,0,-0.035000000,2071,-0.053689328,2083,-0.503597302,21,0.107520000,-32,5.989000,-53,-0.035281558,2071,0.000000000,0,12.400,32,3839,1,0,
113906233518107,113906231327786,113906232415259,113906233518107,570,5.700000000,minus_a1,state,0,-0.035000000,2071,-0.052155347,2082,-0.503597302,21,0.073920000,-22,10.848000,-96,-0.035281558,2071,0.000000000,0,12.300,32,3848,1,0,
113906243504398,113906241323250,113906242414941,113906243504398,571,5.710000000,minus_a1,state,0,-0.035000000,2071,-0.049087385,2080,-0.407674007,17,0.120960000,-36,13.334000,-118,-0.035281558,2071,0.000000000,0,12.400,32,3858,1,1,
113906253537319,113906251340631,113906252456481,113906253537319,572,5.720000000,minus_a1,state,0,-0.035000000,2071,-0.044485443,2077,-0.263789063,11,0.063840000,-19,17.289000,-153,-0.035281558,2071,0.000000000,0,12.400,32,3869,1,1,
113906263531969,113906261336204,113906262444826,113906263531969,573,5.730000000,minus_a1,state,0,-0.035000000,2071,-0.039883500,2074,-0.095923296,4,0.023520000,-7,19.549000,-173,-0.035281558,2071,0.000000000,0,12.400,32,3879,0,1,
113906273561629,113906271333771,113906272447065,113906273561629,574,5.740000000,minus_a1,state,0,-0.035000000,2071,-0.030679616,2068,0.047961648,-2,0.026880000,-8,14.012000,-124,-0.035281558,2071,0.000000000,0,12.500,32,3889,0,1,
113906283519760,113906281326310,113906282425042,113906283519760,575,5.750000000,minus_a1,state,0,-0.035000000,2071,-0.023009712,2063,0.191846591,-8,-0.026880000,8,4.972000,-44,-0.035281558,2071,0.000000000,0,12.500,32,3898,0,1,
113906293517653,113906291328029,113906292407936,113906293517653,576,5.760000000,minus_a1,state,0,-0.035000000,2071,-0.018407769,2060,0.335731535,-14,-0.010080000,3,-0.565000,5,-0.035281558,2071,0.000000000,0,12.500,32,3908,1,1,
113906303531912,113906301331128,113906302427462,113906303531912,577,5.770000000,minus_a1,state,0,-0.035000000,2071,-0.015339808,2058,0.455635655,-19,-0.117600000,35,-0.904000,8,-0.035281558,2071,0.000000000,0,12.400,32,3919,1,0,
113906313509715,113906311324938,113906312403662,113906313509715,578,5.780000000,minus_a1,state,0,-0.035000000,2071,-0.015339808,2058,0.479616478,-20,-0.097440000,29,-6.554000,58,-0.035281558,2071,0.000000000,0,12.400,32,3928,1,0,
113906323513515,113906321326297,113906322404685,113906323513515,579,5.790000000,minus_a1,state,0,-0.035000000,2071,-0.015339808,2058,0.479616478,-20,-0.100800000,30,-12.317000,109,-0.035281558,2071,0.000000000,0,12.400,32,3938,1,0,
113906333523484,113906331326253,113906332406417,113906333523484,580,5.800000000,minus_a1,state,0,-0.035000000,2071,-0.018407769,2060,0.431654831,-18,-0.090720000,27,-16.724000,148,-0.035281558,2071,0.000000000,0,12.300,32,3948,1,1,
113906343503751,113906341327490,113906342402352,113906343503751,581,5.810000000,minus_a1,state,0,-0.035000000,2071,-0.023009712,2063,0.311750711,-13,-0.070560000,21,-17.967000,159,-0.035281558,2071,0.000000000,0,12.500,32,3958,1,1,
113906353489253,113906351326061,113906352401266,113906353489253,582,5.820000000,minus_a1,state,0,-0.035000000,2071,-0.032213597,2069,0.119904120,-5,-0.016800000,5,-20.001000,177,-0.035281558,2071,0.000000000,0,12.300,32,3969,0,1,
113906363506935,113906361324325,113906362400008,113906363506935,583,5.830000000,minus_a1,state,0,-0.035000000,2071,-0.041417481,2075,-0.023980824,1,-0.043680000,13,-9.040000,80,-0.035281558,2071,0.000000000,0,12.300,32,3978,0,1,
113906373502849,113906371327906,113906372397643,113906373502849,584,5.840000000,minus_a1,state,0,-0.035000000,2071,-0.047553404,2079,-0.191846591,8,0.023520000,-7,-6.102000,54,-0.035281558,2071,0.000000000,0,12.500,32,3988,0,1,
113906383483901,113906381325528,113906382396394,113906383483901,585,5.850000000,minus_a1,state,0,-0.035000000,2071,-0.050621366,2081,-0.359712359,15,0.225120000,-67,-1.582000,14,-0.035281558,2071,0.000000000,0,12.500,32,3998,1,1,
113906393525237,113906391325372,113906392402392,113906393525237,586,5.860000000,minus_a1,state,0,-0.035000000,2071,-0.053689328,2083,-0.455635655,19,0.124320000,-37,0.452000,-4,-0.035281558,2071,0.000000000,0,12.500,32,4008,1,0,
113906403538549,113906401400382,113906402431313,113906403538549,587,5.870000000,minus_a1,state,0,-0.035000000,2071,-0.055223308,2084,-0.503597302,21,0.117600000,-35,3.842000,-34,-0.035281558,2071,0.000000000,0,12.500,32,4019,1,0,
113906413534493,113906411337953,113906412432584,113906413534493,588,5.880000000,minus_a1,state,0,-0.035000000,2071,-0.052155347,2082,-0.503597302,21,0.087360000,-26,10.283000,-91,-0.035281558,2071,0.000000000,0,12.500,32,4029,1,0,
113906423530086,113906421345193,113906422423113,113906423530086,589,5.890000000,minus_a1,state,0,-0.035000000,2071,-0.049087385,2080,-0.407674007,17,0.090720000,-27,13.108000,-116,-0.035281558,2071,0.000000000,0,12.400,32,4039,1,1,
113906433518043,113906431398744,113906432419403,113906433518043,590,5.900000000,minus_a1,state,0,-0.035000000,2071,-0.044485443,2077,-0.263789063,11,0.070560000,-21,17.176000,-152,-0.035281558,2071,0.000000000,0,12.500,32,4049,1,1,
113906443516336,113906441347343,113906442431174,113906443516336,591,5.910000000,minus_a1,state,0,-0.035000000,2071,-0.041417481,2075,-0.119904120,5,0.040320000,-12,19.210000,-170,-0.035281558,2071,0.000000000,0,12.500,32,4059,0,1,
113906453542413,113906451348567,113906452435046,113906453542413,592,5.920000000,minus_a1,state,0,-0.035000000,2071,-0.032213597,2069,0.023980824,-1,0.010080000,-3,16.837000,-149,-0.035281558,2071,0.000000000,0,12.400,32,4069,0,1,
113906463523274,113906461400772,113906462430748,113906463523274,593,5.930000000,minus_a1,state,0,-0.035000000,2071,-0.024543693,2064,0.191846591,-8,0.030240000,-9,5.085000,-45,-0.035281558,2071,0.000000000,0,12.400,32,4079,0,1,
113906473539680,113906471347637,113906472432208,113906473539680,594,5.940000000,minus_a1,state,0,-0.035000000,2071,-0.018407769,2060,0.335731535,-14,-0.107520000,32,1.017000,-9,-0.035281558,2071,0.000000000,0,12.400,32,4089,1,1,
113906483521763,113906481399637,113906482426512,113906483521763,595,5.950000000,minus_a1,state,0,-0.035000000,2071,-0.015339808,2058,0.431654831,-18,-0.127680000,38,-0.565000,5,-0.035281558,2071,0.000000000,0,12.400,32,4098,1,0,
113906493524789,113906491345357,113906492407627,113906493524789,596,5.960000000,minus_a1,state,0,-0.035000000,2071,-0.015339808,2058,0.479616478,-20,-0.097440000,29,-5.424000,48,-0.035281558,2071,0.000000000,0,12.400,32,4108,1,0,
113906503531797,113906501334797,113906502424104,113906503531797,597,5.970000000,minus_a1,state,0,-0.035000000,2071,-0.015339808,2058,0.479616478,-20,-0.104160000,31,-11.978000,106,-0.035281558,2071,0.000000000,0,12.400,32,4119,1,0,
113906513563260,113906511343627,113906512416433,113906513563260,598,5.980000000,minus_a1,state,0,-0.035000000,2071,-0.018407769,2060,0.431654831,-18,-0.090720000,27,-16.159000,143,-0.035281558,2071,0.000000000,0,12.400,32,4128,1,1,
113906523358915,113906521327959,113906522359051,113906523358915,599,5.990000000,minus_a1,hardware_error,0,-0.035000000,2071,,,,,,,,,,,,,,,,,,0
113906533428175,113906531325703,113906532370410,113906533428175,600,6.000000000,center_after_minus_a1,state,0,0.000000000,2048,-0.030679616,2068,0.167865767,-7,-0.026880000,8,-19.323000,171,0.000000000,2048,0.000000000,0,12.500,32,4148,0,0,
113906543494847,113906541325376,113906542393556,113906543494847,601,6.010000000,center_after_minus_a1,state,0,0.000000000,2048,-0.036815539,2072,0.000000000,0,0.272160000,-81,-2.825000,25,0.000000000,2048,0.000000000,0,12.400,32,4158,0,0,
113906553546979,113906551327128,113906552407497,113906553546979,602,6.020000000,center_after_minus_a1,state,0,0.000000000,2048,-0.041417481,2075,-0.143884944,6,0.275520000,-82,-1.921000,17,0.000000000,2048,0.000000000,0,12.400,32,4168,0,0,
113906563482845,113906561327761,113906562389811,113906563482845,603,6.030000000,center_after_minus_a1,state,0,0.000000000,2048,-0.042951462,2076,-0.263789063,11,0.252000000,-75,3.503000,-31,0.000000000,2048,0.000000000,0,12.400,32,4178,1,0,
113906573507342,113906571327147,113906572401369,113906573507342,604,6.040000000,center_after_minus_a1,state,0,0.000000000,2048,-0.042951462,2076,-0.359712359,15,0.258720000,-77,16.272000,-144,0.000000000,2048,0.000000000,0,12.400,32,4188,1,0,
113906583510905,113906581325202,113906582397259,113906583510905,605,6.050000000,center_after_minus_a1,state,0,0.000000000,2048,-0.038349520,2073,-0.359712359,15,0.265440000,-79,19.436000,-172,0.000000000,2048,0.000000000,0,12.300,32,4198,1,0,
113906593491442,113906591325651,113906592402918,113906593491442,606,6.060000000,center_after_minus_a1,state,0,0.000000000,2048,-0.035281558,2071,-0.311750711,13,0.211680000,-63,24.295000,-215,0.000000000,2048,0.000000000,0,12.400,32,4208,1,0,
113906603543526,113906601344538,113906602447734,113906603543526,607,6.070000000,center_after_minus_a1,state,0,0.000000000,2048,-0.023009712,2063,-0.167865767,7,0.141120000,-42,27.572000,-244,0.000000000,2048,0.000000000,0,12.400,32,4219,0,0,
113906613577793,113906611325781,113906612465412,113906613577793,608,6.080000000,center_after_minus_a1,state,0,0.000000000,2048,-0.009203885,2054,0.023980824,-1,0.063840000,-19,28.476000,-252,0.000000000,2048,0.000000000,0,12.400,32,4229,0,1,
113906623537739,113906621326276,113906622457153,113906623537739,609,6.090000000,center_after_minus_a1,state,0,0.000000000,2048,0.004601942,2045,0.263789063,-11,0.013440000,-4,26.442000,-234,0.000000000,2048,0.000000000,0,12.400,32,4238,1,1,
113906633537368,113906631325910,113906632468960,113906633537368,610,6.100000000,center_after_minus_a1,state,0,0.000000000,2048,0.018407769,2036,0.551558950,-23,0.003360000,-1,8.701000,-77,0.000000000,2048,0.000000000,0,12.400,32,4249,1,0,
113906643543532,113906641323913,113906642459940,113906643543532,611,6.110000000,center_after_minus_a1,state,0,0.000000000,2048,0.024543693,2032,0.719424718,-30,-0.231840000,69,7.684000,-68,0.000000000,2048,0.000000000,0,12.400,32,4258,1,0,
113906653538035,113906651323843,113906652463904,113906653538035,612,6.120000000,center_after_minus_a1,state,0,0.000000000,2048,0.029145635,2029,0.863309661,-36,-0.194880000,58,0.339000,-3,0.000000000,2048,0.000000000,0,12.400,32,4269,1,0,
113906663532611,113906661324593,113906662466707,113906663532611,613,6.130000000,center_after_minus_a1,state,0,0.000000000,2048,0.032213597,2027,0.935252133,-39,-0.164640000,49,-3.390000,30,0.000000000,2048,0.000000000,0,12.400,32,4279,1,0,
113906673490387,113906671325684,113906672465505,113906673490387,614,6.140000000,center_after_minus_a1,state,0,0.000000000,2048,0.030679616,2028,0.887290485,-37,-0.154560000,46,-12.656000,112,0.000000000,2048,0.000000000,0,12.400,32,4289,1,0,
113906683469463,113906681322515,113906682392611,113906683469463,615,6.150000000,center_after_minus_a1,state,0,0.000000000,2048,0.029145635,2029,0.767386366,-32,-0.164640000,49,-17.854000,158,0.000000000,2048,0.000000000,0,12.400,32,4298,1,0,
113906693462107,113906691321816,113906692396439,113906693462107,616,6.160000000,center_after_minus_a1,state,0,0.000000000,2048,0.023009712,2033,0.575539774,-24,-0.137760000,41,-20.227000,179,0.000000000,2048,0.000000000,0,12.400,32,4308,1,0,
113906703458582,113906701322072,113906702389637,113906703458582,617,6.170000000,center_after_minus_a1,state,0,0.000000000,2048,0.015339808,2038,0.335731535,-14,-0.090720000,27,-22.826000,202,0.000000000,2048,0.000000000,0,12.400,32,4318,1,1,
113906713491702,113906711326020,113906712371758,113906713491702,618,6.180000000,center_after_minus_a1,state,0,0.000000000,2048,0.004601942,2045,0.095923296,-4,-0.036960000,11,-24.295000,215,0.000000000,2048,0.000000000,0,12.400,32,4328,0,1,
113906723457825,113906721325175,113906722373105,113906723457825,619,6.190000000,center_after_minus_a1,state,0,0.000000000,2048,-0.007669904,2053,-0.143884944,6,-0.050400000,15,-11.413000,101,0.000000000,2048,0.000000000,0,12.500,32,4338,0,1,
113906733531349,113906731312024,113906732389399,113906733531349,620,6.200000000,center_after_minus_a1,state,0,0.000000000,2048,-0.016873789,2059,-0.359712359,15,0.050400000,-15,-5.763000,51,0.000000000,2048,0.000000000,0,12.500,32,4348,1,1,
113906743470612,113906741326967,113906742378813,113906743470612,621,6.210000000,center_after_minus_a1,state,0,0.000000000,2048,-0.021475731,2062,-0.551558950,23,0.084000000,-25,-1.469000,13,0.000000000,2048,0.000000000,0,12.500,32,4358,1,0,
113906753460200,113906751326718,113906752374938,113906753460200,622,6.220000000,center_after_minus_a1,state,0,0.000000000,2048,-0.024543693,2064,-0.671463070,28,0.168000000,-50,0.452000,-4,0.000000000,2048,0.000000000,0,12.500,32,4368,1,0,
113906763460066,113906761324062,113906762374815,113906763460066,623,6.230000000,center_after_minus_a1,state,0,0.000000000,2048,-0.026077673,2065,-0.695443894,29,0.141120000,-42,5.876000,-52,0.000000000,2048,0.000000000,0,12.500,32,4378,1,0,
113906773473191,113906771327532,113906772377511,113906773473191,624,6.240000000,center_after_minus_a1,state,0,0.000000000,2048,-0.026077673,2065,-0.671463070,28,0.127680000,-38,14.351000,-127,0.000000000,2048,0.000000000,0,12.500,32,4388,1,0,
113906783458426,113906781325800,113906782372566,113906783458426,625,6.250000000,center_after_minus_a1,state,0,0.000000000,2048,-0.021475731,2062,-0.575539774,24,0.208320000,-62,16.611000,-147,0.000000000,2048,0.000000000,0,12.400,32,4398,1,0,
113906793454242,113906791324817,113906792370624,113906793454242,626,6.260000000,center_after_minus_a1,state,0,0.000000000,2048,-0.016873789,2059,-0.407674007,17,0.104160000,-31,19.775000,-175,0.000000000,2048,0.000000000,0,12.400,32,4408,1,1,
113906803457926,113906801322428,113906802376116,113906803457926,627,6.270000000,center_after_minus_a1,state,0,0.000000000,2048,-0.007669904,2053,-0.191846591,8,0.057120000,-17,21.809000,-193,0.000000000,2048,0.000000000,0,12.400,32,4418,0,1,
113906813448242,113906811324155,113906812370437,113906813448242,628,6.280000000,center_after_minus_a1,state,0,0.000000000,2048,0.003067962,2046,0.000000000,0,0.006720000,-2,21.131000,-187,0.000000000,2048,0.000000000,0,12.400,32,4428,0,1,
113906823646542,113906821324893,113906822512089,113906823646542,629,6.290000000,center_after_minus_a1,state,0,0.000000000,2048,0.012271846,2040,0.239808239,-10,-0.016800000,5,9.718000,-86,0.000000000,2048,0.000000000,0,12.500,32,4439,0,1,
113906833488586,113906831345785,113906832384745,113906833488586,630,6.300000000,center_after_minus_a1,state,0,0.000000000,2048,0.018407769,2036,0.407674007,-17,-0.194880000,58,1.130000,-10,0.000000000,2048,0.000000000,0,12.500,32,4448,1,0,
113906843488346,113906841404980,113906842389106,113906843488346,631,6.310000000,center_after_minus_a1,state,0,0.000000000,2048,0.023009712,2033,0.551558950,-23,-0.188160000,56,-0.113000,1,0.000000000,2048,0.000000000,0,12.500,32,4458,1,0,
113906853488380,113906851405806,113906852391575,113906853488380,632,6.320000000,center_after_minus_a1,state,0,0.000000000,2048,0.023009712,2033,0.599520598,-25,-0.131040000,39,-4.294000,38,0.000000000,2048,0.000000000,0,12.400,32,4468,1,0,
113906863540611,113906861351985,113906862388588,113906863540611,633,6.330000000,center_after_minus_a1,state,0,0.000000000,2048,0.023009712,2033,0.623501422,-26,-0.134400000,40,-11.752000,104,0.000000000,2048,0.000000000,0,12.400,32,4479,1,0,
113906873491866,113906871349574,113906872393035,113906873491866,634,6.340000000,center_after_minus_a1,state,0,0.000000000,2048,0.019941750,2035,0.551558950,-23,-0.120960000,36,-16.837000,149,0.000000000,2048,0.000000000,0,12.400,32,4488,1,0,
113906883486706,113906881406126,113906882391964,113906883486706,635,6.350000000,center_after_minus_a1,state,0,0.000000000,2048,0.013805827,2039,0.407674007,-17,-0.084000000,25,-17.741000,157,0.000000000,2048,0.000000000,0,12.300,32,4498,1,1,
113906893495380,113906891399338,113906892392937,113906893495380,636,6.360000000,center_after_minus_a1,state,0,0.000000000,2048,0.004601942,2045,0.191846591,-8,-0.030240000,9,-19.888000,176,0.000000000,2048,0.000000000,0,12.400,32,4508,0,1,
113906903505787,113906901399363,113906902394755,113906903505787,637,6.370000000,center_after_minus_a1,state,0,0.000000000,2048,-0.001533981,2049,0.000000000,0,-0.003360000,1,-20.227000,179,0.000000000,2048,0.000000000,0,12.400,32,4518,0,1,
113906913482063,113906911347540,113906912388697,113906913482063,638,6.380000000,center_after_minus_a1,state,0,0.000000000,2048,-0.010737866,2055,-0.167865767,7,-0.036960000,11,-1.130000,10,0.000000000,2048,0.000000000,0,12.400,32,4528,0,1,
113906923486672,113906921340787,113906922388580,113906923486672,639,6.390000000,center_after_minus_a1,state,0,0.000000000,2048,-0.016873789,2059,-0.335731535,14,-0.026880000,8,-0.226000,2,0.000000000,2048,0.000000000,0,12.500,32,4538,1,1,
113906933489102,113906931351907,113906932398834,113906933489102,640,6.400000000,center_after_minus_a1,state,0,0.000000000,2048,-0.019941750,2061,-0.479616478,20,-0.003360000,1,0.678000,-6,0.000000000,2048,0.000000000,0,12.400,32,4548,1,0,
113906943482956,113906941347979,113906942388938,113906943482956,641,6.410000000,center_after_minus_a1,state,0,0.000000000,2048,-0.021475731,2062,-0.551558950,23,0.117600000,-35,2.938000,-26,0.000000000,2048,0.000000000,0,12.400,32,4558,1,0,
113906953467992,113906951330668,113906952381652,113906953467992,642,6.420000000,center_after_minus_a1,state,0,0.000000000,2048,-0.021475731,2062,-0.551558950,23,0.124320000,-37,6.554000,-58,0.000000000,2048,0.000000000,0,12.400,32,4568,1,0,
113906963462555,113906961325917,113906962380500,113906963462555,643,6.430000000,center_after_minus_a1,state,0,0.000000000,2048,-0.019941750,2061,-0.479616478,20,0.107520000,-32,16.272000,-144,0.000000000,2048,0.000000000,0,12.400,32,4578,1,0,
113906973545292,113906971324948,113906972450204,113906973545292,644,6.440000000,center_after_minus_a1,state,0,0.000000000,2048,-0.015339808,2058,-0.383693183,16,0.094080000,-28,16.498000,-146,0.000000000,2048,0.000000000,0,12.400,32,4588,1,1,
113906983465743,113906981325383,113906982395409,113906983465743,645,6.450000000,center_after_minus_a1,state,0,0.000000000,2048,-0.010737866,2055,-0.239808239,10,0.067200000,-20,19.436000,-172,0.000000000,2048,0.000000000,0,12.500,32,4598,0,1,
113906993457749,113906991322837,113906992380240,113906993457749,646,6.460000000,center_after_minus_a1,state,0,0.000000000,2048,-0.001533981,2049,-0.071942472,3,0.016800000,-5,20.566000,-182,0.000000000,2048,0.000000000,0,12.400,32,4608,0,1,
113907003535780,113907001326716,113907002443654,113907003535780,647,6.470000000,center_after_minus_a1,state,0,0.000000000,2048,0.007669904,2043,0.095923296,-4,-0.262080000,78,2.825000,-25,0.000000000,2048,0.000000000,0,12.400,32,4618,0,1,
113907013476659,113907011334657,113907012386426,113907013476659,648,6.480000000,center_after_minus_a1,state,0,0.000000000,2048,0.015339808,2038,0.263789063,-11,-0.181440000,54,6.554000,-58,0.000000000,2048,0.000000000,0,12.400,32,4628,1,1,
113907023428578,113907021324033,113907022362500,113907023428578,649,6.490000000,center_after_minus_a1,state,0,0.000000000,2048,0.019941750,2035,0.407674007,-17,0.026880000,-8,0.339000,-3,0.000000000,2048,0.000000000,0,12.400,32,4638,1,0,
113907033484518,113907031333915,113907032387323,113907033484518,650,6.500000000,center_after_minus_a1,state,0,0.000000000,2048,0.021475731,2034,0.503597302,-21,-0.124320000,37,-1.582000,14,0.000000000,2048,0.000000000,0,12.400,32,4648,1,0,
113907043459022,113907041334784,113907042383693,113907043459022,651,6.510000000,center_after_minus_a1,state,0,0.000000000,2048,0.019941750,2035,0.527578126,-22,-0.107520000,32,-8.136000,72,0.000000000,2048,0.000000000,0,12.400,32,4658,1,0,
113907053449224,113907051326781,113907052378320,113907053449224,652,6.520000000,center_after_minus_a1,state,0,0.000000000,2048,0.019941750,2035,0.503597302,-21,-0.110880000,33,-14.803000,131,0.000000000,2048,0.000000000,0,12.400,32,4668,1,0,
113907063458371,113907061333477,113907062382446,113907063458371,653,6.530000000,center_after_minus_a1,state,0,0.000000000,2048,0.013805827,2039,0.431654831,-18,-0.094080000,28,-16.950000,150,0.000000000,2048,0.000000000,0,12.400,32,4678,1,1,
113907073507062,113907071326613,113907072375749,113907073507062,654,6.540000000,center_after_minus_a1,state,0,0.000000000,2048,0.007669904,2043,0.263789063,-11,-0.050400000,15,-17.854000,158,0.000000000,2048,0.000000000,0,12.500,32,4688,1,1,
113907083365652,113907081328144,113907082359437,113907083365652,655,6.550000000,center_after_minus_a1,state,0,0.000000000,2048,0.001533981,2047,0.071942472,-3,-0.026880000,8,-19.775000,175,0.000000000,2048,0.000000000,0,12.400,32,4698,0,1,
113907093390869,113907091332850,113907092344745,113907093390869,656,6.560000000,center_after_minus_a1,state,0,0.000000000,2048,-0.007669904,2053,-0.095923296,4,0.299040000,-89,-8.927000,79,0.000000000,2048,0.000000000,0,12.400,32,4708,0,1,
113907103432725,113907101333547,113907102371958,113907103432725,657,6.570000000,center_after_minus_a1,state,0,0.000000000,2048,-0.015339808,2058,-0.263789063,11,0.100800000,-30,-5.876000,52,0.000000000,2048,0.000000000,0,12.400,32,4718,1,1,
113907113467435,113907111334305,113907112386510,113907113467435,658,6.580000000,center_after_minus_a1,state,0,0.000000000,2048,-0.018407769,2060,-0.407674007,17,0.053760000,-16,0.113000,-1,0.000000000,2048,0.000000000,0,12.400,32,4728,1,0,
113907123456385,113907121325213,113907122353914,113907123456385,659,6.590000000,center_after_minus_a1,state,0,0.000000000,2048,-0.019941750,2061,-0.479616478,20,0.107520000,-32,2.260000,-20,0.000000000,2048,0.000000000,0,12.400,32,4738,1,0,
113907133448774,113907131330252,113907132378507,113907133448774,660,6.600000000,center_after_minus_a1,state,0,0.000000000,2048,-0.019941750,2061,-0.503597302,21,0.107520000,-32,6.215000,-55,0.000000000,2048,0.000000000,0,12.400,32,4748,1,0,
113907143445898,113907141323442,113907142361508,113907143445898,661,6.610000000,center_after_minus_a1,state,0,0.000000000,2048,-0.019941750,2061,-0.479616478,20,0.090720000,-27,13.108000,-116,0.000000000,2048,0.000000000,0,12.400,32,4758,1,0,
113907153467407,113907151326183,113907152355981,113907153467407,662,6.620000000,center_after_minus_a1,state,0,0.000000000,2048,-0.015339808,2058,-0.383693183,16,0.097440000,-29,14.125000,-125,0.000000000,2048,0.000000000,0,12.400,32,4768,1,1,
113907163441502,113907161325848,113907162356612,113907163441502,663,6.630000000,center_after_minus_a1,state,0,0.000000000,2048,-0.012271846,2056,-0.263789063,11,0.070560000,-21,17.289000,-153,0.000000000,2048,0.000000000,0,12.600,32,4778,1,1,
113907173407172,113907171327356,113907172339041,113907173407172,664,6.640000000,center_after_minus_a1,state,0,0.000000000,2048,-0.004601942,2051,-0.095923296,4,0.033600000,-10,19.549000,-173,0.000000000,2048,0.000000000,0,12.500,32,4788,0,1,
113907183412097,113907181317519,113907182315706,113907183412097,665,6.650000000,center_after_minus_a1,state,0,0.000000000,2048,0.004601942,2045,0.047961648,-2,0.026880000,-8,14.238000,-126,0.000000000,2048,0.000000000,0,12.400,32,4798,0,1,
113907193358487,113907191323442,113907192316773,113907193358487,666,6.660000000,center_after_minus_a1,state,0,0.000000000,2048,0.012271846,2040,0.215827415,-9,-0.225120000,67,4.294000,-38,0.000000000,2048,0.000000000,0,12.400,32,4808,0,1,
113907203419465,113907201323199,113907202341783,113907203419465,667,6.670000000,center_after_minus_a1,state,0,0.000000000,2048,0.016873789,2037,0.359712359,-15,0.020160000,-6,0.113000,-1,0.000000000,2048,0.000000000,0,12.400,32,4818,1,1,
113907213445286,113907211326371,113907212363556,113907213445286,668,6.680000000,center_after_minus_a1,state,0,0.000000000,2048,0.019941750,2035,0.455635655,-19,-0.110880000,33,-1.469000,13,0.000000000,2048,0.000000000,0,12.400,32,4828,1,0,
113907223438497,113907221326023,113907222353859,113907223438497,669,6.690000000,center_after_minus_a1,state,0,0.000000000,2048,0.019941750,2035,0.503597302,-21,-0.107520000,32,-7.232000,64,0.000000000,2048,0.000000000,0,12.400,32,4838,1,0,
113907233452320,113907231326861,113907232355066,113907233452320,670,6.700000000,center_after_minus_a1,state,0,0.000000000,2048,0.018407769,2036,0.503597302,-21,-0.077280000,23,-12.656000,112,0.000000000,2048,0.000000000,0,12.400,32,4848,1,0,
113907243443788,113907241323061,113907242372713,113907243443788,671,6.710000000,center_after_minus_a1,state,0,0.000000000,2048,0.015339808,2038,0.431654831,-18,-0.090720000,27,-16.611000,147,0.000000000,2048,0.000000000,0,12.400,32,4858,1,1,
113907253355329,113907251326565,113907252328092,113907253355329,672,6.720000000,center_after_minus_a1,state,0,0.000000000,2048,0.009203885,2042,0.287769887,-12,-0.050400000,15,-17.515000,155,0.000000000,2048,0.000000000,0,12.200,32,4868,1,1,
113907263371965,113907261333122,113907262326253,113907263371965,673,6.730000000,center_after_minus_a1,state,0,0.000000000,2048,0.001533981,2047,0.119904120,-5,-0.010080000,3,-19.662000,174,0.000000000,2048,0.000000000,0,12.600,32,4878,0,1,
113907273445488,113907271331546,113907272350288,113907273445488,674,6.740000000,center_after_minus_a1,state,0,0.000000000,2048,-0.006135923,2052,-0.047961648,2,-0.053760000,16,-8.588000,76,0.000000000,2048,0.000000000,0,12.500,32,4888,0,1,
113907283446223,113907281325455,113907282353546,113907283446223,675,6.750000000,center_after_minus_a1,state,0,0.000000000,2048,-0.013805827,2057,-0.215827415,9,-0.043680000,13,-3.729000,33,0.000000000,2048,0.000000000,0,12.400,32,4898,0,1,
113907293450048,113907291323259,113907292374424,113907293450048,676,6.760000000,center_after_minus_a1,state,0,0.000000000,2048,-0.018407769,2060,-0.359712359,15,0.201600000,-60,-2.260000,20,0.000000000,2048,0.000000000,0,12.400,32,4908,1,0,
113907303380916,113907301324674,113907302345009,113907303380916,677,6.770000000,center_after_minus_a1,state,0,0.000000000,2048,-0.019941750,2061,-0.455635655,19,0.110880000,-33,1.808000,-16,0.000000000,2048,0.000000000,0,12.400,32,4918,1,0,
113907313349357,113907311324070,113907312321716,113907313349357,678,6.780000000,center_after_minus_a1,state,0,0.000000000,2048,-0.019941750,2061,-0.503597302,21,0.114240000,-34,3.842000,-34,0.000000000,2048,0.000000000,0,12.400,32,4928,1,0,
113907323338790,113907321321567,113907322308949,113907323338790,679,6.790000000,center_after_minus_a1,state,0,0.000000000,2048,-0.019941750,2061,-0.479616478,20,0.107520000,-32,9.718000,-86,0.000000000,2048,0.000000000,0,12.500,32,4938,1,0,
113907333363672,113907331330994,113907332333013,113907333363672,680,6.800000000,center_after_minus_a1,state,0,0.000000000,2048,-0.016873789,2059,-0.407674007,17,0.060480000,-18,13.899000,-123,0.000000000,2048,0.000000000,0,12.500,32,4948,1,1,
113907343432712,113907341323383,113907342345957,113907343432712,681,6.810000000,center_after_minus_a1,state,0,0.000000000,2048,-0.013805827,2057,-0.287769887,12,0.073920000,-22,17.402000,-154,0.000000000,2048,0.000000000,0,12.200,32,4958,1,1,
113907353470603,113907351325538,113907352353676,113907353470603,682,6.820000000,center_after_minus_a1,state,0,0.000000000,2048,-0.006135923,2052,-0.143884944,6,0.043680000,-13,18.984000,-168,0.000000000,2048,0.000000000,0,12.200,32,4968,0,1,
113907363449955,113907361325342,113907362354439,113907363449955,683,6.830000000,center_after_minus_a1,state,0,0.000000000,2048,0.003067962,2046,0.023980824,-1,0.006720000,-2,17.967000,-159,0.000000000,2048,0.000000000,0,12.500,32,4978,0,1,
113907373454582,113907371333306,113907372363259,113907373454582,684,6.840000000,center_after_minus_a1,state,0,0.000000000,2048,0.012271846,2040,0.191846591,-8,-0.084000000,25,9.040000,-80,0.000000000,2048,0.000000000,0,12.400,32,4988,0,1,
113907383351816,113907381325715,113907382321668,113907383351816,685,6.850000000,center_after_minus_a1,state,0,0.000000000,2048,0.016873789,2037,0.335731535,-14,-0.110880000,33,0.000000,0,0.000000000,2048,0.000000000,0,12.300,32,4998,1,1,
113907393337723,113907391326400,113907392314352,113907393337723,686,6.860000000,center_after_minus_a1,state,0,0.000000000,2048,0.019941750,2035,0.455635655,-19,-0.117600000,35,-0.452000,4,0.000000000,2048,0.000000000,0,12.400,32,5008,1,0,
113907403335839,113907401324092,113907402315918,113907403335839,687,6.870000000,center_after_minus_a1,state,0,0.000000000,2048,0.021475731,2034,0.503597302,-21,-0.104160000,31,-4.746000,42,0.000000000,2048,0.000000000,0,12.400,32,5018,1,0,
113907413332472,113907411324722,113907412314710,113907413332472,688,6.880000000,center_after_minus_a1,state,0,0.000000000,2048,0.018407769,2036,0.503597302,-21,-0.107520000,32,-12.091000,107,0.000000000,2048,0.000000000,0,12.200,32,5028,1,0,
113907423337585,113907421323565,113907422306605,113907423337585,689,6.890000000,center_after_minus_a1,state,0,0.000000000,2048,0.016873789,2037,0.455635655,-19,-0.104160000,31,-16.498000,146,0.000000000,2048,0.000000000,0,12.500,32,5038,1,1,
113907433403617,113907431323962,113907432318976,113907433403617,690,6.900000000,center_after_minus_a1,state,0,0.000000000,2048,0.010737866,2041,0.335731535,-14,-0.070560000,21,-17.515000,155,0.000000000,2048,0.000000000,0,12.400,32,5048,1,1,
113907443390054,113907441322321,113907442378601,113907443390054,691,6.910000000,center_after_minus_a1,state,0,0.000000000,2048,0.003067962,2046,0.143884944,-6,-0.020160000,6,-19.097000,169,0.000000000,2048,0.000000000,0,12.200,32,5058,0,1,
113907453369567,113907451328467,113907452385868,113907453369567,692,6.920000000,center_after_minus_a1,state,0,0.000000000,2048,-0.003067962,2050,0.000000000,0,-0.010080000,3,-17.402000,154,0.000000000,2048,0.000000000,0,12.500,32,5068,0,1,
113907463325603,113907461326104,113907462348185,113907463325603,693,6.930000000,center_after_minus_a1,state,0,0.000000000,2048,-0.012271846,2056,-0.191846591,8,0.000000000,0,-4.407000,39,0.000000000,2048,0.000000000,0,12.500,32,5078,0,1,
113907473341925,113907471323965,113907472349395,113907473341925,694,6.940000000,center_after_minus_a1,state,0,0.000000000,2048,-0.016873789,2059,-0.335731535,14,0.161280000,-48,-5.424000,48,0.000000000,2048,0.000000000,0,12.500,32,5088,1,1,
113907483333229,113907481323084,113907482318656,113907483333229,695,6.950000000,center_after_minus_a1,state,0,0.000000000,2048,-0.019941750,2061,-0.455635655,19,0.097440000,-29,0.678000,-6,0.000000000,2048,0.000000000,0,12.500,32,5098,1,0,
113907493330890,113907491323154,113907492318347,113907493330890,696,6.960000000,center_after_minus_a1,state,0,0.000000000,2048,-0.019941750,2061,-0.503597302,21,0.114240000,-34,3.503000,-31,0.000000000,2048,0.000000000,0,12.500,32,5108,1,0,
113907503329050,113907501322228,113907502315894,113907503329050,697,6.970000000,center_after_minus_a1,state,0,0.000000000,2048,-0.019941750,2061,-0.479616478,20,0.114240000,-34,8.362000,-74,0.000000000,2048,0.000000000,0,12.300,32,5118,1,0,
113907513316410,113907511324472,113907512317563,113907513316410,698,6.980000000,center_after_minus_a1,state,0,0.000000000,2048,-0.018407769,2060,-0.431654831,18,0.117600000,-35,16.950000,-150,0.000000000,2048,0.000000000,0,12.200,32,5128,1,0,
113907523317399,113907521323944,113907522291827,113907523317399,699,6.990000000,center_after_minus_a1,hardware_error,0,0.000000000,2048,,,,,,,,,,,,,,,,,,0
113907533313924,113907531315350,113907532318677,113907533313924,700,7.000000000,center_after_minus_a1,state,0,0.000000000,2048,-0.007669904,2053,-0.167865767,7,0.053760000,-16,19.210000,-170,0.000000000,2048,0.000000000,0,12.300,32,5148,0,1,
113907543327443,113907541322941,113907542310711,113907543327443,701,7.010000000,center_after_minus_a1,state,0,0.000000000,2048,0.001533981,2047,0.000000000,0,0.006720000,-2,19.436000,-172,0.000000000,2048,0.000000000,0,12.200,32,5158,0,1,
113907553308361,113907551323514,113907552291347,113907553308361,702,7.020000000,center_after_minus_a1,state,0,0.000000000,2048,0.010737866,2041,0.143884944,-6,0.063840000,-19,6.780000,-60,0.000000000,2048,0.000000000,0,12.500,32,5168,0,1,
113907563310088,113907561326709,113907562296822,113907563310088,703,7.030000000,center_after_minus_a1,state,0,0.000000000,2048,0.015339808,2038,0.311750711,-13,0.060480000,-18,6.328000,-56,0.000000000,2048,0.000000000,0,12.400,32,5178,1,1,
113907573307302,113907571326845,113907572284488,113907573307302,704,7.040000000,center_after_minus_a1,state,0,0.000000000,2048,0.018407769,2036,0.431654831,-18,-0.120960000,36,-0.678000,6,0.000000000,2048,0.000000000,0,12.400,32,5188,1,0,
113907583324976,113907581327652,113907582299419,113907583324976,705,7.050000000,center_after_minus_a1,state,0,0.000000000,2048,0.019941750,2035,0.503597302,-21,-0.114240000,34,-3.277000,29,0.000000000,2048,0.000000000,0,12.400,32,5198,1,0,
113907593356188,113907591324059,113907592313887,113907593356188,706,7.060000000,center_after_minus_a1,state,0,0.000000000,2048,0.019941750,2035,0.503597302,-21,-0.107520000,32,-11.413000,101,0.000000000,2048,0.000000000,0,12.400,32,5208,1,0,
113907603389792,113907601326386,113907602323320,113907603389792,707,7.070000000,center_after_minus_a1,state,0,0.000000000,2048,0.018407769,2036,0.455635655,-19,-0.080640000,24,-15.707000,139,0.000000000,2048,0.000000000,0,12.200,32,5218,1,0,
113907613417477,113907611321985,113907612329303,113907613417477,708,7.080000000,center_after_minus_a1,state,0,0.000000000,2048,0.012271846,2040,0.359712359,-15,-0.073920000,22,-17.176000,152,0.000000000,2048,0.000000000,0,12.300,32,5228,1,1,
113907623415394,113907621322220,113907622329858,113907623415394,709,7.090000000,center_after_minus_a1,state,0,0.000000000,2048,0.004601942,2045,0.191846591,-8,-0.026880000,8,-18.984000,168,0.000000000,2048,0.000000000,0,12.500,32,5238,0,1,
113907633418243,113907631324758,113907632333730,113907633418243,710,7.100000000,center_after_minus_a1,state,0,0.000000000,2048,-0.001533981,2049,0.000000000,0,-0.003360000,1,-19.323000,171,0.000000000,2048,0.000000000,0,12.300,32,5248,0,1,
113907643412306,113907641323144,113907642329841,113907643412306,711,7.110000000,center_after_minus_a1,state,0,0.000000000,2048,-0.010737866,2055,-0.143884944,6,-0.043680000,13,-0.226000,2,0.000000000,2048,0.000000000,0,12.400,32,5258,0,1,
113907653422524,113907651326513,113907652328928,113907653422524,712,7.120000000,center_after_minus_a1,state,0,0.000000000,2048,-0.016873789,2059,-0.311750711,13,0.067200000,-20,0.226000,-2,0.000000000,2048,0.000000000,0,12.400,32,5268,1,1,
113907663417792,113907661323631,113907662339832,113907663417792,713,7.130000000,center_after_minus_a1,state,0,0.000000000,2048,-0.019941750,2061,-0.431654831,18,0.147840000,-44,-0.678000,6,0.000000000,2048,0.000000000,0,12.400,32,5278,1,0,
113907673453028,113907671327433,113907672334091,113907673453028,714,7.140000000,center_after_minus_a1,state,0,0.000000000,2048,-0.019941750,2061,-0.503597302,21,0.110880000,-33,3.390000,-30,0.000000000,2048,0.000000000,0,12.400,32,5288,1,0,
113907683415385,113907681323217,113907682329389,113907683415385,715,7.150000000,center_after_minus_a1,state,0,0.000000000,2048,-0.019941750,2061,-0.503597302,21,0.084000000,-25,8.023000,-71,0.000000000,2048,0.000000000,0,12.400,32,5298,1,0,
113907693421236,113907691323785,113907692332414,113907693421236,716,7.160000000,center_after_minus_a1,state,0,0.000000000,2048,-0.019941750,2061,-0.431654831,18,0.087360000,-26,15.933000,-141,0.000000000,2048,0.000000000,0,12.400,32,5308,1,0,
113907703409612,113907701323557,113907702333736,113907703409612,717,7.170000000,center_after_minus_a1,state,0,0.000000000,2048,-0.013805827,2057,-0.359712359,15,0.087360000,-26,15.368000,-136,0.000000000,2048,0.000000000,0,12.300,32,5318,1,1,
113907713415214,113907711324950,113907712335775,113907713415214,718,7.180000000,center_after_minus_a1,state,0,0.000000000,2048,-0.009203885,2054,-0.215827415,9,0.053760000,-16,18.871000,-167,0.000000000,2048,0.000000000,0,12.400,32,5328,0,1,
113907723421643,113907721323357,113907722337436,113907723421643,719,7.190000000,center_after_minus_a1,state,0,0.000000000,2048,-0.001533981,2049,-0.047961648,2,0.013440000,-4,19.775000,-175,0.000000000,2048,0.000000000,0,12.300,32,5338,0,1,
113907733425654,113907731324706,113907732328961,113907733425654,720,7.200000000,center_after_minus_a1,state,0,0.000000000,2048,0.007669904,2043,0.119904120,-5,0.043680000,-13,13.673000,-121,0.000000000,2048,0.000000000,0,12.300,32,5348,0,1,
113907743412377,113907741323057,113907742334989,113907743412377,721,7.210000000,center_after_minus_a1,state,0,0.000000000,2048,0.013805827,2039,0.263789063,-11,-0.067200000,20,5.424000,-48,0.000000000,2048,0.000000000,0,12.400,32,5358,1,1,
113907753411791,113907751325504,113907752332836,113907753411791,722,7.220000000,center_after_minus_a1,state,0,0.000000000,2048,0.018407769,2036,0.407674007,-17,-0.067200000,20,-0.565000,5,0.000000000,2048,0.000000000,0,12.400,32,5368,1,0,
113907763408192,113907761322100,113907762332300,113907763408192,723,7.230000000,center_after_minus_a1,state,0,0.000000000,2048,0.019941750,2035,0.479616478,-20,-0.104160000,31,-3.390000,30,0.000000000,2048,0.000000000,0,12.400,32,5378,1,0,
113907773418448,113907771325048,113907772353951,113907773418448,724,7.240000000,center_after_minus_a1,state,0,0.000000000,2048,0.018407769,2036,0.503597302,-21,-0.100800000,30,-9.718000,86,0.000000000,2048,0.000000000,0,12.400,32,5388,1,0,
113907783402043,113907781324407,113907782318981,113907783402043,725,7.250000000,center_after_minus_a1,state,0,0.000000000,2048,0.016873789,2037,0.479616478,-20,-0.100800000,30,-15.029000,133,0.000000000,2048,0.000000000,0,12.400,32,5398,1,1,
113907793470951,113907791323654,113907792336979,113907793470951,726,7.260000000,center_after_minus_a1,state,0,0.000000000,2048,0.012271846,2040,0.383693183,-16,-0.080640000,24,-17.063000,151,0.000000000,2048,0.000000000,0,12.400,32,5408,1,1,
113907803491133,113907801322652,113907802389716,113907803491133,727,7.270000000,center_after_minus_a1,state,0,0.000000000,2048,0.004601942,2045,0.215827415,-9,-0.023520000,7,-18.758000,166,0.000000000,2048,0.000000000,0,12.300,32,5418,0,1,
113907813474377,113907811324546,113907812393218,113907813474377,728,7.280000000,center_after_minus_a1,state,0,0.000000000,2048,0.000000000,2048,0.023980824,-1,-0.006720000,2,-18.871000,167,0.000000000,2048,0.000000000,0,12.500,32,5428,0,1,
113907823668552,113907821324047,113907822529271,113907823668552,729,7.290000000,center_after_minus_a1,state,0,0.000000000,2048,-0.009203885,2054,-0.143884944,6,-0.043680000,13,-10.961000,97,0.000000000,2048,0.000000000,0,12.500,32,5439,0,1,
113907833508811,113907831405542,113907832530985,113907833508811,730,7.300000000,center_after_minus_a1,state,0,0.000000000,2048,-0.015339808,2058,-0.311750711,13,-0.006720000,2,-3.616000,32,0.000000000,2048,0.000000000,0,12.400,32,5449,1,1,
113907843503785,113907841408869,113907842415062,113907843503785,731,7.310000000,center_after_minus_a1,state,0,0.000000000,2048,-0.018407769,2060,-0.407674007,17,0.057120000,-17,0.565000,-5,0.000000000,2048,0.000000000,0,12.400,32,5458,1,0,
113907853507580,113907851335921,113907852406542,113907853507580,732,7.320000000,center_after_minus_a1,state,0,0.000000000,2048,-0.019941750,2061,-0.479616478,20,0.114240000,-34,3.164000,-28,0.000000000,2048,0.000000000,0,12.400,32,5468,1,0,
113907863671216,113907861406698,113907862535135,113907863671216,733,7.330000000,center_after_minus_a1,state,0,0.000000000,2048,-0.019941750,2061,-0.479616478,20,0.114240000,-34,6.554000,-58,0.000000000,2048,0.000000000,0,12.400,32,5479,1,0,
113907873501945,113907871337020,113907872423564,113907873501945,734,7.340000000,center_after_minus_a1,state,0,0.000000000,2048,-0.018407769,2060,-0.431654831,18,0.097440000,-29,15.029000,-133,0.000000000,2048,0.000000000,0,12.300,32,5488,1,0,
113907883500869,113907881348000,113907882424364,113907883500869,735,7.350000000,center_after_minus_a1,state,0,0.000000000,2048,-0.013805827,2057,-0.335731535,14,0.077280000,-23,15.820000,-140,0.000000000,2048,0.000000000,0,12.400,32,5498,1,1,
113907893699098,113907891400646,113907892517189,113907893699098,736,7.360000000,center_after_minus_a1,state,0,0.000000000,2048,-0.009203885,2054,-0.191846591,8,0.060480000,-18,17.967000,-159,0.000000000,2048,0.000000000,0,12.300,32,5508,0,1,
113907903671442,113907901347175,113907902520705,113907903671442,737,7.370000000,center_after_minus_a1,state,0,0.000000000,2048,0.000000000,2048,-0.047961648,2,0.013440000,-4,19.549000,-173,0.000000000,2048,0.000000000,0,12.300,32,5518,0,1,
113907913541012,113907911336818,113907912416637,113907913541012,738,7.380000000,center_after_minus_a1,state,0,0.000000000,2048,0.007669904,2043,0.095923296,-4,-0.120960000,36,14.351000,-127,0.000000000,2048,0.000000000,0,12.400,32,5528,0,1,
113907923476747,113907921323993,113907922378265,113907923476747,739,7.390000000,center_after_minus_a1,state,0,0.000000000,2048,0.013805827,2039,0.263789063,-11,-0.060480000,18,7.458000,-66,0.000000000,2048,0.000000000,0,12.400,32,5538,1,1,
113907933482594,113907931324562,113907932395946,113907933482594,740,7.400000000,center_after_minus_a1,state,0,0.000000000,2048,0.018407769,2036,0.407674007,-17,0.047040000,-14,-1.130000,10,0.000000000,2048,0.000000000,0,12.400,32,5548,1,0,
113907943459176,113907941325621,113907942392274,113907943459176,741,7.410000000,center_after_minus_a1,state,0,0.000000000,2048,0.019941750,2035,0.479616478,-20,-0.097440000,29,-3.390000,30,0.000000000,2048,0.000000000,0,12.400,32,5558,1,0,
113907953458651,113907951325262,113907952391111,113907953458651,742,7.420000000,center_after_minus_a1,state,0,0.000000000,2048,0.019941750,2035,0.503597302,-21,-0.100800000,30,-9.379000,83,0.000000000,2048,0.000000000,0,12.400,32,5568,1,0,
113907963460705,113907961323585,113907962393205,113907963460705,743,7.430000000,center_after_minus_a1,state,0,0.000000000,2048,0.018407769,2036,0.455635655,-19,-0.094080000,28,-14.803000,131,0.000000000,2048,0.000000000,0,12.300,32,5578,1,0,
113907973475213,113907971325685,113907972403746,113907973475213,744,7.440000000,center_after_minus_a1,state,0,0.000000000,2048,0.012271846,2040,0.383693183,-16,-0.084000000,25,-16.950000,150,0.000000000,2048,0.000000000,0,12.400,32,5588,1,1,
113907983462775,113907981324674,113907982373359,113907983462775,745,7.450000000,center_after_minus_a1,state,0,0.000000000,2048,0.004601942,2045,0.215827415,-9,-0.036960000,11,-18.532000,164,0.000000000,2048,0.000000000,0,12.400,32,5598,0,1,
113907993472703,113907991324366,113907992374417,113907993472703,746,7.460000000,center_after_minus_a1,state,0,0.000000000,2048,0.000000000,2048,0.023980824,-1,-0.006720000,2,-18.871000,167,0.000000000,2048,0.000000000,0,12.300,32,5608,0,1,
113908003396762,113908001323361,113908002307001,113908003396762,747,7.470000000,center_after_minus_a1,state,0,0.000000000,2048,-0.009203885,2054,-0.119904120,5,-0.013440000,4,-6.554000,58,0.000000000,2048,0.000000000,0,12.400,32,5618,0,1,
113908013388104,113908011322918,113908012304018,113908013388104,748,7.480000000,center_after_minus_a1,state,0,0.000000000,2048,-0.015339808,2058,-0.287769887,12,0.084000000,-25,-3.616000,32,0.000000000,2048,0.000000000,0,12.400,32,5628,1,1,
113908023394715,113908021323632,113908022304624,113908023394715,749,7.490000000,center_after_minus_a1,state,0,0.000000000,2048,-0.018407769,2060,-0.407674007,17,0.144480000,-43,-0.226000,2,0.000000000,2048,0.000000000,0,12.400,32,5638,1,0,
113908033457783,113908031324446,113908032315572,113908033457783,750,7.500000000,plus_a2,state,0,0.070000000,2002,-0.019941750,2061,-0.479616478,20,0.117600000,-35,3.051000,-27,0.070563116,2002,0.000000000,0,12.400,32,5648,1,0,
113908043393885,113908041327319,113908042312499,113908043393885,751,7.510000000,plus_a2,state,0,0.070000000,2002,-0.018407769,2060,-0.503597302,21,0.470400000,-140,27.233000,-241,0.070563116,2002,0.000000000,0,12.400,32,5658,1,0,
113908053487615,113908051322579,113908052391700,113908053487615,752,7.520000000,plus_a2,state,0,0.070000000,2002,-0.009203885,2054,-0.407674007,17,0.473760000,-141,33.109000,-293,0.070563116,2002,0.000000000,0,12.300,32,5668,1,0,
113908063457032,113908061325595,113908062390952,113908063457032,753,7.530000000,plus_a2,state,0,0.070000000,2002,0.001533981,2047,-0.263789063,11,0.399840000,-119,39.776000,-352,0.070563116,2002,0.000000000,0,12.400,32,5678,1,0,
113908073463931,113908071323574,113908072376958,113908073463931,754,7.540000000,plus_a2,state,0,0.070000000,2002,0.023009712,2033,0.000000000,0,0.322560000,-96,43.844000,-388,0.070563116,2002,0.000000000,0,12.400,32,5688,0,0,
113908083407729,113908081330048,113908082327206,113908083407729,755,7.550000000,plus_a2,state,0,0.070000000,2002,0.044485443,2019,0.287769887,-12,0.194880000,-58,45.652000,-404,0.070563116,2002,0.000000000,0,12.400,32,5698,1,0,
113908093355138,113908091325449,113908092302020,113908093355138,756,7.560000000,plus_a2,state,0,0.070000000,2002,0.067495155,2004,0.647482246,-27,0.040320000,-12,45.087000,-399,0.070563116,2002,0.000000000,0,12.400,32,5708,1,1,
113908103378767,113908101330159,113908102303976,113908103378767,757,7.570000000,plus_a2,state,0,0.070000000,2002,0.088970886,1990,1.031175429,-43,0.124320000,-37,34.578000,-306,0.070563116,2002,0.000000000,0,12.400,32,5718,1,0,
113908113405932,113908111323508,113908112318178,113908113405932,758,7.580000000,plus_a2,state,0,0.070000000,2002,0.105844674,1979,1.366906964,-57,-0.282240000,84,19.436000,-172,0.070563116,2002,0.000000000,0,12.600,32,5728,1,0,
113908123401041,113908121323850,113908122311563,113908123401041,759,7.590000000,plus_a2,state,0,0.070000000,2002,0.116582540,1972,1.582734379,-66,-0.252000000,75,15.368000,-136,0.070563116,2002,0.000000000,0,12.500,32,5738,1,0,
113908133398342,113908131326817,113908132312852,113908133398342,760,7.600000000,plus_a2,state,0,0.070000000,2002,0.125786425,1966,1.702638498,-71,-0.325920000,97,11.639000,-103,0.070563116,2002,0.000000000,0,12.500,32,5748,1,0,
113908143397084,113908141330138,113908142306662,113908143397084,761,7.610000000,plus_a2,state,0,0.070000000,2002,0.131922348,1962,1.678657675,-70,-0.352800000,105,6.554000,-58,0.070563116,2002,0.000000000,0,12.500,32,5758,1,0,
113908153409960,113908151326407,113908152321301,113908153409960,762,7.620000000,plus_a2,state,0,0.070000000,2002,0.136524290,1959,1.558753555,-65,-0.366240000,109,-3.503000,31,0.070563116,2002,0.000000000,0,12.400,32,5768,1,0,
113908163393754,113908161328412,113908162315499,113908163393754,763,7.630000000,plus_a2,state,0,0.070000000,2002,0.136524290,1959,1.342926140,-56,-0.356160000,106,-16.046000,142,0.070563116,2002,0.000000000,0,12.400,32,5778,1,0,
113908173410087,113908171332175,113908172307466,113908173410087,764,7.640000000,plus_a2,state,0,0.070000000,2002,0.133456329,1961,1.055156253,-44,-0.369600000,110,-25.651000,227,0.070563116,2002,0.000000000,0,12.400,32,5788,1,0,
113908183401547,113908181325217,113908182312532,113908183401547,765,7.650000000,plus_a2,state,0,0.070000000,2002,0.122718463,1968,0.743405542,-31,-0.309120000,92,-29.380000,260,0.070563116,2002,0.000000000,0,12.400,32,5798,1,0,
113908193412694,113908191324249,113908192310889,113908193412694,766,7.660000000,plus_a2,state,0,0.070000000,2002,0.113514578,1974,0.431654831,-18,-0.245280000,73,-34.578000,306,0.070563116,2002,0.000000000,0,12.400,32,5808,1,0,
113908203406566,113908201329026,113908202317124,113908203406566,767,7.670000000,plus_a2,state,0,0.070000000,2002,0.096640790,1985,0.095923296,-4,-0.161280000,48,-37.177000,329,0.070563116,2002,0.000000000,0,12.400,32,5818,0,0,
113908213386649,113908211323985,113908212308978,113908213386649,768,7.680000000,plus_a2,state,0,0.070000000,2002,0.078233020,1997,-0.215827415,9,-0.057120000,17,-38.533000,341,0.070563116,2002,0.000000000,0,12.400,32,5828,0,1,
113908223395228,113908221323581,113908222303221,113908223395228,769,7.690000000,plus_a2,state,0,0.070000000,2002,0.058291270,2010,-0.575539774,24,-0.073920000,22,-20.566000,182,0.070563116,2002,0.000000000,0,12.400,32,5838,1,1,
113908233425868,113908231324946,113908232311016,113908233425868,770,7.700000000,plus_a2,state,0,0.070000000,2002,0.044485443,2019,-0.911271309,38,0.131040000,-39,-13.334000,118,0.070563116,2002,0.000000000,0,12.400,32,5848,1,0,
113908243402852,113908241333633,113908242324649,113908243402852,771,7.710000000,plus_a2,state,0,0.070000000,2002,0.033747577,2026,-1.127098724,47,0.204960000,-61,-12.769000,113,0.070563116,2002,0.000000000,0,12.400,32,5858,1,0,
113908253388269,113908251326511,113908252318872,113908253388269,772,7.720000000,plus_a2,state,0,0.070000000,2002,0.029145635,2029,-1.270983668,53,0.295680000,-88,-7.119000,63,0.070563116,2002,0.000000000,0,12.400,32,5868,1,0,
113908263385500,113908261323490,113908262318540,113908263385500,773,7.730000000,plus_a2,state,0,0.070000000,2002,0.024543693,2032,-1.294964492,54,0.275520000,-82,-1.356000,12,0.070563116,2002,0.000000000,0,12.400,32,5878,1,0,
113908273385303,113908271324175,113908272303451,113908273385303,774,7.740000000,plus_a2,state,0,0.070000000,2002,0.023009712,2033,-1.223022020,51,0.265440000,-79,8.249000,-73,0.070563116,2002,0.000000000,0,12.400,32,5888,1,0,
113908283397961,113908281325209,113908282319069,113908283397961,775,7.750000000,plus_a2,state,0,0.070000000,2002,0.024543693,2032,-1.055156253,44,0.258720000,-77,20.792000,-184,0.070563116,2002,0.000000000,0,12.400,32,5898,1,0,
113908293398256,113908291323405,113908292302067,113908293398256,776,7.760000000,plus_a2,state,0,0.070000000,2002,0.032213597,2027,-0.815348013,34,0.238560000,-71,23.052000,-204,0.070563116,2002,0.000000000,0,12.400,32,5908,1,0,
113908303463550,113908301323604,113908302372884,113908303463550,777,7.770000000,plus_a2,state,0,0.070000000,2002,0.038349520,2023,-0.503597302,21,0.201600000,-60,26.442000,-234,0.070563116,2002,0.000000000,0,12.400,32,5918,1,0,
113908313471271,113908311323334,113908312372565,113908313471271,778,7.780000000,plus_a2,state,0,0.070000000,2002,0.052155347,2014,-0.215827415,9,0.127680000,-38,28.589000,-253,0.070563116,2002,0.000000000,0,12.400,32,5928,0,0,
113908323460485,113908321323008,113908322375480,113908323460485,779,7.790000000,plus_a2,state,0,0.070000000,2002,0.065961174,2005,0.047961648,-2,0.030240000,-9,28.815000,-255,0.070563116,2002,0.000000000,0,12.400,32,5938,0,1,
113908333459647,113908331325233,113908332377344,113908333459647,780,7.800000000,plus_a2,state,0,0.070000000,2002,0.081300982,1995,0.359712359,-15,0.077280000,-23,12.204000,-108,0.070563116,2002,0.000000000,0,12.400,32,5948,1,1,
113908343400509,113908341324719,113908342374526,113908343400509,781,7.810000000,plus_a2,state,0,0.070000000,2002,0.092038847,1988,0.623501422,-26,-0.030240000,9,9.492000,-84,0.070563116,2002,0.000000000,0,12.500,32,5958,1,0,
113908353414621,113908351323963,113908352297199,113908353414621,782,7.820000000,plus_a2,state,0,0.070000000,2002,0.098174770,1984,0.815348013,-34,-0.057120000,17,1.921000,-17,0.070563116,2002,0.000000000,0,12.400,32,5968,1,0,
113908363406800,113908361325599,113908362305115,113908363406800,783,7.830000000,plus_a2,state,0,0.070000000,2002,0.101242732,1982,0.935252133,-39,-0.080640000,24,-0.904000,8,0.070563116,2002,0.000000000,0,12.400,32,5978,1,0,
113908373397109,113908371326107,113908372284248,113908373397109,784,7.840000000,plus_a2,state,0,0.070000000,2002,0.102776713,1981,0.959232957,-40,-0.178080000,53,-5.989000,53,0.070563116,2002,0.000000000,0,12.400,32,5988,1,0,
113908383365443,113908381325781,113908382294313,113908383365443,785,7.850000000,plus_a2,state,0,0.070000000,2002,0.101242732,1982,0.887290485,-37,-0.157920000,47,-14.577000,129,0.070563116,2002,0.000000000,0,12.400,32,5998,1,0,
113908393400078,113908391326595,113908392286094,113908393400078,786,7.860000000,plus_a2,state,0,0.070000000,2002,0.098174770,1984,0.719424718,-30,-0.154560000,46,-19.323000,171,0.070563116,2002,0.000000000,0,12.500,32,6008,1,0,
113908403391631,113908401328667,113908402293307,113908403391631,787,7.870000000,plus_a2,state,0,0.070000000,2002,0.090504866,1989,0.503597302,-21,-0.127680000,38,-20.792000,184,0.070563116,2002,0.000000000,0,12.400,32,6018,1,0,
113908413375504,113908411325013,113908412294624,113908413375504,788,7.880000000,plus_a2,state,0,0.070000000,2002,0.084368943,1993,0.263789063,-11,-0.090720000,27,-23.391000,207,0.070563116,2002,0.000000000,0,12.400,32,6028,1,1,
113908423370397,113908421323779,113908422292425,113908423370397,789,7.890000000,plus_a2,state,0,0.070000000,2002,0.072097097,2001,0.023980824,-1,-0.020160000,6,-24.634000,218,0.070563116,2002,0.000000000,0,12.500,32,6038,0,1,
113908433386577,113908431326437,113908432288196,113908433386577,790,7.900000000,plus_a2,state,0,0.070000000,2002,0.059825251,2009,-0.215827415,9,-0.050400000,15,-16.950000,150,0.070563116,2002,0.000000000,0,12.500,32,6048,0,1,
113908443372946,113908441330156,113908442299054,113908443372946,791,7.910000000,plus_a2,state,0,0.070000000,2002,0.052155347,2014,-0.431654831,18,0.060480000,-18,-5.424000,48,0.070563116,2002,0.000000000,0,12.500,32,6058,1,0,
113908453383419,113908451326241,113908452285649,113908453383419,792,7.920000000,plus_a2,state,0,0.070000000,2002,0.047553404,2017,-0.575539774,24,0.272160000,-81,-1.017000,9,0.070563116,2002,0.000000000,0,12.400,32,6068,1,0,
113908463380665,113908461325533,113908462290031,113908463380665,793,7.930000000,plus_a2,state,0,0.070000000,2002,0.044485443,2019,-0.671463070,28,0.131040000,-39,3.616000,-32,0.070563116,2002,0.000000000,0,12.400,32,6078,1,0,
113908473388774,113908471325109,113908472292389,113908473388774,794,7.940000000,plus_a2,state,0,0.070000000,2002,0.044485443,2019,-0.695443894,29,0.147840000,-44,6.328000,-56,0.070563116,2002,0.000000000,0,12.400,32,6088,1,0,
113908483398669,113908481330097,113908482328717,113908483398669,795,7.950000000,plus_a2,state,0,0.070000000,2002,0.044485443,2019,-0.647482246,27,0.134400000,-40,16.611000,-147,0.070563116,2002,0.000000000,0,12.500,32,6098,1,0,
113908493383284,113908491326857,113908492295677,113908493383284,796,7.960000000,plus_a2,state,0,0.070000000,2002,0.049087385,2016,-0.551558950,23,0.131040000,-39,17.402000,-154,0.070563116,2002,0.000000000,0,12.400,32,6108,1,0,
113908503386183,113908501325328,113908502295981,113908503386183,797,7.970000000,plus_a2,state,0,0.070000000,2002,0.055223308,2012,-0.359712359,15,0.087360000,-26,20.340000,-180,0.070563116,2002,0.000000000,0,12.400,32,6118,1,1,
113908513417086,113908511325026,113908512301858,113908513417086,798,7.980000000,plus_a2,state,0,0.070000000,2002,0.064427193,2006,-0.167865767,7,0.047040000,-14,22.035000,-195,0.070563116,2002,0.000000000,0,12.500,32,6128,0,1,
113908523302395,113908521324810,113908522292623,113908523302395,799,7.990000000,plus_a2,hardware_error,0,0.070000000,2002,,,,,,,,,,,,,,,,,,0
113908533379322,113908531325427,113908532300312,113908533379322,800,8.000000000,plus_a2,state,0,0.070000000,2002,0.085902924,1992,0.263789063,-11,-0.275520000,82,3.955000,-35,0.070563116,2002,0.000000000,0,12.500,32,6148,1,1,
113908543375367,113908541330362,113908542301243,113908543375367,801,8.010000000,plus_a2,state,0,0.070000000,2002,0.090504866,1989,0.455635655,-19,-0.033600000,10,1.695000,-15,0.070563116,2002,0.000000000,0,12.400,32,6158,1,0,
113908553405182,113908551326021,113908552296575,113908553405182,802,8.020000000,plus_a2,state,0,0.070000000,2002,0.093572828,1987,0.575539774,-24,-0.137760000,41,-0.339000,3,0.070563116,2002,0.000000000,0,12.400,32,6168,1,0,
113908563371695,113908561325009,113908562285194,113908563371695,803,8.030000000,plus_a2,state,0,0.070000000,2002,0.093572828,1987,0.623501422,-26,-0.127680000,38,-5.650000,50,0.070563116,2002,0.000000000,0,12.400,32,6178,1,0,
113908573363627,113908571325208,113908572304114,113908573363627,804,8.040000000,plus_a2,state,0,0.070000000,2002,0.092038847,1988,0.599520598,-25,-0.107520000,32,-12.995000,115,0.070563116,2002,0.000000000,0,12.600,32,6188,1,0,
113908583380084,113908581324954,113908582291692,113908583380084,805,8.050000000,plus_a2,state,0,0.070000000,2002,0.088970886,1990,0.527578126,-22,-0.110880000,33,-17.176000,152,0.070563116,2002,0.000000000,0,12.500,32,6198,1,0,
113908593394210,113908591324669,113908592292708,113908593394210,806,8.060000000,plus_a2,state,0,0.070000000,2002,0.082834963,1994,0.359712359,-15,-0.077280000,23,-18.984000,168,0.070563116,2002,0.000000000,0,12.400,32,6208,1,1,
113908603375136,113908601325217,113908602295163,113908603375136,807,8.070000000,plus_a2,state,0,0.070000000,2002,0.076699039,1998,0.167865767,-7,-0.040320000,12,-20.340000,180,0.070563116,2002,0.000000000,0,12.200,32,6218,0,1,
113908613374744,113908611322715,113908612290316,113908613374744,808,8.080000000,plus_a2,state,0,0.070000000,2002,0.065961174,2005,0.000000000,0,-0.013440000,4,-17.176000,152,0.070563116,2002,0.000000000,0,12.500,32,6228,0,1,
113908623449413,113908621324066,113908622360207,113908623449413,809,8.090000000,plus_a2,state,0,0.070000000,2002,0.058291270,2010,-0.215827415,9,-0.013440000,4,-2.147000,19,0.070563116,2002,0.000000000,0,12.500,32,6238,0,1,
113908633399533,113908631325715,113908632315767,113908633399533,810,8.100000000,plus_a2,state,0,0.070000000,2002,0.053689328,2013,-0.383693183,16,0.063840000,-19,-1.695000,15,0.070563116,2002,0.000000000,0,12.400,32,6248,1,1,
113908643389751,113908641326462,113908642298969,113908643389751,811,8.110000000,plus_a2,state,0,0.070000000,2002,0.050621366,2015,-0.479616478,20,0.127680000,-38,0.791000,-7,0.070563116,2002,0.000000000,0,12.400,32,6258,1,0,
113908653382707,113908651325402,113908652299564,113908653382707,812,8.120000000,plus_a2,state,0,0.070000000,2002,0.049087385,2016,-0.551558950,23,0.127680000,-38,3.390000,-30,0.070563116,2002,0.000000000,0,12.400,32,6268,1,0,
113908663375840,113908661323794,113908662296019,113908663375840,813,8.130000000,plus_a2,state,0,0.070000000,2002,0.050621366,2015,-0.527578126,22,0.107520000,-32,9.040000,-80,0.070563116,2002,0.000000000,0,12.300,32,6278,1,0,
113908673382951,113908671323335,113908672291412,113908673382951,814,8.140000000,plus_a2,state,0,0.070000000,2002,0.052155347,2014,-0.479616478,20,0.120960000,-36,17.176000,-152,0.070563116,2002,0.000000000,0,12.600,32,6288,1,0,
113908683384724,113908681324491,113908682291104,113908683384724,815,8.150000000,plus_a2,state,0,0.070000000,2002,0.056757289,2011,-0.359712359,15,0.090720000,-27,17.402000,-154,0.070563116,2002,0.000000000,0,12.500,32,6298,1,1,
113908693378591,113908691323804,113908692293080,113908693378591,816,8.160000000,plus_a2,state,0,0.070000000,2002,0.062893212,2007,-0.191846591,8,0.043680000,-13,18.984000,-168,0.070563116,2002,0.000000000,0,12.200,32,6308,0,1,
113908703376822,113908701323879,113908702296643,113908703376822,817,8.170000000,plus_a2,state,0,0.070000000,2002,0.072097097,2001,0.000000000,0,0.006720000,-2,19.549000,-173,0.070563116,2002,0.000000000,0,12.200,32,6318,0,1,
113908713378553,113908711322982,113908712291984,113908713378553,818,8.180000000,plus_a2,state,0,0.070000000,2002,0.081300982,1995,0.143884944,-6,0.053760000,-16,5.311000,-47,0.070563116,2002,0.000000000,0,12.400,32,6328,0,1,
113908723377564,113908721323024,113908722294440,113908723377564,819,8.190000000,plus_a2,state,0,0.070000000,2002,0.087436905,1991,0.311750711,-13,-0.120960000,36,5.876000,-52,0.070563116,2002,0.000000000,0,12.400,32,6338,1,1,
113908733382598,113908731324907,113908732300780,113908733382598,820,8.200000000,plus_a2,state,0,0.070000000,2002,0.088970886,1990,0.431654831,-18,-0.131040000,39,-0.113000,1,0.070563116,2002,0.000000000,0,12.400,32,6348,1,0,
113908743394523,113908741328957,113908742303540,113908743394523,821,8.210000000,plus_a2,state,0,0.070000000,2002,0.090504866,1989,0.503597302,-21,-0.104160000,31,-2.486000,22,0.070563116,2002,0.000000000,0,12.400,32,6358,1,0,
113908753388221,113908751324868,113908752296787,113908753388221,822,8.220000000,plus_a2,state,0,0.070000000,2002,0.090504866,1989,0.503597302,-21,-0.097440000,29,-9.379000,83,0.070563116,2002,0.000000000,0,12.400,32,6368,1,0,
113908763389035,113908761325884,113908762299686,113908763389035,823,8.230000000,plus_a2,state,0,0.070000000,2002,0.087436905,1991,0.455635655,-19,-0.094080000,28,-14.916000,132,0.070563116,2002,0.000000000,0,12.200,32,6378,1,1,
113908773383447,113908771325015,113908772297516,113908773383447,824,8.240000000,plus_a2,state,0,0.070000000,2002,0.084368943,1993,0.359712359,-15,-0.073920000,22,-16.950000,150,0.070563116,2002,0.000000000,0,12.500,32,6388,1,1,
113908783361860,113908781322967,113908782296548,113908783361860,825,8.250000000,plus_a2,state,0,0.070000000,2002,0.079767001,1996,0.215827415,-9,-0.057120000,17,-19.210000,170,0.070563116,2002,0.000000000,0,12.400,32,6398,0,1,
113908793457116,113908791324134,113908792292004,113908793457116,826,8.260000000,plus_a2,state,0,0.070000000,2002,0.070563116,2002,0.047961648,-2,-0.003360000,1,-19.888000,176,0.070563116,2002,0.000000000,0,12.200,32,6408,0,1,
113908803446356,113908801324176,113908802356022,113908803446356,827,8.270000000,plus_a2,state,0,0.070000000,2002,0.061359232,2008,-0.119904120,5,-0.073920000,22,-5.537000,49,0.070563116,2002,0.000000000,0,12.500,32,6418,0,1,
113908813435045,113908811322550,113908812354399,113908813435045,828,8.280000000,plus_a2,state,0,0.070000000,2002,0.055223308,2012,-0.287769887,12,0.060480000,-18,-1.921000,17,0.070563116,2002,0.000000000,0,12.500,32,6428,1,1,
113908823443274,113908821323496,113908822358257,113908823443274,829,8.290000000,plus_a2,state,0,0.070000000,2002,0.052155347,2014,-0.407674007,17,0.120960000,-36,0.565000,-5,0.070563116,2002,0.000000000,0,12.400,32,6438,1,0,
113908833452988,113908831326414,113908832362160,113908833452988,830,8.300000000,plus_a2,state,0,0.070000000,2002,0.050621366,2015,-0.479616478,20,0.104160000,-31,3.164000,-28,0.070563116,2002,0.000000000,0,12.400,32,6448,1,0,
113908843443217,113908841326048,113908842359809,113908843443217,831,8.310000000,plus_a2,state,0,0.070000000,2002,0.050621366,2015,-0.479616478,20,0.110880000,-33,6.215000,-55,0.070563116,2002,0.000000000,0,12.400,32,6458,1,0,
113908853450005,113908851326022,113908852354461,113908853450005,832,8.320000000,plus_a2,state,0,0.070000000,2002,0.050621366,2015,-0.479616478,20,0.094080000,-28,14.916000,-132,0.070563116,2002,0.000000000,0,12.200,32,6468,1,0,
113908863436795,113908861325249,113908862333983,113908863436795,833,8.330000000,plus_a2,state,0,0.070000000,2002,0.055223308,2012,-0.383693183,16,0.090720000,-27,15.255000,-135,0.070563116,2002,0.000000000,0,12.200,32,6478,1,1,
113908873458566,113908871325743,113908872295727,113908873458566,834,8.340000000,plus_a2,state,0,0.070000000,2002,0.061359232,2008,-0.239808239,10,0.053760000,-16,17.628000,-156,0.070563116,2002,0.000000000,0,12.400,32,6488,0,1,
113908883444054,113908881325188,113908882345296,113908883444054,835,8.350000000,plus_a2,state,0,0.070000000,2002,0.069029135,2003,-0.071942472,3,0.023520000,-7,19.323000,-171,0.070563116,2002,0.000000000,0,12.300,32,6498,0,1,
113908893443644,113908891325076,113908892336040,113908893443644,836,8.360000000,plus_a2,state,0,0.070000000,2002,0.078233020,1997,0.071942472,-3,0.063840000,-19,4.407000,-39,0.070563116,2002,0.000000000,0,12.200,32,6508,0,1,
113908903452569,113908901324783,113908902339638,113908903452569,837,8.370000000,plus_a2,state,0,0.070000000,2002,0.084368943,1993,0.239808239,-10,-0.023520000,7,2.599000,-23,0.070563116,2002,0.000000000,0,12.400,32,6518,0,1,
113908913457804,113908911323859,113908912334877,113908913457804,838,8.380000000,plus_a2,state,0,0.070000000,2002,0.088970886,1990,0.383693183,-16,-0.040320000,12,-0.791000,7,0.070563116,2002,0.000000000,0,12.400,32,6528,1,0,
113908923242753,113908921329438,113908922228935,113908923242753,839,8.390000000,plus_a2,state,0,0.070000000,2002,0.090504866,1989,0.479616478,-20,-0.094080000,28,-1.695000,15,0.070563116,2002,0.000000000,0,12.400,32,6538,1,0,
113908933280072,113908931316071,113908932239709,113908933280072,840,8.400000000,plus_a2,state,0,0.070000000,2002,0.090504866,1989,0.503597302,-21,-0.104160000,31,-7.797000,69,0.070563116,2002,0.000000000,0,12.400,32,6548,1,0,
113908943368440,113908941323470,113908942293191,113908943368440,841,8.410000000,plus_a2,state,0,0.070000000,2002,0.087436905,1991,0.479616478,-20,-0.094080000,28,-13.673000,121,0.070563116,2002,0.000000000,0,12.400,32,6558,1,1,
113908953413664,113908951325089,113908952314090,113908953413664,842,8.420000000,plus_a2,state,0,0.070000000,2002,0.082834963,1994,0.383693183,-16,-0.073920000,22,-16.272000,144,0.070563116,2002,0.000000000,0,12.200,32,6568,1,1,
113908963367178,113908961325467,113908962273507,113908963367178,843,8.430000000,plus_a2,state,0,0.070000000,2002,0.081300982,1995,0.239808239,-10,-0.057120000,17,-17.628000,156,0.070563116,2002,0.000000000,0,12.300,32,6578,0,1,
113908973385694,113908971324872,113908972297287,113908973385694,844,8.440000000,plus_a2,state,0,0.070000000,2002,0.073631078,2000,0.095923296,-4,-0.036960000,11,-19.549000,173,0.070563116,2002,0.000000000,0,12.500,32,6588,0,1,
113908983374373,113908981326199,113908982277517,113908983374373,845,8.450000000,plus_a2,state,0,0.070000000,2002,0.062893212,2007,-0.071942472,3,0.097440000,-29,-1.017000,9,0.070563116,2002,0.000000000,0,12.300,32,6598,0,1,
113908993295932,113908991318421,113908992269573,113908993295932,846,8.460000000,plus_a2,state,0,0.070000000,2002,0.056757289,2011,-0.239808239,10,-0.016800000,5,-7.345000,65,0.070563116,2002,0.000000000,0,12.400,32,6608,0,1,
113909003377377,113909001328803,113909002279358,113909003377377,847,8.470000000,plus_a2,state,0,0.070000000,2002,0.053689328,2013,-0.383693183,16,0.077280000,-23,-0.791000,7,0.070563116,2002,0.000000000,0,12.400,32,6618,1,1,
113909013361205,113909011326461,113909012276899,113909013361205,848,8.480000000,plus_a2,state,0,0.070000000,2002,0.050621366,2015,-0.455635655,19,0.110880000,-33,1.356000,-12,0.070563116,2002,0.000000000,0,12.400,32,6628,1,0,
113909023383409,113909021325152,113909022281435,113909023383409,849,8.490000000,plus_a2,state,0,0.070000000,2002,0.050621366,2015,-0.479616478,20,0.073920000,-22,5.198000,-46,0.070563116,2002,0.000000000,0,12.400,32,6638,1,0,
113909033400347,113909031325209,113909032298912,113909033400347,850,8.500000000,plus_a2,state,0,0.070000000,2002,0.050621366,2015,-0.455635655,19,0.107520000,-32,9.831000,-87,0.070563116,2002,0.000000000,0,12.400,32,6648,1,0,
113909043368191,113909041325738,113909042297185,113909043368191,851,8.510000000,plus_a2,state,0,0.070000000,2002,0.053689328,2013,-0.407674007,17,0.157920000,-47,13.786000,-122,0.070563116,2002,0.000000000,0,12.400,32,6658,1,1,
113909053387823,113909051325427,113909052295079,113909053387823,852,8.520000000,plus_a2,state,0,0.070000000,2002,0.059825251,2009,-0.263789063,11,0.063840000,-19,17.289000,-153,0.070563116,2002,0.000000000,0,12.300,32,6668,1,1,
113909063375753,113909061325122,113909062292341,113909063375753,853,8.530000000,plus_a2,state,0,0.070000000,2002,0.065961174,2005,-0.095923296,4,0.026880000,-8,19.210000,-170,0.070563116,2002,0.000000000,0,12.500,32,6678,0,1,
113909073380199,113909071324559,113909072293511,113909073380199,854,8.540000000,plus_a2,state,0,0.070000000,2002,0.075165059,1999,0.047961648,-2,0.026880000,-8,14.690000,-130,0.070563116,2002,0.000000000,0,12.400,32,6688,0,1,
113909083375985,113909081323651,113909082290795,113909083375985,855,8.550000000,plus_a2,state,0,0.070000000,2002,0.082834963,1994,0.215827415,-9,0.047040000,-14,1.695000,-15,0.070563116,2002,0.000000000,0,12.300,32,6698,0,1,
113909093380779,113909091323376,113909092292126,113909093380779,856,8.560000000,plus_a2,state,0,0.070000000,2002,0.087436905,1991,0.359712359,-15,-0.094080000,28,0.904000,-8,0.070563116,2002,0.000000000,0,12.400,32,6708,1,1,
113909103366245,113909101323348,113909102290244,113909103366245,857,8.570000000,plus_a2,state,0,0.070000000,2002,0.090504866,1989,0.455635655,-19,-0.134400000,40,-0.452000,4,0.070563116,2002,0.000000000,0,12.400,32,6718,1,0,
113909113409528,113909111323331,113909112321768,113909113409528,858,8.580000000,plus_a2,state,0,0.070000000,2002,0.090504866,1989,0.503597302,-21,-0.104160000,31,-6.102000,54,0.070563116,2002,0.000000000,0,12.400,32,6728,1,0,
113909123398247,113909121323181,113909122329925,113909123398247,859,8.590000000,plus_a2,state,0,0.070000000,2002,0.088970886,1990,0.479616478,-20,-0.094080000,28,-11.865000,105,0.070563116,2002,0.000000000,0,12.400,32,6738,1,0,
113909133349779,113909131326325,113909132300023,113909133349779,860,8.600000000,plus_a2,state,0,0.070000000,2002,0.084368943,1993,0.407674007,-17,-0.080640000,24,-16.159000,143,0.070563116,2002,0.000000000,0,12.400,32,6748,1,1,
113909143350010,113909141327157,113909142269865,113909143350010,861,8.610000000,plus_a2,state,0,0.070000000,2002,0.081300982,1995,0.263789063,-11,-0.063840000,19,-17.289000,153,0.070563116,2002,0.000000000,0,12.400,32,6758,1,1,
113909153370221,113909151324679,113909152263241,113909153370221,862,8.620000000,plus_a2,state,0,0.070000000,2002,0.075165059,1999,0.119904120,-5,-0.030240000,9,-19.323000,171,0.070563116,2002,0.000000000,0,12.300,32,6768,0,1,
113909163347277,113909161325921,113909162263688,113909163347277,863,8.630000000,plus_a2,state,0,0.070000000,2002,0.065961174,2005,-0.023980824,1,-0.030240000,9,-12.769000,113,0.070563116,2002,0.000000000,0,12.500,32,6778,0,1,
113909173350656,113909171332110,113909172264057,113909173350656,864,8.640000000,plus_a2,state,0,0.070000000,2002,0.058291270,2010,-0.191846591,8,-0.040320000,12,-8.136000,72,0.070563116,2002,0.000000000,0,12.400,32,6788,0,1,
113909183391107,113909181324619,113909182370942,113909183391107,865,8.650000000,plus_a2,state,0,0.070000000,2002,0.053689328,2013,-0.335731535,14,-0.040320000,12,-0.226000,2,0.070563116,2002,0.000000000,0,12.400,32,6798,1,1,
113909193374723,113909191402476,113909192264936,113909193374723,866,8.660000000,plus_a2,state,0,0.070000000,2002,0.050621366,2015,-0.431654831,18,0.114240000,-34,0.565000,-5,0.070563116,2002,0.000000000,0,12.400,32,6808,1,0,
113909203368851,113909201349137,113909202269749,113909203368851,867,8.670000000,plus_a2,state,0,0.070000000,2002,0.050621366,2015,-0.479616478,20,0.117600000,-35,3.503000,-31,0.070563116,2002,0.000000000,0,12.400,32,6818,1,0,
113909213378499,113909211335049,113909212276462,113909213378499,868,8.680000000,plus_a2,state,0,0.070000000,2002,0.052155347,2014,-0.455635655,19,0.110880000,-33,8.249000,-73,0.070563116,2002,0.000000000,0,12.300,32,6828,1,0,
113909223370688,113909221348146,113909222262959,113909223370688,869,8.690000000,plus_a2,state,0,0.070000000,2002,0.053689328,2013,-0.407674007,17,0.107520000,-32,16.837000,-149,0.070563116,2002,0.000000000,0,12.500,32,6838,1,1,
113909233356986,113909231332244,113909232259167,113909233356986,870,8.700000000,plus_a2,state,0,0.070000000,2002,0.058291270,2010,-0.311750711,13,0.077280000,-23,16.950000,-150,0.070563116,2002,0.000000000,0,12.400,32,6848,1,1,
113909243343756,113909241326919,113909242255913,113909243343756,871,8.710000000,plus_a2,state,0,0.070000000,2002,0.064427193,2006,-0.143884944,6,0.033600000,-10,18.758000,-166,0.070563116,2002,0.000000000,0,12.300,32,6858,0,1,
113909253351398,113909251326531,113909252250700,113909253351398,872,8.720000000,plus_a2,state,0,0.070000000,2002,0.072097097,2001,0.000000000,0,0.003360000,-1,18.984000,-168,0.070563116,2002,0.000000000,0,12.300,32,6868,0,1,
113909263349908,113909261323489,113909262254762,113909263349908,873,8.730000000,plus_a2,state,0,0.070000000,2002,0.079767001,1996,0.167865767,-7,0.043680000,-13,0.791000,-7,0.070563116,2002,0.000000000,0,12.500,32,6878,0,1,
113909273327581,113909271323877,113909272250075,113909273327581,874,8.740000000,plus_a2,state,0,0.070000000,2002,0.087436905,1991,0.311750711,-13,-0.023520000,7,0.678000,-6,0.070563116,2002,0.000000000,0,12.500,32,6888,1,1,
113909283336019,113909281323629,113909282253747,113909283336019,875,8.750000000,plus_a2,state,0,0.070000000,2002,0.088970886,1990,0.431654831,-18,-0.047040000,14,-0.452000,4,0.070563116,2002,0.000000000,0,12.400,32,6898,1,0,
113909293339025,113909291323984,113909292252583,113909293339025,876,8.760000000,plus_a2,state,0,0.070000000,2002,0.090504866,1989,0.479616478,-20,-0.104160000,31,-3.390000,30,0.070563116,2002,0.000000000,0,12.400,32,6908,1,0,
113909303344407,113909301323437,113909302295630,113909303344407,877,8.770000000,plus_a2,state,0,0.070000000,2002,0.088970886,1990,0.479616478,-20,-0.117600000,35,-9.831000,87,0.070563116,2002,0.000000000,0,12.400,32,6918,1,0,
113909313362140,113909311347377,113909312263434,113909313362140,878,8.780000000,plus_a2,state,0,0.070000000,2002,0.085902924,1992,0.431654831,-18,-0.097440000,29,-15.029000,133,0.070563116,2002,0.000000000,0,12.300,32,6928,1,1,
113909323338632,113909321326507,113909322252509,113909323338632,879,8.790000000,plus_a2,state,0,0.070000000,2002,0.081300982,1995,0.311750711,-13,-0.057120000,17,-16.724000,148,0.070563116,2002,0.000000000,0,12.500,32,6938,1,1,
113909333352849,113909331332474,113909332257174,113909333352849,880,8.800000000,plus_a2,state,0,0.070000000,2002,0.078233020,1997,0.167865767,-7,-0.047040000,14,-19.323000,171,0.070563116,2002,0.000000000,0,12.400,32,6948,0,1,
113909343342548,113909341324436,113909342251041,113909343342548,881,8.810000000,plus_a2,state,0,0.070000000,2002,0.069029135,2003,0.000000000,0,-0.003360000,1,-18.871000,167,0.070563116,2002,0.000000000,0,12.300,32,6958,0,1,
113909353338958,113909351327403,113909352260588,113909353338958,882,8.820000000,plus_a2,state,0,0.070000000,2002,0.059825251,2009,-0.143884944,6,-0.026880000,8,-10.848000,96,0.070563116,2002,0.000000000,0,12.400,32,6968,0,1,
113909363341533,113909361323069,113909362252984,113909363341533,883,8.830000000,plus_a2,state,0,0.070000000,2002,0.055223308,2012,-0.311750711,13,-0.043680000,13,-3.277000,29,0.070563116,2002,0.000000000,0,12.400,32,6978,1,1,
113909373330798,113909371324026,113909372250168,113909373330798,884,8.840000000,plus_a2,state,0,0.070000000,2002,0.052155347,2014,-0.407674007,17,0.124320000,-37,0.339000,-3,0.070563116,2002,0.000000000,0,12.400,32,6988,1,0,
113909383328178,113909381324047,113909382249408,113909383328178,885,8.850000000,plus_a2,state,0,0.070000000,2002,0.050621366,2015,-0.479616478,20,0.124320000,-37,3.164000,-28,0.070563116,2002,0.000000000,0,12.400,32,6998,1,0,
113909393403837,113909391324252,113909392250413,113909393403837,886,8.860000000,plus_a2,state,0,0.070000000,2002,0.052155347,2014,-0.479616478,20,0.090720000,-27,8.136000,-72,0.070563116,2002,0.000000000,0,12.400,32,7008,1,0,
113909403396262,113909401323590,113909402315411,113909403396262,887,8.870000000,plus_a2,state,0,0.070000000,2002,0.052155347,2014,-0.431654831,18,0.094080000,-28,16.272000,-144,0.070563116,2002,0.000000000,0,12.400,32,7018,1,0,
113909413401611,113909411325834,113909412320004,113909413401611,888,8.880000000,plus_a2,state,0,0.070000000,2002,0.056757289,2011,-0.335731535,14,0.060480000,-18,16.272000,-144,0.070563116,2002,0.000000000,0,12.400,32,7028,1,1,
113909423394111,113909421323902,113909422272025,113909423394111,889,8.890000000,plus_a2,state,0,0.070000000,2002,0.064427193,2006,-0.191846591,8,0.047040000,-14,17.741000,-157,0.070563116,2002,0.000000000,0,12.500,32,7038,0,1,
113909433402307,113909431323868,113909432313323,113909433402307,890,8.900000000,plus_a2,state,0,0.070000000,2002,0.070563116,2002,-0.023980824,1,0.020160000,-6,19.549000,-173,0.070563116,2002,0.000000000,0,12.400,32,7048,0,1,
113909443402115,113909441325829,113909442320185,113909443402115,891,8.910000000,plus_a2,state,0,0.070000000,2002,0.079767001,1996,0.119904120,-5,0.036960000,-11,11.187000,-99,0.070563116,2002,0.000000000,0,12.400,32,7058,0,1,
113909453399050,113909451326562,113909452316179,113909453399050,892,8.920000000,plus_a2,state,0,0.070000000,2002,0.085902924,1992,0.287769887,-12,0.006720000,-2,0.452000,-4,0.070563116,2002,0.000000000,0,12.400,32,7068,1,1,
113909463411168,113909461322999,113909462317984,113909463411168,893,8.930000000,plus_a2,state,0,0.070000000,2002,0.088970886,1990,0.407674007,-17,-0.107520000,32,-0.452000,4,0.070563116,2002,0.000000000,0,12.400,32,7078,1,0,
113909473414201,113909471325080,113909472271234,113909473414201,894,8.940000000,plus_a2,state,0,0.070000000,2002,0.090504866,1989,0.479616478,-20,-0.110880000,33,-2.147000,19,0.070563116,2002,0.000000000,0,12.400,32,7088,1,0,
113909483440465,113909481337912,113909482331765,113909483440465,895,8.950000000,plus_a2,state,0,0.070000000,2002,0.088970886,1990,0.503597302,-21,-0.104160000,31,-9.492000,84,0.070563116,2002,0.000000000,0,12.400,32,7098,1,0,
113909493421246,113909491325782,113909492322876,113909493421246,896,8.960000000,plus_a2,state,0,0.070000000,2002,0.087436905,1991,0.455635655,-19,-0.090720000,27,-14.690000,130,0.070563116,2002,0.000000000,0,12.400,32,7108,1,1,
113909503410191,113909501326341,113909502322922,113909503410191,897,8.970000000,plus_a2,state,0,0.070000000,2002,0.081300982,1995,0.335731535,-14,-0.063840000,19,-16.611000,147,0.070563116,2002,0.000000000,0,12.400,32,7118,1,1,
113909513409375,113909511325707,113909512319676,113909513409375,898,8.980000000,plus_a2,state,0,0.070000000,2002,0.079767001,1996,0.191846591,-8,-0.040320000,12,-17.967000,159,0.070563116,2002,0.000000000,0,12.500,32,7128,0,1,
113909523322375,113909521324121,113909522277059,113909523322375,899,8.990000000,plus_a2,hardware_error,0,0.070000000,2002,,,,,,,,,,,,,,,,,,0
113909533419406,113909531325813,113909532246324,113909533419406,900,9.000000000,center_after_plus_a2,state,0,0.000000000,2048,0.061359232,2008,-0.119904120,5,-0.047040000,14,-9.492000,84,0.000000000,2048,0.000000000,0,12.400,32,7148,0,0,
113909543411561,113909541327968,113909542249642,113909543411561,901,9.010000000,center_after_plus_a2,state,0,0.000000000,2048,0.053689328,2013,-0.287769887,12,-0.309120000,92,-28.137000,249,0.000000000,2048,0.000000000,0,12.400,32,7158,1,0,
113909553386880,113909551325158,113909552306079,113909553386880,902,9.020000000,center_after_plus_a2,state,0,0.000000000,2048,0.038349520,2023,-0.455635655,19,-0.241920000,72,-32.657000,289,0.000000000,2048,0.000000000,0,12.400,33,7168,1,0,
113909563382222,113909561324084,113909562312931,113909563382222,903,9.030000000,center_after_plus_a2,state,0,0.000000000,2048,0.023009712,2033,-0.623501422,26,-0.154560000,46,-35.482000,314,0.000000000,2048,0.000000000,0,12.400,33,7178,1,0,
113909573401654,113909571323054,113909572255479,113909573401654,904,9.040000000,center_after_plus_a2,state,0,0.000000000,2048,0.006135923,2044,-0.791367189,33,-0.040320000,12,-36.047000,319,0.000000000,2048,0.000000000,0,12.400,33,7188,1,1,
113909583380760,113909581323626,113909582295751,113909583380760,905,9.050000000,center_after_plus_a2,state,0,0.000000000,2048,-0.013805827,2057,-1.007194605,42,-0.090720000,27,-13.221000,117,0.000000000,2048,0.000000000,0,12.400,33,7198,1,1,
113909593334556,113909591323420,113909592296966,113909593334556,906,9.060000000,center_after_plus_a2,state,0,0.000000000,2048,-0.026077673,2065,-1.175060372,49,0.077280000,-23,-6.102000,54,0.000000000,2048,0.000000000,0,12.400,33,7208,1,0,
113909603336473,113909601323506,113909602239066,113909603336473,907,9.070000000,center_after_plus_a2,state,0,0.000000000,2048,-0.033747577,2070,-1.270983668,53,0.211680000,-63,-9.040000,80,0.000000000,2048,0.000000000,0,12.400,33,7218,1,0,
113909613314668,113909611324006,113909612235182,113909613314668,908,9.080000000,center_after_plus_a2,state,0,0.000000000,2048,-0.039883500,2074,-1.318945316,55,0.268800000,-80,-0.226000,2,0.000000000,2048,0.000000000,0,12.400,33,7228,1,0,
113909623321264,113909621322655,113909622236667,113909623321264,909,9.090000000,center_after_plus_a2,state,0,0.000000000,2048,-0.042951462,2076,-1.270983668,53,0.235200000,-70,2.486000,-22,0.000000000,2048,0.000000000,0,12.400,33,7238,1,0,
113909633314946,113909631324391,113909632240047,113909633314946,910,9.100000000,center_after_plus_a2,state,0,0.000000000,2048,-0.042951462,2076,-1.175060372,49,0.225120000,-67,10.283000,-91,0.000000000,2048,0.000000000,0,12.400,33,7248,1,0,
113909643331011,113909641324233,113909642243068,113909643331011,911,9.110000000,center_after_plus_a2,state,0,0.000000000,2048,-0.039883500,2074,-0.983213781,41,0.225120000,-67,21.244000,-188,0.000000000,2048,0.000000000,0,12.500,33,7258,1,0,
113909653322820,113909651324368,113909652239277,113909653322820,912,9.120000000,center_after_plus_a2,state,0,0.000000000,2048,-0.033747577,2070,-0.719424718,30,0.211680000,-63,22.374000,-198,0.000000000,2048,0.000000000,0,12.400,33,7268,1,0,
113909663317034,113909661323540,113909662238740,113909663317034,913,9.130000000,center_after_plus_a2,state,0,0.000000000,2048,-0.027611654,2066,-0.431654831,18,0.161280000,-48,25.651000,-227,0.000000000,2048,0.000000000,0,12.400,33,7278,1,0,
113909673311338,113909671323073,113909672241370,113909673311338,914,9.140000000,center_after_plus_a2,state,0,0.000000000,2048,-0.015339808,2058,-0.143884944,6,0.097440000,-29,27.798000,-246,0.000000000,2048,0.000000000,0,12.400,33,7288,0,1,
113909683325412,113909681322926,113909682234845,113909683325412,915,9.150000000,center_after_plus_a2,state,0,0.000000000,2048,0.000000000,2048,0.119904120,-5,0.026880000,-8,27.911000,-247,0.000000000,2048,0.000000000,0,12.500,33,7298,0,1,
113909693325597,113909691323445,113909692234303,113909693325597,916,9.160000000,center_after_plus_a2,state,0,0.000000000,2048,0.012271846,2040,0.407674007,-17,0.057120000,-17,14.577000,-129,0.000000000,2048,0.000000000,0,12.400,33,7308,1,1,
113909703318634,113909701323589,113909702238410,113909703318634,917,9.170000000,center_after_plus_a2,state,0,0.000000000,2048,0.023009712,2033,0.623501422,-26,-0.026880000,8,1.582000,-14,0.000000000,2048,0.000000000,0,12.400,33,7318,1,0,
113909713321948,113909711322970,113909712236720,113909713321948,918,9.180000000,center_after_plus_a2,state,0,0.000000000,2048,0.027611654,2030,0.791367189,-33,-0.097440000,29,-0.339000,3,0.000000000,2048,0.000000000,0,12.400,33,7328,1,0,
113909723316969,113909721323051,113909722235956,113909723316969,919,9.190000000,center_after_plus_a2,state,0,0.000000000,2048,0.030679616,2028,0.863309661,-36,-0.178080000,53,-1.130000,10,0.000000000,2048,0.000000000,0,12.400,33,7338,1,0,
113909733329612,113909731324435,113909732239581,113909733329612,920,9.200000000,center_after_plus_a2,state,0,0.000000000,2048,0.032213597,2027,0.887290485,-37,-0.168000000,50,-9.153000,81,0.000000000,2048,0.000000000,0,12.400,33,7348,1,0,
113909743329975,113909741325478,113909742240835,113909743329975,921,9.210000000,center_after_plus_a2,state,0,0.000000000,2048,0.030679616,2028,0.791367189,-33,-0.181440000,54,-16.611000,147,0.000000000,2048,0.000000000,0,12.400,33,7358,1,0,
113909753330333,113909751324304,113909752238914,113909753330333,922,9.220000000,center_after_plus_a2,state,0,0.000000000,2048,0.024543693,2032,0.647482246,-27,-0.147840000,44,-19.662000,174,0.000000000,2048,0.000000000,0,12.400,33,7368,1,0,
113909763321404,113909761326108,113909762239812,113909763321404,923,9.230000000,center_after_plus_a2,state,0,0.000000000,2048,0.015339808,2038,0.407674007,-17,-0.104160000,31,-21.696000,192,0.000000000,2048,0.000000000,0,12.400,33,7378,1,1,
113909773321157,113909771323237,113909772239500,113909773321157,924,9.240000000,center_after_plus_a2,state,0,0.000000000,2048,0.006135923,2044,0.143884944,-6,-0.047040000,14,-23.052000,204,0.000000000,2048,0.000000000,0,12.500,33,7388,0,1,
113909783317088,113909781323492,113909782239405,113909783317088,925,9.250000000,center_after_plus_a2,state,0,0.000000000,2048,-0.003067962,2050,-0.071942472,3,-0.013440000,4,-21.922000,194,0.000000000,2048,0.000000000,0,12.400,33,7398,0,1,
113909793313370,113909791324200,113909792239291,113909793313370,926,9.260000000,center_after_plus_a2,state,0,0.000000000,2048,-0.013805827,2057,-0.311750711,13,0.168000000,-50,-11.865000,105,0.000000000,2048,0.000000000,0,12.400,33,7408,1,1,
113909803308536,113909801323495,113909802239509,113909803308536,927,9.270000000,center_after_plus_a2,state,0,0.000000000,2048,-0.019941750,2061,-0.503597302,21,-0.043680000,13,-0.226000,2,0.000000000,2048,0.000000000,0,12.400,33,7418,1,0,
113909813321752,113909811323600,113909812231420,113909813321752,928,9.280000000,center_after_plus_a2,state,0,0.000000000,2048,-0.024543693,2064,-0.647482246,27,0.228480000,-68,-1.695000,15,0.000000000,2048,0.000000000,0,12.400,33,7428,1,0,
113909823326729,113909821323697,113909822330183,113909823326729,929,9.290000000,center_after_plus_a2,state,0,0.000000000,2048,-0.026077673,2065,-0.695443894,29,0.127680000,-38,3.729000,-33,0.000000000,2048,0.000000000,0,12.400,33,7438,1,0,
113909833327625,113909831325862,113909832242859,113909833327625,930,9.300000000,center_after_plus_a2,state,0,0.000000000,2048,-0.026077673,2065,-0.671463070,28,0.137760000,-41,10.509000,-93,0.000000000,2048,0.000000000,0,12.400,33,7448,1,0,
113909843323088,113909841324200,113909842241392,113909843323088,931,9.310000000,center_after_plus_a2,state,0,0.000000000,2048,-0.023009712,2063,-0.599520598,25,0.181440000,-54,16.272000,-144,0.000000000,2048,0.000000000,0,12.400,33,7458,1,0,
113909853326612,113909851326440,113909852236708,113909853326612,932,9.320000000,center_after_plus_a2,state,0,0.000000000,2048,-0.015339808,2058,-0.431654831,18,0.094080000,-28,18.758000,-166,0.000000000,2048,0.000000000,0,12.300,33,7468,1,1,
113909863318341,113909861325880,113909862240531,113909863318341,933,9.330000000,center_after_plus_a2,state,0,0.000000000,2048,-0.007669904,2053,-0.239808239,10,0.053760000,-16,20.114000,-178,0.000000000,2048,0.000000000,0,12.500,33,7478,0,1,
113909873320534,113909871324485,113909872235971,113909873320534,934,9.340000000,center_after_plus_a2,state,0,0.000000000,2048,-0.001533981,2049,-0.023980824,1,0.020160000,-6,21.922000,-194,0.000000000,2048,0.000000000,0,12.400,33,7488,0,1,
113909883326505,113909881324070,113909882238640,113909883326505,935,9.350000000,center_after_plus_a2,state,0,0.000000000,2048,0.009203885,2042,0.167865767,-7,-0.090720000,27,16.046000,-142,0.000000000,2048,0.000000000,0,12.400,33,7498,0,1,
113909893321591,113909891324451,113909892240743,113909893321591,936,9.360000000,center_after_plus_a2,state,0,0.000000000,2048,0.016873789,2037,0.359712359,-15,-0.073920000,22,8.249000,-73,0.000000000,2048,0.000000000,0,12.500,33,7508,1,1,
113909903318860,113909901324549,113909902245848,113909903318860,937,9.370000000,center_after_plus_a2,state,0,0.000000000,2048,0.021475731,2034,0.503597302,-21,0.040320000,-12,0.452000,-4,0.000000000,2048,0.000000000,0,12.500,33,7518,1,0,
113909913324981,113909911323484,113909912236252,113909913324981,938,9.380000000,center_after_plus_a2,state,0,0.000000000,2048,0.023009712,2033,0.599520598,-25,-0.131040000,39,-1.808000,16,0.000000000,2048,0.000000000,0,12.500,33,7528,1,0,
113909923312234,113909921323890,113909922229760,113909923312234,939,9.390000000,center_after_plus_a2,state,0,0.000000000,2048,0.023009712,2033,0.599520598,-25,-0.120960000,36,-8.475000,75,0.000000000,2048,0.000000000,0,12.400,33,7538,1,0,
113909933320117,113909931326509,113909932242208,113909933320117,940,9.400000000,center_after_plus_a2,state,0,0.000000000,2048,0.023009712,2033,0.551558950,-23,-0.114240000,34,-16.385000,145,0.000000000,2048,0.000000000,0,12.400,33,7548,1,0,
113909943327551,113909941330461,113909942233920,113909943327551,941,9.410000000,center_after_plus_a2,state,0,0.000000000,2048,0.018407769,2036,0.455635655,-19,-0.107520000,32,-17.402000,154,0.000000000,2048,0.000000000,0,12.400,33,7558,1,0,
113909953320072,113909951325544,113909952221283,113909953320072,942,9.420000000,center_after_plus_a2,state,0,0.000000000,2048,0.009203885,2042,0.263789063,-11,-0.057120000,17,-19.549000,173,0.000000000,2048,0.000000000,0,12.200,33,7568,1,1,
113909963308708,113909961325586,113909962236236,113909963308708,943,9.430000000,center_after_plus_a2,state,0,0.000000000,2048,0.001533981,2047,0.071942472,-3,-0.010080000,3,-20.340000,180,0.000000000,2048,0.000000000,0,12.500,33,7578,0,1,
113909973300098,113909971323851,113909972215049,113909973300098,944,9.440000000,center_after_plus_a2,state,0,0.000000000,2048,-0.007669904,2053,-0.095923296,4,-0.077280000,23,-0.678000,6,0.000000000,2048,0.000000000,0,12.500,33,7588,0,1,
113909983312691,113909981323627,113909982217878,113909983312691,945,9.450000000,center_after_plus_a2,state,0,0.000000000,2048,-0.015339808,2058,-0.287769887,12,0.144480000,-43,-9.153000,81,0.000000000,2048,0.000000000,0,12.400,33,7598,1,1,
113909993311030,113909991323679,113909992220601,113909993311030,946,9.460000000,center_after_plus_a2,state,0,0.000000000,2048,-0.019941750,2061,-0.431654831,18,0.131040000,-39,-0.226000,2,0.000000000,2048,0.000000000,0,12.400,33,7608,1,0,
113910003312862,113910001323556,113910002214577,113910003312862,947,9.470000000,center_after_plus_a2,state,0,0.000000000,2048,-0.021475731,2062,-0.527578126,22,0.117600000,-35,1.469000,-13,0.000000000,2048,0.000000000,0,12.400,33,7618,1,0,
113910013298991,113910011323478,113910012217791,113910013298991,948,9.480000000,center_after_plus_a2,state,0,0.000000000,2048,-0.021475731,2062,-0.551558950,23,0.117600000,-35,5.989000,-53,0.000000000,2048,0.000000000,0,12.400,33,7628,1,0,
113910023294841,113910021324074,113910022215189,113910023294841,949,9.490000000,center_after_plus_a2,state,0,0.000000000,2048,-0.021475731,2062,-0.527578126,22,0.097440000,-29,14.464000,-128,0.000000000,2048,0.000000000,0,12.500,33,7638,1,0,
113910033317210,113910031325033,113910032220586,113910033317210,950,9.500000000,center_after_plus_a2,state,0,0.000000000,2048,-0.016873789,2059,-0.431654831,18,0.107520000,-32,15.481000,-137,0.000000000,2048,0.000000000,0,12.500,33,7648,1,1,
113910043296156,113910041324072,113910042218770,113910043296156,951,9.510000000,center_after_plus_a2,state,0,0.000000000,2048,-0.010737866,2055,-0.287769887,12,0.050400000,-15,17.628000,-156,0.000000000,2048,0.000000000,0,12.200,33,7658,1,1,
113910053296680,113910051324518,113910052217482,113910053296680,952,9.520000000,center_after_plus_a2,state,0,0.000000000,2048,-0.003067962,2050,-0.095923296,4,0.020160000,-6,19.549000,-173,0.000000000,2048,0.000000000,0,12.200,33,7668,0,1,
113910063301486,113910061322708,113910062217663,113910063301486,953,9.530000000,center_after_plus_a2,state,0,0.000000000,2048,0.004601942,2045,0.071942472,-3,0.030240000,-9,13.560000,-120,0.000000000,2048,0.000000000,0,12.500,33,7678,0,1,
113910073349824,113910071323935,113910072215058,113910073349824,954,9.540000000,center_after_plus_a2,state,0,0.000000000,2048,0.012271846,2040,0.239808239,-10,-0.241920000,72,4.633000,-41,0.000000000,2048,0.000000000,0,12.400,33,7688,0,1,
113910083303960,113910081336780,113910082237111,113910083303960,955,9.550000000,center_after_plus_a2,state,0,0.000000000,2048,0.018407769,2036,0.383693183,-16,-0.077280000,23,-0.113000,1,0.000000000,2048,0.000000000,0,12.400,33,7698,1,0,
113910093310137,113910091327946,113910092214321,113910093310137,956,9.560000000,center_after_plus_a2,state,0,0.000000000,2048,0.019941750,2035,0.479616478,-20,-0.107520000,32,-2.599000,23,0.000000000,2048,0.000000000,0,12.400,33,7708,1,0,
113910103292640,113910101325245,113910102200870,113910103292640,957,9.570000000,center_after_plus_a2,state,0,0.000000000,2048,0.021475731,2034,0.527578126,-22,-0.110880000,33,-5.989000,53,0.000000000,2048,0.000000000,0,12.400,33,7718,1,0,
113910113357376,113910111324150,113910112273629,113910113357376,958,9.580000000,center_after_plus_a2,state,0,0.000000000,2048,0.019941750,2035,0.503597302,-21,-0.104160000,31,-13.334000,118,0.000000000,2048,0.000000000,0,12.200,33,7728,1,0,
113910123357598,113910121323874,113910122237054,113910123357598,959,9.590000000,center_after_plus_a2,state,0,0.000000000,2048,0.016873789,2037,0.431654831,-18,-0.097440000,29,-16.724000,148,0.000000000,2048,0.000000000,0,12.500,33,7738,1,1,
113910133369772,113910131285013,113910132274148,113910133369772,960,9.600000000,center_after_plus_a2,state,0,0.000000000,2048,0.009203885,2042,0.287769887,-12,-0.053760000,16,-17.854000,158,0.000000000,2048,0.000000000,0,12.400,33,7748,1,1,
113910143309137,113910141330105,113910142282942,113910143309137,961,9.610000000,center_after_plus_a2,state,0,0.000000000,2048,0.003067962,2046,0.119904120,-5,-0.016800000,5,-19.888000,176,0.000000000,2048,0.000000000,0,12.200,33,7758,0,1,
113910153380768,113910151325410,113910152278782,113910153380768,962,9.620000000,center_after_plus_a2,state,0,0.000000000,2048,-0.004601942,2051,-0.047961648,2,-0.047040000,14,-10.057000,89,0.000000000,2048,0.000000000,0,12.600,33,7768,0,1,
113910163368946,113910161327737,113910162287928,113910163368946,963,9.630000000,center_after_plus_a2,state,0,0.000000000,2048,-0.012271846,2056,-0.215827415,9,0.023520000,-7,-4.746000,42,0.000000000,2048,0.000000000,0,12.500,33,7778,0,1,
113910173309425,113910171331147,113910172234231,113910173309425,964,9.640000000,center_after_plus_a2,state,0,0.000000000,2048,-0.018407769,2060,-0.383693183,16,-0.003360000,1,-1.469000,13,0.000000000,2048,0.000000000,0,12.500,33,7788,1,0,
113910183286498,113910181323014,113910182205219,113910183286498,965,9.650000000,center_after_plus_a2,state,0,0.000000000,2048,-0.019941750,2061,-0.479616478,20,0.117600000,-35,0.904000,-8,0.000000000,2048,0.000000000,0,12.500,33,7798,1,0,
113910193295300,113910191325227,113910192202848,113910193295300,966,9.660000000,center_after_plus_a2,state,0,0.000000000,2048,-0.019941750,2061,-0.503597302,21,0.124320000,-37,3.842000,-34,0.000000000,2048,0.000000000,0,12.500,33,7808,1,0,
113910203301411,113910201326905,113910202240540,113910203301411,967,9.670000000,center_after_plus_a2,state,0,0.000000000,2048,-0.019941750,2061,-0.479616478,20,0.097440000,-29,9.605000,-85,0.000000000,2048,0.000000000,0,12.400,33,7818,1,0,
113910213300649,113910211324915,113910212209946,113910213300649,968,9.680000000,center_after_plus_a2,state,0,0.000000000,2048,-0.018407769,2060,-0.431654831,18,0.134400000,-40,12.204000,-108,0.000000000,2048,0.000000000,0,12.200,33,7828,1,0,
113910223424311,113910221324519,113910222209186,113910223424311,969,9.690000000,center_after_plus_a2,state,0,0.000000000,2048,-0.010737866,2055,-0.311750711,13,0.060480000,-18,17.402000,-154,0.000000000,2048,0.000000000,0,12.500,33,7838,1,1,
113910233370777,113910231326991,113910232298507,113910233370777,970,9.700000000,center_after_plus_a2,state,0,0.000000000,2048,-0.003067962,2050,-0.119904120,5,0.013440000,-4,17.741000,-157,0.000000000,2048,0.000000000,0,12.300,33,7848,0,1,
113910243383430,113910241325930,113910242288653,113910243383430,971,9.710000000,center_after_plus_a2,state,0,0.000000000,2048,0.001533981,2047,0.023980824,-1,0.013440000,-4,16.498000,-146,0.000000000,2048,0.000000000,0,12.200,33,7858,0,1,
113910253301096,113910251325414,113910252223381,113910253301096,972,9.720000000,center_after_plus_a2,state,0,0.000000000,2048,0.009203885,2042,0.191846591,-8,-0.050400000,15,9.831000,-87,0.000000000,2048,0.000000000,0,12.400,33,7868,0,1,
113910263295058,113910261324014,113910262211920,113910263295058,973,9.730000000,center_after_plus_a2,state,0,0.000000000,2048,0.015339808,2038,0.335731535,-14,0.080640000,-24,-0.339000,3,0.000000000,2048,0.000000000,0,12.400,33,7878,1,1,
113910273299385,113910271324657,113910272213092,113910273299385,974,9.740000000,center_after_plus_a2,state,0,0.000000000,2048,0.016873789,2037,0.431654831,-18,-0.097440000,29,-0.791000,7,0.000000000,2048,0.000000000,0,12.400,33,7888,1,1,
113910283299215,113910281323705,113910282214306,113910283299215,975,9.750000000,center_after_plus_a2,state,0,0.000000000,2048,0.018407769,2036,0.479616478,-20,-0.087360000,26,-4.407000,39,0.000000000,2048,0.000000000,0,12.400,33,7898,1,0,
113910293298253,113910291323480,113910292212502,113910293298253,976,9.760000000,center_after_plus_a2,state,0,0.000000000,2048,0.016873789,2037,0.455635655,-19,-0.080640000,24,-11.639000,103,0.000000000,2048,0.000000000,0,12.400,33,7908,1,1,
113910303371470,113910301323889,113910302285694,113910303371470,977,9.770000000,center_after_plus_a2,state,0,0.000000000,2048,0.015339808,2038,0.383693183,-16,-0.087360000,26,-14.916000,132,0.000000000,2048,0.000000000,0,12.200,33,7918,1,1,
113910313358607,113910311323581,113910312273977,113910313358607,978,9.780000000,center_after_plus_a2,state,0,0.000000000,2048,0.009203885,2042,0.287769887,-12,-0.053760000,16,-16.837000,149,0.000000000,2048,0.000000000,0,12.300,33,7928,1,1,
113910323359888,113910321322919,113910322277953,113910323359888,979,9.790000000,center_after_plus_a2,state,0,0.000000000,2048,0.001533981,2047,0.119904120,-5,-0.010080000,3,-17.854000,158,0.000000000,2048,0.000000000,0,12.500,33,7938,0,1,
113910333349844,113910331323161,113910332283763,113910333349844,980,9.800000000,center_after_plus_a2,state,0,0.000000000,2048,-0.004601942,2051,-0.023980824,1,-0.057120000,17,-6.554000,58,0.000000000,2048,0.000000000,0,12.300,33,7948,0,1,
113910343364112,113910341326107,113910342273769,113910343364112,981,9.810000000,center_after_plus_a2,state,0,0.000000000,2048,-0.010737866,2055,-0.167865767,7,-0.023520000,7,-2.034000,18,0.000000000,2048,0.000000000,0,12.400,33,7958,0,1,
113910353361295,113910351324730,113910352279647,113910353361295,982,9.820000000,center_after_plus_a2,state,0,0.000000000,2048,-0.015339808,2058,-0.311750711,13,0.194880000,-58,-0.339000,3,0.000000000,2048,0.000000000,0,12.400,33,7968,1,1,
113910363360982,113910361323833,113910362256693,113910363360982,983,9.830000000,center_after_plus_a2,state,0,0.000000000,2048,-0.016873789,2059,-0.383693183,16,0.094080000,-28,1.582000,-14,0.000000000,2048,0.000000000,0,12.400,33,7978,1,1,
113910373352922,113910371324841,113910372256792,113910373352922,984,9.840000000,center_after_plus_a2,state,0,0.000000000,2048,-0.016873789,2059,-0.431654831,18,0.104160000,-31,3.390000,-30,0.000000000,2048,0.000000000,0,12.400,33,7988,1,1,
113910383357329,113910381323091,113910382253147,113910383357329,985,9.850000000,center_after_plus_a2,state,0,0.000000000,2048,-0.016873789,2059,-0.407674007,17,0.090720000,-27,9.718000,-86,0.000000000,2048,0.000000000,0,12.400,33,7998,1,1,
113910393347811,113910391323230,113910392205469,113910393347811,986,9.860000000,center_after_plus_a2,state,0,0.000000000,2048,-0.013805827,2057,-0.359712359,15,0.084000000,-25,16.837000,-149,0.000000000,2048,0.000000000,0,12.400,33,8008,1,1,
113910403286828,113910401323740,113910402264397,113910403286828,987,9.870000000,center_after_plus_a2,state,0,0.000000000,2048,-0.007669904,2053,-0.239808239,10,0.050400000,-15,16.159000,-143,0.000000000,2048,0.000000000,0,12.300,33,8018,0,1,
113910413271332,113910411324107,113910412192284,113910413271332,988,9.880000000,center_after_plus_a2,state,0,0.000000000,2048,-0.001533981,2049,-0.095923296,4,0.013440000,-4,17.402000,-154,0.000000000,2048,0.000000000,0,12.500,33,8028,0,1,
113910423296157,113910421325201,113910422195555,113910423296157,989,9.890000000,center_after_plus_a2,state,0,0.000000000,2048,0.004601942,2045,0.047961648,-2,0.000000000,0,11.639000,-103,0.000000000,2048,0.000000000,0,12.400,33,8038,0,1,
113910433321685,113910431322870,113910432192368,113910433321685,990,9.900000000,center_after_plus_a2,state,0,0.000000000,2048,0.009203885,2042,0.191846591,-8,0.023520000,-7,-0.226000,2,0.000000000,2048,0.000000000,0,12.400,33,8048,0,1,
113910443281362,113910441324443,113910442204992,113910443281362,991,9.910000000,center_after_plus_a2,state,0,0.000000000,2048,0.012271846,2040,0.287769887,-12,-0.020160000,6,-0.565000,5,0.000000000,2048,0.000000000,0,12.400,33,8058,1,1,
113910453294569,113910451325373,113910452200169,113910453294569,992,9.920000000,center_after_plus_a2,state,0,0.000000000,2048,0.013805827,2039,0.359712359,-15,-0.073920000,22,-1.582000,14,0.000000000,2048,0.000000000,0,12.400,33,8068,1,1,
113910463278084,113910461323784,113910462198525,113910463278084,993,9.930000000,center_after_plus_a2,state,0,0.000000000,2048,0.013805827,2039,0.383693183,-16,-0.053760000,16,-7.458000,66,0.000000000,2048,0.000000000,0,12.400,33,8078,1,1,
113910473279857,113910471323958,113910472202165,113910473279857,994,9.940000000,center_after_plus_a2,state,0,0.000000000,2048,0.013805827,2039,0.359712359,-15,-0.053760000,16,-12.204000,108,0.000000000,2048,0.000000000,0,12.500,33,8088,1,1,
113910483282362,113910481322030,113910482195956,113910483282362,995,9.950000000,center_after_plus_a2,state,0,0.000000000,2048,0.009203885,2042,0.287769887,-12,-0.057120000,17,-14.803000,131,0.000000000,2048,0.000000000,0,12.400,33,8098,1,1,
113910493281751,113910491323097,113910492194419,113910493281751,996,9.960000000,center_after_plus_a2,state,0,0.000000000,2048,0.004601942,2045,0.167865767,-7,-0.023520000,7,-16.159000,143,0.000000000,2048,0.000000000,0,12.400,33,8108,0,1,
113910503278169,113910501323149,113910502196146,113910503278169,997,9.970000000,center_after_plus_a2,state,0,0.000000000,2048,-0.001533981,2049,0.023980824,-1,-0.016800000,5,-12.430000,110,0.000000000,2048,0.000000000,0,12.300,33,8118,0,1,
113910513273953,113910511323704,113910512194536,113910513273953,998,9.980000000,center_after_plus_a2,state,0,0.000000000,2048,-0.007669904,2053,-0.071942472,3,-0.033600000,10,-2.938000,26,0.000000000,2048,0.000000000,0,12.400,33,8128,0,1,
113910523212374,113910521322322,113910522196094,113910523212374,999,9.990000000,center_after_plus_a2,hardware_error,0,0.000000000,2048,,,,,,,,,,,,,,,,,,0
113910533284301,113910531325001,113910532197995,113910533284301,1000,10.000000000,center_after_plus_a2,state,0,0.000000000,2048,-0.013805827,2057,-0.287769887,12,0.087360000,-26,0.678000,-6,0.000000000,2048,0.000000000,0,12.400,33,8148,1,1,
113910543311461,113910541333460,113910542225885,113910543311461,1001,10.010000000,center_after_plus_a2,state,0,0.000000000,2048,-0.013805827,2057,-0.335731535,14,0.084000000,-25,3.277000,-29,0.000000000,2048,0.000000000,0,12.400,33,8158,1,1,
113910553290133,113910551327295,113910552216370,113910553290133,1002,10.020000000,center_after_plus_a2,state,0,0.000000000,2048,-0.013805827,2057,-0.335731535,14,0.077280000,-23,6.328000,-56,0.000000000,2048,0.000000000,0,12.400,33,8168,1,1,
113910563287886,113910561326398,113910562199289,113910563287886,1003,10.030000000,center_after_plus_a2,state,0,0.000000000,2048,-0.013805827,2057,-0.311750711,13,0.073920000,-22,8.588000,-76,0.000000000,2048,0.000000000,0,12.400,33,8178,1,1,
113910573274106,113910571326145,113910572194614,113910573274106,1004,10.040000000,center_after_plus_a2,state,0,0.000000000,2048,-0.010737866,2055,-0.239808239,10,0.073920000,-22,6.893000,-61,0.000000000,2048,0.000000000,0,12.400,33,8188,0,1,
113910583278585,113910581323917,113910582196656,113910583278585,1005,10.050000000,center_after_plus_a2,state,0,0.000000000,2048,-0.007669904,2053,-0.143884944,6,0.043680000,-13,4.746000,-42,0.000000000,2048,0.000000000,0,12.400,33,8198,0,1,
113910593274656,113910591324013,113910592196111,113910593274656,1006,10.060000000,center_after_plus_a2,state,0,0.000000000,2048,-0.004601942,2051,-0.047961648,2,0.026880000,-8,4.859000,-43,0.000000000,2048,0.000000000,0,12.400,33,8208,0,1,
113910603278554,113910601324387,113910602193852,113910603278554,1007,10.070000000,center_after_plus_a2,state,0,0.000000000,2048,-0.003067962,2050,0.023980824,-1,0.020160000,-6,4.859000,-43,0.000000000,2048,0.000000000,0,12.400,33,8218,0,1,
113910613285597,113910611323761,113910612195948,113910613285597,1008,10.080000000,center_after_plus_a2,state,0,0.000000000,2048,0.000000000,2048,0.095923296,-4,0.003360000,-1,4.633000,-41,0.000000000,2048,0.000000000,0,12.400,33,8228,0,1,
113910623282167,113910621323351,113910622202835,113910623282167,1009,10.090000000,center_after_plus_a2,state,0,0.000000000,2048,0.001533981,2047,0.143884944,-6,0.010080000,-3,0.113000,-1,0.000000000,2048,0.000000000,0,12.400,33,8238,0,1,
113910633284243,113910631325099,113910632193225,113910633284243,1010,10.100000000,center_after_plus_a2,state,0,0.000000000,2048,0.001533981,2047,0.191846591,-8,0.000000000,0,-0.226000,2,0.000000000,2048,0.000000000,0,12.400,33,8248,0,1,
113910643278543,113910641324262,113910642197856,113910643278543,1011,10.110000000,center_after_plus_a2,state,0,0.000000000,2048,0.001533981,2047,0.167865767,-7,0.000000000,0,-1.695000,15,0.000000000,2048,0.000000000,0,12.400,33,8258,0,1,
113910653278567,113910651324352,113910652197387,113910653278567,1012,10.120000000,center_after_plus_a2,state,0,0.000000000,2048,0.001533981,2047,0.167865767,-7,-0.003360000,1,-2.147000,19,0.000000000,2048,0.000000000,0,12.400,33,8268,0,1,
113910663277719,113910661324145,113910662193463,113910663277719,1013,10.130000000,center_after_plus_a2,state,0,0.000000000,2048,0.001533981,2047,0.119904120,-5,-0.003360000,1,-3.277000,29,0.000000000,2048,0.000000000,0,12.400,33,8278,0,1,
113910673278299,113910671323988,113910672195681,113910673278299,1014,10.140000000,center_after_plus_a2,state,0,0.000000000,2048,0.001533981,2047,0.095923296,-4,-0.003360000,1,-1.695000,15,0.000000000,2048,0.000000000,0,12.400,33,8288,0,1,
113910683284630,113910681325372,113910682193549,113910683284630,1015,10.150000000,center_after_plus_a2,state,0,0.000000000,2048,0.001533981,2047,0.047961648,-2,-0.006720000,2,-2.034000,18,0.000000000,2048,0.000000000,0,12.400,33,8298,0,1,
113910693278232,113910691323663,113910692196514,113910693278232,1016,10.160000000,center_after_plus_a2,state,0,0.000000000,2048,0.001533981,2047,0.023980824,-1,-0.006720000,2,-2.147000,19,0.000000000,2048,0.000000000,0,12.400,33,8308,0,1,
113910703264665,113910701323923,113910702193505,113910703264665,1017,10.170000000,center_after_plus_a2,state,0,0.000000000,2048,0.001533981,2047,0.000000000,0,-0.003360000,1,-2.260000,20,0.000000000,2048,0.000000000,0,12.400,33,8318,0,1,
113910713269057,113910711324010,113910712197554,113910713269057,1018,10.180000000,center_after_plus_a2,state,0,0.000000000,2048,0.001533981,2047,0.000000000,0,-0.006720000,2,-2.147000,19,0.000000000,2048,0.000000000,0,12.400,33,8328,0,1,
113910723274039,113910721323302,113910722195687,113910723274039,1019,10.190000000,center_after_plus_a2,state,0,0.000000000,2048,0.001533981,2047,0.000000000,0,-0.003360000,1,-2.034000,18,0.000000000,2048,0.000000000,0,12.400,33,8338,0,1,
113910733272004,113910731323723,113910732194507,113910733272004,1020,10.200000000,center_after_plus_a2,state,0,0.000000000,2048,0.001533981,2047,0.000000000,0,-0.003360000,1,-1.921000,17,0.000000000,2048,0.000000000,0,12.400,33,8348,0,1,
113910743286169,113910741331418,113910742218057,113910743286169,1021,10.210000000,center_after_plus_a2,state,0,0.000000000,2048,0.001533981,2047,0.000000000,0,-0.003360000,1,-2.034000,18,0.000000000,2048,0.000000000,0,12.400,33,8358,0,1,
113910753279829,113910751325203,113910752188975,113910753279829,1022,10.220000000,center_after_plus_a2,state,0,0.000000000,2048,0.001533981,2047,0.000000000,0,-0.003360000,1,-2.034000,18,0.000000000,2048,0.000000000,0,12.400,33,8368,0,1,
113910763299939,113910761328900,113910762195609,113910763299939,1023,10.230000000,center_after_plus_a2,state,0,0.000000000,2048,0.001533981,2047,0.000000000,0,-0.006720000,2,-2.034000,18,0.000000000,2048,0.000000000,0,12.400,33,8378,0,1,
113910773367286,113910771333671,113910772199408,113910773367286,1024,10.240000000,center_after_plus_a2,state,0,0.000000000,2048,0.001533981,2047,0.000000000,0,-0.006720000,2,-2.034000,18,0.000000000,2048,0.000000000,0,12.400,33,8388,0,1,
113910783279982,113910781327392,113910782174434,113910783279982,1025,10.250000000,center_after_plus_a2,state,0,0.000000000,2048,0.001533981,2047,0.000000000,0,-0.003360000,1,-1.808000,16,0.000000000,2048,0.000000000,0,12.400,33,8398,0,1,
113910793188707,113910791334089,113910792141951,113910793188707,1026,10.260000000,center_after_plus_a2,state,0,0.000000000,2048,0.001533981,2047,0.000000000,0,-0.003360000,1,-1.921000,17,0.000000000,2048,0.000000000,0,12.400,33,8408,0,1,
113910803223585,113910801333265,113910802156555,113910803223585,1027,10.270000000,center_after_plus_a2,state,0,0.000000000,2048,0.001533981,2047,0.000000000,0,-0.003360000,1,-1.921000,17,0.000000000,2048,0.000000000,0,12.400,33,8418,0,1,
113910813285072,113910811323135,113910812186600,113910813285072,1028,10.280000000,center_after_plus_a2,state,0,0.000000000,2048,0.001533981,2047,0.000000000,0,-0.003360000,1,-1.921000,17,0.000000000,2048,0.000000000,0,12.400,33,8428,0,1,
113910823288643,113910821338405,113910822183822,113910823288643,1029,10.290000000,center_after_plus_a2,state,0,0.000000000,2048,0.001533981,2047,0.000000000,0,-0.003360000,1,-2.034000,18,0.000000000,2048,0.000000000,0,12.400,33,8438,0,1,
113910833337103,113910831337888,113910832179670,113910833337103,1030,10.300000000,center_after_plus_a2,state,0,0.000000000,2048,0.001533981,2047,0.000000000,0,-0.006720000,2,-1.921000,17,0.000000000,2048,0.000000000,0,12.400,33,8448,0,1,
113910843274222,113910841327578,113910842176787,113910843274222,1031,10.310000000,center_after_plus_a2,state,0,0.000000000,2048,0.001533981,2047,0.000000000,0,-0.003360000,1,-1.921000,17,0.000000000,2048,0.000000000,0,12.400,33,8458,0,1,
113910853273207,113910851329754,113910852176307,113910853273207,1032,10.320000000,center_after_plus_a2,state,0,0.000000000,2048,0.001533981,2047,0.000000000,0,-0.003360000,1,-1.808000,16,0.000000000,2048,0.000000000,0,12.400,33,8468,0,1,
113910863276214,113910861327056,113910862169756,113910863276214,1033,10.330000000,center_after_plus_a2,state,0,0.000000000,2048,0.001533981,2047,0.000000000,0,-0.003360000,1,-1.808000,16,0.000000000,2048,0.000000000,0,12.400,33,8478,0,1,
113910873241890,113910871327438,113910872173584,113910873241890,1034,10.340000000,center_after_plus_a2,state,0,0.000000000,2048,0.001533981,2047,0.000000000,0,-0.003360000,1,-2.034000,18,0.000000000,2048,0.000000000,0,12.400,33,8488,0,1,
113910883255220,113910881324600,113910882169320,113910883255220,1035,10.350000000,center_after_plus_a2,state,0,0.000000000,2048,0.001533981,2047,0.000000000,0,-0.006720000,2,-1.921000,17,0.000000000,2048,0.000000000,0,12.400,33,8498,0,1,
113910893252152,113910891325501,113910892174007,113910893252152,1036,10.360000000,center_after_plus_a2,state,0,0.000000000,2048,0.001533981,2047,0.000000000,0,-0.010080000,3,-1.808000,16,0.000000000,2048,0.000000000,0,12.400,33,8508,0,1,
113910903252126,113910901325563,113910902164632,113910903252126,1037,10.370000000,center_after_plus_a2,state,0,0.000000000,2048,0.001533981,2047,0.000000000,0,-0.003360000,1,-1.921000,17,0.000000000,2048,0.000000000,0,12.400,33,8518,0,1,
113910913255459,113910911324774,113910912172038,113910913255459,1038,10.380000000,center_after_plus_a2,state,0,0.000000000,2048,0.001533981,2047,0.000000000,0,-0.003360000,1,-1.921000,17,0.000000000,2048,0.000000000,0,12.400,33,8528,0,1,
113910923253318,113910921323871,113910922161742,113910923253318,1039,10.390000000,center_after_plus_a2,state,0,0.000000000,2048,0.001533981,2047,0.000000000,0,-0.006720000,2,-1.695000,15,0.000000000,2048,0.000000000,0,12.400,33,8538,0,1,
113910933243200,113910931323483,113910932171370,113910933243200,1040,10.400000000,center_after_plus_a2,state,0,0.000000000,2048,0.001533981,2047,0.000000000,0,-0.010080000,3,-1.695000,15,0.000000000,2048,0.000000000,0,12.400,33,8548,0,1,
113910943257472,113910941327126,113910942176386,113910943257472,1041,10.410000000,center_after_plus_a2,state,0,0.000000000,2048,0.001533981,2047,0.000000000,0,-0.003360000,1,-1.921000,17,0.000000000,2048,0.000000000,0,12.400,33,8558,0,1,
113910953262490,113910951324858,113910952248030,113910953262490,1042,10.420000000,center_after_plus_a2,state,0,0.000000000,2048,0.001533981,2047,0.000000000,0,-0.006720000,2,-1.808000,16,0.000000000,2048,0.000000000,0,12.400,33,8568,0,1,
113910963241847,113910961323994,113910962247156,113910963241847,1043,10.430000000,center_after_plus_a2,state,0,0.000000000,2048,0.001533981,2047,0.000000000,0,-0.003360000,1,-2.034000,18,0.000000000,2048,0.000000000,0,12.400,33,8578,0,1,
113910973246886,113910971324214,113910972173167,113910973246886,1044,10.440000000,center_after_plus_a2,state,0,0.000000000,2048,0.001533981,2047,0.000000000,0,-0.006720000,2,-1.808000,16,0.000000000,2048,0.000000000,0,12.400,33,8588,0,1,
113910983247863,113910981322308,113910982171530,113910983247863,1045,10.450000000,center_after_plus_a2,state,0,0.000000000,2048,0.001533981,2047,0.000000000,0,-0.006720000,2,-1.808000,16,0.000000000,2048,0.000000000,0,12.400,33,8598,0,1,
113910993252482,113910991324147,113910992163473,113910993252482,1046,10.460000000,center_after_plus_a2,state,0,0.000000000,2048,0.001533981,2047,0.000000000,0,-0.003360000,1,-1.921000,17,0.000000000,2048,0.000000000,0,12.400,33,8608,0,1,
113911003238657,113911001324243,113911002158720,113911003238657,1047,10.470000000,center_after_plus_a2,state,0,0.000000000,2048,0.001533981,2047,0.000000000,0,-0.003360000,1,-2.147000,19,0.000000000,2048,0.000000000,0,12.400,33,8618,0,1,
113911013249134,113911011323500,113911012173462,113911013249134,1048,10.480000000,center_after_plus_a2,state,0,0.000000000,2048,0.001533981,2047,0.000000000,0,-0.006720000,2,-1.921000,17,0.000000000,2048,0.000000000,0,12.400,33,8628,0,1,
113911023328938,113911021323375,113911022235444,113911023328938,1049,10.490000000,center_after_plus_a2,state,0,0.000000000,2048,0.001533981,2047,0.000000000,0,-0.006720000,2,-1.808000,16,0.000000000,2048,0.000000000,0,12.400,33,8638,0,1,
113911033318066,113911031323209,113911032239303,113911033318066,1050,10.500000000,minus_a2,state,0,-0.070000000,2094,0.001533981,2047,0.000000000,0,-0.006720000,2,-1.921000,17,-0.070563116,2094,0.000000000,0,12.400,33,8648,0,0,
113911043315576,113911041323240,113911042243069,113911043315576,1051,10.510000000,minus_a2,state,0,-0.070000000,2094,0.000000000,2048,0.000000000,0,-0.413280000,123,-22.374000,198,-0.070563116,2094,0.000000000,0,12.400,33,8658,0,0,
113911053275283,113911051324495,113911052238063,113911053275283,1052,10.520000000,minus_a2,state,0,-0.070000000,2094,-0.006135923,2052,0.000000000,0,-0.399840000,119,-29.719000,263,-0.070563116,2094,0.000000000,0,12.400,33,8668,0,0,
113911063315878,113911061323147,113911062230576,113911063315878,1053,10.530000000,minus_a2,state,0,-0.070000000,2094,-0.018407769,2060,-0.095923296,4,-0.305760000,91,-34.465000,305,-0.070563116,2094,0.000000000,0,12.500,33,8678,0,0,
113911073309912,113911071323500,113911072244055,113911073309912,1054,10.540000000,minus_a2,state,0,-0.070000000,2094,-0.035281558,2071,-0.239808239,10,-0.235200000,70,-38.533000,341,-0.070563116,2094,0.000000000,0,12.400,33,8688,0,0,
113911083317367,113911081322826,113911082235771,113911083317367,1055,10.550000000,minus_a2,state,0,-0.070000000,2094,-0.052155347,2082,-0.431654831,18,-0.114240000,34,-39.776000,352,-0.070563116,2094,0.000000000,0,12.400,33,8698,1,0,
113911093307646,113911091323037,113911092241326,113911093307646,1056,10.560000000,minus_a2,state,0,-0.070000000,2094,-0.073631078,2096,-0.695443894,29,-0.010080000,3,-38.420000,340,-0.070563116,2094,0.000000000,0,12.500,33,8708,1,1,
113911103314664,113911101322904,113911102231051,113911103314664,1057,10.570000000,minus_a2,state,0,-0.070000000,2094,-0.093572828,2109,-0.983213781,41,0.238560000,-71,-24.182000,214,-0.070563116,2094,0.000000000,0,12.400,33,8718,1,0,
113911113317024,113911111323495,113911112232034,113911113317024,1058,10.580000000,minus_a2,state,0,-0.070000000,2094,-0.104310694,2116,-1.223022020,51,0.151200000,-45,0.226000,-2,-0.070563116,2094,0.000000000,0,12.500,33,8728,1,0,
113911123319495,113911121323534,113911122231558,113911123319495,1059,10.590000000,minus_a2,state,0,-0.070000000,2094,-0.110446617,2120,-1.390887787,58,0.255360000,-76,-9.153000,81,-0.070563116,2094,0.000000000,0,12.500,33,8738,1,0,
113911133312611,113911131322901,113911132232779,113911133312611,1060,10.600000000,minus_a2,state,0,-0.070000000,2094,-0.116582540,2124,-1.438849435,60,0.262080000,-78,-4.181000,37,-0.070563116,2094,0.000000000,0,12.400,33,8748,1,0,
113911143323721,113911141324651,113911142239880,113911143323721,1061,10.610000000,minus_a2,state,0,-0.070000000,2094,-0.119650501,2126,-1.366906964,57,0.285600000,-85,3.616000,-32,-0.070563116,2094,0.000000000,0,12.400,33,8758,1,0,
113911153300237,113911151324354,113911152263074,113911153300237,1062,10.620000000,minus_a2,state,0,-0.070000000,2094,-0.118116521,2125,-1.223022020,51,0.252000000,-75,16.950000,-150,-0.070563116,2094,0.000000000,0,12.400,33,8768,1,0,
113911163311194,113911161324091,113911162254237,113911163311194,1063,10.630000000,minus_a2,state,0,-0.070000000,2094,-0.113514578,2122,-0.959232957,40,0.329280000,-98,19.888000,-176,-0.070563116,2094,0.000000000,0,12.400,33,8778,1,0,
113911173325007,113911171326265,113911172240406,113911173325007,1064,10.640000000,minus_a2,state,0,-0.070000000,2094,-0.105844674,2117,-0.647482246,27,0.201600000,-60,24.973000,-221,-0.070563116,2094,0.000000000,0,12.400,33,8788,1,0,
113911183327041,113911181334944,113911182236350,113911183327041,1065,10.650000000,minus_a2,state,0,-0.070000000,2094,-0.098174770,2112,-0.335731535,14,0.171360000,-51,28.137000,-249,-0.070563116,2094,0.000000000,0,12.500,33,8798,1,0,
113911193320860,113911191324232,113911192221586,113911193320860,1066,10.660000000,minus_a2,state,0,-0.070000000,2094,-0.084368943,2103,-0.047961648,2,0.084000000,-25,30.171000,-267,-0.070563116,2094,0.000000000,0,12.400,33,8808,0,1,
113911203314849,113911201323441,113911202227502,113911203314849,1067,10.670000000,minus_a2,state,0,-0.070000000,2094,-0.069029135,2093,0.215827415,-9,0.006720000,-2,29.719000,-263,-0.070563116,2094,0.000000000,0,12.400,33,8818,0,1,
113911213271460,113911211325134,113911212172167,113911213271460,1068,10.680000000,minus_a2,state,0,-0.070000000,2094,-0.055223308,2084,0.503597302,-21,0.087360000,-26,8.814000,-78,-0.070563116,2094,0.000000000,0,12.400,33,8828,1,1,
113911223319429,113911221323692,113911222236096,113911223319429,1069,10.690000000,minus_a2,state,0,-0.070000000,2094,-0.046019424,2078,0.743405542,-31,-0.137760000,41,8.588000,-76,-0.070563116,2094,0.000000000,0,12.400,33,8838,1,0,
113911233319214,113911231322250,113911232244930,113911233319214,1070,10.700000000,minus_a2,state,0,-0.070000000,2094,-0.041417481,2075,0.911271309,-38,-0.208320000,62,2.712000,-24,-0.070563116,2094,0.000000000,0,12.400,33,8848,1,0,
113911243275305,113911241322036,113911242160552,113911243275305,1071,10.710000000,minus_a2,state,0,-0.070000000,2094,-0.038349520,2073,0.959232957,-40,-0.188160000,56,-1.582000,14,-0.070563116,2094,0.000000000,0,12.400,33,8858,1,0,
113911253314086,113911251324130,113911252231994,113911253314086,1072,10.720000000,minus_a2,state,0,-0.070000000,2094,-0.038349520,2073,0.959232957,-40,-0.154560000,46,-10.170000,90,-0.070563116,2094,0.000000000,0,12.400,33,8868,1,0,
113911263308648,113911261324014,113911262221669,113911263308648,1073,10.730000000,minus_a2,state,0,-0.070000000,2094,-0.038349520,2073,0.863309661,-36,-0.184800000,55,-17.854000,158,-0.070563116,2094,0.000000000,0,12.400,33,8878,1,0,
113911273335602,113911271323332,113911272242326,113911273335602,1074,10.740000000,minus_a2,state,0,-0.070000000,2094,-0.042951462,2076,0.695443894,-29,-0.178080000,53,-20.679000,183,-0.070563116,2094,0.000000000,0,12.200,33,8888,1,0,
113911283251385,113911281323211,113911282208070,113911283251385,1075,10.750000000,minus_a2,state,0,-0.070000000,2094,-0.050621366,2081,0.455635655,-19,-0.117600000,35,-23.278000,206,-0.070563116,2094,0.000000000,0,12.200,33,8898,1,0,
113911293258359,113911291323903,113911292154284,113911293258359,1076,10.760000000,minus_a2,state,0,-0.070000000,2094,-0.061359232,2088,0.167865767,-7,-0.053760000,16,-25.312000,224,-0.070563116,2094,0.000000000,0,12.500,33,8908,0,1,
113911303237554,113911301323257,113911302153407,113911303237554,1077,10.770000000,minus_a2,state,0,-0.070000000,2094,-0.075165059,2097,-0.095923296,4,-0.013440000,4,-21.018000,186,-0.070563116,2094,0.000000000,0,12.300,33,8918,0,1,
113911313234292,113911311322456,113911312149681,113911313234292,1078,10.780000000,minus_a2,state,0,-0.070000000,2094,-0.085902924,2104,-0.335731535,14,-0.006720000,2,-3.729000,33,-0.070563116,2094,0.000000000,0,12.400,33,8928,1,1,
113911323247961,113911321322049,113911322158392,113911323247961,1079,10.790000000,minus_a2,state,0,-0.070000000,2094,-0.093572828,2109,-0.551558950,23,0.171360000,-51,-6.780000,60,-0.070563116,2094,0.000000000,0,12.400,33,8938,1,0,
113911333243836,113911331323159,113911332150357,113911333243836,1080,10.800000000,minus_a2,state,0,-0.070000000,2094,-0.096640790,2111,-0.719424718,30,0.228480000,-68,-2.034000,18,-0.070563116,2094,0.000000000,0,12.400,33,8948,1,0,
113911343148568,113911341330379,113911342178185,113911343148568,1081,10.810000000,minus_a2,state,0,-0.070000000,2094,-0.098174770,2112,-0.791367189,33,0.154560000,-46,3.390000,-30,-0.070563116,2094,0.000000000,0,12.400,33,8958,1,0,
113911353266069,113911351330588,113911352178211,113911353266069,1082,10.820000000,minus_a2,state,0,-0.070000000,2094,-0.098174770,2112,-0.767386366,32,0.144480000,-43,9.040000,-80,-0.070563116,2094,0.000000000,0,12.400,33,8968,1,0,
113911363235960,113911361325098,113911362158615,113911363235960,1083,10.830000000,minus_a2,state,0,-0.070000000,2094,-0.096640790,2111,-0.647482246,27,0.147840000,-44,18.984000,-168,-0.070563116,2094,0.000000000,0,12.200,33,8978,1,0,
113911373258055,113911371324937,113911372171043,113911373258055,1084,10.840000000,minus_a2,state,0,-0.070000000,2094,-0.093572828,2109,-0.503597302,21,0.131040000,-39,19.549000,-173,-0.070563116,2094,0.000000000,0,12.200,33,8988,1,0,
113911383238419,113911381326325,113911382159319,113911383238419,1085,10.850000000,minus_a2,state,0,-0.070000000,2094,-0.084368943,2103,-0.287769887,12,0.073920000,-22,21.696000,-192,-0.070563116,2094,0.000000000,0,12.600,33,8998,1,1,
113911393239567,113911391325535,113911392157583,113911393239567,1086,10.860000000,minus_a2,state,0,-0.070000000,2094,-0.073631078,2096,-0.071942472,3,0.036960000,-11,22.713000,-201,-0.070563116,2094,0.000000000,0,12.300,33,9008,0,1,
113911403260369,113911401323885,113911402155919,113911403260369,1087,10.870000000,minus_a2,state,0,-0.070000000,2094,-0.062893212,2089,0.143884944,-6,0.080640000,-24,1.921000,-17,-0.070563116,2094,0.000000000,0,12.200,33,9018,0,1,
113911413264520,113911411330153,113911412169279,113911413264520,1088,10.880000000,minus_a2,state,0,-0.070000000,2094,-0.053689328,2083,0.359712359,-15,-0.181440000,54,6.215000,-55,-0.070563116,2094,0.000000000,0,12.400,33,9028,1,1,
113911423261857,113911421325439,113911422151910,113911423261857,1089,10.890000000,minus_a2,state,0,-0.070000000,2094,-0.049087385,2080,0.503597302,-21,-0.057120000,17,1.808000,-16,-0.070563116,2094,0.000000000,0,12.400,33,9038,1,0,
113911433237622,113911431326272,113911432151373,113911433237622,1090,10.900000000,minus_a2,state,0,-0.070000000,2094,-0.047553404,2079,0.623501422,-26,-0.080640000,24,-1.469000,13,-0.070563116,2094,0.000000000,0,12.400,33,9048,1,0,
113911443262867,113911441331876,113911442161085,113911443262867,1091,10.910000000,minus_a2,state,0,-0.070000000,2094,-0.046019424,2078,0.647482246,-27,-0.124320000,37,-7.910000,70,-0.070563116,2094,0.000000000,0,12.400,33,9058,1,0,
113911453250019,113911451326347,113911452156752,113911453250019,1092,10.920000000,minus_a2,state,0,-0.070000000,2094,-0.046019424,2078,0.623501422,-26,-0.120960000,36,-15.255000,135,-0.070563116,2094,0.000000000,0,12.200,33,9068,1,0,
113911463239806,113911461325833,113911462163282,113911463239806,1093,10.930000000,minus_a2,state,0,-0.070000000,2094,-0.049087385,2080,0.527578126,-22,-0.131040000,39,-17.628000,156,-0.070563116,2094,0.000000000,0,12.200,33,9078,1,0,
113911473261485,113911471323772,113911472155997,113911473261485,1094,10.940000000,minus_a2,state,0,-0.070000000,2094,-0.058291270,2086,0.335731535,-14,-0.073920000,22,-20.114000,178,-0.070563116,2094,0.000000000,0,12.200,33,9088,1,1,
113911483240327,113911481323322,113911482145807,113911483240327,1095,10.950000000,minus_a2,state,0,-0.070000000,2094,-0.067495155,2092,0.143884944,-6,-0.026880000,8,-22.035000,195,-0.070563116,2094,0.000000000,0,12.400,33,9098,0,1,
113911493260776,113911491326020,113911492168694,113911493260776,1096,10.960000000,minus_a2,state,0,-0.070000000,2094,-0.078233020,2099,-0.071942472,3,-0.077280000,23,-3.842000,34,-0.070563116,2094,0.000000000,0,12.400,33,9108,0,1,
113911503240058,113911501325551,113911502153175,113911503240058,1097,10.970000000,minus_a2,state,0,-0.070000000,2094,-0.085902924,2104,-0.263789063,11,0.191520000,-57,-6.780000,60,-0.070563116,2094,0.000000000,0,12.200,33,9118,1,1,
113911513148059,113911511319510,113911512148541,113911513148059,1098,10.980000000,minus_a2,state,0,-0.070000000,2094,-0.092038847,2108,-0.431654831,18,0.036960000,-11,-1.582000,14,-0.070563116,2094,0.000000000,0,12.400,33,9128,1,0,
113911523110620,113911521316463,113911522107533,113911523110620,1099,10.990000000,minus_a2,hardware_error,0,-0.070000000,2094,,,,,,,,,,,,,,,,,,0
113911533120441,113911531314385,113911532103772,113911533120441,1100,11.000000000,minus_a2,state,0,-0.070000000,2094,-0.093572828,2109,-0.623501422,26,0.141120000,-42,6.102000,-54,-0.070563116,2094,0.000000000,0,12.400,33,9148,1,0,
113911543121725,113911541314984,113911542102272,113911543121725,1101,11.010000000,minus_a2,state,0,-0.070000000,2094,-0.093572828,2109,-0.575539774,24,0.104160000,-31,14.464000,-128,-0.070563116,2094,0.000000000,0,12.400,33,9158,1,0,
113911553134031,113911551314298,113911552107521,113911553134031,1102,11.020000000,minus_a2,state,0,-0.070000000,2094,-0.090504866,2107,-0.479616478,20,0.114240000,-34,15.142000,-134,-0.070563116,2094,0.000000000,0,12.400,33,9168,1,0,
113911563168926,113911561316903,113911562123844,113911563168926,1103,11.030000000,minus_a2,state,0,-0.070000000,2094,-0.087436905,2105,-0.335731535,14,0.094080000,-28,19.097000,-169,-0.070563116,2094,0.000000000,0,12.200,33,9178,1,1,
113911573154962,113911571318658,113911572119844,113911573154962,1104,11.040000000,minus_a2,state,0,-0.070000000,2094,-0.078233020,2099,-0.167865767,7,0.040320000,-12,20.227000,-179,-0.070563116,2094,0.000000000,0,12.300,33,9188,0,1,
113911583179680,113911581318336,113911582126719,113911583179680,1105,11.050000000,minus_a2,state,0,-0.070000000,2094,-0.067495155,2092,0.023980824,-1,0.013440000,-4,18.080000,-160,-0.070563116,2094,0.000000000,0,12.400,33,9198,0,1,
113911593220561,113911591322135,113911592147168,113911593220561,1106,11.060000000,minus_a2,state,0,-0.070000000,2094,-0.058291270,2086,0.215827415,-9,-0.026880000,8,8.475000,-75,-0.070563116,2094,0.000000000,0,12.200,33,9208,0,1,
113911603239087,113911601325437,113911602151363,113911603239087,1107,11.070000000,minus_a2,state,0,-0.070000000,2094,-0.052155347,2082,0.383693183,-16,-0.016800000,5,2.599000,-23,-0.070563116,2094,0.000000000,0,12.400,33,9218,1,0,
113911613214480,113911611324777,113911612133972,113911613214480,1108,11.080000000,minus_a2,state,0,-0.070000000,2094,-0.049087385,2080,0.503597302,-21,-0.114240000,34,-0.678000,6,-0.070563116,2094,0.000000000,0,12.400,33,9228,1,0,
113911623218306,113911621324016,113911622131586,113911623218306,1109,11.090000000,minus_a2,state,0,-0.070000000,2094,-0.049087385,2080,0.551558950,-23,-0.107520000,32,-4.859000,43,-0.070563116,2094,0.000000000,0,12.400,33,9238,1,0,
113911633220212,113911631324389,113911632132751,113911633220212,1110,11.100000000,minus_a2,state,0,-0.070000000,2094,-0.049087385,2080,0.575539774,-24,-0.110880000,33,-11.978000,106,-0.070563116,2094,0.000000000,0,12.400,33,9248,1,0,
113911643226111,113911641325975,113911642134708,113911643226111,1111,11.110000000,minus_a2,state,0,-0.070000000,2094,-0.049087385,2080,0.503597302,-21,-0.120960000,36,-16.950000,150,-0.070563116,2094,0.000000000,0,12.500,33,9258,1,0,
113911653217391,113911651281278,113911652131076,113911653217391,1112,11.120000000,minus_a2,state,0,-0.070000000,2094,-0.055223308,2084,0.383693183,-16,-0.087360000,26,-19.097000,169,-0.070563116,2094,0.000000000,0,12.300,33,9268,1,1,
113911663217730,113911661324183,113911662133723,113911663217730,1113,11.130000000,minus_a2,state,0,-0.070000000,2094,-0.062893212,2089,0.215827415,-9,-0.040320000,12,-20.340000,180,-0.070563116,2094,0.000000000,0,12.300,33,9278,0,1,
113911673223150,113911671324487,113911672135049,113911673223150,1114,11.140000000,minus_a2,state,0,-0.070000000,2094,-0.073631078,2096,0.000000000,0,-0.013440000,4,-17.628000,156,-0.070563116,2094,0.000000000,0,12.500,33,9288,0,1,
113911683236454,113911681324191,113911682129504,113911683236454,1115,11.150000000,minus_a2,state,0,-0.070000000,2094,-0.082834963,2102,-0.191846591,8,-0.016800000,5,0.000000,0,-0.070563116,2094,0.000000000,0,12.500,33,9298,0,1,
113911693218415,113911691324199,113911692133700,113911693218415,1116,11.160000000,minus_a2,state,0,-0.070000000,2094,-0.088970886,2106,-0.359712359,15,0.094080000,-28,-1.130000,10,-0.070563116,2094,0.000000000,0,12.400,33,9308,1,0,
113911703217422,113911701325267,113911702133338,113911703217422,1117,11.170000000,minus_a2,state,0,-0.070000000,2094,-0.092038847,2108,-0.479616478,20,0.127680000,-38,0.678000,-6,-0.070563116,2094,0.000000000,0,12.400,33,9318,1,0,
113911713224079,113911711325928,113911712135938,113911713224079,1118,11.180000000,minus_a2,state,0,-0.070000000,2094,-0.092038847,2108,-0.551558950,23,0.124320000,-37,3.729000,-33,-0.070563116,2094,0.000000000,0,12.400,33,9328,1,0,
113911723212611,113911721324111,113911722131558,113911723212611,1119,11.190000000,minus_a2,state,0,-0.070000000,2094,-0.092038847,2108,-0.551558950,23,0.120960000,-36,9.718000,-86,-0.070563116,2094,0.000000000,0,12.400,33,9338,1,0,
113911733214287,113911731324190,113911732132492,113911733214287,1120,11.200000000,minus_a2,state,0,-0.070000000,2094,-0.088970886,2106,-0.479616478,20,0.114240000,-34,16.837000,-149,-0.070563116,2094,0.000000000,0,12.500,33,9348,1,0,
113911743243425,113911741341498,113911742143373,113911743243425,1121,11.210000000,minus_a2,state,0,-0.070000000,2094,-0.085902924,2104,-0.359712359,15,0.090720000,-27,17.628000,-156,-0.070563116,2094,0.000000000,0,12.500,33,9358,1,1,
113911753242256,113911751329162,113911752133145,113911753242256,1122,11.220000000,minus_a2,state,0,-0.070000000,2094,-0.078233020,2099,-0.191846591,8,0.053760000,-16,19.549000,-173,-0.070563116,2094,0.000000000,0,12.300,33,9368,0,1,
113911763219215,113911761323963,113911762136429,113911763219215,1123,11.230000000,minus_a2,state,0,-0.070000000,2094,-0.067495155,2092,0.000000000,0,0.006720000,-2,19.210000,-170,-0.070563116,2094,0.000000000,0,12.300,33,9378,0,1,
113911773220971,113911771324113,113911772135378,113911773220971,1124,11.240000000,minus_a2,state,0,-0.070000000,2094,-0.059825251,2087,0.167865767,-7,-0.147840000,44,11.300000,-100,-0.070563116,2094,0.000000000,0,12.400,33,9388,0,1,
113911783210631,113911781323273,113911782127074,113911783210631,1125,11.250000000,minus_a2,state,0,-0.070000000,2094,-0.053689328,2083,0.335731535,-14,0.053760000,-16,3.842000,-34,-0.070563116,2094,0.000000000,0,12.400,33,9398,1,1,
113911793219917,113911791323418,113911792128358,113911793219917,1126,11.260000000,minus_a2,state,0,-0.070000000,2094,-0.050621366,2081,0.455635655,-19,-0.107520000,32,-0.791000,7,-0.070563116,2094,0.000000000,0,12.400,33,9408,1,0,
113911803208878,113911801322754,113911802129980,113911803208878,1127,11.270000000,minus_a2,state,0,-0.070000000,2094,-0.049087385,2080,0.527578126,-22,-0.110880000,33,-5.989000,53,-0.070563116,2094,0.000000000,0,12.400,33,9418,1,0,
113911813240965,113911811339736,113911812143678,113911813240965,1128,11.280000000,minus_a2,state,0,-0.070000000,2094,-0.049087385,2080,0.527578126,-22,-0.110880000,33,-11.865000,105,-0.070563116,2094,0.000000000,0,12.400,33,9428,1,0,
113911823221124,113911821327242,113911822137371,113911823221124,1129,11.290000000,minus_a2,state,0,-0.070000000,2094,-0.050621366,2081,0.479616478,-20,-0.114240000,34,-16.724000,148,-0.070563116,2094,0.000000000,0,12.500,33,9438,1,0,
113911833223261,113911831325260,113911832137125,113911833223261,1130,11.300000000,minus_a2,state,0,-0.070000000,2094,-0.056757289,2085,0.359712359,-15,-0.077280000,23,-18.871000,167,-0.070563116,2094,0.000000000,0,12.500,33,9448,1,1,
113911843224902,113911841329151,113911842138209,113911843224902,1131,11.310000000,minus_a2,state,0,-0.070000000,2094,-0.064427193,2090,0.191846591,-8,-0.036960000,11,-20.340000,180,-0.070563116,2094,0.000000000,0,12.400,33,9458,0,1,
113911853226409,113911851326145,113911852132312,113911853226409,1132,11.320000000,minus_a2,state,0,-0.070000000,2094,-0.075165059,2097,0.000000000,0,-0.033600000,10,-12.995000,115,-0.070563116,2094,0.000000000,0,12.300,33,9468,0,1,
113911863242298,113911861330906,113911862149860,113911863242298,1133,11.330000000,minus_a2,state,0,-0.070000000,2094,-0.084368943,2103,-0.191846591,8,0.104160000,-31,-7.571000,67,-0.070563116,2094,0.000000000,0,12.400,33,9478,0,1,
113911873228776,113911871327461,113911872150153,113911873228776,1134,11.340000000,minus_a2,state,0,-0.070000000,2094,-0.088970886,2106,-0.359712359,15,0.057120000,-17,-1.017000,9,-0.070563116,2094,0.000000000,0,12.400,33,9488,1,0,
113911883242643,113911881334278,113911882140664,113911883242643,1135,11.350000000,minus_a2,state,0,-0.070000000,2094,-0.092038847,2108,-0.479616478,20,0.114240000,-34,2.034000,-18,-0.070563116,2094,0.000000000,0,12.400,33,9498,1,0,
113911893239428,113911891345195,113911892138783,113911893239428,1136,11.360000000,minus_a2,state,0,-0.070000000,2094,-0.092038847,2108,-0.551558950,23,0.097440000,-29,5.085000,-45,-0.070563116,2094,0.000000000,0,12.400,33,9508,1,0,
113911903224431,113911901325141,113911902126054,113911903224431,1137,11.370000000,minus_a2,state,0,-0.070000000,2094,-0.090504866,2107,-0.527578126,22,0.117600000,-35,10.057000,-89,-0.070563116,2094,0.000000000,0,12.400,33,9518,1,0,
113911913234705,113911911334830,113911912137944,113911913234705,1138,11.380000000,minus_a2,state,0,-0.070000000,2094,-0.087436905,2105,-0.455635655,19,0.184800000,-55,13.560000,-120,-0.070563116,2094,0.000000000,0,12.300,33,9528,1,1,
113911923244823,113911921324042,113911922133326,113911923244823,1139,11.390000000,minus_a2,state,0,-0.070000000,2094,-0.084368943,2103,-0.335731535,14,0.097440000,-29,17.402000,-154,-0.070563116,2094,0.000000000,0,12.300,33,9538,1,1,
113911933210455,113911931323554,113911932125481,113911933210455,1140,11.400000000,minus_a2,state,0,-0.070000000,2094,-0.076699039,2098,-0.167865767,7,0.036960000,-11,19.888000,-176,-0.070563116,2094,0.000000000,0,12.400,33,9548,0,1,
113911943241274,113911941335117,113911942144529,113911943241274,1141,11.410000000,minus_a2,state,0,-0.070000000,2094,-0.065961174,2091,0.000000000,0,0.016800000,-5,16.159000,-143,-0.070563116,2094,0.000000000,0,12.400,33,9558,0,1,
113911953237502,113911951329547,113911952127125,113911953237502,1142,11.420000000,minus_a2,state,0,-0.070000000,2094,-0.058291270,2086,0.191846591,-8,-0.003360000,1,1.808000,-16,-0.070563116,2094,0.000000000,0,12.400,33,9568,0,1,
113911963230481,113911961330997,113911962133048,113911963230481,1143,11.430000000,minus_a2,state,0,-0.070000000,2094,-0.053689328,2083,0.359712359,-15,-0.151200000,45,3.616000,-32,-0.070563116,2094,0.000000000,0,12.500,33,9578,1,1,
113911973233796,113911971323625,113911972147643,113911973233796,1144,11.440000000,minus_a2,state,0,-0.070000000,2094,-0.050621366,2081,0.479616478,-20,-0.134400000,40,-0.339000,3,-0.070563116,2094,0.000000000,0,12.500,33,9588,1,0,
113911983204700,113911981322250,113911982124901,113911983204700,1145,11.450000000,minus_a2,state,0,-0.070000000,2094,-0.050621366,2081,0.503597302,-21,-0.104160000,31,-6.328000,56,-0.070563116,2094,0.000000000,0,12.400,33,9598,1,0,
113911993215409,113911991326445,113911992129534,113911993215409,1146,11.460000000,minus_a2,state,0,-0.070000000,2094,-0.050621366,2081,0.503597302,-21,-0.100800000,30,-13.560000,120,-0.070563116,2094,0.000000000,0,12.500,33,9608,1,0,
113912003216879,113912001323245,113912002126633,113912003216879,1147,11.470000000,minus_a2,state,0,-0.070000000,2094,-0.050621366,2081,0.455635655,-19,-0.107520000,32,-16.950000,150,-0.070563116,2094,0.000000000,0,12.400,33,9618,1,0,
113912013196090,113912011322419,113912012127688,113912013196090,1148,11.480000000,minus_a2,state,0,-0.070000000,2094,-0.058291270,2086,0.335731535,-14,-0.070560000,21,-18.871000,167,-0.070563116,2094,0.000000000,0,12.300,33,9628,1,1,
113912023205474,113912021322321,113912022124634,113912023205474,1149,11.490000000,minus_a2,state,0,-0.070000000,2094,-0.065961174,2091,0.167865767,-7,-0.026880000,8,-20.227000,179,-0.070563116,2094,0.000000000,0,12.400,33,9638,0,1,
113912033217759,113912031322095,113912032102015,113912033217759,1150,11.500000000,minus_a2,state,0,-0.070000000,2094,-0.076699039,2098,-0.023980824,1,-0.057120000,17,-7.684000,68,-0.070563116,2094,0.000000000,0,12.500,33,9648,0,1,
113912043188949,113912041322099,113912042108349,113912043188949,1151,11.510000000,minus_a2,state,0,-0.070000000,2094,-0.084368943,2103,-0.215827415,9,0.023520000,-7,-1.582000,14,-0.070563116,2094,0.000000000,0,12.400,33,9658,0,1,
113912053212069,113912051326721,113912052110049,113912053212069,1152,11.520000000,minus_a2,state,0,-0.070000000,2094,-0.088970886,2106,-0.359712359,15,0.006720000,-2,-1.130000,10,-0.070563116,2094,0.000000000,0,12.400,33,9668,1,0,
113912063193026,113912061323038,113912062105288,113912063193026,1153,11.530000000,minus_a2,state,0,-0.070000000,2094,-0.092038847,2108,-0.479616478,20,0.117600000,-35,2.260000,-20,-0.070563116,2094,0.000000000,0,12.400,33,9678,1,0,
113912073213150,113912071321939,113912072115383,113912073213150,1154,11.540000000,minus_a2,state,0,-0.070000000,2094,-0.092038847,2108,-0.527578126,22,0.127680000,-38,3.729000,-33,-0.070563116,2094,0.000000000,0,12.400,33,9688,1,0,
113912083182880,113912081322036,113912082102598,113912083182880,1155,11.550000000,minus_a2,state,0,-0.070000000,2094,-0.090504866,2107,-0.527578126,22,0.120960000,-36,9.831000,-87,-0.070563116,2094,0.000000000,0,12.300,33,9698,1,0,
113912093208047,113912091324522,113912092105956,113912093208047,1156,11.560000000,minus_a2,state,0,-0.070000000,2094,-0.087436905,2105,-0.431654831,18,0.107520000,-32,13.673000,-121,-0.070563116,2094,0.000000000,0,12.400,33,9708,1,1,
113912103190041,113912101324439,113912102106001,113912103190041,1157,11.570000000,minus_a2,state,0,-0.070000000,2094,-0.084368943,2103,-0.311750711,13,0.087360000,-26,17.628000,-156,-0.070563116,2094,0.000000000,0,12.400,33,9718,1,1,
113912113183041,113912111324824,113912112102564,113912113183041,1158,11.580000000,minus_a2,state,0,-0.070000000,2094,-0.076699039,2098,-0.143884944,6,0.040320000,-12,19.888000,-176,-0.070563116,2094,0.000000000,0,12.400,33,9728,0,1,
113912123195625,113912121323747,113912122104986,113912123195625,1159,11.590000000,minus_a2,state,0,-0.070000000,2094,-0.065961174,2091,0.023980824,-1,0.020160000,-6,15.368000,-136,-0.070563116,2094,0.000000000,0,12.400,33,9738,0,1,
113912133197632,113912131323192,113912132139924,113912133197632,1160,11.600000000,minus_a2,state,0,-0.070000000,2094,-0.058291270,2086,0.215827415,-9,0.043680000,-13,0.226000,-2,-0.070563116,2094,0.000000000,0,12.400,33,9748,0,1,
113912143183599,113912141322362,113912142106751,113912143183599,1161,11.610000000,minus_a2,state,0,-0.070000000,2094,-0.053689328,2083,0.359712359,-15,-0.154560000,46,0.339000,-3,-0.070563116,2094,0.000000000,0,12.400,33,9758,1,1,
113912153192831,113912151326725,113912152109683,113912153192831,1162,11.620000000,minus_a2,state,0,-0.070000000,2094,-0.050621366,2081,0.455635655,-19,-0.097440000,29,-1.017000,9,-0.070563116,2094,0.000000000,0,12.400,33,9768,1,0,
113912163182494,113912161323641,113912162103151,113912163182494,1163,11.630000000,minus_a2,state,0,-0.070000000,2094,-0.050621366,2081,0.503597302,-21,-0.114240000,34,-5.876000,52,-0.070563116,2094,0.000000000,0,12.400,33,9778,1,0,
113912173191113,113912171323397,113912172105272,113912173191113,1164,11.640000000,minus_a2,state,0,-0.070000000,2094,-0.050621366,2081,0.503597302,-21,-0.104160000,31,-13.221000,117,-0.070563116,2094,0.000000000,0,12.400,33,9788,1,0,
113912183185444,113912181323058,113912182101072,113912183185444,1165,11.650000000,minus_a2,state,0,-0.070000000,2094,-0.050621366,2081,0.455635655,-19,-0.114240000,34,-16.950000,150,-0.070563116,2094,0.000000000,0,12.500,33,9798,1,0,
113912193187489,113912191323348,113912192100514,113912193187489,1166,11.660000000,minus_a2,state,0,-0.070000000,2094,-0.058291270,2086,0.335731535,-14,-0.070560000,21,-18.871000,167,-0.070563116,2094,0.000000000,0,12.400,33,9808,1,1,
113912203240116,113912201400215,113912202120755,113912203240116,1167,11.670000000,minus_a2,state,0,-0.070000000,2094,-0.065961174,2091,0.143884944,-6,-0.026880000,8,-20.114000,178,-0.070563116,2094,0.000000000,0,12.400,33,9818,0,1,
113912213215851,113912211403817,113912212122879,113912213215851,1168,11.680000000,minus_a2,state,0,-0.070000000,2094,-0.076699039,2098,-0.023980824,1,-0.060480000,18,-7.458000,66,-0.070563116,2094,0.000000000,0,12.500,33,9828,0,1,
113912223218196,113912221402811,113912222119499,113912223218196,1169,11.690000000,minus_a2,state,0,-0.070000000,2094,-0.084368943,2103,-0.215827415,9,0.013440000,-4,-1.243000,11,-0.070563116,2094,0.000000000,0,12.500,33,9838,0,1,
113912233215618,113912231416780,113912232116759,113912233215618,1170,11.700000000,minus_a2,state,0,-0.070000000,2094,-0.088970886,2106,-0.359712359,15,0.215040000,-64,-0.678000,6,-0.070563116,2094,0.000000000,0,12.400,33,9848,1,0,
113912243235493,113912241400779,113912242119637,113912243235493,1171,11.710000000,minus_a2,state,0,-0.070000000,2094,-0.092038847,2108,-0.479616478,20,0.124320000,-37,1.695000,-15,-0.070563116,2094,0.000000000,0,12.400,33,9858,1,0,
113912253215994,113912251348204,113912252129873,113912253215994,1172,11.720000000,minus_a2,state,0,-0.070000000,2094,-0.092038847,2108,-0.551558950,23,0.104160000,-31,5.989000,-53,-0.070563116,2094,0.000000000,0,12.400,33,9868,1,0,
113912263220996,113912261399790,113912262121775,113912263220996,1173,11.730000000,minus_a2,state,0,-0.070000000,2094,-0.090504866,2107,-0.527578126,22,0.094080000,-28,10.848000,-96,-0.070563116,2094,0.000000000,0,12.400,33,9878,1,0,
113912273210714,113912271349347,113912272114817,113912273210714,1174,11.740000000,minus_a2,state,0,-0.070000000,2094,-0.087436905,2105,-0.431654831,18,0.134400000,-40,14.351000,-127,-0.070563116,2094,0.000000000,0,12.500,33,9888,1,1,
113912283232322,113912281401100,113912282119865,113912283232322,1175,11.750000000,minus_a2,state,0,-0.070000000,2094,-0.084368943,2103,-0.311750711,13,0.077280000,-23,17.854000,-158,-0.070563116,2094,0.000000000,0,12.500,33,9898,1,1,
113912293225032,113912291335572,113912292113787,113912293225032,1176,11.760000000,minus_a2,state,0,-0.070000000,2094,-0.076699039,2098,-0.143884944,6,0.040320000,-12,19.888000,-176,-0.070563116,2094,0.000000000,0,12.400,33,9908,0,1,
113912303199780,113912301326298,113912302108243,113912303199780,1177,11.770000000,minus_a2,state,0,-0.070000000,2094,-0.065961174,2091,0.023980824,-1,0.036960000,-11,12.656000,-112,-0.070563116,2094,0.000000000,0,12.400,33,9918,0,1,
113912313201025,113912311323561,113912312107765,113912313201025,1178,11.780000000,minus_a2,state,0,-0.070000000,2094,-0.058291270,2086,0.215827415,-9,-0.090720000,27,11.074000,-98,-0.070563116,2094,0.000000000,0,12.400,33,9928,0,1,
113912323187394,113912321321957,113912322104181,113912323187394,1179,11.790000000,minus_a2,state,0,-0.070000000,2094,-0.052155347,2082,0.359712359,-15,-0.026880000,8,-0.113000,1,-0.070563116,2094,0.000000000,0,12.400,33,9938,1,0,
113912333194503,113912331322516,113912332105701,113912333194503,1180,11.800000000,minus_a2,state,0,-0.070000000,2094,-0.050621366,2081,0.479616478,-20,-0.120960000,36,-1.017000,9,-0.070563116,2094,0.000000000,0,12.400,33,9948,1,0,
113912343195587,113912341325266,113912342108426,113912343195587,1181,11.810000000,minus_a2,state,0,-0.070000000,2094,-0.050621366,2081,0.503597302,-21,-0.104160000,31,-6.102000,54,-0.070563116,2094,0.000000000,0,12.400,33,9958,1,0,
113912353191108,113912351330818,113912352109587,113912353191108,1182,11.820000000,minus_a2,state,0,-0.070000000,2094,-0.050621366,2081,0.503597302,-21,-0.090720000,27,-13.221000,117,-0.070563116,2094,0.000000000,0,12.400,33,9968,1,0,
113912363191432,113912361328004,113912362110055,113912363191432,1183,11.830000000,minus_a2,state,0,-0.070000000,2094,-0.052155347,2082,0.455635655,-19,-0.110880000,33,-17.063000,151,-0.070563116,2094,0.000000000,0,12.400,33,9978,1,0,
113912373182916,113912371324016,113912372104514,113912373182916,1184,11.840000000,minus_a2,state,0,-0.070000000,2094,-0.058291270,2086,0.311750711,-13,-0.073920000,22,-18.645000,165,-0.070563116,2094,0.000000000,0,12.400,33,9988,1,1,
113912383197323,113912381326892,113912382178070,113912383197323,1185,11.850000000,minus_a2,state,0,-0.070000000,2094,-0.067495155,2092,0.143884944,-6,-0.026880000,8,-20.001000,177,-0.070563116,2094,0.000000000,0,12.400,33,9998,0,1,
113912393185193,113912391323420,113912392103458,113912393185193,1186,11.860000000,minus_a2,state,0,-0.070000000,2094,-0.078233020,2099,-0.023980824,1,-0.073920000,22,-3.390000,30,-0.070563116,2094,0.000000000,0,12.400,33,10008,0,1,
113912403207592,113912401326941,113912402120457,113912403207592,1187,11.870000000,minus_a2,state,0,-0.070000000,2094,-0.084368943,2103,-0.215827415,9,0.134400000,-40,-7.910000,70,-0.070563116,2094,0.000000000,0,12.400,33,10018,0,1,
113912413218534,113912411336493,113912412114841,113912413218534,1188,11.880000000,minus_a2,state,0,-0.070000000,2094,-0.088970886,2106,-0.383693183,16,0.077280000,-23,0.339000,-3,-0.070563116,2094,0.000000000,0,12.400,33,10028,1,0,
113912423196140,113912421406446,113912422120354,113912423196140,1189,11.890000000,minus_a2,state,0,-0.070000000,2094,-0.092038847,2108,-0.479616478,20,0.120960000,-36,1.582000,-14,-0.070563116,2094,0.000000000,0,12.400,33,10038,1,0,
113912433220390,113912431404032,113912432095577,113912433220390,1190,11.900000000,minus_a2,state,0,-0.070000000,2094,-0.092038847,2108,-0.551558950,23,0.120960000,-36,6.102000,-54,-0.070563116,2094,0.000000000,0,12.400,33,10048,1,0,
113912443214732,113912441334255,113912442118716,113912443214732,1191,11.910000000,minus_a2,state,0,-0.070000000,2094,-0.090504866,2107,-0.527578126,22,0.084000000,-25,12.543000,-111,-0.070563116,2094,0.000000000,0,12.400,33,10058,1,0,
113912453202823,113912451329135,113912452105751,113912453202823,1192,11.920000000,minus_a2,state,0,-0.070000000,2094,-0.085902924,2104,-0.431654831,18,0.073920000,-22,14.351000,-127,-0.070563116,2094,0.000000000,0,12.400,33,10068,1,1,
113912463190666,113912461324802,113912462087537,113912463190666,1193,11.930000000,minus_a2,state,0,-0.070000000,2094,-0.084368943,2103,-0.287769887,12,0.070560000,-21,17.854000,-158,-0.070563116,2094,0.000000000,0,12.400,33,10078,1,1,
113912473190521,113912471324315,113912472085318,113912473190521,1194,11.940000000,minus_a2,state,0,-0.070000000,2094,-0.075165059,2097,-0.143884944,6,0.040320000,-12,19.775000,-175,-0.070563116,2094,0.000000000,0,12.400,33,10087,0,1,
113912483261254,113912481326130,113912482161351,113912483261254,1195,11.950000000,minus_a2,state,0,-0.070000000,2094,-0.064427193,2090,0.047961648,-2,0.047040000,-14,10.057000,-89,-0.070563116,2094,0.000000000,0,12.400,33,10098,0,1,
113912493271355,113912491324099,113912492282440,113912493271355,1196,11.960000000,minus_a2,state,0,-0.070000000,2094,-0.056757289,2085,0.239808239,-10,-0.100800000,30,7.458000,-66,-0.070563116,2094,0.000000000,0,12.400,33,10108,0,1,
113912503432808,113912501409712,113912502163713,113912503432808,1197,11.970000000,minus_a2,state,0,-0.070000000,2094,-0.052155347,2082,0.383693183,-16,-0.147840000,44,0.565000,-5,-0.070563116,2094,0.000000000,0,12.400,33,10118,1,0,
113912513278378,113912511338794,113912512302756,113912513278378,1198,11.980000000,minus_a2,state,0,-0.070000000,2094,-0.050621366,2081,0.479616478,-20,-0.094080000,28,-1.356000,12,-0.070563116,2094,0.000000000,0,12.400,33,10128,1,0,
113912523318023,113912521348031,113912522292253,113912523318023,1199,11.990000000,minus_a2,hardware_error,0,-0.070000000,2094,,,,,,,,,,,,,,,,,,0
113912533263487,113912531341472,113912532159711,113912533263487,1200,12.000000000,center_after_minus_a2,state,0,0.000000000,2048,-0.050621366,2081,0.503597302,-21,-0.060480000,18,-5.311000,47,0.000000000,2048,0.000000000,0,12.500,33,10148,1,0,
113912543268682,113912541325690,113912542290513,113912543268682,1201,12.010000000,center_after_minus_a2,state,0,0.000000000,2048,-0.050621366,2081,0.431654831,-18,0.295680000,-88,6.328000,-56,0.000000000,2048,0.000000000,0,12.500,33,10158,1,0,
113912553303688,113912551401724,113912552189646,113912553303688,1202,12.020000000,center_after_minus_a2,state,0,0.000000000,2048,-0.050621366,2081,0.335731535,-14,0.285600000,-85,19.549000,-173,0.000000000,2048,0.000000000,0,12.500,33,10168,1,0,
113912563264151,113912561336926,113912562169253,113912563264151,1203,12.030000000,center_after_minus_a2,state,0,0.000000000,2048,-0.044485443,2077,0.239808239,-10,0.282240000,-84,23.052000,-204,0.000000000,2048,0.000000000,0,12.500,33,10178,0,0,
113912573429886,113912571405885,113912572302813,113912573429886,1204,12.040000000,center_after_minus_a2,state,0,0.000000000,2048,-0.035281558,2071,0.215827415,-9,0.221760000,-66,27.120000,-240,0.000000000,2048,0.000000000,0,12.600,33,10188,0,0,
113912583432334,113912581409909,113912582288981,113912583432334,1205,12.050000000,center_after_minus_a2,state,0,0.000000000,2048,-0.021475731,2062,0.263789063,-11,0.131040000,-39,29.154000,-258,0.000000000,2048,0.000000000,0,12.500,33,10198,1,0,
113912593277956,113912591406364,113912592280804,113912593277956,1206,12.060000000,center_after_minus_a2,state,0,0.000000000,2048,-0.007669904,2053,0.383693183,-16,0.073920000,-22,30.284000,-268,0.000000000,2048,0.000000000,0,12.200,33,10208,1,1,
113912603431671,113912601402004,113912602284805,113912603431671,1207,12.070000000,center_after_minus_a2,state,0,0.000000000,2048,0.009203885,2042,0.575539774,-24,0.047040000,-14,18.532000,-164,0.000000000,2048,0.000000000,0,12.500,33,10218,1,1,
113912613277814,113912611338844,113912612282692,113912613277814,1208,12.080000000,center_after_minus_a2,state,0,0.000000000,2048,0.019941750,2035,0.767386366,-32,-0.100800000,30,15.594000,-138,0.000000000,2048,0.000000000,0,12.400,33,10228,1,0,
113912623271247,113912621404684,113912622293301,113912623271247,1209,12.090000000,center_after_minus_a2,state,0,0.000000000,2048,0.029145635,2029,0.959232957,-40,-0.127680000,38,3.616000,-32,0.000000000,2048,0.000000000,0,12.300,33,10238,1,0,
113912633280010,113912631402026,113912632161445,113912633280010,1210,12.100000000,center_after_minus_a2,state,0,0.000000000,2048,0.032213597,2027,1.055156253,-44,-0.211680000,63,0.791000,-7,0.000000000,2048,0.000000000,0,12.400,33,10248,1,0,
113912643429150,113912641400609,113912642282031,113912643429150,1211,12.110000000,center_after_minus_a2,state,0,0.000000000,2048,0.033747577,2026,1.055156253,-44,-0.188160000,56,-3.842000,34,0.000000000,2048,0.000000000,0,12.400,33,10258,1,0,
113912653260470,113912651347838,113912652282646,113912653260470,1212,12.120000000,center_after_minus_a2,state,0,0.000000000,2048,0.033747577,2026,0.959232957,-40,-0.181440000,54,-13.673000,121,0.000000000,2048,0.000000000,0,12.400,33,10268,1,0,
113912663264033,113912661338213,113912662172205,113912663264033,1213,12.130000000,center_after_minus_a2,state,0,0.000000000,2048,0.030679616,2028,0.791367189,-33,-0.181440000,54,-19.323000,171,0.000000000,2048,0.000000000,0,12.500,33,10278,1,0,
113912673251468,113912671325268,113912672151627,113912673251468,1214,12.140000000,center_after_minus_a2,state,0,0.000000000,2048,0.023009712,2033,0.575539774,-24,-0.131040000,39,-21.922000,194,0.000000000,2048,0.000000000,0,12.500,33,10288,1,0,
113912683245452,113912681326520,113912682155713,113912683245452,1215,12.150000000,center_after_minus_a2,state,0,0.000000000,2048,0.012271846,2040,0.287769887,-12,-0.077280000,23,-23.504000,208,0.000000000,2048,0.000000000,0,12.200,33,10298,1,1,
113912693241767,113912691322796,113912692150341,113912693241767,1216,12.160000000,center_after_minus_a2,state,0,0.000000000,2048,0.003067962,2046,0.023980824,-1,-0.023520000,7,-25.312000,224,0.000000000,2048,0.000000000,0,12.200,33,10308,0,1,
113912703245643,113912701325114,113912702157444,113912703245643,1217,12.170000000,center_after_minus_a2,state,0,0.000000000,2048,-0.009203885,2054,-0.215827415,9,-0.097440000,29,-3.390000,30,0.000000000,2048,0.000000000,0,12.600,33,10318,0,1,
113912713339560,113912711344576,113912712170635,113912713339560,1218,12.180000000,center_after_minus_a2,state,0,0.000000000,2048,-0.018407769,2060,-0.431654831,18,0.191520000,-57,-10.735000,95,0.000000000,2048,0.000000000,0,12.500,33,10328,1,0,
113912723252602,113912721344239,113912722173831,113912723252602,1219,12.190000000,center_after_minus_a2,state,0,0.000000000,2048,-0.023009712,2063,-0.623501422,26,0.030240000,-9,-4.520000,40,0.000000000,2048,0.000000000,0,12.400,33,10338,1,0,
113912733252008,113912731331416,113912732157698,113912733252008,1220,12.200000000,center_after_minus_a2,state,0,0.000000000,2048,-0.026077673,2065,-0.719424718,30,0.164640000,-49,0.678000,-6,0.000000000,2048,0.000000000,0,12.400,33,10348,1,0,
113912743234039,113912741330515,113912742109026,113912743234039,1221,12.210000000,center_after_minus_a2,state,0,0.000000000,2048,-0.027611654,2066,-0.743405542,31,0.131040000,-39,4.294000,-38,0.000000000,2048,0.000000000,0,12.400,33,10357,1,0,
113912753200325,113912751335966,113912752092041,113912753200325,1222,12.220000000,center_after_minus_a2,state,0,0.000000000,2048,-0.027611654,2066,-0.695443894,29,0.134400000,-40,15.029000,-133,0.000000000,2048,0.000000000,0,12.200,33,10368,1,0,
113912763171044,113912761329010,113912762087327,113912763171044,1223,12.230000000,center_after_minus_a2,state,0,0.000000000,2048,-0.024543693,2064,-0.599520598,25,0.141120000,-42,16.724000,-148,0.000000000,2048,0.000000000,0,12.500,33,10377,1,0,
113912773183642,113912771329783,113912772093186,113912773183642,1224,12.240000000,center_after_minus_a2,state,0,0.000000000,2048,-0.019941750,2061,-0.431654831,18,0.120960000,-36,20.114000,-178,0.000000000,2048,0.000000000,0,12.400,33,10387,1,0,
113912783248242,113912781327093,113912782147067,113912783248242,1225,12.250000000,center_after_minus_a2,state,0,0.000000000,2048,-0.007669904,2053,-0.191846591,8,0.063840000,-19,22.374000,-198,0.000000000,2048,0.000000000,0,12.200,33,10398,0,1,
113912793254158,113912791326552,113912792158710,113912793254158,1226,12.260000000,center_after_minus_a2,state,0,0.000000000,2048,0.003067962,2046,0.000000000,0,0.010080000,-3,21.131000,-187,0.000000000,2048,0.000000000,0,12.200,33,10408,0,1,
113912803248919,113912801329990,113912802155903,113912803248919,1227,12.270000000,center_after_minus_a2,state,0,0.000000000,2048,0.012271846,2040,0.239808239,-10,-0.120960000,36,11.865000,-105,0.000000000,2048,0.000000000,0,12.400,33,10418,0,1,
113912813237770,113912811325615,113912812155831,113912813237770,1228,12.280000000,center_after_minus_a2,state,0,0.000000000,2048,0.019941750,2035,0.431654831,-18,0.057120000,-17,6.215000,-55,0.000000000,2048,0.000000000,0,12.300,33,10428,1,0,
113912823240185,113912821326086,113912822167659,113912823240185,1229,12.290000000,center_after_minus_a2,state,0,0.000000000,2048,0.023009712,2033,0.575539774,-24,-0.151200000,45,-0.904000,8,0.000000000,2048,0.000000000,0,12.400,33,10438,1,0,
113912833240795,113912831322052,113912832152729,113912833240795,1230,12.300000000,center_after_minus_a2,state,0,0.000000000,2048,0.023009712,2033,0.647482246,-27,-0.124320000,37,-4.972000,44,0.000000000,2048,0.000000000,0,12.400,33,10448,1,0,
113912843244517,113912841324346,113912842151827,113912843244517,1231,12.310000000,center_after_minus_a2,state,0,0.000000000,2048,0.023009712,2033,0.647482246,-27,-0.127680000,38,-11.639000,103,0.000000000,2048,0.000000000,0,12.400,33,10458,1,0,
113912853237398,113912851323759,113912852153088,113912853237398,1232,12.320000000,center_after_minus_a2,state,0,0.000000000,2048,0.021475731,2034,0.575539774,-24,-0.124320000,37,-17.063000,151,0.000000000,2048,0.000000000,0,12.200,33,10468,1,0,
113912863214345,113912861325124,113912862140172,113912863214345,1233,12.330000000,center_after_minus_a2,state,0,0.000000000,2048,0.013805827,2039,0.431654831,-18,-0.077280000,23,-18.419000,163,0.000000000,2048,0.000000000,0,12.500,33,10477,1,1,
113912873239714,113912871323661,113912872147525,113912873239714,1234,12.340000000,center_after_minus_a2,state,0,0.000000000,2048,0.004601942,2045,0.215827415,-9,-0.033600000,10,-19.888000,176,0.000000000,2048,0.000000000,0,12.300,33,10488,0,1,
113912883209501,113912881323840,113912882140154,113912883209501,1235,12.350000000,center_after_minus_a2,state,0,0.000000000,2048,-0.001533981,2049,0.000000000,0,-0.006720000,2,-20.001000,177,0.000000000,2048,0.000000000,0,12.200,33,10498,0,1,
113912893234916,113912891323510,113912892142668,113912893234916,1236,12.360000000,center_after_minus_a2,state,0,0.000000000,2048,-0.010737866,2055,-0.191846591,8,-0.020160000,6,-11.526000,102,0.000000000,2048,0.000000000,0,12.400,33,10508,0,1,
113912903245850,113912901325577,113912902149709,113912903245850,1237,12.370000000,center_after_minus_a2,state,0,0.000000000,2048,-0.016873789,2059,-0.359712359,15,0.010080000,-3,-5.424000,48,0.000000000,2048,0.000000000,0,12.400,33,10518,1,1,
113912913204483,113912911319062,113912912032377,113912913204483,1238,12.380000000,center_after_minus_a2,state,0,0.000000000,2048,-0.019941750,2061,-0.479616478,20,0.191520000,-57,-0.565000,5,0.000000000,2048,0.000000000,0,12.400,33,10527,1,0,
113912923147308,113912921327360,113912922086752,113912923147308,1239,12.390000000,center_after_minus_a2,state,0,0.000000000,2048,-0.021475731,2062,-0.551558950,23,0.114240000,-34,3.051000,-27,0.000000000,2048,0.000000000,0,12.400,33,10537,1,0,
113912933159475,113912931324048,113912932081346,113912933159475,1240,12.400000000,center_after_minus_a2,state,0,0.000000000,2048,-0.021475731,2062,-0.551558950,23,0.110880000,-33,6.554000,-58,0.000000000,2048,0.000000000,0,12.400,33,10547,1,0,
113912943145373,113912941329052,113912942073828,113912943145373,1241,12.410000000,center_after_minus_a2,state,0,0.000000000,2048,-0.021475731,2062,-0.479616478,20,0.117600000,-35,16.385000,-145,0.000000000,2048,0.000000000,0,12.200,33,10557,1,0,
113912953183680,113912951340793,113912952066032,113912953183680,1242,12.420000000,center_after_minus_a2,state,0,0.000000000,2048,-0.015339808,2058,-0.383693183,16,0.077280000,-23,16.272000,-144,0.000000000,2048,0.000000000,0,12.500,33,10567,1,1,
113912963138127,113912961325230,113912962089377,113912963138127,1243,12.430000000,center_after_minus_a2,state,0,0.000000000,2048,-0.007669904,2053,-0.215827415,9,0.040320000,-12,18.984000,-168,0.000000000,2048,0.000000000,0,12.400,33,10577,0,1,
113912973225884,113912971324553,113912972136537,113912973225884,1244,12.440000000,center_after_minus_a2,state,0,0.000000000,2048,-0.003067962,2050,-0.023980824,1,0.020160000,-6,20.340000,-180,0.000000000,2048,0.000000000,0,12.300,33,10588,0,1,
113912983222163,113912981323750,113912982113011,113912983222163,1245,12.450000000,center_after_minus_a2,state,0,0.000000000,2048,0.007669904,2043,0.095923296,-4,0.073920000,-22,2.373000,-21,0.000000000,2048,0.000000000,0,12.200,33,10597,0,1,
113912993243024,113912991323270,113912992175746,113912993243024,1246,12.460000000,center_after_minus_a2,state,0,0.000000000,2048,0.013805827,2039,0.287769887,-12,-0.053760000,16,8.023000,-71,0.000000000,2048,0.000000000,0,12.400,33,10608,1,1,
113913003226292,113913001324923,113913002144152,113913003226292,1247,12.470000000,center_after_minus_a2,state,0,0.000000000,2048,0.018407769,2036,0.431654831,-18,-0.161280000,48,-0.226000,2,0.000000000,2048,0.000000000,0,12.400,33,10618,1,0,
113913013444131,113913011323498,113913012081792,113913013444131,1248,12.480000000,center_after_minus_a2,state,0,0.000000000,2048,0.019941750,2035,0.503597302,-21,-0.107520000,32,-3.277000,29,0.000000000,2048,0.000000000,0,12.400,33,10628,1,0,
113913023405972,113913021403725,113913022291493,113913023405972,1249,12.490000000,center_after_minus_a2,state,0,0.000000000,2048,0.019941750,2035,0.527578126,-22,-0.107520000,32,-8.927000,79,0.000000000,2048,0.000000000,0,12.400,33,10638,1,0,
113913033406746,113913031346487,113913032157139,113913033406746,1250,12.500000000,center_after_minus_a2,state,0,0.000000000,2048,0.019941750,2035,0.479616478,-20,-0.107520000,32,-15.029000,133,0.000000000,2048,0.000000000,0,12.400,33,10648,1,0,
113913043410560,113913041401216,113913042147034,113913043410560,1251,12.510000000,center_after_minus_a2,state,0,0.000000000,2048,0.013805827,2039,0.383693183,-16,-0.077280000,23,-16.950000,150,0.000000000,2048,0.000000000,0,12.300,33,10658,1,1,
113913053261888,113913051416128,113913052260345,113913053261888,1252,12.520000000,center_after_minus_a2,state,0,0.000000000,2048,0.006135923,2044,0.215827415,-9,-0.033600000,10,-18.984000,168,0.000000000,2048,0.000000000,0,12.500,33,10668,0,1,
113913063418472,113913061337729,113913062279904,113913063418472,1253,12.530000000,center_after_minus_a2,state,0,0.000000000,2048,0.000000000,2048,0.047961648,-2,-0.003360000,1,-19.775000,175,0.000000000,2048,0.000000000,0,12.400,33,10678,0,1,
113913073408892,113913071401232,113913072270044,113913073408892,1254,12.540000000,center_after_minus_a2,state,0,0.000000000,2048,-0.009203885,2054,-0.119904120,5,0.043680000,-13,-8.136000,72,0.000000000,2048,0.000000000,0,12.300,33,10688,0,1,
113913083420589,113913081402902,113913082283877,113913083420589,1255,12.550000000,center_after_minus_a2,state,0,0.000000000,2048,-0.015339808,2058,-0.287769887,12,-0.114240000,34,-5.876000,52,0.000000000,2048,0.000000000,0,12.400,33,10698,1,1,
113913093257625,113913091401204,113913092270418,113913093257625,1256,12.560000000,center_after_minus_a2,state,0,0.000000000,2048,-0.019941750,2061,-0.407674007,17,0.100800000,-30,-0.904000,8,0.000000000,2048,0.000000000,0,12.400,33,10708,1,0,
113913103176444,113913101337407,113913102108063,113913103176444,1257,12.570000000,center_after_minus_a2,state,0,0.000000000,2048,-0.019941750,2061,-0.503597302,21,0.117600000,-35,1.469000,-13,0.000000000,2048,0.000000000,0,12.400,33,10717,1,0,
113913113185280,113913111341108,113913112117091,113913113185280,1258,12.580000000,center_after_minus_a2,state,0,0.000000000,2048,-0.019941750,2061,-0.503597302,21,0.114240000,-34,6.215000,-55,0.000000000,2048,0.000000000,0,12.400,33,10728,1,0,
113913123146990,113913121325802,113913122086956,113913123146990,1259,12.590000000,center_after_minus_a2,state,0,0.000000000,2048,-0.019941750,2061,-0.455635655,19,0.090720000,-27,14.012000,-124,0.000000000,2048,0.000000000,0,12.400,33,10737,1,0,
113913133147897,113913131327055,113913132086401,113913133147897,1260,12.600000000,center_after_minus_a2,state,0,0.000000000,2048,-0.015339808,2058,-0.383693183,16,0.094080000,-28,14.577000,-129,0.000000000,2048,0.000000000,0,12.200,33,10747,1,1,
113913143161040,113913141334951,113913142084852,113913143161040,1261,12.610000000,center_after_minus_a2,state,0,0.000000000,2048,-0.009203885,2054,-0.239808239,10,0.063840000,-19,17.402000,-154,0.000000000,2048,0.000000000,0,12.300,33,10757,0,1,
113913153168126,113913151336609,113913152089685,113913153168126,1262,12.620000000,center_after_minus_a2,state,0,0.000000000,2048,-0.004601942,2051,-0.071942472,3,0.023520000,-7,19.436000,-172,0.000000000,2048,0.000000000,0,12.500,33,10767,0,1,
113913163172329,113913161326948,113913162067776,113913163172329,1263,12.630000000,center_after_minus_a2,state,0,0.000000000,2048,0.004601942,2045,0.071942472,-3,0.023520000,-7,14.238000,-126,0.000000000,2048,0.000000000,0,12.300,33,10777,0,1,
113913173187745,113913171336816,113913172085662,113913173187745,1264,12.640000000,center_after_minus_a2,state,0,0.000000000,2048,0.012271846,2040,0.239808239,-10,-0.225120000,67,7.232000,-64,0.000000000,2048,0.000000000,0,12.300,33,10787,0,1,
113913183151136,113913181327182,113913182075022,113913183151136,1265,12.650000000,center_after_minus_a2,state,0,0.000000000,2048,0.016873789,2037,0.359712359,-15,-0.151200000,45,1.017000,-9,0.000000000,2048,0.000000000,0,12.400,33,10797,1,1,
113913193165250,113913191330208,113913192095002,113913193165250,1266,12.660000000,center_after_minus_a2,state,0,0.000000000,2048,0.019941750,2035,0.479616478,-20,-0.124320000,37,-1.582000,14,0.000000000,2048,0.000000000,0,12.400,33,10807,1,0,
113913203154435,113913201327120,113913202070146,113913203154435,1267,12.670000000,center_after_minus_a2,state,0,0.000000000,2048,0.019941750,2035,0.503597302,-21,-0.104160000,31,-6.893000,61,0.000000000,2048,0.000000000,0,12.400,33,10817,1,0,
113913213151510,113913211325432,113913212078497,113913213151510,1268,12.680000000,center_after_minus_a2,state,0,0.000000000,2048,0.019941750,2035,0.479616478,-20,-0.100800000,30,-13.786000,122,0.000000000,2048,0.000000000,0,12.400,33,10827,1,0,
113913223154454,113913221325128,113913222056528,113913223154454,1269,12.690000000,center_after_minus_a2,state,0,0.000000000,2048,0.015339808,2038,0.407674007,-17,-0.094080000,28,-16.837000,149,0.000000000,2048,0.000000000,0,12.400,33,10837,1,1,
113913233191221,113913231326258,113913232075380,113913233191221,1270,12.700000000,center_after_minus_a2,state,0,0.000000000,2048,0.007669904,2043,0.263789063,-11,-0.040320000,12,-17.854000,158,0.000000000,2048,0.000000000,0,12.300,33,10848,1,1,
113913243162325,113913241333560,113913242088401,113913243162325,1271,12.710000000,center_after_minus_a2,state,0,0.000000000,2048,0.000000000,2048,0.095923296,-4,-0.006720000,2,-19.549000,173,0.000000000,2048,0.000000000,0,12.300,33,10857,0,1,
113913253154677,113913251327003,113913252068842,113913253154677,1272,12.720000000,center_after_minus_a2,state,0,0.000000000,2048,-0.007669904,2053,-0.047961648,2,0.299040000,-89,-7.119000,63,0.000000000,2048,0.000000000,0,12.400,33,10867,0,1,
113913263143017,113913261325404,113913262071846,113913263143017,1273,12.730000000,center_after_minus_a2,state,0,0.000000000,2048,-0.013805827,2057,-0.239808239,10,0.006720000,-2,-6.780000,60,0.000000000,2048,0.000000000,0,12.400,33,10877,0,1,
113913273162104,113913271322414,113913272061114,113913273162104,1274,12.740000000,center_after_minus_a2,state,0,0.000000000,2048,-0.016873789,2059,-0.359712359,15,0.020160000,-6,0.339000,-3,0.000000000,2048,0.000000000,0,12.400,33,10887,1,1,
113913283149747,113913281324507,113913282069127,113913283149747,1275,12.750000000,center_after_minus_a2,state,0,0.000000000,2048,-0.018407769,2060,-0.455635655,19,0.100800000,-30,1.695000,-15,0.000000000,2048,0.000000000,0,12.400,33,10897,1,0,
113913293142025,113913291323099,113913292070606,113913293142025,1276,12.760000000,center_after_minus_a2,state,0,0.000000000,2048,-0.018407769,2060,-0.503597302,21,0.107520000,-32,5.989000,-53,0.000000000,2048,0.000000000,0,12.400,33,10907,1,0,
113913303165045,113913301329416,113913302086791,113913303165045,1277,12.770000000,center_after_minus_a2,state,0,0.000000000,2048,-0.019941750,2061,-0.455635655,19,0.080640000,-24,10.961000,-97,0.000000000,2048,0.000000000,0,12.300,33,10917,1,0,
113913313192982,113913311329468,113913312054439,113913313192982,1278,12.780000000,center_after_minus_a2,state,0,0.000000000,2048,-0.015339808,2058,-0.383693183,16,0.036960000,-11,13.899000,-123,0.000000000,2048,0.000000000,0,12.500,33,10927,1,1,
113913323166413,113913321324528,113913322060160,113913323166413,1279,12.790000000,center_after_minus_a2,state,0,0.000000000,2048,-0.007669904,2053,-0.239808239,10,0.053760000,-16,16.950000,-150,0.000000000,2048,0.000000000,0,12.400,33,10937,0,1,
113913333202136,113913331324486,113913332062333,113913333202136,1280,12.800000000,center_after_minus_a2,state,0,0.000000000,2048,-0.003067962,2050,-0.071942472,3,0.006720000,-2,17.967000,-159,0.000000000,2048,0.000000000,0,12.300,33,10947,0,1,
113913343195710,113913341329903,113913342075241,113913343195710,1281,12.810000000,center_after_minus_a2,state,0,0.000000000,2048,0.004601942,2045,0.071942472,-3,0.030240000,-9,11.639000,-103,0.000000000,2048,0.000000000,0,12.300,33,10957,0,1,
113913353193552,113913351418995,113913352077111,113913353193552,1282,12.820000000,center_after_minus_a2,state,0,0.000000000,2048,0.012271846,2040,0.215827415,-9,0.053760000,-16,9.944000,-88,0.000000000,2048,0.000000000,0,12.400,33,10967,0,1,
113913363164122,113913361338999,113913362059122,113913363164122,1283,12.830000000,center_after_minus_a2,state,0,0.000000000,2048,0.016873789,2037,0.359712359,-15,-0.060480000,18,-0.565000,5,0.000000000,2048,0.000000000,0,12.400,33,10977,1,1,
113913373148752,113913371328575,113913372064911,113913373148752,1284,12.840000000,center_after_minus_a2,state,0,0.000000000,2048,0.019941750,2035,0.455635655,-19,-0.097440000,29,-1.017000,9,0.000000000,2048,0.000000000,0,12.400,33,10987,1,0,
113913383157172,113913381326477,113913382057429,113913383157172,1285,12.850000000,center_after_minus_a2,state,0,0.000000000,2048,0.019941750,2035,0.479616478,-20,-0.097440000,29,-6.328000,56,0.000000000,2048,0.000000000,0,12.400,33,10997,1,0,
113913393170886,113913391335632,113913392064727,113913393170886,1286,12.860000000,center_after_minus_a2,state,0,0.000000000,2048,0.018407769,2036,0.455635655,-19,-0.094080000,28,-13.560000,120,0.000000000,2048,0.000000000,0,12.400,33,11007,1,0,
113913403210747,113913401333153,113913402159382,113913403210747,1287,12.870000000,center_after_minus_a2,state,0,0.000000000,2048,0.013805827,2039,0.383693183,-16,-0.087360000,26,-16.724000,148,0.000000000,2048,0.000000000,0,12.400,33,11018,1,1,
113913413155397,113913411326603,113913412072953,113913413155397,1288,12.880000000,center_after_minus_a2,state,0,0.000000000,2048,0.007669904,2043,0.263789063,-11,-0.050400000,15,-17.515000,155,0.000000000,2048,0.000000000,0,12.500,33,11027,1,1,
113913423165200,113913421332064,113913422068828,113913423165200,1289,12.890000000,center_after_minus_a2,state,0,0.000000000,2048,0.000000000,2048,0.071942472,-3,-0.003360000,1,-19.210000,170,0.000000000,2048,0.000000000,0,12.400,33,11037,0,1,
113913433180210,113913431328906,113913432090383,113913433180210,1290,12.900000000,center_after_minus_a2,state,0,0.000000000,2048,-0.006135923,2052,-0.071942472,3,0.258720000,-77,-8.023000,71,0.000000000,2048,0.000000000,0,12.300,33,11047,0,1,
113913443150026,113913441325487,113913442056237,113913443150026,1291,12.910000000,center_after_minus_a2,state,0,0.000000000,2048,-0.012271846,2056,-0.239808239,10,0.097440000,-29,-5.537000,49,0.000000000,2048,0.000000000,0,12.400,33,11057,0,1,
113913453141697,113913451325111,113913452073231,113913453141697,1292,12.920000000,center_after_minus_a2,state,0,0.000000000,2048,-0.016873789,2059,-0.359712359,15,0.013440000,-4,0.565000,-5,0.000000000,2048,0.000000000,0,12.400,33,11067,1,1,
113913463138716,113913461325606,113913462044770,113913463138716,1293,12.930000000,center_after_minus_a2,state,0,0.000000000,2048,-0.018407769,2060,-0.455635655,19,0.094080000,-28,1.808000,-16,0.000000000,2048,0.000000000,0,12.400,33,11077,1,0,
113913473145461,113913471323324,113913472061732,113913473145461,1294,12.940000000,center_after_minus_a2,state,0,0.000000000,2048,-0.018407769,2060,-0.479616478,20,0.107520000,-32,3.842000,-34,0.000000000,2048,0.000000000,0,12.400,33,11087,1,0,
113913483148682,113913481325293,113913482064583,113913483148682,1295,12.950000000,center_after_minus_a2,state,0,0.000000000,2048,-0.018407769,2060,-0.431654831,18,0.077280000,-23,9.831000,-87,0.000000000,2048,0.000000000,0,12.400,33,11097,1,0,
113913493129046,113913491324720,113913492056022,113913493129046,1296,12.960000000,center_after_minus_a2,state,0,0.000000000,2048,-0.015339808,2058,-0.359712359,15,0.178080000,-53,13.221000,-117,0.000000000,2048,0.000000000,0,12.300,33,11107,1,1,
113913503160307,113913501324095,113913502052363,113913503160307,1297,12.970000000,center_after_minus_a2,state,0,0.000000000,2048,-0.007669904,2053,-0.239808239,10,0.053760000,-16,16.724000,-148,0.000000000,2048,0.000000000,0,12.500,33,11117,0,1,
113913513150348,113913511326738,113913512058861,113913513150348,1298,12.980000000,center_after_minus_a2,state,0,0.000000000,2048,0.000000000,2048,-0.071942472,3,0.010080000,-3,17.741000,-157,0.000000000,2048,0.000000000,0,12.500,33,11127,0,1,
113913523077223,113913521323320,113913522053281,113913523077223,1299,12.990000000,center_after_minus_a2,hardware_error,0,0.000000000,2048,,,,,,,,,,,,,,,,,,0
113913533164199,113913531327537,113913532053397,113913533164199,1300,13.000000000,center_after_minus_a2,state,0,0.000000000,2048,0.010737866,2041,0.215827415,-9,0.073920000,-22,0.565000,-5,0.000000000,2048,0.000000000,0,12.400,33,11147,0,1,
113913543129699,113913541324858,113913542065542,113913543129699,1301,13.010000000,center_after_minus_a2,state,0,0.000000000,2048,0.013805827,2039,0.311750711,-13,-0.016800000,5,-0.226000,2,0.000000000,2048,0.000000000,0,12.400,33,11157,1,1,
113913553149957,113913551327916,113913552060358,113913553149957,1302,13.020000000,center_after_minus_a2,state,0,0.000000000,2048,0.015339808,2038,0.407674007,-17,-0.070560000,21,-1.921000,17,0.000000000,2048,0.000000000,0,12.400,33,11167,1,1,
113913563135543,113913561324798,113913562056302,113913563135543,1303,13.030000000,center_after_minus_a2,state,0,0.000000000,2048,0.013805827,2039,0.407674007,-17,-0.073920000,22,-8.136000,72,0.000000000,2048,0.000000000,0,12.400,33,11177,1,1,
113913573129645,113913571324636,113913572050156,113913573129645,1304,13.040000000,center_after_minus_a2,state,0,0.000000000,2048,0.015339808,2038,0.383693183,-16,-0.070560000,21,-12.317000,109,0.000000000,2048,0.000000000,0,12.400,33,11187,1,1,
113913583131663,113913581325830,113913582051725,113913583131663,1305,13.050000000,center_after_minus_a2,state,0,0.000000000,2048,0.009203885,2042,0.311750711,-13,-0.060480000,18,-15.029000,133,0.000000000,2048,0.000000000,0,12.400,33,11197,1,1,
113913593137532,113913591325065,113913592055040,113913593137532,1306,13.060000000,center_after_minus_a2,state,0,0.000000000,2048,0.003067962,2046,0.191846591,-8,-0.020160000,6,-16.724000,148,0.000000000,2048,0.000000000,0,12.400,33,11207,0,1,
113913603136879,113913601323629,113913602053300,113913603136879,1307,13.070000000,center_after_minus_a2,state,0,0.000000000,2048,-0.004601942,2051,0.023980824,-1,-0.020160000,6,-11.752000,104,0.000000000,2048,0.000000000,0,12.500,33,11217,0,1,
113913613159251,113913611324620,113913612050717,113913613159251,1308,13.080000000,center_after_minus_a2,state,0,0.000000000,2048,-0.007669904,2053,-0.095923296,4,0.033600000,-10,0.000000,0,0.000000000,2048,0.000000000,0,12.500,33,11227,0,1,
113913623148251,113913621325442,113913622053098,113913623148251,1309,13.090000000,center_after_minus_a2,state,0,0.000000000,2048,-0.012271846,2056,-0.215827415,9,0.134400000,-40,0.339000,-3,0.000000000,2048,0.000000000,0,12.400,33,11237,0,1,
113913633138053,113913631325820,113913632065091,113913633138053,1310,13.100000000,center_after_minus_a2,state,0,0.000000000,2048,-0.013805827,2057,-0.311750711,13,0.097440000,-29,0.339000,-3,0.000000000,2048,0.000000000,0,12.400,33,11247,1,1,
113913643136601,113913641322000,113913642051178,113913643136601,1311,13.110000000,center_after_minus_a2,state,0,0.000000000,2048,-0.013805827,2057,-0.359712359,15,0.080640000,-24,3.277000,-29,0.000000000,2048,0.000000000,0,12.400,33,11257,1,1,
113913653142180,113913651324610,113913652046402,113913653142180,1312,13.120000000,center_after_minus_a2,state,0,0.000000000,2048,-0.013805827,2057,-0.359712359,15,0.060480000,-18,5.989000,-53,0.000000000,2048,0.000000000,0,12.400,33,11267,1,1,
113913663148105,113913661324137,113913662045370,113913663148105,1313,13.130000000,center_after_minus_a2,state,0,0.000000000,2048,-0.013805827,2057,-0.311750711,13,0.077280000,-23,8.362000,-74,0.000000000,2048,0.000000000,0,12.500,33,11277,1,1,
113913673128469,113913671325683,113913672062029,113913673128469,1314,13.140000000,center_after_minus_a2,state,0,0.000000000,2048,-0.010737866,2055,-0.239808239,10,0.060480000,-18,7.006000,-62,0.000000000,2048,0.000000000,0,12.400,33,11287,0,1,
113913683139345,113913681324245,113913682058306,113913683139345,1315,13.150000000,center_after_minus_a2,state,0,0.000000000,2048,-0.007669904,2053,-0.143884944,6,0.063840000,-19,4.633000,-41,0.000000000,2048,0.000000000,0,12.400,33,11297,0,1,
113913693151936,113913691322260,113913692067857,113913693151936,1316,13.160000000,center_after_minus_a2,state,0,0.000000000,2048,-0.004601942,2051,-0.047961648,2,0.040320000,-12,4.633000,-41,0.000000000,2048,0.000000000,0,12.400,33,11307,0,1,
113913703146845,113913701329450,113913702070527,113913703146845,1317,13.170000000,center_after_minus_a2,state,0,0.000000000,2048,-0.003067962,2050,0.023980824,-1,0.016800000,-5,4.859000,-43,0.000000000,2048,0.000000000,0,12.400,33,11317,0,1,
113913713153637,113913711333469,113913712045621,113913713153637,1318,13.180000000,center_after_minus_a2,state,0,0.000000000,2048,-0.003067962,2050,0.095923296,-4,0.020160000,-6,4.746000,-42,0.000000000,2048,0.000000000,0,12.400,33,11327,0,1,
113913723131757,113913721323529,113913722037922,113913723131757,1319,13.190000000,center_after_minus_a2,state,0,0.000000000,2048,-0.001533981,2049,0.119904120,-5,0.013440000,-4,4.746000,-42,0.000000000,2048,0.000000000,0,12.400,33,11337,0,1,
113913733170821,113913731335813,113913732066490,113913733170821,1320,13.200000000,center_after_minus_a2,state,0,0.000000000,2048,0.001533981,2047,0.143884944,-6,0.006720000,-2,1.356000,-12,0.000000000,2048,0.000000000,0,12.400,33,11347,0,1,
113913743161106,113913741346443,113913742081737,113913743161106,1321,13.210000000,center_after_minus_a2,state,0,0.000000000,2048,0.001533981,2047,0.167865767,-7,0.020160000,-6,0.000000,0,0.000000000,2048,0.000000000,0,12.400,33,11357,0,1,
113913753155292,113913751336133,113913752042411,113913753155292,1322,13.220000000,center_after_minus_a2,state,0,0.000000000,2048,0.003067962,2046,0.143884944,-6,-0.006720000,2,-0.452000,4,0.000000000,2048,0.000000000,0,12.400,33,11367,0,1,
113913763139270,113913761325451,113913762030775,113913763139270,1323,13.230000000,center_after_minus_a2,state,0,0.000000000,2048,0.003067962,2046,0.119904120,-5,-0.006720000,2,-1.469000,13,0.000000000,2048,0.000000000,0,12.400,33,11377,0,1,
113913773147030,113913771333394,113913772037160,113913773147030,1324,13.240000000,center_after_minus_a2,state,0,0.000000000,2048,0.001533981,2047,0.095923296,-4,-0.010080000,3,-1.695000,15,0.000000000,2048,0.000000000,0,12.400,33,11387,0,1,
113913783150376,113913781333183,113913782040630,113913783150376,1325,13.250000000,center_after_minus_a2,state,0,0.000000000,2048,0.001533981,2047,0.095923296,-4,-0.010080000,3,-1.582000,14,0.000000000,2048,0.000000000,0,12.400,33,11397,0,1,
113913793275064,113913791325119,113913792061141,113913793275064,1326,13.260000000,center_after_minus_a2,state,0,0.000000000,2048,0.001533981,2047,0.071942472,-3,-0.003360000,1,-1.808000,16,0.000000000,2048,0.000000000,0,12.400,33,11407,0,1,
113913803128706,113913801331389,113913802058618,113913803128706,1327,13.270000000,center_after_minus_a2,state,0,0.000000000,2048,0.001533981,2047,0.047961648,-2,-0.006720000,2,-2.486000,22,0.000000000,2048,0.000000000,0,12.400,33,11417,0,1,
113913813139696,113913811331281,113913812039501,113913813139696,1328,13.280000000,center_after_minus_a2,state,0,0.000000000,2048,0.003067962,2046,0.023980824,-1,-0.006720000,2,-3.051000,27,0.000000000,2048,0.000000000,0,12.400,33,11427,0,1,
113913823142844,113913821328586,113913822030614,113913823142844,1329,13.290000000,center_after_minus_a2,state,0,0.000000000,2048,0.003067962,2046,0.000000000,0,-0.010080000,3,-4.746000,42,0.000000000,2048,0.000000000,0,12.400,33,11437,0,1,
113913833209956,113913831330292,113913832048177,113913833209956,1330,13.300000000,center_after_minus_a2,state,0,0.000000000,2048,0.001533981,2047,0.000000000,0,-0.003360000,1,-7.119000,63,0.000000000,2048,0.000000000,0,12.400,33,11447,0,1,
113913843153257,113913841322868,113913842056242,113913843153257,1331,13.310000000,center_after_minus_a2,state,0,0.000000000,2048,0.000000000,2048,0.000000000,0,-0.006720000,2,-7.006000,62,0.000000000,2048,0.000000000,0,12.400,33,11457,0,1,
113913853145843,113913851329649,113913852041958,113913853145843,1332,13.320000000,center_after_minus_a2,state,0,0.000000000,2048,-0.004601942,2051,-0.023980824,1,0.030240000,-9,0.000000,0,0.000000000,2048,0.000000000,0,12.400,33,11467,0,1,
113913863154016,113913861335995,113913862046685,113913863154016,1333,13.330000000,center_after_minus_a2,state,0,0.000000000,2048,-0.004601942,2051,-0.047961648,2,0.020160000,-6,0.226000,-2,0.000000000,2048,0.000000000,0,12.400,32,11477,0,1,
113913873121833,113913871327665,113913872027404,113913873121833,1334,13.340000000,center_after_minus_a2,state,0,0.000000000,2048,-0.004601942,2051,-0.071942472,3,0.023520000,-7,2.712000,-24,0.000000000,2048,0.000000000,0,12.400,32,11487,0,1,
113913883153927,113913881337673,113913882052590,113913883153927,1335,13.350000000,center_after_minus_a2,state,0,0.000000000,2048,-0.004601942,2051,-0.071942472,3,0.030240000,-9,3.390000,-30,0.000000000,2048,0.000000000,0,12.400,32,11497,0,1,
113913893185352,113913891340318,113913892057062,113913893185352,1336,13.360000000,center_after_minus_a2,state,0,0.000000000,2048,-0.003067962,2050,-0.071942472,3,0.023520000,-7,3.164000,-28,0.000000000,2048,0.000000000,0,12.400,32,11507,0,1,
113913903140091,113913901326014,113913902028271,113913903140091,1337,13.370000000,center_after_minus_a2,state,0,0.000000000,2048,-0.003067962,2050,-0.071942472,3,0.020160000,-6,2.825000,-25,0.000000000,2048,0.000000000,0,12.400,32,11517,0,1,
113913913150775,113913911340633,113913912134870,113913913150775,1338,13.380000000,center_after_minus_a2,state,0,0.000000000,2048,-0.001533981,2049,-0.047961648,2,0.006720000,-2,2.938000,-26,0.000000000,2048,0.000000000,0,12.400,32,11527,0,1,
113913923249276,113913921328789,113913922046374,113913923249276,1339,13.390000000,center_after_minus_a2,state,0,0.000000000,2048,0.000000000,2048,0.000000000,0,0.003360000,-1,2.034000,-18,0.000000000,2048,0.000000000,0,12.400,32,11537,0,1,
113913933227016,113913931349411,113913932072531,113913933227016,1340,13.400000000,center_after_minus_a2,state,0,0.000000000,2048,0.001533981,2047,0.000000000,0,0.000000000,0,0.904000,-8,0.000000000,2048,0.000000000,0,12.400,32,11547,0,1,
113913943105381,113913941349996,113913942042795,113913943105381,1341,13.410000000,center_after_minus_a2,state,0,0.000000000,2048,0.000000000,2048,0.023980824,-1,0.000000000,0,-0.565000,5,0.000000000,2048,0.000000000,0,12.400,32,11557,0,1,
113913953137207,113913951408435,113913952057459,113913953137207,1342,13.420000000,center_after_minus_a2,state,0,0.000000000,2048,0.000000000,2048,0.047961648,-2,0.000000000,0,-0.904000,8,0.000000000,2048,0.000000000,0,12.400,32,11567,0,1,
113913963133648,113913961345905,113913962045325,113913963133648,1343,13.430000000,center_after_minus_a2,state,0,0.000000000,2048,0.001533981,2047,0.047961648,-2,0.000000000,0,-0.904000,8,0.000000000,2048,0.000000000,0,12.400,32,11577,0,1,
113913973188107,113913971329918,113913972053694,113913973188107,1344,13.440000000,center_after_minus_a2,state,0,0.000000000,2048,0.000000000,2048,0.047961648,-2,0.000000000,0,-0.904000,8,0.000000000,2048,0.000000000,0,12.400,32,11587,0,1,
113913983171596,113913981333038,113913982058195,113913983171596,1345,13.450000000,center_after_minus_a2,state,0,0.000000000,2048,0.001533981,2047,0.023980824,-1,-0.003360000,1,-1.017000,9,0.000000000,2048,0.000000000,0,12.400,32,11597,0,1,
113913993130997,113913991332591,113913992034445,113913993130997,1346,13.460000000,center_after_minus_a2,state,0,0.000000000,2048,0.000000000,2048,0.023980824,-1,0.000000000,0,-0.904000,8,0.000000000,2048,0.000000000,0,12.400,32,11607,0,1,
113914003136780,113914001325882,113914002026989,113914003136780,1347,13.470000000,center_after_minus_a2,state,0,0.000000000,2048,0.001533981,2047,0.000000000,0,-0.003360000,1,-0.904000,8,0.000000000,2048,0.000000000,0,12.400,32,11617,0,1,
113914013138772,113914011328935,113914012036775,113914013138772,1348,13.480000000,center_after_minus_a2,state,0,0.000000000,2048,0.000000000,2048,0.000000000,0,-0.003360000,1,-1.017000,9,0.000000000,2048,0.000000000,0,12.400,32,11627,0,1,
113914023433546,113914021348182,113914022037955,113914023433546,1349,13.490000000,center_after_minus_a2,state,0,0.000000000,2048,0.001533981,2047,0.000000000,0,0.000000000,0,-0.904000,8,0.000000000,2048,0.000000000,0,12.400,32,11637,0,1,
113914033169231,113914031403662,113914032077452,113914033169231,1350,13.500000000,plus_a3,state,0,0.105000000,1980,0.001533981,2047,0.000000000,0,0.000000000,0,-0.904000,8,0.104310694,1980,0.000000000,0,12.400,32,11647,0,0,
113914043161280,113914041336082,113914042053129,113914043161280,1351,13.510000000,plus_a3,state,0,0.105000000,1980,0.001533981,2047,0.000000000,0,0.601440000,-179,27.685000,-245,0.104310694,1980,0.000000000,0,12.200,32,11657,0,0,
113914053129226,113914051332841,113914052037607,113914053129226,1352,13.520000000,plus_a3,state,0,0.105000000,1980,0.012271846,2040,0.023980824,-1,0.537600000,-160,36.273000,-321,0.104310694,1980,0.000000000,0,12.500,32,11667,0,0,
113914063176583,113914061403033,113914062047304,113914063176583,1353,13.530000000,plus_a3,state,0,0.105000000,1980,0.027611654,2030,0.119904120,-5,0.477120000,-142,42.714000,-378,0.104310694,1980,0.000000000,0,12.600,32,11677,0,0,
113914073224755,113914071401910,113914072053989,113914073224755,1354,13.540000000,plus_a3,state,0,0.105000000,1980,0.049087385,2016,0.311750711,-13,0.342720000,-102,47.912000,-424,0.104310694,1980,0.000000000,0,12.200,32,11687,1,0,
113914083150390,113914081411306,113914082054145,113914083150390,1355,13.550000000,plus_a3,state,0,0.105000000,1980,0.072097097,2001,0.575539774,-24,0.198240000,-59,50.511000,-447,0.104310694,1980,0.000000000,0,12.200,32,11697,1,0,
113914093129171,113914091401215,113914092069275,113914093129171,1356,13.560000000,plus_a3,state,0,0.105000000,1980,0.098174770,1984,0.887290485,-37,0.063840000,-19,49.833000,-441,0.104310694,1980,0.000000000,0,12.200,32,11707,1,1,
113914103151662,113914101409325,113914102030741,113914103151662,1357,13.570000000,plus_a3,state,0,0.105000000,1980,0.122718463,1968,1.223022020,-51,-0.504000000,150,23.843000,-211,0.104310694,1980,0.000000000,0,12.200,32,11717,1,0,
113914113145329,113914111336388,113914112058598,113914113145329,1358,13.580000000,plus_a3,state,0,0.105000000,1980,0.142660213,1955,1.582734379,-66,-0.084000000,25,26.442000,-234,0.104310694,1980,0.000000000,0,12.400,32,11727,1,0,
113914123209358,113914121402208,113914122050009,113914123209358,1359,13.590000000,plus_a3,state,0,0.105000000,1980,0.154932060,1947,1.822542618,-76,-0.282240000,84,16.159000,-143,0.104310694,1980,0.000000000,0,12.400,32,11737,1,0,
113914133143809,113914131407639,113914132056814,113914133143809,1360,13.600000000,plus_a3,state,0,0.105000000,1980,0.164135944,1941,1.918465914,-80,-0.342720000,102,12.091000,-107,0.104310694,1980,0.000000000,0,12.300,32,11747,1,0,
113914143166645,113914141355857,113914142054343,113914143166645,1361,13.610000000,plus_a3,state,0,0.105000000,1980,0.171805848,1936,1.870504266,-78,-0.379680000,113,7.345000,-65,0.104310694,1980,0.000000000,0,12.400,32,11757,1,0,
113914153132671,113914151406518,113914152038214,113914153132671,1362,13.620000000,plus_a3,state,0,0.105000000,1980,0.176407791,1933,1.726619322,-72,-0.396480000,118,-2.147000,19,0.104310694,1980,0.000000000,0,12.400,32,11767,1,0,
113914163133311,113914161408127,113914162028090,113914163133311,1363,13.630000000,plus_a3,state,0,0.105000000,1980,0.176407791,1933,1.510791907,-63,-0.413280000,123,-16.159000,143,0.104310694,1980,0.000000000,0,12.100,32,11777,1,0,
113914173240982,113914171410250,113914172032959,113914173240982,1364,13.640000000,plus_a3,state,0,0.105000000,1980,0.173339829,1935,1.199041196,-50,-0.393120000,117,-27.572000,244,0.104310694,1980,0.000000000,0,12.100,32,11787,1,0,
113914183128638,113914181336657,113914182034932,113914183128638,1365,13.650000000,plus_a3,state,0,0.105000000,1980,0.165669925,1940,0.839328837,-35,-0.362880000,108,-31.753000,281,0.104310694,1980,0.000000000,0,12.600,32,11797,1,0,
113914193145046,113914191334223,113914192053998,113914193145046,1366,13.660000000,plus_a3,state,0,0.105000000,1980,0.150330117,1950,0.503597302,-21,-0.262080000,78,-36.725000,325,0.104310694,1980,0.000000000,0,12.300,33,11807,1,0,
113914203098428,113914201325993,113914202007973,113914203098428,1367,13.670000000,plus_a3,state,0,0.105000000,1980,0.131922348,1962,0.119904120,-5,-0.184800000,55,-39.663000,351,0.104310694,1980,0.000000000,0,12.200,33,11817,0,0,
113914213102038,113914211329359,113914212011514,113914213102038,1368,13.680000000,plus_a3,state,0,0.105000000,1980,0.111980598,1975,-0.239808239,10,-0.080640000,24,-40.002000,354,0.104310694,1980,0.000000000,0,12.200,33,11827,0,1,
113914223090440,113914221326861,113914222010147,113914223090440,1369,13.690000000,plus_a3,state,0,0.105000000,1980,0.092038847,1988,-0.623501422,26,-0.057120000,17,-25.425000,225,0.104310694,1980,0.000000000,0,12.400,33,11837,1,1,
113914233098571,113914231331973,113914232011150,113914233098571,1370,13.700000000,plus_a3,state,0,0.105000000,1980,0.076699039,1998,-0.959232957,40,0.124320000,-37,-17.515000,155,0.104310694,1980,0.000000000,0,12.300,33,11847,1,0,
113914243097593,113914241327054,113914242010609,113914243097593,1371,13.710000000,plus_a3,state,0,0.105000000,1980,0.065961174,2005,-1.223022020,51,0.386400000,-115,-8.701000,77,0.104310694,1980,0.000000000,0,12.500,33,11857,1,0,
113914253104776,113914251328444,113914252008526,113914253104776,1372,13.720000000,plus_a3,state,0,0.105000000,1980,0.058291270,2010,-1.366906964,57,0.235200000,-70,-10.170000,90,0.104310694,1980,0.000000000,0,12.500,33,11867,1,0,
113914263110560,113914261334836,113914262018457,113914263110560,1373,13.730000000,plus_a3,state,0,0.105000000,1980,0.053689328,2013,-1.414868611,59,0.302400000,-90,-5.311000,47,0.104310694,1980,0.000000000,0,12.300,33,11877,1,0,
113914273097269,113914271326540,113914272015873,113914273097269,1374,13.740000000,plus_a3,state,0,0.105000000,1980,0.049087385,2016,-1.342926140,56,0.342720000,-102,3.164000,-28,0.104310694,1980,0.000000000,0,12.400,33,11887,1,0,
113914283119894,113914281343241,113914282027385,113914283119894,1375,13.750000000,plus_a3,state,0,0.105000000,1980,0.049087385,2016,-1.175060372,49,0.302400000,-90,14.803000,-131,0.104310694,1980,0.000000000,0,12.400,33,11897,1,0,
113914293124712,113914291335724,113914292027116,113914293124712,1376,13.760000000,plus_a3,state,0,0.105000000,1980,0.052155347,2014,-0.959232957,40,0.319200000,-95,22.826000,-202,0.104310694,1980,0.000000000,0,12.200,33,11907,1,0,
113914303101306,113914301325622,113914302007775,113914303101306,1377,13.770000000,plus_a3,state,0,0.105000000,1980,0.061359232,2008,-0.671463070,28,0.278880000,-83,25.877000,-229,0.104310694,1980,0.000000000,0,12.100,33,11917,1,0,
113914313104894,113914311328717,113914312009627,113914313104894,1378,13.780000000,plus_a3,state,0,0.105000000,1980,0.070563116,2002,-0.407674007,17,0.211680000,-63,29.832000,-264,0.104310694,1980,0.000000000,0,12.400,33,11927,1,0,
113914323187533,113914321364408,113914322049092,113914323187533,1379,13.790000000,plus_a3,state,0,0.105000000,1980,0.084368943,1993,-0.095923296,4,0.117600000,-35,31.753000,-281,0.104310694,1980,0.000000000,0,12.400,33,11937,0,0,
113914333154476,113914331345524,113914332056478,113914333154476,1380,13.800000000,plus_a3,state,0,0.105000000,1980,0.101242732,1982,0.191846591,-8,0.043680000,-13,31.753000,-281,0.104310694,1980,0.000000000,0,12.200,33,11947,0,1,
113914343105189,113914341338275,113914342024314,113914343105189,1381,13.810000000,plus_a3,state,0,0.105000000,1980,0.116582540,1972,0.503597302,-21,0.120960000,-36,2.260000,-20,0.104310694,1980,0.000000000,0,12.300,33,11957,1,1,
113914353167496,113914351411338,113914352033610,113914353167496,1382,13.820000000,plus_a3,state,0,0.105000000,1980,0.127320405,1965,0.767386366,-32,-0.325920000,97,5.198000,-46,0.104310694,1980,0.000000000,0,12.400,33,11967,1,0,
113914363126230,113914361343797,113914362035704,113914363126230,1383,13.830000000,plus_a3,state,0,0.105000000,1980,0.133456329,1961,0.983213781,-41,-0.191520000,57,8.249000,-73,0.104310694,1980,0.000000000,0,12.400,33,11977,1,0,
113914373112746,113914371338282,113914372021837,113914373112746,1384,13.840000000,plus_a3,state,0,0.105000000,1980,0.138058271,1958,1.055156253,-44,-0.262080000,78,-0.339000,3,0.104310694,1980,0.000000000,0,12.400,33,11987,1,0,
113914383132637,113914381348870,113914382037147,113914383132637,1385,13.850000000,plus_a3,state,0,0.105000000,1980,0.139592252,1957,1.055156253,-44,-0.191520000,57,-5.763000,51,0.104310694,1980,0.000000000,0,12.400,33,11997,1,0,
113914393205635,113914391348086,113914392023190,113914393205635,1386,13.860000000,plus_a3,state,0,0.105000000,1980,0.138058271,1958,0.959232957,-40,-0.181440000,54,-15.933000,141,0.104310694,1980,0.000000000,0,12.200,33,12007,1,0,
113914403118860,113914401335529,113914402020758,113914403118860,1387,13.870000000,plus_a3,state,0,0.105000000,1980,0.133456329,1961,0.767386366,-32,-0.171360000,51,-19.662000,174,0.104310694,1980,0.000000000,0,12.400,33,12017,1,0,
113914413124160,113914411335857,113914412019176,113914413124160,1388,13.880000000,plus_a3,state,0,0.105000000,1980,0.125786425,1966,0.527578126,-22,-0.134400000,40,-21.922000,194,0.104310694,1980,0.000000000,0,12.400,33,12027,1,0,
113914423195192,113914421336422,113914422023839,113914423195192,1389,13.890000000,plus_a3,state,0,0.105000000,1980,0.119650501,1970,0.263789063,-11,-0.094080000,28,-24.634000,218,0.104310694,1980,0.000000000,0,12.200,33,12037,1,1,
113914433186997,113914431340654,113914432040247,113914433186997,1390,13.900000000,plus_a3,state,0,0.105000000,1980,0.107378655,1978,0.000000000,0,-0.026880000,8,-25.877000,229,0.104310694,1980,0.000000000,0,12.300,33,12047,0,1,
113914443104225,113914441345143,113914442027263,113914443104225,1391,13.910000000,plus_a3,state,0,0.105000000,1980,0.095106809,1986,-0.239808239,10,0.403200000,-120,-7.684000,68,0.104310694,1980,0.000000000,0,12.400,33,12057,0,1,
113914453109069,113914451348149,113914452019638,113914453109069,1392,13.920000000,plus_a3,state,0,0.105000000,1980,0.085902924,1992,-0.455635655,19,0.225120000,-67,-9.153000,81,0.104310694,1980,0.000000000,0,12.400,33,12067,1,0,
113914463120107,113914461344560,113914462027190,113914463120107,1393,13.930000000,plus_a3,state,0,0.105000000,1980,0.081300982,1995,-0.623501422,26,0.168000000,-50,-5.763000,51,0.104310694,1980,0.000000000,0,12.400,33,12077,1,0,
113914473195173,113914471343360,113914472012068,113914473195173,1394,13.940000000,plus_a3,state,0,0.105000000,1980,0.078233020,1997,-0.719424718,30,0.154560000,-46,1.130000,-10,0.104310694,1980,0.000000000,0,12.400,33,12087,1,0,
113914483127249,113914481350971,113914482029825,113914483127249,1395,13.950000000,plus_a3,state,0,0.105000000,1980,0.078233020,1997,-0.743405542,31,0.144480000,-43,5.876000,-52,0.104310694,1980,0.000000000,0,12.400,33,12097,1,0,
113914493123796,113914491346166,113914492034996,113914493123796,1396,13.960000000,plus_a3,state,0,0.105000000,1980,0.078233020,1997,-0.695443894,29,0.137760000,-41,15.142000,-134,0.104310694,1980,0.000000000,0,12.500,33,12107,1,0,
113914503091241,113914501333492,113914502017188,113914503091241,1397,13.970000000,plus_a3,state,0,0.105000000,1980,0.078233020,1997,-0.575539774,24,0.147840000,-44,16.837000,-149,0.104310694,1980,0.000000000,0,12.400,33,12117,1,0,
113914513173399,113914511334931,113914512016157,113914513173399,1398,13.980000000,plus_a3,state,0,0.105000000,1980,0.085902924,1992,-0.407674007,17,0.110880000,-33,20.340000,-180,0.104310694,1980,0.000000000,0,12.300,33,12127,1,0,
113914523013819,113914521340740,113914521983373,113914523013819,1399,13.990000000,plus_a3,hardware_error,0,0.105000000,1980,,,,,,,,,,,,,,,,,,0
113914533075426,113914531340032,113914531986741,113914533075426,1400,14.000000000,plus_a3,state,0,0.105000000,1980,0.107378655,1978,0.000000000,0,0.006720000,-2,21.357000,-189,0.104310694,1980,0.000000000,0,12.500,33,12147,0,1,
113914543103028,113914541348652,113914542022432,113914543103028,1401,14.010000000,plus_a3,state,0,0.105000000,1980,0.116582540,1972,0.239808239,-10,-0.107520000,32,12.656000,-112,0.104310694,1980,0.000000000,0,12.400,33,12157,0,1,
113914553202585,113914551401529,113914551995107,113914553202585,1402,14.020000000,plus_a3,state,0,0.105000000,1980,0.122718463,1968,0.407674007,-17,-0.211680000,63,3.277000,-29,0.104310694,1980,0.000000000,0,12.400,33,12167,1,0,
113914563099037,113914561354726,113914562022048,113914563099037,1403,14.030000000,plus_a3,state,0,0.105000000,1980,0.125786425,1966,0.551558950,-23,0.060480000,-18,-0.791000,7,0.104310694,1980,0.000000000,0,12.400,33,12177,1,0,
113914573189709,113914571401055,113914571995067,113914573189709,1404,14.040000000,plus_a3,state,0,0.105000000,1980,0.127320405,1965,0.647482246,-27,-0.124320000,37,-4.181000,37,0.104310694,1980,0.000000000,0,12.400,33,12187,1,0,
113914583100567,113914581404429,113914581991304,113914583100567,1405,14.050000000,plus_a3,state,0,0.105000000,1980,0.125786425,1966,0.623501422,-26,-0.110880000,33,-11.526000,102,0.104310694,1980,0.000000000,0,12.300,33,12197,1,0,
113914593179195,113914591406771,113914591992488,113914593179195,1406,14.060000000,plus_a3,state,0,0.105000000,1980,0.124252444,1967,0.551558950,-23,-0.104160000,31,-16.724000,148,0.104310694,1980,0.000000000,0,12.300,33,12207,1,0,
113914603109449,113914601344628,113914601993869,113914603109449,1407,14.070000000,plus_a3,state,0,0.105000000,1980,0.121184482,1969,0.407674007,-17,-0.087360000,26,-18.080000,160,0.104310694,1980,0.000000000,0,12.400,33,12217,1,1,
113914613119852,113914611409229,113914611997225,113914613119852,1408,14.080000000,plus_a3,state,0,0.105000000,1980,0.111980598,1975,0.239808239,-10,-0.053760000,16,-20.114000,178,0.104310694,1980,0.000000000,0,12.300,33,12227,0,1,
113914623174560,113914621336140,113914622022142,113914623174560,1409,14.090000000,plus_a3,state,0,0.105000000,1980,0.102776713,1981,0.023980824,-1,-0.003360000,1,-20.905000,185,0.104310694,1980,0.000000000,0,12.300,33,12237,0,1,
113914633104134,113914631403199,113914631991763,113914633104134,1410,14.100000000,plus_a3,state,0,0.105000000,1980,0.093572828,1987,-0.167865767,7,-0.047040000,14,-1.017000,9,0.104310694,1980,0.000000000,0,12.500,33,12247,0,1,
113914643106073,113914641405793,113914641994134,113914643106073,1411,14.110000000,plus_a3,state,0,0.105000000,1980,0.087436905,1991,-0.335731535,14,-0.023520000,7,-1.017000,9,0.104310694,1980,0.000000000,0,12.400,33,12257,1,1,
113914653113322,113914651348405,113914651990289,113914653113322,1412,14.120000000,plus_a3,state,0,0.105000000,1980,0.084368943,1993,-0.455635655,19,0.104160000,-31,0.565000,-5,0.104310694,1980,0.000000000,0,12.400,33,12267,1,0,
113914663113804,113914661401372,113914661990474,113914663113804,1413,14.130000000,plus_a3,state,0,0.105000000,1980,0.082834963,1994,-0.527578126,22,0.120960000,-36,3.390000,-30,0.104310694,1980,0.000000000,0,12.400,33,12277,1,0,
113914673186766,113914671408443,113914671995450,113914673186766,1414,14.140000000,plus_a3,state,0,0.105000000,1980,0.082834963,1994,-0.551558950,23,0.124320000,-37,8.249000,-73,0.104310694,1980,0.000000000,0,12.400,33,12287,1,0,
113914683117804,113914681349333,113914681993161,113914683117804,1415,14.150000000,plus_a3,state,0,0.105000000,1980,0.085902924,1992,-0.503597302,21,0.097440000,-29,16.159000,-143,0.104310694,1980,0.000000000,0,12.300,33,12297,1,0,
113914693110314,113914691408721,113914691995308,113914693110314,1416,14.160000000,plus_a3,state,0,0.105000000,1980,0.088970886,1990,-0.383693183,16,0.080640000,-24,16.611000,-147,0.104310694,1980,0.000000000,0,12.500,33,12307,1,1,
113914703119307,113914701399097,113914701990383,113914703119307,1417,14.170000000,plus_a3,state,0,0.105000000,1980,0.093572828,1987,-0.215827415,9,0.070560000,-21,19.097000,-169,0.104310694,1980,0.000000000,0,12.400,33,12317,0,1,
113914713118713,113914711398903,113914711993257,113914713118713,1418,14.180000000,plus_a3,state,0,0.105000000,1980,0.102776713,1981,-0.071942472,3,0.023520000,-7,20.114000,-178,0.104310694,1980,0.000000000,0,12.300,33,12327,0,1,
113914723340509,113914721405939,113914722071102,113914723340509,1419,14.190000000,plus_a3,state,0,0.105000000,1980,0.111980598,1975,0.095923296,-4,0.073920000,-22,1.356000,-12,0.104310694,1980,0.000000000,0,12.300,33,12337,0,1,
113914733120075,113914731414481,113914732068478,113914733120075,1420,14.200000000,plus_a3,state,0,0.105000000,1980,0.119650501,1970,0.287769887,-12,-0.151200000,45,2.034000,-18,0.104310694,1980,0.000000000,0,12.400,33,12347,1,1,
113914743098895,113914741341940,113914742021942,113914743098895,1421,14.210000000,plus_a3,state,0,0.105000000,1980,0.124252444,1967,0.407674007,-17,-0.117600000,35,0.000000,0,0.104310694,1980,0.000000000,0,12.400,33,12357,1,0,
113914753111504,113914751337510,113914751999051,113914753111504,1422,14.220000000,plus_a3,state,0,0.105000000,1980,0.125786425,1966,0.479616478,-20,-0.117600000,35,-1.243000,11,0.104310694,1980,0.000000000,0,12.400,33,12367,1,0,
113914763130998,113914761337194,113914762019461,113914763130998,1423,14.230000000,plus_a3,state,0,0.105000000,1980,0.124252444,1967,0.527578126,-22,-0.120960000,36,-8.136000,72,0.104310694,1980,0.000000000,0,12.400,33,12377,1,0,
113914773146325,113914771326714,113914771978547,113914773146325,1424,14.240000000,plus_a3,state,0,0.105000000,1980,0.122718463,1968,0.503597302,-21,-0.097440000,29,-14.351000,127,0.104310694,1980,0.000000000,0,12.300,33,12387,1,0,
113914783093849,113914781332822,113914781991945,113914783093849,1425,14.250000000,plus_a3,state,0,0.105000000,1980,0.119650501,1970,0.407674007,-17,-0.090720000,27,-16.837000,149,0.104310694,1980,0.000000000,0,12.300,33,12397,1,1,
113914793084950,113914791327244,113914791982143,113914793084950,1426,14.260000000,plus_a3,state,0,0.105000000,1980,0.115048559,1973,0.263789063,-11,-0.063840000,19,-18.984000,168,0.104310694,1980,0.000000000,0,12.500,33,12407,1,1,
113914803066442,113914801325236,113914801983328,113914803066442,1427,14.270000000,plus_a3,state,0,0.105000000,1980,0.105844674,1979,0.095923296,-4,-0.013440000,4,-20.114000,178,0.104310694,1980,0.000000000,0,12.400,33,12417,0,1,
113914813102739,113914811330425,113914812014103,113914813102739,1428,14.280000000,plus_a3,state,0,0.105000000,1980,0.096640790,1985,-0.071942472,3,0.322560000,-96,-7.910000,70,0.104310694,1980,0.000000000,0,12.300,33,12427,0,1,
113914823145249,113914821328187,113914821980653,113914823145249,1429,14.290000000,plus_a3,state,0,0.105000000,1980,0.090504866,1989,-0.263789063,11,-0.047040000,14,-7.684000,68,0.104310694,1980,0.000000000,0,12.400,33,12437,1,1,
113914833086126,113914831326802,113914831993312,113914833086126,1430,14.300000000,plus_a3,state,0,0.105000000,1980,0.087436905,1991,-0.383693183,16,0.184800000,-55,-1.921000,17,0.104310694,1980,0.000000000,0,12.400,33,12447,1,1,
113914843085734,113914841329441,113914841986316,113914843085734,1431,14.310000000,plus_a3,state,0,0.105000000,1980,0.084368943,1993,-0.455635655,19,0.100800000,-30,0.678000,-6,0.104310694,1980,0.000000000,0,12.400,33,12457,1,0,
113914853100253,113914851334860,113914851996922,113914853100253,1432,14.320000000,plus_a3,state,0,0.105000000,1980,0.084368943,1993,-0.503597302,21,0.114240000,-34,3.616000,-32,0.104310694,1980,0.000000000,0,12.400,33,12467,1,0,
113914863089523,113914861331373,113914861986074,113914863089523,1433,14.330000000,plus_a3,state,0,0.105000000,1980,0.085902924,1992,-0.479616478,20,0.100800000,-30,8.701000,-77,0.104310694,1980,0.000000000,0,12.400,33,12477,1,0,
113914873069510,113914871325283,113914871984462,113914873069510,1434,14.340000000,plus_a3,state,0,0.105000000,1980,0.088970886,1990,-0.383693183,16,0.164640000,-49,14.125000,-125,0.104310694,1980,0.000000000,0,12.400,33,12487,1,1,
113914883159350,113914881329944,113914882020450,113914883159350,1435,14.350000000,plus_a3,state,0,0.105000000,1980,0.092038847,1988,-0.263789063,11,0.067200000,-20,16.837000,-149,0.104310694,1980,0.000000000,0,12.500,33,12497,1,1,
113914893114542,113914891362364,113914892028056,113914893114542,1436,14.360000000,plus_a3,state,0,0.105000000,1980,0.096640790,1985,-0.119904120,5,0.043680000,-13,19.210000,-170,0.104310694,1980,0.000000000,0,12.500,33,12507,0,1,
113914903100509,113914901406629,113914901994233,113914903100509,1437,14.370000000,plus_a3,state,0,0.105000000,1980,0.105844674,1979,0.023980824,-1,0.006720000,-2,18.532000,-164,0.104310694,1980,0.000000000,0,12.400,33,12517,0,1,
113914913198419,113914911345079,113914912050841,113914913198419,1438,14.380000000,plus_a3,state,0,0.105000000,1980,0.115048559,1973,0.167865767,-7,-0.204960000,61,10.057000,-89,0.104310694,1980,0.000000000,0,12.300,33,12527,0,1,
113914923191973,113914921353608,113914921994833,113914923191973,1439,14.390000000,plus_a3,state,0,0.105000000,1980,0.121184482,1969,0.311750711,-13,-0.016800000,5,2.486000,-22,0.104310694,1980,0.000000000,0,12.400,33,12537,1,1,
113914933099584,113914931402592,113914931995613,113914933099584,1440,14.400000000,plus_a3,state,0,0.105000000,1980,0.122718463,1968,0.407674007,-17,-0.141120000,42,-0.452000,4,0.104310694,1980,0.000000000,0,12.400,33,12547,1,0,
113914943088699,113914941411329,113914941982162,113914943088699,1441,14.410000000,plus_a3,state,0,0.105000000,1980,0.124252444,1967,0.479616478,-20,-0.100800000,30,-3.277000,29,0.104310694,1980,0.000000000,0,12.400,33,12557,1,0,
113914953074666,113914951345431,113914951975321,113914953074666,1442,14.420000000,plus_a3,state,0,0.105000000,1980,0.122718463,1968,0.479616478,-20,-0.080640000,24,-9.944000,88,0.104310694,1980,0.000000000,0,12.400,33,12567,1,0,
113914963075119,113914961357564,113914962014499,113914963075119,1443,14.430000000,plus_a3,state,0,0.105000000,1980,0.121184482,1969,0.431654831,-18,-0.097440000,29,-15.029000,133,0.104310694,1980,0.000000000,0,12.400,33,12577,1,1,
113914973142480,113914971400359,113914971967964,113914973142480,1444,14.440000000,plus_a3,state,0,0.105000000,1980,0.118116521,1971,0.335731535,-14,-0.087360000,26,-17.289000,153,0.104310694,1980,0.000000000,0,12.400,33,12587,1,1,
113914983109327,113914981404558,113914981974376,113914983109327,1445,14.450000000,plus_a3,state,0,0.105000000,1980,0.110446617,1976,0.191846591,-8,-0.047040000,14,-19.210000,170,0.104310694,1980,0.000000000,0,12.500,33,12597,0,1,
113914993173106,113914991354260,113914991978962,113914993173106,1446,14.460000000,plus_a3,state,0,0.105000000,1980,0.101242732,1982,0.000000000,0,-0.013440000,4,-17.854000,158,0.104310694,1980,0.000000000,0,12.500,33,12607,0,1,
113915003093407,113915001365264,113915001983223,113915003093407,1447,14.470000000,plus_a3,state,0,0.105000000,1980,0.093572828,1987,-0.143884944,6,0.100800000,-30,-9.266000,82,0.104310694,1980,0.000000000,0,12.400,33,12617,0,1,
113915013093147,113915011337774,113915011977400,113915013093147,1448,14.480000000,plus_a3,state,0,0.105000000,1980,0.088970886,1990,-0.311750711,13,0.067200000,-20,-2.486000,22,0.104310694,1980,0.000000000,0,12.400,33,12627,1,1,
113915023107782,113915021411320,113915021960131,113915023107782,1449,14.490000000,plus_a3,state,0,0.105000000,1980,0.085902924,1992,-0.407674007,17,0.141120000,-42,0.339000,-3,0.104310694,1980,0.000000000,0,12.400,33,12637,1,0,
113915033148803,113915031409598,113915031986910,113915033148803,1450,14.500000000,plus_a3,state,0,0.105000000,1980,0.085902924,1992,-0.479616478,20,0.114240000,-34,3.277000,-29,0.104310694,1980,0.000000000,0,12.400,33,12647,1,0,
113915043091259,113915041364535,113915041977953,113915043091259,1451,14.510000000,plus_a3,state,0,0.105000000,1980,0.085902924,1992,-0.479616478,20,0.104160000,-31,6.215000,-55,0.104310694,1980,0.000000000,0,12.400,33,12657,1,0,
113915053079413,113915051405402,113915051990723,113915053079413,1452,14.520000000,plus_a3,state,0,0.105000000,1980,0.087436905,1991,-0.431654831,18,0.060480000,-18,12.204000,-108,0.104310694,1980,0.000000000,0,12.400,33,12667,1,1,
113915063091701,113915061402889,113915061975593,113915063091701,1453,14.530000000,plus_a3,state,0,0.105000000,1980,0.092038847,1988,-0.311750711,13,0.100800000,-30,14.351000,-127,0.104310694,1980,0.000000000,0,12.400,33,12677,1,1,
113915073154471,113915071401433,113915071969297,113915073154471,1454,14.540000000,plus_a3,state,0,0.105000000,1980,0.095106809,1986,-0.167865767,7,0.060480000,-18,17.289000,-153,0.104310694,1980,0.000000000,0,12.400,33,12687,0,1,
113915083091151,113915081365663,113915081973542,113915083091151,1455,14.550000000,plus_a3,state,0,0.105000000,1980,0.101242732,1982,-0.023980824,1,0.020160000,-6,19.436000,-172,0.104310694,1980,0.000000000,0,12.500,33,12697,0,1,
113915093149642,113915091352907,113915091990899,113915093149642,1456,14.560000000,plus_a3,state,0,0.105000000,1980,0.110446617,1976,0.095923296,-4,0.063840000,-19,5.763000,-51,0.104310694,1980,0.000000000,0,12.400,33,12707,0,1,
113915103097063,113915101344061,113915101975362,113915103097063,1457,14.570000000,plus_a3,state,0,0.105000000,1980,0.118116521,1971,0.239808239,-10,0.023520000,-7,3.842000,-34,0.104310694,1980,0.000000000,0,12.400,33,12717,0,1,
113915112964131,113915111328925,113915111935816,113915112964131,1458,14.580000000,plus_a3,state,0,0.105000000,1980,0.121184482,1969,0.359712359,-15,0.026880000,-8,0.339000,-3,0.104310694,1980,0.000000000,0,12.500,33,12727,1,1,
113915122966199,113915121328387,113915121933231,113915122966199,1459,14.590000000,plus_a3,state,0,0.105000000,1980,0.122718463,1968,0.431654831,-18,-0.090720000,27,0.000000,0,0.104310694,1980,0.000000000,0,12.500,33,12737,1,0,
113915132976202,113915131328467,113915131942986,113915132976202,1460,14.600000000,plus_a3,state,0,0.105000000,1980,0.124252444,1967,0.455635655,-19,-0.100800000,30,-6.102000,54,0.104310694,1980,0.000000000,0,12.500,33,12747,1,0,
113915142970029,113915141326465,113915141940325,113915142970029,1461,14.610000000,plus_a3,state,0,0.105000000,1980,0.121184482,1969,0.455635655,-19,-0.087360000,26,-11.978000,106,0.104310694,1980,0.000000000,0,12.500,33,12757,1,1,
113915152966968,113915151324705,113915151935469,113915152966968,1462,14.620000000,plus_a3,state,0,0.105000000,1980,0.119650501,1970,0.383693183,-16,-0.097440000,29,-16.159000,143,0.104310694,1980,0.000000000,0,12.400,33,12767,1,1,
113915162960261,113915161325168,113915161933086,113915162960261,1463,14.630000000,plus_a3,state,0,0.105000000,1980,0.116582540,1972,0.263789063,-11,-0.073920000,22,-17.854000,158,0.104310694,1980,0.000000000,0,12.400,33,12777,1,1,
113915172949380,113915171328144,113915171927472,113915172949380,1464,14.640000000,plus_a3,state,0,0.105000000,1980,0.107378655,1978,0.095923296,-4,-0.016800000,5,-19.549000,173,0.104310694,1980,0.000000000,0,12.400,33,12787,0,1,
113915182943914,113915181334639,113915181925495,113915182943914,1465,14.650000000,plus_a3,state,0,0.105000000,1980,0.098174770,1984,-0.047961648,2,-0.060480000,18,-6.893000,61,0.104310694,1980,0.000000000,0,12.500,33,12797,0,1,
113915192969053,113915191346764,113915191924317,113915192969053,1466,14.660000000,plus_a3,state,0,0.105000000,1980,0.092038847,1988,-0.215827415,9,-0.070560000,21,-5.763000,51,0.104310694,1980,0.000000000,0,12.500,33,12807,0,1,
113915202941927,113915201340278,113915201922220,113915202941927,1467,14.670000000,plus_a3,state,0,0.105000000,1980,0.087436905,1991,-0.359712359,15,0.218400000,-65,-2.147000,19,0.104310694,1980,0.000000000,0,12.500,33,12817,1,1,
113915212965998,113915211324992,113915211940776,113915212965998,1468,14.680000000,plus_a3,state,0,0.105000000,1980,0.085902924,1992,-0.431654831,18,0.127680000,-38,0.000000,0,0.104310694,1980,0.000000000,0,12.500,33,12827,1,0,
113915222945597,113915221324480,113915221931739,113915222945597,1469,14.690000000,plus_a3,state,0,0.105000000,1980,0.085902924,1992,-0.479616478,20,0.110880000,-33,3.503000,-31,0.104310694,1980,0.000000000,0,12.500,33,12837,1,0,
113915232946843,113915231338784,113915231925655,113915232946843,1470,14.700000000,plus_a3,state,0,0.105000000,1980,0.085902924,1992,-0.479616478,20,0.110880000,-33,8.136000,-72,0.104310694,1980,0.000000000,0,12.400,33,12847,1,0,
113915242943756,113915241331250,113915241920076,113915242943756,1471,14.710000000,plus_a3,state,0,0.105000000,1980,0.088970886,1990,-0.383693183,16,0.073920000,-22,16.385000,-145,0.104310694,1980,0.000000000,0,12.400,33,12857,1,1,
113915252942465,113915251327013,113915251924511,113915252942465,1472,14.720000000,plus_a3,state,0,0.105000000,1980,0.093572828,1987,-0.263789063,11,0.057120000,-17,15.142000,-134,0.104310694,1980,0.000000000,0,12.500,33,12867,1,1,
113915262950850,113915261323339,113915261933759,113915262950850,1473,14.730000000,plus_a3,state,0,0.105000000,1980,0.096640790,1985,-0.119904120,5,0.057120000,-17,17.628000,-156,0.104310694,1980,0.000000000,0,12.400,33,12877,0,1,
113915272961539,113915271332187,113915271922334,113915272961539,1474,14.740000000,plus_a3,state,0,0.105000000,1980,0.102776713,1981,0.000000000,0,0.003360000,-1,19.323000,-171,0.104310694,1980,0.000000000,0,12.400,33,12887,0,1,
113915282942451,113915281334933,113915281932640,113915282942451,1475,14.750000000,plus_a3,state,0,0.105000000,1980,0.113514578,1974,0.143884944,-6,-0.030240000,9,9.379000,-83,0.104310694,1980,0.000000000,0,12.400,33,12897,0,1,
113915292949457,113915291337539,113915291929647,113915292949457,1476,14.760000000,plus_a3,state,0,0.105000000,1980,0.119650501,1970,0.287769887,-12,-0.188160000,56,0.791000,-7,0.104310694,1980,0.000000000,0,12.400,33,12907,1,1,
113915302941739,113915301323047,113915301921523,113915302941739,1477,14.770000000,plus_a3,state,0,0.105000000,1980,0.122718463,1968,0.383693183,-16,-0.057120000,17,-0.226000,2,0.104310694,1980,0.000000000,0,12.400,33,12917,1,0,
113915312953484,113915311324363,113915311923311,113915312953484,1478,14.780000000,plus_a3,state,0,0.105000000,1980,0.124252444,1967,0.455635655,-19,-0.104160000,31,-1.921000,17,0.104310694,1980,0.000000000,0,12.400,33,12927,1,0,
113915322946777,113915321337555,113915321939454,113915322946777,1479,14.790000000,plus_a3,state,0,0.105000000,1980,0.122718463,1968,0.455635655,-19,-0.090720000,27,-7.797000,69,0.104310694,1980,0.000000000,0,12.400,33,12937,1,0,
113915332944346,113915331334358,113915331933561,113915332944346,1480,14.800000000,plus_a3,state,0,0.105000000,1980,0.121184482,1969,0.431654831,-18,-0.087360000,26,-14.464000,128,0.104310694,1980,0.000000000,0,12.500,33,12947,1,1,
113915342950185,113915341321759,113915341923538,113915342950185,1481,14.810000000,plus_a3,state,0,0.105000000,1980,0.119650501,1970,0.335731535,-14,-0.084000000,25,-16.837000,149,0.104310694,1980,0.000000000,0,12.400,33,12957,1,1,
113915352949347,113915351321924,113915351929595,113915352949347,1482,14.820000000,plus_a3,state,0,0.105000000,1980,0.113514578,1974,0.215827415,-9,-0.053760000,16,-18.984000,168,0.104310694,1980,0.000000000,0,12.400,33,12967,0,1,
113915362927763,113915361334229,113915361912396,113915362927763,1483,14.830000000,plus_a3,state,0,0.105000000,1980,0.104310694,1980,0.047961648,-2,-0.003360000,1,-19.436000,172,0.104310694,1980,0.000000000,0,12.500,33,12977,0,1,
113915372943791,113915371318989,113915371910887,113915372943791,1484,14.840000000,plus_a3,state,0,0.105000000,1980,0.096640790,1985,-0.095923296,4,0.047040000,-14,-8.588000,76,0.104310694,1980,0.000000000,0,12.400,33,12987,0,1,
113915382925251,113915381331171,113915381900363,113915382925251,1485,14.850000000,plus_a3,state,0,0.105000000,1980,0.090504866,1989,-0.263789063,11,0.208320000,-62,-5.424000,48,0.104310694,1980,0.000000000,0,12.400,33,12997,1,1,
113915392949038,113915391324204,113915391905391,113915392949038,1486,14.860000000,plus_a3,state,0,0.105000000,1980,0.085902924,1992,-0.383693183,16,-0.016800000,5,0.113000,-1,0.104310694,1980,0.000000000,0,12.400,33,13007,1,0,
113915402920659,113915401326905,113915401908363,113915402920659,1487,14.870000000,plus_a3,state,0,0.105000000,1980,0.085902924,1992,-0.455635655,19,0.097440000,-29,2.712000,-24,0.104310694,1980,0.000000000,0,12.400,33,13017,1,0,
113915412940197,113915411332502,113915411908869,113915412940197,1488,14.880000000,plus_a3,state,0,0.105000000,1980,0.085902924,1992,-0.479616478,20,0.100800000,-30,5.876000,-52,0.104310694,1980,0.000000000,0,12.400,33,13027,1,0,
113915422944512,113915421324192,113915421914632,113915422944512,1489,14.890000000,plus_a3,state,0,0.105000000,1980,0.087436905,1991,-0.455635655,19,0.097440000,-29,9.831000,-87,0.104310694,1980,0.000000000,0,12.400,33,13037,1,1,
113915432990113,113915431335450,113915431935366,113915432990113,1490,14.900000000,plus_a3,state,0,0.105000000,1980,0.092038847,1988,-0.359712359,15,0.107520000,-32,13.108000,-116,0.104310694,1980,0.000000000,0,12.400,33,13047,1,1,
113915443058448,113915441340212,113915441956268,113915443058448,1491,14.910000000,plus_a3,state,0,0.105000000,1980,0.096640790,1985,-0.215827415,9,0.057120000,-17,16.724000,-148,0.104310694,1980,0.000000000,0,12.400,33,13057,0,1,
113915453047471,113915451333290,113915451950549,113915453047471,1492,14.920000000,plus_a3,state,0,0.105000000,1980,0.099708751,1983,-0.071942472,3,0.036960000,-11,18.758000,-166,0.104310694,1980,0.000000000,0,12.200,33,13067,0,1,
113915463089586,113915461349403,113915461977766,113915463089586,1493,14.930000000,plus_a3,state,0,0.105000000,1980,0.108912636,1977,0.047961648,-2,0.010080000,-3,15.933000,-141,0.104310694,1980,0.000000000,0,12.500,33,13077,0,1,
113915473052308,113915471332390,113915471949548,113915473052308,1494,14.940000000,plus_a3,state,0,0.105000000,1980,0.116582540,1972,0.215827415,-9,-0.026880000,8,3.503000,-31,0.104310694,1980,0.000000000,0,12.500,33,13087,0,1,
113915483033150,113915481327517,113915481941559,113915483033150,1495,14.950000000,plus_a3,state,0,0.105000000,1980,0.121184482,1969,0.335731535,-14,-0.204960000,61,1.356000,-12,0.104310694,1980,0.000000000,0,12.400,33,13097,1,1,
113915493045736,113915491330494,113915491967291,113915493045736,1496,14.960000000,plus_a3,state,0,0.105000000,1980,0.122718463,1968,0.407674007,-17,-0.087360000,26,-1.130000,10,0.104310694,1980,0.000000000,0,12.400,33,13107,1,0,
113915503029229,113915501325267,113915501940129,113915503029229,1497,14.970000000,plus_a3,state,0,0.105000000,1980,0.122718463,1968,0.455635655,-19,-0.094080000,28,-4.520000,40,0.104310694,1980,0.000000000,0,12.400,33,13117,1,0,
113915513032819,113915511328379,113915511943952,113915513032819,1498,14.980000000,plus_a3,state,0,0.105000000,1980,0.121184482,1969,0.431654831,-18,-0.080640000,24,-11.187000,99,0.104310694,1980,0.000000000,0,12.200,33,13127,1,1,
113915522954341,113915521329738,113915521947225,113915522954341,1499,14.990000000,plus_a3,hardware_error,0,0.105000000,1980,,,,,,,,,,,,,,,,,,0
113915533037655,113915531328558,113915531942710,113915533037655,1500,15.000000000,center_after_plus_a3,state,0,0.000000000,2048,0.118116521,1971,0.287769887,-12,-0.077280000,23,-17.402000,154,0.000000000,2048,0.000000000,0,12.500,33,13147,1,0,
113915543048903,113915541326338,113915541951014,113915543048903,1501,15.010000000,center_after_plus_a3,state,0,0.000000000,2048,0.105844674,1979,0.143884944,-6,-0.638400000,190,-40.228000,356,0.000000000,2048,0.000000000,0,12.200,33,13157,0,0,
113915553033106,113915551324217,113915551958560,113915553033106,1502,15.020000000,center_after_plus_a3,state,0,0.000000000,2048,0.088970886,1990,-0.047961648,2,-0.554400000,165,-48.025000,425,0.000000000,2048,0.000000000,0,12.100,33,13167,0,0,
113915563043525,113915561329103,113915561945721,113915563043525,1503,15.030000000,center_after_plus_a3,state,0,0.000000000,2048,0.065961174,2005,-0.311750711,13,-0.403200000,120,-55.257000,489,0.000000000,2048,0.000000000,0,12.200,33,13177,1,0,
113915573038306,113915571332418,113915571943973,113915573038306,1504,15.040000000,center_after_plus_a3,state,0,0.000000000,2048,0.039883500,2022,-0.647482246,27,-0.245280000,73,-58.647000,519,0.000000000,2048,0.000000000,0,12.200,33,13187,1,0,
113915583051504,113915581338314,113915581948001,113915583051504,1505,15.050000000,center_after_plus_a3,state,0,0.000000000,2048,0.010737866,2041,-1.007194605,42,-0.080640000,24,-59.099000,523,0.000000000,2048,0.000000000,0,12.200,33,13197,1,1,
113915593077733,113915591337108,113915591946618,113915593077733,1506,15.060000000,center_after_plus_a3,state,0,0.000000000,2048,-0.019941750,2061,-1.390887787,58,-0.117600000,35,-29.832000,264,0.000000000,2048,0.000000000,0,12.400,33,13207,1,0,
113915603041027,113915601325661,113915601958506,113915603041027,1507,15.070000000,center_after_plus_a3,state,0,0.000000000,2048,-0.042951462,2076,-1.798561794,75,0.181440000,-54,-36.160000,320,0.000000000,2048,0.000000000,0,12.400,33,13217,1,0,
113915612983543,113915611331821,113915611930438,113915612983543,1508,15.080000000,center_after_plus_a3,state,0,0.000000000,2048,-0.062893212,2089,-2.110312505,88,0.352800000,-105,-29.719000,263,0.000000000,2048,0.000000000,0,12.300,33,13227,1,0,
113915623011571,113915621332206,113915621933059,113915623011571,1509,15.090000000,center_after_plus_a3,state,0,0.000000000,2048,-0.079767001,2100,-2.278178273,95,0.436800000,-130,-22.713000,201,0.000000000,2048,0.000000000,0,12.500,33,13237,1,0,
113915632937316,113915631331217,113915631912970,113915632937316,1510,15.100000000,center_after_plus_a3,state,0,0.000000000,2048,-0.093572828,2109,-2.326139920,97,0.527520000,-157,-14.351000,127,0.000000000,2048,0.000000000,0,12.600,33,13247,1,0,
113915642942522,113915641329367,113915641920349,113915642942522,1511,15.110000000,center_after_plus_a3,state,0,0.000000000,2048,-0.102776713,2115,-2.254197449,94,0.598080000,-178,-5.311000,47,0.000000000,2048,0.000000000,0,12.300,33,13257,1,0,
113915652953320,113915651329165,113915651914919,113915652953320,1512,15.120000000,center_after_plus_a3,state,0,0.000000000,2048,-0.107378655,2118,-2.062350857,86,0.604800000,-180,14.351000,-127,0.000000000,2048,0.000000000,0,12.400,33,13267,1,0,
113915662993708,113915661327609,113915661902698,113915662993708,1513,15.130000000,center_after_plus_a3,state,0,0.000000000,2048,-0.104310694,2116,-1.750600146,73,0.614880000,-183,28.928000,-256,0.000000000,2048,0.000000000,0,12.300,33,13277,1,0,
113915672920484,113915671317666,113915671899727,113915672920484,1514,15.140000000,center_after_plus_a3,state,0,0.000000000,2048,-0.095106809,2110,-1.366906964,57,0.557760000,-166,36.612000,-324,0.000000000,2048,0.000000000,0,12.200,33,13287,1,0,
113915682918449,113915681320109,113915681910604,113915682918449,1515,15.150000000,center_after_plus_a3,state,0,0.000000000,2048,-0.082834963,2102,-0.959232957,40,0.520800000,-155,45.313000,-401,0.000000000,2048,0.000000000,0,12.200,33,13297,1,0,
113915692921358,113915691322785,113915691901202,113915692921358,1516,15.160000000,center_after_plus_a3,state,0,0.000000000,2048,-0.061359232,2088,-0.479616478,20,0.386400000,-115,50.511000,-447,0.000000000,2048,0.000000000,0,12.400,33,13307,1,0,
113915702928208,113915701323396,113915701908583,113915702928208,1517,15.170000000,center_after_plus_a3,state,0,0.000000000,2048,-0.036815539,2072,0.023980824,-1,0.235200000,-70,53.223000,-471,0.000000000,2048,0.000000000,0,12.200,33,13317,0,0,
113915712926711,113915711327815,113915711903316,113915712926711,1518,15.180000000,center_after_plus_a3,state,0,0.000000000,2048,-0.009203885,2054,0.575539774,-24,0.080640000,-24,52.771000,-467,0.000000000,2048,0.000000000,0,12.200,33,13327,1,1,
113915722943732,113915721323972,113915721902778,113915722943732,1519,15.190000000,center_after_plus_a3,state,0,0.000000000,2048,0.018407769,2036,1.079137077,-45,-0.346080000,103,23.730000,-210,0.000000000,2048,0.000000000,0,12.400,33,13337,1,0,
113915732935128,113915731324050,113915731907698,113915732935128,1520,15.200000000,center_after_plus_a3,state,0,0.000000000,2048,0.039883500,2022,1.534772731,-64,-0.225120000,67,24.860000,-220,0.000000000,2048,0.000000000,0,12.700,33,13347,1,0,
113915742936267,113915741328453,113915741916496,113915742936267,1521,15.210000000,center_after_plus_a3,state,0,0.000000000,2048,0.055223308,2012,1.846523442,-77,-0.292320000,87,22.035000,-195,0.000000000,2048,0.000000000,0,12.300,33,13357,1,0,
113915752929772,113915751326928,113915751906482,113915752929772,1522,15.220000000,center_after_plus_a3,state,0,0.000000000,2048,0.067495155,2004,2.014389209,-84,-0.386400000,115,16.498000,-146,0.000000000,2048,0.000000000,0,12.400,33,13367,1,0,
113915762919876,113915761327392,113915761898510,113915762919876,1523,15.230000000,center_after_plus_a3,state,0,0.000000000,2048,0.078233020,1997,2.038370033,-85,-0.453600000,135,11.187000,-99,0.000000000,2048,0.000000000,0,12.500,33,13377,1,0,
113915772915108,113915771324080,113915771903589,113915772915108,1524,15.240000000,center_after_plus_a3,state,0,0.000000000,2048,0.085902924,1992,1.942446738,-81,-0.446880000,133,1.243000,-11,0.000000000,2048,0.000000000,0,12.500,33,13387,1,0,
113915782921744,113915781336156,113915781884205,113915782921744,1525,15.250000000,center_after_plus_a3,state,0,0.000000000,2048,0.087436905,1991,1.726619322,-72,-0.456960000,136,-13.447000,119,0.000000000,2048,0.000000000,0,12.400,33,13397,1,0,
113915792917444,113915791324086,113915791881978,113915792917444,1526,15.260000000,center_after_plus_a3,state,0,0.000000000,2048,0.087436905,1991,1.438849435,-60,-0.493920000,147,-26.103000,231,0.000000000,2048,0.000000000,0,12.400,33,13407,1,0,
113915802915849,113915801322644,113915801877525,113915802915849,1527,15.270000000,center_after_plus_a3,state,0,0.000000000,2048,0.079767001,1996,1.103117900,-46,-0.467040000,139,-34.239000,303,0.000000000,2048,0.000000000,0,12.200,33,13417,1,0,
113915812920276,113915811327345,113915811886282,113915812920276,1528,15.280000000,center_after_plus_a3,state,0,0.000000000,2048,0.064427193,2006,0.743405542,-31,-0.362880000,108,-40.906000,362,0.000000000,2048,0.000000000,0,12.100,33,13427,1,0,
113915822897156,113915821328180,113915821877327,113915822897156,1529,15.290000000,center_after_plus_a3,state,0,0.000000000,2048,0.044485443,2019,0.311750711,-13,-0.282240000,84,-45.200000,400,0.000000000,2048,0.000000000,0,12.200,33,13437,1,0,
113915832891472,113915831325355,113915831876212,113915832891472,1530,15.300000000,center_after_plus_a3,state,0,0.000000000,2048,0.023009712,2033,-0.095923296,4,-0.147840000,44,-47.686000,422,0.000000000,2048,0.000000000,0,12.200,33,13447,0,0,
113915842925715,113915841316216,113915841889029,113915842925715,1531,15.310000000,center_after_plus_a3,state,0,0.000000000,2048,0.000000000,2048,-0.551558950,23,-0.030240000,9,-46.782000,414,0.000000000,2048,0.000000000,0,12.300,33,13457,1,1,
113915852979796,113915851322706,113915851907570,113915852979796,1532,15.320000000,center_after_plus_a3,state,0,0.000000000,2048,-0.023009712,2063,-0.983213781,41,0.477120000,-142,-16.611000,147,0.000000000,2048,0.000000000,0,12.700,33,13467,1,0,
113915863015647,113915861329834,113915861921928,113915863015647,1533,15.330000000,center_after_plus_a3,state,0,0.000000000,2048,-0.039883500,2074,-1.366906964,57,0.208320000,-62,-21.583000,191,0.000000000,2048,0.000000000,0,12.400,33,13477,1,0,
113915873016798,113915871325013,113915871918265,113915873016798,1534,15.340000000,center_after_plus_a3,state,0,0.000000000,2048,-0.050621366,2081,-1.630696027,68,0.295680000,-88,-18.645000,165,0.000000000,2048,0.000000000,0,12.400,33,13487,1,0,
113915882998148,113915881324926,113915881919451,113915882998148,1535,15.350000000,center_after_plus_a3,state,0,0.000000000,2048,-0.061359232,2088,-1.750600146,73,0.362880000,-108,-13.334000,118,0.000000000,2048,0.000000000,0,12.500,33,13497,1,0,
113915892998539,113915891324581,113915891919268,113915892998539,1536,15.360000000,center_after_plus_a3,state,0,0.000000000,2048,-0.069029135,2093,-1.726619322,72,0.406560000,-121,-7.910000,70,0.000000000,2048,0.000000000,0,12.400,33,13507,1,0,
113915903013956,113915901324068,113915901911083,113915903013956,1537,15.370000000,center_after_plus_a3,state,0,0.000000000,2048,-0.075165059,2097,-1.630696027,68,0.416640000,-124,2.599000,-23,0.000000000,2048,0.000000000,0,12.400,33,13517,1,0,
113915913014940,113915911324390,113915911912162,113915913014940,1538,15.380000000,center_after_plus_a3,state,0,0.000000000,2048,-0.076699039,2098,-1.438849435,60,0.430080000,-128,17.741000,-157,0.000000000,2048,0.000000000,0,12.400,33,13527,1,0,
113915923024532,113915921326905,113915921979060,113915923024532,1539,15.390000000,center_after_plus_a3,state,0,0.000000000,2048,-0.072097097,2095,-1.151079548,48,0.440160000,-131,28.250000,-250,0.000000000,2048,0.000000000,0,12.100,33,13537,1,0,
113915933080578,113915931323924,113915931978073,113915933080578,1540,15.400000000,center_after_plus_a3,state,0,0.000000000,2048,-0.062893212,2089,-0.839328837,35,0.396480000,-118,32.657000,-289,0.000000000,2048,0.000000000,0,12.300,33,13547,1,0,
113915943065414,113915941326511,113915941981690,113915943065414,1541,15.410000000,center_after_plus_a3,state,0,0.000000000,2048,-0.049087385,2080,-0.527578126,22,0.299040000,-89,37.403000,-331,0.000000000,2048,0.000000000,0,12.100,33,13557,1,0,
113915952995016,113915951324951,113915951922344,113915952995016,1542,15.420000000,center_after_plus_a3,state,0,0.000000000,2048,-0.032213597,2069,-0.143884944,6,0.194880000,-58,40.341000,-357,0.000000000,2048,0.000000000,0,12.300,33,13567,0,0,
113915963025824,113915961330705,113915961923357,113915963025824,1543,15.430000000,center_after_plus_a3,state,0,0.000000000,2048,-0.012271846,2056,0.239808239,-10,0.087360000,-26,41.471000,-367,0.000000000,2048,0.000000000,0,12.300,33,13577,0,1,
113915972975965,113915971335500,113915971917836,113915972975965,1544,15.440000000,center_after_plus_a3,state,0,0.000000000,2048,0.009203885,2042,0.647482246,-27,0.030240000,-9,31.979000,-283,0.000000000,2048,0.000000000,0,12.300,33,13587,1,1,
113915982901310,113915981325127,113915981880977,113915982901310,1545,15.450000000,center_after_plus_a3,state,0,0.000000000,2048,0.026077673,2031,1.007194605,-42,-0.446880000,133,4.068000,-36,0.000000000,2048,0.000000000,0,12.600,33,13597,1,0,
113915992914090,113915991327072,113915991887140,113915992914090,1546,15.460000000,center_after_plus_a3,state,0,0.000000000,2048,0.038349520,2023,1.294964492,-54,-0.094080000,28,7.006000,-62,0.000000000,2048,0.000000000,0,12.400,33,13607,1,0,
113916002991994,113916001323260,113916001905991,113916002991994,1547,15.470000000,center_after_plus_a3,state,0,0.000000000,2048,0.044485443,2019,1.438849435,-60,-0.248640000,74,8.814000,-78,0.000000000,2048,0.000000000,0,12.400,33,13617,1,0,
113916013018924,113916011325438,113916011923369,113916013018924,1548,15.480000000,center_after_plus_a3,state,0,0.000000000,2048,0.049087385,2016,1.486811083,-62,-0.258720000,77,0.678000,-6,0.000000000,2048,0.000000000,0,12.400,33,13627,1,0,
113916023015648,113916021327178,113916021923252,113916023015648,1549,15.490000000,center_after_plus_a3,state,0,0.000000000,2048,0.052155347,2014,1.390887787,-58,-0.292320000,87,-6.893000,61,0.000000000,2048,0.000000000,0,12.400,33,13637,1,0,
113916032992353,113916031325928,113916031918314,113916032992353,1550,15.500000000,center_after_plus_a3,state,0,0.000000000,2048,0.052155347,2014,1.199041196,-50,-0.295680000,88,-17.176000,152,0.000000000,2048,0.000000000,0,12.500,33,13647,1,0,
113916042996663,113916041324896,113916041917770,113916042996663,1551,15.510000000,center_after_plus_a3,state,0,0.000000000,2048,0.049087385,2016,0.959232957,-40,-0.275520000,82,-24.521000,217,0.000000000,2048,0.000000000,0,12.300,33,13657,1,0,
113916052989443,113916051324085,113916051909437,113916052989443,1552,15.520000000,center_after_plus_a3,state,0,0.000000000,2048,0.038349520,2023,0.647482246,-27,-0.221760000,66,-27.911000,247,0.000000000,2048,0.000000000,0,12.300,33,13667,1,0,
113916062995365,113916061330083,113916061914484,113916062995365,1553,15.530000000,center_after_plus_a3,state,0,0.000000000,2048,0.024543693,2032,0.311750711,-13,-0.164640000,49,-31.075000,275,0.000000000,2048,0.000000000,0,12.300,33,13677,1,0,
113916073014853,113916071325726,113916071921120,113916073014853,1554,15.540000000,center_after_plus_a3,state,0,0.000000000,2048,0.010737866,2041,0.000000000,0,-0.067200000,20,-32.092000,284,0.000000000,2048,0.000000000,0,12.300,33,13687,0,1,
113916083016189,113916081327798,113916081940459,113916083016189,1555,15.550000000,center_after_plus_a3,state,0,0.000000000,2048,-0.006135923,2052,-0.311750711,13,-0.020160000,6,-27.685000,245,0.000000000,2048,0.000000000,0,12.300,33,13697,1,1,
113916093031333,113916091330397,113916091931427,113916093031333,1556,15.560000000,center_after_plus_a3,state,0,0.000000000,2048,-0.019941750,2061,-0.623501422,26,0.047040000,-14,-7.571000,67,0.000000000,2048,0.000000000,0,12.400,33,13707,1,0,
113916103051678,113916101344502,113916101953007,113916103051678,1557,15.570000000,center_after_plus_a3,state,0,0.000000000,2048,-0.029145635,2067,-0.863309661,36,-0.057120000,17,0.000000,0,0.000000000,2048,0.000000000,0,12.500,33,13717,1,0,
113916112912679,113916111327561,113916111895364,113916112912679,1558,15.580000000,center_after_plus_a3,state,0,0.000000000,2048,-0.033747577,2070,-1.031175429,43,0.252000000,-75,-3.729000,33,0.000000000,2048,0.000000000,0,12.500,33,13727,1,0,
113916122930742,113916121330555,113916121883700,113916122930742,1559,15.590000000,center_after_plus_a3,state,0,0.000000000,2048,-0.036815539,2072,-1.079137077,45,0.211680000,-63,2.825000,-25,0.000000000,2048,0.000000000,0,12.400,33,13737,1,0,
113916132997662,113916131330543,113916131909479,113916132997662,1560,15.600000000,center_after_plus_a3,state,0,0.000000000,2048,-0.036815539,2072,-1.007194605,42,0.181440000,-54,10.283000,-91,0.000000000,2048,0.000000000,0,12.400,33,13747,1,0,
113916142972468,113916141324611,113916141906540,113916142972468,1561,15.610000000,center_after_plus_a3,state,0,0.000000000,2048,-0.035281558,2071,-0.887290485,37,0.198240000,-59,20.114000,-178,0.000000000,2048,0.000000000,0,12.500,33,13757,1,0,
113916153029674,113916151334586,113916151917250,113916153029674,1562,15.620000000,center_after_plus_a3,state,0,0.000000000,2048,-0.030679616,2068,-0.671463070,28,0.178080000,-53,21.470000,-190,0.000000000,2048,0.000000000,0,12.300,33,13767,1,0,
113916162996783,113916161328173,113916161923067,113916162996783,1563,15.630000000,center_after_plus_a3,state,0,0.000000000,2048,-0.021475731,2062,-0.407674007,17,0.120960000,-36,24.408000,-216,0.000000000,2048,0.000000000,0,12.300,33,13777,1,0,
113916173018147,113916171324303,113916171917737,113916173018147,1564,15.640000000,center_after_plus_a3,state,0,0.000000000,2048,-0.009203885,2054,-0.143884944,6,0.067200000,-20,25.425000,-225,0.000000000,2048,0.000000000,0,12.400,33,13787,0,1,
113916183011692,113916181326104,113916181919220,113916183011692,1565,15.650000000,center_after_plus_a3,state,0,0.000000000,2048,0.003067962,2046,0.119904120,-5,0.013440000,-4,23.730000,-210,0.000000000,2048,0.000000000,0,12.300,33,13797,0,1,
113916192981739,113916191327867,113916191915556,113916192981739,1566,15.660000000,center_after_plus_a3,state,0,0.000000000,2048,0.015339808,2038,0.383693183,-16,-0.124320000,37,11.978000,-106,0.000000000,2048,0.000000000,0,12.400,33,13807,1,1,
113916203026090,113916201325686,113916201900588,113916203026090,1567,15.670000000,center_after_plus_a3,state,0,0.000000000,2048,0.023009712,2033,0.599520598,-25,-0.057120000,17,1.469000,-13,0.000000000,2048,0.000000000,0,12.400,33,13817,1,0,
113916212989747,113916211329970,113916211902021,113916212989747,1568,15.680000000,center_after_plus_a3,state,0,0.000000000,2048,0.026077673,2031,0.743405542,-31,-0.080640000,24,0.452000,-4,0.000000000,2048,0.000000000,0,12.400,33,13827,1,0,
113916223041579,113916221326386,113916221912079,113916223041579,1569,15.690000000,center_after_plus_a3,state,0,0.000000000,2048,0.027611654,2030,0.791367189,-33,-0.151200000,45,-2.938000,26,0.000000000,2048,0.000000000,0,12.400,33,13837,1,0,
113916233007672,113916231328896,113916231894151,113916233007672,1570,15.700000000,center_after_plus_a3,state,0,0.000000000,2048,0.027611654,2030,0.767386366,-32,-0.120960000,36,-13.786000,122,0.000000000,2048,0.000000000,0,12.400,33,13847,1,0,
113916243011208,113916241325090,113916241898391,113916243011208,1571,15.710000000,center_after_plus_a3,state,0,0.000000000,2048,0.026077673,2031,0.671463070,-28,-0.144480000,43,-17.515000,155,0.000000000,2048,0.000000000,0,12.400,33,13857,1,0,
113916253009918,113916251327262,113916251898199,113916253009918,1572,15.720000000,center_after_plus_a3,state,0,0.000000000,2048,0.018407769,2036,0.503597302,-21,-0.114240000,34,-19.549000,173,0.000000000,2048,0.000000000,0,12.300,33,13867,1,0,
113916263012157,113916261326767,113916261897129,113916263012157,1573,15.730000000,center_after_plus_a3,state,0,0.000000000,2048,0.010737866,2041,0.263789063,-11,-0.067200000,20,-21.470000,190,0.000000000,2048,0.000000000,0,12.400,33,13877,1,1,
113916272985339,113916271325245,113916271897077,113916272985339,1574,15.740000000,center_after_plus_a3,state,0,0.000000000,2048,0.001533981,2047,0.047961648,-2,-0.026880000,8,-22.713000,201,0.000000000,2048,0.000000000,0,12.300,33,13887,0,1,
113916283017084,113916281333668,113916281899866,113916283017084,1575,15.750000000,center_after_plus_a3,state,0,0.000000000,2048,-0.009203885,2054,-0.167865767,7,0.137760000,-41,-16.498000,146,0.000000000,2048,0.000000000,0,12.300,33,13897,0,1,
113916293015395,113916291324707,113916291891181,113916293015395,1576,15.760000000,center_after_plus_a3,state,0,0.000000000,2048,-0.016873789,2059,-0.359712359,15,0.077280000,-23,-7.006000,62,0.000000000,2048,0.000000000,0,12.400,33,13907,1,1,
113916302986499,113916301328225,113916301892481,113916302986499,1577,15.770000000,center_after_plus_a3,state,0,0.000000000,2048,-0.021475731,2062,-0.527578126,22,-0.033600000,10,-1.808000,16,0.000000000,2048,0.000000000,0,12.400,33,13917,1,0,
113916312994944,113916311324177,113916311894989,113916312994944,1578,15.780000000,center_after_plus_a3,state,0,0.000000000,2048,-0.024543693,2064,-0.623501422,26,0.124320000,-37,1.017000,-9,0.000000000,2048,0.000000000,0,12.400,33,13927,1,0,
113916323080619,113916321324612,113916321963355,113916323080619,1579,15.790000000,center_after_plus_a3,state,0,0.000000000,2048,-0.024543693,2064,-0.647482246,27,0.137760000,-41,5.989000,-53,0.000000000,2048,0.000000000,0,12.400,33,13937,1,0,
113916333072474,113916331331128,113916331966135,113916333072474,1580,15.800000000,center_after_plus_a3,state,0,0.000000000,2048,-0.024543693,2064,-0.599520598,25,0.127680000,-38,14.690000,-130,0.000000000,2048,0.000000000,0,12.400,33,13947,1,0,
113916343066220,113916341329371,113916341965391,113916343066220,1581,15.810000000,center_after_plus_a3,state,0,0.000000000,2048,-0.019941750,2061,-0.503597302,21,0.097440000,-29,15.820000,-140,0.000000000,2048,0.000000000,0,12.400,33,13957,1,0,
113916353091934,113916351327777,113916351963334,113916353091934,1582,15.820000000,center_after_plus_a3,state,0,0.000000000,2048,-0.012271846,2056,-0.311750711,13,0.073920000,-22,18.984000,-168,0.000000000,2048,0.000000000,0,12.500,33,13967,1,1,
113916363077235,113916361327792,113916361906410,113916363077235,1583,15.830000000,center_after_plus_a3,state,0,0.000000000,2048,-0.006135923,2052,-0.119904120,5,0.050400000,-15,20.453000,-181,0.000000000,2048,0.000000000,0,12.500,33,13977,0,1,
113916373070725,113916371325316,113916371969996,113916373070725,1584,15.840000000,center_after_plus_a3,state,0,0.000000000,2048,0.004601942,2045,0.047961648,-2,0.010080000,-3,19.097000,-169,0.000000000,2048,0.000000000,0,12.300,33,13987,0,1,
113916382999806,113916381324162,113916381907087,113916382999806,1585,15.850000000,center_after_plus_a3,state,0,0.000000000,2048,0.012271846,2040,0.239808239,-10,0.040320000,-12,6.667000,-59,0.000000000,2048,0.000000000,0,12.400,33,13997,0,1,
113916393073772,113916391324925,113916391893329,113916393073772,1586,15.860000000,center_after_plus_a3,state,0,0.000000000,2048,0.018407769,2036,0.407674007,-17,-0.228480000,68,4.068000,-36,0.000000000,2048,0.000000000,0,12.400,33,14007,1,0,
113916403077448,113916401326905,113916401962756,113916403077448,1587,15.870000000,center_after_plus_a3,state,0,0.000000000,2048,0.021475731,2034,0.527578126,-22,-0.087360000,26,-0.565000,5,0.000000000,2048,0.000000000,0,12.400,33,14017,1,0,
113916413077290,113916411328809,113916411971491,113916413077290,1588,15.880000000,center_after_plus_a3,state,0,0.000000000,2048,0.023009712,2033,0.575539774,-24,-0.107520000,32,-4.972000,44,0.000000000,2048,0.000000000,0,12.400,33,14027,1,0,
113916423057567,113916421323582,113916421965475,113916423057567,1589,15.890000000,center_after_plus_a3,state,0,0.000000000,2048,0.023009712,2033,0.551558950,-23,-0.134400000,40,-11.865000,105,0.000000000,2048,0.000000000,0,12.400,33,14037,1,0,
113916433083504,113916431340464,113916431986077,113916433083504,1590,15.900000000,center_after_plus_a3,state,0,0.000000000,2048,0.018407769,2036,0.503597302,-21,-0.117600000,35,-16.837000,149,0.000000000,2048,0.000000000,0,12.400,33,14047,1,0,
113916443091673,113916441326727,113916441967889,113916443091673,1591,15.910000000,center_after_plus_a3,state,0,0.000000000,2048,0.012271846,2040,0.359712359,-15,-0.084000000,25,-17.741000,157,0.000000000,2048,0.000000000,0,12.400,33,14057,1,1,
113916453034539,113916451348172,113916452104394,113916453034539,1592,15.920000000,center_after_plus_a3,state,0,0.000000000,2048,0.007669904,2043,0.191846591,-8,-0.047040000,14,-20.227000,179,0.000000000,2048,0.000000000,0,12.400,33,14067,0,1,
113916463016295,113916461327334,113916461895120,113916463016295,1593,15.930000000,center_after_plus_a3,state,0,0.000000000,2048,-0.003067962,2050,0.000000000,0,-0.006720000,2,-19.323000,171,0.000000000,2048,0.000000000,0,12.400,33,14077,0,1,
113916472998693,113916471326027,113916471897124,113916472998693,1594,15.940000000,center_after_plus_a3,state,0,0.000000000,2048,-0.010737866,2055,-0.191846591,8,-0.047040000,14,-8.249000,73,0.000000000,2048,0.000000000,0,12.400,33,14087,0,1,
113916483029467,113916481340081,113916481909552,113916483029467,1595,15.950000000,center_after_plus_a3,state,0,0.000000000,2048,-0.018407769,2060,-0.359712359,15,0.000000000,0,0.565000,-5,0.000000000,2048,0.000000000,0,12.400,33,14097,1,0,
113916493013055,113916491325677,113916491899550,113916493013055,1596,15.960000000,center_after_plus_a3,state,0,0.000000000,2048,-0.019941750,2061,-0.479616478,20,0.147840000,-44,0.452000,-4,0.000000000,2048,0.000000000,0,12.400,33,14107,1,0,
113916503031963,113916501402482,113916501907558,113916503031963,1597,15.970000000,center_after_plus_a3,state,0,0.000000000,2048,-0.021475731,2062,-0.551558950,23,0.127680000,-38,3.164000,-28,0.000000000,2048,0.000000000,0,12.400,33,14117,1,0,
113916513026531,113916511338979,113916511911564,113916513026531,1598,15.980000000,center_after_plus_a3,state,0,0.000000000,2048,-0.021475731,2062,-0.551558950,23,0.127680000,-38,8.136000,-72,0.000000000,2048,0.000000000,0,12.400,33,14127,1,0,
113916522971002,113916521345358,113916521908227,113916522971002,1599,15.990000000,center_after_plus_a3,hardware_error,0,0.000000000,2048,,,,,,,,,,,,,,,,,,0
113916533034741,113916531345581,113916531924493,113916533034741,1600,16.000000000,center_after_plus_a3,state,0,0.000000000,2048,-0.013805827,2057,-0.359712359,15,0.090720000,-27,16.611000,-147,0.000000000,2048,0.000000000,0,12.400,33,14147,1,1,
113916543042143,113916541328313,113916541897560,113916543042143,1601,16.010000000,center_after_plus_a3,state,0,0.000000000,2048,-0.006135923,2052,-0.191846591,8,0.040320000,-12,18.871000,-167,0.000000000,2048,0.000000000,0,12.400,33,14157,0,1,
113916552974597,113916551329563,113916551897164,113916552974597,1602,16.020000000,center_after_plus_a3,state,0,0.000000000,2048,0.000000000,2048,0.000000000,0,0.006720000,-2,19.775000,-175,0.000000000,2048,0.000000000,0,12.300,33,14167,0,1,
113916562984948,113916561337753,113916561901170,113916562984948,1603,16.030000000,center_after_plus_a3,state,0,0.000000000,2048,0.009203885,2042,0.143884944,-6,0.020160000,-6,9.944000,-88,0.000000000,2048,0.000000000,0,12.400,33,14177,0,1,
113916572959490,113916571327924,113916571898945,113916572959490,1604,16.040000000,center_after_plus_a3,state,0,0.000000000,2048,0.015339808,2038,0.311750711,-13,-0.178080000,53,5.989000,-53,0.000000000,2048,0.000000000,0,12.400,33,14187,1,1,
113916582973701,113916581330125,113916581899943,113916582973701,1605,16.050000000,center_after_plus_a3,state,0,0.000000000,2048,0.018407769,2036,0.431654831,-18,0.094080000,-28,-0.904000,8,0.000000000,2048,0.000000000,0,12.400,33,14197,1,0,
113916592959254,113916591323302,113916591896783,113916592959254,1606,16.060000000,center_after_plus_a3,state,0,0.000000000,2048,0.021475731,2034,0.503597302,-21,-0.104160000,31,-4.407000,39,0.000000000,2048,0.000000000,0,12.400,33,14207,1,0,
113916602966040,113916601324685,113916601897797,113916602966040,1607,16.070000000,center_after_plus_a3,state,0,0.000000000,2048,0.019941750,2035,0.527578126,-22,-0.117600000,35,-10.848000,96,0.000000000,2048,0.000000000,0,12.400,33,14217,1,0,
113916612971792,113916611325568,113916611878886,113916612971792,1608,16.080000000,center_after_plus_a3,state,0,0.000000000,2048,0.018407769,2036,0.479616478,-20,-0.104160000,31,-16.159000,143,0.000000000,2048,0.000000000,0,12.400,33,14227,1,0,
113916623074023,113916621324972,113916621871713,113916623074023,1609,16.090000000,center_after_plus_a3,state,0,0.000000000,2048,0.012271846,2040,0.359712359,-15,-0.070560000,21,-17.176000,152,0.000000000,2048,0.000000000,0,12.400,33,14237,1,1,
113916632988097,113916631336811,113916631882989,113916632988097,1610,16.100000000,center_after_plus_a3,state,0,0.000000000,2048,0.007669904,2043,0.215827415,-9,-0.050400000,15,-19.436000,172,0.000000000,2048,0.000000000,0,12.400,33,14247,0,1,
113916642996687,113916641328432,113916641898183,113916642996687,1611,16.110000000,center_after_plus_a3,state,0,0.000000000,2048,-0.001533981,2049,0.023980824,-1,-0.003360000,1,-19.210000,170,0.000000000,2048,0.000000000,0,12.400,33,14257,0,1,
113916652972818,113916651329719,113916651882753,113916652972818,1612,16.120000000,center_after_plus_a3,state,0,0.000000000,2048,-0.010737866,2055,-0.143884944,6,-0.036960000,11,-11.978000,106,0.000000000,2048,0.000000000,0,12.400,33,14267,0,1,
113916662977293,113916661327247,113916661877592,113916662977293,1613,16.130000000,center_after_plus_a3,state,0,0.000000000,2048,-0.016873789,2059,-0.311750711,13,0.036960000,-11,-4.520000,40,0.000000000,2048,0.000000000,0,12.400,33,14277,1,1,
113916672958209,113916671325020,113916671876078,113916672958209,1614,16.140000000,center_after_plus_a3,state,0,0.000000000,2048,-0.019941750,2061,-0.431654831,18,0.104160000,-31,0.000000,0,0.000000000,2048,0.000000000,0,12.400,33,14287,1,0,
113916682965450,113916681326694,113916681876462,113916682965450,1615,16.150000000,center_after_plus_a3,state,0,0.000000000,2048,-0.021475731,2062,-0.503597302,21,0.124320000,-37,3.277000,-29,0.000000000,2048,0.000000000,0,12.400,33,14297,1,0,
113916692964656,113916691322703,113916691877893,113916692964656,1616,16.160000000,center_after_plus_a3,state,0,0.000000000,2048,-0.019941750,2061,-0.503597302,21,0.117600000,-35,8.023000,-71,0.000000000,2048,0.000000000,0,12.400,33,14307,1,0,
113916703103319,113916701352637,113916701913749,113916703103319,1617,16.170000000,center_after_plus_a3,state,0,0.000000000,2048,-0.019941750,2061,-0.455635655,19,0.097440000,-29,16.159000,-143,0.000000000,2048,0.000000000,0,12.400,33,14317,1,0,
113916712975526,113916711340604,113916711888913,113916712975526,1618,16.180000000,center_after_plus_a3,state,0,0.000000000,2048,-0.013805827,2057,-0.359712359,15,0.124320000,-37,15.820000,-140,0.000000000,2048,0.000000000,0,12.500,33,14327,1,1,
113916722976174,113916721327974,113916721877040,113916722976174,1619,16.190000000,center_after_plus_a3,state,0,0.000000000,2048,-0.007669904,2053,-0.191846591,8,0.050400000,-15,17.741000,-157,0.000000000,2048,0.000000000,0,12.400,33,14337,0,1,
113916732976739,113916731327253,113916731883124,113916732976739,1620,16.200000000,center_after_plus_a3,state,0,0.000000000,2048,-0.001533981,2049,-0.023980824,1,0.016800000,-5,19.775000,-175,0.000000000,2048,0.000000000,0,12.400,33,14347,0,1,
113916742969480,113916741323510,113916741891643,113916742969480,1621,16.210000000,center_after_plus_a3,state,0,0.000000000,2048,0.007669904,2043,0.119904120,-5,-0.315840000,94,6.441000,-57,0.000000000,2048,0.000000000,0,12.400,33,14357,0,1,
113916752972827,113916751327624,113916751879551,113916752972827,1622,16.220000000,center_after_plus_a3,state,0,0.000000000,2048,0.013805827,2039,0.287769887,-12,-0.141120000,42,7.345000,-65,0.000000000,2048,0.000000000,0,12.400,33,14367,1,1,
113916762966478,113916761330531,113916761880333,113916762966478,1623,16.230000000,center_after_plus_a3,state,0,0.000000000,2048,0.018407769,2036,0.407674007,-17,-0.080640000,24,-0.226000,2,0.000000000,2048,0.000000000,0,12.400,33,14377,1,0,
113916773100324,113916771355463,113916771924518,113916773100324,1624,16.240000000,center_after_plus_a3,state,0,0.000000000,2048,0.019941750,2035,0.503597302,-21,-0.104160000,31,-2.712000,24,0.000000000,2048,0.000000000,0,12.400,33,14387,1,0,
113916782917425,113916781331559,113916781864601,113916782917425,1625,16.250000000,center_after_plus_a3,state,0,0.000000000,2048,0.019941750,2035,0.503597302,-21,-0.110880000,33,-8.814000,78,0.000000000,2048,0.000000000,0,12.400,33,14397,1,0,
113916792892019,113916791326470,113916791848584,113916792892019,1626,16.260000000,center_after_plus_a3,state,0,0.000000000,2048,0.019941750,2035,0.455635655,-19,-0.114240000,34,-14.916000,132,0.000000000,2048,0.000000000,0,12.400,33,14407,1,0,
113916802911777,113916801331999,113916801861926,113916802911777,1627,16.270000000,center_after_plus_a3,state,0,0.000000000,2048,0.013805827,2039,0.383693183,-16,-0.084000000,25,-16.950000,150,0.000000000,2048,0.000000000,0,12.500,33,14417,1,1,
113916812930961,113916811334596,113916811871628,113916812930961,1628,16.280000000,center_after_plus_a3,state,0,0.000000000,2048,0.007669904,2043,0.239808239,-10,-0.043680000,13,-18.871000,167,0.000000000,2048,0.000000000,0,12.500,33,14427,0,1,
113916823018032,113916821330332,113916821870588,113916823018032,1629,16.290000000,center_after_plus_a3,state,0,0.000000000,2048,0.001533981,2047,0.071942472,-3,-0.006720000,2,-19.888000,176,0.000000000,2048,0.000000000,0,12.400,33,14437,0,1,
113916832969849,113916831329920,113916831880788,113916832969849,1630,16.300000000,center_after_plus_a3,state,0,0.000000000,2048,-0.009203885,2054,-0.095923296,4,-0.040320000,12,-9.379000,83,0.000000000,2048,0.000000000,0,12.400,33,14447,0,1,
113916843062957,113916841346398,113916841920872,113916843062957,1631,16.310000000,center_after_plus_a3,state,0,0.000000000,2048,-0.015339808,2058,-0.263789063,11,0.107520000,-32,-7.797000,69,0.000000000,2048,0.000000000,0,12.400,33,14457,1,1,
113916852976650,113916851328400,113916851878267,113916852976650,1632,16.320000000,center_after_plus_a3,state,0,0.000000000,2048,-0.019941750,2061,-0.407674007,17,0.218400000,-65,-1.921000,17,0.000000000,2048,0.000000000,0,12.400,33,14467,1,0,
113916863124224,113916861331855,113916861882832,113916863124224,1633,16.330000000,center_after_plus_a3,state,0,0.000000000,2048,-0.019941750,2061,-0.503597302,21,0.124320000,-37,3.164000,-28,0.000000000,2048,0.000000000,0,12.400,33,14477,1,0,
113916872996369,113916871331287,113916871890871,113916872996369,1634,16.340000000,center_after_plus_a3,state,0,0.000000000,2048,-0.019941750,2061,-0.503597302,21,0.110880000,-33,6.328000,-56,0.000000000,2048,0.000000000,0,12.400,33,14487,1,0,
113916882994775,113916881342044,113916881895353,113916882994775,1635,16.350000000,center_after_plus_a3,state,0,0.000000000,2048,-0.019941750,2061,-0.479616478,20,0.097440000,-29,14.690000,-130,0.000000000,2048,0.000000000,0,12.400,33,14497,1,0,
113916893033730,113916891339149,113916891910159,113916893033730,1636,16.360000000,center_after_plus_a3,state,0,0.000000000,2048,-0.015339808,2058,-0.383693183,16,0.147840000,-44,15.481000,-137,0.000000000,2048,0.000000000,0,12.500,33,14507,1,1,
113916902974186,113916901328019,113916901882135,113916902974186,1637,16.370000000,center_after_plus_a3,state,0,0.000000000,2048,-0.007669904,2053,-0.239808239,10,0.047040000,-14,17.515000,-155,0.000000000,2048,0.000000000,0,12.200,33,14517,0,1,
113916912994665,113916911336064,113916911896816,113916912994665,1638,16.380000000,center_after_plus_a3,state,0,0.000000000,2048,-0.001533981,2049,-0.047961648,2,0.006720000,-2,19.210000,-170,0.000000000,2048,0.000000000,0,12.400,33,14527,0,1,
113916923032610,113916921326263,113916921879056,113916923032610,1639,16.390000000,center_after_plus_a3,state,0,0.000000000,2048,0.006135923,2044,0.095923296,-4,0.063840000,-19,5.198000,-46,0.000000000,2048,0.000000000,0,12.200,33,14537,0,1,
113916932976468,113916931328704,113916931880205,113916932976468,1640,16.400000000,center_after_plus_a3,state,0,0.000000000,2048,0.013805827,2039,0.263789063,-11,-0.020160000,6,2.260000,-20,0.000000000,2048,0.000000000,0,12.400,33,14547,1,1,
113916943086536,113916941344098,113916941934173,113916943086536,1641,16.410000000,center_after_plus_a3,state,0,0.000000000,2048,0.018407769,2036,0.383693183,-16,-0.184800000,55,0.339000,-3,0.000000000,2048,0.000000000,0,12.400,33,14557,1,0,
113916952979271,113916951330299,113916951880723,113916952979271,1642,16.420000000,center_after_plus_a3,state,0,0.000000000,2048,0.019941750,2035,0.479616478,-20,-0.114240000,34,-1.921000,17,0.000000000,2048,0.000000000,0,12.400,33,14567,1,0,
113916962989899,113916961335861,113916961892700,113916962989899,1643,16.430000000,center_after_plus_a3,state,0,0.000000000,2048,0.019941750,2035,0.503597302,-21,-0.100800000,30,-8.362000,74,0.000000000,2048,0.000000000,0,12.400,33,14577,1,0,
113916972953365,113916971327944,113916971874933,113916972953365,1644,16.440000000,center_after_plus_a3,state,0,0.000000000,2048,0.019941750,2035,0.455635655,-19,-0.104160000,31,-14.690000,130,0.000000000,2048,0.000000000,0,12.400,33,14587,1,0,
113916982973255,113916981327819,113916981866121,113916982973255,1645,16.450000000,center_after_plus_a3,state,0,0.000000000,2048,0.013805827,2039,0.383693183,-16,-0.084000000,25,-16.837000,149,0.000000000,2048,0.000000000,0,12.200,33,14597,1,1,
113916992956979,113916991325994,113916991877171,113916992956979,1646,16.460000000,center_after_plus_a3,state,0,0.000000000,2048,0.007669904,2043,0.239808239,-10,-0.026880000,8,-18.419000,163,0.000000000,2048,0.000000000,0,12.500,33,14607,0,1,
113917002956881,113917001323639,113917001860149,113917002956881,1647,16.470000000,center_after_plus_a3,state,0,0.000000000,2048,0.001533981,2047,0.071942472,-3,-0.006720000,2,-19.888000,176,0.000000000,2048,0.000000000,0,12.500,33,14617,0,1,
113917012954269,113917011332610,113917011886194,113917012954269,1648,16.480000000,center_after_plus_a3,state,0,0.000000000,2048,-0.009203885,2054,-0.095923296,4,-0.067200000,20,-10.396000,92,0.000000000,2048,0.000000000,0,12.600,33,14627,0,1,
113917022972252,113917021325491,113917021857278,113917022972252,1649,16.490000000,center_after_plus_a3,state,0,0.000000000,2048,-0.015339808,2058,-0.263789063,11,0.215040000,-64,-5.989000,53,0.000000000,2048,0.000000000,0,12.500,33,14637,1,1,
113917032965455,113917031336326,113917031888040,113917032965455,1650,16.500000000,minus_a3,state,0,-0.105000000,2116,-0.019941750,2061,-0.407674007,17,0.215040000,-64,-1.808000,16,-0.104310694,2116,0.000000000,0,12.500,33,14647,1,0,
113917042968810,113917041333025,113917041906220,113917042968810,1651,16.510000000,minus_a3,state,0,-0.105000000,2116,-0.024543693,2064,-0.503597302,21,-0.477120000,142,-28.024000,248,-0.104310694,2116,0.000000000,0,12.200,33,14657,1,0,
113917052966340,113917051327699,113917051857727,113917052966340,1652,16.520000000,minus_a3,state,0,-0.105000000,2116,-0.035281558,2071,-0.575539774,24,-0.409920000,122,-34.126000,302,-0.104310694,2116,0.000000000,0,12.200,33,14667,1,0,
113917062949434,113917061333554,113917061865361,113917062949434,1653,16.530000000,minus_a3,state,0,-0.105000000,2116,-0.050621366,2081,-0.647482246,27,-0.309120000,92,-39.889000,353,-0.104310694,2116,0.000000000,0,12.200,33,14677,1,0,
113917072944831,113917071326376,113917071854866,113917072944831,1654,16.540000000,minus_a3,state,0,-0.105000000,2116,-0.070563116,2094,-0.791367189,33,-0.228480000,68,-42.827000,379,-0.104310694,2116,0.000000000,0,12.300,33,14687,1,0,
113917082949160,113917081332955,113917081854465,113917082949160,1655,16.550000000,minus_a3,state,0,-0.105000000,2116,-0.092038847,2108,-0.935252133,39,-0.084000000,25,-44.296000,392,-0.104310694,2116,0.000000000,0,12.200,33,14697,1,1,
113917092957371,113917091330609,113917091856674,113917092957371,1656,16.560000000,minus_a3,state,0,-0.105000000,2116,-0.115048559,2123,-1.127098724,47,-0.040320000,12,-33.222000,294,-0.104310694,2116,0.000000000,0,12.200,33,14707,1,1,
113917102949229,113917101325826,113917101854491,113917102949229,1657,16.570000000,minus_a3,state,0,-0.105000000,2116,-0.131922348,2134,-1.342926140,56,0.087360000,-26,-26.781000,237,-0.104310694,2116,0.000000000,0,12.400,33,14717,1,0,
113917112948980,113917111331431,113917111858723,113917112948980,1658,16.580000000,minus_a3,state,0,-0.105000000,2116,-0.144194194,2142,-1.534772731,64,0.285600000,-85,-15.255000,135,-0.104310694,2116,0.000000000,0,12.300,33,14727,1,0,
113917122951342,113917121323749,113917121854088,113917122951342,1659,16.590000000,minus_a3,state,0,-0.105000000,2116,-0.151864098,2147,-1.630696027,68,0.275520000,-82,-10.057000,89,-0.104310694,2116,0.000000000,0,12.500,33,14737,1,0,
113917132956957,113917131327392,113917131864532,113917132956957,1660,16.600000000,minus_a3,state,0,-0.105000000,2116,-0.159534002,2152,-1.630696027,68,0.309120000,-92,-5.989000,53,-0.104310694,2116,0.000000000,0,12.400,33,14747,1,0,
113917142942336,113917141331091,113917141854719,113917142942336,1661,16.610000000,minus_a3,state,0,-0.105000000,2116,-0.164135944,2155,-1.534772731,64,0.332640000,-99,-0.113000,1,-0.104310694,2116,0.000000000,0,12.400,33,14757,1,0,
113917152971390,113917151331073,113917151864263,113917152971390,1662,16.620000000,minus_a3,state,0,-0.105000000,2116,-0.164135944,2155,-1.342926140,56,0.322560000,-96,14.690000,-130,-0.104310694,2116,0.000000000,0,12.500,33,14767,1,0,
113917162898498,113917161333130,113917161846737,113917162898498,1663,16.630000000,minus_a3,state,0,-0.105000000,2116,-0.161067983,2153,-1.079137077,45,0.315840000,-94,24.521000,-217,-0.104310694,2116,0.000000000,0,12.400,33,14777,1,0,
113917172862718,113917171332114,113917171837132,113917172862718,1664,16.640000000,minus_a3,state,0,-0.105000000,2116,-0.156466040,2150,-0.767386366,32,0.319200000,-95,27.798000,-246,-0.104310694,2116,0.000000000,0,12.200,33,14787,1,0,
113917182863558,113917181323821,113917181813353,113917182863558,1665,16.650000000,minus_a3,state,0,-0.105000000,2116,-0.144194194,2142,-0.479616478,20,0.245280000,-73,31.640000,-280,-0.104310694,2116,0.000000000,0,12.200,33,14797,1,0,
113917192844192,113917191317435,113917191815702,113917192844192,1666,16.660000000,minus_a3,state,0,-0.105000000,2116,-0.127320405,2131,-0.143884944,6,0.174720000,-52,33.787000,-299,-0.104310694,2116,0.000000000,0,12.400,33,14807,0,0,
113917202837046,113917201315107,113917201814658,113917202837046,1667,16.670000000,minus_a3,state,0,-0.105000000,2116,-0.111980598,2121,0.167865767,-7,0.067200000,-20,33.900000,-300,-0.104310694,2116,0.000000000,0,12.300,33,14817,0,1,
113917212862594,113917211321704,113917211827523,113917212862594,1668,16.680000000,minus_a3,state,0,-0.105000000,2116,-0.095106809,2110,0.503597302,-21,0.070560000,-21,17.741000,-157,-0.104310694,2116,0.000000000,0,12.200,33,14827,1,1,
113917223876268,113917222492190,113917222824754,113917223876268,1669,16.690000000,minus_a3,state,0,-0.105000000,2116,-0.081300982,2101,0.815348013,-34,-0.050400000,15,3.390000,-30,-0.104310694,2116,0.000000000,0,12.400,33,14838,1,0,
113917232866964,113917231326381,113917231823937,113917232866964,1670,16.700000000,minus_a3,state,0,-0.105000000,2116,-0.073631078,2096,1.031175429,-43,-0.151200000,45,-0.226000,2,-0.104310694,2116,0.000000000,0,12.400,33,14847,1,0,
113917242868304,113917241325145,113917241829640,113917242868304,1671,16.710000000,minus_a3,state,0,-0.105000000,2116,-0.069029135,2093,1.151079548,-48,-0.241920000,72,2.147000,-19,-0.104310694,2116,0.000000000,0,12.400,33,14857,1,0,
113917252867150,113917251325148,113917251835902,113917252867150,1672,16.720000000,minus_a3,state,0,-0.105000000,2116,-0.065961174,2091,1.175060372,-49,-0.215040000,64,-3.842000,34,-0.104310694,2116,0.000000000,0,12.400,33,14867,1,0,
113917262845838,113917261336748,113917261827172,113917262845838,1673,16.730000000,minus_a3,state,0,-0.105000000,2116,-0.065961174,2091,1.079137077,-45,-0.201600000,60,-14.464000,128,-0.104310694,2116,0.000000000,0,12.400,33,14877,1,0,
113917272848411,113917271328573,113917271819225,113917272848411,1674,16.740000000,minus_a3,state,0,-0.105000000,2116,-0.065961174,2091,0.911271309,-38,-0.218400000,65,-20.453000,181,-0.104310694,2116,0.000000000,0,12.200,33,14887,1,0,
113917282874089,113917281327809,113917281828299,113917282874089,1675,16.750000000,minus_a3,state,0,-0.105000000,2116,-0.073631078,2096,0.671463070,-28,-0.178080000,53,-23.165000,205,-0.104310694,2116,0.000000000,0,12.400,33,14897,1,0,
113917292916612,113917291322508,113917291845395,113917292916612,1676,16.760000000,minus_a3,state,0,-0.105000000,2116,-0.085902924,2104,0.383693183,-16,-0.107520000,32,-25.651000,227,-0.104310694,2116,0.000000000,0,12.400,33,14907,1,0,
113917302940855,113917301324725,113917301847391,113917302940855,1677,16.770000000,minus_a3,state,0,-0.105000000,2116,-0.098174770,2112,0.071942472,-3,-0.043680000,13,-27.346000,242,-0.104310694,2116,0.000000000,0,12.300,33,14917,0,1,
113917312931758,113917311323846,113917311850267,113917312931758,1678,16.780000000,minus_a3,state,0,-0.105000000,2116,-0.111980598,2121,-0.191846591,8,-0.057120000,17,-14.238000,126,-0.104310694,2116,0.000000000,0,12.300,33,14927,0,1,
113917322942544,113917321326185,113917321854873,113917322942544,1679,16.790000000,minus_a3,state,0,-0.105000000,2116,-0.122718463,2128,-0.455635655,19,0.131040000,-39,-8.249000,73,-0.104310694,2116,0.000000000,0,12.400,33,14937,1,0,
113917332968039,113917331345376,113917331873716,113917332968039,1680,16.800000000,minus_a3,state,0,-0.105000000,2116,-0.127320405,2131,-0.647482246,27,0.272160000,-81,-4.633000,41,-0.104310694,2116,0.000000000,0,12.500,33,14947,1,0,
113917342968330,113917341335573,113917341863758,113917342968330,1681,16.810000000,minus_a3,state,0,-0.105000000,2116,-0.131922348,2134,-0.791367189,33,0.238560000,-71,-1.695000,15,-0.104310694,2116,0.000000000,0,12.500,33,14957,1,0,
113917352859991,113917351331596,113917351823196,113917352859991,1682,16.820000000,minus_a3,state,0,-0.105000000,2116,-0.133456329,2135,-0.839328837,35,0.147840000,-44,4.633000,-41,-0.104310694,2116,0.000000000,0,12.500,33,14967,1,0,
113917362850210,113917361319011,113917361814630,113917362850210,1683,16.830000000,minus_a3,state,0,-0.105000000,2116,-0.133456329,2135,-0.791367189,33,0.164640000,-49,10.057000,-89,-0.104310694,2116,0.000000000,0,12.500,33,14977,1,0,
113917372841284,113917371317576,113917371809716,113917372841284,1684,16.840000000,minus_a3,state,0,-0.105000000,2116,-0.127320405,2131,-0.647482246,27,0.178080000,-53,14.916000,-132,-0.104310694,2116,0.000000000,0,12.300,33,14987,1,0,
113917382844432,113917381323088,113917381825795,113917382844432,1685,16.850000000,minus_a3,state,0,-0.105000000,2116,-0.121184482,2127,-0.455635655,19,0.094080000,-28,19.210000,-170,-0.104310694,2116,0.000000000,0,12.500,33,14997,1,1,
113917392851508,113917391324210,113917391838369,113917392851508,1686,16.860000000,minus_a3,state,0,-0.105000000,2116,-0.116582540,2124,-0.239808239,10,0.067200000,-20,21.583000,-191,-0.104310694,2116,0.000000000,0,12.400,33,15007,0,1,
113917402836162,113917401336570,113917401825143,113917402836162,1687,16.870000000,minus_a3,state,0,-0.105000000,2116,-0.105844674,2117,0.000000000,0,0.013440000,-4,22.487000,-199,-0.104310694,2116,0.000000000,0,12.300,33,15017,0,1,
113917412839535,113917411323916,113917411814940,113917412839535,1688,16.880000000,minus_a3,state,0,-0.105000000,2116,-0.096640790,2111,0.191846591,-8,0.067200000,-20,6.328000,-56,-0.104310694,2116,0.000000000,0,12.300,33,15027,0,1,
113917422845498,113917421336385,113917421828438,113917422845498,1689,16.890000000,minus_a3,state,0,-0.105000000,2116,-0.088970886,2106,0.383693183,-16,-0.036960000,11,4.859000,-43,-0.104310694,2116,0.000000000,0,12.400,33,15037,1,1,
113917432857695,113917431323754,113917431817899,113917432857695,1690,16.900000000,minus_a3,state,0,-0.105000000,2116,-0.084368943,2103,0.527578126,-22,0.033600000,-10,0.226000,-2,-0.104310694,2116,0.000000000,0,12.400,33,15047,1,0,
113917442839539,113917441323405,113917441826064,113917442839539,1691,16.910000000,minus_a3,state,0,-0.105000000,2116,-0.081300982,2101,0.599520598,-25,-0.107520000,32,-1.243000,11,-0.104310694,2116,0.000000000,0,12.400,33,15057,1,0,
113917452842837,113917451321407,113917451820860,113917452842837,1692,16.920000000,minus_a3,state,0,-0.105000000,2116,-0.081300982,2101,0.599520598,-25,-0.120960000,36,-7.458000,66,-0.104310694,2116,0.000000000,0,12.400,33,15067,1,0,
113917462817894,113917461339581,113917461807218,113917462817894,1693,16.930000000,minus_a3,state,0,-0.105000000,2116,-0.081300982,2101,0.575539774,-24,-0.120960000,36,-14.803000,131,-0.104310694,2116,0.000000000,0,12.300,33,15077,1,0,
113917472836436,113917471333533,113917471801058,113917472836436,1694,16.940000000,minus_a3,state,0,-0.105000000,2116,-0.084368943,2103,0.479616478,-20,-0.124320000,37,-17.854000,158,-0.104310694,2116,0.000000000,0,12.300,33,15087,1,0,
113917482828341,113917481338704,113917481791979,113917482828341,1695,16.950000000,minus_a3,state,0,-0.105000000,2116,-0.092038847,2108,0.335731535,-14,-0.067200000,20,-19.662000,174,-0.104310694,2116,0.000000000,0,12.400,33,15097,1,1,
113917492838780,113917491333663,113917491796353,113917492838780,1696,16.960000000,minus_a3,state,0,-0.105000000,2116,-0.101242732,2114,0.119904120,-5,-0.023520000,7,-20.679000,183,-0.104310694,2116,0.000000000,0,12.400,33,15107,0,1,
113917502880045,113917501330692,113917501820792,113917502880045,1697,16.970000000,minus_a3,state,0,-0.105000000,2116,-0.110446617,2120,-0.047961648,2,-0.070560000,21,-4.068000,36,-0.104310694,2116,0.000000000,0,12.300,33,15117,0,1,
113917512926736,113917511326645,113917511830183,113917512926736,1698,16.980000000,minus_a3,state,0,-0.105000000,2116,-0.118116521,2125,-0.263789063,11,0.036960000,-11,-2.147000,19,-0.104310694,2116,0.000000000,0,12.500,33,15127,1,1,
113917522852099,113917521329639,113917521839919,113917522852099,1699,16.990000000,minus_a3,hardware_error,0,-0.105000000,2116,,,,,,,,,,,,,,,,,,0
113917532920623,113917531324470,113917531838849,113917532920623,1700,17.000000000,minus_a3,state,0,-0.105000000,2116,-0.125786425,2130,-0.527578126,22,-0.003360000,1,-0.113000,1,-0.104310694,2116,0.000000000,0,12.400,33,15147,1,0,
113917542934301,113917541322328,113917541830541,113917542934301,1701,17.010000000,minus_a3,state,0,-0.105000000,2116,-0.125786425,2130,-0.575539774,24,0.131040000,-39,3.616000,-32,-0.104310694,2116,0.000000000,0,12.400,33,15157,1,0,
113917552941708,113917551327296,113917551841143,113917552941708,1702,17.020000000,minus_a3,state,0,-0.105000000,2116,-0.124252444,2129,-0.551558950,23,0.114240000,-34,9.944000,-88,-0.104310694,2116,0.000000000,0,12.400,33,15167,1,0,
113917562926021,113917561327458,113917561839769,113917562926021,1703,17.030000000,minus_a3,state,0,-0.105000000,2116,-0.121184482,2127,-0.455635655,19,0.124320000,-37,15.820000,-140,-0.104310694,2116,0.000000000,0,12.300,33,15177,1,1,
113917572940445,113917571325090,113917571830385,113917572940445,1704,17.040000000,minus_a3,state,0,-0.105000000,2116,-0.115048559,2123,-0.287769887,12,0.067200000,-20,16.950000,-150,-0.104310694,2116,0.000000000,0,12.300,33,15187,1,1,
113917582986447,113917581341114,113917581864747,113917582986447,1705,17.050000000,minus_a3,state,0,-0.105000000,2116,-0.110446617,2120,-0.119904120,5,0.026880000,-8,18.871000,-167,-0.104310694,2116,0.000000000,0,12.500,33,15197,0,1,
113917592939413,113917591334945,113917591839660,113917592939413,1706,17.060000000,minus_a3,state,0,-0.105000000,2116,-0.102776713,2115,0.023980824,-1,0.003360000,-1,19.662000,-174,-0.104310694,2116,0.000000000,0,12.300,33,15207,0,1,
113917602929284,113917601329799,113917601825996,113917602929284,1707,17.070000000,minus_a3,state,0,-0.105000000,2116,-0.093572828,2109,0.191846591,-8,0.030240000,-9,2.825000,-25,-0.104310694,2116,0.000000000,0,12.300,33,15217,0,1,
113917612817821,113917611327595,113917611809055,113917612817821,1708,17.080000000,minus_a3,state,0,-0.105000000,2116,-0.087436905,2105,0.335731535,-14,-0.090720000,27,4.407000,-39,-0.104310694,2116,0.000000000,0,12.500,33,15227,1,1,
113917622963174,113917621329291,113917621810868,113917622963174,1709,17.090000000,minus_a3,state,0,-0.105000000,2116,-0.084368943,2103,0.455635655,-19,-0.114240000,34,-0.339000,3,-0.104310694,2116,0.000000000,0,12.500,33,15237,1,0,
113917632969336,113917631326119,113917631887298,113917632969336,1710,17.100000000,minus_a3,state,0,-0.105000000,2116,-0.084368943,2103,0.503597302,-21,-0.107520000,32,-2.260000,20,-0.104310694,2116,0.000000000,0,12.400,33,15247,1,0,
113917642983102,113917641332433,113917641867439,113917642983102,1711,17.110000000,minus_a3,state,0,-0.105000000,2116,-0.084368943,2103,0.479616478,-20,-0.110880000,33,-8.475000,75,-0.104310694,2116,0.000000000,0,12.400,33,15257,1,0,
113917652936527,113917651335277,113917651849530,113917652936527,1712,17.120000000,minus_a3,state,0,-0.105000000,2116,-0.084368943,2103,0.431654831,-18,-0.110880000,33,-14.916000,132,-0.104310694,2116,0.000000000,0,12.400,33,15267,1,0,
113917662947881,113917661333374,113917661853618,113917662947881,1713,17.130000000,minus_a3,state,0,-0.105000000,2116,-0.087436905,2105,0.359712359,-15,-0.100800000,30,-17.515000,155,-0.104310694,2116,0.000000000,0,12.300,33,15277,1,1,
113917672905202,113917671331683,113917671829361,113917672905202,1714,17.140000000,minus_a3,state,0,-0.105000000,2116,-0.095106809,2110,0.215827415,-9,-0.047040000,14,-19.775000,175,-0.104310694,2116,0.000000000,0,12.400,33,15287,0,1,
113917682930049,113917681331587,113917681838499,113917682930049,1715,17.150000000,minus_a3,state,0,-0.105000000,2116,-0.104310694,2116,0.023980824,-1,-0.003360000,1,-20.001000,177,-0.104310694,2116,0.000000000,0,12.400,33,15297,0,1,
113917692946987,113917691332062,113917691859801,113917692946987,1716,17.160000000,minus_a3,state,0,-0.105000000,2116,-0.113514578,2122,-0.119904120,5,-0.016800000,5,-3.277000,29,-0.104310694,2116,0.000000000,0,12.300,33,15307,0,1,
113917702928610,113917701332116,113917701841092,113917702928610,1717,17.170000000,minus_a3,state,0,-0.105000000,2116,-0.121184482,2127,-0.287769887,12,0.003360000,-1,-0.339000,3,-0.104310694,2116,0.000000000,0,12.400,33,15317,1,1,
113917712928374,113917711329728,113917711845218,113917712928374,1718,17.180000000,minus_a3,state,0,-0.105000000,2116,-0.124252444,2129,-0.431654831,18,0.151200000,-45,0.113000,-1,-0.104310694,2116,0.000000000,0,12.400,33,15327,1,0,
113917722933520,113917721323871,113917721835811,113917722933520,1719,17.190000000,minus_a3,state,0,-0.105000000,2116,-0.124252444,2129,-0.503597302,21,0.114240000,-34,3.277000,-29,-0.104310694,2116,0.000000000,0,12.400,33,15337,1,0,
113917732918068,113917731328636,113917731840493,113917732918068,1720,17.200000000,minus_a3,state,0,-0.105000000,2116,-0.124252444,2129,-0.527578126,22,0.124320000,-37,6.328000,-56,-0.104310694,2116,0.000000000,0,12.400,33,15347,1,0,
113917742916582,113917741325853,113917741835150,113917742916582,1721,17.210000000,minus_a3,state,0,-0.105000000,2116,-0.121184482,2127,-0.479616478,20,0.097440000,-29,14.351000,-127,-0.104310694,2116,0.000000000,0,12.400,33,15357,1,1,
113917752939504,113917751331147,113917751862673,113917752939504,1722,17.220000000,minus_a3,state,0,-0.105000000,2116,-0.118116521,2125,-0.359712359,15,0.033600000,-10,14.803000,-131,-0.104310694,2116,0.000000000,0,12.300,33,15367,1,1,
113917762884958,113917761331338,113917761833538,113917762884958,1723,17.230000000,minus_a3,state,0,-0.105000000,2116,-0.111980598,2121,-0.215827415,9,0.043680000,-13,17.402000,-154,-0.104310694,2116,0.000000000,0,12.400,33,15377,0,1,
113917772812326,113917771315339,113917771795708,113917772812326,1724,17.240000000,minus_a3,state,0,-0.105000000,2116,-0.105844674,2117,-0.023980824,1,0.006720000,-2,19.323000,-171,-0.104310694,2116,0.000000000,0,12.500,33,15387,0,1,
113917782815089,113917781332104,113917781802048,113917782815089,1725,17.250000000,minus_a3,state,0,-0.105000000,2116,-0.098174770,2112,0.095923296,-4,0.057120000,-17,8.362000,-74,-0.104310694,2116,0.000000000,0,12.400,33,15397,0,1,
113917792821063,113917791321603,113917791791090,113917792821063,1726,17.260000000,minus_a3,state,0,-0.105000000,2116,-0.092038847,2108,0.263789063,-11,-0.077280000,23,5.537000,-49,-0.104310694,2116,0.000000000,0,12.400,33,15407,1,1,
113917802818219,113917801320110,113917801794267,113917802818219,1727,17.270000000,minus_a3,state,0,-0.105000000,2116,-0.085902924,2104,0.383693183,-16,-0.147840000,44,-0.339000,3,-0.104310694,2116,0.000000000,0,12.400,33,15417,1,0,
113917812822603,113917811324603,113917811797684,113917812822603,1728,17.280000000,minus_a3,state,0,-0.105000000,2116,-0.084368943,2103,0.455635655,-19,-0.050400000,15,-1.130000,10,-0.104310694,2116,0.000000000,0,12.400,33,15427,1,0,
113917822849147,113917821323513,113917821807392,113917822849147,1729,17.290000000,minus_a3,state,0,-0.105000000,2116,-0.084368943,2103,0.479616478,-20,-0.100800000,30,-6.215000,55,-0.104310694,2116,0.000000000,0,12.400,33,15437,1,0,
113917832823797,113917831324545,113917831802531,113917832823797,1730,17.300000000,minus_a3,state,0,-0.105000000,2116,-0.084368943,2103,0.455635655,-19,-0.097440000,29,-13.447000,119,-0.104310694,2116,0.000000000,0,12.400,33,15447,1,0,
113917842851368,113917841333998,113917841809359,113917842851368,1731,17.310000000,minus_a3,state,0,-0.105000000,2116,-0.085902924,2104,0.383693183,-16,-0.097440000,29,-16.950000,150,-0.104310694,2116,0.000000000,0,12.400,33,15457,1,0,
113917852836259,113917851328570,113917851821740,113917852836259,1732,17.320000000,minus_a3,state,0,-0.105000000,2116,-0.093572828,2109,0.263789063,-11,-0.057120000,17,-18.645000,165,-0.104310694,2116,0.000000000,0,12.400,33,15467,1,1,
113917862837050,113917861336230,113917861773866,113917862837050,1733,17.330000000,minus_a3,state,0,-0.105000000,2116,-0.101242732,2114,0.119904120,-5,-0.016800000,5,-20.001000,177,-0.104310694,2116,0.000000000,0,12.500,33,15477,0,1,
113917872816830,113917871331687,113917871785903,113917872816830,1734,17.340000000,minus_a3,state,0,-0.105000000,2116,-0.110446617,2120,-0.047961648,2,-0.077280000,23,-1.130000,10,-0.104310694,2116,0.000000000,0,12.400,33,15487,0,1,
113917882800183,113917881324408,113917881775231,113917882800183,1735,17.350000000,minus_a3,state,0,-0.105000000,2116,-0.116582540,2124,-0.239808239,10,0.191520000,-57,-5.085000,45,-0.104310694,2116,0.000000000,0,12.400,33,15497,0,1,
113917892807576,113917891327120,113917891785883,113917892807576,1736,17.360000000,minus_a3,state,0,-0.105000000,2116,-0.122718463,2128,-0.359712359,15,-0.006720000,2,-1.469000,13,-0.104310694,2116,0.000000000,0,12.400,33,15507,1,0,
113917902802839,113917901342354,113917901779532,113917902802839,1737,17.370000000,minus_a3,state,0,-0.105000000,2116,-0.122718463,2128,-0.455635655,19,0.117600000,-35,1.469000,-13,-0.104310694,2116,0.000000000,0,12.400,33,15517,1,0,
113917912798267,113917911341214,113917911772992,113917912798267,1738,17.380000000,minus_a3,state,0,-0.105000000,2116,-0.122718463,2128,-0.503597302,21,0.117600000,-35,3.842000,-34,-0.104310694,2116,0.000000000,0,12.400,33,15527,1,0,
113917922800526,113917921338097,113917921786392,113917922800526,1739,17.390000000,minus_a3,state,0,-0.105000000,2116,-0.122718463,2128,-0.503597302,21,0.084000000,-25,9.831000,-87,-0.104310694,2116,0.000000000,0,12.400,33,15537,1,0,
113917932801964,113917931348852,113917931784904,113917932801964,1740,17.400000000,minus_a3,state,0,-0.105000000,2116,-0.119650501,2126,-0.407674007,17,0.157920000,-47,14.351000,-127,-0.104310694,2116,0.000000000,0,12.500,33,15547,1,1,
113917942796366,113917941329967,113917941775323,113917942796366,1741,17.410000000,minus_a3,state,0,-0.105000000,2116,-0.113514578,2122,-0.263789063,11,0.036960000,-11,16.611000,-147,-0.104310694,2116,0.000000000,0,12.500,33,15557,1,1,
113917952799469,113917951333627,113917951785319,113917952799469,1742,17.420000000,minus_a3,state,0,-0.105000000,2116,-0.108912636,2119,-0.095923296,4,0.013440000,-4,18.306000,-162,-0.104310694,2116,0.000000000,0,12.400,33,15567,0,1,
113917962798760,113917961339091,113917961773000,113917962798760,1743,17.430000000,minus_a3,state,0,-0.105000000,2116,-0.101242732,2114,0.047961648,-2,0.003360000,-1,17.967000,-159,-0.104310694,2116,0.000000000,0,12.500,33,15577,0,1,
113917972806533,113917971327494,113917971781334,113917972806533,1744,17.440000000,minus_a3,state,0,-0.105000000,2116,-0.093572828,2109,0.191846591,-8,-0.070560000,21,8.475000,-75,-0.104310694,2116,0.000000000,0,12.500,33,15587,0,1,
113917982801154,113917981344241,113917981782559,113917982801154,1745,17.450000000,minus_a3,state,0,-0.105000000,2116,-0.088970886,2106,0.335731535,-14,-0.073920000,22,-0.226000,2,-0.104310694,2116,0.000000000,0,12.400,33,15597,1,1,
113917992815245,113917991329398,113917991774657,113917992815245,1746,17.460000000,minus_a3,state,0,-0.105000000,2116,-0.085902924,2104,0.407674007,-17,-0.094080000,28,0.000000,0,-0.104310694,2116,0.000000000,0,12.400,33,15606,1,0,
113918002803130,113918001340614,113918001776831,113918002803130,1747,17.470000000,minus_a3,state,0,-0.105000000,2116,-0.085902924,2104,0.455635655,-19,-0.100800000,30,-5.650000,50,-0.104310694,2116,0.000000000,0,12.400,33,15617,1,0,
113918012797230,113918011353974,113918011778677,113918012797230,1748,17.480000000,minus_a3,state,0,-0.105000000,2116,-0.085902924,2104,0.455635655,-19,-0.094080000,28,-11.413000,101,-0.104310694,2116,0.000000000,0,12.400,33,15627,1,0,
113918022891701,113918021332557,113918021824724,113918022891701,1749,17.490000000,minus_a3,state,0,-0.105000000,2116,-0.085902924,2104,0.383693183,-16,-0.094080000,28,-16.159000,143,-0.104310694,2116,0.000000000,0,12.500,33,15637,1,0,
113918032944480,113918031332878,113918031868464,113918032944480,1750,17.500000000,minus_a3,state,0,-0.105000000,2116,-0.092038847,2108,0.311750711,-13,-0.073920000,22,-17.515000,155,-0.104310694,2116,0.000000000,0,12.500,33,15647,1,1,
113918042959180,113918041326187,113918041876289,113918042959180,1751,17.510000000,minus_a3,state,0,-0.105000000,2116,-0.099708751,2113,0.143884944,-6,-0.023520000,7,-19.549000,173,-0.104310694,2116,0.000000000,0,12.400,33,15657,0,1,
113918052960124,113918051324216,113918051874271,113918052960124,1752,17.520000000,minus_a3,state,0,-0.105000000,2116,-0.108912636,2119,0.000000000,0,-0.043680000,13,-10.622000,94,-0.104310694,2116,0.000000000,0,12.400,33,15667,0,1,
113918062976534,113918061330209,113918061884338,113918062976534,1753,17.530000000,minus_a3,state,0,-0.105000000,2116,-0.116582540,2124,-0.191846591,8,0.013440000,-4,-9.153000,81,-0.104310694,2116,0.000000000,0,12.400,33,15677,0,1,
113918073024063,113918071328029,113918071876494,113918073024063,1754,17.540000000,minus_a3,state,0,-0.105000000,2116,-0.121184482,2127,-0.335731535,14,0.107520000,-32,-3.503000,31,-0.104310694,2116,0.000000000,0,12.400,33,15687,1,1,
113918082983664,113918081321691,113918081885982,113918082983664,1755,17.550000000,minus_a3,state,0,-0.105000000,2116,-0.122718463,2128,-0.431654831,18,0.104160000,-31,0.000000,0,-0.104310694,2116,0.000000000,0,12.400,33,15697,1,0,
113918093060166,113918091341545,113918091916395,113918093060166,1756,17.560000000,minus_a3,state,0,-0.105000000,2116,-0.124252444,2129,-0.479616478,20,0.114240000,-34,3.616000,-32,-0.104310694,2116,0.000000000,0,12.400,33,15707,1,0,
113918102996745,113918101350751,113918101885711,113918102996745,1757,17.570000000,minus_a3,state,0,-0.105000000,2116,-0.122718463,2128,-0.479616478,20,0.100800000,-30,8.136000,-72,-0.104310694,2116,0.000000000,0,12.400,33,15717,1,0,
113918113088450,113918111361489,113918111914199,113918113088450,1758,17.580000000,minus_a3,state,0,-0.105000000,2116,-0.119650501,2126,-0.407674007,17,0.084000000,-25,16.611000,-147,-0.104310694,2116,0.000000000,0,12.400,33,15727,1,1,
113918122946286,113918121343416,113918121832132,113918122946286,1759,17.590000000,minus_a3,state,0,-0.105000000,2116,-0.115048559,2123,-0.287769887,12,0.057120000,-17,16.611000,-147,-0.104310694,2116,0.000000000,0,12.500,33,15737,1,1,
113918132931354,113918131349442,113918131828190,113918132931354,1760,17.600000000,minus_a3,state,0,-0.105000000,2116,-0.108912636,2119,-0.119904120,5,0.020160000,-6,17.854000,-158,-0.104310694,2116,0.000000000,0,12.500,33,15747,0,1,
113918142990216,113918141332148,113918141836854,113918142990216,1761,17.610000000,minus_a3,state,0,-0.105000000,2116,-0.102776713,2115,0.023980824,-1,0.010080000,-3,17.854000,-158,-0.104310694,2116,0.000000000,0,12.400,33,15757,0,1,
113918152983603,113918151346076,113918151818687,113918152983603,1762,17.620000000,minus_a3,state,0,-0.105000000,2116,-0.095106809,2110,0.167865767,-7,-0.228480000,68,4.972000,-44,-0.104310694,2116,0.000000000,0,12.400,33,15767,0,1,
113918162927788,113918161344481,113918161825619,113918162927788,1763,17.630000000,minus_a3,state,0,-0.105000000,2116,-0.088970886,2106,0.311750711,-13,-0.057120000,17,2.486000,-22,-0.104310694,2116,0.000000000,0,12.400,33,15777,1,1,
113918172922790,113918171330086,113918171819185,113918172922790,1764,17.640000000,minus_a3,state,0,-0.105000000,2116,-0.087436905,2105,0.407674007,-17,-0.124320000,37,0.000000,0,-0.104310694,2116,0.000000000,0,12.400,33,15787,1,1,
113918182914546,113918181344338,113918181816714,113918182914546,1765,17.650000000,minus_a3,state,0,-0.105000000,2116,-0.085902924,2104,0.455635655,-19,-0.090720000,27,-3.277000,29,-0.104310694,2116,0.000000000,0,12.400,33,15797,1,0,
113918192998114,113918191351509,113918191836486,113918192998114,1766,17.660000000,minus_a3,state,0,-0.105000000,2116,-0.085902924,2104,0.455635655,-19,-0.094080000,28,-9.379000,83,-0.104310694,2116,0.000000000,0,12.400,33,15807,1,0,
113918202916590,113918201344679,113918201818001,113918202916590,1767,17.670000000,minus_a3,state,0,-0.105000000,2116,-0.087436905,2105,0.383693183,-16,-0.097440000,29,-14.690000,130,-0.104310694,2116,0.000000000,0,12.400,33,15817,1,1,
113918212920934,113918211355429,113918211827869,113918212920934,1768,17.680000000,minus_a3,state,0,-0.105000000,2116,-0.090504866,2107,0.311750711,-13,-0.080640000,24,-17.063000,151,-0.104310694,2116,0.000000000,0,12.500,33,15827,1,1,
113918222912272,113918221329936,113918221811284,113918222912272,1769,17.690000000,minus_a3,state,0,-0.105000000,2116,-0.098174770,2112,0.167865767,-7,-0.030240000,9,-19.097000,169,-0.104310694,2116,0.000000000,0,12.500,33,15837,0,1,
113918232918774,113918231335119,113918231826069,113918232918774,1770,17.700000000,minus_a3,state,0,-0.105000000,2116,-0.107378655,2118,0.000000000,0,-0.020160000,6,-15.933000,141,-0.104310694,2116,0.000000000,0,12.400,33,15847,0,1,
113918242908571,113918241333817,113918241819038,113918242908571,1771,17.710000000,minus_a3,state,0,-0.105000000,2116,-0.115048559,2123,-0.143884944,6,-0.013440000,4,-1.017000,9,-0.104310694,2116,0.000000000,0,12.400,33,15857,0,1,
113918252904301,113918251327990,113918251808843,113918252904301,1772,17.720000000,minus_a3,state,0,-0.105000000,2116,-0.119650501,2126,-0.287769887,12,0.097440000,-29,0.113000,-1,-0.104310694,2116,0.000000000,0,12.400,33,15867,1,1,
113918262906403,113918261328673,113918261813230,113918262906403,1773,17.730000000,minus_a3,state,0,-0.105000000,2116,-0.122718463,2128,-0.407674007,17,0.114240000,-34,0.904000,-8,-0.104310694,2116,0.000000000,0,12.400,33,15877,1,0,
113918272894832,113918271327169,113918271809611,113918272894832,1774,17.740000000,minus_a3,state,0,-0.105000000,2116,-0.122718463,2128,-0.479616478,20,0.110880000,-33,3.390000,-30,-0.104310694,2116,0.000000000,0,12.400,33,15887,1,0,
113918282872195,113918281328124,113918281789353,113918282872195,1775,17.750000000,minus_a3,state,0,-0.105000000,2116,-0.122718463,2128,-0.479616478,20,0.057120000,-17,7.571000,-67,-0.104310694,2116,0.000000000,0,12.400,33,15897,1,0,
113918292894910,113918291324624,113918291791030,113918292894910,1776,17.760000000,minus_a3,state,0,-0.105000000,2116,-0.119650501,2126,-0.407674007,17,0.084000000,-25,15.594000,-138,-0.104310694,2116,0.000000000,0,12.400,33,15907,1,1,
113918302889962,113918301324002,113918301787408,113918302889962,1777,17.770000000,minus_a3,state,0,-0.105000000,2116,-0.115048559,2123,-0.287769887,12,0.030240000,-9,16.046000,-142,-0.104310694,2116,0.000000000,0,12.200,33,15917,1,1,
113918312874103,113918311324505,113918311779475,113918312874103,1778,17.780000000,minus_a3,state,0,-0.105000000,2116,-0.108912636,2119,-0.143884944,6,0.020160000,-6,17.176000,-152,-0.104310694,2116,0.000000000,0,12.500,33,15927,0,1,
113918322876119,113918321330327,113918321785717,113918322876119,1779,17.790000000,minus_a3,state,0,-0.105000000,2116,-0.104310694,2116,0.000000000,0,0.003360000,-1,17.854000,-158,-0.104310694,2116,0.000000000,0,12.500,33,15937,0,1,
113918332860900,113918331411629,113918331783671,113918332860900,1780,17.800000000,minus_a3,state,0,-0.105000000,2116,-0.096640790,2111,0.143884944,-6,0.036960000,-11,5.311000,-47,-0.104310694,2116,0.000000000,0,12.400,33,15947,0,1,
113918343900103,113918341401603,113918342792879,113918343900103,1781,17.810000000,minus_a3,state,0,-0.105000000,2116,-0.090504866,2107,0.287769887,-12,-0.127680000,38,1.582000,-14,-0.104310694,2116,0.000000000,0,12.400,33,15958,1,1,
113918353952629,113918351402913,113918352809721,113918353952629,1782,17.820000000,minus_a3,state,0,-0.105000000,2116,-0.087436905,2105,0.383693183,-16,-0.067200000,20,-0.791000,7,-0.104310694,2116,0.000000000,0,12.400,33,15968,1,1,
113918362889934,113918361343113,113918361799202,113918362889934,1783,17.830000000,minus_a3,state,0,-0.105000000,2116,-0.087436905,2105,0.431654831,-18,-0.090720000,27,-2.034000,18,-0.104310694,2116,0.000000000,0,12.400,33,15977,1,1,
113918373868276,113918371405048,113918372786379,113918373868276,1784,17.840000000,minus_a3,state,0,-0.105000000,2116,-0.087436905,2105,0.431654831,-18,-0.077280000,23,-8.475000,75,-0.104310694,2116,0.000000000,0,12.400,33,15988,1,1,
113918382864850,113918381364519,113918381796495,113918382864850,1785,17.850000000,minus_a3,state,0,-0.105000000,2116,-0.087436905,2105,0.383693183,-16,-0.097440000,29,-14.125000,125,-0.104310694,2116,0.000000000,0,12.400,33,15997,1,1,
113918393912852,113918391413790,113918392813923,113918393912852,1786,17.860000000,minus_a3,state,0,-0.105000000,2116,-0.090504866,2107,0.311750711,-13,-0.080640000,24,-16.950000,150,-0.104310694,2116,0.000000000,0,12.200,33,16008,1,1,
113918403883884,113918401411531,113918402808616,113918403883884,1787,17.870000000,minus_a3,state,0,-0.105000000,2116,-0.098174770,2112,0.167865767,-7,-0.030240000,9,-18.758000,166,-0.104310694,2116,0.000000000,0,12.100,33,16018,0,1,
113918413964389,113918411411355,113918412807134,113918413964389,1788,17.880000000,minus_a3,state,0,-0.105000000,2116,-0.107378655,2118,0.000000000,0,-0.010080000,3,-16.498000,146,-0.104310694,2116,0.000000000,0,12.500,33,16028,0,1,
113918422898835,113918421348111,113918421798933,113918422898835,1789,17.890000000,minus_a3,state,0,-0.105000000,2116,-0.115048559,2123,-0.119904120,5,0.104160000,-31,-9.379000,83,-0.104310694,2116,0.000000000,0,12.500,33,16037,0,1,
113918432967248,113918431354035,113918431831954,113918432967248,1790,17.900000000,minus_a3,state,0,-0.105000000,2116,-0.119650501,2126,-0.263789063,11,0.067200000,-20,-0.678000,6,-0.104310694,2116,0.000000000,0,12.500,33,16047,1,1,
113918443894428,113918441404537,113918442799210,113918443894428,1791,17.910000000,minus_a3,state,0,-0.105000000,2116,-0.122718463,2128,-0.383693183,16,0.124320000,-37,0.452000,-4,-0.104310694,2116,0.000000000,0,12.500,33,16058,1,0,
113918453892111,113918451406906,113918452805538,113918453892111,1792,17.920000000,minus_a3,state,0,-0.105000000,2116,-0.122718463,2128,-0.455635655,19,0.110880000,-33,3.164000,-28,-0.104310694,2116,0.000000000,0,12.500,33,16068,1,0,
113918462896330,113918461347347,113918461800577,113918462896330,1793,17.930000000,minus_a3,state,0,-0.105000000,2116,-0.122718463,2128,-0.479616478,20,0.100800000,-30,6.441000,-57,-0.104310694,2116,0.000000000,0,12.300,33,16077,1,0,
113918473901849,113918471417152,113918472809761,113918473901849,1794,17.940000000,minus_a3,state,0,-0.105000000,2116,-0.119650501,2126,-0.407674007,17,0.070560000,-21,15.029000,-133,-0.104310694,2116,0.000000000,0,12.500,33,16088,1,1,
113918483932871,113918481365720,113918482809735,113918483932871,1795,17.950000000,minus_a3,state,0,-0.105000000,2116,-0.115048559,2123,-0.311750711,13,0.057120000,-17,14.803000,-131,-0.104310694,2116,0.000000000,0,12.400,33,16098,1,1,
113918493899240,113918491402256,113918492793640,113918493899240,1796,17.960000000,minus_a3,state,0,-0.105000000,2116,-0.108912636,2119,-0.143884944,6,0.026880000,-8,17.515000,-155,-0.104310694,2116,0.000000000,0,12.200,33,16108,0,1,
113918503894673,113918501407272,113918502805196,113918503894673,1797,17.970000000,minus_a3,state,0,-0.105000000,2116,-0.102776713,2115,0.000000000,0,0.003360000,-1,18.193000,-161,-0.104310694,2116,0.000000000,0,12.300,33,16118,0,1,
113918513981975,113918511404232,113918512819753,113918513981975,1798,17.980000000,minus_a3,state,0,-0.105000000,2116,-0.096640790,2111,0.143884944,-6,-0.043680000,13,8.588000,-76,-0.104310694,2116,0.000000000,0,12.400,33,16128,0,1,
113918522755346,113918521323264,113918521753728,113918522755346,1799,17.990000000,minus_a3,hardware_error,0,-0.105000000,2116,,,,,,,,,,,,,,,,,,0
113918533033216,113918531338304,113918531922826,113918533033216,1800,18.000000000,center_after_minus_a3,state,0,0.000000000,2048,-0.088970886,2106,0.359712359,-15,-0.050400000,15,-0.452000,4,0.000000000,2048,0.000000000,0,12.400,33,16147,1,0,
113918542906432,113918541338698,113918541802715,113918542906432,1801,18.010000000,center_after_minus_a3,state,0,0.000000000,2048,-0.084368943,2103,0.431654831,-18,0.483840000,-144,28.702000,-254,0.000000000,2048,0.000000000,0,12.500,33,16157,1,0,
113918552898021,113918551349797,113918551799943,113918552898021,1802,18.020000000,center_after_minus_a3,state,0,0.000000000,2048,-0.072097097,2095,0.479616478,-20,0.456960000,-136,33.674000,-298,0.000000000,2048,0.000000000,0,12.200,33,16167,1,0,
113918562937095,113918561331776,113918561794966,113918562937095,1803,18.030000000,center_after_minus_a3,state,0,0.000000000,2048,-0.056757289,2085,0.575539774,-24,0.359520000,-107,39.098000,-346,0.000000000,2048,0.000000000,0,12.200,33,16177,1,0,
113918572913325,113918571347168,113918571798283,113918572913325,1804,18.040000000,center_after_minus_a3,state,0,0.000000000,2048,-0.036815539,2072,0.695443894,-29,0.235200000,-70,42.375000,-375,0.000000000,2048,0.000000000,0,12.300,33,16187,1,0,
113918582901138,113918581343572,113918581799053,113918582901138,1805,18.050000000,center_after_minus_a3,state,0,0.000000000,2048,-0.016873789,2059,0.887290485,-37,0.110880000,-33,42.714000,-378,0.000000000,2048,0.000000000,0,12.400,33,16197,1,1,
113918592903966,113918591358926,113918591806878,113918592903966,1806,18.060000000,center_after_minus_a3,state,0,0.000000000,2048,0.006135923,2044,1.079137077,-45,0.010080000,-3,39.550000,-350,0.000000000,2048,0.000000000,0,12.300,33,16207,1,1,
113918603903385,113918601411699,113918602806865,113918603903385,1807,18.070000000,center_after_minus_a3,state,0,0.000000000,2048,0.027611654,2030,1.342926140,-56,0.070560000,-21,2.825000,-25,0.000000000,2048,0.000000000,0,12.400,33,16218,1,0,
113918613992265,113918611365574,113918612849474,113918613992265,1808,18.080000000,center_after_minus_a3,state,0,0.000000000,2048,0.038349520,2023,1.558753555,-65,-0.215040000,64,13.108000,-116,0.000000000,2048,0.000000000,0,12.400,33,16228,1,0,
113918622874017,113918621346943,113918621779787,113918622874017,1809,18.090000000,center_after_minus_a3,state,0,0.000000000,2048,0.046019424,2018,1.654676851,-69,-0.255360000,76,12.543000,-111,0.000000000,2048,0.000000000,0,12.300,33,16237,1,0,
113918632779603,113918631324102,113918631765483,113918632779603,1810,18.100000000,center_after_minus_a3,state,0,0.000000000,2048,0.053689328,2013,1.654676851,-69,-0.295680000,88,8.927000,-79,0.000000000,2048,0.000000000,0,12.500,33,16246,1,0,
113918642808967,113918641349599,113918641765996,113918642808967,1811,18.110000000,center_after_minus_a3,state,0,0.000000000,2048,0.058291270,2010,1.582734379,-66,-0.339360000,101,0.226000,-2,0.000000000,2048,0.000000000,0,12.500,33,16256,1,0,
113918652901146,113918651331305,113918651789888,113918652901146,1812,18.120000000,center_after_minus_a3,state,0,0.000000000,2048,0.059825251,2009,1.390887787,-58,-0.332640000,99,-11.526000,102,0.000000000,2048,0.000000000,0,12.200,33,16267,1,0,
113918662802669,113918661318953,113918661803016,113918662802669,1813,18.130000000,center_after_minus_a3,state,0,0.000000000,2048,0.059825251,2009,1.151079548,-48,-0.325920000,97,-21.357000,189,0.000000000,2048,0.000000000,0,12.400,33,16276,1,0,
113918672798486,113918671326398,113918671736284,113918672798486,1814,18.140000000,center_after_minus_a3,state,0,0.000000000,2048,0.053689328,2013,0.863309661,-36,-0.322560000,96,-26.442000,234,0.000000000,2048,0.000000000,0,12.400,33,16286,1,0,
113918682849499,113918681354109,113918681779054,113918682849499,1815,18.150000000,center_after_minus_a3,state,0,0.000000000,2048,0.041417481,2021,0.527578126,-22,-0.238560000,71,-31.414000,278,0.000000000,2048,0.000000000,0,12.200,33,16297,1,0,
113918692841818,113918691332955,113918691794023,113918692841818,1816,18.160000000,center_after_minus_a3,state,0,0.000000000,2048,0.026077673,2031,0.215827415,-9,-0.164640000,49,-34.239000,303,0.000000000,2048,0.000000000,0,12.300,33,16307,0,0,
113918702789296,113918701341930,113918701732405,113918702789296,1817,18.170000000,center_after_minus_a3,state,0,0.000000000,2048,0.010737866,2041,-0.071942472,3,-0.067200000,20,-35.934000,318,0.000000000,2048,0.000000000,0,12.400,33,16316,0,1,
113918712769104,113918711320498,113918711742989,113918712769104,1818,18.180000000,center_after_minus_a3,state,0,0.000000000,2048,-0.007669904,2053,-0.431654831,18,-0.030240000,9,-29.493000,261,0.000000000,2048,0.000000000,0,12.300,33,16326,1,1,
113918722800291,113918721319605,113918721755328,113918722800291,1819,18.190000000,center_after_minus_a3,state,0,0.000000000,2048,-0.023009712,2063,-0.743405542,31,-0.047040000,14,-4.746000,42,0.000000000,2048,0.000000000,0,12.300,33,16336,1,0,
113918732757958,113918731331215,113918731737494,113918732757958,1820,18.200000000,center_after_minus_a3,state,0,0.000000000,2048,-0.032213597,2069,-1.007194605,42,0.383040000,-114,-4.407000,39,0.000000000,2048,0.000000000,0,12.500,33,16346,1,0,
113918742766808,113918741327141,113918741725669,113918742766808,1821,18.210000000,center_after_minus_a3,state,0,0.000000000,2048,-0.038349520,2073,-1.175060372,49,0.228480000,-68,-5.876000,52,0.000000000,2048,0.000000000,0,12.400,33,16356,1,0,
113918752914560,113918751336621,113918751757577,113918752914560,1822,18.220000000,center_after_minus_a3,state,0,0.000000000,2048,-0.041417481,2075,-1.223022020,51,0.241920000,-72,-0.452000,4,0.000000000,2048,0.000000000,0,12.400,33,16366,1,0,
113918762825718,113918761327643,113918761762561,113918762825718,1823,18.230000000,center_after_minus_a3,state,0,0.000000000,2048,-0.042951462,2076,-1.127098724,47,0.238560000,-71,8.136000,-72,0.000000000,2048,0.000000000,0,12.400,33,16377,1,0,
113918772759837,113918771333132,113918771727817,113918772759837,1824,18.240000000,center_after_minus_a3,state,0,0.000000000,2048,-0.039883500,2074,-0.983213781,41,0.228480000,-68,19.549000,-173,0.000000000,2048,0.000000000,0,12.400,33,16386,1,0,
113918782817242,113918781344161,113918781750212,113918782817242,1825,18.250000000,center_after_minus_a3,state,0,0.000000000,2048,-0.035281558,2071,-0.743405542,31,0.204960000,-61,21.583000,-191,0.000000000,2048,0.000000000,0,12.200,33,16396,1,0,
113918792864952,113918791337792,113918791777330,113918792864952,1826,18.260000000,center_after_minus_a3,state,0,0.000000000,2048,-0.027611654,2066,-0.455635655,19,0.171360000,-51,25.312000,-224,0.000000000,2048,0.000000000,0,12.300,33,16407,1,0,
113918802880429,113918801329408,113918801736249,113918802880429,1827,18.270000000,center_after_minus_a3,state,0,0.000000000,2048,-0.015339808,2058,-0.215827415,9,0.104160000,-31,27.459000,-243,0.000000000,2048,0.000000000,0,12.500,33,16416,0,1,
113918812791265,113918811327100,113918811745261,113918812791265,1828,18.280000000,center_after_minus_a3,state,0,0.000000000,2048,-0.001533981,2049,0.047961648,-2,0.023520000,-7,28.137000,-249,0.000000000,2048,0.000000000,0,12.200,33,16426,0,1,
113918822931095,113918821326501,113918821764049,113918822931095,1829,18.290000000,center_after_minus_a3,state,0,0.000000000,2048,0.012271846,2040,0.359712359,-15,-0.181440000,54,17.741000,-157,0.000000000,2048,0.000000000,0,12.300,33,16437,1,1,
113918832779351,113918831336957,113918831738249,113918832779351,1830,18.300000000,center_after_minus_a3,state,0,0.000000000,2048,0.021475731,2034,0.575539774,-24,-0.134400000,40,12.882000,-114,0.000000000,2048,0.000000000,0,12.400,33,16446,1,0,
113918842803319,113918841328258,113918841756392,113918842803319,1831,18.310000000,center_after_minus_a3,state,0,0.000000000,2048,0.026077673,2031,0.743405542,-31,-0.164640000,49,1.356000,-12,0.000000000,2048,0.000000000,0,12.400,33,16456,1,0,
113918853074099,113918851342333,113918851775012,113918853074099,1832,18.320000000,center_after_minus_a3,state,0,0.000000000,2048,0.029145635,2029,0.863309661,-36,-0.188160000,56,-0.452000,4,0.000000000,2048,0.000000000,0,12.400,33,16467,1,0,
113918863895154,113918861344664,113918862805565,113918863895154,1833,18.330000000,center_after_minus_a3,state,0,0.000000000,2048,0.030679616,2028,0.863309661,-36,-0.157920000,47,-9.718000,86,0.000000000,2048,0.000000000,0,12.400,33,16478,1,0,
113918872942732,113918871334231,113918871789847,113918872942732,1834,18.340000000,center_after_minus_a3,state,0,0.000000000,2048,0.029145635,2029,0.791367189,-33,-0.174720000,52,-16.498000,146,0.000000000,2048,0.000000000,0,12.400,33,16487,1,0,
113918882889851,113918881334517,113918881778614,113918882889851,1835,18.350000000,center_after_minus_a3,state,0,0.000000000,2048,0.024543693,2032,0.647482246,-27,-0.151200000,45,-19.210000,170,0.000000000,2048,0.000000000,0,12.300,33,16497,1,0,
113918892874621,113918891332676,113918891773775,113918892874621,1836,18.360000000,center_after_minus_a3,state,0,0.000000000,2048,0.016873789,2037,0.407674007,-17,-0.080640000,24,-21.696000,192,0.000000000,2048,0.000000000,0,12.300,33,16507,1,1,
113918902891410,113918901340184,113918901773462,113918902891410,1837,18.370000000,center_after_minus_a3,state,0,0.000000000,2048,0.009203885,2042,0.143884944,-6,-0.047040000,14,-23.165000,205,0.000000000,2048,0.000000000,0,12.400,33,16517,0,1,
113918912937349,113918911335507,113918911826485,113918912937349,1838,18.380000000,center_after_minus_a3,state,0,0.000000000,2048,-0.003067962,2050,-0.071942472,3,-0.006720000,2,-21.922000,194,0.000000000,2048,0.000000000,0,12.300,33,16527,0,1,
113918922923140,113918921337416,113918921776037,113918922923140,1839,18.390000000,center_after_minus_a3,state,0,0.000000000,2048,-0.013805827,2057,-0.287769887,12,-0.043680000,13,-8.927000,79,0.000000000,2048,0.000000000,0,12.300,33,16537,1,1,
113918932894375,113918931344458,113918931775306,113918932894375,1840,18.400000000,center_after_minus_a3,state,0,0.000000000,2048,-0.019941750,2061,-0.503597302,21,0.272160000,-81,-4.068000,36,0.000000000,2048,0.000000000,0,12.400,33,16547,1,0,
113918942941926,113918941340363,113918941795755,113918942941926,1841,18.410000000,center_after_minus_a3,state,0,0.000000000,2048,-0.024543693,2064,-0.623501422,26,0.228480000,-68,-2.260000,20,0.000000000,2048,0.000000000,0,12.400,33,16557,1,0,
113918952902928,113918951335611,113918951781908,113918952902928,1842,18.420000000,center_after_minus_a3,state,0,0.000000000,2048,-0.026077673,2065,-0.695443894,29,0.154560000,-46,3.390000,-30,0.000000000,2048,0.000000000,0,12.400,33,16567,1,0,
113918962883866,113918961365103,113918961783838,113918962883866,1843,18.430000000,center_after_minus_a3,state,0,0.000000000,2048,-0.026077673,2065,-0.671463070,28,0.147840000,-44,8.475000,-75,0.000000000,2048,0.000000000,0,12.400,33,16577,1,0,
113918972888033,113918971325291,113918971773010,113918972888033,1844,18.440000000,center_after_minus_a3,state,0,0.000000000,2048,-0.024543693,2064,-0.599520598,25,0.144480000,-43,17.741000,-157,0.000000000,2048,0.000000000,0,12.400,33,16587,1,0,
113918982880041,113918981325194,113918981771737,113918982880041,1845,18.450000000,center_after_minus_a3,state,0,0.000000000,2048,-0.019941750,2061,-0.479616478,20,0.117600000,-35,17.854000,-158,0.000000000,2048,0.000000000,0,12.300,33,16596,1,0,
113918992858874,113918991325553,113918991771564,113918992858874,1846,18.460000000,center_after_minus_a3,state,0,0.000000000,2048,-0.013805827,2057,-0.287769887,12,0.077280000,-23,20.453000,-181,0.000000000,2048,0.000000000,0,12.500,33,16606,1,1,
113919002880342,113919001324204,113919001767025,113919002880342,1847,18.470000000,center_after_minus_a3,state,0,0.000000000,2048,-0.003067962,2050,-0.071942472,3,0.030240000,-9,22.148000,-196,0.000000000,2048,0.000000000,0,12.400,33,16616,0,1,
113919012874626,113919011324268,113919011768905,113919012874626,1848,18.480000000,center_after_minus_a3,state,0,0.000000000,2048,0.009203885,2042,0.119904120,-5,0.073920000,-22,5.198000,-46,0.000000000,2048,0.000000000,0,12.300,33,16626,0,1,
113919022857550,113919021323729,113919021767479,113919022857550,1849,18.490000000,center_after_minus_a3,state,0,0.000000000,2048,0.016873789,2037,0.311750711,-13,-0.006720000,2,1.695000,-15,0.000000000,2048,0.000000000,0,12.400,33,16636,1,1,
113919032865862,113919031324884,113919031770387,113919032865862,1850,18.500000000,center_after_minus_a3,state,0,0.000000000,2048,0.021475731,2034,0.479616478,-20,-0.107520000,32,3.051000,-27,0.000000000,2048,0.000000000,0,12.400,33,16646,1,0,
113919042854858,113919041324238,113919041774342,113919042854858,1851,18.510000000,center_after_minus_a3,state,0,0.000000000,2048,0.023009712,2033,0.599520598,-25,-0.120960000,36,-1.243000,11,0.000000000,2048,0.000000000,0,12.400,33,16656,1,0,
113919052832993,113919051324009,113919051766860,113919052832993,1852,18.520000000,center_after_minus_a3,state,0,0.000000000,2048,0.023009712,2033,0.623501422,-26,-0.120960000,36,-7.119000,63,0.000000000,2048,0.000000000,0,12.400,33,16666,1,0,
113919062855527,113919061327052,113919061749074,113919062855527,1853,18.530000000,center_after_minus_a3,state,0,0.000000000,2048,0.023009712,2033,0.599520598,-25,-0.127680000,38,-15.029000,133,0.000000000,2048,0.000000000,0,12.400,33,16676,1,0,
113919072835734,113919071324407,113919071767490,113919072835734,1854,18.540000000,center_after_minus_a3,state,0,0.000000000,2048,0.016873789,2037,0.503597302,-21,-0.104160000,31,-17.402000,154,0.000000000,2048,0.000000000,0,12.300,33,16686,1,1,
113919082857988,113919081324402,113919081770539,113919082857988,1855,18.550000000,center_after_minus_a3,state,0,0.000000000,2048,0.009203885,2042,0.311750711,-13,-0.060480000,18,-19.436000,172,0.000000000,2048,0.000000000,0,12.300,33,16696,1,1,
113919092834230,113919091325115,113919091768449,113919092834230,1856,18.560000000,center_after_minus_a3,state,0,0.000000000,2048,0.003067962,2046,0.119904120,-5,-0.016800000,5,-21.244000,188,0.000000000,2048,0.000000000,0,12.400,33,16706,0,1,
113919102841027,113919101324842,113919101764379,113919102841027,1857,18.570000000,center_after_minus_a3,state,0,0.000000000,2048,-0.007669904,2053,-0.071942472,3,-0.057120000,17,-8.814000,78,0.000000000,2048,0.000000000,0,12.400,33,16716,0,1,
113919112844846,113919111324645,113919111743452,113919112844846,1858,18.580000000,center_after_minus_a3,state,0,0.000000000,2048,-0.015339808,2058,-0.263789063,11,-0.033600000,10,-4.407000,39,0.000000000,2048,0.000000000,0,12.300,33,16726,1,1,
113919122849764,113919121324048,113919121745197,113919122849764,1859,18.590000000,center_after_minus_a3,state,0,0.000000000,2048,-0.019941750,2061,-0.431654831,18,0.208320000,-62,-0.452000,4,0.000000000,2048,0.000000000,0,12.400,33,16736,1,0,
113919132830047,113919131323569,113919131744290,113919132830047,1860,18.600000000,center_after_minus_a3,state,0,0.000000000,2048,-0.023009712,2063,-0.527578126,22,0.141120000,-42,0.452000,-4,0.000000000,2048,0.000000000,0,12.400,33,16746,1,0,
113919142838950,113919141328533,113919141747407,113919142838950,1861,18.610000000,center_after_minus_a3,state,0,0.000000000,2048,-0.021475731,2062,-0.575539774,24,0.137760000,-41,3.729000,-33,0.000000000,2048,0.000000000,0,12.400,33,16756,1,0,
113919152833863,113919151325108,113919151744051,113919152833863,1862,18.620000000,center_after_minus_a3,state,0,0.000000000,2048,-0.021475731,2062,-0.527578126,22,0.090720000,-27,11.187000,-99,0.000000000,2048,0.000000000,0,12.400,33,16766,1,0,
113919162858852,113919161332001,113919161761183,113919162858852,1863,18.630000000,center_after_minus_a3,state,0,0.000000000,2048,-0.019941750,2061,-0.455635655,19,0.120960000,-36,13.899000,-123,0.000000000,2048,0.000000000,0,12.300,33,16776,1,0,
113919172840626,113919171325952,113919171750156,113919172840626,1864,18.640000000,center_after_minus_a3,state,0,0.000000000,2048,-0.010737866,2055,-0.311750711,13,0.073920000,-22,17.628000,-156,0.000000000,2048,0.000000000,0,12.300,33,16786,1,1,
113919182841964,113919181324988,113919181748061,113919182841964,1865,18.650000000,center_after_minus_a3,state,0,0.000000000,2048,-0.007669904,2053,-0.143884944,6,0.043680000,-13,20.114000,-178,0.000000000,2048,0.000000000,0,12.400,33,16796,0,1,
113919192845719,113919191329740,113919191753770,113919192845719,1866,18.660000000,center_after_minus_a3,state,0,0.000000000,2048,0.003067962,2046,0.023980824,-1,0.013440000,-4,18.645000,-165,0.000000000,2048,0.000000000,0,12.500,33,16806,0,1,
113919203875056,113919201348084,113919202789789,113919203875056,1867,18.670000000,center_after_minus_a3,state,0,0.000000000,2048,0.012271846,2040,0.239808239,-10,-0.252000000,75,6.667000,-59,0.000000000,2048,0.000000000,0,12.400,33,16818,0,1,
113919212864125,113919211332771,113919211758621,113919212864125,1868,18.680000000,center_after_minus_a3,state,0,0.000000000,2048,0.018407769,2036,0.359712359,-15,0.036960000,-11,1.469000,-13,0.000000000,2048,0.000000000,0,12.400,33,16826,1,0,
113919222880022,113919221337302,113919221758256,113919222880022,1869,18.690000000,center_after_minus_a3,state,0,0.000000000,2048,0.021475731,2034,0.479616478,-20,-0.100800000,30,-0.904000,8,0.000000000,2048,0.000000000,0,12.400,33,16836,1,0,
113919232842594,113919231325308,113919231751355,113919232842594,1870,18.700000000,center_after_minus_a3,state,0,0.000000000,2048,0.021475731,2034,0.551558950,-23,-0.107520000,32,-4.068000,36,0.000000000,2048,0.000000000,0,12.400,33,16846,1,0,
113919242842123,113919241327185,113919241748586,113919242842123,1871,18.710000000,center_after_minus_a3,state,0,0.000000000,2048,0.021475731,2034,0.527578126,-22,-0.097440000,29,-12.204000,108,0.000000000,2048,0.000000000,0,12.400,33,16856,1,0,
113919252828358,113919251324644,113919251747620,113919252828358,1872,18.720000000,center_after_minus_a3,state,0,0.000000000,2048,0.018407769,2036,0.479616478,-20,-0.107520000,32,-16.498000,146,0.000000000,2048,0.000000000,0,12.400,33,16866,1,0,
113919262844112,113919261328017,113919261758833,113919262844112,1873,18.730000000,center_after_minus_a3,state,0,0.000000000,2048,0.010737866,2041,0.359712359,-15,-0.067200000,20,-17.741000,157,0.000000000,2048,0.000000000,0,12.300,33,16876,1,1,
113919272838466,113919271326610,113919271752681,113919272838466,1874,18.740000000,center_after_minus_a3,state,0,0.000000000,2048,0.006135923,2044,0.167865767,-7,-0.040320000,12,-19.775000,175,0.000000000,2048,0.000000000,0,12.400,33,16886,0,1,
113919282831273,113919281324320,113919281749263,113919282831273,1875,18.750000000,center_after_minus_a3,state,0,0.000000000,2048,-0.004601942,2051,0.000000000,0,-0.013440000,4,-17.515000,155,0.000000000,2048,0.000000000,0,12.500,33,16896,0,1,
113919292832010,113919291324210,113919291747727,113919292832010,1876,18.760000000,center_after_minus_a3,state,0,0.000000000,2048,-0.012271846,2056,-0.191846591,8,0.033600000,-10,-5.537000,49,0.000000000,2048,0.000000000,0,12.500,33,16906,0,1,
113919302861950,113919301326644,113919301747972,113919302861950,1877,18.770000000,center_after_minus_a3,state,0,0.000000000,2048,-0.018407769,2060,-0.359712359,15,0.124320000,-37,-5.424000,48,0.000000000,2048,0.000000000,0,12.400,33,16916,1,0,
113919312836820,113919311326167,113919311751382,113919312836820,1878,18.780000000,center_after_minus_a3,state,0,0.000000000,2048,-0.019941750,2061,-0.479616478,20,0.084000000,-25,0.226000,-2,0.000000000,2048,0.000000000,0,12.400,33,16926,1,0,
113919322835443,113919321325092,113919321749099,113919322835443,1879,18.790000000,center_after_minus_a3,state,0,0.000000000,2048,-0.021475731,2062,-0.527578126,22,0.124320000,-37,3.503000,-31,0.000000000,2048,0.000000000,0,12.400,33,16936,1,0,
113919332833583,113919331324662,113919331747658,113919332833583,1880,18.800000000,center_after_minus_a3,state,0,0.000000000,2048,-0.019941750,2061,-0.503597302,21,0.107520000,-32,8.475000,-75,0.000000000,2048,0.000000000,0,12.400,33,16946,1,0,
113919342831325,113919341326358,113919341745922,113919342831325,1881,18.810000000,center_after_minus_a3,state,0,0.000000000,2048,-0.019941750,2061,-0.455635655,19,0.110880000,-33,16.837000,-149,0.000000000,2048,0.000000000,0,12.500,33,16956,1,0,
113919352828977,113919351324139,113919351742453,113919352828977,1882,18.820000000,center_after_minus_a3,state,0,0.000000000,2048,-0.012271846,2056,-0.335731535,14,0.047040000,-14,16.159000,-143,0.000000000,2048,0.000000000,0,12.400,33,16966,1,1,
113919362842650,113919361330844,113919361754611,113919362842650,1883,18.830000000,center_after_minus_a3,state,0,0.000000000,2048,-0.006135923,2052,-0.167865767,7,0.036960000,-11,18.645000,-165,0.000000000,2048,0.000000000,0,12.400,33,16976,0,1,
113919372827201,113919371326527,113919371790049,113919372827201,1884,18.840000000,center_after_minus_a3,state,0,0.000000000,2048,0.000000000,2048,0.000000000,0,0.016800000,-5,19.775000,-175,0.000000000,2048,0.000000000,0,12.400,33,16986,0,1,
113919382829943,113919381324411,113919381746906,113919382829943,1885,18.850000000,center_after_minus_a3,state,0,0.000000000,2048,0.009203885,2042,0.143884944,-6,0.047040000,-14,10.735000,-95,0.000000000,2048,0.000000000,0,12.400,33,16996,0,1,
113919392840648,113919391325544,113919391752901,113919392840648,1886,18.860000000,center_after_minus_a3,state,0,0.000000000,2048,0.015339808,2038,0.311750711,-13,-0.104160000,31,0.565000,-5,0.000000000,2048,0.000000000,0,12.400,33,17006,1,1,
113919402836755,113919401322891,113919401744886,113919402836755,1887,18.870000000,center_after_minus_a3,state,0,0.000000000,2048,0.018407769,2036,0.431654831,-18,-0.104160000,31,0.113000,-1,0.000000000,2048,0.000000000,0,12.400,33,17016,1,0,
113919412841201,113919411327713,113919411748734,113919412841201,1888,18.880000000,center_after_minus_a3,state,0,0.000000000,2048,0.019941750,2035,0.503597302,-21,-0.100800000,30,-3.390000,30,0.000000000,2048,0.000000000,0,12.400,33,17026,1,0,
113919422837575,113919421325664,113919421750192,113919422837575,1889,18.890000000,center_after_minus_a3,state,0,0.000000000,2048,0.019941750,2035,0.503597302,-21,-0.097440000,29,-9.944000,88,0.000000000,2048,0.000000000,0,12.400,33,17036,1,0,
113919432827830,113919431324390,113919431746878,113919432827830,1890,18.900000000,center_after_minus_a3,state,0,0.000000000,2048,0.018407769,2036,0.455635655,-19,-0.097440000,29,-15.933000,141,0.000000000,2048,0.000000000,0,12.300,33,17046,1,0,
113919442836753,113919441325633,113919441745772,113919442836753,1891,18.910000000,center_after_minus_a3,state,0,0.000000000,2048,0.012271846,2040,0.359712359,-15,-0.073920000,22,-17.176000,152,0.000000000,2048,0.000000000,0,12.400,33,17056,1,1,
113919452816208,113919451323968,113919451747497,113919452816208,1892,18.920000000,center_after_minus_a3,state,0,0.000000000,2048,0.006135923,2044,0.191846591,-8,-0.033600000,10,-18.984000,168,0.000000000,2048,0.000000000,0,12.400,33,17066,0,1,
113919462824082,113919461325755,113919461753630,113919462824082,1893,18.930000000,center_after_minus_a3,state,0,0.000000000,2048,-0.001533981,2049,0.023980824,-1,-0.003360000,1,-19.662000,174,0.000000000,2048,0.000000000,0,12.400,33,17076,0,1,
113919472831067,113919471326535,113919471751077,113919472831067,1894,18.940000000,center_after_minus_a3,state,0,0.000000000,2048,-0.010737866,2055,-0.143884944,6,0.174720000,-52,-1.017000,9,0.000000000,2048,0.000000000,0,12.500,33,17086,0,1,
113919482831648,113919481325382,113919481746748,113919482831648,1895,18.950000000,center_after_minus_a3,state,0,0.000000000,2048,-0.016873789,2059,-0.311750711,13,0.225120000,-67,-2.260000,20,0.000000000,2048,0.000000000,0,12.500,33,17096,1,1,
113919492818976,113919491325140,113919491750205,113919492818976,1896,18.960000000,center_after_minus_a3,state,0,0.000000000,2048,-0.019941750,2061,-0.431654831,18,0.157920000,-47,0.452000,-4,0.000000000,2048,0.000000000,0,12.500,33,17106,1,0,
113919502836344,113919501323035,113919501742366,113919502836344,1897,18.970000000,center_after_minus_a3,state,0,0.000000000,2048,-0.021475731,2062,-0.503597302,21,0.114240000,-34,2.712000,-24,0.000000000,2048,0.000000000,0,12.500,33,17116,1,0,
113919512811364,113919511326032,113919511730036,113919512811364,1898,18.980000000,center_after_minus_a3,state,0,0.000000000,2048,-0.019941750,2061,-0.503597302,21,0.120960000,-36,6.328000,-56,0.000000000,2048,0.000000000,0,12.500,33,17126,1,0,
113919522749632,113919521324664,113919521749546,113919522749632,1899,18.990000000,center_after_minus_a3,hardware_error,0,0.000000000,2048,,,,,,,,,,,,,,,,,,0
113919532822768,113919531323689,113919531719760,113919532822768,1900,19.000000000,center_after_minus_a3,state,0,0.000000000,2048,-0.015339808,2058,-0.383693183,16,0.107520000,-32,15.820000,-140,0.000000000,2048,0.000000000,0,12.400,33,17146,1,1,
113919542838601,113919541330582,113919541723294,113919542838601,1901,19.010000000,center_after_minus_a3,state,0,0.000000000,2048,-0.007669904,2053,-0.215827415,9,0.057120000,-17,17.854000,-158,0.000000000,2048,0.000000000,0,12.400,33,17156,0,1,
113919552809744,113919551325270,113919551734723,113919552809744,1902,19.020000000,center_after_minus_a3,state,0,0.000000000,2048,-0.003067962,2050,-0.023980824,1,0.013440000,-4,19.775000,-175,0.000000000,2048,0.000000000,0,12.400,33,17166,0,1,
113919562837127,113919561334332,113919561737783,113919562837127,1903,19.030000000,center_after_minus_a3,state,0,0.000000000,2048,0.006135923,2044,0.119904120,-5,0.063840000,-19,4.520000,-40,0.000000000,2048,0.000000000,0,12.400,33,17176,0,1,
113919572821697,113919571330445,113919571734119,113919572821697,1904,19.040000000,center_after_minus_a3,state,0,0.000000000,2048,0.013805827,2039,0.263789063,-11,-0.016800000,5,1.469000,-13,0.000000000,2048,0.000000000,0,12.400,33,17186,1,1,
113919582819187,113919581346520,113919581763095,113919582819187,1905,19.050000000,center_after_minus_a3,state,0,0.000000000,2048,0.018407769,2036,0.407674007,-17,-0.117600000,35,0.000000,0,0.000000000,2048,0.000000000,0,12.400,33,17196,1,0,
113919592823518,113919591327753,113919591728512,113919592823518,1906,19.060000000,center_after_minus_a3,state,0,0.000000000,2048,0.019941750,2035,0.479616478,-20,-0.110880000,33,-1.921000,17,0.000000000,2048,0.000000000,0,12.400,33,17206,1,0,
113919602809674,113919601323190,113919601723809,113919602809674,1907,19.070000000,center_after_minus_a3,state,0,0.000000000,2048,0.019941750,2035,0.503597302,-21,-0.104160000,31,-7.910000,70,0.000000000,2048,0.000000000,0,12.400,33,17216,1,0,
113919612808196,113919611324051,113919611723502,113919612808196,1908,19.080000000,center_after_minus_a3,state,0,0.000000000,2048,0.019941750,2035,0.479616478,-20,-0.100800000,30,-14.464000,128,0.000000000,2048,0.000000000,0,12.400,33,17226,1,0,
113919622814431,113919621323450,113919621722226,113919622814431,1909,19.090000000,center_after_minus_a3,state,0,0.000000000,2048,0.013805827,2039,0.383693183,-16,-0.084000000,25,-16.950000,150,0.000000000,2048,0.000000000,0,12.400,33,17236,1,1,
113919632806863,113919631324887,113919631723101,113919632806863,1910,19.100000000,center_after_minus_a3,state,0,0.000000000,2048,0.007669904,2043,0.239808239,-10,-0.026880000,8,-18.419000,163,0.000000000,2048,0.000000000,0,12.500,33,17246,0,1,
113919642808931,113919641324509,113919641726248,113919642808931,1911,19.110000000,center_after_minus_a3,state,0,0.000000000,2048,0.001533981,2047,0.071942472,-3,-0.016800000,5,-19.888000,176,0.000000000,2048,0.000000000,0,12.400,33,17256,0,1,
113919652831780,113919651324653,113919651723972,113919652831780,1912,19.120000000,center_after_minus_a3,state,0,0.000000000,2048,-0.009203885,2054,-0.095923296,4,0.127680000,-38,-13.673000,121,0.000000000,2048,0.000000000,0,12.400,33,17266,0,1,
113919662845348,113919661334309,113919661736011,113919662845348,1913,19.130000000,center_after_minus_a3,state,0,0.000000000,2048,-0.015339808,2058,-0.263789063,11,0.030240000,-9,-2.260000,20,0.000000000,2048,0.000000000,0,12.400,33,17276,1,1,
113919672823257,113919671328176,113919671738119,113919672823257,1914,19.140000000,center_after_minus_a3,state,0,0.000000000,2048,-0.019941750,2061,-0.407674007,17,0.258720000,-77,-0.678000,6,0.000000000,2048,0.000000000,0,12.400,33,17286,1,0,
113919682817639,113919681324521,113919681728441,113919682817639,1915,19.150000000,center_after_minus_a3,state,0,0.000000000,2048,-0.019941750,2061,-0.479616478,20,0.120960000,-36,1.582000,-14,0.000000000,2048,0.000000000,0,12.400,33,17296,1,0,
113919692807681,113919691325880,113919691727538,113919692807681,1916,19.160000000,center_after_minus_a3,state,0,0.000000000,2048,-0.019941750,2061,-0.503597302,21,0.107520000,-32,6.102000,-54,0.000000000,2048,0.000000000,0,12.400,33,17306,1,0,
113919702806301,113919701324254,113919701722230,113919702806301,1917,19.170000000,center_after_minus_a3,state,0,0.000000000,2048,-0.019941750,2061,-0.455635655,19,0.090720000,-27,12.882000,-114,0.000000000,2048,0.000000000,0,12.400,33,17316,1,0,
113919712810284,113919711324825,113919711723798,113919712810284,1918,19.180000000,center_after_minus_a3,state,0,0.000000000,2048,-0.016873789,2059,-0.383693183,16,0.104160000,-31,14.464000,-128,0.000000000,2048,0.000000000,0,12.400,33,17326,1,1,
113919722812955,113919721323837,113919721726171,113919722812955,1919,19.190000000,center_after_minus_a3,state,0,0.000000000,2048,-0.009203885,2054,-0.263789063,11,0.047040000,-14,17.063000,-151,0.000000000,2048,0.000000000,0,12.500,33,17336,1,1,
113919732808125,113919731323513,113919731723404,113919732808125,1920,19.200000000,center_after_minus_a3,state,0,0.000000000,2048,-0.001533981,2049,-0.071942472,3,0.013440000,-4,19.436000,-172,0.000000000,2048,0.000000000,0,12.500,33,17346,0,1,
113919742831233,113919741326627,113919741728983,113919742831233,1921,19.210000000,center_after_minus_a3,state,0,0.000000000,2048,0.004601942,2045,0.071942472,-3,0.030240000,-9,13.786000,-122,0.000000000,2048,0.000000000,0,12.400,33,17356,0,1,
113919752837657,113919751324800,113919751739377,113919752837657,1922,19.220000000,center_after_minus_a3,state,0,0.000000000,2048,0.012271846,2040,0.239808239,-10,-0.238560000,71,4.068000,-36,0.000000000,2048,0.000000000,0,12.300,33,17366,0,1,
113919763851423,113919761333998,113919762734429,113919763851423,1923,19.230000000,center_after_minus_a3,state,0,0.000000000,2048,0.016873789,2037,0.383693183,-16,-0.147840000,44,0.452000,-4,0.000000000,2048,0.000000000,0,12.400,33,17377,1,1,
113919772822528,113919771326647,113919771737158,113919772822528,1924,19.240000000,center_after_minus_a3,state,0,0.000000000,2048,0.019941750,2035,0.455635655,-19,-0.110880000,33,-1.130000,10,0.000000000,2048,0.000000000,0,12.400,33,17386,1,0,
113919782819730,113919781324864,113919781728584,113919782819730,1925,19.250000000,center_after_minus_a3,state,0,0.000000000,2048,0.019941750,2035,0.503597302,-21,-0.090720000,27,-5.876000,52,0.000000000,2048,0.000000000,0,12.400,33,17396,1,0,
113919793853498,113919791406918,113919792743089,113919793853498,1926,19.260000000,center_after_minus_a3,state,0,0.000000000,2048,0.018407769,2036,0.479616478,-20,-0.104160000,31,-13.447000,119,0.000000000,2048,0.000000000,0,12.400,33,17407,1,0,
113919803839624,113919801347248,113919802741275,113919803839624,1927,19.270000000,center_after_minus_a3,state,0,0.000000000,2048,0.015339808,2038,0.383693183,-16,-0.087360000,26,-16.611000,147,0.000000000,2048,0.000000000,0,12.300,33,17417,1,1,
113919813849253,113919811417691,113919812885466,113919813849253,1928,19.280000000,center_after_minus_a3,state,0,0.000000000,2048,0.007669904,2043,0.239808239,-10,-0.036960000,11,-17.967000,159,0.000000000,2048,0.000000000,0,12.200,33,17428,0,1,
113919823857676,113919821415738,113919822742863,113919823857676,1929,19.290000000,center_after_minus_a3,state,0,0.000000000,2048,0.001533981,2047,0.095923296,-4,-0.020160000,6,-19.549000,173,0.000000000,2048,0.000000000,0,12.500,33,17437,0,1,
113919833843065,113919831405842,113919832765816,113919833843065,1930,19.300000000,center_after_minus_a3,state,0,0.000000000,2048,-0.007669904,2053,-0.071942472,3,0.268800000,-80,-10.057000,89,0.000000000,2048,0.000000000,0,12.400,33,17447,0,1,
113919843842523,113919841401766,113919842738722,113919843842523,1931,19.310000000,center_after_minus_a3,state,0,0.000000000,2048,-0.013805827,2057,-0.239808239,10,0.053760000,-16,-4.520000,40,0.000000000,2048,0.000000000,0,12.400,33,17457,0,1,
113919853844048,113919851403133,113919852748600,113919853844048,1932,19.320000000,center_after_minus_a3,state,0,0.000000000,2048,-0.018407769,2060,-0.383693183,16,0.191520000,-57,-0.791000,7,0.000000000,2048,0.000000000,0,12.400,33,17467,1,0,
113919863837946,113919861347954,113919862745464,113919863837946,1933,19.330000000,center_after_minus_a3,state,0,0.000000000,2048,-0.019941750,2061,-0.479616478,20,0.114240000,-34,2.938000,-26,0.000000000,2048,0.000000000,0,12.400,33,17477,1,0,
113919873833462,113919871407082,113919872739892,113919873833462,1934,19.340000000,center_after_minus_a3,state,0,0.000000000,2048,-0.019941750,2061,-0.503597302,21,0.117600000,-35,6.215000,-55,0.000000000,2048,0.000000000,0,12.300,33,17487,1,0,
113919883835182,113919881406297,113919882745177,113919883835182,1935,19.350000000,center_after_minus_a3,state,0,0.000000000,2048,-0.019941750,2061,-0.455635655,19,0.090720000,-27,14.238000,-126,0.000000000,2048,0.000000000,0,12.500,33,17497,1,0,
113919893838975,113919891414071,113919892739282,113919893838975,1936,19.360000000,center_after_minus_a3,state,0,0.000000000,2048,-0.013805827,2057,-0.383693183,16,0.097440000,-29,14.238000,-126,0.000000000,2048,0.000000000,0,12.500,33,17507,1,1,
113919903838144,113919901404722,113919902741102,113919903838144,1937,19.370000000,center_after_minus_a3,state,0,0.000000000,2048,-0.007669904,2053,-0.239808239,10,0.050400000,-15,17.741000,-157,0.000000000,2048,0.000000000,0,12.300,33,17517,0,1,
113919913826408,113919911415105,113919912722925,113919913826408,1938,19.380000000,center_after_minus_a3,state,0,0.000000000,2048,0.000000000,2048,-0.047961648,2,0.010080000,-3,18.532000,-164,0.000000000,2048,0.000000000,0,12.200,33,17527,0,1,
113919923832631,113919921335810,113919922711907,113919923832631,1939,19.390000000,center_after_minus_a3,state,0,0.000000000,2048,0.006135923,2044,0.095923296,-4,-0.087360000,26,11.187000,-99,0.000000000,2048,0.000000000,0,12.500,33,17537,0,1,
113919933820367,113919931416001,113919932725900,113919933820367,1940,19.400000000,center_after_minus_a3,state,0,0.000000000,2048,0.012271846,2040,0.239808239,-10,-0.060480000,18,3.503000,-31,0.000000000,2048,0.000000000,0,12.500,33,17547,0,1,
113919943819235,113919941408120,113919942723615,113919943819235,1941,19.410000000,center_after_minus_a3,state,0,0.000000000,2048,0.015339808,2038,0.359712359,-15,0.023520000,-7,0.113000,-1,0.000000000,2048,0.000000000,0,12.500,33,17557,1,1,
113919953843263,113919951337143,113919952703506,113919953843263,1942,19.420000000,center_after_minus_a3,state,0,0.000000000,2048,0.016873789,2037,0.431654831,-18,-0.080640000,24,-1.695000,15,0.000000000,2048,0.000000000,0,12.500,33,17567,1,1,
113919963832245,113919961347933,113919962735231,113919963832245,1943,19.430000000,center_after_minus_a3,state,0,0.000000000,2048,0.015339808,2038,0.455635655,-19,-0.077280000,23,-6.102000,54,0.000000000,2048,0.000000000,0,12.500,33,17577,1,1,
113919972805792,113919971328006,113919971711638,113919972805792,1944,19.440000000,center_after_minus_a3,state,0,0.000000000,2048,0.015339808,2038,0.407674007,-17,-0.070560000,21,-11.978000,106,0.000000000,2048,0.000000000,0,12.200,33,17586,1,1,
113919982703345,113919981390600,113919981674901,113919982703345,1945,19.450000000,center_after_minus_a3,state,0,0.000000000,2048,0.010737866,2041,0.335731535,-14,-0.067200000,20,-15.142000,134,0.000000000,2048,0.000000000,0,12.500,33,17596,1,1,
113919993701342,113919991402612,113919992676628,113919993701342,1946,19.460000000,center_after_minus_a3,state,0,0.000000000,2048,0.004601942,2045,0.191846591,-8,-0.026880000,8,-17.176000,152,0.000000000,2048,0.000000000,0,12.400,33,17607,0,1,
113920003715861,113920001424591,113920002676601,113920003715861,1947,19.470000000,center_after_minus_a3,state,0,0.000000000,2048,-0.001533981,2049,0.047961648,-2,-0.003360000,1,-18.532000,164,0.000000000,2048,0.000000000,0,12.200,33,17617,0,1,
113920013714724,113920011391962,113920012682268,113920013714724,1948,19.480000000,center_after_minus_a3,state,0,0.000000000,2048,-0.010737866,2055,-0.095923296,4,-0.020160000,6,-1.695000,15,0.000000000,2048,0.000000000,0,12.400,33,17627,0,1,
113920022733697,113920021389539,113920021733775,113920022733697,1949,19.490000000,center_after_minus_a3,state,0,0.000000000,2048,-0.015339808,2058,-0.239808239,10,0.070560000,-21,-2.712000,24,0.000000000,2048,0.000000000,0,12.400,33,17636,0,1,
