host_time_ns,tx_start_ns,tx_end_ns,rx_end_ns,cycle_index,time_s,phase,acquisition_kind,overrun_ns,q_cmd_rad,goal_position_tick,q_present_rad,present_position_tick,dq_present_rad_s,present_velocity_raw,current_A_joint,present_current_raw,pwm_percent,present_pwm_raw,position_trajectory_rad,position_trajectory_tick,velocity_trajectory_rad_s,velocity_trajectory_raw,input_voltage_V,temperature_C,realtime_tick_ms,moving,moving_status,hardware_error
113935068960491,113935067366686,113935067933720,113935068960491,0,0.000000000,center,state,0,0.000000000,2048,0.001533981,2047,0.000000000,0,-0.006720000,2,-0.904000,8,0.000000000,2048,0.000000000,0,12.400,33,32681,0,1,
113935078936323,113935077429413,113935077914670,113935078936323,1,0.010000000,center,state,0,0.000000000,2048,0.001533981,2047,0.000000000,0,-0.006720000,2,-1.017000,9,0.000000000,2048,0.000000000,0,12.400,33,32691,0,1,
113935088946134,113935087427406,113935087915093,113935088946134,2,0.020000000,center,state,0,0.000000000,2048,0.001533981,2047,0.000000000,0,-0.006720000,2,-1.130000,10,0.000000000,2048,0.000000000,0,12.400,33,32701,0,1,
113935098991213,113935097440888,113935097941436,113935098991213,3,0.030000000,center,state,0,0.000000000,2048,0.001533981,2047,0.000000000,0,-0.006720000,2,-1.017000,9,0.000000000,2048,0.000000000,0,12.400,33,32711,0,1,
113935108970130,113935107421047,113935107922128,113935108970130,4,0.040000000,center,state,0,0.000000000,2048,0.001533981,2047,0.000000000,0,-0.006720000,2,-0.904000,8,0.000000000,2048,0.000000000,0,12.400,33,32721,0,1,
113935119007300,113935117428461,113935117940533,113935119007300,5,0.050000000,center,state,0,0.000000000,2048,0.001533981,2047,0.000000000,0,-0.003360000,1,-1.017000,9,0.000000000,2048,0.000000000,0,12.400,33,32731,0,1,
113935129056877,113935127432588,113935127962769,113935129056877,6,0.060000000,center,state,0,0.000000000,2048,0.001533981,2047,0.000000000,0,-0.003360000,1,-1.017000,9,0.000000000,2048,0.000000000,0,12.400,33,32741,0,1,
113935139050777,113935137431107,113935137956799,113935139050777,7,0.070000000,center,state,0,0.000000000,2048,0.001533981,2047,0.000000000,0,-0.003360000,1,-1.017000,9,0.000000000,2048,0.000000000,0,12.400,33,32751,0,1,
113935149061364,113935147434001,113935147963099,113935149061364,8,0.080000000,center,state,0,0.000000000,2048,0.001533981,2047,0.000000000,0,-0.003360000,1,-1.017000,9,0.000000000,2048,0.000000000,0,12.400,33,32761,0,1,
113935159122587,113935157430536,113935157956174,113935159122587,9,0.090000000,center,state,0,0.000000000,2048,0.001533981,2047,0.000000000,0,-0.003360000,1,-0.904000,8,0.000000000,2048,0.000000000,0,12.400,33,3,0,1,
113935169054364,113935167430318,113935167961273,113935169054364,10,0.100000000,center,state,0,0.000000000,2048,0.001533981,2047,0.000000000,0,-0.003360000,1,-1.017000,9,0.000000000,2048,0.000000000,0,12.400,33,13,0,1,
113935179064979,113935177428399,113935177961872,113935179064979,11,0.110000000,center,state,0,0.000000000,2048,0.001533981,2047,0.000000000,0,-0.003360000,1,-1.017000,9,0.000000000,2048,0.000000000,0,12.400,33,23,0,1,
113935189065041,113935187428856,113935187963179,113935189065041,12,0.120000000,center,state,0,0.000000000,2048,0.000000000,2048,0.000000000,0,-0.003360000,1,-1.017000,9,0.000000000,2048,0.000000000,0,12.400,33,33,0,1,
113935199058641,113935197429132,113935197959834,113935199058641,13,0.130000000,center,state,0,0.000000000,2048,0.001533981,2047,0.000000000,0,0.000000000,0,-0.904000,8,0.000000000,2048,0.000000000,0,12.400,33,43,0,1,
113935209073473,113935207428224,113935207958979,113935209073473,14,0.140000000,center,state,0,0.000000000,2048,0.001533981,2047,0.000000000,0,-0.006720000,2,-1.017000,9,0.000000000,2048,0.000000000,0,12.400,33,53,0,1,
113935219044541,113935217426721,113935217961991,113935219044541,15,0.150000000,center,state,0,0.000000000,2048,0.001533981,2047,0.000000000,0,-0.003360000,1,-0.791000,7,0.000000000,2048,0.000000000,0,12.400,33,63,0,1,
113935229065314,113935227426681,113935227942781,113935229065314,16,0.160000000,center,state,0,0.000000000,2048,0.001533981,2047,0.000000000,0,-0.003360000,1,-1.017000,9,0.000000000,2048,0.000000000,0,12.400,33,73,0,1,
113935239041841,113935237430085,113935237936668,113935239041841,17,0.170000000,center,state,0,0.000000000,2048,0.001533981,2047,0.000000000,0,-0.003360000,1,-1.017000,9,0.000000000,2048,0.000000000,0,12.400,33,83,0,1,
113935249065674,113935247426336,113935247953231,113935249065674,18,0.180000000,center,state,0,0.000000000,2048,0.001533981,2047,0.000000000,0,-0.003360000,1,-1.017000,9,0.000000000,2048,0.000000000,0,12.400,33,93,0,1,
113935259069168,113935257429500,113935257938465,113935259069168,19,0.190000000,center,state,0,0.000000000,2048,0.001533981,2047,0.000000000,0,-0.006720000,2,-1.017000,9,0.000000000,2048,0.000000000,0,12.400,33,103,0,1,
113935269059005,113935267431453,113935267937540,113935269059005,20,0.200000000,center,state,0,0.000000000,2048,0.001533981,2047,0.000000000,0,-0.006720000,2,-0.904000,8,0.000000000,2048,0.000000000,0,12.400,33,113,0,1,
113935279137430,113935277436069,113935277967469,113935279137430,21,0.210000000,center,state,0,0.000000000,2048,0.001533981,2047,0.000000000,0,-0.003360000,1,-1.017000,9,0.000000000,2048,0.000000000,0,12.400,33,123,0,1,
113935289052132,113935287439194,113935287943885,113935289052132,22,0.220000000,center,state,0,0.000000000,2048,0.001533981,2047,0.000000000,0,-0.006720000,2,-0.904000,8,0.000000000,2048,0.000000000,0,12.400,33,133,0,1,
113935299055815,113935297442395,113935297947371,113935299055815,23,0.230000000,center,state,0,0.000000000,2048,0.001533981,2047,0.000000000,0,-0.003360000,1,-1.017000,9,0.000000000,2048,0.000000000,0,12.400,33,143,0,1,
113935309034570,113935307433173,113935307939812,113935309034570,24,0.240000000,center,state,0,0.000000000,2048,0.001533981,2047,0.000000000,0,0.000000000,0,-1.017000,9,0.000000000,2048,0.000000000,0,12.400,33,153,0,1,
113935319059116,113935317450241,113935317944788,113935319059116,25,0.250000000,center,state,0,0.000000000,2048,0.001533981,2047,0.000000000,0,-0.003360000,1,-1.017000,9,0.000000000,2048,0.000000000,0,12.400,33,163,0,1,
113935329099902,113935327429397,113935327956365,113935329099902,26,0.260000000,center,state,0,0.000000000,2048,0.001533981,2047,0.000000000,0,-0.003360000,1,-0.791000,7,0.000000000,2048,0.000000000,0,12.400,33,173,0,1,
113935339033676,113935337441414,113935337939773,113935339033676,27,0.270000000,center,state,0,0.000000000,2048,0.000000000,2048,0.000000000,0,-0.006720000,2,-0.904000,8,0.000000000,2048,0.000000000,0,12.400,33,183,0,1,
113935349058764,113935347515538,113935347946069,113935349058764,28,0.280000000,center,state,0,0.000000000,2048,0.001533981,2047,0.000000000,0,-0.006720000,2,-0.904000,8,0.000000000,2048,0.000000000,0,12.400,33,193,0,1,
113935359054467,113935357441077,113935357952137,113935359054467,29,0.290000000,center,state,0,0.000000000,2048,0.001533981,2047,0.000000000,0,-0.003360000,1,-1.017000,9,0.000000000,2048,0.000000000,0,12.400,33,203,0,1,
113935369058692,113935367510939,113935367953468,113935369058692,30,0.300000000,center,state,0,0.000000000,2048,0.001533981,2047,0.000000000,0,-0.006720000,2,-1.017000,9,0.000000000,2048,0.000000000,0,12.400,33,213,0,1,
113935379088067,113935377511948,113935377950854,113935379088067,31,0.310000000,center,state,0,0.000000000,2048,0.001533981,2047,0.000000000,0,-0.006720000,2,-0.904000,8,0.000000000,2048,0.000000000,0,12.400,33,223,0,1,
113935389076555,113935387451936,113935387950157,113935389076555,32,0.320000000,center,state,0,0.000000000,2048,0.001533981,2047,0.000000000,0,-0.006720000,2,-1.017000,9,0.000000000,2048,0.000000000,0,12.400,33,233,0,1,
113935399082249,113935397505090,113935397948399,113935399082249,33,0.330000000,center,state,0,0.000000000,2048,0.001533981,2047,0.000000000,0,-0.006720000,2,-1.017000,9,0.000000000,2048,0.000000000,0,12.400,33,243,0,1,
113935409295699,113935407451694,113935408148855,113935409295699,34,0.340000000,center,state,0,0.000000000,2048,0.001533981,2047,0.000000000,0,-0.006720000,2,-0.904000,8,0.000000000,2048,0.000000000,0,12.400,33,253,0,1,
113935419119337,113935417454306,113935418029506,113935419119337,35,0.350000000,center,state,0,0.000000000,2048,0.000000000,2048,0.000000000,0,-0.006720000,2,-0.904000,8,0.000000000,2048,0.000000000,0,12.400,33,263,0,1,
113935429041116,113935427428824,113935427941021,113935429041116,36,0.360000000,center,state,0,0.000000000,2048,0.001533981,2047,0.000000000,0,-0.006720000,2,-0.904000,8,0.000000000,2048,0.000000000,0,12.400,33,273,0,1,
113935439034739,113935437426993,113935437937903,113935439034739,37,0.370000000,center,state,0,0.000000000,2048,0.000000000,2048,0.000000000,0,-0.003360000,1,-0.904000,8,0.000000000,2048,0.000000000,0,12.400,33,283,0,1,
113935449026685,113935447429000,113935447933416,113935449026685,38,0.380000000,center,state,0,0.000000000,2048,0.001533981,2047,0.000000000,0,-0.003360000,1,-1.017000,9,0.000000000,2048,0.000000000,0,12.400,33,293,0,1,
113935460069220,113935457513311,113935458933746,113935460069220,39,0.390000000,center,state,0,0.000000000,2048,0.001533981,2047,0.000000000,0,-0.003360000,1,-1.017000,9,0.000000000,2048,0.000000000,0,12.400,33,304,0,1,
113935469065998,113935467511902,113935467950995,113935469065998,40,0.400000000,center,state,0,0.000000000,2048,0.001533981,2047,0.000000000,0,-0.003360000,1,-1.017000,9,0.000000000,2048,0.000000000,0,12.400,33,313,0,1,
113935479064799,113935477451731,113935477947863,113935479064799,41,0.410000000,center,state,0,0.000000000,2048,0.001533981,2047,0.000000000,0,-0.006720000,2,-1.017000,9,0.000000000,2048,0.000000000,0,12.400,33,323,0,1,
113935489056166,113935487440785,113935487953394,113935489056166,42,0.420000000,center,state,0,0.000000000,2048,0.001533981,2047,0.000000000,0,-0.003360000,1,-0.904000,8,0.000000000,2048,0.000000000,0,12.400,33,333,0,1,
113935499041049,113935497429029,113935497941762,113935499041049,43,0.430000000,center,state,0,0.000000000,2048,0.001533981,2047,0.000000000,0,-0.006720000,2,-1.017000,9,0.000000000,2048,0.000000000,0,12.400,33,343,0,1,
113935509032045,113935507429459,113935507943588,113935509032045,44,0.440000000,center,state,0,0.000000000,2048,0.001533981,2047,0.000000000,0,-0.003360000,1,-1.017000,9,0.000000000,2048,0.000000000,0,12.400,33,353,0,1,
113935519055536,113935517453445,113935517950323,113935519055536,45,0.450000000,center,state,0,0.000000000,2048,0.001533981,2047,0.000000000,0,-0.006720000,2,-1.017000,9,0.000000000,2048,0.000000000,0,12.400,33,363,0,1,
113935529033340,113935527429499,113935527937053,113935529033340,46,0.460000000,center,state,0,0.000000000,2048,0.001533981,2047,0.000000000,0,-0.003360000,1,-1.017000,9,0.000000000,2048,0.000000000,0,12.400,33,373,0,1,
113935539032105,113935537434506,113935537940207,113935539032105,47,0.470000000,center,state,0,0.000000000,2048,0.001533981,2047,0.000000000,0,-0.003360000,1,-1.017000,9,0.000000000,2048,0.000000000,0,12.400,33,383,0,1,
113935549071459,113935547502539,113935547944605,113935549071459,48,0.480000000,center,state,0,0.000000000,2048,0.001533981,2047,0.000000000,0,-0.006720000,2,-0.904000,8,0.000000000,2048,0.000000000,0,12.400,33,393,0,1,
113935559059519,113935557507456,113935557942761,113935559059519,49,0.490000000,center,state,0,0.000000000,2048,0.001533981,2047,0.000000000,0,-0.006720000,2,-1.017000,9,0.000000000,2048,0.000000000,0,12.400,33,403,0,1,
113935568946599,113935567439847,113935567904300,113935568946599,50,0.500000000,center,state,0,0.000000000,2048,0.001533981,2047,0.000000000,0,-0.003360000,1,-0.904000,8,0.000000000,2048,0.000000000,0,12.400,33,413,0,1,
113935578963889,113935577433440,113935577918476,113935578963889,51,0.510000000,center,state,0,0.000000000,2048,0.001533981,2047,0.000000000,0,-0.006720000,2,-1.017000,9,0.000000000,2048,0.000000000,0,12.400,33,423,0,1,
113935588929379,113935587426589,113935587912113,113935588929379,52,0.520000000,center,state,0,0.000000000,2048,0.001533981,2047,0.000000000,0,-0.006720000,2,-0.904000,8,0.000000000,2048,0.000000000,0,12.400,33,433,0,1,
113935598946323,113935597446745,113935597912307,113935598946323,53,0.530000000,center,state,0,0.000000000,2048,0.001533981,2047,0.000000000,0,-0.003360000,1,-1.017000,9,0.000000000,2048,0.000000000,0,12.400,33,443,0,1,
113935608985655,113935607449544,113935607924908,113935608985655,54,0.540000000,center,state,0,0.000000000,2048,0.001533981,2047,0.000000000,0,-0.006720000,2,-1.017000,9,0.000000000,2048,0.000000000,0,12.400,33,453,0,1,
113935619033144,113935617429969,113935617924492,113935619033144,55,0.550000000,center,state,0,0.000000000,2048,0.001533981,2047,0.000000000,0,-0.003360000,1,-1.017000,9,0.000000000,2048,0.000000000,0,12.400,33,463,0,1,
113935629040298,113935627427780,113935627933646,113935629040298,56,0.560000000,center,state,0,0.000000000,2048,0.001533981,2047,0.000000000,0,-0.003360000,1,-1.017000,9,0.000000000,2048,0.000000000,0,12.400,33,473,0,1,
113935639029483,113935637431541,113935637918571,113935639029483,57,0.570000000,center,state,0,0.000000000,2048,0.001533981,2047,0.000000000,0,-0.003360000,1,-0.904000,8,0.000000000,2048,0.000000000,0,12.400,33,483,0,1,
113935649025094,113935647431056,113935647913415,113935649025094,58,0.580000000,center,state,0,0.000000000,2048,0.001533981,2047,0.000000000,0,-0.003360000,1,-1.017000,9,0.000000000,2048,0.000000000,0,12.400,33,493,0,1,
113935659043110,113935657427349,113935657917197,113935659043110,59,0.590000000,center,state,0,0.000000000,2048,0.000000000,2048,0.000000000,0,-0.003360000,1,-1.017000,9,0.000000000,2048,0.000000000,0,12.400,33,503,0,1,
113935669023698,113935667435745,113935667912274,113935669023698,60,0.600000000,center,state,0,0.000000000,2048,0.001533981,2047,0.000000000,0,-0.003360000,1,-1.017000,9,0.000000000,2048,0.000000000,0,12.400,33,513,0,1,
113935679052534,113935677451354,113935677929539,113935679052534,61,0.610000000,center,state,0,0.000000000,2048,0.001533981,2047,0.000000000,0,-0.003360000,1,-1.017000,9,0.000000000,2048,0.000000000,0,12.400,33,523,0,1,
113935689041790,113935687507117,113935687924883,113935689041790,62,0.620000000,center,state,0,0.000000000,2048,0.001533981,2047,0.000000000,0,-0.006720000,2,-1.017000,9,0.000000000,2048,0.000000000,0,12.400,33,533,0,1,
113935699041670,113935697440729,113935697926732,113935699041670,63,0.630000000,center,state,0,0.000000000,2048,0.001533981,2047,0.000000000,0,-0.006720000,2,-0.904000,8,0.000000000,2048,0.000000000,0,12.400,33,543,0,1,
113935710042150,113935707516593,113935708923170,113935710042150,64,0.640000000,center,state,0,0.000000000,2048,0.001533981,2047,0.000000000,0,-0.003360000,1,-1.017000,9,0.000000000,2048,0.000000000,0,12.400,33,554,0,1,
113935719048310,113935717509415,113935717926644,113935719048310,65,0.650000000,center,state,0,0.000000000,2048,0.001533981,2047,0.000000000,0,-0.003360000,1,-1.017000,9,0.000000000,2048,0.000000000,0,12.400,33,563,0,1,
113935729039834,113935727501152,113935727928442,113935729039834,66,0.660000000,center,state,0,0.000000000,2048,0.000000000,2048,0.000000000,0,-0.003360000,1,-1.017000,9,0.000000000,2048,0.000000000,0,12.400,33,573,0,1,
113935739039228,113935737506914,113935737925467,113935739039228,67,0.670000000,center,state,0,0.000000000,2048,0.001533981,2047,0.000000000,0,-0.003360000,1,-1.017000,9,0.000000000,2048,0.000000000,0,12.400,33,583,0,1,
113935749041608,113935747455795,113935747927936,113935749041608,68,0.680000000,center,state,0,0.000000000,2048,0.001533981,2047,0.000000000,0,0.000000000,0,-0.904000,8,0.000000000,2048,0.000000000,0,12.400,33,593,0,1,
113935760037524,113935757507422,113935758943190,113935760037524,69,0.690000000,center,state,0,0.000000000,2048,0.001533981,2047,0.000000000,0,-0.003360000,1,-1.017000,9,0.000000000,2048,0.000000000,0,12.400,33,604,0,1,
113935769039557,113935767450659,113935767928839,113935769039557,70,0.700000000,center,state,0,0.000000000,2048,0.001533981,2047,0.000000000,0,-0.003360000,1,-1.017000,9,0.000000000,2048,0.000000000,0,12.400,33,613,0,1,
113935779033160,113935777451982,113935777930149,113935779033160,71,0.710000000,center,state,0,0.000000000,2048,0.001533981,2047,0.000000000,0,-0.006720000,2,-0.904000,8,0.000000000,2048,0.000000000,0,12.400,33,623,0,1,
113935789050104,113935787439286,113935787924196,113935789050104,72,0.720000000,center,state,0,0.000000000,2048,0.001533981,2047,0.000000000,0,-0.006720000,2,-1.017000,9,0.000000000,2048,0.000000000,0,12.400,33,633,0,1,
113935799024181,113935797429285,113935797915729,113935799024181,73,0.730000000,center,state,0,0.000000000,2048,0.001533981,2047,0.000000000,0,-0.003360000,1,-1.017000,9,0.000000000,2048,0.000000000,0,12.400,33,643,0,1,
113935810052848,113935807505755,113935809012273,113935810052848,74,0.740000000,center,state,0,0.000000000,2048,0.001533981,2047,0.000000000,0,-0.006720000,2,-0.904000,8,0.000000000,2048,0.000000000,0,12.400,33,654,0,1,
113935819022802,113935817430193,113935817919495,113935819022802,75,0.750000000,center,state,0,0.000000000,2048,0.001533981,2047,0.000000000,0,-0.006720000,2,-1.017000,9,0.000000000,2048,0.000000000,0,12.400,33,663,0,1,
113935829021951,113935827431453,113935827921848,113935829021951,76,0.760000000,center,state,0,0.000000000,2048,0.001533981,2047,0.000000000,0,-0.003360000,1,-1.017000,9,0.000000000,2048,0.000000000,0,12.400,33,673,0,1,
113935839014784,113935837431773,113935837915634,113935839014784,77,0.770000000,center,state,0,0.000000000,2048,0.001533981,2047,0.000000000,0,-0.003360000,1,-1.017000,9,0.000000000,2048,0.000000000,0,12.400,33,683,0,1,
113935849033307,113935847432968,113935847916972,113935849033307,78,0.780000000,center,state,0,0.000000000,2048,0.001533981,2047,0.000000000,0,0.000000000,0,-0.904000,8,0.000000000,2048,0.000000000,0,12.400,33,693,0,1,
113935859009441,113935857429001,113935857919830,113935859009441,79,0.790000000,center,state,0,0.000000000,2048,0.001533981,2047,0.000000000,0,-0.003360000,1,-1.017000,9,0.000000000,2048,0.000000000,0,12.400,33,703,0,1,
113935869012587,113935867427473,113935867915696,113935869012587,80,0.800000000,center,state,0,0.000000000,2048,0.001533981,2047,0.000000000,0,0.000000000,0,-0.904000,8,0.000000000,2048,0.000000000,0,12.400,33,713,0,1,
113935879021960,113935877428969,113935877915722,113935879021960,81,0.810000000,center,state,0,0.000000000,2048,0.001533981,2047,0.000000000,0,-0.006720000,2,-1.017000,9,0.000000000,2048,0.000000000,0,12.400,33,723,0,1,
113935889122375,113935887437282,113935887931357,113935889122375,82,0.820000000,center,state,0,0.000000000,2048,0.001533981,2047,0.000000000,0,0.000000000,0,-0.904000,8,0.000000000,2048,0.000000000,0,12.400,33,733,0,1,
113935899125383,113935897448909,113935898036907,113935899125383,83,0.830000000,center,state,0,0.000000000,2048,0.001533981,2047,0.000000000,0,-0.003360000,1,-1.017000,9,0.000000000,2048,0.000000000,0,12.400,33,743,0,1,
113935909093711,113935907435419,113935907930627,113935909093711,84,0.840000000,center,state,0,0.000000000,2048,0.001533981,2047,0.000000000,0,-0.006720000,2,-1.017000,9,0.000000000,2048,0.000000000,0,12.400,33,753,0,1,
113935919103311,113935917438580,113935917991939,113935919103311,85,0.850000000,center,state,0,0.000000000,2048,0.001533981,2047,0.000000000,0,-0.006720000,2,-0.904000,8,0.000000000,2048,0.000000000,0,12.400,33,763,0,1,
113935929119641,113935927431773,113935927980396,113935929119641,86,0.860000000,center,state,0,0.000000000,2048,0.001533981,2047,0.000000000,0,-0.003360000,1,-1.017000,9,0.000000000,2048,0.000000000,0,12.400,33,773,0,1,
113935939092064,113935937435754,113935937978635,113935939092064,87,0.870000000,center,state,0,0.000000000,2048,0.001533981,2047,0.000000000,0,-0.003360000,1,-1.017000,9,0.000000000,2048,0.000000000,0,12.400,33,783,0,1,
113935949086509,113935947440298,113935947944130,113935949086509,88,0.880000000,center,state,0,0.000000000,2048,0.001533981,2047,0.000000000,0,-0.003360000,1,-1.017000,9,0.000000000,2048,0.000000000,0,12.400,33,793,0,1,
113935959104665,113935957430497,113935957984600,113935959104665,89,0.890000000,center,state,0,0.000000000,2048,0.001533981,2047,0.000000000,0,-0.006720000,2,-0.904000,8,0.000000000,2048,0.000000000,0,12.400,33,803,0,1,
113935969091535,113935967429843,113935967909817,113935969091535,90,0.900000000,center,state,0,0.000000000,2048,0.001533981,2047,0.000000000,0,-0.003360000,1,-1.017000,9,0.000000000,2048,0.000000000,0,12.400,33,813,0,1,
113935979137303,113935977430166,113935977977873,113935979137303,91,0.910000000,center,state,0,0.000000000,2048,0.001533981,2047,0.000000000,0,-0.003360000,1,-0.904000,8,0.000000000,2048,0.000000000,0,12.400,33,823,0,1,
113935989080148,113935987437979,113935987980363,113935989080148,92,0.920000000,center,state,0,0.000000000,2048,0.001533981,2047,0.000000000,0,-0.003360000,1,-1.130000,10,0.000000000,2048,0.000000000,0,12.400,33,833,0,1,
113935999033506,113935997452499,113935997948257,113935999033506,93,0.930000000,center,state,0,0.000000000,2048,0.001533981,2047,0.000000000,0,-0.003360000,1,-1.017000,9,0.000000000,2048,0.000000000,0,12.400,33,843,0,1,
113936009033176,113936007429244,113936007905462,113936009033176,94,0.940000000,center,state,0,0.000000000,2048,0.001533981,2047,0.000000000,0,-0.003360000,1,-0.904000,8,0.000000000,2048,0.000000000,0,12.400,33,853,0,1,
113936019029903,113936017438638,113936017930018,113936019029903,95,0.950000000,center,state,0,0.000000000,2048,0.000000000,2048,0.000000000,0,-0.003360000,1,-1.017000,9,0.000000000,2048,0.000000000,0,12.400,33,863,0,1,
113936029027920,113936027429868,113936027924614,113936029027920,96,0.960000000,center,state,0,0.000000000,2048,0.001533981,2047,0.000000000,0,-0.003360000,1,-1.017000,9,0.000000000,2048,0.000000000,0,12.400,33,873,0,1,
113936039016148,113936037439701,113936037923163,113936039016148,97,0.970000000,center,state,0,0.000000000,2048,0.001533981,2047,0.000000000,0,-0.003360000,1,-1.017000,9,0.000000000,2048,0.000000000,0,12.400,33,883,0,1,
113936048958622,113936047438495,113936047905450,113936048958622,98,0.980000000,center,state,0,0.000000000,2048,0.001533981,2047,0.000000000,0,-0.003360000,1,-1.017000,9,0.000000000,2048,0.000000000,0,12.400,33,893,0,1,
113936059153618,113936057439593,113936057912627,113936059153618,99,0.990000000,center,hardware_error,0,0.000000000,2048,,,,,,,,,,,,,,,,,,0
113936068980244,113936067453848,113936067890392,113936068980244,100,1.000000000,center,state,0,0.000000000,2048,0.001533981,2047,0.000000000,0,-0.003360000,1,-1.017000,9,0.000000000,2048,0.000000000,0,12.400,33,913,0,1,
113936079039946,113936077440682,113936077911704,113936079039946,101,1.010000000,center,state,0,0.000000000,2048,0.001533981,2047,0.000000000,0,-0.006720000,2,-0.904000,8,0.000000000,2048,0.000000000,0,12.400,33,923,0,1,
113936089104660,113936087442806,113936087903444,113936089104660,102,1.020000000,center,state,0,0.000000000,2048,0.001533981,2047,0.000000000,0,-0.006720000,2,-0.904000,8,0.000000000,2048,0.000000000,0,12.400,33,933,0,1,
113936098998174,113936097440583,113936097907944,113936098998174,103,1.030000000,center,state,0,0.000000000,2048,0.001533981,2047,0.000000000,0,-0.006720000,2,-0.904000,8,0.000000000,2048,0.000000000,0,12.400,33,943,0,1,
113936109020403,113936107433117,113936107897824,113936109020403,104,1.040000000,center,state,0,0.000000000,2048,0.001533981,2047,0.000000000,0,-0.003360000,1,-0.791000,7,0.000000000,2048,0.000000000,0,12.400,33,953,0,1,
113936118997622,113936117429770,113936117894061,113936118997622,105,1.050000000,center,state,0,0.000000000,2048,0.001533981,2047,0.000000000,0,-0.006720000,2,-0.904000,8,0.000000000,2048,0.000000000,0,12.400,33,963,0,1,
113936128981528,113936127427457,113936127894594,113936128981528,106,1.060000000,center,state,0,0.000000000,2048,0.001533981,2047,0.000000000,0,-0.003360000,1,-1.017000,9,0.000000000,2048,0.000000000,0,12.400,33,973,0,1,
113936138994458,113936137429087,113936137889725,113936138994458,107,1.070000000,center,state,0,0.000000000,2048,0.001533981,2047,0.000000000,0,-0.006720000,2,-1.017000,9,0.000000000,2048,0.000000000,0,12.400,33,983,0,1,
113936148975398,113936147427127,113936147894417,113936148975398,108,1.080000000,center,state,0,0.000000000,2048,0.001533981,2047,0.000000000,0,-0.006720000,2,-1.017000,9,0.000000000,2048,0.000000000,0,12.400,33,993,0,1,
113936158978904,113936157429544,113936157896048,113936158978904,109,1.090000000,center,state,0,0.000000000,2048,0.001533981,2047,0.000000000,0,-0.003360000,1,-1.017000,9,0.000000000,2048,0.000000000,0,12.400,33,1003,0,1,
113936168978652,113936167427993,113936167899295,113936168978652,110,1.100000000,center,state,0,0.000000000,2048,0.001533981,2047,0.000000000,0,-0.006720000,2,-1.017000,9,0.000000000,2048,0.000000000,0,12.400,33,1013,0,1,
113936179023214,113936177431951,113936177900584,113936179023214,111,1.110000000,center,state,0,0.000000000,2048,0.001533981,2047,0.000000000,0,-0.003360000,1,-1.017000,9,0.000000000,2048,0.000000000,0,12.400,33,1023,0,1,
113936189017137,113936187444181,113936187896665,113936189017137,112,1.120000000,center,state,0,0.000000000,2048,0.001533981,2047,0.000000000,0,-0.006720000,2,-0.904000,8,0.000000000,2048,0.000000000,0,12.400,33,1033,0,1,
113936198884033,113936197430602,113936197859340,113936198884033,113,1.130000000,center,state,0,0.000000000,2048,0.001533981,2047,0.000000000,0,-0.006720000,2,-1.017000,9,0.000000000,2048,0.000000000,0,12.400,33,1043,0,1,
113936209089095,113936207433084,113936207905382,113936209089095,114,1.140000000,center,state,0,0.000000000,2048,0.001533981,2047,0.000000000,0,-0.006720000,2,-0.904000,8,0.000000000,2048,0.000000000,0,12.400,33,1053,0,1,
113936220045169,113936217444746,113936218921886,113936220045169,115,1.150000000,center,state,0,0.000000000,2048,0.001533981,2047,0.000000000,0,-0.003360000,1,-0.904000,8,0.000000000,2048,0.000000000,0,12.400,33,1064,0,1,
113936229034438,113936227431625,113936227902706,113936229034438,116,1.160000000,center,state,0,0.000000000,2048,0.001533981,2047,0.000000000,0,-0.003360000,1,-1.017000,9,0.000000000,2048,0.000000000,0,12.400,33,1073,0,1,
113936239041404,113936237439389,113936237900844,113936239041404,117,1.170000000,center,state,0,0.000000000,2048,0.001533981,2047,0.000000000,0,-0.006720000,2,-1.017000,9,0.000000000,2048,0.000000000,0,12.400,33,1083,0,1,
113936249030258,113936247431480,113936247902905,113936249030258,118,1.180000000,center,state,0,0.000000000,2048,0.001533981,2047,0.000000000,0,-0.006720000,2,-1.017000,9,0.000000000,2048,0.000000000,0,12.400,33,1093,0,1,
113936259038442,113936257430623,113936257897296,113936259038442,119,1.190000000,center,state,0,0.000000000,2048,0.001533981,2047,0.000000000,0,-0.003360000,1,-1.017000,9,0.000000000,2048,0.000000000,0,12.400,33,1103,0,1,
113936269016560,113936267428575,113936267903401,113936269016560,120,1.200000000,center,state,0,0.000000000,2048,0.001533981,2047,0.000000000,0,-0.003360000,1,-1.017000,9,0.000000000,2048,0.000000000,0,12.400,33,1113,0,1,
113936279010961,113936277427247,113936277897981,113936279010961,121,1.210000000,center,state,0,0.000000000,2048,0.001533981,2047,0.000000000,0,-0.003360000,1,-1.017000,9,0.000000000,2048,0.000000000,0,12.400,33,1123,0,1,
113936288975180,113936287429822,113936287896605,113936288975180,122,1.220000000,center,state,0,0.000000000,2048,0.001533981,2047,0.000000000,0,-0.003360000,1,-0.791000,7,0.000000000,2048,0.000000000,0,12.400,33,1133,0,1,
113936298971755,113936297426236,113936297896628,113936298971755,123,1.230000000,center,state,0,0.000000000,2048,0.001533981,2047,0.000000000,0,-0.003360000,1,-1.017000,9,0.000000000,2048,0.000000000,0,12.400,33,1143,0,1,
113936309030291,113936307430901,113936307893569,113936309030291,124,1.240000000,center,state,0,0.000000000,2048,0.001533981,2047,0.000000000,0,-0.006720000,2,-0.904000,8,0.000000000,2048,0.000000000,0,12.400,33,1153,0,1,
113936318974314,113936317426892,113936317897302,113936318974314,125,1.250000000,center,state,0,0.000000000,2048,0.001533981,2047,0.000000000,0,-0.003360000,1,-1.017000,9,0.000000000,2048,0.000000000,0,12.400,33,1163,0,1,
113936328979950,113936327426176,113936327895551,113936328979950,126,1.260000000,center,state,0,0.000000000,2048,0.001533981,2047,0.000000000,0,-0.003360000,1,-1.017000,9,0.000000000,2048,0.000000000,0,12.400,33,1173,0,1,
113936338984439,113936337431404,113936337895500,113936338984439,127,1.270000000,center,state,0,0.000000000,2048,0.001533981,2047,0.000000000,0,-0.006720000,2,-1.017000,9,0.000000000,2048,0.000000000,0,12.400,33,1183,0,1,
113936349013003,113936347426866,113936347901127,113936349013003,128,1.280000000,center,state,0,0.000000000,2048,0.001533981,2047,0.000000000,0,-0.003360000,1,-0.904000,8,0.000000000,2048,0.000000000,0,12.400,33,1193,0,1,
113936358988525,113936357424896,113936357892523,113936358988525,129,1.290000000,center,state,0,0.000000000,2048,0.001533981,2047,0.000000000,0,-0.003360000,1,-1.017000,9,0.000000000,2048,0.000000000,0,12.400,33,1203,0,1,
113936368879694,113936367425923,113936367868033,113936368879694,130,1.300000000,center,state,0,0.000000000,2048,0.001533981,2047,0.000000000,0,-0.003360000,1,-0.904000,8,0.000000000,2048,0.000000000,0,12.400,33,1213,0,1,
113936378880935,113936377426638,113936377862347,113936378880935,131,1.310000000,center,state,0,0.000000000,2048,0.001533981,2047,0.000000000,0,-0.006720000,2,-0.904000,8,0.000000000,2048,0.000000000,0,12.400,33,1223,0,1,
113936388931078,113936387427284,113936387874931,113936388931078,132,1.320000000,center,state,0,0.000000000,2048,0.000000000,2048,0.000000000,0,-0.006720000,2,-1.017000,9,0.000000000,2048,0.000000000,0,12.400,33,1233,0,1,
113936398991371,113936397427673,113936397892273,113936398991371,133,1.330000000,center,state,0,0.000000000,2048,0.001533981,2047,0.000000000,0,-0.003360000,1,-1.017000,9,0.000000000,2048,0.000000000,0,12.400,33,1243,0,1,
113936409006381,113936407452914,113936407909948,113936409006381,134,1.340000000,center,state,0,0.000000000,2048,0.001533981,2047,0.000000000,0,-0.003360000,1,-1.017000,9,0.000000000,2048,0.000000000,0,12.400,33,1253,0,1,
113936418987531,113936417431903,113936417893252,113936418987531,135,1.350000000,center,state,0,0.000000000,2048,0.001533981,2047,0.000000000,0,-0.003360000,1,-1.017000,9,0.000000000,2048,0.000000000,0,12.400,33,1263,0,1,
113936428982396,113936427428312,113936427898949,113936428982396,136,1.360000000,center,state,0,0.000000000,2048,0.001533981,2047,0.000000000,0,-0.006720000,2,-0.904000,8,0.000000000,2048,0.000000000,0,12.400,33,1273,0,1,
113936438999193,113936437429711,113936437968818,113936438999193,137,1.370000000,center,state,0,0.000000000,2048,0.001533981,2047,0.000000000,0,-0.003360000,1,-1.017000,9,0.000000000,2048,0.000000000,0,12.400,33,1283,0,1,
113936449038200,113936447429196,113936447960466,113936449038200,138,1.380000000,center,state,0,0.000000000,2048,0.001533981,2047,0.000000000,0,-0.006720000,2,-0.791000,7,0.000000000,2048,0.000000000,0,12.400,33,1293,0,1,
113936459039513,113936457428392,113936457966278,113936459039513,139,1.390000000,center,state,0,0.000000000,2048,0.000000000,2048,0.000000000,0,-0.006720000,2,-1.017000,9,0.000000000,2048,0.000000000,0,12.400,33,1303,0,1,
113936469027660,113936467427855,113936467959199,113936469027660,140,1.400000000,center,state,0,0.000000000,2048,0.001533981,2047,0.000000000,0,-0.003360000,1,-1.017000,9,0.000000000,2048,0.000000000,0,12.400,33,1313,0,1,
113936478985466,113936477428117,113936477919792,113936478985466,141,1.410000000,center,state,0,0.000000000,2048,0.001533981,2047,0.000000000,0,-0.006720000,2,-1.017000,9,0.000000000,2048,0.000000000,0,12.400,33,1323,0,1,
113936488986620,113936487426367,113936487942257,113936488986620,142,1.420000000,center,state,0,0.000000000,2048,0.001533981,2047,0.000000000,0,-0.006720000,2,-0.904000,8,0.000000000,2048,0.000000000,0,12.400,33,1333,0,1,
113936499049587,113936497426169,113936497942583,113936499049587,143,1.430000000,center,state,0,0.000000000,2048,0.001533981,2047,0.000000000,0,-0.003360000,1,-1.017000,9,0.000000000,2048,0.000000000,0,12.400,33,1343,0,1,
113936508989344,113936507433859,113936507899917,113936508989344,144,1.440000000,center,state,0,0.000000000,2048,0.001533981,2047,0.000000000,0,-0.006720000,2,-1.017000,9,0.000000000,2048,0.000000000,0,12.400,33,1353,0,1,
113936518958385,113936517426598,113936517878141,113936518958385,145,1.450000000,center,state,0,0.000000000,2048,0.001533981,2047,0.000000000,0,-0.003360000,1,-1.017000,9,0.000000000,2048,0.000000000,0,12.400,33,1363,0,1,
113936528956151,113936527426294,113936527871583,113936528956151,146,1.460000000,center,state,0,0.000000000,2048,0.001533981,2047,0.000000000,0,-0.003360000,1,-1.017000,9,0.000000000,2048,0.000000000,0,12.400,33,1373,0,1,
113936538967039,113936537429046,113936537880179,113936538967039,147,1.470000000,center,state,0,0.000000000,2048,0.001533981,2047,0.000000000,0,-0.003360000,1,-1.017000,9,0.000000000,2048,0.000000000,0,12.400,33,1383,0,1,
113936548962300,113936547425921,113936547880317,113936548962300,148,1.480000000,center,state,0,0.000000000,2048,0.001533981,2047,0.000000000,0,-0.006720000,2,-0.904000,8,0.000000000,2048,0.000000000,0,12.400,33,1393,0,1,
113936558960556,113936557428516,113936557863669,113936558960556,149,1.490000000,center,state,0,0.000000000,2048,0.001533981,2047,0.000000000,0,-0.003360000,1,-1.017000,9,0.000000000,2048,0.000000000,0,12.400,33,1403,0,1,
113936569055726,113936567428434,113936567948533,113936569055726,150,1.500000000,plus_a1,state,0,0.035000000,2025,0.001533981,2047,0.000000000,0,-0.003360000,1,-1.017000,9,0.035281558,2025,0.000000000,0,12.400,33,1413,0,0,
113936579037926,113936577433864,113936577942448,113936579037926,151,1.510000000,plus_a1,state,0,0.035000000,2025,0.001533981,2047,0.000000000,0,0.174720000,-52,15.142000,-134,0.035281558,2025,0.000000000,0,12.400,33,1423,0,0,
113936588982338,113936587429847,113936587933234,113936588982338,152,1.520000000,plus_a1,state,0,0.035000000,2025,0.007669904,2043,0.000000000,0,0.184800000,-55,17.063000,-151,0.035281558,2025,0.000000000,0,12.400,33,1433,0,0,
113936599079887,113936597443987,113936597946101,113936599079887,153,1.530000000,plus_a1,state,0,0.035000000,2025,0.015339808,2038,0.071942472,-3,0.117600000,-35,20.453000,-181,0.035281558,2025,0.000000000,0,12.400,33,1443,0,0,
113936609070913,113936607432841,113936607946611,113936609070913,154,1.540000000,plus_a1,state,0,0.035000000,2025,0.026077673,2031,0.167865767,-7,0.057120000,-17,22.826000,-202,0.035281558,2025,0.000000000,0,12.400,33,1453,0,1,
113936619072083,113936617444124,113936617964687,113936619072083,155,1.550000000,plus_a1,state,0,0.035000000,2025,0.038349520,2023,0.287769887,-12,0.003360000,-1,22.374000,-198,0.035281558,2025,0.000000000,0,12.400,33,1463,1,1,
113936629057799,113936627430017,113936627941783,113936629057799,156,1.560000000,plus_a1,state,0,0.035000000,2025,0.047553404,2017,0.431654831,-18,-0.278880000,83,3.503000,-31,0.035281558,2025,0.000000000,0,12.500,33,1473,1,1,
113936638996891,113936637431715,113936637950236,113936638996891,157,1.570000000,plus_a1,state,0,0.035000000,2025,0.055223308,2012,0.575539774,-24,-0.033600000,10,1.695000,-15,0.035281558,2025,0.000000000,0,12.500,33,1483,1,0,
113936649076284,113936647442210,113936647945101,113936649076284,158,1.580000000,plus_a1,state,0,0.035000000,2025,0.058291270,2010,0.695443894,-29,-0.157920000,47,-0.226000,2,0.035281558,2025,0.000000000,0,12.400,33,1493,1,0,
113936658972586,113936657427390,113936657889770,113936658972586,159,1.590000000,plus_a1,state,0,0.035000000,2025,0.059825251,2009,0.743405542,-31,-0.131040000,39,-2.938000,26,0.035281558,2025,0.000000000,0,12.400,33,1503,1,0,
113936669050124,113936667428572,113936667946328,113936669050124,160,1.600000000,plus_a1,state,0,0.035000000,2025,0.059825251,2009,0.719424718,-30,-0.127680000,38,-10.848000,96,0.035281558,2025,0.000000000,0,12.400,33,1513,1,0,
113936679137144,113936677429223,113936677943330,113936679137144,161,1.610000000,plus_a1,state,0,0.035000000,2025,0.058291270,2010,0.623501422,-26,-0.127680000,38,-16.724000,148,0.035281558,2025,0.000000000,0,12.400,33,1523,1,0,
113936689054626,113936687446254,113936687944078,113936689054626,162,1.620000000,plus_a1,state,0,0.035000000,2025,0.053689328,2013,0.479616478,-20,-0.107520000,32,-19.323000,171,0.035281558,2025,0.000000000,0,12.500,33,1533,1,0,
113936699049918,113936697429981,113936697937195,113936699049918,163,1.630000000,plus_a1,state,0,0.035000000,2025,0.044485443,2019,0.287769887,-12,-0.050400000,15,-21.244000,188,0.035281558,2025,0.000000000,0,12.400,33,1543,1,1,
113936709063009,113936707432099,113936707951116,113936709063009,164,1.640000000,plus_a1,state,0,0.035000000,2025,0.033747577,2026,0.047961648,-2,-0.003360000,1,-21.922000,194,0.035281558,2025,0.000000000,0,12.400,33,1553,0,1,
113936719061975,113936717440204,113936717965048,113936719061975,165,1.650000000,plus_a1,state,0,0.035000000,2025,0.024543693,2032,-0.143884944,6,-0.013440000,4,-3.277000,29,0.035281558,2025,0.000000000,0,12.400,33,1563,0,1,
113936729081366,113936727430543,113936727943244,113936729081366,166,1.660000000,plus_a1,state,0,0.035000000,2025,0.018407769,2036,-0.335731535,14,0.080640000,-24,-2.938000,26,0.035281558,2025,0.000000000,0,12.400,33,1573,1,1,
113936739009670,113936737431415,113936737942585,113936739009670,167,1.670000000,plus_a1,state,0,0.035000000,2025,0.013805827,2039,-0.479616478,20,0.238560000,-71,-1.130000,10,0.035281558,2025,0.000000000,0,12.400,33,1583,1,0,
113936749070756,113936747444123,113936747945447,113936749070756,168,1.680000000,plus_a1,state,0,0.035000000,2025,0.012271846,2040,-0.575539774,24,0.134400000,-40,1.469000,-13,0.035281558,2025,0.000000000,0,12.400,33,1593,1,0,
113936759047307,113936757433375,113936757935256,113936759047307,169,1.690000000,plus_a1,state,0,0.035000000,2025,0.012271846,2040,-0.599520598,25,0.137760000,-41,6.328000,-56,0.035281558,2025,0.000000000,0,12.400,33,1603,1,0,
113936769057730,113936767429058,113936767941480,113936769057730,170,1.700000000,plus_a1,state,0,0.035000000,2025,0.012271846,2040,-0.551558950,23,0.117600000,-35,16.046000,-142,0.035281558,2025,0.000000000,0,12.400,33,1613,1,0,
113936779039955,113936777428388,113936777935619,113936779039955,171,1.710000000,plus_a1,state,0,0.035000000,2025,0.016873789,2037,-0.455635655,19,0.124320000,-37,16.837000,-149,0.035281558,2025,0.000000000,0,12.500,33,1623,1,0,
113936788973007,113936787435837,113936787873627,113936788973007,172,1.720000000,plus_a1,state,0,0.035000000,2025,0.024543693,2032,-0.263789063,11,0.067200000,-20,19.097000,-169,0.035281558,2025,0.000000000,0,12.500,33,1633,1,1,
113936798903508,113936797435050,113936797868789,113936798903508,173,1.730000000,plus_a1,state,0,0.035000000,2025,0.030679616,2028,-0.071942472,3,0.030240000,-9,20.453000,-181,0.035281558,2025,0.000000000,0,12.400,33,1643,0,1,
113936808963980,113936807430983,113936807878452,113936808963980,174,1.740000000,plus_a1,state,0,0.035000000,2025,0.041417481,2021,0.095923296,-4,0.053760000,-16,8.927000,-79,0.035281558,2025,0.000000000,0,12.400,33,1653,0,1,
113936818988119,113936817440598,113936817884618,113936818988119,175,1.750000000,plus_a1,state,0,0.035000000,2025,0.050621366,2015,0.263789063,-11,-0.094080000,28,6.554000,-58,0.035281558,2025,0.000000000,0,12.400,33,1663,1,1,
113936828964364,113936827433254,113936827871784,113936828964364,176,1.760000000,plus_a1,state,0,0.035000000,2025,0.053689328,2013,0.431654831,-18,-0.057120000,17,-0.113000,1,0.035281558,2025,0.000000000,0,12.400,33,1673,1,0,
113936838977587,113936837432827,113936837879077,113936838977587,177,1.770000000,plus_a1,state,0,0.035000000,2025,0.056757289,2011,0.527578126,-22,-0.117600000,35,-0.791000,7,0.035281558,2025,0.000000000,0,12.400,33,1683,1,0,
113936848985733,113936847441366,113936847886968,113936848985733,178,1.780000000,plus_a1,state,0,0.035000000,2025,0.056757289,2011,0.551558950,-23,-0.110880000,33,-6.780000,60,0.035281558,2025,0.000000000,0,12.400,33,1693,1,0,
113936858968286,113936857428682,113936857873732,113936858968286,179,1.790000000,plus_a1,state,0,0.035000000,2025,0.056757289,2011,0.527578126,-22,-0.100800000,30,-14.464000,128,0.035281558,2025,0.000000000,0,12.400,33,1703,1,0,
113936868920982,113936867428040,113936867846909,113936868920982,180,1.800000000,plus_a1,state,0,0.035000000,2025,0.053689328,2013,0.455635655,-19,-0.097440000,29,-16.950000,150,0.035281558,2025,0.000000000,0,12.200,33,1713,1,0,
113936878976454,113936877428270,113936877877277,113936878976454,181,1.810000000,plus_a1,state,0,0.035000000,2025,0.047553404,2017,0.311750711,-13,-0.067200000,20,-19.210000,170,0.035281558,2025,0.000000000,0,12.500,33,1723,1,1,
113936888980620,113936887449539,113936887877998,113936888980620,182,1.820000000,plus_a1,state,0,0.035000000,2025,0.038349520,2023,0.119904120,-5,-0.013440000,4,-20.340000,180,0.035281558,2025,0.000000000,0,12.500,33,1733,0,1,
113936898959985,113936897429725,113936897862795,113936898959985,183,1.830000000,plus_a1,state,0,0.035000000,2025,0.027611654,2030,-0.071942472,3,0.299040000,-89,-4.520000,40,0.035281558,2025,0.000000000,0,12.300,33,1743,0,1,
113936908966527,113936907430833,113936907859766,113936908966527,184,1.840000000,plus_a1,state,0,0.035000000,2025,0.021475731,2034,-0.239808239,10,0.194880000,-58,-6.667000,59,0.035281558,2025,0.000000000,0,12.400,33,1753,0,1,
113936918968277,113936917439573,113936917865913,113936918968277,185,1.850000000,plus_a1,state,0,0.035000000,2025,0.016873789,2037,-0.383693183,16,0.221760000,-66,-2.260000,20,0.035281558,2025,0.000000000,0,12.400,33,1763,1,0,
113936929010881,113936927430415,113936927862808,113936929010881,186,1.860000000,plus_a1,state,0,0.035000000,2025,0.015339808,2038,-0.503597302,21,0.104160000,-31,1.921000,-17,0.035281558,2025,0.000000000,0,12.400,33,1773,1,0,
113936938893325,113936937438042,113936937831165,113936938893325,187,1.870000000,plus_a1,state,0,0.035000000,2025,0.013805827,2039,-0.551558950,23,0.104160000,-31,5.989000,-53,0.035281558,2025,0.000000000,0,12.400,33,1783,1,0,
113936948954461,113936947441206,113936947858153,113936948954461,188,1.880000000,plus_a1,state,0,0.035000000,2025,0.013805827,2039,-0.527578126,22,0.073920000,-22,14.351000,-127,0.035281558,2025,0.000000000,0,12.400,33,1793,1,0,
113936958950524,113936957431405,113936957850698,113936958950524,189,1.890000000,plus_a1,state,0,0.035000000,2025,0.018407769,2036,-0.431654831,18,0.164640000,-49,13.899000,-123,0.035281558,2025,0.000000000,0,12.200,33,1803,1,1,
113936968936824,113936967427238,113936967850521,113936968936824,190,1.900000000,plus_a1,state,0,0.035000000,2025,0.024543693,2032,-0.287769887,12,0.067200000,-20,17.515000,-155,0.035281558,2025,0.000000000,0,12.200,33,1813,1,1,
113936979029920,113936977433245,113936977876290,113936979029920,191,1.910000000,plus_a1,state,0,0.035000000,2025,0.033747577,2026,-0.119904120,5,0.016800000,-5,19.549000,-173,0.035281558,2025,0.000000000,0,12.500,33,1823,0,1,
113936988955979,113936987436836,113936987855854,113936988955979,192,1.920000000,plus_a1,state,0,0.035000000,2025,0.039883500,2022,0.047961648,-2,0.030240000,-9,13.786000,-122,0.035281558,2025,0.000000000,0,12.400,33,1833,0,1,
113936998945963,113936997430099,113936997861258,113936998945963,193,1.930000000,plus_a1,state,0,0.035000000,2025,0.049087385,2016,0.215827415,-9,-0.204960000,61,7.119000,-63,0.035281558,2025,0.000000000,0,12.400,33,1843,0,1,
113937008952360,113937007432016,113937007858634,113937008952360,194,1.940000000,plus_a1,state,0,0.035000000,2025,0.053689328,2013,0.383693183,-16,-0.141120000,42,2.599000,-23,0.035281558,2025,0.000000000,0,12.400,33,1853,1,0,
113937018960323,113937017441287,113937017853073,113937018960323,195,1.950000000,plus_a1,state,0,0.035000000,2025,0.055223308,2012,0.479616478,-20,-0.120960000,36,-0.904000,8,0.035281558,2025,0.000000000,0,12.400,33,1863,1,0,
113937028932109,113937027427938,113937027850449,113937028932109,196,1.960000000,plus_a1,state,0,0.035000000,2025,0.055223308,2012,0.527578126,-22,-0.100800000,30,-5.537000,49,0.035281558,2025,0.000000000,0,12.400,33,1873,1,0,
113937038944824,113937037428986,113937037855535,113937038944824,197,1.970000000,plus_a1,state,0,0.035000000,2025,0.055223308,2012,0.503597302,-21,-0.094080000,28,-11.978000,106,0.035281558,2025,0.000000000,0,12.500,33,1883,1,0,
113937048959676,113937047441647,113937047859373,113937048959676,198,1.980000000,plus_a1,state,0,0.035000000,2025,0.052155347,2014,0.431654831,-18,-0.097440000,29,-16.611000,147,0.035281558,2025,0.000000000,0,12.300,33,1893,1,1,
113937058929794,113937057430120,113937057860524,113937058929794,199,1.990000000,plus_a1,hardware_error,0,0.035000000,2025,,,,,,,,,,,,,,,,,,0
113937069014754,113937067427055,113937067910989,113937069014754,200,2.000000000,plus_a1,state,0,0.035000000,2025,0.038349520,2023,0.143884944,-6,-0.033600000,10,-19.888000,176,0.035281558,2025,0.000000000,0,12.200,33,1913,0,1,
113937078938331,113937077426777,113937077863719,113937078938331,201,2.010000000,plus_a1,state,0,0.035000000,2025,0.029145635,2029,-0.047961648,2,-0.070560000,21,-3.955000,35,0.035281558,2025,0.000000000,0,12.400,33,1923,0,1,
113937088943364,113937087426726,113937087854109,113937088943364,202,2.020000000,plus_a1,state,0,0.035000000,2025,0.023009712,2033,-0.215827415,9,0.211680000,-63,-1.695000,15,0.035281558,2025,0.000000000,0,12.300,33,1933,0,1,
113937098967390,113937097442958,113937097866791,113937098967390,203,2.030000000,plus_a1,state,0,0.035000000,2025,0.016873789,2037,-0.359712359,15,0.030240000,-9,-0.452000,4,0.035281558,2025,0.000000000,0,12.400,33,1943,1,0,
113937108960735,113937107431114,113937107859389,113937108960735,204,2.040000000,plus_a1,state,0,0.035000000,2025,0.015339808,2038,-0.479616478,20,0.100800000,-30,1.356000,-12,0.035281558,2025,0.000000000,0,12.400,33,1953,1,0,
113937118948458,113937117433817,113937117855160,113937118948458,205,2.050000000,plus_a1,state,0,0.035000000,2025,0.015339808,2038,-0.527578126,22,0.120960000,-36,3.616000,-32,0.035281558,2025,0.000000000,0,12.400,33,1963,1,0,
113937129028373,113937127437019,113937127860255,113937129028373,206,2.060000000,plus_a1,state,0,0.035000000,2025,0.015339808,2038,-0.503597302,21,0.067200000,-20,11.639000,-103,0.035281558,2025,0.000000000,0,12.400,33,1973,1,0,
113937138968700,113937137438261,113937137864182,113937138968700,207,2.070000000,plus_a1,state,0,0.035000000,2025,0.016873789,2037,-0.431654831,18,0.137760000,-41,13.899000,-123,0.035281558,2025,0.000000000,0,12.500,33,1983,1,0,
113937148954823,113937147429381,113937147857032,113937148954823,208,2.080000000,plus_a1,state,0,0.035000000,2025,0.024543693,2032,-0.287769887,12,0.090720000,-27,17.289000,-153,0.035281558,2025,0.000000000,0,12.400,33,1993,1,1,
113937158942234,113937157426433,113937157847003,113937158942234,209,2.090000000,plus_a1,state,0,0.035000000,2025,0.032213597,2027,-0.119904120,5,0.016800000,-5,19.323000,-171,0.035281558,2025,0.000000000,0,12.200,33,2003,0,1,
113937168963244,113937167447659,113937167860395,113937168963244,210,2.100000000,plus_a1,state,0,0.035000000,2025,0.039883500,2022,0.047961648,-2,0.060480000,-18,6.102000,-54,0.035281558,2025,0.000000000,0,12.500,33,2013,0,1,
113937178933576,113937177427494,113937177852435,113937178933576,211,2.110000000,plus_a1,state,0,0.035000000,2025,0.046019424,2018,0.215827415,-9,-0.040320000,12,5.537000,-49,0.035281558,2025,0.000000000,0,12.500,33,2023,0,1,
113937188941708,113937187429429,113937187852461,113937188941708,212,2.120000000,plus_a1,state,0,0.035000000,2025,0.050621366,2015,0.335731535,-14,-0.191520000,57,0.339000,-3,0.035281558,2025,0.000000000,0,12.400,33,2033,1,1,
113937198935630,113937197428422,113937197849987,113937198935630,213,2.130000000,plus_a1,state,0,0.035000000,2025,0.052155347,2014,0.431654831,-18,-0.090720000,27,-2.825000,25,0.035281558,2025,0.000000000,0,12.400,33,2043,1,1,
113937209034983,113937207430556,113937207866273,113937209034983,214,2.140000000,plus_a1,state,0,0.035000000,2025,0.052155347,2014,0.479616478,-20,-0.080640000,24,-7.458000,66,0.035281558,2025,0.000000000,0,12.400,33,2053,1,1,
113937218944520,113937217427824,113937217855549,113937218944520,215,2.150000000,plus_a1,state,0,0.035000000,2025,0.052155347,2014,0.455635655,-19,-0.090720000,27,-12.091000,107,0.035281558,2025,0.000000000,0,12.200,33,2063,1,1,
113937229026153,113937227429914,113937227874439,113937229026153,216,2.160000000,plus_a1,state,0,0.035000000,2025,0.049087385,2016,0.359712359,-15,-0.070560000,21,-16.385000,145,0.035281558,2025,0.000000000,0,12.500,33,2073,1,1,
113937238952159,113937237437019,113937237859161,113937238952159,217,2.170000000,plus_a1,state,0,0.035000000,2025,0.042951462,2020,0.239808239,-10,-0.047040000,14,-17.515000,155,0.035281558,2025,0.000000000,0,12.500,33,2083,0,1,
113937248954857,113937247429499,113937247864356,113937248954857,218,2.180000000,plus_a1,state,0,0.035000000,2025,0.033747577,2026,0.095923296,-4,-0.003360000,1,-18.645000,165,0.035281558,2025,0.000000000,0,12.300,33,2093,0,1,
113937258897455,113937257423588,113937257832676,113937258897455,219,2.190000000,plus_a1,state,0,0.035000000,2025,0.026077673,2031,-0.071942472,3,0.184800000,-55,-2.938000,26,0.035281558,2025,0.000000000,0,12.400,33,2103,0,1,
113937268933978,113937267439030,113937267864933,113937268933978,220,2.200000000,plus_a1,state,0,0.035000000,2025,0.019941750,2035,-0.239808239,10,-0.053760000,16,-4.859000,43,0.035281558,2025,0.000000000,0,12.400,33,2113,0,1,
113937278965935,113937277427686,113937277876976,113937278965935,221,2.210000000,plus_a1,state,0,0.035000000,2025,0.018407769,2036,-0.359712359,15,0.131040000,-39,0.565000,-5,0.035281558,2025,0.000000000,0,12.400,33,2123,1,1,
113937288923086,113937287427728,113937287841829,113937288923086,222,2.220000000,plus_a1,state,0,0.035000000,2025,0.016873789,2037,-0.431654831,18,0.100800000,-30,3.164000,-28,0.035281558,2025,0.000000000,0,12.400,33,2133,1,0,
113937298873009,113937297441882,113937297840649,113937298873009,223,2.230000000,plus_a1,state,0,0.035000000,2025,0.016873789,2037,-0.455635655,19,0.107520000,-32,6.667000,-59,0.035281558,2025,0.000000000,0,12.400,33,2143,1,0,
113937308942323,113937307430834,113937307847394,113937308942323,224,2.240000000,plus_a1,state,0,0.035000000,2025,0.018407769,2036,-0.431654831,18,0.097440000,-29,14.577000,-129,0.035281558,2025,0.000000000,0,12.400,33,2153,1,1,
113937318937679,113937317444681,113937317844688,113937318937679,225,2.250000000,plus_a1,state,0,0.035000000,2025,0.021475731,2034,-0.335731535,14,0.191520000,-57,14.464000,-128,0.035281558,2025,0.000000000,0,12.300,33,2163,1,1,
113937328955677,113937327432324,113937327839315,113937328955677,226,2.260000000,plus_a1,state,0,0.035000000,2025,0.029145635,2029,-0.191846591,8,0.020160000,-6,17.402000,-154,0.035281558,2025,0.000000000,0,12.500,33,2173,0,1,
113937338929429,113937337429160,113937337828346,113937338929429,227,2.270000000,plus_a1,state,0,0.035000000,2025,0.038349520,2023,-0.023980824,1,0.006720000,-2,16.950000,-150,0.035281558,2025,0.000000000,0,12.400,33,2183,0,1,
113937348923900,113937347429613,113937347834722,113937348923900,228,2.280000000,plus_a1,state,0,0.035000000,2025,0.044485443,2019,0.143884944,-6,-0.023520000,7,6.328000,-56,0.035281558,2025,0.000000000,0,12.500,33,2193,0,1,
113937358978760,113937357429158,113937357834632,113937358978760,229,2.290000000,plus_a1,state,0,0.035000000,2025,0.049087385,2016,0.263789063,-11,-0.073920000,22,0.452000,-4,0.035281558,2025,0.000000000,0,12.500,33,2203,1,1,
113937368986357,113937367426134,113937367892106,113937368986357,230,2.300000000,plus_a1,state,0,0.035000000,2025,0.050621366,2015,0.383693183,-16,-0.107520000,32,-0.339000,3,0.035281558,2025,0.000000000,0,12.500,33,2213,1,1,
113937378981123,113937377428309,113937377892809,113937378981123,231,2.310000000,plus_a1,state,0,0.035000000,2025,0.050621366,2015,0.431654831,-18,-0.084000000,25,-3.616000,32,0.035281558,2025,0.000000000,0,12.500,33,2223,1,1,
113937388942122,113937387428815,113937387901515,113937388942122,232,2.320000000,plus_a1,state,0,0.035000000,2025,0.050621366,2015,0.431654831,-18,-0.084000000,25,-8.814000,78,0.035281558,2025,0.000000000,0,12.400,33,2233,1,1,
113937398950755,113937397427762,113937398070645,113937398950755,233,2.330000000,plus_a1,state,0,0.035000000,2025,0.049087385,2016,0.383693183,-16,-0.084000000,25,-14.125000,125,0.035281558,2025,0.000000000,0,12.400,33,2243,1,1,
113937409951393,113937407440058,113937408898796,113937409951393,234,2.340000000,plus_a1,state,0,0.035000000,2025,0.044485443,2019,0.263789063,-11,-0.057120000,17,-16.724000,148,0.035281558,2025,0.000000000,0,12.300,33,2254,1,1,
113937419967816,113937417507344,113937418847817,113937419967816,235,2.350000000,plus_a1,state,0,0.035000000,2025,0.038349520,2023,0.119904120,-5,-0.020160000,6,-17.854000,158,0.035281558,2025,0.000000000,0,12.300,33,2264,0,1,
113937429972858,113937427452780,113937428849246,113937429972858,236,2.360000000,plus_a1,state,0,0.035000000,2025,0.029145635,2029,-0.023980824,1,-0.067200000,20,-0.339000,3,0.035281558,2025,0.000000000,0,12.500,33,2274,0,1,
113937439938351,113937437439309,113937438842531,113937439938351,237,2.370000000,plus_a1,state,0,0.035000000,2025,0.023009712,2033,-0.167865767,7,0.000000000,0,-6.667000,59,0.035281558,2025,0.000000000,0,12.500,33,2284,0,1,
113937449998548,113937447505335,113937448867931,113937449998548,238,2.380000000,plus_a1,state,0,0.035000000,2025,0.019941750,2035,-0.287769887,12,0.070560000,-21,0.678000,-6,0.035281558,2025,0.000000000,0,12.400,33,2294,1,1,
113937460048301,113937457517033,113937458869277,113937460048301,239,2.390000000,plus_a1,state,0,0.035000000,2025,0.018407769,2036,-0.383693183,16,0.100800000,-30,1.243000,-11,0.035281558,2025,0.000000000,0,12.400,33,2304,1,1,
113937468844653,113937467438092,113937467805154,113937468844653,240,2.400000000,plus_a1,state,0,0.035000000,2025,0.018407769,2036,-0.407674007,17,0.097440000,-29,3.616000,-32,0.035281558,2025,0.000000000,0,12.400,33,2312,1,1,
113937478874606,113937477435760,113937477815776,113937478874606,241,2.410000000,plus_a1,state,0,0.035000000,2025,0.018407769,2036,-0.407674007,17,0.080640000,-24,9.266000,-82,0.035281558,2025,0.000000000,0,12.400,33,2323,1,1,
113937488932181,113937487434479,113937487823688,113937488932181,242,2.420000000,plus_a1,state,0,0.035000000,2025,0.019941750,2035,-0.359712359,15,0.094080000,-28,16.950000,-150,0.035281558,2025,0.000000000,0,12.500,33,2333,1,1,
113937498882752,113937497431816,113937497823213,113937498882752,243,2.430000000,plus_a1,state,0,0.035000000,2025,0.026077673,2031,-0.239808239,10,0.077280000,-23,16.385000,-145,0.035281558,2025,0.000000000,0,12.400,33,2343,0,1,
113937508819304,113937507428842,113937507790304,113937508819304,244,2.440000000,plus_a1,state,0,0.035000000,2025,0.032213597,2027,-0.119904120,5,0.020160000,-6,17.741000,-157,0.035281558,2025,0.000000000,0,12.300,33,2352,0,1,
113937518828988,113937517432858,113937517790977,113937518828988,245,2.450000000,plus_a1,state,0,0.035000000,2025,0.041417481,2021,0.023980824,-1,0.063840000,-19,2.486000,-22,0.035281558,2025,0.000000000,0,12.500,33,2362,0,1,
113937528839221,113937527439335,113937527801334,113937528839221,246,2.460000000,plus_a1,state,0,0.035000000,2025,0.044485443,2019,0.191846591,-8,-0.023520000,7,2.373000,-21,0.035281558,2025,0.000000000,0,12.500,33,2372,0,1,
113937538827594,113937537436288,113937537795510,113937538827594,247,2.470000000,plus_a1,state,0,0.035000000,2025,0.049087385,2016,0.311750711,-13,0.110880000,-33,0.452000,-4,0.035281558,2025,0.000000000,0,12.500,33,2382,1,1,
113937548828633,113937547441653,113937547823182,113937548828633,248,2.480000000,plus_a1,state,0,0.035000000,2025,0.050621366,2015,0.383693183,-16,-0.070560000,21,-1.582000,14,0.035281558,2025,0.000000000,0,12.500,33,2393,1,1,
113937558849446,113937557434018,113937557799356,113937558849446,249,2.490000000,plus_a1,state,0,0.035000000,2025,0.050621366,2015,0.431654831,-18,-0.084000000,25,-5.537000,49,0.035281558,2025,0.000000000,0,12.500,33,2402,1,1,
113937568895142,113937567431830,113937567820091,113937568895142,250,2.500000000,plus_a1,state,0,0.035000000,2025,0.049087385,2016,0.383693183,-16,-0.077280000,23,-12.091000,107,0.035281558,2025,0.000000000,0,12.400,33,2413,1,1,
113937578896581,113937577430071,113937577829631,113937578896581,251,2.510000000,plus_a1,state,0,0.035000000,2025,0.047553404,2017,0.311750711,-13,-0.063840000,19,-15.029000,133,0.035281558,2025,0.000000000,0,12.300,33,2423,1,1,
113937588890733,113937587427510,113937587813328,113937588890733,252,2.520000000,plus_a1,state,0,0.035000000,2025,0.042951462,2020,0.191846591,-8,-0.043680000,13,-17.063000,151,0.035281558,2025,0.000000000,0,12.400,33,2433,0,1,
113937598904758,113937597435709,113937597821445,113937598904758,253,2.530000000,plus_a1,state,0,0.035000000,2025,0.033747577,2026,0.047961648,-2,-0.010080000,3,-16.385000,145,0.035281558,2025,0.000000000,0,12.400,33,2443,0,1,
113937608925167,113937607431742,113937607832532,113937608925167,254,2.540000000,plus_a1,state,0,0.035000000,2025,0.026077673,2031,-0.095923296,4,0.090720000,-27,-6.780000,60,0.035281558,2025,0.000000000,0,12.400,33,2453,0,1,
113937618850551,113937617434561,113937617809257,113937618850551,255,2.550000000,plus_a1,state,0,0.035000000,2025,0.021475731,2034,-0.215827415,9,-0.006720000,2,0.565000,-5,0.035281558,2025,0.000000000,0,12.400,33,2463,0,1,
113937628888721,113937627436641,113937627813501,113937628888721,256,2.560000000,plus_a1,state,0,0.035000000,2025,0.018407769,2036,-0.311750711,13,0.114240000,-34,0.452000,-4,0.035281558,2025,0.000000000,0,12.400,33,2472,1,1,
113937638960168,113937637429826,113937637830874,113937638960168,257,2.570000000,plus_a1,state,0,0.035000000,2025,0.018407769,2036,-0.383693183,16,0.094080000,-28,3.277000,-29,0.035281558,2025,0.000000000,0,12.400,33,2483,1,1,
113937648944025,113937647433952,113937647817187,113937648944025,258,2.580000000,plus_a1,state,0,0.035000000,2025,0.018407769,2036,-0.407674007,17,0.097440000,-29,6.441000,-57,0.035281558,2025,0.000000000,0,12.400,33,2493,1,1,
113937659937064,113937657440586,113937658820425,113937659937064,259,2.590000000,plus_a1,state,0,0.035000000,2025,0.018407769,2036,-0.383693183,16,0.087360000,-26,14.464000,-128,0.035281558,2025,0.000000000,0,12.400,33,2504,1,1,
113937668935813,113937667438448,113937667819999,113937668935813,260,2.600000000,plus_a1,state,0,0.035000000,2025,0.023009712,2033,-0.287769887,12,0.030240000,-9,14.690000,-130,0.035281558,2025,0.000000000,0,12.300,33,2513,1,1,
113937678937878,113937677436214,113937677834271,113937678937878,261,2.610000000,plus_a1,state,0,0.035000000,2025,0.030679616,2028,-0.167865767,7,0.060480000,-18,17.176000,-152,0.035281558,2025,0.000000000,0,12.400,33,2523,0,1,
113937688964953,113937687440326,113937687825711,113937688964953,262,2.620000000,plus_a1,state,0,0.035000000,2025,0.038349520,2023,0.000000000,0,0.013440000,-4,14.916000,-132,0.035281558,2025,0.000000000,0,12.400,33,2533,0,1,
113937698941950,113937697441167,113937697841255,113937698941950,263,2.630000000,plus_a1,state,0,0.035000000,2025,0.046019424,2018,0.143884944,-6,-0.020160000,6,4.520000,-40,0.035281558,2025,0.000000000,0,12.500,33,2543,0,1,
113937708926159,113937707433456,113937707837062,113937708926159,264,2.640000000,plus_a1,state,0,0.035000000,2025,0.047553404,2017,0.263789063,-11,-0.097440000,29,0.113000,-1,0.035281558,2025,0.000000000,0,12.400,33,2553,1,1,
113937718901717,113937717428485,113937717827725,113937718901717,265,2.650000000,plus_a1,state,0,0.035000000,2025,0.049087385,2016,0.359712359,-15,-0.070560000,21,-0.113000,1,0.035281558,2025,0.000000000,0,12.400,33,2563,1,1,
113937728915412,113937727429590,113937727828300,113937728915412,266,2.660000000,plus_a1,state,0,0.035000000,2025,0.050621366,2015,0.407674007,-17,-0.077280000,23,-4.746000,42,0.035281558,2025,0.000000000,0,12.400,33,2573,1,1,
113937738938091,113937737427753,113937737810253,113937738938091,267,2.670000000,plus_a1,state,0,0.035000000,2025,0.050621366,2015,0.407674007,-17,-0.073920000,22,-10.396000,92,0.035281558,2025,0.000000000,0,12.400,33,2583,1,1,
113937748913390,113937747427622,113937747805786,113937748913390,268,2.680000000,plus_a1,state,0,0.035000000,2025,0.047553404,2017,0.359712359,-15,-0.073920000,22,-14.464000,128,0.035281558,2025,0.000000000,0,12.400,33,2592,1,1,
113937758893490,113937757428760,113937757815643,113937758893490,269,2.690000000,plus_a1,state,0,0.035000000,2025,0.044485443,2019,0.239808239,-10,-0.043680000,13,-16.385000,145,0.035281558,2025,0.000000000,0,12.400,33,2603,0,1,
113937768864292,113937767431086,113937767802072,113937768864292,270,2.700000000,plus_a1,state,0,0.035000000,2025,0.038349520,2023,0.119904120,-5,-0.013440000,4,-17.628000,156,0.035281558,2025,0.000000000,0,12.300,33,2612,0,1,
113937778899067,113937777430982,113937777813332,113937778899067,271,2.710000000,plus_a1,state,0,0.035000000,2025,0.029145635,2029,-0.023980824,1,0.168000000,-50,-11.865000,105,0.035281558,2025,0.000000000,0,12.400,33,2623,0,1,
113937788926803,113937787428475,113937787809743,113937788926803,272,2.720000000,plus_a1,state,0,0.035000000,2025,0.023009712,2033,-0.167865767,7,0.144480000,-43,-6.780000,60,0.035281558,2025,0.000000000,0,12.400,33,2632,0,1,
113937798897863,113937797430177,113937797811414,113937798897863,273,2.730000000,plus_a1,state,0,0.035000000,2025,0.019941750,2035,-0.287769887,12,0.144480000,-43,0.000000,0,0.035281558,2025,0.000000000,0,12.400,33,2642,1,1,
113937808919731,113937807429070,113937807810921,113937808919731,274,2.740000000,plus_a1,state,0,0.035000000,2025,0.018407769,2036,-0.359712359,15,0.094080000,-28,1.695000,-15,0.035281558,2025,0.000000000,0,12.400,33,2653,1,1,
113937818897482,113937817428592,113937817809542,113937818897482,275,2.750000000,plus_a1,state,0,0.035000000,2025,0.018407769,2036,-0.407674007,17,0.097440000,-29,3.729000,-33,0.035281558,2025,0.000000000,0,12.400,33,2663,1,1,
113937828893395,113937827429427,113937827806640,113937828893395,276,2.760000000,plus_a1,state,0,0.035000000,2025,0.018407769,2036,-0.407674007,17,0.087360000,-26,9.379000,-83,0.035281558,2025,0.000000000,0,12.400,33,2673,1,1,
113937838925599,113937837427329,113937837806743,113937838925599,277,2.770000000,plus_a1,state,0,0.035000000,2025,0.019941750,2035,-0.335731535,14,0.107520000,-32,13.786000,-122,0.035281558,2025,0.000000000,0,12.500,33,2683,1,1,
113937848887277,113937847428047,113937847807771,113937848887277,278,2.780000000,plus_a1,state,0,0.035000000,2025,0.026077673,2031,-0.239808239,10,0.053760000,-16,16.611000,-147,0.035281558,2025,0.000000000,0,12.400,33,2692,0,1,
113937859146831,113937857428966,113937857812602,113937859146831,279,2.790000000,plus_a1,state,0,0.035000000,2025,0.035281558,2025,-0.071942472,3,0.010080000,-3,17.741000,-157,0.035281558,2025,0.000000000,0,12.400,33,2703,0,1,
113937869947583,113937867514762,113937868826974,113937869947583,280,2.800000000,plus_a1,state,0,0.035000000,2025,0.044485443,2019,0.095923296,-4,0.013440000,-4,2.938000,-26,0.035281558,2025,0.000000000,0,12.400,32,2714,0,1,
113937879999430,113937877450708,113937878826710,113937879999430,281,2.810000000,plus_a1,state,0,0.035000000,2025,0.046019424,2018,0.239808239,-10,-0.013440000,4,3.164000,-28,0.035281558,2025,0.000000000,0,12.500,32,2724,0,1,
113937889931119,113937887507861,113937888844461,113937889931119,282,2.820000000,plus_a1,state,0,0.035000000,2025,0.049087385,2016,0.335731535,-14,-0.040320000,12,-0.226000,2,0.035281558,2025,0.000000000,0,12.500,32,2734,1,1,
113937899956489,113937897457327,113937898842451,113937899956489,283,2.830000000,plus_a1,state,0,0.035000000,2025,0.050621366,2015,0.407674007,-17,-0.077280000,23,-2.373000,21,0.035281558,2025,0.000000000,0,12.500,32,2744,1,1,
113937909928497,113937907514536,113937908823411,113937909928497,284,2.840000000,plus_a1,state,0,0.035000000,2025,0.050621366,2015,0.407674007,-17,-0.060480000,18,-7.684000,68,0.035281558,2025,0.000000000,0,12.500,32,2754,1,1,
113937919936792,113937917508548,113937918844969,113937919936792,285,2.850000000,plus_a1,state,0,0.035000000,2025,0.049087385,2016,0.383693183,-16,-0.080640000,24,-13.447000,119,0.035281558,2025,0.000000000,0,12.400,32,2764,1,1,
113937929935151,113937927450265,113937928832781,113937929935151,286,2.860000000,plus_a1,state,0,0.035000000,2025,0.046019424,2018,0.287769887,-12,-0.050400000,15,-16.046000,142,0.035281558,2025,0.000000000,0,12.400,32,2774,1,1,
113937939933416,113937937453188,113937938825445,113937939933416,287,2.870000000,plus_a1,state,0,0.035000000,2025,0.039883500,2022,0.143884944,-6,-0.020160000,6,-17.289000,153,0.035281558,2025,0.000000000,0,12.500,32,2784,0,1,
113937949911489,113937947456033,113937948843611,113937949911489,288,2.880000000,plus_a1,state,0,0.035000000,2025,0.032213597,2027,0.000000000,0,-0.033600000,10,-10.283000,91,0.035281558,2025,0.000000000,0,12.400,32,2794,0,1,
113937959920051,113937957451430,113937958824265,113937959920051,289,2.890000000,plus_a1,state,0,0.035000000,2025,0.024543693,2032,-0.119904120,5,0.084000000,-25,-4.972000,44,0.035281558,2025,0.000000000,0,12.400,32,2804,0,1,
113937968938880,113937967438132,113937967812656,113937968938880,290,2.900000000,plus_a1,state,0,0.035000000,2025,0.019941750,2035,-0.239808239,10,-0.016800000,5,-0.226000,2,0.035281558,2025,0.000000000,0,12.400,32,2812,0,1,
113937978953388,113937977432465,113937977811031,113937978953388,291,2.910000000,plus_a1,state,0,0.035000000,2025,0.018407769,2036,-0.335731535,14,0.087360000,-26,0.113000,-1,0.035281558,2025,0.000000000,0,12.400,32,2822,1,1,
113937988903533,113937987431046,113937987812000,113937988903533,292,2.920000000,plus_a1,state,0,0.035000000,2025,0.018407769,2036,-0.407674007,17,0.100800000,-30,3.277000,-29,0.035281558,2025,0.000000000,0,12.400,32,2833,1,1,
113937998897291,113937997428887,113937997813258,113937998897291,293,2.930000000,plus_a1,state,0,0.035000000,2025,0.018407769,2036,-0.407674007,17,0.090720000,-27,6.667000,-59,0.035281558,2025,0.000000000,0,12.400,32,2842,1,1,
113938008892299,113938007428044,113938007806241,113938008892299,294,2.940000000,plus_a1,state,0,0.035000000,2025,0.019941750,2035,-0.383693183,16,0.094080000,-28,14.577000,-129,0.035281558,2025,0.000000000,0,12.400,32,2852,1,1,
113938018894270,113938017425658,113938017808621,113938018894270,295,2.950000000,plus_a1,state,0,0.035000000,2025,0.024543693,2032,-0.287769887,12,0.134400000,-40,15.255000,-135,0.035281558,2025,0.000000000,0,12.400,32,2862,1,1,
113938028890043,113938027427442,113938027808616,113938028890043,296,2.960000000,plus_a1,state,0,0.035000000,2025,0.032213597,2027,-0.143884944,6,0.023520000,-7,17.515000,-155,0.035281558,2025,0.000000000,0,12.400,32,2872,0,1,
113938038887940,113938037432595,113938037809236,113938038887940,297,2.970000000,plus_a1,state,0,0.035000000,2025,0.039883500,2022,0.000000000,0,0.020160000,-6,11.639000,-103,0.035281558,2025,0.000000000,0,12.400,32,2882,0,1,
113938049927969,113938047504184,113938048824626,113938049927969,298,2.980000000,plus_a1,state,0,0.035000000,2025,0.046019424,2018,0.191846591,-8,-0.006720000,2,1.695000,-15,0.035281558,2025,0.000000000,0,12.400,32,2894,0,1,
113938059829178,113938057512602,113938058827094,113938059829178,299,2.990000000,plus_a1,hardware_error,0,0.035000000,2025,,,,,,,,,,,,,,,,,,0
113938069926301,113938067451352,113938068822807,113938069926301,300,3.000000000,center_after_plus_a1,state,0,0.000000000,2048,0.050621366,2015,0.383693183,-16,-0.174720000,52,-5.989000,53,0.000000000,2048,0.000000000,0,12.400,32,2914,1,0,
113938079919968,113938077451392,113938078823038,113938079919968,301,3.010000000,center_after_plus_a1,state,0,0.000000000,2048,0.049087385,2016,0.407674007,-17,-0.295680000,88,-17.741000,157,0.000000000,2048,0.000000000,0,12.400,32,2924,1,0,
113938089906623,113938087459270,113938088840362,113938089906623,302,3.020000000,center_after_plus_a1,state,0,0.000000000,2048,0.046019424,2018,0.383693183,-16,-0.268800000,80,-23.278000,206,0.000000000,2048,0.000000000,0,12.100,32,2934,1,0,
113938099913923,113938097512528,113938098807118,113938099913923,303,3.030000000,center_after_plus_a1,state,0,0.000000000,2048,0.038349520,2023,0.287769887,-12,-0.218400000,65,-27.572000,244,0.000000000,2048,0.000000000,0,12.100,32,2944,1,0,
113938109904325,113938107507849,113938108825072,113938109904325,304,3.040000000,center_after_plus_a1,state,0,0.000000000,2048,0.024543693,2032,0.071942472,-3,-0.157920000,47,-30.284000,268,0.000000000,2048,0.000000000,0,12.500,32,2954,0,0,
113938119936127,113938117451727,113938118819030,113938119936127,305,3.050000000,center_after_plus_a1,state,0,0.000000000,2048,0.009203885,2042,-0.119904120,5,-0.067200000,20,-31.866000,282,0.000000000,2048,0.000000000,0,12.200,33,2964,0,1,
113938129850025,113938127442764,113938128774825,113938129850025,306,3.060000000,center_after_plus_a1,state,0,0.000000000,2048,-0.004601942,2051,-0.359712359,15,-0.013440000,4,-29.380000,260,0.000000000,2048,0.000000000,0,12.200,33,2973,1,1,
113938139901012,113938137447989,113938138780786,113938139901012,307,3.070000000,center_after_plus_a1,state,0,0.000000000,2048,-0.018407769,2060,-0.623501422,26,0.120960000,-36,-14.690000,130,0.000000000,2048,0.000000000,0,12.500,33,2983,1,0,
113938148851904,113938147445218,113938147750158,113938148851904,308,3.080000000,center_after_plus_a1,state,0,0.000000000,2048,-0.026077673,2065,-0.815348013,34,0.188160000,-56,-0.452000,4,0.000000000,2048,0.000000000,0,12.500,33,2992,1,0,
113938158812462,113938157446371,113938157765617,113938158812462,309,3.090000000,center_after_plus_a1,state,0,0.000000000,2048,-0.032213597,2069,-0.983213781,41,0.238560000,-71,-3.277000,29,0.000000000,2048,0.000000000,0,12.400,33,3002,1,0,
113938168849752,113938167436896,113938167777194,113938168849752,310,3.100000000,center_after_plus_a1,state,0,0.000000000,2048,-0.035281558,2071,-1.031175429,43,0.178080000,-53,1.469000,-13,0.000000000,2048,0.000000000,0,12.400,33,3012,1,0,
113938178873420,113938177441371,113938177783263,113938178873420,311,3.110000000,center_after_plus_a1,state,0,0.000000000,2048,-0.035281558,2071,-1.007194605,42,0.204960000,-61,8.814000,-78,0.000000000,2048,0.000000000,0,12.400,33,3022,1,0,
113938188822791,113938187455272,113938187769112,113938188822791,312,3.120000000,center_after_plus_a1,state,0,0.000000000,2048,-0.032213597,2069,-0.887290485,37,0.178080000,-53,19.097000,-169,0.000000000,2048,0.000000000,0,12.400,33,3032,1,0,
113938198843923,113938197444139,113938197781510,113938198843923,313,3.130000000,center_after_plus_a1,state,0,0.000000000,2048,-0.027611654,2066,-0.671463070,28,0.171360000,-51,20.001000,-177,0.000000000,2048,0.000000000,0,12.500,33,3042,1,0,
113938208829063,113938207438005,113938207781155,113938208829063,314,3.140000000,center_after_plus_a1,state,0,0.000000000,2048,-0.019941750,2061,-0.407674007,17,0.110880000,-33,22.826000,-202,0.000000000,2048,0.000000000,0,12.400,33,3052,1,0,
113938219898496,113938217441043,113938218810294,113938219898496,315,3.150000000,center_after_plus_a1,state,0,0.000000000,2048,-0.009203885,2054,-0.143884944,6,0.060480000,-18,25.086000,-222,0.000000000,2048,0.000000000,0,12.200,33,3063,0,1,
113938228826429,113938227452892,113938227772411,113938228826429,316,3.160000000,center_after_plus_a1,state,0,0.000000000,2048,0.001533981,2047,0.071942472,-3,0.006720000,-2,24.408000,-216,0.000000000,2048,0.000000000,0,12.500,33,3072,0,1,
113938238827422,113938237449287,113938237765054,113938238827422,317,3.170000000,center_after_plus_a1,state,0,0.000000000,2048,0.015339808,2038,0.335731535,-14,-0.288960000,86,11.865000,-105,0.000000000,2048,0.000000000,0,12.500,33,3082,1,1,
113938248932725,113938247441105,113938247783651,113938248932725,318,3.180000000,center_after_plus_a1,state,0,0.000000000,2048,0.021475731,2034,0.551558950,-23,-0.016800000,5,2.147000,-19,0.000000000,2048,0.000000000,0,12.500,33,3092,1,0,
113938259866459,113938257448149,113938258783324,113938259866459,319,3.190000000,center_after_plus_a1,state,0,0.000000000,2048,0.026077673,2031,0.695443894,-29,0.016800000,-5,-1.130000,10,0.000000000,2048,0.000000000,0,12.400,33,3103,1,0,
113938269928193,113938267450858,113938268822858,113938269928193,320,3.200000000,center_after_plus_a1,state,0,0.000000000,2048,0.027611654,2030,0.767386366,-32,-0.151200000,45,-3.503000,31,0.000000000,2048,0.000000000,0,12.400,33,3114,1,0,
113938279868938,113938277441709,113938278794194,113938279868938,321,3.210000000,center_after_plus_a1,state,0,0.000000000,2048,0.027611654,2030,0.743405542,-31,-0.110880000,33,-12.204000,108,0.000000000,2048,0.000000000,0,12.200,33,3123,1,0,
113938289891705,113938287441702,113938288797767,113938289891705,322,3.220000000,center_after_plus_a1,state,0,0.000000000,2048,0.024543693,2032,0.647482246,-27,-0.144480000,43,-17.402000,154,0.000000000,2048,0.000000000,0,12.500,33,3133,1,0,
113938298949625,113938297432837,113938297789697,113938298949625,323,3.230000000,center_after_plus_a1,state,0,0.000000000,2048,0.019941750,2035,0.503597302,-21,-0.120960000,36,-19.549000,173,0.000000000,2048,0.000000000,0,12.400,33,3142,1,0,
113938309843415,113938307452409,113938308797159,113938309843415,324,3.240000000,center_after_plus_a1,state,0,0.000000000,2048,0.010737866,2041,0.263789063,-11,-0.063840000,19,-21.696000,192,0.000000000,2048,0.000000000,0,12.200,33,3153,1,1,
113938319871982,113938317444798,113938318826821,113938319871982,325,3.250000000,center_after_plus_a1,state,0,0.000000000,2048,0.001533981,2047,0.023980824,-1,-0.006720000,2,-22.939000,203,0.000000000,2048,0.000000000,0,12.200,33,3164,0,1,
113938329887654,113938327437881,113938328794756,113938329887654,326,3.260000000,center_after_plus_a1,state,0,0.000000000,2048,-0.010737866,2055,-0.167865767,7,-0.057120000,17,-16.498000,146,0.000000000,2048,0.000000000,0,12.500,33,3173,0,1,
113938339919684,113938337456177,113938338794879,113938339919684,327,3.270000000,center_after_plus_a1,state,0,0.000000000,2048,-0.018407769,2060,-0.359712359,15,0.073920000,-22,-5.311000,47,0.000000000,2048,0.000000000,0,12.500,33,3183,1,0,
113938349034436,113938347432210,113938347861604,113938349034436,328,3.280000000,center_after_plus_a1,state,0,0.000000000,2048,-0.021475731,2062,-0.527578126,22,0.171360000,-51,-2.825000,25,0.000000000,2048,0.000000000,0,12.500,33,3193,1,0,
113938359960862,113938357448964,113938358869711,113938359960862,329,3.290000000,center_after_plus_a1,state,0,0.000000000,2048,-0.024543693,2064,-0.623501422,26,0.141120000,-42,1.469000,-13,0.000000000,2048,0.000000000,0,12.500,33,3204,1,0,
113938369920623,113938367508951,113938368826852,113938369920623,330,3.300000000,center_after_plus_a1,state,0,0.000000000,2048,-0.024543693,2064,-0.647482246,27,0.131040000,-39,6.441000,-57,0.000000000,2048,0.000000000,0,12.400,33,3214,1,0,
113938379974008,113938377513368,113938378882253,113938379974008,331,3.310000000,center_after_plus_a1,state,0,0.000000000,2048,-0.024543693,2064,-0.599520598,25,0.120960000,-36,16.159000,-143,0.000000000,2048,0.000000000,0,12.400,33,3224,1,0,
113938388945987,113938387428562,113938387864034,113938388945987,332,3.320000000,center_after_plus_a1,state,0,0.000000000,2048,-0.019941750,2061,-0.503597302,21,0.120960000,-36,16.272000,-144,0.000000000,2048,0.000000000,0,12.600,33,3233,1,0,
113938398968155,113938397432831,113938397875629,113938398968155,333,3.330000000,center_after_plus_a1,state,0,0.000000000,2048,-0.012271846,2056,-0.311750711,13,0.077280000,-23,18.984000,-168,0.000000000,2048,0.000000000,0,12.400,33,3243,1,1,
113938408945657,113938407426744,113938407871851,113938408945657,334,3.340000000,center_after_plus_a1,state,0,0.000000000,2048,-0.006135923,2052,-0.119904120,5,0.050400000,-15,20.340000,-180,0.000000000,2048,0.000000000,0,12.200,33,3253,0,1,
113938418930478,113938417426578,113938417808603,113938418930478,335,3.350000000,center_after_plus_a1,state,0,0.000000000,2048,0.003067962,2046,0.023980824,-1,0.006720000,-2,20.114000,-178,0.000000000,2048,0.000000000,0,12.400,33,3262,0,1,
113938428936775,113938427434872,113938427848432,113938428936775,336,3.360000000,center_after_plus_a1,state,0,0.000000000,2048,0.012271846,2040,0.239808239,-10,-0.114240000,34,10.170000,-90,0.000000000,2048,0.000000000,0,12.400,33,3272,0,1,
113938438869996,113938437427363,113938437854452,113938438869996,337,3.370000000,center_after_plus_a1,state,0,0.000000000,2048,0.018407769,2036,0.407674007,-17,-0.134400000,40,6.215000,-55,0.000000000,2048,0.000000000,0,12.400,33,3282,1,0,
113938448866902,113938447429353,113938447782484,113938448866902,338,3.380000000,center_after_plus_a1,state,0,0.000000000,2048,0.021475731,2034,0.527578126,-22,-0.053760000,16,-0.678000,6,0.000000000,2048,0.000000000,0,12.400,33,3292,1,0,
113938458903140,113938457428863,113938457891117,113938458903140,339,3.390000000,center_after_plus_a1,state,0,0.000000000,2048,0.023009712,2033,0.575539774,-24,-0.114240000,34,-5.424000,48,0.000000000,2048,0.000000000,0,12.400,33,3303,1,0,
113938468887180,113938467433487,113938467806055,113938468887180,340,3.400000000,center_after_plus_a1,state,0,0.000000000,2048,0.021475731,2034,0.575539774,-24,-0.131040000,39,-11.639000,103,0.000000000,2048,0.000000000,0,12.300,33,3312,1,0,
113938479907575,113938477434442,113938478799063,113938479907575,341,3.410000000,center_after_plus_a1,state,0,0.000000000,2048,0.018407769,2036,0.503597302,-21,-0.114240000,34,-16.950000,150,0.000000000,2048,0.000000000,0,12.300,33,3323,1,0,
113938489906716,113938487444331,113938488805471,113938489906716,342,3.420000000,center_after_plus_a1,state,0,0.000000000,2048,0.012271846,2040,0.359712359,-15,-0.067200000,20,-17.967000,159,0.000000000,2048,0.000000000,0,12.500,33,3333,1,1,
113938498878680,113938497429218,113938497788661,113938498878680,343,3.430000000,center_after_plus_a1,state,0,0.000000000,2048,0.007669904,2043,0.191846591,-8,-0.043680000,13,-20.227000,179,0.000000000,2048,0.000000000,0,12.300,33,3342,0,1,
113938508872066,113938507430914,113938507803594,113938508872066,344,3.440000000,center_after_plus_a1,state,0,0.000000000,2048,-0.003067962,2050,0.000000000,0,-0.006720000,2,-19.210000,170,0.000000000,2048,0.000000000,0,12.200,33,3352,0,1,
113938518873768,113938517427163,113938517801491,113938518873768,345,3.450000000,center_after_plus_a1,state,0,0.000000000,2048,-0.012271846,2056,-0.191846591,8,0.114240000,-34,-9.379000,83,0.000000000,2048,0.000000000,0,12.400,33,3362,0,1,
113938528871643,113938527429839,113938527790207,113938528871643,346,3.460000000,center_after_plus_a1,state,0,0.000000000,2048,-0.018407769,2060,-0.359712359,15,0.050400000,-15,-0.791000,7,0.000000000,2048,0.000000000,0,12.400,33,3372,1,0,
113938538897984,113938537427471,113938537797206,113938538897984,347,3.470000000,center_after_plus_a1,state,0,0.000000000,2048,-0.021475731,2062,-0.479616478,20,-0.016800000,5,-0.226000,2,0.000000000,2048,0.000000000,0,12.400,33,3382,1,0,
113938548878526,113938547428978,113938547792500,113938548878526,348,3.480000000,center_after_plus_a1,state,0,0.000000000,2048,-0.021475731,2062,-0.551558950,23,0.117600000,-35,3.390000,-30,0.000000000,2048,0.000000000,0,12.400,33,3392,1,0,
113938558940013,113938557428355,113938557863068,113938558940013,349,3.490000000,center_after_plus_a1,state,0,0.000000000,2048,-0.021475731,2062,-0.551558950,23,0.117600000,-35,8.362000,-74,0.000000000,2048,0.000000000,0,12.400,33,3402,1,0,
113938569908130,113938567453330,113938568792889,113938569908130,350,3.500000000,center_after_plus_a1,state,0,0.000000000,2048,-0.018407769,2060,-0.479616478,20,0.124320000,-37,17.176000,-152,0.000000000,2048,0.000000000,0,12.200,33,3413,1,0,
113938579877844,113938577460282,113938578783752,113938579877844,351,3.510000000,center_after_plus_a1,state,0,0.000000000,2048,-0.012271846,2056,-0.359712359,15,0.073920000,-22,17.402000,-154,0.000000000,2048,0.000000000,0,12.500,33,3423,1,1,
113938589901843,113938587518542,113938588803716,113938589901843,352,3.520000000,center_after_plus_a1,state,0,0.000000000,2048,-0.006135923,2052,-0.167865767,7,0.036960000,-11,19.323000,-171,0.000000000,2048,0.000000000,0,12.500,33,3433,0,1,
113938599886569,113938597512626,113938598784718,113938599886569,353,3.530000000,center_after_plus_a1,state,0,0.000000000,2048,0.001533981,2047,0.000000000,0,0.006720000,-2,19.436000,-172,0.000000000,2048,0.000000000,0,12.300,33,3443,0,1,
113938609911961,113938607503854,113938608798522,113938609911961,354,3.540000000,center_after_plus_a1,state,0,0.000000000,2048,0.010737866,2041,0.167865767,-7,-0.181440000,54,2.147000,-19,0.000000000,2048,0.000000000,0,12.400,33,3453,0,1,
113938619904526,113938617503166,113938618783911,113938619904526,355,3.550000000,center_after_plus_a1,state,0,0.000000000,2048,0.016873789,2037,0.335731535,-14,0.097440000,-29,0.226000,-2,0.000000000,2048,0.000000000,0,12.400,33,3463,1,1,
113938629881817,113938627450877,113938628784997,113938629881817,356,3.560000000,center_after_plus_a1,state,0,0.000000000,2048,0.019941750,2035,0.455635655,-19,-0.127680000,38,-0.226000,2,0.000000000,2048,0.000000000,0,12.400,33,3473,1,0,
113938640053641,113938637447804,113938638823968,113938640053641,357,3.570000000,center_after_plus_a1,state,0,0.000000000,2048,0.021475731,2034,0.527578126,-22,-0.104160000,31,-4.294000,38,0.000000000,2048,0.000000000,0,12.400,33,3484,1,0,
113938649969115,113938647443117,113938648771348,113938649969115,358,3.580000000,center_after_plus_a1,state,0,0.000000000,2048,0.019941750,2035,0.503597302,-21,-0.100800000,30,-11.413000,101,0.000000000,2048,0.000000000,0,12.400,33,3493,1,0,
113938659859531,113938657454264,113938658781532,113938659859531,359,3.590000000,center_after_plus_a1,state,0,0.000000000,2048,0.018407769,2036,0.455635655,-19,-0.100800000,30,-16.272000,144,0.000000000,2048,0.000000000,0,12.400,33,3503,1,0,
113938669886243,113938667503528,113938668786007,113938669886243,360,3.600000000,center_after_plus_a1,state,0,0.000000000,2048,0.010737866,2041,0.359712359,-15,-0.070560000,21,-17.289000,153,0.000000000,2048,0.000000000,0,12.300,33,3513,1,1,
113938679885488,113938677508942,113938678801336,113938679885488,361,3.610000000,center_after_plus_a1,state,0,0.000000000,2048,0.006135923,2044,0.167865767,-7,-0.040320000,12,-19.549000,173,0.000000000,2048,0.000000000,0,12.500,33,3523,0,1,
113938689893789,113938687509227,113938688801898,113938689893789,362,3.620000000,center_after_plus_a1,state,0,0.000000000,2048,-0.003067962,2050,0.000000000,0,-0.010080000,3,-18.645000,165,0.000000000,2048,0.000000000,0,12.400,33,3533,0,1,
113938699901317,113938697513491,113938698809989,113938699901317,363,3.630000000,center_after_plus_a1,state,0,0.000000000,2048,-0.010737866,2055,-0.167865767,7,0.026880000,-8,-7.119000,63,0.000000000,2048,0.000000000,0,12.400,33,3543,0,1,
113938709902083,113938707506401,113938708792671,113938709902083,364,3.640000000,center_after_plus_a1,state,0,0.000000000,2048,-0.016873789,2059,-0.311750711,13,0.161280000,-48,-2.034000,18,0.000000000,2048,0.000000000,0,12.400,33,3553,1,1,
113938719894539,113938717441945,113938718784744,113938719894539,365,3.650000000,center_after_plus_a1,state,0,0.000000000,2048,-0.019941750,2061,-0.455635655,19,0.147840000,-44,0.339000,-3,0.000000000,2048,0.000000000,0,12.400,33,3563,1,0,
113938728886018,113938727430565,113938727772443,113938728886018,366,3.660000000,center_after_plus_a1,state,0,0.000000000,2048,-0.019941750,2061,-0.503597302,21,0.110880000,-33,3.390000,-30,0.000000000,2048,0.000000000,0,12.400,33,3572,1,0,
113938739952518,113938737449451,113938738812246,113938739952518,367,3.670000000,center_after_plus_a1,state,0,0.000000000,2048,-0.019941750,2061,-0.503597302,21,0.107520000,-32,8.249000,-73,0.000000000,2048,0.000000000,0,12.400,33,3583,1,0,
113938749848831,113938747453973,113938748831897,113938749848831,368,3.680000000,center_after_plus_a1,state,0,0.000000000,2048,-0.018407769,2060,-0.455635655,19,0.110880000,-33,16.837000,-149,0.000000000,2048,0.000000000,0,12.400,33,3594,1,0,
113938759899305,113938757441337,113938758770609,113938759899305,369,3.690000000,center_after_plus_a1,state,0,0.000000000,2048,-0.012271846,2056,-0.335731535,14,0.087360000,-26,16.724000,-148,0.000000000,2048,0.000000000,0,12.300,33,3603,1,1,
113938769867296,113938767442423,113938768793522,113938769867296,370,3.700000000,center_after_plus_a1,state,0,0.000000000,2048,-0.004601942,2051,-0.167865767,7,0.026880000,-8,17.967000,-159,0.000000000,2048,0.000000000,0,12.300,33,3613,0,1,
113938779906039,113938777433966,113938778797481,113938779906039,371,3.710000000,center_after_plus_a1,state,0,0.000000000,2048,0.001533981,2047,0.000000000,0,0.006720000,-2,19.549000,-173,0.000000000,2048,0.000000000,0,12.500,33,3623,0,1,
113938789854606,113938787437299,113938788790045,113938789854606,372,3.720000000,center_after_plus_a1,state,0,0.000000000,2048,0.010737866,2041,0.143884944,-6,0.053760000,-16,4.859000,-43,0.000000000,2048,0.000000000,0,12.400,33,3633,0,1,
113938799895908,113938797437913,113938798776026,113938799895908,373,3.730000000,center_after_plus_a1,state,0,0.000000000,2048,0.015339808,2038,0.311750711,-13,-0.073920000,22,5.537000,-49,0.000000000,2048,0.000000000,0,12.400,33,3643,1,1,
113938808955066,113938807428954,113938807789018,113938808955066,374,3.740000000,center_after_plus_a1,state,0,0.000000000,2048,0.018407769,2036,0.407674007,-17,-0.141120000,42,-0.678000,6,0.000000000,2048,0.000000000,0,12.400,33,3652,1,0,
113938819873898,113938817438051,113938818785873,113938819873898,375,3.750000000,center_after_plus_a1,state,0,0.000000000,2048,0.019941750,2035,0.503597302,-21,-0.097440000,29,-3.616000,32,0.000000000,2048,0.000000000,0,12.400,33,3663,1,0,
113938829883173,113938827435746,113938828797540,113938829883173,376,3.760000000,center_after_plus_a1,state,0,0.000000000,2048,0.019941750,2035,0.503597302,-21,-0.104160000,31,-10.848000,96,0.000000000,2048,0.000000000,0,12.300,33,3673,1,0,
113938838802303,113938837432527,113938837752704,113938838802303,377,3.770000000,center_after_plus_a1,state,0,0.000000000,2048,0.018407769,2036,0.455635655,-19,-0.100800000,30,-16.159000,143,0.000000000,2048,0.000000000,0,12.500,33,3682,1,0,
113938849885851,113938847436459,113938848793907,113938849885851,378,3.780000000,center_after_plus_a1,state,0,0.000000000,2048,0.010737866,2041,0.335731535,-14,-0.063840000,19,-17.402000,154,0.000000000,2048,0.000000000,0,12.400,33,3693,1,1,
113938859984457,113938857453101,113938858807288,113938859984457,379,3.790000000,center_after_plus_a1,state,0,0.000000000,2048,0.004601942,2045,0.143884944,-6,-0.030240000,9,-19.775000,175,0.000000000,2048,0.000000000,0,12.300,33,3704,0,1,
113938869894532,113938867438350,113938868791614,113938869894532,380,3.800000000,center_after_plus_a1,state,0,0.000000000,2048,-0.003067962,2050,0.000000000,0,-0.016800000,5,-17.063000,151,0.000000000,2048,0.000000000,0,12.300,33,3713,0,1,
113938879908575,113938877440604,113938878791710,113938879908575,381,3.810000000,center_after_plus_a1,state,0,0.000000000,2048,-0.010737866,2055,-0.167865767,7,-0.013440000,4,-0.904000,8,0.000000000,2048,0.000000000,0,12.400,33,3723,0,1,
113938889912063,113938887432957,113938888776612,113938889912063,382,3.820000000,center_after_plus_a1,state,0,0.000000000,2048,-0.016873789,2059,-0.311750711,13,0.194880000,-58,-0.339000,3,0.000000000,2048,0.000000000,0,12.400,33,3733,1,1,
113938899863620,113938897440805,113938898791212,113938899863620,383,3.830000000,center_after_plus_a1,state,0,0.000000000,2048,-0.019941750,2061,-0.431654831,18,0.134400000,-40,0.113000,-1,0.000000000,2048,0.000000000,0,12.400,33,3743,1,0,
113938909948350,113938907451146,113938908808254,113938909948350,384,3.840000000,center_after_plus_a1,state,0,0.000000000,2048,-0.019941750,2061,-0.503597302,21,0.114240000,-34,3.616000,-32,0.000000000,2048,0.000000000,0,12.400,33,3753,1,0,
113938919896377,113938917505266,113938918803316,113938919896377,385,3.850000000,center_after_plus_a1,state,0,0.000000000,2048,-0.019941750,2061,-0.479616478,20,0.110880000,-33,8.136000,-72,0.000000000,2048,0.000000000,0,12.400,33,3763,1,0,
113938929889262,113938927505411,113938928804441,113938929889262,386,3.860000000,center_after_plus_a1,state,0,0.000000000,2048,-0.018407769,2060,-0.431654831,18,0.104160000,-31,17.063000,-151,0.000000000,2048,0.000000000,0,12.300,33,3773,1,0,
113938939876693,113938937519441,113938938767344,113938939876693,387,3.870000000,center_after_plus_a1,state,0,0.000000000,2048,-0.012271846,2056,-0.311750711,13,0.090720000,-27,16.724000,-148,0.000000000,2048,0.000000000,0,12.400,33,3783,1,1,
113938949864997,113938947508693,113938948789454,113938949864997,388,3.880000000,center_after_plus_a1,state,0,0.000000000,2048,-0.003067962,2050,-0.167865767,7,0.030240000,-9,17.967000,-159,0.000000000,2048,0.000000000,0,12.400,33,3793,0,1,
113938959929154,113938957502608,113938958819375,113938959929154,389,3.890000000,center_after_plus_a1,state,0,0.000000000,2048,0.001533981,2047,0.000000000,0,0.003360000,-1,17.741000,-157,0.000000000,2048,0.000000000,0,12.300,33,3803,0,1,
113938969872751,113938967452196,113938968768195,113938969872751,390,3.900000000,center_after_plus_a1,state,0,0.000000000,2048,0.009203885,2042,0.167865767,-7,0.060480000,-18,1.243000,-11,0.000000000,2048,0.000000000,0,12.400,33,3813,0,1,
113938979864610,113938977503612,113938978818321,113938979864610,391,3.910000000,center_after_plus_a1,state,0,0.000000000,2048,0.015339808,2038,0.311750711,-13,-0.104160000,31,2.147000,-19,0.000000000,2048,0.000000000,0,12.400,33,3823,1,1,
113938989857857,113938987446537,113938988762500,113938989857857,392,3.920000000,center_after_plus_a1,state,0,0.000000000,2048,0.016873789,2037,0.407674007,-17,-0.110880000,33,-0.452000,4,0.000000000,2048,0.000000000,0,12.400,33,3833,1,1,
113938999873605,113938997443205,113938998776561,113938999873605,393,3.930000000,center_after_plus_a1,state,0,0.000000000,2048,0.018407769,2036,0.479616478,-20,-0.094080000,28,-2.599000,23,0.000000000,2048,0.000000000,0,12.400,33,3843,1,0,
113939009915199,113939007438039,113939008794094,113939009915199,394,3.940000000,center_after_plus_a1,state,0,0.000000000,2048,0.018407769,2036,0.479616478,-20,-0.100800000,30,-9.831000,87,0.000000000,2048,0.000000000,0,12.400,33,3853,1,0,
113939019846024,113939017433394,113939018747902,113939019846024,395,3.950000000,center_after_plus_a1,state,0,0.000000000,2048,0.015339808,2038,0.407674007,-17,-0.090720000,27,-14.916000,132,0.000000000,2048,0.000000000,0,12.400,33,3863,1,1,
113939029851488,113939027437518,113939028761276,113939029851488,396,3.960000000,center_after_plus_a1,state,0,0.000000000,2048,0.010737866,2041,0.311750711,-13,-0.067200000,20,-16.611000,147,0.000000000,2048,0.000000000,0,12.400,33,3873,1,1,
113939039828726,113939037429531,113939038748946,113939039828726,397,3.970000000,center_after_plus_a1,state,0,0.000000000,2048,0.004601942,2045,0.167865767,-7,-0.026880000,8,-18.645000,165,0.000000000,2048,0.000000000,0,12.500,33,3883,0,1,
113939049859805,113939047450065,113939048771501,113939049859805,398,3.980000000,center_after_plus_a1,state,0,0.000000000,2048,-0.003067962,2050,0.000000000,0,-0.006720000,2,-17.515000,155,0.000000000,2048,0.000000000,0,12.400,33,3893,0,1,
113939059784095,113939057434552,113939058777689,113939059784095,399,3.990000000,center_after_plus_a1,hardware_error,0,0.000000000,2048,,,,,,,,,,,,,,,,,,0
113939069871745,113939067451084,113939068763314,113939069871745,400,4.000000000,center_after_plus_a1,state,0,0.000000000,2048,-0.016873789,2059,-0.311750711,13,0.026880000,-8,-1.582000,14,0.000000000,2048,0.000000000,0,12.400,33,3913,1,1,
113939079871141,113939077511107,113939078766196,113939079871141,401,4.010000000,center_after_plus_a1,state,0,0.000000000,2048,-0.019941750,2061,-0.407674007,17,0.124320000,-37,0.565000,-5,0.000000000,2048,0.000000000,0,12.400,33,3923,1,0,
113939089873568,113939087506992,113939088761810,113939089873568,402,4.020000000,center_after_plus_a1,state,0,0.000000000,2048,-0.019941750,2061,-0.479616478,20,0.110880000,-33,3.277000,-29,0.000000000,2048,0.000000000,0,12.400,33,3933,1,0,
113939099862669,113939097510185,113939098764121,113939099862669,403,4.030000000,center_after_plus_a1,state,0,0.000000000,2048,-0.019941750,2061,-0.479616478,20,0.100800000,-30,8.136000,-72,0.000000000,2048,0.000000000,0,12.400,33,3943,1,0,
113939109943372,113939107510473,113939108798047,113939109943372,404,4.040000000,center_after_plus_a1,state,0,0.000000000,2048,-0.018407769,2060,-0.431654831,18,0.107520000,-32,16.837000,-149,0.000000000,2048,0.000000000,0,12.400,33,3953,1,0,
113939119863841,113939117504891,113939118763567,113939119863841,405,4.050000000,center_after_plus_a1,state,0,0.000000000,2048,-0.012271846,2056,-0.311750711,13,0.053760000,-16,16.837000,-149,0.000000000,2048,0.000000000,0,12.400,33,3963,1,1,
113939129862039,113939127504057,113939128761894,113939129862039,406,4.060000000,center_after_plus_a1,state,0,0.000000000,2048,-0.004601942,2051,-0.167865767,7,0.026880000,-8,17.967000,-159,0.000000000,2048,0.000000000,0,12.500,33,3973,0,1,
113939139872238,113939137509482,113939138763237,113939139872238,407,4.070000000,center_after_plus_a1,state,0,0.000000000,2048,0.001533981,2047,0.000000000,0,0.016800000,-5,15.029000,-133,0.000000000,2048,0.000000000,0,12.400,33,3983,0,1,
113939149874220,113939147512313,113939148764114,113939149874220,408,4.080000000,center_after_plus_a1,state,0,0.000000000,2048,0.007669904,2043,0.167865767,-7,-0.087360000,26,9.379000,-83,0.000000000,2048,0.000000000,0,12.500,33,3993,0,1,
113939159874472,113939157503120,113939158761321,113939159874472,409,4.090000000,center_after_plus_a1,state,0,0.000000000,2048,0.013805827,2039,0.287769887,-12,-0.087360000,26,0.000000,0,0.000000000,2048,0.000000000,0,12.500,33,4003,1,1,
113939169864375,113939167449837,113939168758653,113939169864375,410,4.100000000,center_after_plus_a1,state,0,0.000000000,2048,0.015339808,2038,0.407674007,-17,-0.070560000,21,-0.565000,5,0.000000000,2048,0.000000000,0,12.500,33,4013,1,1,
113939179869322,113939177503255,113939178764518,113939179869322,411,4.110000000,center_after_plus_a1,state,0,0.000000000,2048,0.015339808,2038,0.455635655,-19,-0.080640000,24,-3.616000,32,0.000000000,2048,0.000000000,0,12.500,33,4023,1,1,
113939189928476,113939187513224,113939188761222,113939189928476,412,4.120000000,center_after_plus_a1,state,0,0.000000000,2048,0.015339808,2038,0.431654831,-18,-0.077280000,23,-9.718000,86,0.000000000,2048,0.000000000,0,12.500,33,4033,1,1,
113939199931171,113939197503042,113939198832135,113939199931171,413,4.130000000,center_after_plus_a1,state,0,0.000000000,2048,0.013805827,2039,0.359712359,-15,-0.077280000,23,-14.464000,128,0.000000000,2048,0.000000000,0,12.500,33,4043,1,1,
113939209986866,113939207466075,113939208859295,113939209986866,414,4.140000000,center_after_plus_a1,state,0,0.000000000,2048,0.007669904,2043,0.263789063,-11,-0.053760000,16,-16.272000,144,0.000000000,2048,0.000000000,0,12.400,33,4053,1,1,
113939219860033,113939217450986,113939218764734,113939219860033,415,4.150000000,center_after_plus_a1,state,0,0.000000000,2048,0.003067962,2046,0.119904120,-5,-0.016800000,5,-17.854000,158,0.000000000,2048,0.000000000,0,12.400,33,4063,0,1,
113939229856679,113939227508938,113939228763922,113939229856679,416,4.160000000,center_after_plus_a1,state,0,0.000000000,2048,-0.004601942,2051,0.000000000,0,-0.036960000,11,-9.831000,87,0.000000000,2048,0.000000000,0,12.500,33,4073,0,1,
113939240102216,113939237508190,113939238766793,113939240102216,417,4.170000000,center_after_plus_a1,state,0,0.000000000,2048,-0.010737866,2055,-0.143884944,6,0.097440000,-29,-5.989000,53,0.000000000,2048,0.000000000,0,12.500,33,4083,0,1,
113939249924049,113939247451562,113939248834885,113939249924049,418,4.180000000,center_after_plus_a1,state,0,0.000000000,2048,-0.015339808,2058,-0.287769887,12,0.026880000,-8,-0.678000,6,0.000000000,2048,0.000000000,0,12.500,33,4093,1,1,
113939260103398,113939257508580,113939258959797,113939260103398,419,4.190000000,center_after_plus_a1,state,0,0.000000000,2048,-0.018407769,2060,-0.383693183,16,0.084000000,-25,2.147000,-19,0.000000000,2048,0.000000000,0,12.500,33,4104,1,0,
113939270107916,113939267438925,113939268831653,113939270107916,420,4.200000000,center_after_plus_a1,state,0,0.000000000,2048,-0.018407769,2060,-0.431654831,18,0.107520000,-32,3.616000,-32,0.000000000,2048,0.000000000,0,12.500,33,4113,1,0,
113939279926973,113939277507620,113939278827927,113939279926973,421,4.210000000,center_after_plus_a1,state,0,0.000000000,2048,-0.018407769,2060,-0.407674007,17,0.077280000,-23,9.153000,-81,0.000000000,2048,0.000000000,0,12.400,33,4123,1,0,
113939289933149,113939287510004,113939288828149,113939289933149,422,4.220000000,center_after_plus_a1,state,0,0.000000000,2048,-0.013805827,2057,-0.359712359,15,0.151200000,-45,14.464000,-128,0.000000000,2048,0.000000000,0,12.400,33,4133,1,1,
113939299924301,113939297510912,113939298823223,113939299924301,423,4.230000000,center_after_plus_a1,state,0,0.000000000,2048,-0.009203885,2054,-0.263789063,11,0.047040000,-14,16.837000,-149,0.000000000,2048,0.000000000,0,12.400,33,4143,1,1,
113939309925759,113939307501471,113939308825507,113939309925759,424,4.240000000,center_after_plus_a1,state,0,0.000000000,2048,-0.001533981,2049,-0.095923296,4,0.013440000,-4,17.628000,-156,0.000000000,2048,0.000000000,0,12.400,33,4153,0,1,
113939319932346,113939317512165,113939318824153,113939319932346,425,4.250000000,center_after_plus_a1,state,0,0.000000000,2048,0.003067962,2046,0.047961648,-2,-0.258720000,77,5.085000,-45,0.000000000,2048,0.000000000,0,12.400,33,4163,0,1,
113939329931617,113939327505103,113939328823874,113939329931617,426,4.260000000,center_after_plus_a1,state,0,0.000000000,2048,0.010737866,2041,0.191846591,-8,0.023520000,-7,3.277000,-29,0.000000000,2048,0.000000000,0,12.400,33,4173,0,1,
113939339923666,113939337506275,113939338962647,113939339923666,427,4.270000000,center_after_plus_a1,state,0,0.000000000,2048,0.012271846,2040,0.311750711,-13,-0.107520000,32,-0.226000,2,0.000000000,2048,0.000000000,0,12.400,33,4184,1,1,
113939349910429,113939347451171,113939348835559,113939349910429,428,4.280000000,center_after_plus_a1,state,0,0.000000000,2048,0.013805827,2039,0.383693183,-16,-0.077280000,23,-1.243000,11,0.000000000,2048,0.000000000,0,12.400,33,4193,1,1,
113939359905240,113939357502616,113939358826387,113939359905240,429,4.290000000,center_after_plus_a1,state,0,0.000000000,2048,0.013805827,2039,0.407674007,-17,-0.067200000,20,-6.215000,55,0.000000000,2048,0.000000000,0,12.400,33,4203,1,1,
113939369923469,113939367439432,113939368927116,113939369923469,430,4.300000000,center_after_plus_a1,state,0,0.000000000,2048,0.013805827,2039,0.383693183,-16,-0.070560000,21,-11.752000,104,0.000000000,2048,0.000000000,0,12.400,33,4214,1,1,
113939379907992,113939377451548,113939378830786,113939379907992,431,4.310000000,center_after_plus_a1,state,0,0.000000000,2048,0.010737866,2041,0.311750711,-13,-0.060480000,18,-14.690000,130,0.000000000,2048,0.000000000,0,12.400,33,4223,1,1,
113939389895965,113939387435744,113939388798881,113939389895965,432,4.320000000,center_after_plus_a1,state,0,0.000000000,2048,0.004601942,2045,0.191846591,-8,-0.026880000,8,-16.385000,145,0.000000000,2048,0.000000000,0,12.400,33,4233,0,1,
113939399873522,113939397429274,113939398798384,113939399873522,433,4.330000000,center_after_plus_a1,state,0,0.000000000,2048,0.000000000,2048,0.047961648,-2,-0.003360000,1,-17.515000,155,0.000000000,2048,0.000000000,0,12.400,33,4243,0,1,
113939409879427,113939407428462,113939408799789,113939409879427,434,4.340000000,center_after_plus_a1,state,0,0.000000000,2048,-0.009203885,2054,-0.071942472,3,-0.020160000,6,-3.503000,31,0.000000000,2048,0.000000000,0,12.400,33,4253,0,1,
113939419967255,113939417438632,113939418817132,113939419967255,435,4.350000000,center_after_plus_a1,state,0,0.000000000,2048,-0.013805827,2057,-0.191846591,8,0.097440000,-29,-0.452000,4,0.000000000,2048,0.000000000,0,12.400,33,4263,0,1,
113939429840109,113939427514382,113939428749603,113939429840109,436,4.360000000,center_after_plus_a1,state,0,0.000000000,2048,-0.016873789,2059,-0.311750711,13,0.094080000,-28,1.695000,-15,0.000000000,2048,0.000000000,0,12.400,33,4273,1,1,
113939439910298,113939437512876,113939438746520,113939439910298,437,4.370000000,center_after_plus_a1,state,0,0.000000000,2048,-0.018407769,2060,-0.383693183,16,0.097440000,-29,3.164000,-28,0.000000000,2048,0.000000000,0,12.400,33,4283,1,0,
113939449910918,113939447520631,113939448807988,113939449910918,438,4.380000000,center_after_plus_a1,state,0,0.000000000,2048,-0.016873789,2059,-0.407674007,17,0.084000000,-25,6.102000,-54,0.000000000,2048,0.000000000,0,12.400,33,4293,1,1,
113939460089517,113939457508482,113939458928273,113939460089517,439,4.390000000,center_after_plus_a1,state,0,0.000000000,2048,-0.016873789,2059,-0.359712359,15,0.080640000,-24,14.803000,-131,0.000000000,2048,0.000000000,0,12.400,33,4304,1,1,
113939469849875,113939467509844,113939468772928,113939469849875,440,4.400000000,center_after_plus_a1,state,0,0.000000000,2048,-0.012271846,2056,-0.311750711,13,0.077280000,-23,15.255000,-135,0.000000000,2048,0.000000000,0,12.400,33,4313,1,1,
113939479841517,113939477440005,113939478743636,113939479841517,441,4.410000000,center_after_plus_a1,state,0,0.000000000,2048,-0.004601942,2051,-0.167865767,7,0.043680000,-13,17.063000,-151,0.000000000,2048,0.000000000,0,12.600,33,4323,0,1,
113939489842205,113939487508605,113939488750749,113939489842205,442,4.420000000,center_after_plus_a1,state,0,0.000000000,2048,0.001533981,2047,0.000000000,0,0.010080000,-3,15.820000,-140,0.000000000,2048,0.000000000,0,12.500,33,4333,0,1,
113939499840478,113939497506662,113939498745610,113939499840478,443,4.430000000,center_after_plus_a1,state,0,0.000000000,2048,0.006135923,2044,0.119904120,-5,-0.198240000,59,4.859000,-43,0.000000000,2048,0.000000000,0,12.500,33,4343,0,1,
113939509857783,113939507503148,113939508742892,113939509857783,444,4.440000000,center_after_plus_a1,state,0,0.000000000,2048,0.010737866,2041,0.239808239,-10,0.006720000,-2,0.113000,-1,0.000000000,2048,0.000000000,0,12.400,33,4353,0,1,
113939519855045,113939517507210,113939518748465,113939519855045,445,4.450000000,center_after_plus_a1,state,0,0.000000000,2048,0.012271846,2040,0.335731535,-14,-0.063840000,19,-0.565000,5,0.000000000,2048,0.000000000,0,12.400,33,4363,1,1,
113939529867547,113939527505363,113939528745070,113939529867547,446,4.460000000,center_after_plus_a1,state,0,0.000000000,2048,0.013805827,2039,0.383693183,-16,-0.060480000,18,-2.712000,24,0.000000000,2048,0.000000000,0,12.400,33,4373,1,1,
113939539841616,113939537520696,113939538756912,113939539841616,447,4.470000000,center_after_plus_a1,state,0,0.000000000,2048,0.013805827,2039,0.383693183,-16,-0.063840000,19,-8.249000,73,0.000000000,2048,0.000000000,0,12.400,33,4383,1,1,
113939549901562,113939547504152,113939548817002,113939549901562,448,4.480000000,center_after_plus_a1,state,0,0.000000000,2048,0.012271846,2040,0.335731535,-14,-0.063840000,19,-13.108000,116,0.000000000,2048,0.000000000,0,12.400,33,4393,1,1,
113939559811730,113939557451176,113939558806014,113939559811730,449,4.490000000,center_after_plus_a1,state,0,0.000000000,2048,0.007669904,2043,0.239808239,-10,-0.047040000,14,-14.916000,132,0.000000000,2048,0.000000000,0,12.400,33,4403,0,1,
113939569842054,113939567438160,113939568750516,113939569842054,450,4.500000000,minus_a1,state,0,-0.035000000,2071,0.003067962,2046,0.119904120,-5,-0.013440000,4,-16.724000,148,-0.035281558,2071,0.000000000,0,12.200,33,4413,0,0,
113939579814585,113939577429733,113939578731548,113939579814585,451,4.510000000,minus_a1,state,0,-0.035000000,2071,-0.004601942,2051,0.000000000,0,-0.184800000,55,-24.747000,219,-0.035281558,2071,0.000000000,0,12.500,33,4423,0,0,
113939589808535,113939587429978,113939588731669,113939589808535,452,4.520000000,minus_a1,state,0,-0.035000000,2071,-0.016873789,2059,-0.143884944,6,-0.114240000,34,-27.459000,243,-0.035281558,2071,0.000000000,0,12.500,33,4433,0,0,
113939599805577,113939597430310,113939598726285,113939599805577,453,4.530000000,minus_a1,state,0,-0.035000000,2071,-0.030679616,2068,-0.311750711,13,-0.020160000,6,-28.137000,249,-0.035281558,2071,0.000000000,0,12.200,33,4443,1,1,
113939609811951,113939607430717,113939608737303,113939609811951,454,4.540000000,minus_a1,state,0,-0.035000000,2071,-0.042951462,2076,-0.503597302,21,-0.087360000,26,-9.379000,83,-0.035281558,2071,0.000000000,0,12.300,33,4453,1,1,
113939619810909,113939617427436,113939618728084,113939619810909,455,4.550000000,minus_a1,state,0,-0.035000000,2071,-0.053689328,2083,-0.695443894,29,0.057120000,-17,-5.989000,53,-0.035281558,2071,0.000000000,0,12.400,33,4463,1,0,
113939629835795,113939627435577,113939628763793,113939629835795,456,4.560000000,minus_a1,state,0,-0.035000000,2071,-0.059825251,2087,-0.839328837,35,0.087360000,-26,-6.667000,59,-0.035281558,2071,0.000000000,0,12.400,33,4473,1,0,
113939639830890,113939637431972,113939638738990,113939639830890,457,4.570000000,minus_a1,state,0,-0.035000000,2071,-0.062893212,2089,-0.935252133,39,0.157920000,-47,-1.243000,11,-0.035281558,2071,0.000000000,0,12.400,33,4483,1,0,
113939649847120,113939647437042,113939648762277,113939649847120,458,4.580000000,minus_a1,state,0,-0.035000000,2071,-0.065961174,2091,-0.935252133,39,0.184800000,-55,3.616000,-32,-0.035281558,2071,0.000000000,0,12.400,33,4493,1,0,
113939659824815,113939657438657,113939658746539,113939659824815,459,4.590000000,minus_a1,state,0,-0.035000000,2071,-0.064427193,2090,-0.863309661,36,0.137760000,-41,11.300000,-100,-0.035281558,2071,0.000000000,0,12.200,33,4503,1,0,
113939669831734,113939667444268,113939668749189,113939669831734,460,4.600000000,minus_a1,state,0,-0.035000000,2071,-0.061359232,2088,-0.719424718,30,0.168000000,-50,16.159000,-143,-0.035281558,2071,0.000000000,0,12.600,33,4513,1,0,
113939679779211,113939677505705,113939678731476,113939679779211,461,4.610000000,minus_a1,state,0,-0.035000000,2071,-0.055223308,2084,-0.503597302,21,0.137760000,-41,20.227000,-179,-0.035281558,2071,0.000000000,0,12.500,33,4523,1,0,
113939689736887,113939687513556,113939688699348,113939689736887,462,4.620000000,minus_a1,state,0,-0.035000000,2071,-0.046019424,2078,-0.263789063,11,0.073920000,-22,22.487000,-199,-0.035281558,2071,0.000000000,0,12.200,33,4533,1,1,
113939699754561,113939697500997,113939698729990,113939699754561,463,4.630000000,minus_a1,state,0,-0.035000000,2071,-0.038349520,2073,-0.023980824,1,0.033600000,-10,23.504000,-208,-0.035281558,2071,0.000000000,0,12.200,33,4543,0,1,
113939709820948,113939707506923,113939708744270,113939709820948,464,4.640000000,minus_a1,state,0,-0.035000000,2071,-0.026077673,2065,0.191846591,-8,0.090720000,-27,2.373000,-21,-0.035281558,2071,0.000000000,0,12.500,33,4553,0,1,
113939719808811,113939717437738,113939718743104,113939719808811,465,4.650000000,minus_a1,state,0,-0.035000000,2071,-0.018407769,2060,0.407674007,-17,-0.211680000,63,2.260000,-20,-0.035281558,2071,0.000000000,0,12.500,33,4563,1,1,
113939729845233,113939727439550,113939728738690,113939729845233,466,4.660000000,minus_a1,state,0,-0.035000000,2071,-0.013805827,2057,0.551558950,-23,-0.194880000,58,1.017000,-9,-0.035281558,2071,0.000000000,0,12.500,33,4573,1,0,
113939739762259,113939737430146,113939738712914,113939739762259,467,4.670000000,minus_a1,state,0,-0.035000000,2071,-0.010737866,2055,0.647482246,-27,-0.127680000,38,-1.017000,9,-0.035281558,2071,0.000000000,0,12.500,33,4583,1,0,
113939749809141,113939747436138,113939748742178,113939749809141,468,4.680000000,minus_a1,state,0,-0.035000000,2071,-0.010737866,2055,0.671463070,-28,-0.120960000,36,-7.910000,70,-0.035281558,2071,0.000000000,0,12.500,33,4593,1,0,
113939759874880,113939757430512,113939758713816,113939759874880,469,4.690000000,minus_a1,state,0,-0.035000000,2071,-0.010737866,2055,0.623501422,-26,-0.131040000,39,-14.238000,126,-0.035281558,2071,0.000000000,0,12.200,33,4603,1,0,
113939769828039,113939767512410,113939768730808,113939769828039,470,4.700000000,minus_a1,state,0,-0.035000000,2071,-0.013805827,2057,0.527578126,-22,-0.117600000,35,-18.306000,162,-0.035281558,2071,0.000000000,0,12.500,33,4613,1,0,
113939779822785,113939777508454,113939778747375,113939779822785,471,4.710000000,minus_a1,state,0,-0.035000000,2071,-0.021475731,2062,0.359712359,-15,-0.087360000,26,-20.340000,180,-0.035281558,2071,0.000000000,0,12.500,33,4623,1,1,
113939789827608,113939787511800,113939788726815,113939789827608,472,4.720000000,minus_a1,state,0,-0.035000000,2071,-0.030679616,2068,0.143884944,-6,-0.030240000,9,-22.261000,197,-0.035281558,2071,0.000000000,0,12.300,33,4633,0,1,
113939799818552,113939797509940,113939798725665,113939799818552,473,4.730000000,minus_a1,state,0,-0.035000000,2071,-0.042951462,2076,-0.047961648,2,-0.073920000,22,-7.458000,66,-0.035281558,2071,0.000000000,0,12.500,33,4643,0,1,
113939809898459,113939807463485,113939808726706,113939809898459,474,4.740000000,minus_a1,state,0,-0.035000000,2071,-0.050621366,2081,-0.263789063,11,0.023520000,-7,-1.808000,16,-0.035281558,2071,0.000000000,0,12.500,33,4653,1,1,
113939819817316,113939817451495,113939818725651,113939819817316,475,4.750000000,minus_a1,state,0,-0.035000000,2071,-0.053689328,2083,-0.431654831,18,0.127680000,-38,-3.729000,33,-0.035281558,2071,0.000000000,0,12.400,33,4663,1,0,
113939829820049,113939827501950,113939828722548,113939829820049,476,4.760000000,minus_a1,state,0,-0.035000000,2071,-0.056757289,2085,-0.551558950,23,0.124320000,-37,2.260000,-20,-0.035281558,2071,0.000000000,0,12.400,33,4673,1,0,
113939839831599,113939837508109,113939838860316,113939839831599,477,4.770000000,minus_a1,state,0,-0.035000000,2071,-0.056757289,2085,-0.623501422,26,0.131040000,-39,6.102000,-54,-0.035281558,2071,0.000000000,0,12.400,33,4683,1,0,
113939849825852,113939847508890,113939848732067,113939849825852,478,4.780000000,minus_a1,state,0,-0.035000000,2071,-0.055223308,2084,-0.599520598,25,0.087360000,-26,12.995000,-115,-0.035281558,2071,0.000000000,0,12.200,33,4693,1,0,
113939859887896,113939857513895,113939858722041,113939859887896,479,4.790000000,minus_a1,state,0,-0.035000000,2071,-0.052155347,2082,-0.479616478,20,0.084000000,-25,15.820000,-140,-0.035281558,2071,0.000000000,0,12.200,33,4703,1,0,
113939869827054,113939867511255,113939868744102,113939869827054,480,4.800000000,minus_a1,state,0,-0.035000000,2071,-0.046019424,2078,-0.335731535,14,0.067200000,-20,18.758000,-166,-0.035281558,2071,0.000000000,0,12.400,33,4713,1,1,
113939879874680,113939877509535,113939878752020,113939879874680,481,4.810000000,minus_a1,state,0,-0.035000000,2071,-0.041417481,2075,-0.119904120,5,0.033600000,-10,19.888000,-176,-0.035281558,2071,0.000000000,0,12.400,33,4723,0,1,
113939889823060,113939887506299,113939888728898,113939889823060,482,4.820000000,minus_a1,state,0,-0.035000000,2071,-0.030679616,2068,0.047961648,-2,0.023520000,-7,15.368000,-136,-0.035281558,2071,0.000000000,0,12.200,33,4733,0,1,
113939899825947,113939897508411,113939898729367,113939899825947,483,4.830000000,minus_a1,state,0,-0.035000000,2071,-0.023009712,2063,0.239808239,-10,0.050400000,-15,0.791000,-7,-0.035281558,2071,0.000000000,0,12.500,33,4743,0,1,
113939909828532,113939907514378,113939908740856,113939909828532,484,4.840000000,minus_a1,state,0,-0.035000000,2071,-0.016873789,2059,0.383693183,-16,-0.141120000,42,1.017000,-9,-0.035281558,2071,0.000000000,0,12.400,33,4753,1,0,
113939919827339,113939917453291,113939918739080,113939919827339,485,4.850000000,minus_a1,state,0,-0.035000000,2071,-0.015339808,2058,0.479616478,-20,-0.100800000,30,-1.130000,10,-0.035281558,2071,0.000000000,0,12.400,33,4763,1,0,
113939929790384,113939927433265,113939928724100,113939929790384,486,4.860000000,minus_a1,state,0,-0.035000000,2071,-0.015339808,2058,0.527578126,-22,-0.104160000,31,-5.650000,50,-0.035281558,2071,0.000000000,0,12.400,33,4773,1,0,
113939939692025,113939937428538,113939938672134,113939939692025,487,4.870000000,minus_a1,state,0,-0.035000000,2071,-0.015339808,2058,0.503597302,-21,-0.107520000,32,-11.865000,105,-0.035281558,2071,0.000000000,0,12.400,33,4783,1,0,
113939949715548,113939947431357,113939948678877,113939949715548,488,4.880000000,minus_a1,state,0,-0.035000000,2071,-0.015339808,2058,0.455635655,-19,-0.110880000,33,-16.837000,149,-0.035281558,2071,0.000000000,0,12.200,33,4793,1,0,
113939958694817,113939957432575,113939957659993,113939958694817,489,4.890000000,minus_a1,state,0,-0.035000000,2071,-0.023009712,2063,0.335731535,-14,-0.070560000,21,-18.758000,166,-0.035281558,2071,0.000000000,0,12.200,33,4802,1,1,
113939968686845,113939967425434,113939967665705,113939968686845,490,4.900000000,minus_a1,state,0,-0.035000000,2071,-0.030679616,2068,0.167865767,-7,-0.023520000,7,-20.114000,178,-0.035281558,2071,0.000000000,0,12.400,33,4812,0,1,
113939978678543,113939977426572,113939977665438,113939978678543,491,4.910000000,minus_a1,state,0,-0.035000000,2071,-0.041417481,2075,0.000000000,0,-0.053760000,16,-9.605000,85,-0.035281558,2071,0.000000000,0,12.400,33,4822,0,1,
113939989692435,113939987430003,113939988673002,113939989692435,492,4.920000000,minus_a1,state,0,-0.035000000,2071,-0.047553404,2079,-0.215827415,9,0.023520000,-7,-1.695000,15,-0.035281558,2071,0.000000000,0,12.400,33,4833,0,1,
113939999715587,113939997428679,113939998677608,113939999715587,493,4.930000000,minus_a1,state,0,-0.035000000,2071,-0.052155347,2082,-0.359712359,15,0.181440000,-54,-0.452000,4,-0.035281558,2071,0.000000000,0,12.400,33,4843,1,0,
113940009772808,113940007436643,113940008704639,113940009772808,494,4.940000000,minus_a1,state,0,-0.035000000,2071,-0.053689328,2083,-0.479616478,20,0.127680000,-38,1.017000,-9,-0.035281558,2071,0.000000000,0,12.400,33,4853,1,0,
113940019785322,113940017429544,113940018707093,113940019785322,495,4.950000000,minus_a1,state,0,-0.035000000,2071,-0.055223308,2084,-0.527578126,22,0.127680000,-38,3.616000,-32,-0.035281558,2071,0.000000000,0,12.400,33,4863,1,0,
113940029790950,113940027428251,113940028709064,113940029790950,496,4.960000000,minus_a1,state,0,-0.035000000,2071,-0.052155347,2082,-0.527578126,22,0.097440000,-29,9.605000,-85,-0.035281558,2071,0.000000000,0,12.400,33,4873,1,0,
113940039787836,113940037430078,113940038704697,113940039787836,497,4.970000000,minus_a1,state,0,-0.035000000,2071,-0.052155347,2082,-0.431654831,18,0.114240000,-34,12.091000,-107,-0.035281558,2071,0.000000000,0,12.400,33,4883,1,0,
113940049794223,113940047434254,113940048706700,113940049794223,498,4.980000000,minus_a1,state,0,-0.035000000,2071,-0.046019424,2078,-0.287769887,12,0.070560000,-21,17.289000,-153,-0.035281558,2071,0.000000000,0,12.300,33,4893,1,1,
113940059738007,113940057427822,113940058715613,113940059738007,499,4.990000000,minus_a1,hardware_error,0,-0.035000000,2071,,,,,,,,,,,,,,,,,,0
113940069802856,113940067429104,113940068721614,113940069802856,500,5.000000000,minus_a1,state,0,-0.035000000,2071,-0.030679616,2068,0.023980824,-1,0.013440000,-4,16.611000,-147,-0.035281558,2071,0.000000000,0,12.400,33,4913,0,1,
113940079804410,113940077428998,113940078712026,113940079804410,501,5.010000000,minus_a1,state,0,-0.035000000,2071,-0.023009712,2063,0.191846591,-8,-0.016800000,5,4.520000,-40,-0.035281558,2071,0.000000000,0,12.500,33,4923,0,1,
113940089790820,113940087429335,113940088708852,113940089790820,502,5.020000000,minus_a1,state,0,-0.035000000,2071,-0.018407769,2060,0.359712359,-15,-0.104160000,31,2.599000,-23,-0.035281558,2071,0.000000000,0,12.500,33,4933,1,1,
113940099821793,113940097457149,113940098720172,113940099821793,503,5.030000000,minus_a1,state,0,-0.035000000,2071,-0.016873789,2059,0.455635655,-19,-0.147840000,44,-0.226000,2,-0.035281558,2071,0.000000000,0,12.400,33,4943,1,0,
113940109802119,113940107434195,113940108710273,113940109802119,504,5.040000000,minus_a1,state,0,-0.035000000,2071,-0.016873789,2059,0.503597302,-21,-0.094080000,28,-4.181000,37,-0.035281558,2071,0.000000000,0,12.400,33,4953,1,0,
113940119788931,113940117428119,113940118705543,113940119788931,505,5.050000000,minus_a1,state,0,-0.035000000,2071,-0.016873789,2059,0.479616478,-20,-0.094080000,28,-11.300000,100,-0.035281558,2071,0.000000000,0,12.400,33,4963,1,0,
113940129787413,113940127428398,113940128723669,113940129787413,506,5.060000000,minus_a1,state,0,-0.035000000,2071,-0.016873789,2059,0.431654831,-18,-0.084000000,25,-15.707000,139,-0.035281558,2071,0.000000000,0,12.400,33,4973,1,0,
113940139839605,113940137428095,113940138782976,113940139839605,507,5.070000000,minus_a1,state,0,-0.035000000,2071,-0.021475731,2062,0.311750711,-13,-0.080640000,24,-17.741000,157,-0.035281558,2071,0.000000000,0,12.300,33,4983,1,1,
113940149860085,113940147427356,113940148718700,113940149860085,508,5.080000000,minus_a1,state,0,-0.035000000,2071,-0.030679616,2068,0.167865767,-7,-0.023520000,7,-19.436000,172,-0.035281558,2071,0.000000000,0,12.300,33,4993,0,1,
113940159854236,113940157446832,113940158894929,113940159854236,509,5.090000000,minus_a1,state,0,-0.035000000,2071,-0.039883500,2074,0.000000000,0,-0.040320000,12,-10.961000,97,-0.035281558,2071,0.000000000,0,12.300,33,5003,0,1,
113940169787819,113940167430793,113940168698075,113940169787819,510,5.100000000,minus_a1,state,0,-0.035000000,2071,-0.046019424,2078,-0.167865767,7,0.053760000,-16,-6.215000,55,-0.035281558,2071,0.000000000,0,12.500,33,5013,0,1,
113940179810985,113940177506034,113940178693655,113940179810985,511,5.110000000,minus_a1,state,0,-0.035000000,2071,-0.050621366,2081,-0.335731535,14,0.087360000,-26,-3.390000,30,-0.035281558,2071,0.000000000,0,12.400,33,5023,1,1,
113940189816280,113940187505507,113940188721070,113940189816280,512,5.120000000,minus_a1,state,0,-0.035000000,2071,-0.053689328,2083,-0.431654831,18,0.070560000,-21,1.808000,-16,-0.035281558,2071,0.000000000,0,12.400,33,5033,1,0,
113940199862943,113940197509801,113940198787092,113940199862943,513,5.130000000,minus_a1,state,0,-0.035000000,2071,-0.052155347,2082,-0.503597302,21,0.110880000,-33,5.989000,-53,-0.035281558,2071,0.000000000,0,12.400,33,5043,1,0,
113940210035191,113940207512941,113940208795868,113940210035191,514,5.140000000,minus_a1,state,0,-0.035000000,2071,-0.050621366,2081,-0.479616478,20,0.094080000,-28,9.831000,-87,-0.035281558,2071,0.000000000,0,12.400,33,5053,1,1,
113940220049201,113940217439794,113940218911259,113940220049201,515,5.150000000,minus_a1,state,0,-0.035000000,2071,-0.050621366,2081,-0.407674007,17,0.134400000,-40,14.125000,-125,-0.035281558,2071,0.000000000,0,12.500,33,5063,1,1,
113940230039774,113940227514038,113940228881553,113940230039774,516,5.160000000,minus_a1,state,0,-0.035000000,2071,-0.042951462,2076,-0.287769887,12,0.053760000,-16,17.289000,-153,-0.035281558,2071,0.000000000,0,12.400,33,5073,1,1,
113940239878487,113940237516973,113940238765386,113940239878487,517,5.170000000,minus_a1,state,0,-0.035000000,2071,-0.038349520,2073,-0.119904120,5,0.030240000,-9,19.323000,-171,-0.035281558,2071,0.000000000,0,12.300,33,5083,0,1,
113940249856193,113940247513420,113940248757704,113940249856193,518,5.180000000,minus_a1,state,0,-0.035000000,2071,-0.030679616,2068,0.023980824,-1,0.047040000,-14,10.057000,-89,-0.035281558,2071,0.000000000,0,12.300,33,5093,0,1,
113940259862717,113940257515191,113940258761559,113940259862717,519,5.190000000,minus_a1,state,0,-0.035000000,2071,-0.023009712,2063,0.191846591,-8,-0.100800000,30,8.588000,-76,-0.035281558,2071,0.000000000,0,12.400,33,5103,0,1,
113940269866634,113940267508371,113940268765441,113940269866634,520,5.200000000,minus_a1,state,0,-0.035000000,2071,-0.018407769,2060,0.335731535,-14,-0.127680000,38,0.452000,-4,-0.035281558,2071,0.000000000,0,12.400,33,5113,1,1,
113940279880458,113940277509147,113940278778480,113940279880458,521,5.210000000,minus_a1,state,0,-0.035000000,2071,-0.016873789,2059,0.431654831,-18,-0.104160000,31,-1.017000,9,-0.035281558,2071,0.000000000,0,12.400,33,5123,1,0,
113940289863085,113940287512074,113940288762769,113940289863085,522,5.220000000,minus_a1,state,0,-0.035000000,2071,-0.016873789,2059,0.479616478,-20,-0.110880000,33,-6.102000,54,-0.035281558,2071,0.000000000,0,12.400,33,5133,1,0,
113940299865449,113940297504754,113940298762469,113940299865449,523,5.230000000,minus_a1,state,0,-0.035000000,2071,-0.015339808,2058,0.455635655,-19,-0.097440000,29,-12.204000,108,-0.035281558,2071,0.000000000,0,12.400,33,5143,1,0,
113940309862699,113940307510142,113940308762975,113940309862699,524,5.240000000,minus_a1,state,0,-0.035000000,2071,-0.016873789,2059,0.407674007,-17,-0.097440000,29,-16.950000,150,-0.035281558,2071,0.000000000,0,12.300,33,5153,1,0,
113940319859943,113940317509560,113940318761887,113940319859943,525,5.250000000,minus_a1,state,0,-0.035000000,2071,-0.024543693,2064,0.287769887,-12,-0.067200000,20,-17.854000,158,-0.035281558,2071,0.000000000,0,12.400,33,5163,1,1,
113940329867928,113940327510663,113940328766887,113940329867928,526,5.260000000,minus_a1,state,0,-0.035000000,2071,-0.033747577,2070,0.119904120,-5,-0.016800000,5,-19.888000,176,-0.035281558,2071,0.000000000,0,12.400,33,5173,0,1,
113940339873979,113940337507220,113940338885195,113940339873979,527,5.270000000,minus_a1,state,0,-0.035000000,2071,-0.042951462,2076,-0.047961648,2,0.282240000,-84,-11.074000,98,-0.035281558,2071,0.000000000,0,12.300,33,5183,0,1,
113940349798784,113940347450433,113940348708550,113940349798784,528,5.280000000,minus_a1,state,0,-0.035000000,2071,-0.049087385,2080,-0.215827415,9,-0.013440000,4,-7.571000,67,-0.035281558,2071,0.000000000,0,12.400,33,5193,0,1,
113940359823496,113940357508431,113940358710833,113940359823496,529,5.290000000,minus_a1,state,0,-0.035000000,2071,-0.053689328,2083,-0.359712359,15,0.198240000,-59,-1.356000,12,-0.035281558,2071,0.000000000,0,12.400,33,5203,1,0,
113940369804627,113940367452092,113940368702456,113940369804627,530,5.300000000,minus_a1,state,0,-0.035000000,2071,-0.053689328,2083,-0.455635655,19,0.104160000,-31,1.582000,-14,-0.035281558,2071,0.000000000,0,12.400,33,5213,1,0,
113940379801571,113940377509339,113940378704611,113940379801571,531,5.310000000,minus_a1,state,0,-0.035000000,2071,-0.055223308,2084,-0.503597302,21,0.084000000,-25,5.198000,-46,-0.035281558,2071,0.000000000,0,12.400,33,5223,1,0,
113940389806623,113940387517736,113940388701759,113940389806623,532,5.320000000,minus_a1,state,0,-0.035000000,2071,-0.052155347,2082,-0.503597302,21,0.087360000,-26,10.735000,-95,-0.035281558,2071,0.000000000,0,12.400,33,5233,1,0,
113940399803387,113940397508870,113940398718263,113940399803387,533,5.330000000,minus_a1,state,0,-0.035000000,2071,-0.050621366,2081,-0.407674007,17,0.134400000,-40,14.012000,-124,-0.035281558,2071,0.000000000,0,12.300,33,5243,1,1,
113940409793987,113940407509318,113940408711668,113940409793987,534,5.340000000,minus_a1,state,0,-0.035000000,2071,-0.042951462,2076,-0.263789063,11,0.073920000,-22,17.402000,-154,-0.035281558,2071,0.000000000,0,12.500,33,5253,1,1,
113940419809609,113940417502586,113940418714168,113940419809609,535,5.350000000,minus_a1,state,0,-0.035000000,2071,-0.039883500,2074,-0.095923296,4,0.033600000,-10,19.775000,-175,-0.035281558,2071,0.000000000,0,12.400,33,5263,0,1,
113940429811329,113940427512521,113940428712000,113940429811329,536,5.360000000,minus_a1,state,0,-0.035000000,2071,-0.030679616,2068,0.047961648,-2,0.026880000,-8,13.786000,-122,-0.035281558,2071,0.000000000,0,12.400,33,5273,0,1,
113940440044155,113940437518268,113940438891922,113940440044155,537,5.370000000,minus_a1,state,0,-0.035000000,2071,-0.023009712,2063,0.215827415,-9,-0.120960000,36,10.735000,-95,-0.035281558,2071,0.000000000,0,12.400,33,5283,0,1,
113940449806240,113940447451756,113940448764493,113940449806240,538,5.380000000,minus_a1,state,0,-0.035000000,2071,-0.018407769,2060,0.359712359,-15,0.060480000,-18,1.469000,-13,-0.035281558,2071,0.000000000,0,12.500,33,5293,1,1,
113940460054546,113940457511004,113940458870735,113940460054546,539,5.390000000,minus_a1,state,0,-0.035000000,2071,-0.016873789,2059,0.455635655,-19,-0.110880000,33,-0.113000,1,-0.035281558,2071,0.000000000,0,12.500,33,5303,1,0,
113940469806023,113940467452428,113940468765805,113940469806023,540,5.400000000,minus_a1,state,0,-0.035000000,2071,-0.015339808,2058,0.503597302,-21,-0.097440000,29,-5.424000,48,-0.035281558,2071,0.000000000,0,12.500,33,5313,1,0,
113940479796355,113940477518543,113940478703211,113940479796355,541,5.410000000,minus_a1,state,0,-0.035000000,2071,-0.015339808,2058,0.479616478,-20,-0.110880000,33,-12.204000,108,-0.035281558,2071,0.000000000,0,12.500,33,5323,1,0,
113940489799871,113940487512683,113940488698772,113940489799871,542,5.420000000,minus_a1,state,0,-0.035000000,2071,-0.016873789,2059,0.407674007,-17,-0.100800000,30,-16.498000,146,-0.035281558,2071,0.000000000,0,12.500,33,5333,1,0,
113940499864194,113940497516362,113940498763019,113940499864194,543,5.430000000,minus_a1,state,0,-0.035000000,2071,-0.024543693,2064,0.311750711,-13,-0.070560000,21,-17.967000,159,-0.035281558,2071,0.000000000,0,12.400,33,5343,1,1,
113940509860702,113940507511165,113940508746883,113940509860702,544,5.440000000,minus_a1,state,0,-0.035000000,2071,-0.032213597,2069,0.119904120,-5,-0.016800000,5,-19.888000,176,-0.035281558,2071,0.000000000,0,12.400,33,5353,0,1,
113940519863844,113940517505821,113940518764610,113940519863844,545,5.450000000,minus_a1,state,0,-0.035000000,2071,-0.041417481,2075,-0.023980824,1,-0.070560000,21,-2.825000,25,-0.035281558,2071,0.000000000,0,12.500,33,5363,0,1,
113940529860017,113940527508002,113940528765354,113940529860017,546,5.460000000,minus_a1,state,0,-0.035000000,2071,-0.047553404,2079,-0.215827415,9,0.184800000,-55,-1.469000,13,-0.035281558,2071,0.000000000,0,12.400,33,5373,0,1,
113940539860164,113940537513202,113940538775644,113940539860164,547,5.470000000,minus_a1,state,0,-0.035000000,2071,-0.052155347,2082,-0.359712359,15,0.235200000,-70,-3.051000,27,-0.035281558,2071,0.000000000,0,12.400,33,5383,1,0,
113940549861679,113940547505090,113940548681638,113940549861679,548,5.480000000,minus_a1,state,0,-0.035000000,2071,-0.053689328,2083,-0.455635655,19,0.114240000,-34,1.469000,-13,-0.035281558,2071,0.000000000,0,12.400,33,5393,1,0,
113940559813810,113940557504669,113940558867416,113940559813810,549,5.490000000,minus_a1,state,0,-0.035000000,2071,-0.053689328,2083,-0.503597302,21,0.117600000,-35,3.729000,-33,-0.035281558,2071,0.000000000,0,12.400,33,5403,1,0,
113940569797872,113940567451148,113940568700997,113940569797872,550,5.500000000,minus_a1,state,0,-0.035000000,2071,-0.052155347,2082,-0.503597302,21,0.104160000,-31,9.718000,-86,-0.035281558,2071,0.000000000,0,12.400,33,5413,1,0,
113940579785691,113940577503765,113940578700528,113940579785691,551,5.510000000,minus_a1,state,0,-0.035000000,2071,-0.050621366,2081,-0.407674007,17,0.110880000,-33,16.837000,-149,-0.035281558,2071,0.000000000,0,12.400,33,5423,1,1,
113940589803912,113940587514138,113940588699988,113940589803912,552,5.520000000,minus_a1,state,0,-0.035000000,2071,-0.044485443,2077,-0.287769887,12,0.063840000,-19,17.063000,-151,-0.035281558,2071,0.000000000,0,12.400,33,5433,1,1,
113940599795097,113940597511999,113940598697091,113940599795097,553,5.530000000,minus_a1,state,0,-0.035000000,2071,-0.041417481,2075,-0.119904120,5,0.047040000,-14,19.323000,-171,-0.035281558,2071,0.000000000,0,12.400,33,5443,0,1,
113940609801838,113940607509180,113940608713772,113940609801838,554,5.540000000,minus_a1,state,0,-0.035000000,2071,-0.032213597,2069,0.023980824,-1,0.010080000,-3,17.515000,-155,-0.035281558,2071,0.000000000,0,12.300,33,5453,0,1,
113940619777968,113940617502126,113940618699745,113940619777968,555,5.550000000,minus_a1,state,0,-0.035000000,2071,-0.023009712,2063,0.191846591,-8,-0.033600000,10,6.893000,-61,-0.035281558,2071,0.000000000,0,12.400,33,5463,0,1,
113940629800132,113940627451283,113940628697794,113940629800132,556,5.560000000,minus_a1,state,0,-0.035000000,2071,-0.018407769,2060,0.335731535,-14,-0.188160000,56,1.356000,-12,-0.035281558,2071,0.000000000,0,12.400,33,5473,1,1,
113940639801373,113940637509820,113940638681460,113940639801373,557,5.570000000,minus_a1,state,0,-0.035000000,2071,-0.016873789,2059,0.431654831,-18,-0.114240000,34,-0.226000,2,-0.035281558,2071,0.000000000,0,12.400,33,5483,1,0,
113940649853937,113940647509401,113940648747507,113940649853937,558,5.580000000,minus_a1,state,0,-0.035000000,2071,-0.015339808,2058,0.479616478,-20,-0.097440000,29,-5.424000,48,-0.035281558,2071,0.000000000,0,12.400,33,5493,1,0,
113940660033799,113940657515306,113940658865033,113940660033799,559,5.590000000,minus_a1,state,0,-0.035000000,2071,-0.015339808,2058,0.479616478,-20,-0.097440000,29,-11.752000,104,-0.035281558,2071,0.000000000,0,12.400,33,5503,1,0,
113940669844252,113940667452854,113940668745521,113940669844252,560,5.600000000,minus_a1,state,0,-0.035000000,2071,-0.016873789,2059,0.431654831,-18,-0.100800000,30,-16.611000,147,-0.035281558,2071,0.000000000,0,12.300,33,5513,1,0,
113940679788952,113940677503135,113940678686641,113940679788952,561,5.610000000,minus_a1,state,0,-0.035000000,2071,-0.023009712,2063,0.335731535,-14,-0.073920000,22,-17.628000,156,-0.035281558,2071,0.000000000,0,12.400,33,5523,1,1,
113940689781804,113940687512577,113940688682883,113940689781804,562,5.620000000,minus_a1,state,0,-0.035000000,2071,-0.032213597,2069,0.167865767,-7,-0.026880000,8,-20.001000,177,-0.035281558,2071,0.000000000,0,12.400,33,5533,0,1,
113940699759069,113940697504533,113940698680666,113940699759069,563,5.630000000,minus_a1,state,0,-0.035000000,2071,-0.041417481,2075,0.000000000,0,-0.047040000,14,-7.684000,68,-0.035281558,2071,0.000000000,0,12.300,33,5543,0,1,
113940709764452,113940707510065,113940708683404,113940709764452,564,5.640000000,minus_a1,state,0,-0.035000000,2071,-0.047553404,2079,-0.191846591,8,-0.040320000,12,-4.181000,37,-0.035281558,2071,0.000000000,0,12.400,33,5553,0,1,
113940719775934,113940717515651,113940718701351,113940719775934,565,5.650000000,minus_a1,state,0,-0.035000000,2071,-0.052155347,2082,-0.335731535,14,0.131040000,-39,-1.582000,14,-0.035281558,2071,0.000000000,0,12.400,33,5563,1,0,
113940729773215,113940727451595,113940728676156,113940729773215,566,5.660000000,minus_a1,state,0,-0.035000000,2071,-0.053689328,2083,-0.455635655,19,0.104160000,-31,0.452000,-4,-0.035281558,2071,0.000000000,0,12.400,33,5573,1,0,
113940739711488,113940737434040,113940738656485,113940739711488,567,5.670000000,minus_a1,state,0,-0.035000000,2071,-0.055223308,2084,-0.503597302,21,0.117600000,-35,3.729000,-33,-0.035281558,2071,0.000000000,0,12.400,33,5583,1,0,
113940749702204,113940747505171,113940748659558,113940749702204,568,5.680000000,minus_a1,state,0,-0.035000000,2071,-0.052155347,2082,-0.503597302,21,0.110880000,-33,9.831000,-87,-0.035281558,2071,0.000000000,0,12.400,33,5593,1,0,
113940759663130,113940757452103,113940758637949,113940759663130,569,5.690000000,minus_a1,state,0,-0.035000000,2071,-0.050621366,2081,-0.431654831,18,0.104160000,-31,17.176000,-152,-0.035281558,2071,0.000000000,0,12.400,33,5603,1,1,
113940769652158,113940767430010,113940768634854,113940769652158,570,5.700000000,minus_a1,state,0,-0.035000000,2071,-0.046019424,2078,-0.311750711,13,0.070560000,-21,17.176000,-152,-0.035281558,2071,0.000000000,0,12.500,33,5613,1,1,
113940779654921,113940777432916,113940778634297,113940779654921,571,5.710000000,minus_a1,state,0,-0.035000000,2071,-0.041417481,2075,-0.143884944,6,0.040320000,-12,19.323000,-171,-0.035281558,2071,0.000000000,0,12.500,33,5623,0,1,
113940789651684,113940787431320,113940788635191,113940789651684,572,5.720000000,minus_a1,state,0,-0.035000000,2071,-0.032213597,2069,0.023980824,-1,0.003360000,-1,17.854000,-158,-0.035281558,2071,0.000000000,0,12.500,33,5633,0,1,
113940799652565,113940797437959,113940798635793,113940799652565,573,5.730000000,minus_a1,state,0,-0.035000000,2071,-0.024543693,2064,0.191846591,-8,0.043680000,-13,6.780000,-60,-0.035281558,2071,0.000000000,0,12.400,33,5643,0,1,
113940809647591,113940807431494,113940808627248,113940809647591,574,5.740000000,minus_a1,state,0,-0.035000000,2071,-0.018407769,2060,0.335731535,-14,-0.013440000,4,0.339000,-3,-0.035281558,2071,0.000000000,0,12.400,33,5653,1,1,
113940819647620,113940817431777,113940818630705,113940819647620,575,5.750000000,minus_a1,state,0,-0.035000000,2071,-0.016873789,2059,0.431654831,-18,-0.067200000,20,-0.678000,6,-0.035281558,2071,0.000000000,0,12.400,33,5663,1,0,
113940829660253,113940827439723,113940828636256,113940829660253,576,5.760000000,minus_a1,state,0,-0.035000000,2071,-0.015339808,2058,0.503597302,-21,-0.097440000,29,-5.198000,46,-0.035281558,2071,0.000000000,0,12.400,33,5673,1,0,
113940839698936,113940837428234,113940838646972,113940839698936,577,5.770000000,minus_a1,state,0,-0.035000000,2071,-0.015339808,2058,0.479616478,-20,-0.100800000,30,-11.752000,104,-0.035281558,2071,0.000000000,0,12.400,33,5683,1,0,
113940849742853,113940847443986,113940848673619,113940849742853,578,5.780000000,minus_a1,state,0,-0.035000000,2071,-0.016873789,2059,0.431654831,-18,-0.094080000,28,-16.498000,146,-0.035281558,2071,0.000000000,0,12.400,33,5693,1,0,
113940859815488,113940857429437,113940858686832,113940859815488,579,5.790000000,minus_a1,state,0,-0.035000000,2071,-0.023009712,2063,0.335731535,-14,-0.080640000,24,-17.741000,157,-0.035281558,2071,0.000000000,0,12.200,33,5703,1,1,
113940869756238,113940867437376,113940868670773,113940869756238,580,5.800000000,minus_a1,state,0,-0.035000000,2071,-0.030679616,2068,0.167865767,-7,-0.026880000,8,-20.001000,177,-0.035281558,2071,0.000000000,0,12.400,33,5713,0,1,
113940879778079,113940877437202,113940878674256,113940879778079,581,5.810000000,minus_a1,state,0,-0.035000000,2071,-0.041417481,2075,0.000000000,0,-0.040320000,12,-10.735000,95,-0.035281558,2071,0.000000000,0,12.400,33,5723,0,1,
113940889781277,113940887450843,113940888679726,113940889781277,582,5.820000000,minus_a1,state,0,-0.035000000,2071,-0.047553404,2079,-0.191846591,8,0.050400000,-15,-6.441000,57,-0.035281558,2071,0.000000000,0,12.400,33,5733,0,1,
113940899772205,113940897440069,113940898673948,113940899772205,583,5.830000000,minus_a1,state,0,-0.035000000,2071,-0.052155347,2082,-0.335731535,14,0.154560000,-46,-0.565000,5,-0.035281558,2071,0.000000000,0,12.400,33,5743,1,0,
113940909847188,113940907438334,113940908692626,113940909847188,584,5.840000000,minus_a1,state,0,-0.035000000,2071,-0.053689328,2083,-0.455635655,19,0.137760000,-41,0.339000,-3,-0.035281558,2071,0.000000000,0,12.400,33,5753,1,0,
113940919798395,113940917513066,113940918682218,113940919798395,585,5.850000000,minus_a1,state,0,-0.035000000,2071,-0.053689328,2083,-0.503597302,21,0.127680000,-38,3.616000,-32,-0.035281558,2071,0.000000000,0,12.300,33,5763,1,0,
113940929778134,113940927450475,113940928682070,113940929778134,586,5.860000000,minus_a1,state,0,-0.035000000,2071,-0.053689328,2083,-0.503597302,21,0.097440000,-29,9.040000,-80,-0.035281558,2071,0.000000000,0,12.400,33,5773,1,0,
113940939780904,113940937511751,113940938701160,113940939780904,587,5.870000000,minus_a1,state,0,-0.035000000,2071,-0.050621366,2081,-0.431654831,18,0.124320000,-37,16.498000,-146,-0.035281558,2071,0.000000000,0,12.400,33,5783,1,1,
113940949776881,113940947444931,113940948684667,113940949776881,588,5.880000000,minus_a1,state,0,-0.035000000,2071,-0.044485443,2077,-0.311750711,13,0.070560000,-21,17.063000,-151,-0.035281558,2071,0.000000000,0,12.200,33,5793,1,1,
113940959808816,113940957450494,113940958712395,113940959808816,589,5.890000000,minus_a1,state,0,-0.035000000,2071,-0.041417481,2075,-0.143884944,6,0.036960000,-11,19.436000,-172,-0.035281558,2071,0.000000000,0,12.500,33,5803,0,1,
113940969795722,113940967440696,113940968699778,113940969795722,590,5.900000000,minus_a1,state,0,-0.035000000,2071,-0.032213597,2069,0.023980824,-1,0.003360000,-1,17.741000,-157,-0.035281558,2071,0.000000000,0,12.400,33,5813,0,1,
113940979764459,113940977439387,113940978677975,113940979764459,591,5.910000000,minus_a1,state,0,-0.035000000,2071,-0.024543693,2064,0.191846591,-8,0.063840000,-19,6.328000,-56,-0.035281558,2071,0.000000000,0,12.400,33,5823,0,1,
113940989656993,113940987428047,113940988631519,113940989656993,592,5.920000000,minus_a1,state,0,-0.035000000,2071,-0.019941750,2061,0.335731535,-14,-0.070560000,21,0.226000,-2,-0.035281558,2071,0.000000000,0,12.400,33,5833,1,1,
113940999637941,113940997425973,113940998619918,113940999637941,593,5.930000000,minus_a1,state,0,-0.035000000,2071,-0.016873789,2059,0.431654831,-18,-0.100800000,30,-0.452000,4,-0.035281558,2071,0.000000000,0,12.400,33,5843,1,0,
113941009649528,113941007429914,113941008626433,113941009649528,594,5.940000000,minus_a1,state,0,-0.035000000,2071,-0.015339808,2058,0.503597302,-21,-0.097440000,29,-5.763000,51,-0.035281558,2071,0.000000000,0,12.400,33,5853,1,0,
113941019631536,113941017448808,113941018607208,113941019631536,595,5.950000000,minus_a1,state,0,-0.035000000,2071,-0.015339808,2058,0.479616478,-20,-0.100800000,30,-11.526000,102,-0.035281558,2071,0.000000000,0,12.200,33,5863,1,0,
113941029631049,113941027435259,113941028608339,113941029631049,596,5.960000000,minus_a1,state,0,-0.035000000,2071,-0.016873789,2059,0.431654831,-18,-0.090720000,27,-16.385000,145,-0.035281558,2071,0.000000000,0,12.500,33,5873,1,0,
113941039642114,113941037427522,113941038622438,113941039642114,597,5.970000000,minus_a1,state,0,-0.035000000,2071,-0.023009712,2063,0.335731535,-14,-0.080640000,24,-17.741000,157,-0.035281558,2071,0.000000000,0,12.500,33,5883,1,1,
113941049619436,113941047425804,113941048621062,113941049619436,598,5.980000000,minus_a1,state,0,-0.035000000,2071,-0.030679616,2068,0.167865767,-7,-0.023520000,7,-20.001000,177,-0.035281558,2071,0.000000000,0,12.300,33,5893,0,1,
113941059604939,113941057430668,113941058605803,113941059604939,599,5.990000000,minus_a1,hardware_error,0,-0.035000000,2071,,,,,,,,,,,,,,,,,,0
113941069620477,113941067429283,113941068601814,113941069620477,600,6.000000000,center_after_minus_a1,state,0,0.000000000,2048,-0.047553404,2079,-0.191846591,8,0.053760000,-16,-0.113000,1,0.000000000,2048,0.000000000,0,12.400,33,5913,0,0,
113941079619571,113941077426872,113941078604400,113941079619571,601,6.010000000,center_after_minus_a1,state,0,0.000000000,2048,-0.052155347,2082,-0.335731535,14,0.302400000,-90,-1.582000,14,0.000000000,2048,0.000000000,0,12.400,33,5923,1,0,
113941089618663,113941087426757,113941088604523,113941089618663,602,6.020000000,center_after_minus_a1,state,0,0.000000000,2048,-0.053689328,2083,-0.455635655,19,0.322560000,-96,8.249000,-73,0.000000000,2048,0.000000000,0,12.500,33,5933,1,0,
113941099617436,113941097425806,113941098603922,113941099617436,603,6.030000000,center_after_minus_a1,state,0,0.000000000,2048,-0.050621366,2081,-0.503597302,21,0.309120000,-92,22.600000,-200,0.000000000,2048,0.000000000,0,12.400,33,5943,1,0,
113941109616768,113941107418445,113941108604672,113941109616768,604,6.040000000,center_after_minus_a1,state,0,0.000000000,2048,-0.044485443,2077,-0.455635655,19,0.275520000,-82,24.860000,-220,0.000000000,2048,0.000000000,0,12.300,33,5953,1,0,
113941119617013,113941117426219,113941118599374,113941119617013,605,6.050000000,center_after_minus_a1,state,0,0.000000000,2048,-0.038349520,2073,-0.335731535,14,0.245280000,-73,28.589000,-253,0.000000000,2048,0.000000000,0,12.200,33,5963,1,0,
113941129629720,113941127423531,113941128605323,113941129629720,606,6.060000000,center_after_minus_a1,state,0,0.000000000,2048,-0.024543693,2064,-0.119904120,5,0.164640000,-49,31.301000,-277,0.000000000,2048,0.000000000,0,12.400,33,5973,0,0,
113941139620285,113941137427284,113941138621286,113941139620285,607,6.070000000,center_after_minus_a1,state,0,0.000000000,2048,-0.007669904,2053,0.143884944,-6,0.057120000,-17,31.753000,-281,0.000000000,2048,0.000000000,0,12.300,33,5983,0,1,
113941149629024,113941147440798,113941148607159,113941149629024,608,6.080000000,center_after_minus_a1,state,0,0.000000000,2048,0.009203885,2042,0.431654831,-18,0.043680000,-13,20.566000,-182,0.000000000,2048,0.000000000,0,12.200,33,5993,1,1,
113941159625650,113941157432993,113941158606226,113941159625650,609,6.090000000,center_after_minus_a1,state,0,0.000000000,2048,0.021475731,2034,0.719424718,-30,-0.288960000,86,12.769000,-113,0.000000000,2048,0.000000000,0,12.400,33,6003,1,0,
113941169620955,113941167428915,113941168603349,113941169620955,610,6.100000000,center_after_minus_a1,state,0,0.000000000,2048,0.027611654,2030,0.935252133,-39,-0.235200000,70,10.509000,-93,0.000000000,2048,0.000000000,0,12.400,33,6013,1,0,
113941179624132,113941177431243,113941178621611,113941179624132,611,6.110000000,center_after_minus_a1,state,0,0.000000000,2048,0.033747577,2026,1.055156253,-44,-0.238560000,71,-0.226000,2,0.000000000,2048,0.000000000,0,12.300,33,6023,1,0,
113941189621386,113941187430778,113941188620775,113941189621386,612,6.120000000,center_after_minus_a1,state,0,0.000000000,2048,0.033747577,2026,1.079137077,-45,-0.184800000,55,-3.503000,31,0.000000000,2048,0.000000000,0,12.400,33,6033,1,0,
113941199620750,113941197428639,113941198600915,113941199620750,613,6.130000000,center_after_minus_a1,state,0,0.000000000,2048,0.035281558,2025,1.007194605,-42,-0.191520000,57,-13.334000,118,0.000000000,2048,0.000000000,0,12.400,33,6043,1,0,
113941209618934,113941207431208,113941208602495,113941209618934,614,6.140000000,center_after_minus_a1,state,0,0.000000000,2048,0.032213597,2027,0.839328837,-35,-0.191520000,57,-19.549000,173,0.000000000,2048,0.000000000,0,12.200,33,6053,1,0,
113941219617291,113941217427487,113941218599370,113941219617291,615,6.150000000,center_after_minus_a1,state,0,0.000000000,2048,0.027611654,2030,0.623501422,-26,-0.151200000,45,-22.261000,197,0.000000000,2048,0.000000000,0,12.300,33,6063,1,0,
113941229617927,113941227428833,113941228601047,113941229617927,616,6.160000000,center_after_minus_a1,state,0,0.000000000,2048,0.016873789,2037,0.335731535,-14,-0.097440000,29,-24.860000,220,0.000000000,2048,0.000000000,0,12.400,33,6073,1,1,
113941239616754,113941237427205,113941238602966,113941239616754,617,6.170000000,center_after_minus_a1,state,0,0.000000000,2048,0.004601942,2045,0.071942472,-3,-0.030240000,9,-25.877000,229,0.000000000,2048,0.000000000,0,12.200,33,6083,0,1,
113941249617275,113941247429117,113941248621199,113941249617275,618,6.180000000,center_after_minus_a1,state,0,0.000000000,2048,-0.007669904,2053,-0.191846591,8,-0.084000000,25,-6.667000,59,0.000000000,2048,0.000000000,0,12.300,33,6093,0,1,
113941259617500,113941257427200,113941258605355,113941259617500,619,6.190000000,center_after_minus_a1,state,0,0.000000000,2048,-0.018407769,2060,-0.431654831,18,0.036960000,-11,-4.407000,39,0.000000000,2048,0.000000000,0,12.400,33,6103,1,0,
113941269616455,113941267427565,113941268599706,113941269616455,620,6.200000000,center_after_minus_a1,state,0,0.000000000,2048,-0.024543693,2064,-0.623501422,26,0.094080000,-28,-3.503000,31,0.000000000,2048,0.000000000,0,12.400,33,6113,1,0,
113941279615796,113941277427430,113941278602995,113941279615796,621,6.210000000,center_after_minus_a1,state,0,0.000000000,2048,-0.027611654,2066,-0.743405542,31,0.090720000,-27,0.791000,-7,0.000000000,2048,0.000000000,0,12.400,33,6123,1,0,
113941289618453,113941287428802,113941288621243,113941289618453,622,6.220000000,center_after_minus_a1,state,0,0.000000000,2048,-0.027611654,2066,-0.791367189,33,0.168000000,-50,3.616000,-32,0.000000000,2048,0.000000000,0,12.400,33,6133,1,0,
113941299616034,113941297427278,113941298603773,113941299616034,623,6.230000000,center_after_minus_a1,state,0,0.000000000,2048,-0.029145635,2067,-0.743405542,31,0.127680000,-38,13.560000,-120,0.000000000,2048,0.000000000,0,12.400,33,6143,1,0,
113941309616614,113941307428325,113941308600305,113941309616614,624,6.240000000,center_after_minus_a1,state,0,0.000000000,2048,-0.026077673,2065,-0.623501422,26,0.161280000,-48,16.385000,-145,0.000000000,2048,0.000000000,0,12.300,33,6153,1,0,
113941319615502,113941317426984,113941318599786,113941319615502,625,6.250000000,center_after_minus_a1,state,0,0.000000000,2048,-0.021475731,2062,-0.455635655,19,0.131040000,-39,20.114000,-178,0.000000000,2048,0.000000000,0,12.400,33,6163,1,0,
113941329619339,113941327426359,113941328605083,113941329619339,626,6.260000000,center_after_minus_a1,state,0,0.000000000,2048,-0.010737866,2055,-0.239808239,10,0.070560000,-21,22.600000,-200,0.000000000,2048,0.000000000,0,12.400,33,6173,0,1,
113941339616262,113941337426228,113941338600054,113941339616262,627,6.270000000,center_after_minus_a1,state,0,0.000000000,2048,0.000000000,2048,0.000000000,0,0.006720000,-2,22.600000,-200,0.000000000,2048,0.000000000,0,12.300,33,6183,0,1,
113941349617099,113941347427192,113941348600550,113941349617099,628,6.280000000,center_after_minus_a1,state,0,0.000000000,2048,0.010737866,2041,0.191846591,-8,-0.006720000,2,8.023000,-71,0.000000000,2048,0.000000000,0,12.400,33,6193,0,1,
113941359647858,113941357501879,113941358625747,113941359647858,629,6.290000000,center_after_minus_a1,state,0,0.000000000,2048,0.018407769,2036,0.407674007,-17,-0.144480000,43,8.023000,-71,0.000000000,2048,0.000000000,0,12.400,33,6203,1,0,
113941369646103,113941367434700,113941368604398,113941369646103,630,6.300000000,center_after_minus_a1,state,0,0.000000000,2048,0.023009712,2033,0.551558950,-23,-0.040320000,12,-0.791000,7,0.000000000,2048,0.000000000,0,12.400,33,6213,1,0,
113941379630749,113941377507654,113941378620744,113941379630749,631,6.310000000,center_after_minus_a1,state,0,0.000000000,2048,0.023009712,2033,0.647482246,-27,-0.124320000,37,-2.260000,20,0.000000000,2048,0.000000000,0,12.400,33,6223,1,0,
113941389644271,113941387506252,113941388614997,113941389644271,632,6.320000000,center_after_minus_a1,state,0,0.000000000,2048,0.023009712,2033,0.671463070,-28,-0.131040000,39,-9.944000,88,0.000000000,2048,0.000000000,0,12.400,33,6233,1,0,
113941399639001,113941397432126,113941398625021,113941399639001,633,6.330000000,center_after_minus_a1,state,0,0.000000000,2048,0.023009712,2033,0.599520598,-25,-0.131040000,39,-16.724000,148,0.000000000,2048,0.000000000,0,12.400,33,6243,1,0,
113941409637031,113941407434672,113941408602590,113941409637031,634,6.340000000,center_after_minus_a1,state,0,0.000000000,2048,0.015339808,2038,0.455635655,-19,-0.090720000,27,-17.628000,156,0.000000000,2048,0.000000000,0,12.300,33,6253,1,1,
113941419629624,113941417431861,113941418601341,113941419629624,635,6.350000000,center_after_minus_a1,state,0,0.000000000,2048,0.010737866,2041,0.263789063,-11,-0.057120000,17,-19.888000,176,0.000000000,2048,0.000000000,0,12.500,33,6263,1,1,
113941429630869,113941427428358,113941428611322,113941429630869,636,6.360000000,center_after_minus_a1,state,0,0.000000000,2048,0.001533981,2047,0.071942472,-3,-0.010080000,3,-21.470000,190,0.000000000,2048,0.000000000,0,12.400,33,6273,0,1,
113941439629974,113941437431635,113941438608188,113941439629974,637,6.370000000,center_after_minus_a1,state,0,0.000000000,2048,-0.009203885,2054,-0.119904120,5,0.147840000,-44,-13.673000,121,0.000000000,2048,0.000000000,0,12.300,33,6283,0,1,
113941449626489,113941447429473,113941448602483,113941449626489,638,6.380000000,center_after_minus_a1,state,0,0.000000000,2048,-0.016873789,2059,-0.311750711,13,0.033600000,-10,-0.226000,2,0.000000000,2048,0.000000000,0,12.400,33,6293,1,1,
113941459624590,113941457427022,113941458610739,113941459624590,639,6.390000000,center_after_minus_a1,state,0,0.000000000,2048,-0.019941750,2061,-0.455635655,19,0.114240000,-34,-0.226000,2,0.000000000,2048,0.000000000,0,12.400,33,6303,1,0,
113941469595267,113941467427348,113941468586661,113941469595267,640,6.400000000,center_after_minus_a1,state,0,0.000000000,2048,-0.023009712,2063,-0.551558950,23,0.124320000,-37,1.130000,-10,0.000000000,2048,0.000000000,0,12.400,33,6313,1,0,
113941479629652,113941477452237,113941478595956,113941479629652,641,6.410000000,center_after_minus_a1,state,0,0.000000000,2048,-0.023009712,2063,-0.575539774,24,0.131040000,-39,6.215000,-55,0.000000000,2048,0.000000000,0,12.400,33,6323,1,0,
113941489738831,113941487427371,113941488622265,113941489738831,642,6.420000000,center_after_minus_a1,state,0,0.000000000,2048,-0.021475731,2062,-0.527578126,22,0.127680000,-38,16.159000,-143,0.000000000,2048,0.000000000,0,12.400,33,6333,1,0,
113941499714149,113941497434585,113941498630752,113941499714149,643,6.430000000,center_after_minus_a1,state,0,0.000000000,2048,-0.019941750,2061,-0.455635655,19,0.124320000,-37,16.950000,-150,0.000000000,2048,0.000000000,0,12.300,33,6343,1,0,
113941509720466,113941507438293,113941508626410,113941509720466,644,6.440000000,center_after_minus_a1,state,0,0.000000000,2048,-0.012271846,2056,-0.311750711,13,0.077280000,-23,19.210000,-170,0.000000000,2048,0.000000000,0,12.300,33,6353,1,1,
113941519718832,113941517433529,113941518624769,113941519718832,645,6.450000000,center_after_minus_a1,state,0,0.000000000,2048,-0.003067962,2050,-0.119904120,5,0.020160000,-6,20.792000,-184,0.000000000,2048,0.000000000,0,12.400,33,6363,0,1,
113941529717390,113941527428226,113941528628189,113941529717390,646,6.460000000,center_after_minus_a1,state,0,0.000000000,2048,0.007669904,2043,0.071942472,-3,0.073920000,-22,4.859000,-43,0.000000000,2048,0.000000000,0,12.400,33,6373,0,1,
113941539709366,113941537428519,113941538622866,113941539709366,647,6.470000000,center_after_minus_a1,state,0,0.000000000,2048,0.015339808,2038,0.263789063,-11,-0.026880000,8,0.452000,-4,0.000000000,2048,0.000000000,0,12.400,33,6383,1,1,
113941549707705,113941547428433,113941548620444,113941549707705,648,6.480000000,center_after_minus_a1,state,0,0.000000000,2048,0.018407769,2036,0.431654831,-18,-0.208320000,62,0.565000,-5,0.000000000,2048,0.000000000,0,12.400,33,6393,1,0,
113941559710013,113941557429190,113941558625056,113941559710013,649,6.490000000,center_after_minus_a1,state,0,0.000000000,2048,0.021475731,2034,0.527578126,-22,-0.117600000,35,-0.678000,6,0.000000000,2048,0.000000000,0,12.400,33,6403,1,0,
113941569721462,113941567429889,113941568648311,113941569721462,650,6.500000000,center_after_minus_a1,state,0,0.000000000,2048,0.021475731,2034,0.575539774,-24,-0.117600000,35,-5.876000,52,0.000000000,2048,0.000000000,0,12.400,33,6413,1,0,
113941579708835,113941577429338,113941578627354,113941579708835,651,6.510000000,center_after_minus_a1,state,0,0.000000000,2048,0.021475731,2034,0.551558950,-23,-0.114240000,34,-14.238000,126,0.000000000,2048,0.000000000,0,12.400,33,6423,1,0,
113941589714155,113941587428374,113941588625695,113941589714155,652,6.520000000,center_after_minus_a1,state,0,0.000000000,2048,0.016873789,2037,0.455635655,-19,-0.100800000,30,-16.950000,150,0.000000000,2048,0.000000000,0,12.400,33,6433,1,1,
113941599717653,113941597429241,113941598624880,113941599717653,653,6.530000000,center_after_minus_a1,state,0,0.000000000,2048,0.009203885,2042,0.287769887,-12,-0.053760000,16,-18.871000,167,0.000000000,2048,0.000000000,0,12.300,33,6443,1,1,
113941609737366,113941607451199,113941608637559,113941609737366,654,6.540000000,center_after_minus_a1,state,0,0.000000000,2048,0.004601942,2045,0.119904120,-5,-0.023520000,7,-20.340000,180,0.000000000,2048,0.000000000,0,12.400,33,6453,0,1,
113941619722009,113941617431894,113941618627598,113941619722009,655,6.550000000,center_after_minus_a1,state,0,0.000000000,2048,-0.006135923,2052,-0.047961648,2,-0.053760000,16,-7.571000,67,0.000000000,2048,0.000000000,0,12.400,33,6463,0,1,
113941629731834,113941627442243,113941628674330,113941629731834,656,6.560000000,center_after_minus_a1,state,0,0.000000000,2048,-0.013805827,2057,-0.239808239,10,0.026880000,-8,-2.260000,20,0.000000000,2048,0.000000000,0,12.400,33,6473,0,1,
113941639712972,113941637432946,113941638620264,113941639712972,657,6.570000000,center_after_minus_a1,state,0,0.000000000,2048,-0.018407769,2060,-0.383693183,16,0.231840000,-69,-2.373000,21,0.000000000,2048,0.000000000,0,12.400,33,6483,1,0,
113941649706836,113941647428722,113941648620446,113941649706836,658,6.580000000,center_after_minus_a1,state,0,0.000000000,2048,-0.019941750,2061,-0.503597302,21,0.107520000,-32,1.017000,-9,0.000000000,2048,0.000000000,0,12.400,33,6493,1,0,
113941659705081,113941657427816,113941658624899,113941659705081,659,6.590000000,center_after_minus_a1,state,0,0.000000000,2048,-0.021475731,2062,-0.527578126,22,0.120960000,-36,3.842000,-34,0.000000000,2048,0.000000000,0,12.400,33,6503,1,0,
113941669713922,113941667428663,113941668624083,113941669713922,660,6.600000000,center_after_minus_a1,state,0,0.000000000,2048,-0.019941750,2061,-0.503597302,21,0.104160000,-31,10.057000,-89,0.000000000,2048,0.000000000,0,12.400,33,6513,1,0,
113941679706946,113941677428720,113941678621923,113941679706946,661,6.610000000,center_after_minus_a1,state,0,0.000000000,2048,-0.019941750,2061,-0.431654831,18,0.161280000,-48,13.560000,-120,0.000000000,2048,0.000000000,0,12.400,33,6523,1,0,
113941689705908,113941687427456,113941688621103,113941689705908,662,6.620000000,center_after_minus_a1,state,0,0.000000000,2048,-0.015339808,2058,-0.311750711,13,0.084000000,-25,17.515000,-155,0.000000000,2048,0.000000000,0,12.400,33,6533,1,1,
113941699747090,113941697510413,113941698642163,113941699747090,663,6.630000000,center_after_minus_a1,state,0,0.000000000,2048,-0.006135923,2052,-0.167865767,7,0.036960000,-11,19.323000,-171,0.000000000,2048,0.000000000,0,12.400,33,6543,0,1,
113941709741601,113941707510514,113941708645215,113941709741601,664,6.640000000,center_after_minus_a1,state,0,0.000000000,2048,0.003067962,2046,0.000000000,0,0.016800000,-5,17.402000,-154,0.000000000,2048,0.000000000,0,12.400,33,6553,0,1,
113941719749757,113941717511826,113941718636173,113941719749757,665,6.650000000,center_after_minus_a1,state,0,0.000000000,2048,0.012271846,2040,0.191846591,-8,0.033600000,-10,6.554000,-58,0.000000000,2048,0.000000000,0,12.400,33,6563,0,1,
113941729735418,113941727437223,113941728638597,113941729735418,666,6.660000000,center_after_minus_a1,state,0,0.000000000,2048,0.016873789,2037,0.335731535,-14,-0.151200000,45,-0.339000,3,0.000000000,2048,0.000000000,0,12.400,33,6573,1,1,
113941739736142,113941737508362,113941738641337,113941739736142,667,6.670000000,center_after_minus_a1,state,0,0.000000000,2048,0.019941750,2035,0.455635655,-19,-0.127680000,38,0.000000,0,0.000000000,2048,0.000000000,0,12.400,33,6583,1,0,
113941749744788,113941747511756,113941748638805,113941749744788,668,6.680000000,center_after_minus_a1,state,0,0.000000000,2048,0.019941750,2035,0.527578126,-22,-0.104160000,31,-5.876000,52,0.000000000,2048,0.000000000,0,12.400,33,6593,1,0,
113941759753305,113941757511106,113941758660582,113941759753305,669,6.690000000,center_after_minus_a1,state,0,0.000000000,2048,0.019941750,2035,0.527578126,-22,-0.120960000,36,-11.865000,105,0.000000000,2048,0.000000000,0,12.400,33,6603,1,0,
113941769736215,113941767439716,113941768636752,113941769736215,670,6.700000000,center_after_minus_a1,state,0,0.000000000,2048,0.016873789,2037,0.455635655,-19,-0.097440000,29,-16.498000,146,0.000000000,2048,0.000000000,0,12.400,33,6613,1,1,
113941779770919,113941777508297,113941778639802,113941779770919,671,6.710000000,center_after_minus_a1,state,0,0.000000000,2048,0.010737866,2041,0.335731535,-14,-0.060480000,18,-17.628000,156,0.000000000,2048,0.000000000,0,12.400,33,6623,1,1,
113941789724083,113941787516817,113941788637205,113941789724083,672,6.720000000,center_after_minus_a1,state,0,0.000000000,2048,0.004601942,2045,0.143884944,-6,-0.026880000,8,-19.662000,174,0.000000000,2048,0.000000000,0,12.400,33,6633,0,1,
113941799734256,113941797505413,113941798635003,113941799734256,673,6.730000000,center_after_minus_a1,state,0,0.000000000,2048,-0.004601942,2051,0.000000000,0,-0.033600000,10,-14.464000,128,0.000000000,2048,0.000000000,0,12.400,33,6643,0,1,
113941809743533,113941807510813,113941808663606,113941809743533,674,6.740000000,center_after_minus_a1,state,0,0.000000000,2048,-0.012271846,2056,-0.191846591,8,0.218400000,-65,-7.458000,66,0.000000000,2048,0.000000000,0,12.400,33,6653,0,1,
113941819743663,113941817510304,113941818794080,113941819743663,675,6.750000000,center_after_minus_a1,state,0,0.000000000,2048,-0.018407769,2060,-0.359712359,15,0.100800000,-30,-0.678000,6,0.000000000,2048,0.000000000,0,12.400,33,6663,1,0,
113941829735147,113941827438044,113941828638469,113941829735147,676,6.760000000,center_after_minus_a1,state,0,0.000000000,2048,-0.019941750,2061,-0.455635655,19,0.131040000,-39,0.452000,-4,0.000000000,2048,0.000000000,0,12.400,33,6673,1,0,
113941839693511,113941837432034,113941838624783,113941839693511,677,6.770000000,center_after_minus_a1,state,0,0.000000000,2048,-0.021475731,2062,-0.527578126,22,0.124320000,-37,3.616000,-32,0.000000000,2048,0.000000000,0,12.400,33,6683,1,0,
113941849712040,113941847442945,113941848633287,113941849712040,678,6.780000000,center_after_minus_a1,state,0,0.000000000,2048,-0.019941750,2061,-0.503597302,21,0.114240000,-34,8.927000,-79,0.000000000,2048,0.000000000,0,12.400,33,6693,1,0,
113941859708154,113941857432102,113941858628969,113941859708154,679,6.790000000,center_after_minus_a1,state,0,0.000000000,2048,-0.019941750,2061,-0.455635655,19,0.127680000,-38,16.837000,-149,0.000000000,2048,0.000000000,0,12.400,33,6703,1,0,
113941869719130,113941867429551,113941868606259,113941869719130,680,6.800000000,center_after_minus_a1,state,0,0.000000000,2048,-0.016873789,2059,-0.335731535,14,0.107520000,-32,17.515000,-155,0.000000000,2048,0.000000000,0,12.400,33,6713,1,1,
113941879712555,113941877428686,113941878611425,113941879712555,681,6.810000000,center_after_minus_a1,state,0,0.000000000,2048,-0.009203885,2054,-0.191846591,8,0.060480000,-18,19.662000,-174,0.000000000,2048,0.000000000,0,12.400,33,6723,0,1,
113941889684511,113941887432685,113941888608026,113941889684511,682,6.820000000,center_after_minus_a1,state,0,0.000000000,2048,0.001533981,2047,0.000000000,0,0.006720000,-2,18.871000,-167,0.000000000,2048,0.000000000,0,12.400,33,6733,0,1,
113941899688782,113941897429237,113941898607313,113941899688782,683,6.830000000,center_after_minus_a1,state,0,0.000000000,2048,0.010737866,2041,0.167865767,-7,-0.036960000,11,-0.113000,1,0.000000000,2048,0.000000000,0,12.500,33,6743,0,1,
113941909705570,113941907430691,113941908605687,113941909705570,684,6.840000000,center_after_minus_a1,state,0,0.000000000,2048,0.015339808,2038,0.335731535,-14,0.020160000,-6,0.452000,-4,0.000000000,2048,0.000000000,0,12.500,33,6753,1,1,
113941919696363,113941917429187,113941918600582,113941919696363,685,6.850000000,center_after_minus_a1,state,0,0.000000000,2048,0.019941750,2035,0.455635655,-19,-0.114240000,34,-0.678000,6,0.000000000,2048,0.000000000,0,12.500,33,6763,1,0,
113941929692450,113941927427997,113941928610175,113941929692450,686,6.860000000,center_after_minus_a1,state,0,0.000000000,2048,0.019941750,2035,0.527578126,-22,-0.110880000,33,-4.633000,41,0.000000000,2048,0.000000000,0,12.500,33,6773,1,0,
113941939679507,113941937427855,113941938606522,113941939679507,687,6.870000000,center_after_minus_a1,state,0,0.000000000,2048,0.019941750,2035,0.527578126,-22,-0.107520000,32,-11.526000,102,0.000000000,2048,0.000000000,0,12.500,33,6783,1,0,
113941949688781,113941947429906,113941948605453,113941949688781,688,6.880000000,center_after_minus_a1,state,0,0.000000000,2048,0.016873789,2037,0.479616478,-20,-0.100800000,30,-16.272000,144,0.000000000,2048,0.000000000,0,12.400,33,6793,1,1,
113941959690804,113941957428382,113941958602255,113941959690804,689,6.890000000,center_after_minus_a1,state,0,0.000000000,2048,0.010737866,2041,0.359712359,-15,-0.067200000,20,-17.402000,154,0.000000000,2048,0.000000000,0,12.400,33,6803,1,1,
113941969697254,113941967427798,113941968599349,113941969697254,690,6.900000000,center_after_minus_a1,state,0,0.000000000,2048,0.004601942,2045,0.191846591,-8,-0.033600000,10,-19.436000,172,0.000000000,2048,0.000000000,0,12.400,33,6813,0,1,
113941979688440,113941977429299,113941978609325,113941979688440,691,6.910000000,center_after_minus_a1,state,0,0.000000000,2048,-0.003067962,2050,0.000000000,0,-0.010080000,3,-17.402000,154,0.000000000,2048,0.000000000,0,12.400,33,6823,0,1,
113941989698440,113941987428101,113941988607476,113941989698440,692,6.920000000,center_after_minus_a1,state,0,0.000000000,2048,-0.010737866,2055,-0.167865767,7,0.020160000,-6,-3.277000,29,0.000000000,2048,0.000000000,0,12.400,33,6833,0,1,
113941999680246,113941997430485,113941998609383,113941999680246,693,6.930000000,center_after_minus_a1,state,0,0.000000000,2048,-0.016873789,2059,-0.311750711,13,0.016800000,-5,-4.068000,36,0.000000000,2048,0.000000000,0,12.400,33,6843,1,1,
113942009691524,113942007429549,113942008604889,113942009691524,694,6.940000000,center_after_minus_a1,state,0,0.000000000,2048,-0.019941750,2061,-0.455635655,19,0.107520000,-32,0.565000,-5,0.000000000,2048,0.000000000,0,12.400,33,6853,1,0,
113942019710663,113942017430327,113942018609315,113942019710663,695,6.950000000,center_after_minus_a1,state,0,0.000000000,2048,-0.019941750,2061,-0.503597302,21,0.117600000,-35,3.390000,-30,0.000000000,2048,0.000000000,0,12.400,33,6863,1,0,
113942029731820,113942027506323,113942028618348,113942029731820,696,6.960000000,center_after_minus_a1,state,0,0.000000000,2048,-0.019941750,2061,-0.479616478,20,0.110880000,-33,8.362000,-74,0.000000000,2048,0.000000000,0,12.400,33,6873,1,0,
113942039720835,113942037451968,113942038623608,113942039720835,697,6.970000000,center_after_minus_a1,state,0,0.000000000,2048,-0.018407769,2060,-0.431654831,18,0.117600000,-35,16.950000,-150,0.000000000,2048,0.000000000,0,12.400,33,6883,1,0,
113942049726359,113942047512261,113942048632728,113942049726359,698,6.980000000,center_after_minus_a1,state,0,0.000000000,2048,-0.015339808,2058,-0.335731535,14,0.094080000,-28,17.515000,-155,0.000000000,2048,0.000000000,0,12.300,33,6893,1,1,
113942059637635,113942057508289,113942058606122,113942059637635,699,6.990000000,center_after_minus_a1,hardware_error,0,0.000000000,2048,,,,,,,,,,,,,,,,,,0
113942069735249,113942067440122,113942068660532,113942069735249,700,7.000000000,center_after_minus_a1,state,0,0.000000000,2048,0.001533981,2047,-0.023980824,1,0.010080000,-3,19.323000,-171,0.000000000,2048,0.000000000,0,12.500,33,6913,0,1,
113942079720314,113942077505410,113942078622427,113942079720314,701,7.010000000,center_after_minus_a1,state,0,0.000000000,2048,0.010737866,2041,0.143884944,-6,0.040320000,-12,0.339000,-3,0.000000000,2048,0.000000000,0,12.400,33,6923,0,1,
113942089725006,113942087510067,113942088689611,113942089725006,702,7.020000000,center_after_minus_a1,state,0,0.000000000,2048,0.016873789,2037,0.311750711,-13,-0.043680000,13,1.921000,-17,0.000000000,2048,0.000000000,0,12.500,33,6933,1,1,
113942099790447,113942097467690,113942098666894,113942099790447,703,7.030000000,center_after_minus_a1,state,0,0.000000000,2048,0.019941750,2035,0.431654831,-18,-0.100800000,30,-0.452000,4,0.000000000,2048,0.000000000,0,12.400,33,6943,1,0,
113942109583937,113942107425947,113942108573746,113942109583937,704,7.040000000,center_after_minus_a1,state,0,0.000000000,2048,0.019941750,2035,0.503597302,-21,-0.107520000,32,-4.520000,40,0.000000000,2048,0.000000000,0,12.400,33,6953,1,0,
113942119579542,113942117428984,113942118563570,113942119579542,705,7.050000000,center_after_minus_a1,state,0,0.000000000,2048,0.019941750,2035,0.527578126,-22,-0.100800000,30,-11.978000,106,0.000000000,2048,0.000000000,0,12.500,33,6963,1,0,
113942129586499,113942127429207,113942128568066,113942129586499,706,7.060000000,center_after_minus_a1,state,0,0.000000000,2048,0.018407769,2036,0.479616478,-20,-0.100800000,30,-16.385000,145,0.000000000,2048,0.000000000,0,12.500,33,6973,1,0,
113942139581835,113942137426647,113942138566377,113942139581835,707,7.070000000,center_after_minus_a1,state,0,0.000000000,2048,0.010737866,2041,0.359712359,-15,-0.063840000,19,-17.402000,154,0.000000000,2048,0.000000000,0,12.400,33,6983,1,1,
113942149579750,113942147428328,113942148566811,113942149579750,708,7.080000000,center_after_minus_a1,state,0,0.000000000,2048,0.004601942,2045,0.191846591,-8,-0.030240000,9,-19.549000,173,0.000000000,2048,0.000000000,0,12.500,33,6993,0,1,
113942159578352,113942157428702,113942158561250,113942159578352,709,7.090000000,center_after_minus_a1,state,0,0.000000000,2048,-0.003067962,2050,0.000000000,0,-0.013440000,4,-17.854000,158,0.000000000,2048,0.000000000,0,12.500,33,7003,0,1,
113942169579269,113942167427483,113942168563081,113942169579269,710,7.100000000,center_after_minus_a1,state,0,0.000000000,2048,-0.012271846,2056,-0.167865767,7,-0.080640000,24,-7.006000,62,0.000000000,2048,0.000000000,0,12.400,33,7013,0,1,
113942179582412,113942177428250,113942178567578,113942179582412,711,7.110000000,center_after_minus_a1,state,0,0.000000000,2048,-0.016873789,2059,-0.335731535,14,0.174720000,-52,-2.034000,18,0.000000000,2048,0.000000000,0,12.500,33,7023,1,1,
113942189577057,113942187429319,113942188565266,113942189577057,712,7.120000000,center_after_minus_a1,state,0,0.000000000,2048,-0.019941750,2061,-0.455635655,19,0.084000000,-25,1.130000,-10,0.000000000,2048,0.000000000,0,12.500,33,7033,1,0,
113942199578369,113942197426642,113942198565743,113942199578369,713,7.130000000,center_after_minus_a1,state,0,0.000000000,2048,-0.021475731,2062,-0.503597302,21,0.120960000,-36,3.277000,-29,0.000000000,2048,0.000000000,0,12.500,33,7043,1,0,
113942209576193,113942207427765,113942208561314,113942209576193,714,7.140000000,center_after_minus_a1,state,0,0.000000000,2048,-0.021475731,2062,-0.503597302,21,0.117600000,-35,8.136000,-72,0.000000000,2048,0.000000000,0,12.500,33,7053,1,0,
113942219584814,113942217427171,113942218563498,113942219584814,715,7.150000000,center_after_minus_a1,state,0,0.000000000,2048,-0.019941750,2061,-0.455635655,19,0.117600000,-35,16.611000,-147,0.000000000,2048,0.000000000,0,12.600,33,7063,1,0,
113942229620630,113942227426824,113942228582713,113942229620630,716,7.160000000,center_after_minus_a1,state,0,0.000000000,2048,-0.016873789,2059,-0.359712359,15,0.067200000,-20,16.385000,-145,0.000000000,2048,0.000000000,0,12.500,33,7073,1,1,
113942239672279,113942237429952,113942238603500,113942239672279,717,7.170000000,center_after_minus_a1,state,0,0.000000000,2048,-0.009203885,2054,-0.215827415,9,0.060480000,-18,19.097000,-169,0.000000000,2048,0.000000000,0,12.200,33,7083,0,1,
113942249631742,113942247498451,113942248590467,113942249631742,718,7.180000000,center_after_minus_a1,state,0,0.000000000,2048,0.000000000,2048,-0.023980824,1,0.013440000,-4,19.662000,-174,0.000000000,2048,0.000000000,0,12.500,33,7093,0,1,
113942259678841,113942257459760,113942258619071,113942259678841,719,7.190000000,center_after_minus_a1,state,0,0.000000000,2048,0.009203885,2042,0.119904120,-5,0.040320000,-12,10.961000,-97,0.000000000,2048,0.000000000,0,12.500,33,7103,0,1,
113942269710212,113942267440079,113942268615577,113942269710212,720,7.200000000,center_after_minus_a1,state,0,0.000000000,2048,0.015339808,2038,0.287769887,-12,-0.168000000,50,1.017000,-9,0.000000000,2048,0.000000000,0,12.500,33,7113,1,1,
113942279608306,113942277498098,113942278569436,113942279608306,721,7.210000000,center_after_minus_a1,state,0,0.000000000,2048,0.018407769,2036,0.431654831,-18,-0.204960000,61,0.226000,-2,0.000000000,2048,0.000000000,0,12.500,33,7123,1,0,
113942289632572,113942287514194,113942288574315,113942289632572,722,7.220000000,center_after_minus_a1,state,0,0.000000000,2048,0.019941750,2035,0.503597302,-21,-0.100800000,30,-3.729000,33,0.000000000,2048,0.000000000,0,12.500,33,7133,1,0,
113942299689198,113942297513100,113942298607732,113942299689198,723,7.230000000,center_after_minus_a1,state,0,0.000000000,2048,0.019941750,2035,0.527578126,-22,-0.090720000,27,-10.283000,91,0.000000000,2048,0.000000000,0,12.300,33,7143,1,0,
113942309706887,113942307512170,113942308655018,113942309706887,724,7.240000000,center_after_minus_a1,state,0,0.000000000,2048,0.016873789,2037,0.479616478,-20,-0.097440000,29,-15.933000,141,0.000000000,2048,0.000000000,0,12.500,33,7153,1,1,
113942319920707,113942317504724,113942318776436,113942319920707,725,7.250000000,center_after_minus_a1,state,0,0.000000000,2048,0.012271846,2040,0.383693183,-16,-0.067200000,20,-17.176000,152,0.000000000,2048,0.000000000,0,12.500,33,7163,1,1,
113942329770709,113942327512011,113942328782426,113942329770709,726,7.260000000,center_after_minus_a1,state,0,0.000000000,2048,0.004601942,2045,0.215827415,-9,-0.023520000,7,-18.984000,168,0.000000000,2048,0.000000000,0,12.300,33,7173,0,1,
113942339921285,113942337451016,113942338780844,113942339921285,727,7.270000000,center_after_minus_a1,state,0,0.000000000,2048,-0.001533981,2049,0.023980824,-1,-0.006720000,2,-18.871000,167,0.000000000,2048,0.000000000,0,12.200,33,7183,0,1,
113942349756582,113942347505957,113942348779792,113942349756582,728,7.280000000,center_after_minus_a1,state,0,0.000000000,2048,-0.010737866,2055,-0.143884944,6,-0.033600000,10,-10.735000,95,0.000000000,2048,0.000000000,0,12.400,33,7193,0,1,
113942359923477,113942357511654,113942358784616,113942359923477,729,7.290000000,center_after_minus_a1,state,0,0.000000000,2048,-0.016873789,2059,-0.311750711,13,-0.053760000,16,-4.972000,44,0.000000000,2048,0.000000000,0,12.400,33,7203,1,1,
113942369922925,113942367452364,113942368777437,113942369922925,730,7.300000000,center_after_minus_a1,state,0,0.000000000,2048,-0.019941750,2061,-0.431654831,18,0.134400000,-40,0.452000,-4,0.000000000,2048,0.000000000,0,12.400,33,7213,1,0,
113942379918477,113942377503568,113942378780707,113942379918477,731,7.310000000,center_after_minus_a1,state,0,0.000000000,2048,-0.019941750,2061,-0.503597302,21,0.117600000,-35,3.277000,-29,0.000000000,2048,0.000000000,0,12.400,33,7223,1,0,
113942389704681,113942387505827,113942388656151,113942389704681,732,7.320000000,center_after_minus_a1,state,0,0.000000000,2048,-0.021475731,2062,-0.503597302,21,0.110880000,-33,8.023000,-71,0.000000000,2048,0.000000000,0,12.400,33,7233,1,0,
113942399764751,113942397510516,113942398663962,113942399764751,733,7.330000000,center_after_minus_a1,state,0,0.000000000,2048,-0.018407769,2060,-0.455635655,19,0.100800000,-30,16.837000,-149,0.000000000,2048,0.000000000,0,12.200,33,7243,1,0,
113942409752985,113942407514082,113942408656302,113942409752985,734,7.340000000,center_after_minus_a1,state,0,0.000000000,2048,-0.016873789,2059,-0.335731535,14,0.073920000,-22,16.611000,-147,0.000000000,2048,0.000000000,0,12.500,33,7253,1,1,
113942419744566,113942417506123,113942418657389,113942419744566,735,7.350000000,center_after_minus_a1,state,0,0.000000000,2048,-0.009203885,2054,-0.215827415,9,0.057120000,-17,19.210000,-170,0.000000000,2048,0.000000000,0,12.400,33,7263,0,1,
113942429702168,113942427509354,113942428609108,113942429702168,736,7.360000000,center_after_minus_a1,state,0,0.000000000,2048,0.000000000,2048,-0.023980824,1,0.006720000,-2,19.662000,-174,0.000000000,2048,0.000000000,0,12.200,33,7273,0,1,
113942439701654,113942437450988,113942438597153,113942439701654,737,7.370000000,center_after_minus_a1,state,0,0.000000000,2048,0.009203885,2042,0.119904120,-5,-0.013440000,4,8.136000,-72,0.000000000,2048,0.000000000,0,12.300,33,7283,0,1,
113942449698156,113942447507570,113942448595641,113942449698156,738,7.380000000,center_after_minus_a1,state,0,0.000000000,2048,0.015339808,2038,0.287769887,-12,-0.147840000,44,6.215000,-55,0.000000000,2048,0.000000000,0,12.400,33,7293,1,1,
113942459695808,113942457510443,113942458592249,113942459695808,739,7.390000000,center_after_minus_a1,state,0,0.000000000,2048,0.019941750,2035,0.407674007,-17,0.043680000,-13,-1.017000,9,0.000000000,2048,0.000000000,0,12.400,33,7303,1,0,
113942469725160,113942467453398,113942468596667,113942469725160,740,7.400000000,center_after_minus_a1,state,0,0.000000000,2048,0.019941750,2035,0.479616478,-20,-0.117600000,35,-3.616000,32,0.000000000,2048,0.000000000,0,12.400,33,7313,1,0,
113942479721113,113942477502110,113942478619852,113942479721113,741,7.410000000,center_after_minus_a1,state,0,0.000000000,2048,0.019941750,2035,0.527578126,-22,-0.090720000,27,-10.848000,96,0.000000000,2048,0.000000000,0,12.400,33,7323,1,0,
113942489707951,113942487439375,113942488619186,113942489707951,742,7.420000000,center_after_minus_a1,state,0,0.000000000,2048,0.018407769,2036,0.479616478,-20,-0.094080000,28,-15.933000,141,0.000000000,2048,0.000000000,0,12.400,33,7333,1,0,
113942499701047,113942497513206,113942498604115,113942499701047,743,7.430000000,center_after_minus_a1,state,0,0.000000000,2048,0.012271846,2040,0.383693183,-16,-0.073920000,22,-17.063000,151,0.000000000,2048,0.000000000,0,12.200,33,7343,1,1,
113942509694752,113942507515018,113942508595521,113942509694752,744,7.440000000,center_after_minus_a1,state,0,0.000000000,2048,0.004601942,2045,0.191846591,-8,-0.026880000,8,-18.984000,168,0.000000000,2048,0.000000000,0,12.500,33,7353,0,1,
113942519693532,113942517507957,113942518595065,113942519693532,745,7.450000000,center_after_minus_a1,state,0,0.000000000,2048,-0.001533981,2049,0.023980824,-1,-0.003360000,1,-18.871000,167,0.000000000,2048,0.000000000,0,12.400,33,7363,0,1,
113942529703789,113942527502211,113942528595906,113942529703789,746,7.460000000,center_after_minus_a1,state,0,0.000000000,2048,-0.010737866,2055,-0.143884944,6,-0.036960000,11,-9.944000,88,0.000000000,2048,0.000000000,0,12.400,33,7373,0,1,
113942539694565,113942537451068,113942538595675,113942539694565,747,7.470000000,center_after_minus_a1,state,0,0.000000000,2048,-0.015339808,2058,-0.311750711,13,0.073920000,-22,-0.678000,6,0.000000000,2048,0.000000000,0,12.400,33,7383,1,1,
113942549694679,113942547509160,113942548606762,113942549694679,748,7.480000000,center_after_minus_a1,state,0,0.000000000,2048,-0.019941750,2061,-0.431654831,18,0.030240000,-9,0.904000,-8,0.000000000,2048,0.000000000,0,12.400,33,7393,1,0,
113942559698032,113942557501536,113942558597005,113942559698032,749,7.490000000,center_after_minus_a1,state,0,0.000000000,2048,-0.019941750,2061,-0.503597302,21,0.114240000,-34,3.277000,-29,0.000000000,2048,0.000000000,0,12.400,33,7403,1,0,
113942569705625,113942567510953,113942568606832,113942569705625,750,7.500000000,plus_a2,state,0,0.070000000,2002,-0.019941750,2061,-0.503597302,21,0.215040000,-64,16.498000,-146,0.070563116,2002,0.000000000,0,12.400,33,7413,1,0,
113942579711333,113942577451336,113942578603784,113942579711333,751,7.510000000,plus_a2,state,0,0.070000000,2002,-0.016873789,2059,-0.431654831,18,0.490560000,-146,28.928000,-256,0.070563116,2002,0.000000000,0,12.300,33,7423,1,0,
113942589768138,113942587447172,113942588658040,113942589768138,752,7.520000000,plus_a2,state,0,0.070000000,2002,-0.009203885,2054,-0.311750711,13,0.477120000,-142,34.804000,-308,0.070563116,2002,0.000000000,0,12.300,33,7433,1,0,
113942599749166,113942597436517,113942598658113,113942599749166,753,7.530000000,plus_a2,state,0,0.070000000,2002,0.007669904,2043,-0.119904120,5,0.379680000,-113,41.019000,-363,0.070563116,2002,0.000000000,0,12.300,33,7443,0,0,
113942609695823,113942607435786,113942608605502,113942609695823,754,7.540000000,plus_a2,state,0,0.070000000,2002,0.027611654,2030,0.143884944,-6,0.265440000,-79,44.409000,-393,0.070563116,2002,0.000000000,0,12.200,33,7453,0,0,
113942619727748,113942617432434,113942618656389,113942619727748,755,7.550000000,plus_a2,state,0,0.070000000,2002,0.050621366,2015,0.455635655,-19,0.134400000,-40,45.426000,-402,0.070563116,2002,0.000000000,0,12.300,33,7463,1,0,
113942629740260,113942627428787,113942628649306,113942629740260,756,7.560000000,plus_a2,state,0,0.070000000,2002,0.072097097,2001,0.815348013,-34,0.016800000,-5,44.070000,-390,0.070563116,2002,0.000000000,0,12.400,33,7473,1,1,
113942639726549,113942637428248,113942638646340,113942639726549,757,7.570000000,plus_a2,state,0,0.070000000,2002,0.093572828,1987,1.151079548,-48,-0.342720000,102,26.668000,-236,0.070563116,2002,0.000000000,0,12.400,33,7483,1,0,
113942649716287,113942647428534,113942648644140,113942649716287,758,7.580000000,plus_a2,state,0,0.070000000,2002,0.108912636,1977,1.462830259,-61,-0.215040000,64,19.549000,-173,0.070563116,2002,0.000000000,0,12.400,33,7493,1,0,
113942659731773,113942657427301,113942658656467,113942659731773,759,7.590000000,plus_a2,state,0,0.070000000,2002,0.119650501,1970,1.654676851,-69,-0.258720000,77,14.238000,-126,0.070563116,2002,0.000000000,0,12.300,33,7503,1,0,
113942669741449,113942667501895,113942668653013,113942669741449,760,7.600000000,plus_a2,state,0,0.070000000,2002,0.127320405,1965,1.702638498,-71,-0.319200000,95,11.074000,-98,0.070563116,2002,0.000000000,0,12.500,33,7513,1,0,
113942679742439,113942677508495,113942678659410,113942679742439,761,7.610000000,plus_a2,state,0,0.070000000,2002,0.133456329,1961,1.654676851,-69,-0.362880000,108,6.215000,-55,0.070563116,2002,0.000000000,0,12.500,33,7523,1,0,
113942689745859,113942687513883,113942688661339,113942689745859,762,7.620000000,plus_a2,state,0,0.070000000,2002,0.138058271,1958,1.510791907,-63,-0.406560000,121,-5.085000,45,0.070563116,2002,0.000000000,0,12.500,33,7533,1,0,
113942699681218,113942697515844,113942698601786,113942699681218,763,7.630000000,plus_a2,state,0,0.070000000,2002,0.136524290,1959,1.270983668,-53,-0.359520000,107,-18.306000,162,0.070563116,2002,0.000000000,0,12.400,33,7543,1,0,
113942709689778,113942707517289,113942708592247,113942709689778,764,7.640000000,plus_a2,state,0,0.070000000,2002,0.131922348,1962,0.983213781,-41,-0.356160000,106,-25.877000,229,0.070563116,2002,0.000000000,0,12.400,33,7553,1,0,
113942719678427,113942717508690,113942718578736,113942719678427,765,7.650000000,plus_a2,state,0,0.070000000,2002,0.121184482,1969,0.671463070,-28,-0.309120000,92,-30.623000,271,0.070563116,2002,0.000000000,0,12.300,33,7563,1,0,
113942729677159,113942727454583,113942728577627,113942729677159,766,7.660000000,plus_a2,state,0,0.070000000,2002,0.110446617,1976,0.359712359,-15,-0.225120000,67,-35.482000,314,0.070563116,2002,0.000000000,0,12.300,33,7573,1,0,
113942739681357,113942737503137,113942738621223,113942739681357,767,7.670000000,plus_a2,state,0,0.070000000,2002,0.093572828,1987,0.023980824,-1,-0.144480000,43,-37.742000,334,0.070563116,2002,0.000000000,0,12.200,33,7583,0,0,
113942749671731,113942747512312,113942748575474,113942749671731,768,7.680000000,plus_a2,state,0,0.070000000,2002,0.075165059,1999,-0.311750711,13,-0.047040000,14,-38.307000,339,0.070563116,2002,0.000000000,0,12.400,33,7593,1,1,
113942759731996,113942757505433,113942758577317,113942759731996,769,7.690000000,plus_a2,state,0,0.070000000,2002,0.055223308,2012,-0.671463070,28,0.033600000,-10,-30.397000,269,0.070563116,2002,0.000000000,0,12.400,33,7603,1,1,
113942769669408,113942767508202,113942768579860,113942769669408,770,7.700000000,plus_a2,state,0,0.070000000,2002,0.042951462,2020,-0.959232957,40,0.087360000,-26,-18.758000,166,0.070563116,2002,0.000000000,0,12.400,33,7613,1,0,
113942779687056,113942777514817,113942778598887,113942779687056,771,7.710000000,plus_a2,state,0,0.070000000,2002,0.033747577,2026,-1.175060372,49,0.181440000,-54,-10.735000,95,0.070563116,2002,0.000000000,0,12.400,33,7623,1,0,
113942789774908,113942787453461,113942788673988,113942789774908,772,7.720000000,plus_a2,state,0,0.070000000,2002,0.027611654,2030,-1.270983668,53,0.258720000,-77,-6.893000,61,0.070563116,2002,0.000000000,0,12.400,33,7633,1,0,
113942799675197,113942797435279,113942798583716,113942799675197,773,7.730000000,plus_a2,state,0,0.070000000,2002,0.024543693,2032,-1.294964492,54,0.262080000,-78,-0.565000,5,0.070563116,2002,0.000000000,0,12.400,33,7643,1,0,
113942809652950,113942807432752,113942808635757,113942809652950,774,7.740000000,plus_a2,state,0,0.070000000,2002,0.023009712,2033,-1.199041196,50,0.258720000,-77,8.588000,-76,0.070563116,2002,0.000000000,0,12.400,33,7653,1,0,
113942819711718,113942817430389,113942818631856,113942819711718,775,7.750000000,plus_a2,state,0,0.070000000,2002,0.023009712,2033,-1.007194605,42,0.241920000,-72,21.809000,-193,0.070563116,2002,0.000000000,0,12.300,33,7663,1,0,
113942829725278,113942827428280,113942828625025,113942829725278,776,7.760000000,plus_a2,state,0,0.070000000,2002,0.032213597,2027,-0.767386366,32,0.231840000,-69,23.278000,-206,0.070563116,2002,0.000000000,0,12.500,33,7673,1,0,
113942839713091,113942837427290,113942838628115,113942839713091,777,7.770000000,plus_a2,state,0,0.070000000,2002,0.041417481,2021,-0.455635655,19,0.164640000,-49,26.216000,-232,0.070563116,2002,0.000000000,0,12.400,33,7683,1,0,
113942849749264,113942847434426,113942848638320,113942849749264,778,7.780000000,plus_a2,state,0,0.070000000,2002,0.052155347,2014,-0.167865767,7,0.124320000,-37,28.589000,-253,0.070563116,2002,0.000000000,0,12.400,33,7693,0,0,
113942859671426,113942857440892,113942858573130,113942859671426,779,7.790000000,plus_a2,state,0,0.070000000,2002,0.065961174,2005,0.095923296,-4,0.026880000,-8,28.928000,-256,0.070563116,2002,0.000000000,0,12.300,33,7703,0,1,
113942869658046,113942867429483,113942868569992,113942869658046,780,7.800000000,plus_a2,state,0,0.070000000,2002,0.081300982,1995,0.383693183,-16,0.110880000,-33,3.729000,-33,0.070563116,2002,0.000000000,0,12.500,33,7713,1,1,
113942879653848,113942877430122,113942878569562,113942879653848,781,7.810000000,plus_a2,state,0,0.070000000,2002,0.092038847,1988,0.647482246,-27,-0.161280000,48,1.017000,-9,0.070563116,2002,0.000000000,0,12.400,33,7723,1,0,
113942889728184,113942887430363,113942888585413,113942889728184,782,7.820000000,plus_a2,state,0,0.070000000,2002,0.098174770,1984,0.839328837,-35,-0.164640000,49,7.458000,-66,0.070563116,2002,0.000000000,0,12.400,33,7733,1,0,
113942899658195,113942897432785,113942898568773,113942899658195,783,7.830000000,plus_a2,state,0,0.070000000,2002,0.101242732,1982,0.935252133,-39,-0.215040000,64,-0.565000,5,0.070563116,2002,0.000000000,0,12.400,33,7743,1,0,
113942909676825,113942907430565,113942908566431,113942909676825,784,7.840000000,plus_a2,state,0,0.070000000,2002,0.101242732,1982,0.935252133,-39,-0.141120000,42,-7.232000,64,0.070563116,2002,0.000000000,0,12.400,33,7753,1,0,
113942919645734,113942917428462,113942918561353,113942919645734,785,7.850000000,plus_a2,state,0,0.070000000,2002,0.102776713,1981,0.863309661,-36,-0.161280000,48,-15.142000,134,0.070563116,2002,0.000000000,0,12.400,33,7763,1,0,
113942929648968,113942927428450,113942928555576,113942929648968,786,7.860000000,plus_a2,state,0,0.070000000,2002,0.099708751,1983,0.719424718,-30,-0.174720000,52,-19.888000,176,0.070563116,2002,0.000000000,0,12.400,33,7773,1,0,
113942939641307,113942937429823,113942938563095,113942939641307,787,7.870000000,plus_a2,state,0,0.070000000,2002,0.092038847,1988,0.503597302,-21,-0.124320000,37,-22.374000,198,0.070563116,2002,0.000000000,0,12.400,33,7783,1,0,
113942949534092,113942947430434,113942948519322,113942949534092,788,7.880000000,plus_a2,state,0,0.070000000,2002,0.081300982,1995,0.239808239,-10,-0.077280000,23,-24.408000,216,0.070563116,2002,0.000000000,0,12.300,33,7793,0,1,
113942959626290,113942957431963,113942958563748,113942959626290,789,7.890000000,plus_a2,state,0,0.070000000,2002,0.069029135,2003,0.000000000,0,-0.006720000,2,-24.747000,219,0.070563116,2002,0.000000000,0,12.400,33,7803,0,1,
113942969654378,113942967428519,113942968571639,113942969654378,790,7.900000000,plus_a2,state,0,0.070000000,2002,0.058291270,2010,-0.239808239,10,0.221760000,-66,-1.356000,12,0.070563116,2002,0.000000000,0,12.500,33,7813,0,1,
113942979718279,113942977431281,113942978627207,113942979718279,791,7.910000000,plus_a2,state,0,0.070000000,2002,0.050621366,2015,-0.455635655,19,-0.036960000,11,-2.034000,18,0.070563116,2002,0.000000000,0,12.400,33,7823,1,0,
113942989727007,113942987430895,113942988646364,113942989727007,792,7.920000000,plus_a2,state,0,0.070000000,2002,0.046019424,2018,-0.623501422,26,-0.050400000,15,-1.808000,16,0.070563116,2002,0.000000000,0,12.500,33,7833,1,0,
113942999685694,113942997436743,113942998683540,113942999685694,793,7.930000000,plus_a2,state,0,0.070000000,2002,0.044485443,2019,-0.719424718,30,0.151200000,-45,3.051000,-27,0.070563116,2002,0.000000000,0,12.500,33,7843,1,0,
113943009657498,113943007437316,113943008558904,113943009657498,794,7.940000000,plus_a2,state,0,0.070000000,2002,0.042951462,2020,-0.743405542,31,0.154560000,-46,8.136000,-72,0.070563116,2002,0.000000000,0,12.400,33,7853,1,0,
113943019648924,113943017433481,113943018561417,113943019648924,795,7.950000000,plus_a2,state,0,0.070000000,2002,0.044485443,2019,-0.671463070,28,0.147840000,-44,17.402000,-154,0.070563116,2002,0.000000000,0,12.500,33,7863,1,0,
113943029640657,113943027427879,113943028551446,113943029640657,796,7.960000000,plus_a2,state,0,0.070000000,2002,0.049087385,2016,-0.527578126,22,0.120960000,-36,18.984000,-168,0.070563116,2002,0.000000000,0,12.500,33,7873,1,0,
113943039708045,113943037428305,113943038556613,113943039708045,797,7.970000000,plus_a2,state,0,0.070000000,2002,0.055223308,2012,-0.311750711,13,0.087360000,-26,20.340000,-180,0.070563116,2002,0.000000000,0,12.400,33,7883,1,1,
113943049674177,113943047512411,113943048578331,113943049674177,798,7.980000000,plus_a2,state,0,0.070000000,2002,0.065961174,2005,-0.095923296,4,0.026880000,-8,22.148000,-196,0.070563116,2002,0.000000000,0,12.400,33,7893,0,1,
113943059582231,113943057506293,113943058573764,113943059582231,799,7.990000000,plus_a2,hardware_error,0,0.070000000,2002,,,,,,,,,,,,,,,,,,0
113943069681225,113943067509106,113943068580403,113943069681225,800,8.000000000,plus_a2,state,0,0.070000000,2002,0.085902924,1992,0.311750711,-13,-0.107520000,32,7.684000,-68,0.070563116,2002,0.000000000,0,12.500,33,7913,1,1,
113943079648566,113943077514761,113943078730084,113943079648566,801,8.010000000,plus_a2,state,0,0.070000000,2002,0.090504866,1989,0.479616478,-20,-0.137760000,41,3.842000,-34,0.070563116,2002,0.000000000,0,12.400,33,7923,1,0,
113943089665149,113943087520995,113943088648383,113943089665149,802,8.020000000,plus_a2,state,0,0.070000000,2002,0.093572828,1987,0.575539774,-24,-0.120960000,36,-0.452000,4,0.070563116,2002,0.000000000,0,12.400,33,7933,1,0,
113943099666576,113943097519399,113943098625987,113943099666576,803,8.030000000,plus_a2,state,0,0.070000000,2002,0.093572828,1987,0.623501422,-26,-0.117600000,35,-7.458000,66,0.070563116,2002,0.000000000,0,12.400,33,7943,1,0,
113943109691112,113943107448961,113943108548023,113943109691112,804,8.040000000,plus_a2,state,0,0.070000000,2002,0.093572828,1987,0.599520598,-25,-0.127680000,38,-14.125000,125,0.070563116,2002,0.000000000,0,12.400,33,7953,1,0,
113943119659737,113943117432170,113943118552631,113943119659737,805,8.050000000,plus_a2,state,0,0.070000000,2002,0.092038847,1988,0.503597302,-21,-0.124320000,37,-17.741000,157,0.070563116,2002,0.000000000,0,12.500,33,7963,1,0,
113943129628469,113943127430779,113943128539359,113943129628469,806,8.060000000,plus_a2,state,0,0.070000000,2002,0.085902924,1992,0.359712359,-15,-0.084000000,25,-19.888000,176,0.070563116,2002,0.000000000,0,12.400,33,7973,1,1,
113943139621680,113943137427621,113943138537426,113943139621680,807,8.070000000,plus_a2,state,0,0.070000000,2002,0.075165059,1999,0.167865767,-7,-0.026880000,8,-20.792000,184,0.070563116,2002,0.000000000,0,12.400,33,7983,0,1,
113943149618248,113943147429693,113943148539516,113943149618248,808,8.080000000,plus_a2,state,0,0.070000000,2002,0.064427193,2006,-0.047961648,2,-0.067200000,20,-6.893000,61,0.070563116,2002,0.000000000,0,12.400,33,7993,0,1,
113943159629255,113943157427899,113943158606177,113943159629255,809,8.090000000,plus_a2,state,0,0.070000000,2002,0.056757289,2011,-0.239808239,10,0.023520000,-7,-3.051000,27,0.070563116,2002,0.000000000,0,12.400,33,8003,0,1,
113943169683064,113943167428655,113943168605485,113943169683064,810,8.100000000,plus_a2,state,0,0.070000000,2002,0.052155347,2014,-0.407674007,17,0.191520000,-57,-1.017000,9,0.070563116,2002,0.000000000,0,12.400,33,8013,1,0,
113943179679789,113943177427909,113943178599778,113943179679789,811,8.110000000,plus_a2,state,0,0.070000000,2002,0.049087385,2016,-0.527578126,22,0.114240000,-34,0.000000,0,0.070563116,2002,0.000000000,0,12.400,33,8023,1,0,
113943189686462,113943187428461,113943188602107,113943189686462,812,8.120000000,plus_a2,state,0,0.070000000,2002,0.049087385,2016,-0.575539774,24,0.120960000,-36,3.955000,-35,0.070563116,2002,0.000000000,0,12.400,33,8033,1,0,
113943199696885,113943197431027,113943198627302,113943199696885,813,8.130000000,plus_a2,state,0,0.070000000,2002,0.049087385,2016,-0.575539774,24,0.104160000,-31,10.283000,-91,0.070563116,2002,0.000000000,0,12.400,33,8043,1,0,
113943209691560,113943207432634,113943208603352,113943209691560,814,8.140000000,plus_a2,state,0,0.070000000,2002,0.052155347,2014,-0.479616478,20,0.070560000,-21,14.464000,-128,0.070563116,2002,0.000000000,0,12.400,33,8053,1,0,
113943219633314,113943217440622,113943218550326,113943219633314,815,8.150000000,plus_a2,state,0,0.070000000,2002,0.056757289,2011,-0.335731535,14,0.077280000,-23,17.854000,-158,0.070563116,2002,0.000000000,0,12.400,33,8063,1,1,
113943229612740,113943227429900,113943228544901,113943229612740,816,8.160000000,plus_a2,state,0,0.070000000,2002,0.064427193,2006,-0.167865767,7,0.047040000,-14,19.888000,-176,0.070563116,2002,0.000000000,0,12.400,33,8073,0,1,
113943239622085,113943237427289,113943238540865,113943239622085,817,8.170000000,plus_a2,state,0,0.070000000,2002,0.073631078,2000,0.000000000,0,0.010080000,-3,17.967000,-159,0.070563116,2002,0.000000000,0,12.400,33,8083,0,1,
113943249634782,113943247428552,113943248531385,113943249634782,818,8.180000000,plus_a2,state,0,0.070000000,2002,0.082834963,1994,0.191846591,-8,-0.070560000,21,9.944000,-88,0.070563116,2002,0.000000000,0,12.500,33,8093,0,1,
113943259653167,113943257509278,113943258549719,113943259653167,819,8.190000000,plus_a2,state,0,0.070000000,2002,0.088970886,1990,0.359712359,-15,-0.030240000,9,4.520000,-40,0.070563116,2002,0.000000000,0,12.400,33,8103,1,0,
113943269653610,113943267508553,113943268551195,113943269653610,820,8.200000000,plus_a2,state,0,0.070000000,2002,0.090504866,1989,0.479616478,-20,-0.030240000,9,-1.017000,9,0.070563116,2002,0.000000000,0,12.400,33,8113,1,0,
113943279659287,113943277450466,113943278554549,113943279659287,821,8.210000000,plus_a2,state,0,0.070000000,2002,0.090504866,1989,0.527578126,-22,-0.104160000,31,-4.633000,41,0.070563116,2002,0.000000000,0,12.400,33,8123,1,0,
113943289654528,113943287510860,113943288552373,113943289654528,822,8.220000000,plus_a2,state,0,0.070000000,2002,0.090504866,1989,0.527578126,-22,-0.097440000,29,-11.526000,102,0.070563116,2002,0.000000000,0,12.400,33,8133,1,0,
113943299653128,113943297495527,113943298588158,113943299653128,823,8.230000000,plus_a2,state,0,0.070000000,2002,0.090504866,1989,0.479616478,-20,-0.107520000,32,-16.611000,147,0.070563116,2002,0.000000000,0,12.400,33,8143,1,0,
113943309657380,113943307457033,113943308553791,113943309657380,824,8.240000000,plus_a2,state,0,0.070000000,2002,0.084368943,1993,0.359712359,-15,-0.097440000,29,-17.854000,158,0.070563116,2002,0.000000000,0,12.400,33,8153,1,1,
113943319628472,113943317434674,113943318539741,113943319628472,825,8.250000000,plus_a2,state,0,0.070000000,2002,0.076699039,1998,0.191846591,-8,-0.043680000,13,-19.888000,176,0.070563116,2002,0.000000000,0,12.500,33,8163,0,1,
113943329623585,113943327430552,113943328539367,113943329623585,826,8.260000000,plus_a2,state,0,0.070000000,2002,0.067495155,2004,0.000000000,0,-0.023520000,7,-15.594000,138,0.070563116,2002,0.000000000,0,12.400,33,8173,0,1,
113943339614766,113943337429297,113943338534351,113943339614766,827,8.270000000,plus_a2,state,0,0.070000000,2002,0.058291270,2010,-0.167865767,7,-0.057120000,17,-0.226000,2,0.070563116,2002,0.000000000,0,12.400,33,8183,0,1,
113943349655216,113943347509819,113943348554961,113943349655216,828,8.280000000,plus_a2,state,0,0.070000000,2002,0.053689328,2013,-0.335731535,14,0.184800000,-55,-5.311000,47,0.070563116,2002,0.000000000,0,12.500,33,8193,1,1,
113943359655648,113943357510276,113943358623257,113943359655648,829,8.290000000,plus_a2,state,0,0.070000000,2002,0.050621366,2015,-0.455635655,19,0.080640000,-24,0.791000,-7,0.070563116,2002,0.000000000,0,12.500,33,8203,1,0,
113943369657477,113943367504502,113943368555127,113943369657477,830,8.300000000,plus_a2,state,0,0.070000000,2002,0.050621366,2015,-0.527578126,22,0.124320000,-37,3.503000,-31,0.070563116,2002,0.000000000,0,12.400,33,8213,1,0,
113943379651514,113943377504294,113943378613527,113943379651514,831,8.310000000,plus_a2,state,0,0.070000000,2002,0.050621366,2015,-0.527578126,22,0.114240000,-34,8.249000,-73,0.070563116,2002,0.000000000,0,12.400,33,8223,1,0,
113943389651492,113943387508846,113943388554018,113943389651492,832,8.320000000,plus_a2,state,0,0.070000000,2002,0.052155347,2014,-0.455635655,19,0.110880000,-33,16.950000,-150,0.070563116,2002,0.000000000,0,12.400,33,8233,1,0,
113943399652179,113943397510312,113943398553408,113943399652179,833,8.330000000,plus_a2,state,0,0.070000000,2002,0.056757289,2011,-0.335731535,14,0.070560000,-21,17.063000,-151,0.070563116,2002,0.000000000,0,12.400,33,8243,1,1,
113943409657664,113943407513917,113943408552614,113943409657664,834,8.340000000,plus_a2,state,0,0.070000000,2002,0.062893212,2007,-0.167865767,7,0.043680000,-13,19.436000,-172,0.070563116,2002,0.000000000,0,12.400,33,8253,0,1,
113943419662163,113943417515817,113943418555265,113943419662163,835,8.350000000,plus_a2,state,0,0.070000000,2002,0.072097097,2001,0.000000000,0,0.003360000,-1,19.210000,-170,0.070563116,2002,0.000000000,0,12.400,33,8263,0,1,
113943429650916,113943427505122,113943428552618,113943429650916,836,8.360000000,plus_a2,state,0,0.070000000,2002,0.081300982,1995,0.167865767,-7,-0.248640000,74,8.927000,-79,0.070563116,2002,0.000000000,0,12.400,33,8273,0,1,
113943439660330,113943437523880,113943438553434,113943439660330,837,8.370000000,plus_a2,state,0,0.070000000,2002,0.087436905,1991,0.311750711,-13,-0.050400000,15,0.678000,-6,0.070563116,2002,0.000000000,0,12.400,33,8283,1,1,
113943449650242,113943447518020,113943448547721,113943449650242,838,8.380000000,plus_a2,state,0,0.070000000,2002,0.088970886,1990,0.431654831,-18,-0.127680000,38,-1.017000,9,0.070563116,2002,0.000000000,0,12.400,33,8293,1,0,
113943459649059,113943457511235,113943458550127,113943459649059,839,8.390000000,plus_a2,state,0,0.070000000,2002,0.090504866,1989,0.503597302,-21,-0.097440000,29,-3.390000,30,0.070563116,2002,0.000000000,0,12.400,33,8303,1,0,
113943469650421,113943467505703,113943468555385,113943469650421,840,8.400000000,plus_a2,state,0,0.070000000,2002,0.090504866,1989,0.503597302,-21,-0.107520000,32,-10.622000,94,0.070563116,2002,0.000000000,0,12.400,33,8313,1,0,
113943479652172,113943477511961,113943478547932,113943479652172,841,8.410000000,plus_a2,state,0,0.070000000,2002,0.090504866,1989,0.455635655,-19,-0.104160000,31,-16.272000,144,0.070563116,2002,0.000000000,0,12.400,33,8323,1,0,
113943489655089,113943487506348,113943488554073,113943489655089,842,8.420000000,plus_a2,state,0,0.070000000,2002,0.085902924,1992,0.359712359,-15,-0.097440000,29,-17.967000,159,0.070563116,2002,0.000000000,0,12.400,33,8333,1,1,
113943499657882,113943497508676,113943498551871,113943499657882,843,8.430000000,plus_a2,state,0,0.070000000,2002,0.078233020,1997,0.215827415,-9,-0.050400000,15,-19.662000,174,0.070563116,2002,0.000000000,0,12.200,33,8343,0,1,
113943509651637,113943507510862,113943508564934,113943509651637,844,8.440000000,plus_a2,state,0,0.070000000,2002,0.067495155,2004,0.000000000,0,-0.016800000,5,-17.176000,152,0.070563116,2002,0.000000000,0,12.500,33,8353,0,1,
113943519652421,113943517505756,113943518557385,113943519652421,845,8.450000000,plus_a2,state,0,0.070000000,2002,0.059825251,2009,-0.167865767,7,0.013440000,-4,-1.243000,11,0.070563116,2002,0.000000000,0,12.500,33,8363,0,1,
113943529638876,113943527507904,113943528556316,113943529638876,846,8.460000000,plus_a2,state,0,0.070000000,2002,0.055223308,2012,-0.311750711,13,0.107520000,-32,-0.339000,3,0.070563116,2002,0.000000000,0,12.400,33,8373,1,1,
113943539628603,113943537505908,113943538557379,113943539628603,847,8.470000000,plus_a2,state,0,0.070000000,2002,0.052155347,2014,-0.431654831,18,0.110880000,-33,0.678000,-6,0.070563116,2002,0.000000000,0,12.400,33,8383,1,0,
113943549631882,113943547504348,113943548555283,113943549631882,848,8.480000000,plus_a2,state,0,0.070000000,2002,0.050621366,2015,-0.503597302,21,0.120960000,-36,3.503000,-31,0.070563116,2002,0.000000000,0,12.400,33,8393,1,0,
113943559647890,113943557506978,113943558551189,113943559647890,849,8.490000000,plus_a2,state,0,0.070000000,2002,0.050621366,2015,-0.527578126,22,0.107520000,-32,8.362000,-74,0.070563116,2002,0.000000000,0,12.500,33,8403,1,0,
113943569653381,113943567502528,113943568553876,113943569653381,850,8.500000000,plus_a2,state,0,0.070000000,2002,0.052155347,2014,-0.479616478,20,0.100800000,-30,16.950000,-150,0.070563116,2002,0.000000000,0,12.500,33,8413,1,0,
113943579628324,113943577501884,113943578551337,113943579628324,851,8.510000000,plus_a2,state,0,0.070000000,2002,0.056757289,2011,-0.335731535,14,0.087360000,-26,16.385000,-145,0.070563116,2002,0.000000000,0,12.500,33,8423,1,1,
113943589650556,113943587501441,113943588551031,113943589650556,852,8.520000000,plus_a2,state,0,0.070000000,2002,0.062893212,2007,-0.191846591,8,0.050400000,-15,19.210000,-170,0.070563116,2002,0.000000000,0,12.200,33,8433,0,1,
113943599636358,113943597504851,113943598554195,113943599636358,853,8.530000000,plus_a2,state,0,0.070000000,2002,0.072097097,2001,0.000000000,0,0.006720000,-2,19.210000,-170,0.070563116,2002,0.000000000,0,12.500,33,8443,0,1,
113943609651107,113943607510334,113943608552144,113943609651107,854,8.540000000,plus_a2,state,0,0.070000000,2002,0.081300982,1995,0.143884944,-6,0.040320000,-12,1.243000,-11,0.070563116,2002,0.000000000,0,12.500,33,8453,0,1,
113943619626098,113943617442551,113943618532014,113943619626098,855,8.550000000,plus_a2,state,0,0.070000000,2002,0.087436905,1991,0.311750711,-13,-0.094080000,28,1.808000,-16,0.070563116,2002,0.000000000,0,12.300,33,8463,1,1,
113943629621011,113943627430249,113943628513983,113943629621011,856,8.560000000,plus_a2,state,0,0.070000000,2002,0.088970886,1990,0.431654831,-18,-0.097440000,29,-0.678000,6,0.070563116,2002,0.000000000,0,12.400,33,8473,1,0,
113943639625943,113943637429449,113943638536390,113943639625943,857,8.570000000,plus_a2,state,0,0.070000000,2002,0.090504866,1989,0.479616478,-20,-0.104160000,31,-3.051000,27,0.070563116,2002,0.000000000,0,12.400,33,8483,1,0,
113943649619169,113943647428043,113943648516285,113943649619169,858,8.580000000,plus_a2,state,0,0.070000000,2002,0.088970886,1990,0.479616478,-20,-0.073920000,22,-10.057000,89,0.070563116,2002,0.000000000,0,12.200,33,8493,1,0,
113943659655290,113943657508732,113943658551035,113943659655290,859,8.590000000,plus_a2,state,0,0.070000000,2002,0.088970886,1990,0.455635655,-19,-0.100800000,30,-15.029000,133,0.070563116,2002,0.000000000,0,12.500,33,8503,1,0,
113943669631796,113943667502936,113943668553952,113943669631796,860,8.600000000,plus_a2,state,0,0.070000000,2002,0.085902924,1992,0.359712359,-15,-0.090720000,27,-17.402000,154,0.070563116,2002,0.000000000,0,12.500,33,8513,1,1,
113943679632695,113943677511220,113943678553740,113943679632695,861,8.610000000,plus_a2,state,0,0.070000000,2002,0.078233020,1997,0.215827415,-9,-0.043680000,13,-19.436000,172,0.070563116,2002,0.000000000,0,12.200,33,8523,0,1,
113943689641839,113943687508934,113943688552199,113943689641839,862,8.620000000,plus_a2,state,0,0.070000000,2002,0.069029135,2003,0.023980824,-1,-0.010080000,3,-18.532000,164,0.070563116,2002,0.000000000,0,12.400,33,8533,0,1,
113943699662552,113943697507635,113943698555020,113943699662552,863,8.630000000,plus_a2,state,0,0.070000000,2002,0.059825251,2009,-0.143884944,6,0.090720000,-27,-8.814000,78,0.070563116,2002,0.000000000,0,12.400,33,8543,0,1,
113943709633991,113943707453911,113943708551813,113943709633991,864,8.640000000,plus_a2,state,0,0.070000000,2002,0.055223308,2012,-0.311750711,13,0.141120000,-42,-0.226000,2,0.070563116,2002,0.000000000,0,12.400,33,8553,1,1,
113943719670094,113943717450916,113943718555405,113943719670094,865,8.650000000,plus_a2,state,0,0.070000000,2002,0.052155347,2014,-0.407674007,17,0.094080000,-28,0.339000,-3,0.070563116,2002,0.000000000,0,12.400,33,8563,1,0,
113943729627511,113943727519704,113943728552253,113943729627511,866,8.660000000,plus_a2,state,0,0.070000000,2002,0.050621366,2015,-0.479616478,20,0.120960000,-36,3.503000,-31,0.070563116,2002,0.000000000,0,12.400,33,8573,1,0,
113943739651882,113943737441614,113943738553900,113943739651882,867,8.670000000,plus_a2,state,0,0.070000000,2002,0.052155347,2014,-0.503597302,21,0.097440000,-29,8.249000,-73,0.070563116,2002,0.000000000,0,12.400,33,8583,1,0,
113943749647886,113943747451675,113943748535866,113943749647886,868,8.680000000,plus_a2,state,0,0.070000000,2002,0.050621366,2015,-0.455635655,19,0.117600000,-35,16.724000,-148,0.070563116,2002,0.000000000,0,12.200,33,8593,1,0,
113943759629240,113943757502030,113943758550627,113943759629240,869,8.690000000,plus_a2,state,0,0.070000000,2002,0.056757289,2011,-0.359712359,15,0.090720000,-27,16.498000,-146,0.070563116,2002,0.000000000,0,12.500,33,8603,1,1,
113943769649709,113943767511312,113943768561053,113943769649709,870,8.700000000,plus_a2,state,0,0.070000000,2002,0.062893212,2007,-0.191846591,8,0.033600000,-10,18.758000,-166,0.070563116,2002,0.000000000,0,12.500,33,8613,0,1,
113943779650633,113943777511349,113943778552243,113943779650633,871,8.710000000,plus_a2,state,0,0.070000000,2002,0.070563116,2002,-0.023980824,1,0.006720000,-2,19.323000,-171,0.070563116,2002,0.000000000,0,12.300,33,8623,0,1,
113943789652446,113943787508935,113943788552295,113943789652446,872,8.720000000,plus_a2,state,0,0.070000000,2002,0.079767001,1996,0.143884944,-6,0.057120000,-17,5.085000,-45,0.070563116,2002,0.000000000,0,12.400,33,8633,0,1,
113943799659661,113943797450881,113943798536826,113943799659661,873,8.730000000,plus_a2,state,0,0.070000000,2002,0.085902924,1992,0.287769887,-12,0.036960000,-11,1.808000,-16,0.070563116,2002,0.000000000,0,12.400,33,8643,1,1,
113943809637633,113943807519907,113943808694839,113943809637633,874,8.740000000,plus_a2,state,0,0.070000000,2002,0.088970886,1990,0.407674007,-17,-0.131040000,39,-0.452000,4,0.070563116,2002,0.000000000,0,12.400,33,8653,1,0,
113943819639735,113943817451852,113943818532130,113943819639735,875,8.750000000,plus_a2,state,0,0.070000000,2002,0.090504866,1989,0.479616478,-20,-0.104160000,31,-3.164000,28,0.070563116,2002,0.000000000,0,12.400,33,8663,1,0,
113943829652134,113943827504451,113943828563816,113943829652134,876,8.760000000,plus_a2,state,0,0.070000000,2002,0.088970886,1990,0.479616478,-20,-0.080640000,24,-9.605000,85,0.070563116,2002,0.000000000,0,12.400,33,8673,1,0,
113943839647573,113943837451245,113943838528927,113943839647573,877,8.770000000,plus_a2,state,0,0.070000000,2002,0.088970886,1990,0.455635655,-19,-0.104160000,31,-14.916000,132,0.070563116,2002,0.000000000,0,12.200,33,8683,1,0,
113943849621888,113943847502399,113943848516639,113943849621888,878,8.780000000,plus_a2,state,0,0.070000000,2002,0.085902924,1992,0.359712359,-15,-0.087360000,26,-17.176000,152,0.070563116,2002,0.000000000,0,12.300,33,8693,1,1,
113943859691075,113943857508636,113943858518462,113943859691075,879,8.790000000,plus_a2,state,0,0.070000000,2002,0.078233020,1997,0.215827415,-9,-0.047040000,14,-19.436000,172,0.070563116,2002,0.000000000,0,12.500,33,8703,0,1,
113943869640750,113943867451287,113943868707768,113943869640750,880,8.800000000,plus_a2,state,0,0.070000000,2002,0.069029135,2003,0.023980824,-1,-0.010080000,3,-18.871000,167,0.070563116,2002,0.000000000,0,12.400,33,8713,0,1,
113943879843696,113943877502696,113943878720167,113943879843696,881,8.810000000,plus_a2,state,0,0.070000000,2002,0.059825251,2009,-0.143884944,6,-0.023520000,7,-10.170000,90,0.070563116,2002,0.000000000,0,12.300,33,8723,0,1,
113943889829422,113943887504877,113943888689378,113943889829422,882,8.820000000,plus_a2,state,0,0.070000000,2002,0.055223308,2012,-0.287769887,12,0.084000000,-25,-1.695000,15,0.070563116,2002,0.000000000,0,12.400,33,8733,1,1,
113943899847107,113943897507128,113943898692944,113943899847107,883,8.830000000,plus_a2,state,0,0.070000000,2002,0.052155347,2014,-0.407674007,17,0.174720000,-52,0.565000,-5,0.070563116,2002,0.000000000,0,12.400,33,8743,1,0,
113943909858761,113943907510823,113943908709207,113943909858761,884,8.840000000,plus_a2,state,0,0.070000000,2002,0.050621366,2015,-0.479616478,20,0.120960000,-36,3.390000,-30,0.070563116,2002,0.000000000,0,12.400,33,8753,1,0,
113943919826101,113943917451856,113943918693818,113943919826101,885,8.850000000,plus_a2,state,0,0.070000000,2002,0.050621366,2015,-0.503597302,21,0.110880000,-33,6.667000,-59,0.070563116,2002,0.000000000,0,12.400,33,8763,1,0,
113943929849195,113943927450271,113943928604448,113943929849195,886,8.860000000,plus_a2,state,0,0.070000000,2002,0.052155347,2014,-0.455635655,19,0.094080000,-28,16.498000,-146,0.070563116,2002,0.000000000,0,12.400,33,8773,1,0,
113943939677026,113943937449589,113943938597060,113943939677026,887,8.870000000,plus_a2,state,0,0.070000000,2002,0.056757289,2011,-0.359712359,15,0.080640000,-24,16.498000,-146,0.070563116,2002,0.000000000,0,12.200,33,8783,1,1,
113943949699612,113943947446357,113943948575807,113943949699612,888,8.880000000,plus_a2,state,0,0.070000000,2002,0.062893212,2007,-0.191846591,8,0.040320000,-12,17.741000,-157,0.070563116,2002,0.000000000,0,12.300,33,8793,0,1,
113943959631951,113943957428790,113943958640649,113943959631951,889,8.890000000,plus_a2,state,0,0.070000000,2002,0.070563116,2002,-0.023980824,1,0.010080000,-3,19.549000,-173,0.070563116,2002,0.000000000,0,12.500,33,8803,0,1,
113943969621789,113943967505164,113943968516083,113943969621789,890,8.900000000,plus_a2,state,0,0.070000000,2002,0.079767001,1996,0.119904120,-5,0.070560000,-21,10.622000,-94,0.070563116,2002,0.000000000,0,12.400,33,8813,0,1,
113943979624488,113943977515597,113943978514172,113943979624488,891,8.910000000,plus_a2,state,0,0.070000000,2002,0.085902924,1992,0.287769887,-12,-0.073920000,22,0.000000,0,0.070563116,2002,0.000000000,0,12.400,33,8823,1,1,
113943989623796,113943987506091,113943988515717,113943989623796,892,8.920000000,plus_a2,state,0,0.070000000,2002,0.088970886,1990,0.407674007,-17,-0.154560000,46,0.000000,0,0.070563116,2002,0.000000000,0,12.400,33,8833,1,0,
113943999684336,113943997451954,113943998549786,113943999684336,893,8.930000000,plus_a2,state,0,0.070000000,2002,0.090504866,1989,0.479616478,-20,-0.104160000,31,-2.147000,19,0.070563116,2002,0.000000000,0,12.400,33,8843,1,0,
113944009592735,113944007430899,113944008501934,113944009592735,894,8.940000000,plus_a2,state,0,0.070000000,2002,0.088970886,1990,0.503597302,-21,-0.084000000,25,-8.927000,79,0.070563116,2002,0.000000000,0,12.300,33,8853,1,0,
113944019663826,113944017431505,113944018568171,113944019663826,895,8.950000000,plus_a2,state,0,0.070000000,2002,0.088970886,1990,0.455635655,-19,-0.100800000,30,-14.690000,130,0.070563116,2002,0.000000000,0,12.400,33,8863,1,0,
113944029593421,113944027430241,113944028475405,113944029593421,896,8.960000000,plus_a2,state,0,0.070000000,2002,0.085902924,1992,0.383693183,-16,-0.090720000,27,-16.950000,150,0.070563116,2002,0.000000000,0,12.500,33,8872,1,1,
113944039486922,113944037441195,113944038464646,113944039486922,897,8.970000000,plus_a2,state,0,0.070000000,2002,0.079767001,1996,0.239808239,-10,-0.057120000,17,-18.984000,168,0.070563116,2002,0.000000000,0,12.200,33,8882,0,1,
113944049485975,113944047431081,113944048467063,113944049485975,898,8.980000000,plus_a2,state,0,0.070000000,2002,0.070563116,2002,0.071942472,-3,-0.010080000,3,-19.888000,176,0.070563116,2002,0.000000000,0,12.200,33,8892,0,1,
113944059465962,113944057427046,113944058463859,113944059465962,899,8.990000000,plus_a2,hardware_error,0,0.070000000,2002,,,,,,,,,,,,,,,,,,0
113944069480154,113944067428858,113944068463827,113944069480154,900,9.000000000,center_after_plus_a2,state,0,0.000000000,2048,0.055223308,2012,-0.263789063,11,-0.003360000,1,-6.667000,59,0.000000000,2048,0.000000000,0,12.300,33,8912,1,0,
113944079478337,113944077427717,113944078462170,113944079478337,901,9.010000000,center_after_plus_a2,state,0,0.000000000,2048,0.049087385,2016,-0.383693183,16,-0.282240000,84,-24.521000,217,0.000000000,2048,0.000000000,0,12.200,33,8922,1,0,
113944089478794,113944087430632,113944088461497,113944089478794,902,9.020000000,center_after_plus_a2,state,0,0.000000000,2048,0.038349520,2023,-0.527578126,22,-0.241920000,72,-27.685000,245,0.000000000,2048,0.000000000,0,12.500,33,8932,1,0,
113944099478187,113944097430775,113944098464746,113944099478187,903,9.030000000,center_after_plus_a2,state,0,0.000000000,2048,0.024543693,2032,-0.647482246,27,-0.151200000,45,-30.623000,271,0.000000000,2048,0.000000000,0,12.300,33,8942,1,0,
113944109476891,113944107428192,113944108463159,113944109476891,904,9.040000000,center_after_plus_a2,state,0,0.000000000,2048,0.010737866,2041,-0.767386366,32,-0.063840000,19,-31.753000,281,0.000000000,2048,0.000000000,0,12.300,33,8952,1,1,
113944119476335,113944117426166,113944118460904,113944119476335,905,9.050000000,center_after_plus_a2,state,0,0.000000000,2048,-0.006135923,2052,-0.887290485,37,-0.013440000,4,-29.041000,257,0.000000000,2048,0.000000000,0,12.400,33,8962,1,1,
113944129474404,113944127425593,113944128461348,113944129474404,906,9.060000000,center_after_plus_a2,state,0,0.000000000,2048,-0.019941750,2061,-1.007194605,42,-0.084000000,25,-11.752000,104,0.000000000,2048,0.000000000,0,12.300,33,8972,1,0,
113944139472222,113944137424572,113944138460662,113944139472222,907,9.070000000,center_after_plus_a2,state,0,0.000000000,2048,-0.029145635,2067,-1.103117900,46,0.036960000,-11,-2.599000,23,0.000000000,2048,0.000000000,0,12.400,33,8982,1,0,
113944149487362,113944147429867,113944148485991,113944149487362,908,9.080000000,center_after_plus_a2,state,0,0.000000000,2048,-0.033747577,2070,-1.151079548,48,0.194880000,-58,-3.051000,27,0.000000000,2048,0.000000000,0,12.400,33,8992,1,0,
113944159475257,113944157417759,113944158458718,113944159475257,909,9.090000000,center_after_plus_a2,state,0,0.000000000,2048,-0.035281558,2071,-1.151079548,48,0.191520000,-57,1.695000,-15,0.000000000,2048,0.000000000,0,12.400,33,9002,1,0,
113944169475064,113944167427510,113944168461346,113944169475064,910,9.100000000,center_after_plus_a2,state,0,0.000000000,2048,-0.036815539,2072,-1.055156253,44,0.194880000,-58,9.040000,-80,0.000000000,2048,0.000000000,0,12.300,33,9012,1,0,
113944179476121,113944177425845,113944178456395,113944179476121,911,9.110000000,center_after_plus_a2,state,0,0.000000000,2048,-0.035281558,2071,-0.911271309,38,0.194880000,-58,19.888000,-176,0.000000000,2048,0.000000000,0,12.500,33,9022,1,0,
113944189475056,113944187427148,113944188461332,113944189475056,912,9.120000000,center_after_plus_a2,state,0,0.000000000,2048,-0.029145635,2067,-0.671463070,28,0.171360000,-51,21.244000,-188,0.000000000,2048,0.000000000,0,12.400,33,9032,1,0,
113944199475275,113944197427038,113944198461206,113944199475275,913,9.130000000,center_after_plus_a2,state,0,0.000000000,2048,-0.021475731,2062,-0.407674007,17,0.131040000,-39,24.521000,-217,0.000000000,2048,0.000000000,0,12.300,33,9042,1,0,
113944209471744,113944207417341,113944208460133,113944209471744,914,9.140000000,center_after_plus_a2,state,0,0.000000000,2048,-0.009203885,2054,-0.143884944,6,0.057120000,-17,25.425000,-225,0.000000000,2048,0.000000000,0,12.300,33,9052,0,1,
113944219477040,113944217425649,113944218461220,113944219477040,915,9.150000000,center_after_plus_a2,state,0,0.000000000,2048,0.004601942,2045,0.095923296,-4,0.016800000,-5,22.487000,-199,0.000000000,2048,0.000000000,0,12.500,33,9062,0,1,
113944229477892,113944227426304,113944228461693,113944229477892,916,9.160000000,center_after_plus_a2,state,0,0.000000000,2048,0.015339808,2038,0.359712359,-15,0.050400000,-15,9.153000,-81,0.000000000,2048,0.000000000,0,12.500,33,9072,1,1,
113944239475014,113944237426950,113944238460371,113944239475014,917,9.170000000,center_after_plus_a2,state,0,0.000000000,2048,0.023009712,2033,0.575539774,-24,-0.067200000,20,5.311000,-47,0.000000000,2048,0.000000000,0,12.500,33,9082,1,0,
113944249476513,113944247426982,113944248461598,113944249476513,918,9.180000000,center_after_plus_a2,state,0,0.000000000,2048,0.026077673,2031,0.719424718,-30,-0.225120000,67,0.452000,-4,0.000000000,2048,0.000000000,0,12.500,33,9092,1,0,
113944259471898,113944257426981,113944258460424,113944259471898,919,9.190000000,center_after_plus_a2,state,0,0.000000000,2048,0.027611654,2030,0.791367189,-33,-0.151200000,45,-3.842000,34,0.000000000,2048,0.000000000,0,12.500,33,9102,1,0,
113944269475148,113944267425874,113944268460678,113944269475148,920,9.200000000,center_after_plus_a2,state,0,0.000000000,2048,0.027611654,2030,0.767386366,-32,-0.147840000,44,-12.204000,108,0.000000000,2048,0.000000000,0,12.300,33,9112,1,0,
113944279475083,113944277425384,113944278459563,113944279475083,921,9.210000000,center_after_plus_a2,state,0,0.000000000,2048,0.024543693,2032,0.671463070,-28,-0.147840000,44,-17.176000,152,0.000000000,2048,0.000000000,0,12.500,33,9122,1,0,
113944289474594,113944287427350,113944288461240,113944289474594,922,9.220000000,center_after_plus_a2,state,0,0.000000000,2048,0.016873789,2037,0.479616478,-20,-0.107520000,32,-19.436000,172,0.000000000,2048,0.000000000,0,12.400,33,9132,1,1,
113944299475545,113944297426165,113944298460624,113944299475545,923,9.230000000,center_after_plus_a2,state,0,0.000000000,2048,0.007669904,2043,0.263789063,-11,-0.053760000,16,-21.696000,192,0.000000000,2048,0.000000000,0,12.300,33,9142,1,1,
113944309475378,113944307426171,113944308457545,113944309475378,924,9.240000000,center_after_plus_a2,state,0,0.000000000,2048,0.001533981,2047,0.023980824,-1,-0.006720000,2,-22.826000,202,0.000000000,2048,0.000000000,0,12.500,33,9152,0,1,
113944319474569,113944317425707,113944318461113,113944319474569,925,9.250000000,center_after_plus_a2,state,0,0.000000000,2048,-0.010737866,2055,-0.167865767,7,0.003360000,-1,-10.396000,92,0.000000000,2048,0.000000000,0,12.500,33,9162,0,1,
113944329473772,113944327426677,113944328459204,113944329473772,926,9.260000000,center_after_plus_a2,state,0,0.000000000,2048,-0.018407769,2060,-0.383693183,16,0.131040000,-39,-7.571000,67,0.000000000,2048,0.000000000,0,12.400,33,9172,1,0,
113944339473215,113944337426355,113944338439501,113944339473215,927,9.270000000,center_after_plus_a2,state,0,0.000000000,2048,-0.021475731,2062,-0.527578126,22,-0.006720000,2,-0.339000,3,0.000000000,2048,0.000000000,0,12.500,33,9182,1,0,
113944349474581,113944347424856,113944348440618,113944349474581,928,9.280000000,center_after_plus_a2,state,0,0.000000000,2048,-0.024543693,2064,-0.623501422,26,0.137760000,-41,1.356000,-12,0.000000000,2048,0.000000000,0,12.500,33,9192,1,0,
113944359475011,113944357424565,113944358441763,113944359475011,929,9.290000000,center_after_plus_a2,state,0,0.000000000,2048,-0.024543693,2064,-0.623501422,26,0.120960000,-36,6.215000,-55,0.000000000,2048,0.000000000,0,12.500,33,9202,1,0,
113944369463271,113944367435977,113944368442936,113944369463271,930,9.300000000,center_after_plus_a2,state,0,0.000000000,2048,-0.024543693,2064,-0.575539774,24,0.141120000,-42,14.803000,-131,0.000000000,2048,0.000000000,0,12.500,33,9212,1,0,
113944379455935,113944377425343,113944378439231,113944379455935,931,9.310000000,center_after_plus_a2,state,0,0.000000000,2048,-0.018407769,2060,-0.479616478,20,0.124320000,-37,16.950000,-150,0.000000000,2048,0.000000000,0,12.400,33,9222,1,0,
113944389458680,113944387428958,113944388443307,113944389458680,932,9.320000000,center_after_plus_a2,state,0,0.000000000,2048,-0.013805827,2057,-0.311750711,13,0.090720000,-27,19.549000,-173,0.000000000,2048,0.000000000,0,12.400,33,9232,1,1,
113944399458333,113944397426173,113944398443802,113944399458333,933,9.330000000,center_after_plus_a2,state,0,0.000000000,2048,-0.004601942,2051,-0.119904120,5,0.033600000,-10,20.679000,-183,0.000000000,2048,0.000000000,0,12.300,33,9242,0,1,
113944409456380,113944407417331,113944408441397,113944409456380,934,9.340000000,center_after_plus_a2,state,0,0.000000000,2048,0.004601942,2045,0.047961648,-2,0.016800000,-5,16.159000,-143,0.000000000,2048,0.000000000,0,12.400,33,9252,0,1,
113944419455865,113944417426392,113944418440601,113944419455865,935,9.350000000,center_after_plus_a2,state,0,0.000000000,2048,0.013805827,2039,0.263789063,-11,0.023520000,-7,0.339000,-3,0.000000000,2048,0.000000000,0,12.400,33,9262,1,1,
113944429454258,113944427424836,113944428439605,113944429454258,936,9.360000000,center_after_plus_a2,state,0,0.000000000,2048,0.018407769,2036,0.431654831,-18,-0.188160000,56,2.825000,-25,0.000000000,2048,0.000000000,0,12.400,33,9272,1,0,
113944439456729,113944437426674,113944438439784,113944439456729,937,9.370000000,center_after_plus_a2,state,0,0.000000000,2048,0.023009712,2033,0.527578126,-22,-0.191520000,57,-0.113000,1,0.000000000,2048,0.000000000,0,12.400,33,9282,1,0,
113944449457106,113944447427590,113944448439418,113944449457106,938,9.380000000,center_after_plus_a2,state,0,0.000000000,2048,0.023009712,2033,0.575539774,-24,-0.117600000,35,-6.215000,55,0.000000000,2048,0.000000000,0,12.400,33,9292,1,0,
113944459450675,113944457417438,113944458440900,113944459450675,939,9.390000000,center_after_plus_a2,state,0,0.000000000,2048,0.023009712,2033,0.575539774,-24,-0.131040000,39,-14.351000,127,0.000000000,2048,0.000000000,0,12.300,33,9302,1,0,
113944469454638,113944467426561,113944468440122,113944469454638,940,9.400000000,center_after_plus_a2,state,0,0.000000000,2048,0.018407769,2036,0.503597302,-21,-0.114240000,34,-16.950000,150,0.000000000,2048,0.000000000,0,12.400,33,9312,1,0,
113944479453541,113944477425761,113944478440196,113944479453541,941,9.410000000,center_after_plus_a2,state,0,0.000000000,2048,0.012271846,2040,0.359712359,-15,-0.070560000,21,-18.871000,167,0.000000000,2048,0.000000000,0,12.300,33,9322,1,1,
113944489454178,113944487426946,113944488450385,113944489454178,942,9.420000000,center_after_plus_a2,state,0,0.000000000,2048,0.004601942,2045,0.143884944,-6,-0.033600000,10,-20.340000,180,0.000000000,2048,0.000000000,0,12.300,33,9332,0,1,
113944499453504,113944497425808,113944498440746,113944499453504,943,9.430000000,center_after_plus_a2,state,0,0.000000000,2048,-0.004601942,2051,-0.023980824,1,-0.026880000,8,-15.707000,139,0.000000000,2048,0.000000000,0,12.400,33,9342,0,1,
113944509452081,113944507425349,113944508439954,113944509452081,944,9.440000000,center_after_plus_a2,state,0,0.000000000,2048,-0.013805827,2057,-0.215827415,9,0.285600000,-85,-5.311000,47,0.000000000,2048,0.000000000,0,12.400,33,9352,0,1,
113944519453013,113944517425383,113944518439663,113944519453013,945,9.450000000,center_after_plus_a2,state,0,0.000000000,2048,-0.018407769,2060,-0.383693183,16,0.073920000,-22,-0.339000,3,0.000000000,2048,0.000000000,0,12.400,33,9362,1,0,
113944529454880,113944527425555,113944528441184,113944529454880,946,9.460000000,center_after_plus_a2,state,0,0.000000000,2048,-0.021475731,2062,-0.503597302,21,0.124320000,-37,0.678000,-6,0.000000000,2048,0.000000000,0,12.400,33,9372,1,0,
113944539452975,113944537426376,113944538438430,113944539452975,947,9.470000000,center_after_plus_a2,state,0,0.000000000,2048,-0.021475731,2062,-0.551558950,23,0.124320000,-37,3.390000,-30,0.000000000,2048,0.000000000,0,12.400,33,9382,1,0,
113944549455481,113944547426097,113944548440090,113944549455481,948,9.480000000,center_after_plus_a2,state,0,0.000000000,2048,-0.021475731,2062,-0.527578126,22,0.117600000,-35,8.814000,-78,0.000000000,2048,0.000000000,0,12.400,33,9392,1,0,
113944559452759,113944557425863,113944558440823,113944559452759,949,9.490000000,center_after_plus_a2,state,0,0.000000000,2048,-0.018407769,2060,-0.455635655,19,0.114240000,-34,17.176000,-152,0.000000000,2048,0.000000000,0,12.500,33,9402,1,0,
113944569455789,113944567427160,113944568438513,113944569455789,950,9.500000000,center_after_plus_a2,state,0,0.000000000,2048,-0.013805827,2057,-0.335731535,14,0.080640000,-24,17.176000,-152,0.000000000,2048,0.000000000,0,12.400,33,9412,1,1,
113944579458428,113944577426828,113944578439407,113944579458428,951,9.510000000,center_after_plus_a2,state,0,0.000000000,2048,-0.007669904,2053,-0.191846591,8,0.053760000,-16,19.662000,-174,0.000000000,2048,0.000000000,0,12.300,33,9422,0,1,
113944589456155,113944587436685,113944588439664,113944589456155,952,9.520000000,center_after_plus_a2,state,0,0.000000000,2048,0.001533981,2047,0.000000000,0,0.003360000,-1,19.775000,-175,0.000000000,2048,0.000000000,0,12.500,33,9432,0,1,
113944599457035,113944597427578,113944598440768,113944599457035,953,9.530000000,center_after_plus_a2,state,0,0.000000000,2048,0.010737866,2041,0.167865767,-7,0.020160000,-6,2.486000,-22,0.000000000,2048,0.000000000,0,12.500,33,9442,0,1,
113944609460905,113944607433877,113944608439989,113944609460905,954,9.540000000,center_after_plus_a2,state,0,0.000000000,2048,0.016873789,2037,0.335731535,-14,0.063840000,-19,1.808000,-16,0.000000000,2048,0.000000000,0,12.500,33,9452,1,1,
113944619458175,113944617427422,113944618438411,113944619458175,955,9.550000000,center_after_plus_a2,state,0,0.000000000,2048,0.019941750,2035,0.455635655,-19,-0.107520000,32,-0.565000,5,0.000000000,2048,0.000000000,0,12.500,33,9462,1,0,
113944629452915,113944627425916,113944628440433,113944629452915,956,9.560000000,center_after_plus_a2,state,0,0.000000000,2048,0.021475731,2034,0.527578126,-22,-0.114240000,34,-3.051000,27,0.000000000,2048,0.000000000,0,12.500,33,9472,1,0,
113944639452964,113944637426818,113944638440307,113944639452964,957,9.570000000,center_after_plus_a2,state,0,0.000000000,2048,0.021475731,2034,0.527578126,-22,-0.104160000,31,-10.961000,97,0.000000000,2048,0.000000000,0,12.500,33,9482,1,0,
113944649454459,113944647426502,113944648440570,113944649454459,958,9.580000000,center_after_plus_a2,state,0,0.000000000,2048,0.018407769,2036,0.479616478,-20,-0.100800000,30,-16.385000,145,0.000000000,2048,0.000000000,0,12.400,33,9492,1,0,
113944659454107,113944657417369,113944658440503,113944659454107,959,9.590000000,center_after_plus_a2,state,0,0.000000000,2048,0.012271846,2040,0.383693183,-16,-0.073920000,22,-17.289000,153,0.000000000,2048,0.000000000,0,12.500,33,9502,1,1,
113944669453068,113944667425880,113944668440167,113944669453068,960,9.600000000,center_after_plus_a2,state,0,0.000000000,2048,0.004601942,2045,0.191846591,-8,-0.043680000,13,-19.097000,169,0.000000000,2048,0.000000000,0,12.400,33,9512,0,1,
113944679454872,113944677426079,113944678440247,113944679454872,961,9.610000000,center_after_plus_a2,state,0,0.000000000,2048,-0.001533981,2049,0.000000000,0,-0.003360000,1,-19.549000,173,0.000000000,2048,0.000000000,0,12.400,33,9522,0,1,
113944689454234,113944687427327,113944688440101,113944689454234,962,9.620000000,center_after_plus_a2,state,0,0.000000000,2048,-0.010737866,2055,-0.143884944,6,0.275520000,-82,-4.633000,41,0.000000000,2048,0.000000000,0,12.500,33,9532,0,1,
113944699453955,113944697426479,113944698442187,113944699453955,963,9.630000000,center_after_plus_a2,state,0,0.000000000,2048,-0.016873789,2059,-0.311750711,13,0.201600000,-60,-4.181000,37,0.000000000,2048,0.000000000,0,12.500,33,9542,1,1,
113944709451018,113944707417538,113944708421858,113944709451018,964,9.640000000,center_after_plus_a2,state,0,0.000000000,2048,-0.019941750,2061,-0.431654831,18,0.171360000,-51,-0.226000,2,0.000000000,2048,0.000000000,0,12.400,33,9552,1,0,
113944719455748,113944717425516,113944718437583,113944719455748,965,9.650000000,center_after_plus_a2,state,0,0.000000000,2048,-0.019941750,2061,-0.503597302,21,0.110880000,-33,3.164000,-28,0.000000000,2048,0.000000000,0,12.400,33,9562,1,0,
113944729453982,113944727425369,113944728439896,113944729453982,966,9.660000000,center_after_plus_a2,state,0,0.000000000,2048,-0.019941750,2061,-0.503597302,21,0.117600000,-35,8.249000,-73,0.000000000,2048,0.000000000,0,12.400,33,9572,1,0,
113944739449455,113944737425538,113944738437175,113944739449455,967,9.670000000,center_after_plus_a2,state,0,0.000000000,2048,-0.019941750,2061,-0.455635655,19,0.097440000,-29,16.272000,-144,0.000000000,2048,0.000000000,0,12.400,33,9582,1,0,
113944749457968,113944747426161,113944748420379,113944749457968,968,9.680000000,center_after_plus_a2,state,0,0.000000000,2048,-0.013805827,2057,-0.359712359,15,0.073920000,-22,15.255000,-135,0.000000000,2048,0.000000000,0,12.500,33,9592,1,1,
113944759455064,113944757426778,113944758418834,113944759455064,969,9.690000000,center_after_plus_a2,state,0,0.000000000,2048,-0.010737866,2055,-0.215827415,9,0.053760000,-16,18.080000,-160,0.000000000,2048,0.000000000,0,12.500,33,9602,0,1,
113944769433041,113944767426804,113944768419135,113944769433041,970,9.700000000,center_after_plus_a2,state,0,0.000000000,2048,-0.001533981,2049,-0.047961648,2,0.016800000,-5,20.114000,-178,0.000000000,2048,0.000000000,0,12.400,33,9612,0,1,
113944779437181,113944777417813,113944778419147,113944779437181,971,9.710000000,center_after_plus_a2,state,0,0.000000000,2048,0.007669904,2043,0.095923296,-4,-0.225120000,67,13.108000,-116,0.000000000,2048,0.000000000,0,12.400,33,9622,0,1,
113944789439992,113944787434065,113944788419210,113944789439992,972,9.720000000,center_after_plus_a2,state,0,0.000000000,2048,0.015339808,2038,0.263789063,-11,-0.114240000,34,9.605000,-85,0.000000000,2048,0.000000000,0,12.400,33,9632,1,1,
113944799441844,113944797432791,113944798422302,113944799441844,973,9.730000000,center_after_plus_a2,state,0,0.000000000,2048,0.018407769,2036,0.407674007,-17,0.033600000,-10,0.226000,-2,0.000000000,2048,0.000000000,0,12.400,33,9642,1,0,
113944809437663,113944807426176,113944808420859,113944809437663,974,9.740000000,center_after_plus_a2,state,0,0.000000000,2048,0.018407769,2036,0.479616478,-20,-0.107520000,32,-3.051000,27,0.000000000,2048,0.000000000,0,12.400,33,9652,1,0,
113944819432121,113944817424705,113944818417781,113944819432121,975,9.750000000,center_after_plus_a2,state,0,0.000000000,2048,0.019941750,2035,0.503597302,-21,-0.094080000,28,-9.605000,85,0.000000000,2048,0.000000000,0,12.400,33,9662,1,0,
113944829436538,113944827425650,113944828421721,113944829436538,976,9.760000000,center_after_plus_a2,state,0,0.000000000,2048,0.018407769,2036,0.479616478,-20,-0.100800000,30,-16.046000,142,0.000000000,2048,0.000000000,0,12.400,33,9672,1,0,
113944839469958,113944837428244,113944838430548,113944839469958,977,9.770000000,center_after_plus_a2,state,0,0.000000000,2048,0.012271846,2040,0.383693183,-16,-0.073920000,22,-17.063000,151,0.000000000,2048,0.000000000,0,12.400,33,9682,1,1,
113944849520159,113944847425938,113944848440138,113944849520159,978,9.780000000,center_after_plus_a2,state,0,0.000000000,2048,0.004601942,2045,0.215827415,-9,-0.036960000,11,-18.871000,167,0.000000000,2048,0.000000000,0,12.400,33,9692,0,1,
113944859541980,113944857428783,113944858451215,113944859541980,979,9.790000000,center_after_plus_a2,state,0,0.000000000,2048,-0.001533981,2049,0.047961648,-2,-0.003360000,1,-19.436000,172,0.000000000,2048,0.000000000,0,12.400,33,9702,0,1,
113944869535217,113944867427265,113944868452517,113944869535217,980,9.800000000,center_after_plus_a2,state,0,0.000000000,2048,-0.010737866,2055,-0.119904120,5,0.218400000,-65,-7.797000,69,0.000000000,2048,0.000000000,0,12.400,33,9712,0,1,
113944879530414,113944877427707,113944878526742,113944879530414,981,9.810000000,center_after_plus_a2,state,0,0.000000000,2048,-0.016873789,2059,-0.287769887,12,0.178080000,-53,-4.746000,42,0.000000000,2048,0.000000000,0,12.400,33,9722,1,1,
113944889602673,113944887430202,113944888519092,113944889602673,982,9.820000000,center_after_plus_a2,state,0,0.000000000,2048,-0.019941750,2061,-0.407674007,17,0.090720000,-27,0.000000,0,0.000000000,2048,0.000000000,0,12.400,33,9732,1,0,
113944899613956,113944897431171,113944898522738,113944899613956,983,9.830000000,center_after_plus_a2,state,0,0.000000000,2048,-0.019941750,2061,-0.503597302,21,0.117600000,-35,3.390000,-30,0.000000000,2048,0.000000000,0,12.400,33,9742,1,0,
113944909614506,113944907428363,113944908516809,113944909614506,984,9.840000000,center_after_plus_a2,state,0,0.000000000,2048,-0.019941750,2061,-0.503597302,21,0.070560000,-21,7.797000,-69,0.000000000,2048,0.000000000,0,12.400,33,9752,1,0,
113944919791397,113944917427364,113944918650604,113944919791397,985,9.850000000,center_after_plus_a2,state,0,0.000000000,2048,-0.018407769,2060,-0.431654831,18,0.104160000,-31,16.950000,-150,0.000000000,2048,0.000000000,0,12.500,33,9763,1,0,
113944929637395,113944927451983,113944928547772,113944929637395,986,9.860000000,center_after_plus_a2,state,0,0.000000000,2048,-0.012271846,2056,-0.335731535,14,0.077280000,-23,16.272000,-144,0.000000000,2048,0.000000000,0,12.400,33,9773,1,1,
113944939814288,113944937504439,113944938540062,113944939814288,987,9.870000000,center_after_plus_a2,state,0,0.000000000,2048,-0.009203885,2054,-0.191846591,8,0.053760000,-16,18.645000,-165,0.000000000,2048,0.000000000,0,12.400,33,9782,0,1,
113944949631693,113944947506013,113944948536766,113944949631693,988,9.880000000,center_after_plus_a2,state,0,0.000000000,2048,0.000000000,2048,-0.023980824,1,0.006720000,-2,19.097000,-169,0.000000000,2048,0.000000000,0,12.500,33,9793,0,1,
113944959634105,113944957451657,113944958537181,113944959634105,989,9.890000000,center_after_plus_a2,state,0,0.000000000,2048,0.009203885,2042,0.143884944,-6,0.050400000,-15,6.215000,-55,0.000000000,2048,0.000000000,0,12.500,33,9803,0,1,
113944969645681,113944967506296,113944968587204,113944969645681,990,9.900000000,center_after_plus_a2,state,0,0.000000000,2048,0.015339808,2038,0.287769887,-12,0.006720000,-2,5.876000,-52,0.000000000,2048,0.000000000,0,12.400,33,9813,1,1,
113944979559929,113944977433106,113944978523179,113944979559929,991,9.910000000,center_after_plus_a2,state,0,0.000000000,2048,0.018407769,2036,0.407674007,-17,-0.077280000,23,-1.017000,9,0.000000000,2048,0.000000000,0,12.400,33,9822,1,0,
113944989605628,113944987427298,113944988516787,113944989605628,992,9.920000000,center_after_plus_a2,state,0,0.000000000,2048,0.019941750,2035,0.479616478,-20,-0.114240000,34,-3.503000,31,0.000000000,2048,0.000000000,0,12.400,33,9832,1,0,
113944999623285,113944997432896,113944998524372,113944999623285,993,9.930000000,center_after_plus_a2,state,0,0.000000000,2048,0.019941750,2035,0.503597302,-21,-0.114240000,34,-10.848000,96,0.000000000,2048,0.000000000,0,12.400,33,9842,1,0,
113945009554974,113945007445280,113945008535746,113945009554974,994,9.940000000,center_after_plus_a2,state,0,0.000000000,2048,0.018407769,2036,0.455635655,-19,-0.104160000,31,-15.142000,134,0.000000000,2048,0.000000000,0,12.500,33,9852,1,0,
113945019589860,113945017430410,113945018545374,113945019589860,995,9.950000000,center_after_plus_a2,state,0,0.000000000,2048,0.010737866,2041,0.359712359,-15,-0.067200000,20,-17.063000,151,0.000000000,2048,0.000000000,0,12.400,33,9863,1,1,
113945029556690,113945027434525,113945028467659,113945029556690,996,9.960000000,center_after_plus_a2,state,0,0.000000000,2048,0.003067962,2046,0.191846591,-8,-0.023520000,7,-19.097000,169,0.000000000,2048,0.000000000,0,12.400,33,9872,0,1,
113945039532051,113945037438944,113945038455115,113945039532051,997,9.970000000,center_after_plus_a2,state,0,0.000000000,2048,-0.003067962,2050,0.023980824,-1,-0.010080000,3,-18.193000,161,0.000000000,2048,0.000000000,0,12.300,33,9882,0,1,
113945049454766,113945047432222,113945048473949,113945049454766,998,9.980000000,center_after_plus_a2,state,0,0.000000000,2048,-0.010737866,2055,-0.143884944,6,0.073920000,-22,-7.119000,63,0.000000000,2048,0.000000000,0,12.400,33,9892,0,1,
113945059420491,113945057432217,113945058435006,113945059420491,999,9.990000000,center_after_plus_a2,hardware_error,0,0.000000000,2048,,,,,,,,,,,,,,,,,,0
113945069453418,113945067428519,113945068421254,113945069453418,1000,10.000000000,center_after_plus_a2,state,0,0.000000000,2048,-0.018407769,2060,-0.431654831,18,0.104160000,-31,0.565000,-5,0.000000000,2048,0.000000000,0,12.400,33,9912,1,0,
113945079502056,113945077428647,113945078441038,113945079502056,1001,10.010000000,center_after_plus_a2,state,0,0.000000000,2048,-0.019941750,2061,-0.503597302,21,0.110880000,-33,3.503000,-31,0.000000000,2048,0.000000000,0,12.400,33,9922,1,0,
113945089540034,113945087427881,113945088455818,113945089540034,1002,10.020000000,center_after_plus_a2,state,0,0.000000000,2048,-0.019941750,2061,-0.479616478,20,0.117600000,-35,8.023000,-71,0.000000000,2048,0.000000000,0,12.400,33,9932,1,0,
113945099537386,113945097431639,113945098456616,113945099537386,1003,10.030000000,center_after_plus_a2,state,0,0.000000000,2048,-0.016873789,2059,-0.431654831,18,0.107520000,-32,16.724000,-148,0.000000000,2048,0.000000000,0,12.600,33,9942,1,1,
113945109541764,113945107429300,113945108460006,113945109541764,1004,10.040000000,center_after_plus_a2,state,0,0.000000000,2048,-0.010737866,2055,-0.311750711,13,0.026880000,-8,16.272000,-144,0.000000000,2048,0.000000000,0,12.500,33,9952,1,1,
113945119521002,113945117428740,113945118453623,113945119521002,1005,10.050000000,center_after_plus_a2,state,0,0.000000000,2048,-0.007669904,2053,-0.167865767,7,0.040320000,-12,17.967000,-159,0.000000000,2048,0.000000000,0,12.500,33,9962,0,1,
113945129447186,113945127428253,113945128427538,113945129447186,1006,10.060000000,center_after_plus_a2,state,0,0.000000000,2048,0.001533981,2047,0.000000000,0,0.003360000,-1,18.758000,-166,0.000000000,2048,0.000000000,0,12.200,33,9972,0,1,
113945139438525,113945137427285,113945138420118,113945139438525,1007,10.070000000,center_after_plus_a2,state,0,0.000000000,2048,0.010737866,2041,0.143884944,-6,0.020160000,-6,1.921000,-17,0.000000000,2048,0.000000000,0,12.400,33,9982,0,1,
113945149437671,113945147427078,113945148418946,113945149437671,1008,10.080000000,center_after_plus_a2,state,0,0.000000000,2048,0.015339808,2038,0.287769887,-12,-0.053760000,16,1.469000,-13,0.000000000,2048,0.000000000,0,12.400,33,9992,1,1,
113945159474367,113945157425436,113945158432999,113945159474367,1009,10.090000000,center_after_plus_a2,state,0,0.000000000,2048,0.018407769,2036,0.431654831,-18,0.030240000,-9,0.113000,-1,0.000000000,2048,0.000000000,0,12.400,33,10002,1,0,
113945169584430,113945167427875,113945168518305,113945169584430,1010,10.100000000,center_after_plus_a2,state,0,0.000000000,2048,0.019941750,2035,0.479616478,-20,-0.100800000,30,-3.390000,30,0.000000000,2048,0.000000000,0,12.400,33,10012,1,0,
113945179624225,113945177428211,113945178612861,113945179624225,1011,10.110000000,center_after_plus_a2,state,0,0.000000000,2048,0.019941750,2035,0.479616478,-20,-0.090720000,27,-12.204000,108,0.000000000,2048,0.000000000,0,12.400,33,10023,1,0,
113945189582128,113945187430374,113945188520292,113945189582128,1012,10.120000000,center_after_plus_a2,state,0,0.000000000,2048,0.016873789,2037,0.431654831,-18,-0.097440000,29,-15.142000,134,0.000000000,2048,0.000000000,0,12.400,33,10032,1,1,
113945199594710,113945197430313,113945198523561,113945199594710,1013,10.130000000,center_after_plus_a2,state,0,0.000000000,2048,0.010737866,2041,0.335731535,-14,-0.067200000,20,-17.063000,151,0.000000000,2048,0.000000000,0,12.500,33,10042,1,1,
113945209710600,113945207432081,113945208519670,113945209710600,1014,10.140000000,center_after_plus_a2,state,0,0.000000000,2048,0.003067962,2046,0.167865767,-7,-0.020160000,6,-18.758000,166,0.000000000,2048,0.000000000,0,12.500,33,10052,0,1,
113945219773139,113945217508453,113945218633714,113945219773139,1015,10.150000000,center_after_plus_a2,state,0,0.000000000,2048,-0.003067962,2050,0.000000000,0,-0.016800000,5,-15.820000,140,0.000000000,2048,0.000000000,0,12.200,33,10063,0,1,
113945229781813,113945227465009,113945228521519,113945229781813,1016,10.160000000,center_after_plus_a2,state,0,0.000000000,2048,-0.010737866,2055,-0.167865767,7,0.050400000,-15,-6.893000,61,0.000000000,2048,0.000000000,0,12.200,33,10072,0,1,
113945239776109,113945237506664,113945238644892,113945239776109,1017,10.170000000,center_after_plus_a2,state,0,0.000000000,2048,-0.016873789,2059,-0.335731535,14,0.047040000,-14,-2.373000,21,0.000000000,2048,0.000000000,0,12.400,33,10083,1,1,
113945249761638,113945247515359,113945248631205,113945249761638,1018,10.180000000,center_after_plus_a2,state,0,0.000000000,2048,-0.019941750,2061,-0.431654831,18,0.124320000,-37,0.452000,-4,0.000000000,2048,0.000000000,0,12.400,33,10093,1,0,
113945259783860,113945257502706,113945258622281,113945259783860,1019,10.190000000,center_after_plus_a2,state,0,0.000000000,2048,-0.019941750,2061,-0.503597302,21,0.117600000,-35,3.503000,-31,0.000000000,2048,0.000000000,0,12.400,33,10103,1,0,
113945269782216,113945267506667,113945268649994,113945269782216,1020,10.200000000,center_after_plus_a2,state,0,0.000000000,2048,-0.019941750,2061,-0.479616478,20,0.114240000,-34,8.249000,-73,0.000000000,2048,0.000000000,0,12.400,33,10113,1,0,
113945279759342,113945277502637,113945278518830,113945279759342,1021,10.210000000,center_after_plus_a2,state,0,0.000000000,2048,-0.018407769,2060,-0.431654831,18,0.087360000,-26,16.950000,-150,0.000000000,2048,0.000000000,0,12.400,33,10122,1,0,
113945289762808,113945287503051,113945288632766,113945289762808,1022,10.220000000,center_after_plus_a2,state,0,0.000000000,2048,-0.012271846,2056,-0.311750711,13,0.063840000,-19,16.724000,-148,0.000000000,2048,0.000000000,0,12.200,33,10133,1,1,
113945299763692,113945297503677,113945298631213,113945299763692,1023,10.230000000,center_after_plus_a2,state,0,0.000000000,2048,-0.007669904,2053,-0.143884944,6,0.033600000,-10,18.871000,-167,0.000000000,2048,0.000000000,0,12.300,33,10143,0,1,
113945309613219,113945307455618,113945308514774,113945309613219,1024,10.240000000,center_after_plus_a2,state,0,0.000000000,2048,0.000000000,2048,0.000000000,0,0.006720000,-2,19.097000,-169,0.000000000,2048,0.000000000,0,12.400,33,10152,0,1,
113945319611321,113945317431975,113945318510718,113945319611321,1025,10.250000000,center_after_plus_a2,state,0,0.000000000,2048,0.010737866,2041,0.143884944,-6,-0.006720000,2,6.328000,-56,0.000000000,2048,0.000000000,0,12.400,33,10162,0,1,
113945329603982,113945327430748,113945328507675,113945329603982,1026,10.260000000,center_after_plus_a2,state,0,0.000000000,2048,0.015339808,2038,0.287769887,-12,-0.107520000,32,5.311000,-47,0.000000000,2048,0.000000000,0,12.400,33,10172,1,1,
113945339594672,113945337428645,113945338507969,113945339594672,1027,10.270000000,center_after_plus_a2,state,0,0.000000000,2048,0.018407769,2036,0.407674007,-17,-0.090720000,27,0.226000,-2,0.000000000,2048,0.000000000,0,12.400,33,10182,1,0,
113945349587689,113945347428335,113945348514325,113945349587689,1028,10.280000000,center_after_plus_a2,state,0,0.000000000,2048,0.019941750,2035,0.479616478,-20,-0.104160000,31,-3.616000,32,0.000000000,2048,0.000000000,0,12.400,33,10192,1,0,
113945359590412,113945357428296,113945358507640,113945359590412,1029,10.290000000,center_after_plus_a2,state,0,0.000000000,2048,0.018407769,2036,0.479616478,-20,-0.104160000,31,-9.831000,87,0.000000000,2048,0.000000000,0,12.400,33,10202,1,0,
113945369582123,113945367428596,113945368439460,113945369582123,1030,10.300000000,center_after_plus_a2,state,0,0.000000000,2048,0.016873789,2037,0.455635655,-19,-0.100800000,30,-15.029000,133,0.000000000,2048,0.000000000,0,12.300,33,10212,1,1,
113945379598661,113945377428957,113945378509973,113945379598661,1031,10.310000000,center_after_plus_a2,state,0,0.000000000,2048,0.010737866,2041,0.359712359,-15,-0.067200000,20,-17.176000,152,0.000000000,2048,0.000000000,0,12.200,33,10222,1,1,
113945389587554,113945387428573,113945388506786,113945389587554,1032,10.320000000,center_after_plus_a2,state,0,0.000000000,2048,0.003067962,2046,0.191846591,-8,-0.023520000,7,-19.097000,169,0.000000000,2048,0.000000000,0,12.400,33,10232,0,1,
113945399587168,113945397432253,113945398499201,113945399587168,1033,10.330000000,center_after_plus_a2,state,0,0.000000000,2048,-0.003067962,2050,0.000000000,0,-0.013440000,4,-16.837000,149,0.000000000,2048,0.000000000,0,12.400,33,10242,0,1,
113945409530633,113945407428991,113945408447176,113945409530633,1034,10.340000000,center_after_plus_a2,state,0,0.000000000,2048,-0.010737866,2055,-0.143884944,6,-0.023520000,7,-4.746000,42,0.000000000,2048,0.000000000,0,12.300,33,10252,0,1,
113945419531257,113945417429419,113945418437827,113945419531257,1035,10.350000000,center_after_plus_a2,state,0,0.000000000,2048,-0.015339808,2058,-0.311750711,13,0.010080000,-3,-2.147000,19,0.000000000,2048,0.000000000,0,12.400,33,10262,1,1,
113945429522315,113945427432311,113945428437293,113945429522315,1036,10.360000000,center_after_plus_a2,state,0,0.000000000,2048,-0.018407769,2060,-0.407674007,17,0.100800000,-30,0.678000,-6,0.000000000,2048,0.000000000,0,12.400,33,10272,1,0,
113945439522399,113945437429116,113945438435513,113945439522399,1037,10.370000000,center_after_plus_a2,state,0,0.000000000,2048,-0.018407769,2060,-0.479616478,20,0.110880000,-33,3.164000,-28,0.000000000,2048,0.000000000,0,12.400,33,10282,1,0,
113945449522601,113945447428482,113945448431629,113945449522601,1038,10.380000000,center_after_plus_a2,state,0,0.000000000,2048,-0.018407769,2060,-0.479616478,20,0.107520000,-32,6.554000,-58,0.000000000,2048,0.000000000,0,12.400,33,10292,1,0,
113945459522310,113945457429427,113945458436331,113945459522310,1039,10.390000000,center_after_plus_a2,state,0,0.000000000,2048,-0.018407769,2060,-0.407674007,17,0.110880000,-33,15.368000,-136,0.000000000,2048,0.000000000,0,12.400,33,10302,1,0,
113945469519510,113945467428465,113945468434806,113945469519510,1040,10.400000000,center_after_plus_a2,state,0,0.000000000,2048,-0.012271846,2056,-0.311750711,13,0.053760000,-16,15.594000,-138,0.000000000,2048,0.000000000,0,12.400,33,10312,1,1,
113945479515877,113945477429580,113945478434260,113945479515877,1041,10.410000000,center_after_plus_a2,state,0,0.000000000,2048,-0.006135923,2052,-0.167865767,7,0.033600000,-10,17.515000,-155,0.000000000,2048,0.000000000,0,12.200,33,10322,0,1,
113945489519025,113945487428652,113945488435049,113945489519025,1042,10.420000000,center_after_plus_a2,state,0,0.000000000,2048,0.000000000,2048,0.000000000,0,0.006720000,-2,18.758000,-166,0.000000000,2048,0.000000000,0,12.500,33,10332,0,1,
113945499520023,113945497430651,113945498436838,113945499520023,1043,10.430000000,center_after_plus_a2,state,0,0.000000000,2048,0.009203885,2042,0.143884944,-6,-0.036960000,11,8.136000,-72,0.000000000,2048,0.000000000,0,12.400,33,10342,0,1,
113945509515659,113945507427827,113945508434663,113945509515659,1044,10.440000000,center_after_plus_a2,state,0,0.000000000,2048,0.015339808,2038,0.287769887,-12,-0.120960000,36,0.000000,0,0.000000000,2048,0.000000000,0,12.300,33,10352,1,1,
113945519518030,113945517431707,113945518433668,113945519518030,1045,10.450000000,center_after_plus_a2,state,0,0.000000000,2048,0.018407769,2036,0.383693183,-16,-0.164640000,49,-0.226000,2,0.000000000,2048,0.000000000,0,12.400,33,10362,1,0,
113945529525197,113945527429451,113945528436740,113945529525197,1046,10.460000000,center_after_plus_a2,state,0,0.000000000,2048,0.018407769,2036,0.455635655,-19,-0.097440000,29,-2.712000,24,0.000000000,2048,0.000000000,0,12.400,33,10372,1,0,
113945539516134,113945537428719,113945538428720,113945539516134,1047,10.470000000,center_after_plus_a2,state,0,0.000000000,2048,0.018407769,2036,0.455635655,-19,-0.087360000,26,-9.040000,80,0.000000000,2048,0.000000000,0,12.300,33,10382,1,0,
113945549514018,113945547428270,113945548432518,113945549514018,1048,10.480000000,center_after_plus_a2,state,0,0.000000000,2048,0.016873789,2037,0.431654831,-18,-0.104160000,31,-14.916000,132,0.000000000,2048,0.000000000,0,12.500,33,10392,1,1,
113945559513426,113945557428082,113945558430856,113945559513426,1049,10.490000000,center_after_plus_a2,state,0,0.000000000,2048,0.012271846,2040,0.335731535,-14,-0.067200000,20,-16.837000,149,0.000000000,2048,0.000000000,0,12.500,33,10402,1,1,
113945569530450,113945567510856,113945568429096,113945569530450,1050,10.500000000,minus_a2,state,0,-0.070000000,2094,0.003067962,2046,0.191846591,-8,-0.023520000,7,-17.967000,159,-0.070563116,2094,0.000000000,0,12.300,33,10412,0,0,
113945579544387,113945577502791,113945578430978,113945579544387,1051,10.510000000,minus_a2,state,0,-0.070000000,2094,-0.003067962,2050,0.000000000,0,-0.393120000,117,-32.996000,292,-0.070563116,2094,0.000000000,0,12.300,33,10422,0,0,
113945589529384,113945587505605,113945588448502,113945589529384,1052,10.520000000,minus_a2,state,0,-0.070000000,2094,-0.019941750,2061,-0.167865767,7,-0.325920000,97,-38.872000,344,-0.070563116,2094,0.000000000,0,12.200,33,10432,0,0,
113945599546098,113945597502968,113945598434983,113945599546098,1053,10.530000000,minus_a2,state,0,-0.070000000,2094,-0.038349520,2073,-0.407674007,17,-0.215040000,64,-42.149000,373,-0.070563116,2094,0.000000000,0,12.100,33,10442,1,0,
113945609526759,113945607453979,113945608426908,113945609526759,1054,10.540000000,minus_a2,state,0,-0.070000000,2094,-0.058291270,2086,-0.671463070,28,-0.090720000,27,-43.053000,381,-0.070563116,2094,0.000000000,0,12.400,33,10452,1,1,
113945619583394,113945617454614,113945618471150,113945619583394,1055,10.550000000,minus_a2,state,0,-0.070000000,2094,-0.081300982,2101,-0.959232957,40,-0.040320000,12,-33.900000,300,-0.070563116,2094,0.000000000,0,12.300,33,10462,1,1,
113945629593590,113945627454749,113945628495126,113945629593590,1056,10.560000000,minus_a2,state,0,-0.070000000,2094,-0.098174770,2112,-1.247002844,52,0.571200000,-170,-15.707000,139,-0.070563116,2094,0.000000000,0,12.400,33,10472,1,0,
113945639566218,113945637430077,113945638417503,113945639566218,1057,10.570000000,minus_a2,state,0,-0.070000000,2094,-0.110446617,2120,-1.438849435,60,0.141120000,-42,-11.074000,98,-0.070563116,2094,0.000000000,0,12.400,33,10482,1,0,
113945649562315,113945647427421,113945648478165,113945649562315,1058,10.580000000,minus_a2,state,0,-0.070000000,2094,-0.116582540,2124,-1.558753555,65,0.268800000,-80,-10.509000,93,-0.070563116,2094,0.000000000,0,12.400,33,10492,1,0,
113945659589762,113945657517192,113945658497887,113945659589762,1059,10.590000000,minus_a2,state,0,-0.070000000,2094,-0.124252444,2129,-1.582734379,66,0.342720000,-102,-5.763000,51,-0.070563116,2094,0.000000000,0,12.400,33,10502,1,0,
113945669600393,113945667502983,113945668495220,113945669600393,1060,10.600000000,minus_a2,state,0,-0.070000000,2094,-0.127320405,2131,-1.486811083,62,0.302400000,-90,1.017000,-9,-0.070563116,2094,0.000000000,0,12.400,33,10512,1,0,
113945679585318,113945677455701,113945678493666,113945679585318,1061,10.610000000,minus_a2,state,0,-0.070000000,2094,-0.127320405,2131,-1.318945316,55,0.299040000,-89,14.238000,-126,-0.070563116,2094,0.000000000,0,12.400,33,10522,1,0,
113945689584968,113945687430935,113945688481798,113945689584968,1062,10.620000000,minus_a2,state,0,-0.070000000,2094,-0.122718463,2128,-1.031175429,43,0.312480000,-93,23.391000,-207,-0.070563116,2094,0.000000000,0,12.500,33,10532,1,0,
113945699586142,113945697431602,113945698493777,113945699586142,1063,10.630000000,minus_a2,state,0,-0.070000000,2094,-0.115048559,2123,-0.719424718,30,0.268800000,-80,26.103000,-231,-0.070563116,2094,0.000000000,0,12.300,33,10542,1,0,
113945709575372,113945707429167,113945708476007,113945709575372,1064,10.640000000,minus_a2,state,0,-0.070000000,2094,-0.105844674,2117,-0.407674007,17,0.194880000,-58,29.606000,-262,-0.070563116,2094,0.000000000,0,12.300,33,10552,1,0,
113945719561041,113945717429319,113945718475691,113945719561041,1065,10.650000000,minus_a2,state,0,-0.070000000,2094,-0.095106809,2110,-0.119904120,5,0.161280000,-48,31.979000,-283,-0.070563116,2094,0.000000000,0,12.500,33,10562,0,0,
113945729625803,113945727430209,113945728492022,113945729625803,1066,10.660000000,minus_a2,state,0,-0.070000000,2094,-0.078233020,2099,0.167865767,-7,0.057120000,-17,32.770000,-290,-0.070563116,2094,0.000000000,0,12.300,33,10572,0,1,
113945739580121,113945737432668,113945738490834,113945739580121,1067,10.670000000,minus_a2,state,0,-0.070000000,2094,-0.061359232,2088,0.479616478,-20,0.050400000,-15,21.470000,-190,-0.070563116,2094,0.000000000,0,12.300,33,10582,1,1,
113945749527566,113945747428261,113945748469810,113945749527566,1068,10.680000000,minus_a2,state,0,-0.070000000,2094,-0.047553404,2079,0.767386366,-32,-0.117600000,35,17.628000,-156,-0.070563116,2094,0.000000000,0,12.400,33,10592,1,0,
113945759516796,113945757423515,113945758476920,113945759516796,1069,10.690000000,minus_a2,state,0,-0.070000000,2094,-0.041417481,2075,0.959232957,-40,-0.181440000,54,9.944000,-88,-0.070563116,2094,0.000000000,0,12.400,33,10602,1,0,
113945769579152,113945767430564,113945768476509,113945769579152,1070,10.700000000,minus_a2,state,0,-0.070000000,2094,-0.036815539,2072,1.079137077,-45,-0.201600000,60,0.339000,-3,-0.070563116,2094,0.000000000,0,12.400,33,10612,1,0,
113945779563034,113945777428399,113945778475487,113945779563034,1071,10.710000000,minus_a2,state,0,-0.070000000,2094,-0.033747577,2070,1.103117900,-46,-0.201600000,60,-3.051000,27,-0.070563116,2094,0.000000000,0,12.400,33,10622,1,0,
113945789496717,113945787428358,113945788420502,113945789496717,1072,10.720000000,minus_a2,state,0,-0.070000000,2094,-0.033747577,2070,1.031175429,-43,-0.181440000,54,-13.447000,119,-0.070563116,2094,0.000000000,0,12.400,33,10632,1,0,
113945799504032,113945797430391,113945798422574,113945799504032,1073,10.730000000,minus_a2,state,0,-0.070000000,2094,-0.033747577,2070,0.887290485,-37,-0.215040000,64,-20.227000,179,-0.070563116,2094,0.000000000,0,12.300,33,10642,1,0,
113945809504040,113945807434413,113945808427292,113945809504040,1074,10.740000000,minus_a2,state,0,-0.070000000,2094,-0.042951462,2076,0.671463070,-28,-0.184800000,55,-22.826000,202,-0.070563116,2094,0.000000000,0,12.400,33,10652,1,0,
113945819462256,113945817430339,113945818422563,113945819462256,1075,10.750000000,minus_a2,state,0,-0.070000000,2094,-0.052155347,2082,0.383693183,-16,-0.117600000,35,-25.877000,229,-0.070563116,2094,0.000000000,0,12.400,33,10662,1,0,
113945829465389,113945827431636,113945828424217,113945829465389,1076,10.760000000,minus_a2,state,0,-0.070000000,2094,-0.065961174,2091,0.095923296,-4,-0.043680000,13,-27.120000,240,-0.070563116,2094,0.000000000,0,12.300,33,10672,0,1,
113945839464849,113945837428496,113945838400352,113945839464849,1077,10.770000000,minus_a2,state,0,-0.070000000,2094,-0.079767001,2100,-0.191846591,8,-0.047040000,14,-14.351000,127,-0.070563116,2094,0.000000000,0,12.300,33,10682,0,1,
113945849412480,113945847430026,113945848390438,113945849412480,1078,10.780000000,minus_a2,state,0,-0.070000000,2094,-0.088970886,2106,-0.455635655,19,-0.060480000,18,-6.328000,56,-0.070563116,2094,0.000000000,0,12.400,33,10692,1,0,
113945859455035,113945857428019,113945858425121,113945859455035,1079,10.790000000,minus_a2,state,0,-0.070000000,2094,-0.095106809,2110,-0.671463070,28,0.020160000,-6,-3.842000,34,-0.070563116,2094,0.000000000,0,12.400,33,10702,1,0,
113945869499777,113945867428763,113945868423667,113945869499777,1080,10.800000000,minus_a2,state,0,-0.070000000,2094,-0.098174770,2112,-0.815348013,34,0.241920000,-72,-0.904000,8,-0.070563116,2094,0.000000000,0,12.400,33,10712,1,0,
113945879510866,113945877428853,113945878422057,113945879510866,1081,10.810000000,minus_a2,state,0,-0.070000000,2094,-0.099708751,2113,-0.863309661,36,0.154560000,-46,5.311000,-47,-0.070563116,2094,0.000000000,0,12.400,33,10722,1,0,
113945889474827,113945887429526,113945888408171,113945889474827,1082,10.820000000,minus_a2,state,0,-0.070000000,2094,-0.099708751,2113,-0.791367189,33,0.161280000,-48,13.673000,-121,-0.070563116,2094,0.000000000,0,12.400,33,10732,1,0,
113945899515659,113945897430672,113945898427495,113945899515659,1083,10.830000000,minus_a2,state,0,-0.070000000,2094,-0.096640790,2111,-0.671463070,28,0.120960000,-36,16.837000,-149,-0.070563116,2094,0.000000000,0,12.300,33,10742,1,0,
113945909511771,113945907429069,113945908419626,113945909511771,1084,10.840000000,minus_a2,state,0,-0.070000000,2094,-0.092038847,2108,-0.479616478,20,0.131040000,-39,20.340000,-180,-0.070563116,2094,0.000000000,0,12.500,33,10752,1,0,
113945919594373,113945917427969,113945918410190,113945919594373,1085,10.850000000,minus_a2,state,0,-0.070000000,2094,-0.082834963,2102,-0.263789063,11,0.080640000,-24,22.600000,-200,-0.070563116,2094,0.000000000,0,12.400,33,10762,1,1,
113945929528926,113945927444909,113945928448896,113945929528926,1086,10.860000000,minus_a2,state,0,-0.070000000,2094,-0.070563116,2094,-0.023980824,1,0.020160000,-6,23.165000,-205,-0.070563116,2094,0.000000000,0,12.300,33,10772,0,1,
113945939506517,113945937430299,113945938405737,113945939506517,1087,10.870000000,minus_a2,state,0,-0.070000000,2094,-0.061359232,2088,0.191846591,-8,-0.131040000,39,14.577000,-129,-0.070563116,2094,0.000000000,0,12.400,33,10782,0,1,
113945949514874,113945947445534,113945948501767,113945949514874,1088,10.880000000,minus_a2,state,0,-0.070000000,2094,-0.052155347,2082,0.407674007,-17,-0.050400000,15,5.763000,-51,-0.070563116,2094,0.000000000,0,12.400,33,10792,1,0,
113945959589563,113945957437967,113945958495750,113945959589563,1089,10.890000000,minus_a2,state,0,-0.070000000,2094,-0.047553404,2079,0.551558950,-23,0.107520000,-32,0.791000,-7,-0.070563116,2094,0.000000000,0,12.400,33,10802,1,0,
113945969506790,113945967440667,113945968432539,113945969506790,1090,10.900000000,minus_a2,state,0,-0.070000000,2094,-0.044485443,2077,0.647482246,-27,-0.141120000,42,-1.243000,11,-0.070563116,2094,0.000000000,0,12.400,33,10812,1,0,
113945979530202,113945977454695,113945978448938,113945979530202,1091,10.910000000,minus_a2,state,0,-0.070000000,2094,-0.044485443,2077,0.671463070,-28,-0.120960000,36,-8.927000,79,-0.070563116,2094,0.000000000,0,12.400,33,10822,1,0,
113945989492802,113945987433619,113945988421914,113945989492802,1092,10.920000000,minus_a2,state,0,-0.070000000,2094,-0.046019424,2078,0.623501422,-26,-0.131040000,39,-16.272000,144,-0.070563116,2094,0.000000000,0,12.400,33,10832,1,0,
113945999501383,113945997435911,113945998416266,113945999501383,1093,10.930000000,minus_a2,state,0,-0.070000000,2094,-0.049087385,2080,0.527578126,-22,-0.127680000,38,-18.984000,168,-0.070563116,2094,0.000000000,0,12.400,33,10842,1,0,
113946009575407,113946007430807,113946008425550,113946009575407,1094,10.940000000,minus_a2,state,0,-0.070000000,2094,-0.056757289,2085,0.335731535,-14,-0.084000000,25,-20.001000,177,-0.070563116,2094,0.000000000,0,12.400,33,10852,1,1,
113946019468656,113946017435369,113946018416447,113946019468656,1095,10.950000000,minus_a2,state,0,-0.070000000,2094,-0.067495155,2092,0.119904120,-5,-0.026880000,8,-22.374000,198,-0.070563116,2094,0.000000000,0,12.400,33,10862,0,1,
113946029496078,113946027440646,113946028422862,113946029496078,1096,10.960000000,minus_a2,state,0,-0.070000000,2094,-0.078233020,2099,-0.071942472,3,-0.080640000,24,-2.260000,20,-0.070563116,2094,0.000000000,0,12.400,33,10872,0,1,
113946039502000,113946037429203,113946038401158,113946039502000,1097,10.970000000,minus_a2,state,0,-0.070000000,2094,-0.085902924,2104,-0.287769887,12,0.204960000,-61,-7.006000,62,-0.070563116,2094,0.000000000,0,12.400,33,10882,1,1,
113946049494677,113946047433727,113946048428001,113946049494677,1098,10.980000000,minus_a2,state,0,-0.070000000,2094,-0.092038847,2108,-0.455635655,19,0.016800000,-5,-1.582000,14,-0.070563116,2094,0.000000000,0,12.400,33,10892,1,0,
113946059462610,113946057430056,113946058440032,113946059462610,1099,10.990000000,minus_a2,hardware_error,0,-0.070000000,2094,,,,,,,,,,,,,,,,,,0
113946069508092,113946067433619,113946068420549,113946069508092,1100,11.000000000,minus_a2,state,0,-0.070000000,2094,-0.093572828,2109,-0.623501422,26,0.134400000,-40,5.989000,-53,-0.070563116,2094,0.000000000,0,12.400,33,10912,1,0,
113946079568411,113946077454999,113946078429223,113946079568411,1101,11.010000000,minus_a2,state,0,-0.070000000,2094,-0.093572828,2109,-0.599520598,25,0.120960000,-36,15.142000,-134,-0.070563116,2094,0.000000000,0,12.400,33,10922,1,0,
113946089504872,113946087442786,113946088415306,113946089504872,1102,11.020000000,minus_a2,state,0,-0.070000000,2094,-0.090504866,2107,-0.503597302,21,0.087360000,-26,15.707000,-139,-0.070563116,2094,0.000000000,0,12.400,33,10932,1,0,
113946099554065,113946097453033,113946098412551,113946099554065,1103,11.030000000,minus_a2,state,0,-0.070000000,2094,-0.085902924,2104,-0.335731535,14,0.090720000,-27,19.436000,-172,-0.070563116,2094,0.000000000,0,12.500,33,10942,1,1,
113946109505007,113946107433294,113946108406283,113946109505007,1104,11.040000000,minus_a2,state,0,-0.070000000,2094,-0.076699039,2098,-0.143884944,6,0.036960000,-11,20.453000,-181,-0.070563116,2094,0.000000000,0,12.500,33,10952,0,1,
113946119525549,113946117440668,113946118431171,113946119525549,1105,11.050000000,minus_a2,state,0,-0.070000000,2094,-0.065961174,2091,0.023980824,-1,0.023520000,-7,15.707000,-139,-0.070563116,2094,0.000000000,0,12.400,33,10962,0,1,
113946129593199,113946127441085,113946128426843,113946129593199,1106,11.060000000,minus_a2,state,0,-0.070000000,2094,-0.056757289,2085,0.239808239,-10,0.060480000,-18,1.130000,-10,-0.070563116,2094,0.000000000,0,12.500,33,10972,0,1,
113946139504481,113946137444187,113946138407338,113946139504481,1107,11.070000000,minus_a2,state,0,-0.070000000,2094,-0.052155347,2082,0.407674007,-17,-0.057120000,17,1.469000,-13,-0.070563116,2094,0.000000000,0,12.500,33,10982,1,0,
113946149498457,113946147453178,113946148421588,113946149498457,1108,11.080000000,minus_a2,state,0,-0.070000000,2094,-0.049087385,2080,0.527578126,-22,-0.120960000,36,-0.791000,7,-0.070563116,2094,0.000000000,0,12.500,33,10992,1,0,
113946159520974,113946157430250,113946158410797,113946159520974,1109,11.090000000,minus_a2,state,0,-0.070000000,2094,-0.049087385,2080,0.575539774,-24,-0.114240000,34,-6.102000,54,-0.070563116,2094,0.000000000,0,12.500,33,11002,1,0,
113946169518666,113946167444431,113946168450041,113946169518666,1110,11.100000000,minus_a2,state,0,-0.070000000,2094,-0.049087385,2080,0.551558950,-23,-0.110880000,33,-12.882000,114,-0.070563116,2094,0.000000000,0,12.400,33,11012,1,0,
113946179541553,113946177430442,113946178454017,113946179541553,1111,11.110000000,minus_a2,state,0,-0.070000000,2094,-0.049087385,2080,0.503597302,-21,-0.117600000,35,-17.289000,153,-0.070563116,2094,0.000000000,0,12.400,33,11022,1,0,
113946189495939,113946187438723,113946188412893,113946189495939,1112,11.120000000,minus_a2,state,0,-0.070000000,2094,-0.056757289,2085,0.359712359,-15,-0.080640000,24,-19.210000,170,-0.070563116,2094,0.000000000,0,12.400,33,11032,1,1,
113946199532286,113946197445302,113946198429833,113946199532286,1113,11.130000000,minus_a2,state,0,-0.070000000,2094,-0.064427193,2090,0.167865767,-7,-0.026880000,8,-20.566000,182,-0.070563116,2094,0.000000000,0,12.300,33,11042,0,1,
113946209534824,113946207438158,113946208421272,113946209534824,1114,11.140000000,minus_a2,state,0,-0.070000000,2094,-0.076699039,2098,0.000000000,0,-0.043680000,13,-12.091000,107,-0.070563116,2094,0.000000000,0,12.400,33,11052,0,1,
113946219459340,113946217431002,113946218393970,113946219459340,1115,11.150000000,minus_a2,state,0,-0.070000000,2094,-0.084368943,2103,-0.215827415,9,0.104160000,-31,-8.249000,73,-0.070563116,2094,0.000000000,0,12.400,33,11062,0,1,
113946229385838,113946227429894,113946228391930,113946229385838,1116,11.160000000,minus_a2,state,0,-0.070000000,2094,-0.088970886,2106,-0.359712359,15,-0.030240000,9,-3.390000,30,-0.070563116,2094,0.000000000,0,12.400,33,11072,1,0,
113946239429606,113946237430884,113946238394867,113946239429606,1117,11.170000000,minus_a2,state,0,-0.070000000,2094,-0.092038847,2108,-0.479616478,20,0.134400000,-40,0.678000,-6,-0.070563116,2094,0.000000000,0,12.400,33,11082,1,0,
113946249450926,113946247443376,113946248395391,113946249450926,1118,11.180000000,minus_a2,state,0,-0.070000000,2094,-0.092038847,2108,-0.551558950,23,0.127680000,-38,3.842000,-34,-0.070563116,2094,0.000000000,0,12.400,33,11092,1,0,
113946259545822,113946257426444,113946258386835,113946259545822,1119,11.190000000,minus_a2,state,0,-0.070000000,2094,-0.090504866,2107,-0.551558950,23,0.117600000,-35,9.492000,-84,-0.070563116,2094,0.000000000,0,12.400,33,11102,1,0,
113946269408700,113946267440124,113946268374252,113946269408700,1120,11.200000000,minus_a2,state,0,-0.070000000,2094,-0.090504866,2107,-0.479616478,20,0.204960000,-61,14.012000,-124,-0.070563116,2094,0.000000000,0,12.400,33,11112,1,0,
113946279527590,113946277428337,113946278434336,113946279527590,1121,11.210000000,minus_a2,state,0,-0.070000000,2094,-0.084368943,2103,-0.335731535,14,0.080640000,-24,17.515000,-155,-0.070563116,2094,0.000000000,0,12.400,33,11122,1,1,
113946289493849,113946287436533,113946288421496,113946289493849,1122,11.220000000,minus_a2,state,0,-0.070000000,2094,-0.076699039,2098,-0.167865767,7,0.043680000,-13,19.549000,-173,-0.070563116,2094,0.000000000,0,12.400,33,11132,0,1,
113946299500960,113946297433762,113946298407853,113946299500960,1123,11.230000000,minus_a2,state,0,-0.070000000,2094,-0.067495155,2092,0.000000000,0,0.010080000,-3,17.967000,-159,-0.070563116,2094,0.000000000,0,12.500,33,11142,0,1,
113946309505682,113946307428730,113946308414113,113946309505682,1124,11.240000000,minus_a2,state,0,-0.070000000,2094,-0.058291270,2086,0.191846591,-8,0.057120000,-17,6.441000,-57,-0.070563116,2094,0.000000000,0,12.400,33,11152,0,1,
113946319508267,113946317430457,113946318395005,113946319508267,1125,11.250000000,minus_a2,state,0,-0.070000000,2094,-0.053689328,2083,0.335731535,-14,-0.016800000,5,1.808000,-16,-0.070563116,2094,0.000000000,0,12.300,33,11162,1,1,
113946329516326,113946327426243,113946328414126,113946329516326,1126,11.260000000,minus_a2,state,0,-0.070000000,2094,-0.050621366,2081,0.455635655,-19,-0.084000000,25,-0.678000,6,-0.070563116,2094,0.000000000,0,12.400,33,11172,1,0,
113946339484077,113946337427088,113946338394881,113946339484077,1127,11.270000000,minus_a2,state,0,-0.070000000,2094,-0.050621366,2081,0.503597302,-21,-0.107520000,32,-5.763000,51,-0.070563116,2094,0.000000000,0,12.400,33,11182,1,0,
113946349467420,113946347430109,113946348380812,113946349467420,1128,11.280000000,minus_a2,state,0,-0.070000000,2094,-0.050621366,2081,0.503597302,-21,-0.100800000,30,-12.091000,107,-0.070563116,2094,0.000000000,0,12.300,33,11192,1,0,
113946359466142,113946357426873,113946358378722,113946359466142,1129,11.290000000,minus_a2,state,0,-0.070000000,2094,-0.050621366,2081,0.455635655,-19,-0.110880000,33,-16.724000,148,-0.070563116,2094,0.000000000,0,12.400,33,11202,1,0,
113946369461756,113946367426826,113946368397145,113946369461756,1130,11.300000000,minus_a2,state,0,-0.070000000,2094,-0.058291270,2086,0.359712359,-15,-0.084000000,25,-17.854000,158,-0.070563116,2094,0.000000000,0,12.400,33,11212,1,1,
113946379461551,113946377428955,113946378380952,113946379461551,1131,11.310000000,minus_a2,state,0,-0.070000000,2094,-0.065961174,2091,0.167865767,-7,-0.040320000,12,-20.001000,177,-0.070563116,2094,0.000000000,0,12.400,33,11222,0,1,
113946389464744,113946387431598,113946388383613,113946389464744,1132,11.320000000,minus_a2,state,0,-0.070000000,2094,-0.076699039,2098,0.000000000,0,-0.033600000,10,-11.865000,105,-0.070563116,2094,0.000000000,0,12.400,33,11232,0,1,
113946399466717,113946397429897,113946398379134,113946399466717,1133,11.330000000,minus_a2,state,0,-0.070000000,2094,-0.084368943,2103,-0.191846591,8,0.090720000,-27,-7.571000,67,-0.070563116,2094,0.000000000,0,12.400,33,11242,0,1,
113946409542264,113946407428722,113946408414126,113946409542264,1134,11.340000000,minus_a2,state,0,-0.070000000,2094,-0.088970886,2106,-0.335731535,14,0.141120000,-42,-3.051000,27,-0.070563116,2094,0.000000000,0,12.400,33,11252,1,0,
113946419486709,113946417437827,113946418387233,113946419486709,1135,11.350000000,minus_a2,state,0,-0.070000000,2094,-0.090504866,2107,-0.455635655,19,0.117600000,-35,1.243000,-11,-0.070563116,2094,0.000000000,0,12.400,33,11262,1,0,
113946429464832,113946427428447,113946428374931,113946429464832,1136,11.360000000,minus_a2,state,0,-0.070000000,2094,-0.090504866,2107,-0.527578126,22,0.084000000,-25,4.746000,-42,-0.070563116,2094,0.000000000,0,12.400,33,11272,1,0,
113946439460167,113946437428876,113946438377804,113946439460167,1137,11.370000000,minus_a2,state,0,-0.070000000,2094,-0.090504866,2107,-0.527578126,22,0.100800000,-30,10.170000,-90,-0.070563116,2094,0.000000000,0,12.400,33,11282,1,0,
113946449466251,113946447427763,113946448378435,113946449466251,1138,11.380000000,minus_a2,state,0,-0.070000000,2094,-0.088970886,2106,-0.455635655,19,0.154560000,-46,13.447000,-119,-0.070563116,2094,0.000000000,0,12.600,33,11292,1,0,
113946459468144,113946457426476,113946458375838,113946459468144,1139,11.390000000,minus_a2,state,0,-0.070000000,2094,-0.082834963,2102,-0.311750711,13,0.067200000,-20,17.515000,-155,-0.070563116,2094,0.000000000,0,12.500,33,11302,1,1,
113946469454212,113946467426840,113946468377042,113946469454212,1140,11.400000000,minus_a2,state,0,-0.070000000,2094,-0.075165059,2097,-0.143884944,6,0.036960000,-11,19.662000,-174,-0.070563116,2094,0.000000000,0,12.400,33,11312,0,1,
113946479352982,113946477426668,113946478376684,113946479352982,1141,11.410000000,minus_a2,state,0,-0.070000000,2094,-0.065961174,2091,0.023980824,-1,0.023520000,-7,14.012000,-124,-0.070563116,2094,0.000000000,0,12.500,33,11322,0,1,
113946489477071,113946487433006,113946488384454,113946489477071,1142,11.420000000,minus_a2,state,0,-0.070000000,2094,-0.058291270,2086,0.191846591,-8,-0.258720000,77,6.780000,-60,-0.070563116,2094,0.000000000,0,12.500,33,11332,0,1,
113946499461383,113946497430626,113946498379464,113946499461383,1143,11.430000000,minus_a2,state,0,-0.070000000,2094,-0.053689328,2083,0.359712359,-15,-0.070560000,21,-0.113000,1,-0.070563116,2094,0.000000000,0,12.500,33,11342,1,1,
113946509452415,113946507427444,113946508376249,113946509452415,1144,11.440000000,minus_a2,state,0,-0.070000000,2094,-0.050621366,2081,0.455635655,-19,-0.107520000,32,-1.017000,9,-0.070563116,2094,0.000000000,0,12.500,33,11352,1,0,
113946519468014,113946517432965,113946518373066,113946519468014,1145,11.450000000,minus_a2,state,0,-0.070000000,2094,-0.050621366,2081,0.503597302,-21,-0.104160000,31,-5.763000,51,-0.070563116,2094,0.000000000,0,12.500,33,11362,1,0,
113946529459291,113946527428961,113946528384454,113946529459291,1146,11.460000000,minus_a2,state,0,-0.070000000,2094,-0.050621366,2081,0.503597302,-21,-0.100800000,30,-12.317000,109,-0.070563116,2094,0.000000000,0,12.400,33,11372,1,0,
113946539463870,113946537427167,113946538377670,113946539463870,1147,11.470000000,minus_a2,state,0,-0.070000000,2094,-0.050621366,2081,0.455635655,-19,-0.104160000,31,-16.837000,149,-0.070563116,2094,0.000000000,0,12.200,33,11382,1,0,
113946549482333,113946547439615,113946548385876,113946549482333,1148,11.480000000,minus_a2,state,0,-0.070000000,2094,-0.058291270,2086,0.335731535,-14,-0.070560000,21,-17.854000,158,-0.070563116,2094,0.000000000,0,12.500,33,11392,1,1,
113946559462348,113946557430037,113946558375849,113946559462348,1149,11.490000000,minus_a2,state,0,-0.070000000,2094,-0.065961174,2091,0.143884944,-6,-0.023520000,7,-19.775000,175,-0.070563116,2094,0.000000000,0,12.500,33,11402,0,1,
113946569484392,113946567505408,113946568392712,113946569484392,1150,11.500000000,minus_a2,state,0,-0.070000000,2094,-0.076699039,2098,-0.023980824,1,-0.063840000,19,-6.893000,61,-0.070563116,2094,0.000000000,0,12.200,33,11412,0,1,
113946579495500,113946577508344,113946578389138,113946579495500,1151,11.510000000,minus_a2,state,0,-0.070000000,2094,-0.084368943,2103,-0.215827415,9,-0.033600000,10,-3.164000,28,-0.070563116,2094,0.000000000,0,12.500,33,11422,0,1,
113946589733038,113946587510453,113946588392580,113946589733038,1152,11.520000000,minus_a2,state,0,-0.070000000,2094,-0.088970886,2106,-0.359712359,15,0.131040000,-39,-0.452000,4,-0.070563116,2094,0.000000000,0,12.500,33,11432,1,0,
113946599554847,113946597510401,113946598396109,113946599554847,1153,11.530000000,minus_a2,state,0,-0.070000000,2094,-0.090504866,2107,-0.455635655,19,0.090720000,-27,0.791000,-7,-0.070563116,2094,0.000000000,0,12.500,33,11442,1,0,
113946609719154,113946607509527,113946608450786,113946609719154,1154,11.540000000,minus_a2,state,0,-0.070000000,2094,-0.090504866,2107,-0.527578126,22,0.117600000,-35,3.729000,-33,-0.070563116,2094,0.000000000,0,12.400,33,11452,1,0,
113946619551417,113946617452601,113946618470049,113946619551417,1155,11.550000000,minus_a2,state,0,-0.070000000,2094,-0.090504866,2107,-0.503597302,21,0.104160000,-31,10.057000,-89,-0.070563116,2094,0.000000000,0,12.400,33,11462,1,0,
113946629554453,113946627451429,113946628569187,113946629554453,1156,11.560000000,minus_a2,state,0,-0.070000000,2094,-0.087436905,2105,-0.431654831,18,0.117600000,-35,12.204000,-108,-0.070563116,2094,0.000000000,0,12.200,33,11472,1,1,
113946639708978,113946637503917,113946638572450,113946639708978,1157,11.570000000,minus_a2,state,0,-0.070000000,2094,-0.082834963,2102,-0.287769887,12,0.047040000,-14,16.950000,-150,-0.070563116,2094,0.000000000,0,12.500,33,11482,1,1,
113946649496026,113946647512440,113946648454063,113946649496026,1158,11.580000000,minus_a2,state,0,-0.070000000,2094,-0.076699039,2098,-0.143884944,6,0.036960000,-11,19.549000,-173,-0.070563116,2094,0.000000000,0,12.500,33,11492,0,1,
113946659501590,113946657448672,113946658412102,113946659501590,1159,11.590000000,minus_a2,state,0,-0.070000000,2094,-0.065961174,2091,0.023980824,-1,0.016800000,-5,16.498000,-146,-0.070563116,2094,0.000000000,0,12.400,33,11502,0,1,
113946669362687,113946667510037,113946668336993,113946669362687,1160,11.600000000,minus_a2,state,0,-0.070000000,2094,-0.058291270,2086,0.191846591,-8,-0.003360000,1,1.695000,-15,-0.070563116,2094,0.000000000,0,12.400,33,11512,0,1,
113946679419075,113946677453467,113946678409938,113946679419075,1161,11.610000000,minus_a2,state,0,-0.070000000,2094,-0.052155347,2082,0.335731535,-14,-0.110880000,33,0.452000,-4,-0.070563116,2094,0.000000000,0,12.400,33,11522,1,0,
113946689354236,113946687429600,113946688340321,113946689354236,1162,11.620000000,minus_a2,state,0,-0.070000000,2094,-0.050621366,2081,0.455635655,-19,-0.117600000,35,-0.904000,8,-0.070563116,2094,0.000000000,0,12.400,33,11532,1,0,
113946699356398,113946697423046,113946698342529,113946699356398,1163,11.630000000,minus_a2,state,0,-0.070000000,2094,-0.050621366,2081,0.503597302,-21,-0.110880000,33,-5.650000,50,-0.070563116,2094,0.000000000,0,12.400,33,11542,1,0,
113946709383597,113946707425222,113946708335319,113946709383597,1164,11.640000000,minus_a2,state,0,-0.070000000,2094,-0.050621366,2081,0.503597302,-21,-0.084000000,25,-12.543000,111,-0.070563116,2094,0.000000000,0,12.500,33,11552,1,0,
113946719398052,113946717434710,113946718355710,113946719398052,1165,11.650000000,minus_a2,state,0,-0.070000000,2094,-0.052155347,2082,0.455635655,-19,-0.107520000,32,-16.837000,149,-0.070563116,2094,0.000000000,0,12.400,33,11562,1,0,
113946729419115,113946727432562,113946728368822,113946729419115,1166,11.660000000,minus_a2,state,0,-0.070000000,2094,-0.058291270,2086,0.335731535,-14,-0.077280000,23,-17.967000,159,-0.070563116,2094,0.000000000,0,12.200,33,11572,1,1,
113946739416104,113946737434191,113946738361903,113946739416104,1167,11.670000000,minus_a2,state,0,-0.070000000,2094,-0.065961174,2091,0.167865767,-7,-0.026880000,8,-19.775000,175,-0.070563116,2094,0.000000000,0,12.400,33,11582,0,1,
113946749466357,113946747436593,113946748373408,113946749466357,1168,11.680000000,minus_a2,state,0,-0.070000000,2094,-0.076699039,2098,-0.023980824,1,-0.053760000,16,-8.249000,73,-0.070563116,2094,0.000000000,0,12.500,33,11592,0,1,
113946759508781,113946757445211,113946758367328,113946759508781,1169,11.690000000,minus_a2,state,0,-0.070000000,2094,-0.084368943,2103,-0.215827415,9,-0.036960000,11,-3.616000,32,-0.070563116,2094,0.000000000,0,12.300,33,11602,0,1,
113946769445318,113946767431305,113946768365480,113946769445318,1170,11.700000000,minus_a2,state,0,-0.070000000,2094,-0.088970886,2106,-0.359712359,15,-0.010080000,3,-2.147000,19,-0.070563116,2094,0.000000000,0,12.400,33,11612,1,0,
113946779458604,113946777431268,113946778372484,113946779458604,1171,11.710000000,minus_a2,state,0,-0.070000000,2094,-0.092038847,2108,-0.479616478,20,0.120960000,-36,1.695000,-15,-0.070563116,2094,0.000000000,0,12.400,33,11622,1,0,
113946789462968,113946787433005,113946788360171,113946789462968,1172,11.720000000,minus_a2,state,0,-0.070000000,2094,-0.092038847,2108,-0.527578126,22,0.131040000,-39,6.102000,-54,-0.070563116,2094,0.000000000,0,12.300,33,11632,1,0,
113946799443511,113946797438349,113946798367145,113946799443511,1173,11.730000000,minus_a2,state,0,-0.070000000,2094,-0.090504866,2107,-0.527578126,22,0.084000000,-25,10.622000,-94,-0.070563116,2094,0.000000000,0,12.400,33,11642,1,0,
113946809443712,113946807428909,113946808340472,113946809443712,1174,11.740000000,minus_a2,state,0,-0.070000000,2094,-0.085902924,2104,-0.431654831,18,0.141120000,-42,13.334000,-118,-0.070563116,2094,0.000000000,0,12.400,33,11652,1,1,
113946819477119,113946817435166,113946818453154,113946819477119,1175,11.750000000,minus_a2,state,0,-0.070000000,2094,-0.082834963,2102,-0.311750711,13,0.087360000,-26,17.741000,-157,-0.070563116,2094,0.000000000,0,12.200,33,11662,1,1,
113946829466686,113946827431133,113946828361059,113946829466686,1176,11.760000000,minus_a2,state,0,-0.070000000,2094,-0.075165059,2097,-0.143884944,6,0.036960000,-11,19.775000,-175,-0.070563116,2094,0.000000000,0,12.200,33,11672,0,1,
113946839464759,113946837432156,113946838358697,113946839464759,1177,11.770000000,minus_a2,state,0,-0.070000000,2094,-0.065961174,2091,0.023980824,-1,0.026880000,-8,13.447000,-119,-0.070563116,2094,0.000000000,0,12.500,33,11682,0,1,
113946849496442,113946847442041,113946848377893,113946849496442,1178,11.780000000,minus_a2,state,0,-0.070000000,2094,-0.058291270,2086,0.215827415,-9,-0.225120000,67,7.345000,-65,-0.070563116,2094,0.000000000,0,12.400,33,11692,0,1,
113946859441155,113946857431267,113946858359879,113946859441155,1179,11.790000000,minus_a2,state,0,-0.070000000,2094,-0.052155347,2082,0.359712359,-15,-0.188160000,56,0.904000,-8,-0.070563116,2094,0.000000000,0,12.400,33,11702,1,0,
113946869403180,113946867428831,113946868347684,113946869403180,1180,11.800000000,minus_a2,state,0,-0.070000000,2094,-0.050621366,2081,0.455635655,-19,-0.107520000,32,-1.130000,10,-0.070563116,2094,0.000000000,0,12.400,33,11712,1,0,
113946879454978,113946877441884,113946878369492,113946879454978,1181,11.810000000,minus_a2,state,0,-0.070000000,2094,-0.050621366,2081,0.503597302,-21,-0.104160000,31,-5.650000,50,-0.070563116,2094,0.000000000,0,12.400,33,11722,1,0,
113946889459887,113946887436419,113946888364576,113946889459887,1182,11.820000000,minus_a2,state,0,-0.070000000,2094,-0.050621366,2081,0.503597302,-21,-0.100800000,30,-13.447000,119,-0.070563116,2094,0.000000000,0,12.300,33,11732,1,0,
113946899377634,113946897427424,113946898339440,113946899377634,1183,11.830000000,minus_a2,state,0,-0.070000000,2094,-0.050621366,2081,0.455635655,-19,-0.107520000,32,-17.063000,151,-0.070563116,2094,0.000000000,0,12.500,33,11742,1,0,
113946909460077,113946907431832,113946908364754,113946909460077,1184,11.840000000,minus_a2,state,0,-0.070000000,2094,-0.058291270,2086,0.335731535,-14,-0.063840000,19,-18.758000,166,-0.070563116,2094,0.000000000,0,12.400,33,11752,1,1,
113946919448030,113946917430230,113946918357737,113946919448030,1185,11.850000000,minus_a2,state,0,-0.070000000,2094,-0.067495155,2092,0.143884944,-6,-0.033600000,10,-20.114000,178,-0.070563116,2094,0.000000000,0,12.200,33,11762,0,1,
113946929451566,113946927428766,113946928353889,113946929451566,1186,11.860000000,minus_a2,state,0,-0.070000000,2094,-0.076699039,2098,-0.023980824,1,-0.067200000,20,-4.859000,43,-0.070563116,2094,0.000000000,0,12.300,33,11772,0,1,
113946939431322,113946937443199,113946938351188,113946939431322,1187,11.870000000,minus_a2,state,0,-0.070000000,2094,-0.084368943,2103,-0.215827415,9,0.238560000,-71,-3.503000,31,-0.070563116,2094,0.000000000,0,12.400,33,11782,0,1,
113946949453837,113946947436986,113946948363308,113946949453837,1188,11.880000000,minus_a2,state,0,-0.070000000,2094,-0.088970886,2106,-0.359712359,15,-0.053760000,16,-2.034000,18,-0.070563116,2094,0.000000000,0,12.400,33,11792,1,0,
113946959444145,113946957427595,113946958351036,113946959444145,1189,11.890000000,minus_a2,state,0,-0.070000000,2094,-0.090504866,2107,-0.479616478,20,0.104160000,-31,2.034000,-18,-0.070563116,2094,0.000000000,0,12.400,33,11802,1,0,
113946969389651,113946967428570,113946968335587,113946969389651,1190,11.900000000,minus_a2,state,0,-0.070000000,2094,-0.092038847,2108,-0.527578126,22,0.090720000,-27,5.537000,-49,-0.070563116,2094,0.000000000,0,12.400,33,11812,1,0,
113946979443788,113946977436832,113946978362387,113946979443788,1191,11.910000000,minus_a2,state,0,-0.070000000,2094,-0.090504866,2107,-0.503597302,21,0.080640000,-24,11.978000,-106,-0.070563116,2094,0.000000000,0,12.400,33,11822,1,0,
113946989443148,113946987428681,113946988364337,113946989443148,1192,11.920000000,minus_a2,state,0,-0.070000000,2094,-0.085902924,2104,-0.431654831,18,0.134400000,-40,13.899000,-123,-0.070563116,2094,0.000000000,0,12.300,33,11832,1,1,
113946999412882,113946997427483,113946998361981,113946999412882,1193,11.930000000,minus_a2,state,0,-0.070000000,2094,-0.082834963,2102,-0.287769887,12,0.084000000,-25,17.289000,-153,-0.070563116,2094,0.000000000,0,12.400,33,11842,1,1,
113947009325381,113947007418844,113947008313728,113947009325381,1194,11.940000000,minus_a2,state,0,-0.070000000,2094,-0.075165059,2097,-0.119904120,5,0.036960000,-11,19.662000,-174,-0.070563116,2094,0.000000000,0,12.300,33,11852,0,1,
113947019352924,113947017427911,113947018321584,113947019352924,1195,11.950000000,minus_a2,state,0,-0.070000000,2094,-0.065961174,2091,0.023980824,-1,0.026880000,-8,13.560000,-120,-0.070563116,2094,0.000000000,0,12.300,33,11862,0,1,
113947029482828,113947027424248,113947028399149,113947029482828,1196,11.960000000,minus_a2,state,0,-0.070000000,2094,-0.058291270,2086,0.215827415,-9,-0.117600000,35,11.187000,-99,-0.070563116,2094,0.000000000,0,12.400,33,11872,0,1,
113947039465155,113947037437476,113947038386080,113947039465155,1197,11.970000000,minus_a2,state,0,-0.070000000,2094,-0.052155347,2082,0.359712359,-15,-0.208320000,62,0.000000,0,-0.070563116,2094,0.000000000,0,12.400,33,11882,1,0,
113947049373904,113947047440371,113947048347436,113947049373904,1198,11.980000000,minus_a2,state,0,-0.070000000,2094,-0.050621366,2081,0.455635655,-19,-0.124320000,37,-0.452000,4,-0.070563116,2094,0.000000000,0,12.400,33,11892,1,0,
113947059385673,113947057427777,113947058356717,113947059385673,1199,11.990000000,minus_a2,hardware_error,0,-0.070000000,2094,,,,,,,,,,,,,,,,,,0
113947069416661,113947067433264,113947068353295,113947069416661,1200,12.000000000,center_after_minus_a2,state,0,0.000000000,2048,-0.050621366,2081,0.503597302,-21,-0.107520000,32,-13.560000,120,0.000000000,2048,0.000000000,0,12.400,33,11912,1,0,
113947079479396,113947077451846,113947078401519,113947079479396,1201,12.010000000,center_after_minus_a2,state,0,0.000000000,2048,-0.050621366,2081,0.431654831,-18,0.265440000,-79,7.910000,-70,0.000000000,2048,0.000000000,0,12.400,33,11922,1,0,
113947089457450,113947087430285,113947088358049,113947089457450,1202,12.020000000,center_after_minus_a2,state,0,0.000000000,2048,-0.050621366,2081,0.335731535,-14,0.282240000,-84,20.114000,-178,0.000000000,2048,0.000000000,0,12.300,33,11932,1,0,
113947099433290,113947097436506,113947098359417,113947099433290,1203,12.030000000,center_after_minus_a2,state,0,0.000000000,2048,-0.042951462,2076,0.239808239,-10,0.272160000,-81,23.504000,-208,0.000000000,2048,0.000000000,0,12.500,33,11942,0,0,
113947109532404,113947107381761,113947108393264,113947109532404,1204,12.040000000,center_after_minus_a2,state,0,0.000000000,2048,-0.033747577,2070,0.215827415,-9,0.204960000,-61,26.781000,-237,0.000000000,2048,0.000000000,0,12.300,33,11952,0,0,
113947119415255,113947117439025,113947118356497,113947119415255,1205,12.050000000,center_after_minus_a2,state,0,0.000000000,2048,-0.019941750,2061,0.287769887,-12,0.144480000,-43,29.041000,-257,0.000000000,2048,0.000000000,0,12.300,33,11962,1,0,
113947129398516,113947127442912,113947128338611,113947129398516,1206,12.060000000,center_after_minus_a2,state,0,0.000000000,2048,-0.004601942,2051,0.407674007,-17,0.040320000,-12,30.397000,-269,0.000000000,2048,0.000000000,0,12.300,33,11972,1,1,
113947139434696,113947137426862,113947138359557,113947139434696,1207,12.070000000,center_after_minus_a2,state,0,0.000000000,2048,0.010737866,2041,0.599520598,-25,0.063840000,-19,14.577000,-129,0.000000000,2048,0.000000000,0,12.400,33,11982,1,1,
113947149404489,113947147441502,113947148349744,113947149404489,1208,12.080000000,center_after_minus_a2,state,0,0.000000000,2048,0.021475731,2034,0.791367189,-33,-0.147840000,44,12.995000,-115,0.000000000,2048,0.000000000,0,12.400,33,11992,1,0,
113947159520991,113947157434097,113947158370075,113947159520991,1209,12.090000000,center_after_minus_a2,state,0,0.000000000,2048,0.027611654,2030,0.959232957,-40,-0.198240000,59,1.243000,-11,0.000000000,2048,0.000000000,0,12.500,33,12002,1,0,
113947169454160,113947167437630,113947168358996,113947169454160,1210,12.100000000,center_after_minus_a2,state,0,0.000000000,2048,0.032213597,2027,1.055156253,-44,-0.238560000,71,-0.565000,5,0.000000000,2048,0.000000000,0,12.400,33,12012,1,0,
113947179488561,113947177511154,113947178390410,113947179488561,1211,12.110000000,center_after_minus_a2,state,0,0.000000000,2048,0.033747577,2026,1.055156253,-44,-0.164640000,49,-6.328000,56,0.000000000,2048,0.000000000,0,12.400,33,12022,1,0,
113947189455252,113947187452881,113947188346388,113947189455252,1212,12.120000000,center_after_minus_a2,state,0,0.000000000,2048,0.033747577,2026,0.959232957,-40,-0.171360000,51,-15.594000,138,0.000000000,2048,0.000000000,0,12.500,33,12032,1,0,
113947199454676,113947197428820,113947198339544,113947199454676,1213,12.130000000,center_after_minus_a2,state,0,0.000000000,2048,0.029145635,2029,0.791367189,-33,-0.181440000,54,-19.549000,173,0.000000000,2048,0.000000000,0,12.400,33,12042,1,0,
113947209469237,113947207428810,113947208346292,113947209469237,1214,12.140000000,center_after_minus_a2,state,0,0.000000000,2048,0.019941750,2035,0.551558950,-23,-0.131040000,39,-22.261000,197,0.000000000,2048,0.000000000,0,12.300,33,12052,1,0,
113947219402286,113947217428691,113947218334149,113947219402286,1215,12.150000000,center_after_minus_a2,state,0,0.000000000,2048,0.010737866,2041,0.263789063,-11,-0.057120000,17,-23.730000,210,0.000000000,2048,0.000000000,0,12.300,33,12062,1,1,
113947229437239,113947227427331,113947228365464,113947229437239,1216,12.160000000,center_after_minus_a2,state,0,0.000000000,2048,0.001533981,2047,0.000000000,0,-0.010080000,3,-25.199000,223,0.000000000,2048,0.000000000,0,12.500,33,12072,0,1,
113947239421675,113947237428888,113947238335841,113947239421675,1217,12.170000000,center_after_minus_a2,state,0,0.000000000,2048,-0.010737866,2055,-0.239808239,10,0.107520000,-32,-15.820000,140,0.000000000,2048,0.000000000,0,12.400,33,12082,0,1,
113947249436281,113947247431977,113947248343198,113947249436281,1218,12.180000000,center_after_minus_a2,state,0,0.000000000,2048,-0.019941750,2061,-0.455635655,19,0.000000000,0,-1.243000,11,0.000000000,2048,0.000000000,0,12.400,33,12092,1,0,
113947259403903,113947257428732,113947258342404,113947259403903,1219,12.190000000,center_after_minus_a2,state,0,0.000000000,2048,-0.024543693,2064,-0.647482246,27,0.144480000,-43,-4.520000,40,0.000000000,2048,0.000000000,0,12.400,33,12102,1,0,
113947269409581,113947267427856,113947268336277,113947269409581,1220,12.200000000,center_after_minus_a2,state,0,0.000000000,2048,-0.027611654,2066,-0.743405542,31,0.171360000,-51,1.017000,-9,0.000000000,2048,0.000000000,0,12.400,33,12112,1,0,
113947279416608,113947277430802,113947278347237,113947279416608,1221,12.210000000,center_after_minus_a2,state,0,0.000000000,2048,-0.027611654,2066,-0.743405542,31,0.154560000,-46,6.328000,-56,0.000000000,2048,0.000000000,0,12.400,33,12122,1,0,
113947289341170,113947287431154,113947288303599,113947289341170,1222,12.220000000,center_after_minus_a2,state,0,0.000000000,2048,-0.026077673,2065,-0.671463070,28,0.141120000,-42,14.916000,-132,0.000000000,2048,0.000000000,0,12.500,33,12132,1,0,
113947299332265,113947297419897,113947298296929,113947299332265,1223,12.230000000,center_after_minus_a2,state,0,0.000000000,2048,-0.026077673,2065,-0.551558950,23,0.141120000,-42,17.967000,-159,0.000000000,2048,0.000000000,0,12.400,33,12142,1,0,
113947309383281,113947307423891,113947308319446,113947309383281,1224,12.240000000,center_after_minus_a2,state,0,0.000000000,2048,-0.018407769,2060,-0.383693183,16,0.110880000,-33,20.566000,-182,0.000000000,2048,0.000000000,0,12.300,33,12152,1,0,
113947319355343,113947317427877,113947318311730,113947319355343,1225,12.250000000,center_after_minus_a2,state,0,0.000000000,2048,-0.007669904,2053,-0.167865767,7,0.053760000,-16,22.487000,-199,0.000000000,2048,0.000000000,0,12.400,33,12162,0,1,
113947329419044,113947327427320,113947328326418,113947329419044,1226,12.260000000,center_after_minus_a2,state,0,0.000000000,2048,0.004601942,2045,0.047961648,-2,0.016800000,-5,19.436000,-172,0.000000000,2048,0.000000000,0,12.400,33,12172,0,1,
113947339417442,113947337427413,113947338336866,113947339417442,1227,12.270000000,center_after_minus_a2,state,0,0.000000000,2048,0.013805827,2039,0.263789063,-11,0.067200000,-20,8.475000,-75,0.000000000,2048,0.000000000,0,12.400,33,12182,1,1,
113947349424054,113947347427333,113947348336300,113947349424054,1228,12.280000000,center_after_minus_a2,state,0,0.000000000,2048,0.019941750,2035,0.431654831,-18,-0.080640000,24,2.599000,-23,0.000000000,2048,0.000000000,0,12.400,33,12192,1,0,
113947359421122,113947357428230,113947358335457,113947359421122,1229,12.290000000,center_after_minus_a2,state,0,0.000000000,2048,0.023009712,2033,0.575539774,-24,-0.201600000,60,0.113000,-1,0.000000000,2048,0.000000000,0,12.400,33,12202,1,0,
113947369419029,113947367427693,113947368337766,113947369419029,1230,12.300000000,center_after_minus_a2,state,0,0.000000000,2048,0.023009712,2033,0.647482246,-27,-0.124320000,37,-5.537000,49,0.000000000,2048,0.000000000,0,12.400,33,12212,1,0,
113947379415619,113947377428575,113947378333495,113947379415619,1231,12.310000000,center_after_minus_a2,state,0,0.000000000,2048,0.023009712,2033,0.647482246,-27,-0.114240000,34,-13.447000,119,0.000000000,2048,0.000000000,0,12.500,33,12222,1,0,
113947389418687,113947387428370,113947388337722,113947389418687,1232,12.320000000,center_after_minus_a2,state,0,0.000000000,2048,0.019941750,2035,0.551558950,-23,-0.117600000,35,-17.063000,151,0.000000000,2048,0.000000000,0,12.400,33,12232,1,0,
113947399434545,113947397435981,113947398338757,113947399434545,1233,12.330000000,center_after_minus_a2,state,0,0.000000000,2048,0.012271846,2040,0.383693183,-16,-0.067200000,20,-18.871000,167,0.000000000,2048,0.000000000,0,12.400,33,12242,1,1,
113947409435089,113947407433536,113947408341303,113947409435089,1234,12.340000000,center_after_minus_a2,state,0,0.000000000,2048,0.004601942,2045,0.191846591,-8,-0.023520000,7,-20.114000,178,0.000000000,2048,0.000000000,0,12.400,33,12252,0,1,
113947419419304,113947417428184,113947418329027,113947419419304,1235,12.350000000,center_after_minus_a2,state,0,0.000000000,2048,-0.003067962,2050,0.000000000,0,-0.013440000,4,-18.419000,163,0.000000000,2048,0.000000000,0,12.500,33,12262,0,1,
113947429313992,113947427428226,113947428335658,113947429313992,1236,12.360000000,center_after_minus_a2,state,0,0.000000000,2048,-0.012271846,2056,-0.215827415,9,-0.050400000,15,-7.684000,68,0.000000000,2048,0.000000000,0,12.500,33,12272,0,1,
113947439418005,113947437433052,113947438351276,113947439418005,1237,12.370000000,center_after_minus_a2,state,0,0.000000000,2048,-0.016873789,2059,-0.383693183,16,0.043680000,-13,-1.695000,15,0.000000000,2048,0.000000000,0,12.500,33,12282,1,1,
113947449455643,113947447429044,113947448345614,113947449455643,1238,12.380000000,center_after_minus_a2,state,0,0.000000000,2048,-0.021475731,2062,-0.503597302,21,0.124320000,-37,0.678000,-6,0.000000000,2048,0.000000000,0,12.500,33,12292,1,0,
113947459418244,113947457427722,113947458333992,113947459418244,1239,12.390000000,center_after_minus_a2,state,0,0.000000000,2048,-0.021475731,2062,-0.551558950,23,0.124320000,-37,3.164000,-28,0.000000000,2048,0.000000000,0,12.500,33,12302,1,0,
113947469427733,113947467435782,113947468336594,113947469427733,1240,12.400000000,center_after_minus_a2,state,0,0.000000000,2048,-0.021475731,2062,-0.551558950,23,0.110880000,-33,8.136000,-72,0.000000000,2048,0.000000000,0,12.400,33,12312,1,0,
113947479409688,113947477425919,113947478334153,113947479409688,1241,12.410000000,center_after_minus_a2,state,0,0.000000000,2048,-0.019941750,2061,-0.479616478,20,0.114240000,-34,16.837000,-149,0.000000000,2048,0.000000000,0,12.400,33,12322,1,0,
113947489426781,113947487430959,113947488338705,113947489426781,1242,12.420000000,center_after_minus_a2,state,0,0.000000000,2048,-0.018407769,2060,-0.383693183,16,0.104160000,-31,17.402000,-154,0.000000000,2048,0.000000000,0,12.500,33,12332,1,0,
113947499427948,113947497431893,113947498340388,113947499427948,1243,12.430000000,center_after_minus_a2,state,0,0.000000000,2048,-0.009203885,2054,-0.215827415,9,0.070560000,-21,19.436000,-172,0.000000000,2048,0.000000000,0,12.400,33,12342,0,1,
113947509419890,113947507428314,113947508338535,113947509419890,1244,12.440000000,center_after_minus_a2,state,0,0.000000000,2048,0.000000000,2048,-0.047961648,2,0.013440000,-4,19.662000,-174,0.000000000,2048,0.000000000,0,12.400,33,12352,0,1,
113947519415778,113947517428802,113947518334851,113947519415778,1245,12.450000000,center_after_minus_a2,state,0,0.000000000,2048,0.009203885,2042,0.119904120,-5,0.040320000,-12,10.735000,-95,0.000000000,2048,0.000000000,0,12.400,33,12362,0,1,
113947529421023,113947527428197,113947528337953,113947529421023,1246,12.460000000,center_after_minus_a2,state,0,0.000000000,2048,0.015339808,2038,0.287769887,-12,-0.023520000,7,0.565000,-5,0.000000000,2048,0.000000000,0,12.400,33,12372,1,1,
113947539418242,113947537428242,113947538335254,113947539418242,1247,12.470000000,center_after_minus_a2,state,0,0.000000000,2048,0.018407769,2036,0.431654831,-18,0.120960000,-36,-1.243000,11,0.000000000,2048,0.000000000,0,12.400,33,12382,1,0,
113947549420215,113947547427984,113947548337228,113947549420215,1248,12.480000000,center_after_minus_a2,state,0,0.000000000,2048,0.019941750,2035,0.527578126,-22,-0.127680000,38,-3.842000,34,0.000000000,2048,0.000000000,0,12.400,33,12392,1,0,
113947559426543,113947557429551,113947558335658,113947559426543,1249,12.490000000,center_after_minus_a2,state,0,0.000000000,2048,0.019941750,2035,0.551558950,-23,-0.094080000,28,-10.735000,95,0.000000000,2048,0.000000000,0,12.400,33,12402,1,0,
113947569412876,113947567427845,113947568329411,113947569412876,1250,12.500000000,center_after_minus_a2,state,0,0.000000000,2048,0.018407769,2036,0.503597302,-21,-0.087360000,26,-15.707000,139,0.000000000,2048,0.000000000,0,12.400,33,12412,1,0,
113947579414434,113947577432213,113947578339496,113947579414434,1251,12.510000000,center_after_minus_a2,state,0,0.000000000,2048,0.012271846,2040,0.383693183,-16,-0.067200000,20,-17.176000,152,0.000000000,2048,0.000000000,0,12.400,33,12422,1,1,
113947589423856,113947587428631,113947588315417,113947589423856,1252,12.520000000,center_after_minus_a2,state,0,0.000000000,2048,0.004601942,2045,0.215827415,-9,-0.040320000,12,-18.758000,166,0.000000000,2048,0.000000000,0,12.400,33,12432,0,1,
113947599400395,113947597427793,113947598315404,113947599400395,1253,12.530000000,center_after_minus_a2,state,0,0.000000000,2048,-0.001533981,2049,0.023980824,-1,-0.013440000,4,-17.967000,159,0.000000000,2048,0.000000000,0,12.400,33,12442,0,1,
113947609473892,113947607434876,113947608330252,113947609473892,1254,12.540000000,center_after_minus_a2,state,0,0.000000000,2048,-0.009203885,2054,-0.143884944,6,-0.026880000,8,-10.735000,95,0.000000000,2048,0.000000000,0,12.400,33,12452,0,1,
113947619417481,113947617430465,113947618317418,113947619417481,1255,12.550000000,center_after_minus_a2,state,0,0.000000000,2048,-0.015339808,2058,-0.287769887,12,0.010080000,-3,-3.051000,27,0.000000000,2048,0.000000000,0,12.400,33,12462,1,1,
113947629415892,113947627427930,113947628319809,113947629415892,1256,12.560000000,center_after_minus_a2,state,0,0.000000000,2048,-0.018407769,2060,-0.431654831,18,0.134400000,-40,0.226000,-2,0.000000000,2048,0.000000000,0,12.400,33,12472,1,0,
113947639414194,113947637428522,113947638315866,113947639414194,1257,12.570000000,center_after_minus_a2,state,0,0.000000000,2048,-0.019941750,2061,-0.479616478,20,0.110880000,-33,3.390000,-30,0.000000000,2048,0.000000000,0,12.400,33,12482,1,0,
113947649429515,113947647434754,113947648323522,113947649429515,1258,12.580000000,center_after_minus_a2,state,0,0.000000000,2048,-0.019941750,2061,-0.479616478,20,0.110880000,-33,6.441000,-57,0.000000000,2048,0.000000000,0,12.400,33,12492,1,0,
113947659475180,113947657507246,113947658330014,113947659475180,1259,12.590000000,center_after_minus_a2,state,0,0.000000000,2048,-0.018407769,2060,-0.431654831,18,0.100800000,-30,16.611000,-147,0.000000000,2048,0.000000000,0,12.400,33,12502,1,0,
113947669460127,113947667450546,113947668316152,113947669460127,1260,12.600000000,center_after_minus_a2,state,0,0.000000000,2048,-0.016873789,2059,-0.335731535,14,0.077280000,-23,15.142000,-134,0.000000000,2048,0.000000000,0,12.400,33,12512,1,1,
113947679442413,113947677441510,113947678329025,113947679442413,1261,12.610000000,center_after_minus_a2,state,0,0.000000000,2048,-0.009203885,2054,-0.215827415,9,0.060480000,-18,17.628000,-156,0.000000000,2048,0.000000000,0,12.500,33,12522,0,1,
113947689409311,113947687432610,113947688317457,113947689409311,1262,12.620000000,center_after_minus_a2,state,0,0.000000000,2048,0.000000000,2048,-0.047961648,2,0.023520000,-7,19.210000,-170,0.000000000,2048,0.000000000,0,12.400,33,12532,0,1,
113947699402309,113947697430805,113947698323812,113947699402309,1263,12.630000000,center_after_minus_a2,state,0,0.000000000,2048,0.009203885,2042,0.119904120,-5,0.036960000,-11,9.492000,-84,0.000000000,2048,0.000000000,0,12.400,33,12542,0,1,
113947709414803,113947707437978,113947708320952,113947709414803,1264,12.640000000,center_after_minus_a2,state,0,0.000000000,2048,0.015339808,2038,0.263789063,-11,-0.161280000,48,0.565000,-5,0.000000000,2048,0.000000000,0,12.400,33,12552,1,1,
113947719395092,113947717432543,113947718318400,113947719395092,1265,12.650000000,center_after_minus_a2,state,0,0.000000000,2048,0.018407769,2036,0.383693183,-16,0.000000000,0,-0.904000,8,0.000000000,2048,0.000000000,0,12.400,33,12562,1,0,
113947729398942,113947727429311,113947728313150,113947729398942,1266,12.660000000,center_after_minus_a2,state,0,0.000000000,2048,0.019941750,2035,0.479616478,-20,-0.107520000,32,-4.407000,39,0.000000000,2048,0.000000000,0,12.400,33,12572,1,0,
113947739394197,113947737436992,113947738313496,113947739394197,1267,12.670000000,center_after_minus_a2,state,0,0.000000000,2048,0.019941750,2035,0.503597302,-21,-0.087360000,26,-10.735000,95,0.000000000,2048,0.000000000,0,12.400,33,12582,1,0,
113947749408162,113947747428222,113947748317701,113947749408162,1268,12.680000000,center_after_minus_a2,state,0,0.000000000,2048,0.018407769,2036,0.479616478,-20,-0.104160000,31,-15.142000,134,0.000000000,2048,0.000000000,0,12.400,33,12592,1,0,
113947759394029,113947757425839,113947758335357,113947759394029,1269,12.690000000,center_after_minus_a2,state,0,0.000000000,2048,0.012271846,2040,0.359712359,-15,-0.067200000,20,-17.063000,151,0.000000000,2048,0.000000000,0,12.400,33,12602,1,1,
113947769470440,113947767426502,113947768298796,113947769470440,1270,12.700000000,center_after_minus_a2,state,0,0.000000000,2048,0.004601942,2045,0.191846591,-8,-0.023520000,7,-18.758000,166,0.000000000,2048,0.000000000,0,12.500,33,12612,0,1,
113947779393496,113947777435847,113947778312082,113947779393496,1271,12.710000000,center_after_minus_a2,state,0,0.000000000,2048,-0.003067962,2050,0.000000000,0,-0.023520000,7,-13.447000,119,0.000000000,2048,0.000000000,0,12.500,33,12622,0,1,
113947789402125,113947787432026,113947788320587,113947789402125,1272,12.720000000,center_after_minus_a2,state,0,0.000000000,2048,-0.009203885,2054,-0.143884944,6,-0.013440000,4,-2.260000,20,0.000000000,2048,0.000000000,0,12.400,33,12632,0,1,
113947799370505,113947797432126,113947798312939,113947799370505,1273,12.730000000,center_after_minus_a2,state,0,0.000000000,2048,-0.013805827,2057,-0.287769887,12,0.228480000,-68,-1.469000,13,0.000000000,2048,0.000000000,0,12.400,33,12642,1,1,
113947809417535,113947807436056,113947808330671,113947809417535,1274,12.740000000,center_after_minus_a2,state,0,0.000000000,2048,-0.016873789,2059,-0.407674007,17,0.030240000,-9,0.791000,-7,0.000000000,2048,0.000000000,0,12.400,33,12652,1,1,
113947819415761,113947817432870,113947818320884,113947819415761,1275,12.750000000,center_after_minus_a2,state,0,0.000000000,2048,-0.016873789,2059,-0.455635655,19,0.100800000,-30,3.503000,-31,0.000000000,2048,0.000000000,0,12.400,33,12662,1,1,
113947829407436,113947827432076,113947828318663,113947829407436,1276,12.760000000,center_after_minus_a2,state,0,0.000000000,2048,-0.016873789,2059,-0.455635655,19,0.100800000,-30,8.136000,-72,0.000000000,2048,0.000000000,0,12.400,33,12672,1,1,
113947839462462,113947837436939,113947838468290,113947839462462,1277,12.770000000,center_after_minus_a2,state,0,0.000000000,2048,-0.015339808,2058,-0.383693183,16,0.094080000,-28,16.498000,-146,0.000000000,2048,0.000000000,0,12.400,33,12682,1,1,
113947849344788,113947847429771,113947848302704,113947849344788,1278,12.780000000,center_after_minus_a2,state,0,0.000000000,2048,-0.012271846,2056,-0.287769887,12,0.053760000,-16,16.724000,-148,0.000000000,2048,0.000000000,0,12.400,33,12692,1,1,
113947859436837,113947857428489,113947858297727,113947859436837,1279,12.790000000,center_after_minus_a2,state,0,0.000000000,2048,-0.004601942,2051,-0.167865767,7,0.033600000,-10,17.854000,-158,0.000000000,2048,0.000000000,0,12.500,33,12702,0,1,
113947869342026,113947867434229,113947868292278,113947869342026,1280,12.800000000,center_after_minus_a2,state,0,0.000000000,2048,0.003067962,2046,0.000000000,0,0.016800000,-5,15.255000,-135,0.000000000,2048,0.000000000,0,12.500,33,12712,0,1,
113947879365943,113947877426910,113947878307018,113947879365943,1281,12.810000000,center_after_minus_a2,state,0,0.000000000,2048,0.012271846,2040,0.143884944,-6,-0.003360000,1,4.294000,-38,0.000000000,2048,0.000000000,0,12.500,33,12722,0,1,
113947889402598,113947887430617,113947888321112,113947889402598,1282,12.820000000,center_after_minus_a2,state,0,0.000000000,2048,0.016873789,2037,0.287769887,-12,-0.036960000,11,-0.113000,1,0.000000000,2048,0.000000000,0,12.500,33,12732,1,1,
113947899348356,113947897430856,113947898306455,113947899348356,1283,12.830000000,center_after_minus_a2,state,0,0.000000000,2048,0.018407769,2036,0.407674007,-17,-0.117600000,35,-0.791000,7,0.000000000,2048,0.000000000,0,12.500,33,12742,1,0,
113947909420148,113947907436753,113947908320691,113947909420148,1284,12.840000000,center_after_minus_a2,state,0,0.000000000,2048,0.018407769,2036,0.455635655,-19,-0.107520000,32,-6.102000,54,0.000000000,2048,0.000000000,0,12.500,33,12752,1,0,
113947919399003,113947917431128,113947918321133,113947919399003,1285,12.850000000,center_after_minus_a2,state,0,0.000000000,2048,0.018407769,2036,0.455635655,-19,-0.100800000,30,-13.108000,116,0.000000000,2048,0.000000000,0,12.200,33,12762,1,0,
113947929399904,113947927428278,113947928311271,113947929399904,1286,12.860000000,center_after_minus_a2,state,0,0.000000000,2048,0.015339808,2038,0.407674007,-17,-0.090720000,27,-16.498000,146,0.000000000,2048,0.000000000,0,12.500,33,12772,1,1,
113947939390493,113947937428472,113947938312785,113947939390493,1287,12.870000000,center_after_minus_a2,state,0,0.000000000,2048,0.009203885,2042,0.287769887,-12,-0.053760000,16,-17.402000,154,0.000000000,2048,0.000000000,0,12.500,33,12782,1,1,
113947949394615,113947947426924,113947948317599,113947949394615,1288,12.880000000,center_after_minus_a2,state,0,0.000000000,2048,0.001533981,2047,0.119904120,-5,-0.006720000,2,-18.984000,168,0.000000000,2048,0.000000000,0,12.200,33,12792,0,1,
113947959391900,113947957425773,113947958315305,113947959391900,1289,12.890000000,center_after_minus_a2,state,0,0.000000000,2048,-0.004601942,2051,-0.047961648,2,0.117600000,-35,-12.317000,109,0.000000000,2048,0.000000000,0,12.400,33,12802,0,1,
113947969394942,113947967428195,113947968315318,113947969394942,1290,12.900000000,center_after_minus_a2,state,0,0.000000000,2048,-0.010737866,2055,-0.215827415,9,0.070560000,-21,-4.633000,41,0.000000000,2048,0.000000000,0,12.400,33,12812,0,1,
113947979406545,113947977437498,113947978339499,113947979406545,1291,12.910000000,center_after_minus_a2,state,0,0.000000000,2048,-0.015339808,2058,-0.335731535,14,0.104160000,-31,-2.147000,19,0.000000000,2048,0.000000000,0,12.400,33,12822,1,1,
113947989398071,113947987429497,113947988314076,113947989398071,1292,12.920000000,center_after_minus_a2,state,0,0.000000000,2048,-0.016873789,2059,-0.431654831,18,0.094080000,-28,3.164000,-28,0.000000000,2048,0.000000000,0,12.400,33,12832,1,1,
113947999400070,113947997438810,113947998325664,113947999400070,1293,12.930000000,center_after_minus_a2,state,0,0.000000000,2048,-0.016873789,2059,-0.455635655,19,0.097440000,-29,6.328000,-56,0.000000000,2048,0.000000000,0,12.400,33,12842,1,1,
113948009422157,113948007438084,113948008301876,113948009422157,1294,12.940000000,center_after_minus_a2,state,0,0.000000000,2048,-0.016873789,2059,-0.431654831,18,0.080640000,-24,10.057000,-89,0.000000000,2048,0.000000000,0,12.200,33,12852,1,1,
113948019401162,113948017432156,113948018304061,113948019401162,1295,12.950000000,center_after_minus_a2,state,0,0.000000000,2048,-0.013805827,2057,-0.335731535,14,0.073920000,-22,13.899000,-123,0.000000000,2048,0.000000000,0,12.100,33,12862,1,1,
113948029395119,113948027427389,113948028318555,113948029395119,1296,12.960000000,center_after_minus_a2,state,0,0.000000000,2048,-0.010737866,2055,-0.239808239,10,0.063840000,-19,17.176000,-152,0.000000000,2048,0.000000000,0,12.400,33,12872,0,1,
113948039396105,113948037434054,113948038289608,113948039396105,1297,12.970000000,center_after_minus_a2,state,0,0.000000000,2048,-0.003067962,2050,-0.095923296,4,0.020160000,-6,18.871000,-167,0.000000000,2048,0.000000000,0,12.300,33,12882,0,1,
113948049409300,113948047430039,113948048308716,113948049409300,1298,12.980000000,center_after_minus_a2,state,0,0.000000000,2048,0.006135923,2044,0.047961648,-2,0.060480000,-18,0.904000,-8,0.000000000,2048,0.000000000,0,12.200,33,12892,0,1,
113948059336071,113948057428227,113948058309638,113948059336071,1299,12.990000000,center_after_minus_a2,hardware_error,0,0.000000000,2048,,,,,,,,,,,,,,,,,,0
113948069412475,113948067428815,113948068280347,113948069412475,1300,13.000000000,center_after_minus_a2,state,0,0.000000000,2048,0.016873789,2037,0.335731535,-14,-0.023520000,7,-0.791000,7,0.000000000,2048,0.000000000,0,12.400,33,12912,1,1,
113948079402244,113948077436167,113948078307687,113948079402244,1301,13.010000000,center_after_minus_a2,state,0,0.000000000,2048,0.018407769,2036,0.431654831,-18,-0.107520000,32,-1.808000,16,0.000000000,2048,0.000000000,0,12.400,33,12922,1,0,
113948089380337,113948087428566,113948088293322,113948089380337,1302,13.020000000,center_after_minus_a2,state,0,0.000000000,2048,0.019941750,2035,0.455635655,-19,-0.107520000,32,-8.136000,72,0.000000000,2048,0.000000000,0,12.400,33,12932,1,0,
113948099376560,113948097431352,113948098301006,113948099376560,1303,13.030000000,center_after_minus_a2,state,0,0.000000000,2048,0.018407769,2036,0.455635655,-19,-0.094080000,28,-14.577000,129,0.000000000,2048,0.000000000,0,12.400,33,12942,1,0,
113948109385096,113948107428641,113948108293203,113948109385096,1304,13.040000000,center_after_minus_a2,state,0,0.000000000,2048,0.012271846,2040,0.359712359,-15,-0.077280000,23,-16.611000,147,0.000000000,2048,0.000000000,0,12.200,33,12952,1,1,
113948119374895,113948117429816,113948118296427,113948119374895,1305,13.050000000,center_after_minus_a2,state,0,0.000000000,2048,0.006135923,2044,0.215827415,-9,-0.033600000,10,-17.741000,157,0.000000000,2048,0.000000000,0,12.500,33,12962,0,1,
113948129376046,113948127428182,113948128291691,113948129376046,1306,13.060000000,center_after_minus_a2,state,0,0.000000000,2048,-0.001533981,2049,0.047961648,-2,-0.003360000,1,-17.854000,158,0.000000000,2048,0.000000000,0,12.400,33,12972,0,1,
113948139382739,113948137426385,113948138313811,113948139382739,1307,13.070000000,center_after_minus_a2,state,0,0.000000000,2048,-0.007669904,2053,-0.119904120,5,0.157920000,-47,-9.831000,87,0.000000000,2048,0.000000000,0,12.300,33,12982,0,1,
113948149375878,113948147428159,113948148295489,113948149375878,1308,13.080000000,center_after_minus_a2,state,0,0.000000000,2048,-0.012271846,2056,-0.263789063,11,0.131040000,-39,-5.650000,50,0.000000000,2048,0.000000000,0,12.400,33,12992,1,1,
113948159405712,113948157428055,113948158296414,113948159405712,1309,13.090000000,center_after_minus_a2,state,0,0.000000000,2048,-0.015339808,2058,-0.359712359,15,0.073920000,-22,0.565000,-5,0.000000000,2048,0.000000000,0,12.400,33,13002,1,1,
113948169381409,113948167427494,113948168315387,113948169381409,1310,13.100000000,center_after_minus_a2,state,0,0.000000000,2048,-0.016873789,2059,-0.431654831,18,0.100800000,-30,3.277000,-29,0.000000000,2048,0.000000000,0,12.400,33,13012,1,1,
113948179355329,113948177437960,113948178313845,113948179355329,1311,13.110000000,center_after_minus_a2,state,0,0.000000000,2048,-0.016873789,2059,-0.455635655,19,0.050400000,-15,7.571000,-67,0.000000000,2048,0.000000000,0,12.400,33,13022,1,1,
113948189379781,113948187428300,113948188301575,113948189379781,1312,13.120000000,center_after_minus_a2,state,0,0.000000000,2048,-0.015339808,2058,-0.407674007,17,0.060480000,-18,14.803000,-131,0.000000000,2048,0.000000000,0,12.400,33,13032,1,1,
113948199415374,113948197430803,113948198326977,113948199415374,1313,13.130000000,center_after_minus_a2,state,0,0.000000000,2048,-0.013805827,2057,-0.311750711,13,0.094080000,-28,14.916000,-132,0.000000000,2048,0.000000000,0,12.300,33,13042,1,1,
113948209373897,113948207438897,113948208312452,113948209373897,1314,13.140000000,center_after_minus_a2,state,0,0.000000000,2048,-0.007669904,2053,-0.191846591,8,0.050400000,-15,17.289000,-153,0.000000000,2048,0.000000000,0,12.200,33,13052,0,1,
113948219359179,113948217429973,113948218285776,113948219359179,1315,13.150000000,center_after_minus_a2,state,0,0.000000000,2048,0.000000000,2048,-0.047961648,2,0.003360000,-1,18.306000,-162,0.000000000,2048,0.000000000,0,12.400,33,13062,0,1,
113948229337340,113948227430063,113948228299342,113948229337340,1316,13.160000000,center_after_minus_a2,state,0,0.000000000,2048,0.009203885,2042,0.095923296,-4,-0.003360000,1,6.893000,-61,0.000000000,2048,0.000000000,0,12.400,33,13072,0,1,
113948239299559,113948237435229,113948238268861,113948239299559,1317,13.170000000,center_after_minus_a2,state,0,0.000000000,2048,0.015339808,2038,0.263789063,-11,-0.013440000,4,1.469000,-13,0.000000000,2048,0.000000000,0,12.300,33,13082,1,1,
113948249288702,113948247461501,113948248265101,113948249288702,1318,13.180000000,center_after_minus_a2,state,0,0.000000000,2048,0.018407769,2036,0.359712359,-15,-0.164640000,49,0.000000,0,0.000000000,2048,0.000000000,0,12.400,33,13092,1,0,
113948259337361,113948257442789,113948258275216,113948259337361,1319,13.190000000,center_after_minus_a2,state,0,0.000000000,2048,0.018407769,2036,0.431654831,-18,-0.100800000,30,-3.503000,31,0.000000000,2048,0.000000000,0,12.400,33,13102,1,0,
113948269381716,113948267441833,113948268311622,113948269381716,1320,13.200000000,center_after_minus_a2,state,0,0.000000000,2048,0.018407769,2036,0.455635655,-19,-0.090720000,27,-11.300000,100,0.000000000,2048,0.000000000,0,12.300,33,13112,1,0,
113948279368598,113948277429827,113948278318923,113948279368598,1321,13.210000000,center_after_minus_a2,state,0,0.000000000,2048,0.016873789,2037,0.431654831,-18,-0.087360000,26,-15.255000,135,0.000000000,2048,0.000000000,0,12.300,33,13122,1,1,
113948289307348,113948287465859,113948288272003,113948289307348,1322,13.220000000,center_after_minus_a2,state,0,0.000000000,2048,0.010737866,2041,0.335731535,-14,-0.067200000,20,-17.063000,151,0.000000000,2048,0.000000000,0,12.400,33,13132,1,1,
113948299333770,113948297432780,113948298284375,113948299333770,1323,13.230000000,center_after_minus_a2,state,0,0.000000000,2048,0.003067962,2046,0.167865767,-7,-0.020160000,6,-18.758000,166,0.000000000,2048,0.000000000,0,12.200,33,13142,0,1,
113948309406496,113948307428982,113948308301462,113948309406496,1324,13.240000000,center_after_minus_a2,state,0,0.000000000,2048,-0.004601942,2051,0.000000000,0,-0.043680000,13,-9.379000,83,0.000000000,2048,0.000000000,0,12.300,33,13152,0,1,
113948319393536,113948317433610,113948318302837,113948319393536,1325,13.250000000,center_after_minus_a2,state,0,0.000000000,2048,-0.010737866,2055,-0.167865767,7,0.087360000,-26,-7.119000,63,0.000000000,2048,0.000000000,0,12.400,33,13162,0,1,
113948329383728,113948327435637,113948328298207,113948329383728,1326,13.260000000,center_after_minus_a2,state,0,0.000000000,2048,-0.013805827,2057,-0.311750711,13,-0.020160000,6,-1.469000,13,0.000000000,2048,0.000000000,0,12.400,33,13172,1,1,
113948339324231,113948337428754,113948338269366,113948339324231,1327,13.270000000,center_after_minus_a2,state,0,0.000000000,2048,-0.016873789,2059,-0.407674007,17,0.050400000,-15,1.582000,-14,0.000000000,2048,0.000000000,0,12.400,33,13182,1,1,
113948349361514,113948347429952,113948348286776,113948349361514,1328,13.280000000,center_after_minus_a2,state,0,0.000000000,2048,-0.016873789,2059,-0.455635655,19,0.104160000,-31,3.503000,-31,0.000000000,2048,0.000000000,0,12.400,33,13192,1,1,
113948359451141,113948357438439,113948358309950,113948359451141,1329,13.290000000,center_after_minus_a2,state,0,0.000000000,2048,-0.016873789,2059,-0.431654831,18,0.097440000,-29,8.136000,-72,0.000000000,2048,0.000000000,0,12.400,33,13202,1,1,
113948369379964,113948367428540,113948368300793,113948369379964,1330,13.300000000,center_after_minus_a2,state,0,0.000000000,2048,-0.013805827,2057,-0.383693183,16,0.080640000,-24,16.498000,-146,0.000000000,2048,0.000000000,0,12.300,33,13212,1,1,
113948379412751,113948377435923,113948378321493,113948379412751,1331,13.310000000,center_after_minus_a2,state,0,0.000000000,2048,-0.012271846,2056,-0.263789063,11,0.040320000,-12,15.255000,-135,0.000000000,2048,0.000000000,0,12.400,33,13222,1,1,
113948389400200,113948387511611,113948388304736,113948389400200,1332,13.320000000,center_after_minus_a2,state,0,0.000000000,2048,-0.004601942,2051,-0.143884944,6,0.030240000,-9,17.854000,-158,0.000000000,2048,0.000000000,0,12.400,33,13232,0,1,
113948399378984,113948397448242,113948398310327,113948399378984,1333,13.330000000,center_after_minus_a2,state,0,0.000000000,2048,0.003067962,2046,0.000000000,0,0.013440000,-4,14.803000,-131,0.000000000,2048,0.000000000,0,12.300,33,13242,0,1,
113948409482373,113948407437328,113948408303314,113948409482373,1334,13.340000000,center_after_minus_a2,state,0,0.000000000,2048,0.010737866,2041,0.167865767,-7,-0.030240000,9,3.390000,-30,0.000000000,2048,0.000000000,0,12.400,33,13252,0,1,
113948419448597,113948417432412,113948418337471,113948419448597,1335,13.350000000,center_after_minus_a2,state,0,0.000000000,2048,0.016873789,2037,0.287769887,-12,0.040320000,-12,-0.791000,7,0.000000000,2048,0.000000000,0,12.400,33,13262,1,1,
113948429438737,113948427429004,113948428351553,113948429438737,1336,13.360000000,center_after_minus_a2,state,0,0.000000000,2048,0.018407769,2036,0.407674007,-17,-0.050400000,15,-0.791000,7,0.000000000,2048,0.000000000,0,12.400,33,13272,1,0,
113948439432620,113948437431852,113948438337611,113948439432620,1337,13.370000000,center_after_minus_a2,state,0,0.000000000,2048,0.018407769,2036,0.455635655,-19,-0.100800000,30,-6.780000,60,0.000000000,2048,0.000000000,0,12.400,33,13282,1,0,
113948449387197,113948447428420,113948448294196,113948449387197,1338,13.380000000,center_after_minus_a2,state,0,0.000000000,2048,0.018407769,2036,0.455635655,-19,-0.100800000,30,-12.204000,108,0.000000000,2048,0.000000000,0,12.400,33,13292,1,0,
113948459382085,113948457428040,113948458281131,113948459382085,1339,13.390000000,center_after_minus_a2,state,0,0.000000000,2048,0.015339808,2038,0.407674007,-17,-0.087360000,26,-16.385000,145,0.000000000,2048,0.000000000,0,12.400,33,13302,1,1,
113948469385119,113948467435249,113948468281761,113948469385119,1340,13.400000000,center_after_minus_a2,state,0,0.000000000,2048,0.009203885,2042,0.287769887,-12,-0.053760000,16,-17.402000,154,0.000000000,2048,0.000000000,0,12.300,33,13312,1,1,
113948479376930,113948477430537,113948478275569,113948479376930,1341,13.410000000,center_after_minus_a2,state,0,0.000000000,2048,0.001533981,2047,0.095923296,-4,-0.003360000,1,-18.871000,167,0.000000000,2048,0.000000000,0,12.500,33,13322,0,1,
113948489391621,113948487433701,113948488286090,113948489391621,1342,13.420000000,center_after_minus_a2,state,0,0.000000000,2048,-0.007669904,2053,-0.047961648,2,0.070560000,-21,-10.622000,94,0.000000000,2048,0.000000000,0,12.400,33,13332,0,1,
113948499368091,113948497430620,113948498280203,113948499368091,1343,13.430000000,center_after_minus_a2,state,0,0.000000000,2048,-0.010737866,2055,-0.215827415,9,-0.033600000,10,-2.938000,26,0.000000000,2048,0.000000000,0,12.300,33,13342,0,1,
113948509383694,113948507429326,113948508278851,113948509383694,1344,13.440000000,center_after_minus_a2,state,0,0.000000000,2048,-0.015339808,2058,-0.335731535,14,0.191520000,-57,-0.791000,7,0.000000000,2048,0.000000000,0,12.400,33,13352,1,1,
113948519300892,113948517430258,113948518256709,113948519300892,1345,13.450000000,center_after_minus_a2,state,0,0.000000000,2048,-0.016873789,2059,-0.431654831,18,0.084000000,-25,2.825000,-25,0.000000000,2048,0.000000000,0,12.400,33,13362,1,1,
113948529362064,113948527427553,113948528266435,113948529362064,1346,13.460000000,center_after_minus_a2,state,0,0.000000000,2048,-0.016873789,2059,-0.455635655,19,0.057120000,-17,5.876000,-52,0.000000000,2048,0.000000000,0,12.400,33,13372,1,1,
113948539352750,113948537426201,113948538267671,113948539352750,1347,13.470000000,center_after_minus_a2,state,0,0.000000000,2048,-0.016873789,2059,-0.431654831,18,0.097440000,-29,8.927000,-79,0.000000000,2048,0.000000000,0,12.400,33,13382,1,1,
113948549332601,113948547428715,113948548273927,113948549332601,1348,13.480000000,center_after_minus_a2,state,0,0.000000000,2048,-0.013805827,2057,-0.335731535,14,0.164640000,-49,12.769000,-113,0.000000000,2048,0.000000000,0,12.400,33,13392,1,1,
113948559432342,113948557427649,113948558337741,113948559432342,1349,13.490000000,center_after_minus_a2,state,0,0.000000000,2048,-0.010737866,2055,-0.215827415,9,0.060480000,-18,16.837000,-149,0.000000000,2048,0.000000000,0,12.300,33,13402,0,1,
113948569352498,113948567429892,113948568283128,113948569352498,1350,13.500000000,plus_a3,state,0,0.105000000,1980,-0.004601942,2051,-0.095923296,4,0.013440000,-4,18.645000,-165,0.104310694,1980,0.000000000,0,12.500,33,13412,0,0,
113948579361716,113948577433102,113948578282042,113948579361716,1351,13.510000000,plus_a3,state,0,0.105000000,1980,0.009203885,2042,0.047961648,-2,0.561120000,-167,38.533000,-341,0.104310694,1980,0.000000000,0,12.200,33,13422,0,0,
113948589426782,113948587433995,113948588265394,113948589426782,1352,13.520000000,plus_a3,state,0,0.105000000,1980,0.026077673,2031,0.239808239,-10,0.480480000,-143,45.539000,-403,0.104310694,1980,0.000000000,0,12.300,33,13432,0,0,
113948599443850,113948597430680,113948598337761,113948599443850,1353,13.530000000,plus_a3,state,0,0.105000000,1980,0.047553404,2017,0.503597302,-21,0.349440000,-104,50.172000,-444,0.104310694,1980,0.000000000,0,12.400,33,13442,1,0,
113948609422483,113948607428183,113948608337652,113948609422483,1354,13.540000000,plus_a3,state,0,0.105000000,1980,0.072097097,2001,0.791367189,-33,0.215040000,-64,52.771000,-467,0.104310694,1980,0.000000000,0,12.400,33,13452,1,0,
113948619445514,113948617430146,113948618340419,113948619445514,1355,13.550000000,plus_a3,state,0,0.105000000,1980,0.098174770,1984,1.127098724,-47,0.047040000,-14,51.415000,-455,0.104310694,1980,0.000000000,0,12.400,33,13462,1,1,
113948629435969,113948627427071,113948628329980,113948629435969,1356,13.560000000,plus_a3,state,0,0.105000000,1980,0.124252444,1967,1.462830259,-61,-0.120960000,36,36.160000,-320,0.104310694,1980,0.000000000,0,12.400,33,13472,1,0,
113948639417745,113948637429319,113948638338822,113948639417745,1357,13.570000000,plus_a3,state,0,0.105000000,1980,0.144194194,1954,1.750600146,-73,-0.208320000,62,21.696000,-192,0.104310694,1980,0.000000000,0,12.400,33,13482,1,0,
113948649455562,113948647429438,113948648331583,113948649455562,1358,13.580000000,plus_a3,state,0,0.105000000,1980,0.158000021,1945,1.942446738,-81,-0.285600000,85,19.323000,-171,0.104310694,1980,0.000000000,0,12.400,33,13492,1,0,
113948659409701,113948657427633,113948658295007,113948659409701,1359,13.590000000,plus_a3,state,0,0.105000000,1980,0.168737887,1938,2.038370033,-85,-0.376320000,112,15.481000,-137,0.104310694,1980,0.000000000,0,12.400,33,13502,1,0,
113948669376305,113948667430380,113948668279482,113948669376305,1360,13.600000000,plus_a3,state,0,0.105000000,1980,0.177941771,1932,1.990408386,-83,-0.413280000,123,9.153000,-81,0.104310694,1980,0.000000000,0,12.500,33,13512,1,0,
113948679376573,113948677429885,113948678275836,113948679376573,1361,13.610000000,plus_a3,state,0,0.105000000,1980,0.185611675,1927,1.846523442,-77,-0.460320000,137,-1.017000,9,0.104310694,1980,0.000000000,0,12.500,33,13522,1,0,
113948689340337,113948687428690,113948688261261,113948689340337,1362,13.620000000,plus_a3,state,0,0.105000000,1980,0.187145656,1926,1.630696027,-68,-0.460320000,137,-16.046000,142,0.104310694,1980,0.000000000,0,12.500,33,13532,1,0,
113948699380985,113948697432685,113948698294094,113948699380985,1363,13.630000000,plus_a3,state,0,0.105000000,1980,0.182543714,1929,1.318945316,-55,-0.440160000,131,-26.894000,238,0.104310694,1980,0.000000000,0,12.400,33,13542,1,0,
113948709359042,113948707429433,113948708270344,113948709359042,1364,13.640000000,plus_a3,state,0,0.105000000,1980,0.174873810,1934,0.959232957,-40,-0.403200000,120,-32.431000,287,0.104310694,1980,0.000000000,0,12.300,33,13552,1,0,
113948719312003,113948717431747,113948718256171,113948719312003,1365,13.650000000,plus_a3,state,0,0.105000000,1980,0.162601964,1942,0.623501422,-26,-0.342720000,102,-39.211000,347,0.104310694,1980,0.000000000,0,12.300,33,13562,1,0,
113948729373000,113948727433990,113948728277171,113948729373000,1366,13.660000000,plus_a3,state,0,0.105000000,1980,0.142660213,1955,0.215827415,-9,-0.241920000,72,-42.940000,380,0.104310694,1980,0.000000000,0,12.400,33,13572,0,0,
113948739355860,113948737428049,113948738275178,113948739355860,1367,13.670000000,plus_a3,state,0,0.105000000,1980,0.122718463,1968,-0.167865767,7,-0.114240000,34,-44.522000,394,0.104310694,1980,0.000000000,0,12.300,33,13582,0,0,
113948749345448,113948747429986,113948748267216,113948749345448,1368,13.680000000,plus_a3,state,0,0.105000000,1980,0.099708751,1983,-0.599520598,25,-0.010080000,3,-43.053000,381,0.104310694,1980,0.000000000,0,12.300,33,13592,1,1,
113948759330166,113948757425790,113948758268499,113948759330166,1369,13.690000000,plus_a3,state,0,0.105000000,1980,0.079767001,1996,-0.983213781,41,0.258720000,-77,-28.250000,250,0.104310694,1980,0.000000000,0,12.400,33,13602,1,0,
113948769411233,113948767437429,113948768278874,113948769411233,1370,13.700000000,plus_a3,state,0,0.105000000,1980,0.065961174,2005,-1.294964492,54,0.154560000,-46,-5.989000,53,0.104310694,1980,0.000000000,0,12.400,33,13612,1,0,
113948779318561,113948777434514,113948778307463,113948779318561,1371,13.710000000,plus_a3,state,0,0.105000000,1980,0.055223308,2012,-1.510791907,63,0.285600000,-85,-14.351000,127,0.104310694,1980,0.000000000,0,12.500,33,13622,1,0,
113948789383752,113948787430158,113948788276063,113948789383752,1372,13.720000000,plus_a3,state,0,0.105000000,1980,0.047553404,2017,-1.582734379,66,0.332640000,-99,-10.396000,92,0.104310694,1980,0.000000000,0,12.400,33,13632,1,0,
113948799529312,113948797431610,113948798297867,113948799529312,1373,13.730000000,plus_a3,state,0,0.105000000,1980,0.041417481,2021,-1.558753555,65,0.356160000,-106,-5.085000,45,0.104310694,1980,0.000000000,0,12.400,33,13642,1,0,
113948809362534,113948807430788,113948808279255,113948809362534,1374,13.740000000,plus_a3,state,0,0.105000000,1980,0.036815539,2024,-1.438849435,60,0.389760000,-116,3.729000,-33,0.104310694,1980,0.000000000,0,12.400,33,13652,1,0,
113948819340760,113948817430344,113948818266584,113948819340760,1375,13.750000000,plus_a3,state,0,0.105000000,1980,0.035281558,2025,-1.223022020,51,0.383040000,-114,19.436000,-172,0.104310694,1980,0.000000000,0,12.400,33,13662,1,0,
113948829384593,113948827428439,113948828330741,113948829384593,1376,13.760000000,plus_a3,state,0,0.105000000,1980,0.041417481,2021,-0.983213781,41,0.386400000,-115,24.295000,-215,0.104310694,1980,0.000000000,0,12.400,33,13672,1,0,
113948839370552,113948837446387,113948838315039,113948839370552,1377,13.770000000,plus_a3,state,0,0.105000000,1980,0.052155347,2014,-0.671463070,28,0.309120000,-92,30.510000,-270,0.104310694,1980,0.000000000,0,12.400,33,13682,1,0,
113948849383700,113948847505741,113948848283662,113948849383700,1378,13.780000000,plus_a3,state,0,0.105000000,1980,0.064427193,2006,-0.359712359,15,0.238560000,-71,34.465000,-305,0.104310694,1980,0.000000000,0,12.400,33,13692,1,0,
113948859368132,113948857506636,113948858263693,113948859368132,1379,13.790000000,plus_a3,state,0,0.105000000,1980,0.081300982,1995,-0.023980824,1,0.137760000,-41,36.725000,-325,0.104310694,1980,0.000000000,0,12.400,33,13702,0,0,
113948869375744,113948867509797,113948868271531,113948869375744,1380,13.800000000,plus_a3,state,0,0.105000000,1980,0.099708751,1983,0.311750711,-13,0.043680000,-13,36.725000,-325,0.104310694,1980,0.000000000,0,12.400,33,13712,1,1,
113948879368875,113948877505021,113948878282495,113948879368875,1381,13.810000000,plus_a3,state,0,0.105000000,1980,0.118116521,1971,0.647482246,-27,0.134400000,-40,4.068000,-36,0.104310694,1980,0.000000000,0,12.400,33,13722,1,1,
113948889420913,113948887509670,113948888268008,113948889420913,1382,13.820000000,plus_a3,state,0,0.105000000,1980,0.130388367,1963,0.959232957,-40,-0.299040000,89,2.486000,-22,0.104310694,1980,0.000000000,0,12.400,33,13732,1,0,
113948899375504,113948897442274,113948898292918,113948899375504,1383,13.830000000,plus_a3,state,0,0.105000000,1980,0.139592252,1957,1.175060372,-49,-0.255360000,76,9.831000,-87,0.104310694,1980,0.000000000,0,12.400,33,13742,1,0,
113948909360146,113948907430067,113948908250314,113948909360146,1384,13.840000000,plus_a3,state,0,0.105000000,1980,0.142660213,1955,1.270983668,-53,-0.188160000,56,0.000000,0,0.104310694,1980,0.000000000,0,12.400,33,13752,1,0,
113948919324502,113948917512271,113948918264265,113948919324502,1385,13.850000000,plus_a3,state,0,0.105000000,1980,0.145728175,1953,1.247002844,-52,-0.221760000,66,-3.955000,35,0.104310694,1980,0.000000000,0,12.400,33,13762,1,0,
113948929438893,113948927507004,113948928299630,113948929438893,1386,13.860000000,plus_a3,state,0,0.105000000,1980,0.145728175,1953,1.127098724,-47,-0.211680000,63,-14.690000,130,0.104310694,1980,0.000000000,0,12.400,33,13772,1,0,
113948939570382,113948937510526,113948938434624,113948939570382,1387,13.870000000,plus_a3,state,0,0.105000000,1980,0.141126232,1956,0.935252133,-39,-0.215040000,64,-20.453000,181,0.104310694,1980,0.000000000,0,12.400,33,13782,1,0,
113948949433095,113948947451661,113948948325361,113948949433095,1388,13.880000000,plus_a3,state,0,0.105000000,1980,0.133456329,1961,0.647482246,-27,-0.164640000,49,-23.052000,204,0.104310694,1980,0.000000000,0,12.400,33,13792,1,0,
113948959401330,113948957429026,113948958317963,113948959401330,1389,13.890000000,plus_a3,state,0,0.105000000,1980,0.125786425,1966,0.335731535,-14,-0.117600000,35,-26.216000,232,0.104310694,1980,0.000000000,0,12.300,33,13802,1,0,
113948969403343,113948967430288,113948968315771,113948969403343,1390,13.900000000,plus_a3,state,0,0.105000000,1980,0.113514578,1974,0.047961648,-2,-0.073920000,22,-28.024000,248,0.104310694,1980,0.000000000,0,12.500,33,13812,0,1,
113948979397667,113948977429871,113948978318999,113948979397667,1391,13.910000000,plus_a3,state,0,0.105000000,1980,0.099708751,1983,-0.215827415,9,-0.020160000,6,-23.504000,208,0.104310694,1980,0.000000000,0,12.400,33,13822,0,1,
113948989408991,113948987431834,113948988325099,113948989408991,1392,13.920000000,plus_a3,state,0,0.105000000,1980,0.088970886,1990,-0.479616478,20,0.040320000,-12,-6.893000,61,0.104310694,1980,0.000000000,0,12.400,33,13832,1,1,
113948999401036,113948997432765,113948998315473,113948999401036,1393,13.930000000,plus_a3,state,0,0.105000000,1980,0.079767001,1996,-0.671463070,28,0.010080000,-3,-1.695000,15,0.104310694,1980,0.000000000,0,12.500,33,13842,1,0,
113949009404109,113949007428548,113949008311611,113949009404109,1394,13.940000000,plus_a3,state,0,0.105000000,1980,0.075165059,1999,-0.815348013,34,0.191520000,-57,-2.147000,19,0.104310694,1980,0.000000000,0,12.500,33,13852,1,0,
113949019358346,113949017430794,113949018280476,113949019358346,1395,13.950000000,plus_a3,state,0,0.105000000,1980,0.073631078,2000,-0.839328837,35,0.168000000,-50,3.277000,-29,0.104310694,1980,0.000000000,0,12.400,33,13862,1,0,
113949029351958,113949027431902,113949028260314,113949029351958,1396,13.960000000,plus_a3,state,0,0.105000000,1980,0.073631078,2000,-0.815348013,34,0.178080000,-53,8.362000,-74,0.104310694,1980,0.000000000,0,12.400,33,13872,1,0,
113949039335834,113949037428655,113949038253115,113949039335834,1397,13.970000000,plus_a3,state,0,0.105000000,1980,0.075165059,1999,-0.719424718,30,0.178080000,-53,18.758000,-166,0.104310694,1980,0.000000000,0,12.400,33,13882,1,0,
113949049347979,113949047427298,113949048252800,113949049347979,1398,13.980000000,plus_a3,state,0,0.105000000,1980,0.078233020,1997,-0.551558950,23,0.164640000,-49,19.888000,-176,0.104310694,1980,0.000000000,0,12.300,33,13892,1,0,
113949059269303,113949057429158,113949058254067,113949059269303,1399,13.990000000,plus_a3,hardware_error,0,0.105000000,1980,,,,,,,,,,,,,,,,,,0
113949069337691,113949067430072,113949068259985,113949069337691,1400,14.000000000,plus_a3,state,0,0.105000000,1980,0.098174770,1984,-0.095923296,4,0.050400000,-15,23.391000,-207,0.104310694,1980,0.000000000,0,12.400,33,13912,0,1,
113949079333069,113949077432843,113949078255124,113949079333069,1401,14.010000000,plus_a3,state,0,0.105000000,1980,0.110446617,1976,0.119904120,-5,0.026880000,-8,17.063000,-151,0.104310694,1980,0.000000000,0,12.400,33,13922,0,1,
113949089344041,113949087429913,113949088249049,113949089344041,1402,14.020000000,plus_a3,state,0,0.105000000,1980,0.121184482,1969,0.335731535,-14,-0.282240000,84,4.972000,-44,0.104310694,1980,0.000000000,0,12.500,33,13932,1,1,
113949099335636,113949097434732,113949098255782,113949099335636,1403,14.030000000,plus_a3,state,0,0.105000000,1980,0.125786425,1966,0.527578126,-22,-0.124320000,37,4.181000,-37,0.104310694,1980,0.000000000,0,12.500,33,13942,1,0,
113949109337886,113949107428910,113949108249136,113949109337886,1404,14.040000000,plus_a3,state,0,0.105000000,1980,0.130388367,1963,0.671463070,-28,-0.157920000,47,-0.452000,4,0.104310694,1980,0.000000000,0,12.500,33,13952,1,0,
113949119305779,113949117431921,113949118250209,113949119305779,1405,14.050000000,plus_a3,state,0,0.105000000,1980,0.130388367,1963,0.719424718,-30,-0.134400000,40,-6.102000,54,0.104310694,1980,0.000000000,0,12.500,33,13962,1,0,
113949129360254,113949127428974,113949128251475,113949129360254,1406,14.060000000,plus_a3,state,0,0.105000000,1980,0.130388367,1963,0.695443894,-29,-0.131040000,39,-13.673000,121,0.104310694,1980,0.000000000,0,12.500,33,13972,1,0,
113949139327247,113949137428034,113949138246784,113949139327247,1407,14.070000000,plus_a3,state,0,0.105000000,1980,0.127320405,1965,0.575539774,-24,-0.134400000,40,-17.289000,153,0.104310694,1980,0.000000000,0,12.400,33,13982,1,0,
113949149326547,113949147429740,113949148250010,113949149326547,1408,14.080000000,plus_a3,state,0,0.105000000,1980,0.121184482,1969,0.431654831,-18,-0.107520000,32,-19.662000,174,0.104310694,1980,0.000000000,0,12.500,33,13992,1,1,
113949159340447,113949157430678,113949158257730,113949159340447,1409,14.090000000,plus_a3,state,0,0.105000000,1980,0.111980598,1975,0.215827415,-9,-0.043680000,13,-21.922000,194,0.104310694,1980,0.000000000,0,12.500,33,14002,0,1,
113949169366884,113949167440280,113949168263048,113949169366884,1410,14.100000000,plus_a3,state,0,0.105000000,1980,0.101242732,1982,0.000000000,0,-0.013440000,4,-20.905000,185,0.104310694,1980,0.000000000,0,12.400,33,14012,0,1,
113949179348230,113949177433178,113949178258477,113949179348230,1411,14.110000000,plus_a3,state,0,0.105000000,1980,0.092038847,1988,-0.215827415,9,0.110880000,-33,-11.526000,102,0.104310694,1980,0.000000000,0,12.400,33,14022,0,1,
113949189348868,113949187432917,113949188253378,113949189348868,1412,14.120000000,plus_a3,state,0,0.105000000,1980,0.087436905,1991,-0.407674007,17,0.084000000,-25,-3.277000,29,0.104310694,1980,0.000000000,0,12.400,33,14032,1,1,
113949199328490,113949197433181,113949198253614,113949199328490,1413,14.130000000,plus_a3,state,0,0.105000000,1980,0.082834963,1994,-0.527578126,22,0.023520000,-7,-0.113000,1,0.104310694,1980,0.000000000,0,12.400,33,14042,1,0,
113949209329714,113949207427780,113949208247504,113949209329714,1414,14.140000000,plus_a3,state,0,0.105000000,1980,0.081300982,1995,-0.599520598,25,0.134400000,-40,3.277000,-29,0.104310694,1980,0.000000000,0,12.400,33,14052,1,0,
113949219335165,113949217429743,113949218240131,113949219335165,1415,14.150000000,plus_a3,state,0,0.105000000,1980,0.082834963,1994,-0.599520598,25,0.127680000,-38,8.249000,-73,0.104310694,1980,0.000000000,0,12.400,33,14062,1,0,
113949229331254,113949227428771,113949228248907,113949229331254,1416,14.160000000,plus_a3,state,0,0.105000000,1980,0.082834963,1994,-0.527578126,22,0.110880000,-33,17.402000,-154,0.104310694,1980,0.000000000,0,12.400,33,14072,1,0,
113949239333991,113949237427500,113949238247415,113949239333991,1417,14.170000000,plus_a3,state,0,0.105000000,1980,0.087436905,1991,-0.407674007,17,0.107520000,-32,17.628000,-156,0.104310694,1980,0.000000000,0,12.500,33,14082,1,1,
113949249331784,113949247427868,113949248247629,113949249331784,1418,14.180000000,plus_a3,state,0,0.105000000,1980,0.093572828,1987,-0.239808239,10,0.067200000,-20,19.888000,-176,0.104310694,1980,0.000000000,0,12.500,33,14092,0,1,
113949259337058,113949257430503,113949258233133,113949259337058,1419,14.190000000,plus_a3,state,0,0.105000000,1980,0.102776713,1981,-0.047961648,2,0.020160000,-6,20.453000,-181,0.104310694,1980,0.000000000,0,12.500,33,14102,0,1,
113949269276353,113949267428789,113949268219285,113949269276353,1420,14.200000000,plus_a3,state,0,0.105000000,1980,0.111980598,1975,0.119904120,-5,-0.063840000,19,12.656000,-112,0.104310694,1980,0.000000000,0,12.300,33,14112,0,1,
113949279335733,113949277427425,113949278234019,113949279335733,1421,14.210000000,plus_a3,state,0,0.105000000,1980,0.119650501,1970,0.311750711,-13,0.003360000,-1,3.164000,-28,0.104310694,1980,0.000000000,0,12.400,33,14122,1,1,
113949289333680,113949287429245,113949288232513,113949289333680,1422,14.220000000,plus_a3,state,0,0.105000000,1980,0.124252444,1967,0.431654831,-18,-0.104160000,31,-0.339000,3,0.104310694,1980,0.000000000,0,12.400,33,14132,1,0,
113949299335716,113949297430970,113949298231452,113949299335716,1423,14.230000000,plus_a3,state,0,0.105000000,1980,0.125786425,1966,0.527578126,-22,-0.110880000,33,-2.373000,21,0.104310694,1980,0.000000000,0,12.400,33,14142,1,0,
113949309350273,113949307429691,113949308228763,113949309350273,1424,14.240000000,plus_a3,state,0,0.105000000,1980,0.125786425,1966,0.551558950,-23,-0.117600000,35,-8.588000,76,0.104310694,1980,0.000000000,0,12.400,33,14152,1,0,
113949319337934,113949317429948,113949318234136,113949319337934,1425,14.250000000,plus_a3,state,0,0.105000000,1980,0.124252444,1967,0.503597302,-21,-0.104160000,31,-14.916000,132,0.104310694,1980,0.000000000,0,12.400,33,14162,1,0,
113949329339712,113949327432101,113949328235037,113949329339712,1426,14.260000000,plus_a3,state,0,0.105000000,1980,0.121184482,1969,0.431654831,-18,-0.104160000,31,-17.515000,155,0.104310694,1980,0.000000000,0,12.200,33,14172,1,1,
113949339315443,113949337428255,113949338228164,113949339315443,1427,14.270000000,plus_a3,state,0,0.105000000,1980,0.113514578,1974,0.263789063,-11,-0.050400000,15,-19.549000,173,0.104310694,1980,0.000000000,0,12.200,33,14182,1,1,
113949349313131,113949347428576,113949348230854,113949349313131,1428,14.280000000,plus_a3,state,0,0.105000000,1980,0.104310694,1980,0.071942472,-3,-0.006720000,2,-20.114000,178,0.104310694,1980,0.000000000,0,12.400,33,14192,0,1,
113949359315128,113949357428506,113949358230071,113949359315128,1429,14.290000000,plus_a3,state,0,0.105000000,1980,0.095106809,1986,-0.095923296,4,-0.047040000,14,-6.215000,55,0.104310694,1980,0.000000000,0,12.400,33,14202,0,1,
113949369311707,113949367426849,113949368228104,113949369311707,1430,14.300000000,plus_a3,state,0,0.105000000,1980,0.088970886,1990,-0.287769887,12,0.084000000,-25,-6.328000,56,0.104310694,1980,0.000000000,0,12.400,33,14212,1,1,
113949379313078,113949377426367,113949378232062,113949379313078,1431,14.310000000,plus_a3,state,0,0.105000000,1980,0.085902924,1992,-0.407674007,17,-0.080640000,24,-0.226000,2,0.104310694,1980,0.000000000,0,12.400,33,14222,1,0,
113949389322277,113949387430495,113949388232318,113949389322277,1432,14.320000000,plus_a3,state,0,0.105000000,1980,0.084368943,1993,-0.503597302,21,0.100800000,-30,1.921000,-17,0.104310694,1980,0.000000000,0,12.400,33,14232,1,0,
113949399317407,113949397432793,113949398233388,113949399317407,1433,14.330000000,plus_a3,state,0,0.105000000,1980,0.085902924,1992,-0.527578126,22,0.090720000,-27,5.876000,-52,0.104310694,1980,0.000000000,0,12.400,33,14242,1,0,
113949409318475,113949407428185,113949408227399,113949409318475,1434,14.340000000,plus_a3,state,0,0.105000000,1980,0.087436905,1991,-0.479616478,20,0.094080000,-28,12.656000,-112,0.104310694,1980,0.000000000,0,12.400,33,14252,1,1,
113949419316039,113949417429492,113949418229253,113949419316039,1435,14.350000000,plus_a3,state,0,0.105000000,1980,0.087436905,1991,-0.383693183,16,0.114240000,-34,14.690000,-130,0.104310694,1980,0.000000000,0,12.300,33,14262,1,1,
113949429317060,113949427427864,113949428227883,113949429317060,1436,14.360000000,plus_a3,state,0,0.105000000,1980,0.092038847,1988,-0.239808239,10,0.073920000,-22,17.741000,-157,0.104310694,1980,0.000000000,0,12.200,33,14272,0,1,
113949439312768,113949437427638,113949438229182,113949439312768,1437,14.370000000,plus_a3,state,0,0.105000000,1980,0.099708751,1983,-0.095923296,4,0.026880000,-8,19.888000,-176,0.104310694,1980,0.000000000,0,12.600,33,14282,0,1,
113949449308144,113949447427786,113949448227905,113949449308144,1438,14.380000000,plus_a3,state,0,0.105000000,1980,0.110446617,1976,0.047961648,-2,0.043680000,-13,10.622000,-94,0.104310694,1980,0.000000000,0,12.400,33,14292,0,1,
113949459311881,113949457431049,113949458232343,113949459311881,1439,14.390000000,plus_a3,state,0,0.105000000,1980,0.116582540,1972,0.215827415,-9,-0.104160000,31,7.684000,-68,0.104310694,1980,0.000000000,0,12.400,33,14302,0,1,
113949469326529,113949467437945,113949468233753,113949469326529,1440,14.400000000,plus_a3,state,0,0.105000000,1980,0.121184482,1969,0.359712359,-15,-0.097440000,29,0.226000,-2,0.104310694,1980,0.000000000,0,12.400,33,14312,1,1,
113949479310572,113949477429190,113949478231617,113949479310572,1441,14.410000000,plus_a3,state,0,0.105000000,1980,0.124252444,1967,0.431654831,-18,-0.094080000,28,-0.904000,8,0.104310694,1980,0.000000000,0,12.400,33,14322,1,0,
113949489320984,113949487431843,113949488229427,113949489320984,1442,14.420000000,plus_a3,state,0,0.105000000,1980,0.124252444,1967,0.479616478,-20,-0.100800000,30,-6.554000,58,0.104310694,1980,0.000000000,0,12.400,33,14332,1,0,
113949499312294,113949497430507,113949498230793,113949499312294,1443,14.430000000,plus_a3,state,0,0.105000000,1980,0.122718463,1968,0.479616478,-20,-0.094080000,28,-12.769000,113,0.104310694,1980,0.000000000,0,12.500,33,14342,1,0,
113949509313385,113949507429983,113949508230303,113949509313385,1444,14.440000000,plus_a3,state,0,0.105000000,1980,0.122718463,1968,0.431654831,-18,-0.100800000,30,-16.837000,149,0.104310694,1980,0.000000000,0,12.400,33,14352,1,0,
113949519308311,113949517429257,113949518232312,113949519308311,1445,14.450000000,plus_a3,state,0,0.105000000,1980,0.115048559,1973,0.287769887,-12,-0.077280000,23,-17.854000,158,0.104310694,1980,0.000000000,0,12.200,33,14362,1,1,
113949529309133,113949527428419,113949528223935,113949529309133,1446,14.460000000,plus_a3,state,0,0.105000000,1980,0.107378655,1978,0.119904120,-5,-0.020160000,6,-19.775000,175,0.104310694,1980,0.000000000,0,12.200,33,14372,0,1,
113949539307603,113949537427559,113949538229685,113949539307603,1447,14.470000000,plus_a3,state,0,0.105000000,1980,0.098174770,1984,-0.047961648,2,0.104160000,-31,-1.130000,10,0.104310694,1980,0.000000000,0,12.500,33,14382,0,1,
113949549309491,113949547428002,113949548229169,113949549309491,1448,14.480000000,plus_a3,state,0,0.105000000,1980,0.090504866,1989,-0.215827415,9,0.194880000,-58,-6.780000,60,0.104310694,1980,0.000000000,0,12.500,33,14392,0,1,
113949559310889,113949557427328,113949558228326,113949559310889,1449,14.490000000,plus_a3,state,0,0.105000000,1980,0.085902924,1992,-0.359712359,15,0.013440000,-4,0.452000,-4,0.104310694,1980,0.000000000,0,12.500,33,14402,1,0,
113949569310989,113949567427135,113949568229346,113949569310989,1450,14.500000000,plus_a3,state,0,0.105000000,1980,0.085902924,1992,-0.455635655,19,0.100800000,-30,1.243000,-11,0.104310694,1980,0.000000000,0,12.500,33,14412,1,0,
113949579312204,113949577432411,113949578231516,113949579312204,1451,14.510000000,plus_a3,state,0,0.105000000,1980,0.084368943,1993,-0.503597302,21,0.110880000,-33,3.616000,-32,0.104310694,1980,0.000000000,0,12.500,33,14422,1,0,
113949589314433,113949587428157,113949588238586,113949589314433,1452,14.520000000,plus_a3,state,0,0.105000000,1980,0.087436905,1991,-0.479616478,20,0.097440000,-29,9.153000,-81,0.104310694,1980,0.000000000,0,12.400,33,14432,1,1,
113949599316436,113949597432455,113949598238669,113949599316436,1453,14.530000000,plus_a3,state,0,0.105000000,1980,0.088970886,1990,-0.383693183,16,0.097440000,-29,16.611000,-147,0.104310694,1980,0.000000000,0,12.500,33,14442,1,1,
113949609418034,113949607429909,113949608234114,113949609418034,1454,14.540000000,plus_a3,state,0,0.105000000,1980,0.090504866,1989,-0.263789063,11,0.077280000,-23,17.741000,-157,0.104310694,1980,0.000000000,0,12.400,33,14452,1,1,
113949619320747,113949617430257,113949618305101,113949619320747,1455,14.550000000,plus_a3,state,0,0.105000000,1980,0.098174770,1984,-0.119904120,5,0.036960000,-11,19.210000,-170,0.104310694,1980,0.000000000,0,12.200,33,14462,0,1,
113949629344221,113949627428179,113949628256009,113949629344221,1456,14.560000000,plus_a3,state,0,0.105000000,1980,0.107378655,1978,0.023980824,-1,0.006720000,-2,17.515000,-155,0.104310694,1980,0.000000000,0,12.300,33,14472,0,1,
113949639317020,113949637428804,113949638234701,113949639317020,1457,14.570000000,plus_a3,state,0,0.105000000,1980,0.115048559,1973,0.191846591,-8,-0.077280000,23,7.684000,-68,0.104310694,1980,0.000000000,0,12.400,33,14482,0,1,
113949649303838,113949647428970,113949648239169,113949649303838,1458,14.580000000,plus_a3,state,0,0.105000000,1980,0.121184482,1969,0.311750711,-13,-0.110880000,33,2.712000,-24,0.104310694,1980,0.000000000,0,12.400,33,14492,1,1,
113949659287276,113949657429330,113949658229660,113949659287276,1459,14.590000000,plus_a3,state,0,0.105000000,1980,0.122718463,1968,0.431654831,-18,-0.134400000,40,0.226000,-2,0.104310694,1980,0.000000000,0,12.400,33,14502,1,0,
113949669193643,113949667431079,113949668189779,113949669193643,1460,14.600000000,plus_a3,state,0,0.105000000,1980,0.124252444,1967,0.479616478,-20,-0.097440000,29,-4.972000,44,0.104310694,1980,0.000000000,0,12.400,33,14512,1,0,
113949679270303,113949677430098,113949678191677,113949679270303,1461,14.610000000,plus_a3,state,0,0.105000000,1980,0.122718463,1968,0.479616478,-20,-0.090720000,27,-11.300000,100,0.104310694,1980,0.000000000,0,12.400,33,14522,1,0,
113949689319699,113949687427837,113949688208057,113949689319699,1462,14.620000000,plus_a3,state,0,0.105000000,1980,0.122718463,1968,0.431654831,-18,-0.097440000,29,-16.046000,142,0.104310694,1980,0.000000000,0,12.300,33,14532,1,0,
113949699303717,113949697438451,113949698219556,113949699303717,1463,14.630000000,plus_a3,state,0,0.105000000,1980,0.118116521,1971,0.335731535,-14,-0.080640000,24,-17.741000,157,0.104310694,1980,0.000000000,0,12.500,33,14542,1,1,
113949709303164,113949707428190,113949708208809,113949709303164,1464,14.640000000,plus_a3,state,0,0.105000000,1980,0.110446617,1976,0.167865767,-7,-0.033600000,10,-19.323000,171,0.104310694,1980,0.000000000,0,12.400,33,14552,0,1,
113949719294772,113949717429567,113949718202886,113949719294772,1465,14.650000000,plus_a3,state,0,0.105000000,1980,0.099708751,1983,0.000000000,0,-0.023520000,7,-15.707000,139,0.104310694,1980,0.000000000,0,12.400,33,14562,0,1,
113949729368304,113949727430624,113949728231908,113949729368304,1466,14.660000000,plus_a3,state,0,0.105000000,1980,0.093572828,1987,-0.167865767,7,-0.057120000,17,-0.226000,2,0.104310694,1980,0.000000000,0,12.400,33,14572,0,1,
113949739363821,113949737428055,113949738289588,113949739363821,1467,14.670000000,plus_a3,state,0,0.105000000,1980,0.087436905,1991,-0.335731535,14,0.168000000,-50,-1.469000,13,0.104310694,1980,0.000000000,0,12.400,33,14582,1,1,
113949749361512,113949747429085,113949748279009,113949749361512,1468,14.680000000,plus_a3,state,0,0.105000000,1980,0.085902924,1992,-0.431654831,18,0.151200000,-45,0.226000,-2,0.104310694,1980,0.000000000,0,12.400,33,14592,1,0,
113949759372477,113949757428133,113949758274310,113949759372477,1469,14.690000000,plus_a3,state,0,0.105000000,1980,0.084368943,1993,-0.479616478,20,0.110880000,-33,3.277000,-29,0.104310694,1980,0.000000000,0,12.400,33,14602,1,0,
113949769299328,113949767430089,113949768223110,113949769299328,1470,14.700000000,plus_a3,state,0,0.105000000,1980,0.085902924,1992,-0.503597302,21,0.094080000,-28,8.023000,-71,0.104310694,1980,0.000000000,0,12.400,33,14612,1,0,
113949779353709,113949777429598,113949778275418,113949779353709,1471,14.710000000,plus_a3,state,0,0.105000000,1980,0.087436905,1991,-0.431654831,18,0.077280000,-23,16.272000,-144,0.104310694,1980,0.000000000,0,12.400,33,14622,1,1,
113949789365037,113949787428994,113949788275223,113949789365037,1472,14.720000000,plus_a3,state,0,0.105000000,1980,0.088970886,1990,-0.311750711,13,0.110880000,-33,15.933000,-141,0.104310694,1980,0.000000000,0,12.300,33,14632,1,1,
113949799293156,113949797433227,113949798219272,113949799293156,1473,14.730000000,plus_a3,state,0,0.105000000,1980,0.095106809,1986,-0.167865767,7,0.057120000,-17,19.097000,-169,0.104310694,1980,0.000000000,0,12.300,33,14642,0,1,
113949809291873,113949807427475,113949808207842,113949809291873,1474,14.740000000,plus_a3,state,0,0.105000000,1980,0.104310694,1980,-0.023980824,1,0.010080000,-3,19.323000,-171,0.104310694,1980,0.000000000,0,12.300,33,14652,0,1,
113949819295488,113949817429510,113949818213299,113949819295488,1475,14.750000000,plus_a3,state,0,0.105000000,1980,0.113514578,1974,0.119904120,-5,-0.010080000,3,7.684000,-68,0.104310694,1980,0.000000000,0,12.400,33,14662,0,1,
113949829363787,113949827432975,113949828274612,113949829363787,1476,14.760000000,plus_a3,state,0,0.105000000,1980,0.119650501,1970,0.287769887,-12,0.087360000,-26,5.085000,-45,0.104310694,1980,0.000000000,0,12.500,33,14672,1,1,
113949839303920,113949837428600,113949838276691,113949839303920,1477,14.770000000,plus_a3,state,0,0.105000000,1980,0.122718463,1968,0.407674007,-17,-0.097440000,29,-0.452000,4,0.104310694,1980,0.000000000,0,12.500,33,14682,1,0,
113949849385383,113949847429944,113949848278142,113949849385383,1478,14.780000000,plus_a3,state,0,0.105000000,1980,0.124252444,1967,0.455635655,-19,-0.097440000,29,-2.599000,23,0.104310694,1980,0.000000000,0,12.500,33,14692,1,0,
113949859359003,113949857428448,113949858278722,113949859359003,1479,14.790000000,plus_a3,state,0,0.105000000,1980,0.122718463,1968,0.479616478,-20,-0.090720000,27,-8.588000,76,0.104310694,1980,0.000000000,0,12.500,33,14702,1,0,
113949869360665,113949867428582,113949868277172,113949869360665,1480,14.800000000,plus_a3,state,0,0.105000000,1980,0.122718463,1968,0.455635655,-19,-0.100800000,30,-14.916000,132,0.104310694,1980,0.000000000,0,12.400,33,14712,1,0,
113949879367089,113949877427918,113949878274983,113949879367089,1481,14.810000000,plus_a3,state,0,0.105000000,1980,0.119650501,1970,0.359712359,-15,-0.090720000,27,-17.289000,153,0.104310694,1980,0.000000000,0,12.400,33,14722,1,1,
113949889368878,113949887432722,113949888273658,113949889368878,1482,14.820000000,plus_a3,state,0,0.105000000,1980,0.111980598,1975,0.239808239,-10,-0.050400000,15,-19.210000,170,0.104310694,1980,0.000000000,0,12.300,33,14732,0,1,
113949899301077,113949897434366,113949898217766,113949899301077,1483,14.830000000,plus_a3,state,0,0.105000000,1980,0.104310694,1980,0.047961648,-2,-0.006720000,2,-19.210000,170,0.104310694,1980,0.000000000,0,12.400,33,14742,0,1,
113949909295465,113949907429191,113949908211769,113949909295465,1484,14.840000000,plus_a3,state,0,0.105000000,1980,0.095106809,1986,-0.119904120,5,0.151200000,-45,-0.904000,8,0.104310694,1980,0.000000000,0,12.400,33,14752,0,1,
113949919263227,113949917431456,113949918201948,113949919263227,1485,14.850000000,plus_a3,state,0,0.105000000,1980,0.088970886,1990,-0.287769887,12,0.228480000,-68,-2.825000,25,0.104310694,1980,0.000000000,0,12.400,33,14762,1,1,
113949929300076,113949927430180,113949928221340,113949929300076,1486,14.860000000,plus_a3,state,0,0.105000000,1980,0.085902924,1992,-0.383693183,16,0.171360000,-51,-0.113000,1,0.104310694,1980,0.000000000,0,12.400,33,14772,1,0,
113949939288800,113949937428793,113949938209185,113949939288800,1487,14.870000000,plus_a3,state,0,0.105000000,1980,0.085902924,1992,-0.479616478,20,0.104160000,-31,3.051000,-27,0.104310694,1980,0.000000000,0,12.400,33,14782,1,0,
113949949297063,113949947429486,113949948211728,113949949297063,1488,14.880000000,plus_a3,state,0,0.105000000,1980,0.085902924,1992,-0.503597302,21,0.107520000,-32,6.328000,-56,0.104310694,1980,0.000000000,0,12.400,33,14792,1,0,
113949959292844,113949957430084,113949958208357,113949959292844,1489,14.890000000,plus_a3,state,0,0.105000000,1980,0.087436905,1991,-0.455635655,19,0.070560000,-21,10.961000,-97,0.104310694,1980,0.000000000,0,12.500,33,14802,1,1,
113949969292784,113949967428578,113949968207524,113949969292784,1490,14.900000000,plus_a3,state,0,0.105000000,1980,0.088970886,1990,-0.335731535,14,0.057120000,-17,14.803000,-131,0.104310694,1980,0.000000000,0,12.400,33,14812,1,1,
113949979289477,113949977430274,113949978207162,113949979289477,1491,14.910000000,plus_a3,state,0,0.105000000,1980,0.093572828,1987,-0.215827415,9,0.063840000,-19,17.289000,-153,0.104310694,1980,0.000000000,0,12.300,33,14822,0,1,
113949989292862,113949987429763,113949988212006,113949989292862,1492,14.920000000,plus_a3,state,0,0.105000000,1980,0.099708751,1983,-0.071942472,3,0.020160000,-6,19.662000,-174,0.104310694,1980,0.000000000,0,12.400,33,14832,0,1,
113949999303412,113949997433518,113949998211464,113949999303412,1493,14.930000000,plus_a3,state,0,0.105000000,1980,0.110446617,1976,0.071942472,-3,0.057120000,-17,5.876000,-52,0.104310694,1980,0.000000000,0,12.400,33,14842,0,1,
113950009300675,113950007430147,113950008209099,113950009300675,1494,14.940000000,plus_a3,state,0,0.105000000,1980,0.118116521,1971,0.239808239,-10,0.047040000,-14,4.068000,-36,0.104310694,1980,0.000000000,0,12.400,33,14852,0,1,
113950019335469,113950017430782,113950018277481,113950019335469,1495,14.950000000,plus_a3,state,0,0.105000000,1980,0.121184482,1969,0.359712359,-15,-0.073920000,22,-1.017000,9,0.104310694,1980,0.000000000,0,12.400,33,14862,1,1,
113950029356265,113950027428182,113950028274325,113950029356265,1496,14.960000000,plus_a3,state,0,0.105000000,1980,0.124252444,1967,0.431654831,-18,-0.110880000,33,-1.243000,11,0.104310694,1980,0.000000000,0,12.400,33,14872,1,0,
113950039351151,113950037428751,113950038220779,113950039351151,1497,14.970000000,plus_a3,state,0,0.105000000,1980,0.124252444,1967,0.479616478,-20,-0.094080000,28,-6.667000,59,0.104310694,1980,0.000000000,0,12.400,33,14882,1,0,
113950049352232,113950047429642,113950048277700,113950049352232,1498,14.980000000,plus_a3,state,0,0.105000000,1980,0.122718463,1968,0.479616478,-20,-0.084000000,25,-12.543000,111,0.104310694,1980,0.000000000,0,12.400,33,14892,1,0,
113950059260295,113950057427924,113950058213773,113950059260295,1499,14.990000000,plus_a3,hardware_error,0,0.105000000,1980,,,,,,,,,,,,,,,,,,0
113950069297292,113950067428786,113950068215180,113950069297292,1500,15.000000000,center_after_plus_a3,state,0,0.000000000,2048,0.115048559,1973,0.287769887,-12,-0.235200000,70,-29.154000,258,0.000000000,2048,0.000000000,0,12.500,33,14912,1,0,
113950079299870,113950077434881,113950078216167,113950079299870,1501,15.010000000,center_after_plus_a3,state,0,0.000000000,2048,0.104310694,1980,0.095923296,-4,-0.624960000,186,-41.810000,370,0.000000000,2048,0.000000000,0,12.500,33,14922,0,0,
113950089314154,113950087428230,113950088189652,113950089314154,1502,15.020000000,center_after_plus_a3,state,0,0.000000000,2048,0.085902924,1992,-0.095923296,4,-0.520800000,155,-49.607000,439,0.000000000,2048,0.000000000,0,12.500,33,14932,0,0,
113950099289112,113950097432000,113950098188555,113950099289112,1503,15.030000000,center_after_plus_a3,state,0,0.000000000,2048,0.061359232,2008,-0.383693183,16,-0.403200000,120,-55.709000,493,0.000000000,2048,0.000000000,0,12.300,33,14942,1,0,
113950109292062,113950107428490,113950108197612,113950109292062,1504,15.040000000,center_after_plus_a3,state,0,0.000000000,2048,0.033747577,2026,-0.719424718,30,-0.228480000,68,-59.325000,525,0.000000000,2048,0.000000000,0,12.500,33,14952,1,0,
113950119292474,113950117429492,113950118194398,113950119292474,1505,15.050000000,center_after_plus_a3,state,0,0.000000000,2048,0.004601942,2045,-1.079137077,45,-0.057120000,17,-58.873000,521,0.000000000,2048,0.000000000,0,12.400,33,14962,1,1,
113950129291104,113950127428547,113950128183906,113950129291104,1506,15.060000000,center_after_plus_a3,state,0,0.000000000,2048,-0.023009712,2063,-1.486811083,62,0.077280000,-23,-44.409000,393,0.000000000,2048,0.000000000,0,12.400,33,14972,1,0,
113950139283148,113950137427914,113950138186566,113950139283148,1507,15.070000000,center_after_plus_a3,state,0,0.000000000,2048,-0.046019424,2078,-1.870504266,78,0.248640000,-74,-37.403000,331,0.000000000,2048,0.000000000,0,12.500,33,14982,1,0,
113950149287853,113950147428154,113950148194684,113950149287853,1508,15.080000000,center_after_plus_a3,state,0,0.000000000,2048,-0.065961174,2091,-2.134293329,89,0.379680000,-113,-29.719000,263,0.000000000,2048,0.000000000,0,12.400,33,14992,1,0,
113950159283646,113950157427165,113950158183418,113950159283646,1509,15.090000000,center_after_plus_a3,state,0,0.000000000,2048,-0.084368943,2103,-2.326139920,97,0.470400000,-140,-22.148000,196,0.000000000,2048,0.000000000,0,12.400,33,15002,1,0,
113950169268693,113950167428262,113950168183285,113950169268693,1510,15.100000000,center_after_plus_a3,state,0,0.000000000,2048,-0.098174770,2112,-2.350120744,98,0.584640000,-174,-14.012000,124,0.000000000,2048,0.000000000,0,12.500,33,15012,1,0,
113950179268281,113950177427954,113950178187165,113950179268281,1511,15.110000000,center_after_plus_a3,state,0,0.000000000,2048,-0.107378655,2118,-2.254197449,94,0.624960000,-186,-1.808000,16,0.000000000,2048,0.000000000,0,12.400,33,15022,1,0,
113950189266644,113950187427627,113950188194377,113950189266644,1512,15.120000000,center_after_plus_a3,state,0,0.000000000,2048,-0.110446617,2120,-2.038370033,85,0.641760000,-191,16.385000,-145,0.000000000,2048,0.000000000,0,12.400,33,15032,1,0,
113950199260721,113950197432492,113950198195392,113950199260721,1513,15.130000000,center_after_plus_a3,state,0,0.000000000,2048,-0.105844674,2117,-1.726619322,72,0.641760000,-191,31.188000,-276,0.000000000,2048,0.000000000,0,12.400,33,15042,1,0,
113950209286693,113950207437132,113950208189059,113950209286693,1514,15.140000000,center_after_plus_a3,state,0,0.000000000,2048,-0.098174770,2112,-1.342926140,56,0.571200000,-170,39.550000,-350,0.000000000,2048,0.000000000,0,12.500,33,15052,1,0,
113950219274254,113950217429919,113950218191881,113950219274254,1515,15.150000000,center_after_plus_a3,state,0,0.000000000,2048,-0.082834963,2102,-0.911271309,38,0.500640000,-149,47.686000,-422,0.000000000,2048,0.000000000,0,12.400,33,15062,1,0,
113950229261302,113950227427392,113950228184482,113950229261302,1516,15.160000000,center_after_plus_a3,state,0,0.000000000,2048,-0.061359232,2088,-0.431654831,18,0.369600000,-110,52.884000,-468,0.000000000,2048,0.000000000,0,12.100,33,15072,1,0,
113950239269580,113950237426653,113950238188205,113950239269580,1517,15.170000000,center_after_plus_a3,state,0,0.000000000,2048,-0.035281558,2071,0.095923296,-4,0.228480000,-68,54.353000,-481,0.000000000,2048,0.000000000,0,12.500,33,15082,0,0,
113950249273825,113950247429453,113950248195486,113950249273825,1518,15.180000000,center_after_plus_a3,state,0,0.000000000,2048,-0.006135923,2052,0.647482246,-27,0.073920000,-22,53.675000,-475,0.000000000,2048,0.000000000,0,12.400,33,15092,1,1,
113950259272511,113950257428156,113950258208857,113950259272511,1519,15.190000000,center_after_plus_a3,state,0,0.000000000,2048,0.021475731,2034,1.175060372,-49,0.127680000,-38,42.714000,-378,0.000000000,2048,0.000000000,0,12.500,33,15102,1,0,
113950269263437,113950267428200,113950268189189,113950269263437,1520,15.200000000,center_after_plus_a3,state,0,0.000000000,2048,0.041417481,2021,1.606715203,-67,-0.168000000,50,27.346000,-242,0.000000000,2048,0.000000000,0,12.400,33,15112,1,0,
113950279274184,113950277429492,113950278191679,113950279274184,1521,15.210000000,center_after_plus_a3,state,0,0.000000000,2048,0.056757289,2011,1.942446738,-81,-0.309120000,92,21.696000,-192,0.000000000,2048,0.000000000,0,12.400,33,15122,1,0,
113950289267762,113950287428833,113950288193857,113950289267762,1522,15.220000000,center_after_plus_a3,state,0,0.000000000,2048,0.070563116,2002,2.086331681,-87,-0.376320000,112,15.820000,-140,0.000000000,2048,0.000000000,0,12.400,33,15132,1,0,
113950299270064,113950297430483,113950298191116,113950299270064,1523,15.230000000,center_after_plus_a3,state,0,0.000000000,2048,0.079767001,1996,2.086331681,-87,-0.446880000,133,9.718000,-86,0.000000000,2048,0.000000000,0,12.400,33,15142,1,0,
113950309272555,113950307430296,113950308186993,113950309272555,1524,15.240000000,center_after_plus_a3,state,0,0.000000000,2048,0.085902924,1992,1.966427562,-82,-0.477120000,142,-0.339000,3,0.000000000,2048,0.000000000,0,12.400,33,15152,1,0,
113950319269970,113950317429371,113950318193712,113950319269970,1525,15.250000000,center_after_plus_a3,state,0,0.000000000,2048,0.087436905,1991,1.726619322,-72,-0.490560000,146,-15.594000,138,0.000000000,2048,0.000000000,0,12.400,33,15162,1,0,
113950329267431,113950327431949,113950328190587,113950329267431,1526,15.260000000,center_after_plus_a3,state,0,0.000000000,2048,0.087436905,1991,1.414868611,-59,-0.514080000,153,-28.137000,249,0.000000000,2048,0.000000000,0,12.400,33,15172,1,0,
113950339267470,113950337428655,113950338186707,113950339267470,1527,15.270000000,center_after_plus_a3,state,0,0.000000000,2048,0.078233020,1997,1.079137077,-45,-0.470400000,140,-35.934000,318,0.000000000,2048,0.000000000,0,12.400,33,15182,1,0,
113950349269137,113950347428567,113950348185291,113950349269137,1528,15.280000000,center_after_plus_a3,state,0,0.000000000,2048,0.061359232,2008,0.671463070,-28,-0.349440000,104,-41.697000,369,0.000000000,2048,0.000000000,0,12.600,33,15192,1,0,
113950359281674,113950357427481,113950358187555,113950359281674,1529,15.290000000,center_after_plus_a3,state,0,0.000000000,2048,0.041417481,2021,0.239808239,-10,-0.248640000,74,-45.765000,405,0.000000000,2048,0.000000000,0,12.300,33,15202,0,0,
113950369277184,113950367427053,113950368195387,113950369277184,1530,15.300000000,center_after_plus_a3,state,0,0.000000000,2048,0.018407769,2036,-0.167865767,7,-0.134400000,40,-47.573000,421,0.000000000,2048,0.000000000,0,12.400,33,15212,0,0,
113950379267522,113950377426368,113950378186892,113950379267522,1531,15.310000000,center_after_plus_a3,state,0,0.000000000,2048,-0.004601942,2051,-0.647482246,27,-0.013440000,4,-45.087000,399,0.000000000,2048,0.000000000,0,12.200,33,15222,1,1,
113950389266493,113950387431228,113950388189182,113950389266493,1532,15.320000000,center_after_plus_a3,state,0,0.000000000,2048,-0.027611654,2066,-1.079137077,45,-0.067200000,20,-22.487000,199,0.000000000,2048,0.000000000,0,12.500,33,15232,1,0,
113950399270015,113950397429765,113950398188512,113950399270015,1533,15.330000000,center_after_plus_a3,state,0,0.000000000,2048,-0.042951462,2076,-1.438849435,60,0.228480000,-68,-21.018000,186,0.000000000,2048,0.000000000,0,12.400,33,15242,1,0,
113950409270191,113950407427939,113950408189973,113950409270191,1534,15.340000000,center_after_plus_a3,state,0,0.000000000,2048,-0.052155347,2082,-1.654676851,69,0.312480000,-93,-16.950000,150,0.000000000,2048,0.000000000,0,12.500,33,15252,1,0,
113950419270103,113950417429215,113950418188775,113950419270103,1535,15.350000000,center_after_plus_a3,state,0,0.000000000,2048,-0.062893212,2089,-1.750600146,73,0.369600000,-110,-12.430000,110,0.000000000,2048,0.000000000,0,12.500,33,15262,1,0,
113950429273251,113950427428046,113950428188711,113950429273251,1536,15.360000000,center_after_plus_a3,state,0,0.000000000,2048,-0.070563116,2094,-1.726619322,72,0.416640000,-124,-6.215000,55,0.000000000,2048,0.000000000,0,12.500,33,15272,1,0,
113950439263980,113950437427600,113950438188233,113950439263980,1537,15.370000000,center_after_plus_a3,state,0,0.000000000,2048,-0.075165059,2097,-1.606715203,67,0.393120000,-117,5.876000,-52,0.000000000,2048,0.000000000,0,12.400,33,15282,1,0,
113950449266657,113950447428838,113950448184330,113950449266657,1538,15.380000000,center_after_plus_a3,state,0,0.000000000,2048,-0.075165059,2097,-1.390887787,58,0.433440000,-129,20.227000,-179,0.000000000,2048,0.000000000,0,12.400,33,15292,1,0,
113950459267001,113950457425993,113950458188265,113950459267001,1539,15.390000000,center_after_plus_a3,state,0,0.000000000,2048,-0.070563116,2094,-1.103117900,46,0.423360000,-126,26.442000,-234,0.000000000,2048,0.000000000,0,12.400,33,15302,1,0,
113950469277325,113950467432438,113950468196288,113950469277325,1540,15.400000000,center_after_plus_a3,state,0,0.000000000,2048,-0.059825251,2087,-0.767386366,32,0.352800000,-105,32.996000,-292,0.000000000,2048,0.000000000,0,12.200,33,15312,1,0,
113950479275438,113950477430373,113950478183803,113950479275438,1541,15.410000000,center_after_plus_a3,state,0,0.000000000,2048,-0.046019424,2078,-0.431654831,18,0.292320000,-87,37.629000,-333,0.000000000,2048,0.000000000,0,12.500,33,15322,1,0,
113950489275438,113950487430941,113950488190598,113950489275438,1542,15.420000000,center_after_plus_a3,state,0,0.000000000,2048,-0.027611654,2066,-0.047961648,2,0.184800000,-55,39.776000,-352,0.000000000,2048,0.000000000,0,12.500,33,15332,0,0,
113950499272062,113950497430485,113950498189613,113950499272062,1543,15.430000000,center_after_plus_a3,state,0,0.000000000,2048,-0.007669904,2053,0.311750711,-13,0.067200000,-20,39.663000,-351,0.000000000,2048,0.000000000,0,12.200,33,15342,1,1,
113950509294987,113950507427417,113950508163646,113950509294987,1544,15.440000000,center_after_plus_a3,state,0,0.000000000,2048,0.012271846,2040,0.695443894,-29,0.057120000,-17,25.312000,-224,0.000000000,2048,0.000000000,0,12.500,33,15351,1,1,
113950519254769,113950517429188,113950518168277,113950519254769,1545,15.450000000,center_after_plus_a3,state,0,0.000000000,2048,0.027611654,2030,1.055156253,-44,-0.087360000,26,21.357000,-189,0.000000000,2048,0.000000000,0,12.500,33,15361,1,0,
113950529288766,113950527427873,113950528166096,113950529288766,1546,15.460000000,center_after_plus_a3,state,0,0.000000000,2048,0.036815539,2024,1.294964492,-54,-0.208320000,62,12.656000,-112,0.000000000,2048,0.000000000,0,12.500,33,15371,1,0,
113950539266735,113950537427508,113950538168451,113950539266735,1547,15.470000000,center_after_plus_a3,state,0,0.000000000,2048,0.044485443,2019,1.438849435,-60,-0.252000000,75,8.814000,-78,0.000000000,2048,0.000000000,0,12.500,33,15382,1,0,
113950549265693,113950547427886,113950548168462,113950549265693,1548,15.480000000,center_after_plus_a3,state,0,0.000000000,2048,0.050621366,2015,1.438849435,-60,-0.258720000,77,3.616000,-32,0.000000000,2048,0.000000000,0,12.400,33,15391,1,0,
113950559301545,113950557510420,113950558187326,113950559301545,1549,15.490000000,center_after_plus_a3,state,0,0.000000000,2048,0.053689328,2013,1.342926140,-56,-0.302400000,90,-4.633000,41,0.000000000,2048,0.000000000,0,12.400,33,15402,1,0,
113950569264266,113950567438993,113950568175316,113950569264266,1550,15.500000000,center_after_plus_a3,state,0,0.000000000,2048,0.053689328,2013,1.151079548,-48,-0.292320000,87,-16.837000,149,0.000000000,2048,0.000000000,0,12.400,33,15412,1,0,
113950579269821,113950577428514,113950578184279,113950579269821,1551,15.510000000,center_after_plus_a3,state,0,0.000000000,2048,0.050621366,2015,0.911271309,-38,-0.288960000,86,-23.730000,210,0.000000000,2048,0.000000000,0,12.500,33,15422,1,0,
113950589256929,113950587441688,113950588179272,113950589256929,1552,15.520000000,center_after_plus_a3,state,0,0.000000000,2048,0.039883500,2022,0.623501422,-26,-0.238560000,71,-27.911000,247,0.000000000,2048,0.000000000,0,12.200,33,15432,1,0,
113950599259478,113950597433603,113950598180254,113950599259478,1553,15.530000000,center_after_plus_a3,state,0,0.000000000,2048,0.027611654,2030,0.311750711,-13,-0.154560000,46,-30.623000,271,0.000000000,2048,0.000000000,0,12.200,34,15442,1,0,
113950609246232,113950607428187,113950608166636,113950609246232,1554,15.540000000,center_after_plus_a3,state,0,0.000000000,2048,0.012271846,2040,0.000000000,0,-0.097440000,29,-32.431000,287,0.000000000,2048,0.000000000,0,12.600,33,15452,0,1,
113950619249303,113950617429526,113950618177592,113950619249303,1555,15.550000000,center_after_plus_a3,state,0,0.000000000,2048,-0.004601942,2051,-0.287769887,12,-0.003360000,1,-31.414000,278,0.000000000,2048,0.000000000,0,12.300,33,15462,1,1,
113950629252433,113950627428074,113950628172723,113950629252433,1556,15.560000000,center_after_plus_a3,state,0,0.000000000,2048,-0.018407769,2060,-0.575539774,24,-0.080640000,24,-1.695000,15,0.000000000,2048,0.000000000,0,12.200,33,15471,1,0,
113950639253120,113950637427581,113950638159178,113950639253120,1557,15.570000000,center_after_plus_a3,state,0,0.000000000,2048,-0.027611654,2066,-0.839328837,35,0.107520000,-32,-8.362000,74,0.000000000,2048,0.000000000,0,12.400,33,15481,1,0,
113950649245765,113950647428227,113950648169852,113950649245765,1558,15.580000000,center_after_plus_a3,state,0,0.000000000,2048,-0.033747577,2070,-1.031175429,43,0.215040000,-64,-4.520000,40,0.000000000,2048,0.000000000,0,12.400,33,15492,1,0,
113950659277068,113950657426730,113950658170294,113950659277068,1559,15.590000000,center_after_plus_a3,state,0,0.000000000,2048,-0.036815539,2072,-1.079137077,45,0.221760000,-66,0.113000,-1,0.000000000,2048,0.000000000,0,12.400,33,15501,1,0,
113950669251394,113950667427225,113950668167372,113950669251394,1560,15.600000000,center_after_plus_a3,state,0,0.000000000,2048,-0.036815539,2072,-1.055156253,44,0.221760000,-66,6.554000,-58,0.000000000,2048,0.000000000,0,12.400,33,15511,1,0,
113950679266826,113950677428113,113950678157145,113950679266826,1561,15.610000000,center_after_plus_a3,state,0,0.000000000,2048,-0.036815539,2072,-0.935252133,39,0.201600000,-60,17.628000,-156,0.000000000,2048,0.000000000,0,12.400,33,15521,1,0,
113950689256769,113950687431734,113950688167322,113950689256769,1562,15.620000000,center_after_plus_a3,state,0,0.000000000,2048,-0.033747577,2070,-0.719424718,30,0.208320000,-62,20.566000,-182,0.000000000,2048,0.000000000,0,12.200,33,15532,1,0,
113950699254274,113950697431409,113950698168738,113950699254274,1563,15.630000000,center_after_plus_a3,state,0,0.000000000,2048,-0.026077673,2065,-0.503597302,21,0.157920000,-47,23.391000,-207,0.000000000,2048,0.000000000,0,12.500,33,15541,1,0,
113950709246531,113950707427547,113950708163048,113950709246531,1564,15.640000000,center_after_plus_a3,state,0,0.000000000,2048,-0.013805827,2057,-0.239808239,10,0.100800000,-30,25.538000,-226,0.000000000,2048,0.000000000,0,12.400,33,15551,0,1,
113950719258385,113950717430180,113950718166863,113950719258385,1565,15.650000000,center_after_plus_a3,state,0,0.000000000,2048,0.000000000,2048,0.023980824,-1,0.016800000,-5,25.877000,-229,0.000000000,2048,0.000000000,0,12.200,33,15561,0,1,
113950729252975,113950727428042,113950728168172,113950729252975,1566,15.660000000,center_after_plus_a3,state,0,0.000000000,2048,0.012271846,2040,0.287769887,-12,-0.191520000,57,16.272000,-144,0.000000000,2048,0.000000000,0,12.500,33,15571,1,1,
113950739242742,113950737427512,113950738161518,113950739242742,1567,15.670000000,center_after_plus_a3,state,0,0.000000000,2048,0.021475731,2034,0.527578126,-22,-0.006720000,2,4.181000,-37,0.000000000,2048,0.000000000,0,12.400,33,15581,1,0,
113950749244820,113950747428072,113950748165888,113950749244820,1568,15.680000000,center_after_plus_a3,state,0,0.000000000,2048,0.026077673,2031,0.695443894,-29,-0.245280000,73,1.130000,-10,0.000000000,2048,0.000000000,0,12.400,33,15591,1,0,
113950759253414,113950757428261,113950758166446,113950759253414,1569,15.690000000,center_after_plus_a3,state,0,0.000000000,2048,0.027611654,2030,0.815348013,-34,-0.174720000,52,-1.017000,9,0.000000000,2048,0.000000000,0,12.400,33,15601,1,0,
113950769244088,113950767427786,113950768160038,113950769244088,1570,15.700000000,center_after_plus_a3,state,0,0.000000000,2048,0.027611654,2030,0.815348013,-34,-0.151200000,45,-7.684000,68,0.000000000,2048,0.000000000,0,12.400,33,15611,1,0,
113950779254067,113950777432211,113950778165066,113950779254067,1571,15.710000000,center_after_plus_a3,state,0,0.000000000,2048,0.027611654,2030,0.743405542,-31,-0.141120000,42,-15.142000,134,0.000000000,2048,0.000000000,0,12.200,33,15621,1,0,
113950789334071,113950787428801,113950788253416,113950789334071,1572,15.720000000,center_after_plus_a3,state,0,0.000000000,2048,0.023009712,2033,0.575539774,-24,-0.131040000,39,-19.097000,169,0.000000000,2048,0.000000000,0,12.200,33,15632,1,0,
113950799317266,113950797430326,113950798232807,113950799317266,1573,15.730000000,center_after_plus_a3,state,0,0.000000000,2048,0.015339808,2038,0.359712359,-15,-0.094080000,28,-20.453000,181,0.000000000,2048,0.000000000,0,12.400,33,15642,1,1,
113950809268562,113950807432961,113950808174825,113950809268562,1574,15.740000000,center_after_plus_a3,state,0,0.000000000,2048,0.007669904,2043,0.167865767,-7,-0.057120000,17,-22.487000,199,0.000000000,2048,0.000000000,0,12.300,33,15651,0,1,
113950819248791,113950817429630,113950818168544,113950819248791,1575,15.750000000,center_after_plus_a3,state,0,0.000000000,2048,-0.003067962,2050,-0.047961648,2,-0.013440000,4,-20.340000,180,0.000000000,2048,0.000000000,0,12.200,33,15661,0,1,
113950829259950,113950827431542,113950828157003,113950829259950,1576,15.760000000,center_after_plus_a3,state,0,0.000000000,2048,-0.013805827,2057,-0.263789063,11,-0.047040000,14,-8.475000,75,0.000000000,2048,0.000000000,0,12.500,33,15671,1,1,
113950839266508,113950837428565,113950838230937,113950839266508,1577,15.770000000,center_after_plus_a3,state,0,0.000000000,2048,-0.019941750,2061,-0.479616478,20,0.110880000,-33,-2.712000,24,0.000000000,2048,0.000000000,0,12.500,33,15682,1,0,
113950849251133,113950847430534,113950848165035,113950849251133,1578,15.780000000,center_after_plus_a3,state,0,0.000000000,2048,-0.023009712,2063,-0.575539774,24,0.090720000,-27,0.791000,-7,0.000000000,2048,0.000000000,0,12.400,33,15691,1,0,
113950859256435,113950857427564,113950858166003,113950859256435,1579,15.790000000,center_after_plus_a3,state,0,0.000000000,2048,-0.024543693,2064,-0.647482246,27,0.134400000,-40,3.390000,-30,0.000000000,2048,0.000000000,0,12.400,33,15701,1,0,
113950869250450,113950867427893,113950868163313,113950869250450,1580,15.800000000,center_after_plus_a3,state,0,0.000000000,2048,-0.024543693,2064,-0.647482246,27,0.131040000,-39,8.588000,-76,0.000000000,2048,0.000000000,0,12.400,33,15711,1,0,
113950879298020,113950877484849,113950878181065,113950879298020,1581,15.810000000,center_after_plus_a3,state,0,0.000000000,2048,-0.023009712,2063,-0.551558950,23,0.141120000,-42,17.402000,-154,0.000000000,2048,0.000000000,0,12.100,33,15722,1,0,
113950889278070,113950887450940,113950888179584,113950889278070,1582,15.820000000,center_after_plus_a3,state,0,0.000000000,2048,-0.019941750,2061,-0.431654831,18,0.117600000,-35,18.984000,-168,0.000000000,2048,0.000000000,0,12.400,33,15732,1,0,
113950899264724,113950897430645,113950898180495,113950899264724,1583,15.830000000,center_after_plus_a3,state,0,0.000000000,2048,-0.010737866,2055,-0.239808239,10,0.063840000,-19,20.453000,-181,0.000000000,2048,0.000000000,0,12.400,33,15742,0,1,
113950909278145,113950907505258,113950908192710,113950909278145,1584,15.840000000,center_after_plus_a3,state,0,0.000000000,2048,-0.001533981,2049,-0.023980824,1,0.013440000,-4,21.583000,-191,0.000000000,2048,0.000000000,0,12.200,33,15752,0,1,
113950919288441,113950917505853,113950918180437,113950919288441,1585,15.850000000,center_after_plus_a3,state,0,0.000000000,2048,0.010737866,2041,0.143884944,-6,-0.060480000,18,12.543000,-111,0.000000000,2048,0.000000000,0,12.500,33,15762,0,1,
113950929274533,113950927450480,113950928160124,113950929274533,1586,15.860000000,center_after_plus_a3,state,0,0.000000000,2048,0.018407769,2036,0.335731535,-14,-0.023520000,7,1.695000,-15,0.000000000,2048,0.000000000,0,12.400,33,15772,1,0,
113950939292442,113950937502346,113950938185827,113950939292442,1587,15.870000000,center_after_plus_a3,state,0,0.000000000,2048,0.021475731,2034,0.479616478,-20,-0.067200000,20,0.452000,-4,0.000000000,2048,0.000000000,0,12.400,33,15782,1,0,
113950949271149,113950947504326,113950948157611,113950949271149,1588,15.880000000,center_after_plus_a3,state,0,0.000000000,2048,0.023009712,2033,0.575539774,-24,-0.127680000,38,-2.373000,21,0.000000000,2048,0.000000000,0,12.400,33,15792,1,0,
113950959279533,113950957521164,113950958164554,113950959279533,1589,15.890000000,center_after_plus_a3,state,0,0.000000000,2048,0.023009712,2033,0.623501422,-26,-0.117600000,35,-10.283000,91,0.000000000,2048,0.000000000,0,12.400,33,15802,1,0,
113950969295658,113950967513496,113950968161747,113950969295658,1590,15.900000000,center_after_plus_a3,state,0,0.000000000,2048,0.023009712,2033,0.575539774,-24,-0.127680000,38,-16.498000,146,0.000000000,2048,0.000000000,0,12.200,33,15812,1,0,
113950979262785,113950977446525,113950978159611,113950979262785,1591,15.910000000,center_after_plus_a3,state,0,0.000000000,2048,0.016873789,2037,0.455635655,-19,-0.097440000,29,-17.402000,154,0.000000000,2048,0.000000000,0,12.500,33,15821,1,1,
113950989256450,113950987430309,113950988147533,113950989256450,1592,15.920000000,center_after_plus_a3,state,0,0.000000000,2048,0.010737866,2041,0.287769887,-12,-0.063840000,19,-19.662000,174,0.000000000,2048,0.000000000,0,12.500,33,15831,1,1,
113950999230710,113950997433052,113950998143945,113950999230710,1593,15.930000000,center_after_plus_a3,state,0,0.000000000,2048,0.001533981,2047,0.095923296,-4,-0.020160000,6,-21.357000,189,0.000000000,2048,0.000000000,0,12.400,33,15841,0,1,
113951009301076,113951007512767,113951008161828,113951009301076,1594,15.940000000,center_after_plus_a3,state,0,0.000000000,2048,-0.009203885,2054,-0.119904120,5,0.144480000,-43,-12.995000,115,0.000000000,2048,0.000000000,0,12.300,33,15852,0,1,
113951019322606,113951017513382,113951018225898,113951019322606,1595,15.950000000,center_after_plus_a3,state,0,0.000000000,2048,-0.015339808,2058,-0.311750711,13,0.157920000,-47,-0.565000,5,0.000000000,2048,0.000000000,0,12.400,33,15862,1,1,
113951029264497,113951027510625,113951028212825,113951029264497,1596,15.960000000,center_after_plus_a3,state,0,0.000000000,2048,-0.019941750,2061,-0.455635655,19,0.198240000,-59,-2.034000,18,0.000000000,2048,0.000000000,0,12.400,33,15872,1,0,
113951039270267,113951037503053,113951038281951,113951039270267,1597,15.970000000,center_after_plus_a3,state,0,0.000000000,2048,-0.021475731,2062,-0.551558950,23,0.127680000,-38,1.243000,-11,0.000000000,2048,0.000000000,0,12.400,33,15882,1,0,
113951049284629,113951047509567,113951048161836,113951049284629,1598,15.980000000,center_after_plus_a3,state,0,0.000000000,2048,-0.021475731,2062,-0.551558950,23,0.110880000,-33,5.989000,-53,0.000000000,2048,0.000000000,0,12.400,33,15892,1,0,
113951059183415,113951057517356,113951058161959,113951059183415,1599,15.990000000,center_after_plus_a3,hardware_error,0,0.000000000,2048,,,,,,,,,,,,,,,,,,0
113951069284770,113951067504437,113951068164793,113951069284770,1600,16.000000000,center_after_plus_a3,state,0,0.000000000,2048,-0.019941750,2061,-0.431654831,18,0.080640000,-24,15.820000,-140,0.000000000,2048,0.000000000,0,12.300,33,15912,1,0,
113951079261432,113951077505228,113951078160106,113951079261432,1601,16.010000000,center_after_plus_a3,state,0,0.000000000,2048,-0.013805827,2057,-0.311750711,13,0.084000000,-25,18.984000,-168,0.000000000,2048,0.000000000,0,12.500,33,15921,1,1,
113951089267723,113951087452607,113951088175403,113951089267723,1602,16.020000000,center_after_plus_a3,state,0,0.000000000,2048,-0.004601942,2051,-0.119904120,5,0.047040000,-14,20.114000,-178,0.000000000,2048,0.000000000,0,12.500,33,15932,0,1,
113951099262345,113951097521738,113951098154842,113951099262345,1603,16.030000000,center_after_plus_a3,state,0,0.000000000,2048,0.004601942,2045,0.023980824,-1,0.020160000,-6,15.594000,-138,0.000000000,2048,0.000000000,0,12.300,33,15941,0,1,
113951109273795,113951107506038,113951108160527,113951109273795,1604,16.040000000,center_after_plus_a3,state,0,0.000000000,2048,0.012271846,2040,0.215827415,-9,-0.016800000,5,-0.113000,1,0.000000000,2048,0.000000000,0,12.500,33,15951,0,1,
113951119259360,113951117502758,113951118157363,113951119259360,1605,16.050000000,center_after_plus_a3,state,0,0.000000000,2048,0.018407769,2036,0.383693183,-16,-0.147840000,44,0.226000,-2,0.000000000,2048,0.000000000,0,12.500,33,15961,1,0,
113951129280820,113951127501819,113951128161308,113951129280820,1606,16.060000000,center_after_plus_a3,state,0,0.000000000,2048,0.021475731,2034,0.503597302,-21,-0.117600000,35,-1.695000,15,0.000000000,2048,0.000000000,0,12.500,33,15972,1,0,
113951139261946,113951137505395,113951138176494,113951139261946,1607,16.070000000,center_after_plus_a3,state,0,0.000000000,2048,0.021475731,2034,0.551558950,-23,-0.097440000,29,-8.588000,76,0.000000000,2048,0.000000000,0,12.500,32,15982,1,0,
113951149267356,113951147506972,113951148162467,113951149267356,1608,16.080000000,center_after_plus_a3,state,0,0.000000000,2048,0.021475731,2034,0.551558950,-23,-0.107520000,32,-14.012000,124,0.000000000,2048,0.000000000,0,12.500,32,15992,1,0,
113951159276082,113951157506927,113951158160585,113951159276082,1609,16.090000000,center_after_plus_a3,state,0,0.000000000,2048,0.016873789,2037,0.479616478,-20,-0.097440000,29,-16.724000,148,0.000000000,2048,0.000000000,0,12.300,32,16001,1,1,
113951169275123,113951167508230,113951168158556,113951169275123,1610,16.100000000,center_after_plus_a3,state,0,0.000000000,2048,0.009203885,2042,0.311750711,-13,-0.063840000,19,-17.967000,159,0.000000000,2048,0.000000000,0,12.200,32,16012,1,1,
113951179269897,113951177501757,113951178158139,113951179269897,1611,16.110000000,center_after_plus_a3,state,0,0.000000000,2048,0.003067962,2046,0.143884944,-6,-0.026880000,8,-20.114000,178,0.000000000,2048,0.000000000,0,12.500,32,16021,0,1,
113951189292055,113951187452245,113951188187962,113951189292055,1612,16.120000000,center_after_plus_a3,state,0,0.000000000,2048,-0.006135923,2052,-0.047961648,2,-0.067200000,20,-3.503000,31,0.000000000,2048,0.000000000,0,12.400,32,16032,0,1,
113951199268456,113951197512910,113951198159609,113951199268456,1613,16.130000000,center_after_plus_a3,state,0,0.000000000,2048,-0.013805827,2057,-0.239808239,10,0.110880000,-33,-9.492000,84,0.000000000,2048,0.000000000,0,12.500,32,16042,0,1,
113951209263515,113951207505025,113951208176329,113951209263515,1614,16.140000000,center_after_plus_a3,state,0,0.000000000,2048,-0.018407769,2060,-0.383693183,16,-0.006720000,2,-1.017000,9,0.000000000,2048,0.000000000,0,12.500,32,16051,1,0,
113951219265305,113951217504817,113951218156824,113951219265305,1615,16.150000000,center_after_plus_a3,state,0,0.000000000,2048,-0.019941750,2061,-0.479616478,20,0.131040000,-39,1.017000,-9,0.000000000,2048,0.000000000,0,12.500,32,16061,1,0,
113951229249706,113951227503451,113951228177349,113951229249706,1616,16.160000000,center_after_plus_a3,state,0,0.000000000,2048,-0.019941750,2061,-0.527578126,22,0.120960000,-36,3.616000,-32,0.000000000,2048,0.000000000,0,12.400,32,16071,1,0,
113951239279927,113951237507602,113951238164175,113951239279927,1617,16.170000000,center_after_plus_a3,state,0,0.000000000,2048,-0.019941750,2061,-0.503597302,21,0.107520000,-32,9.153000,-81,0.000000000,2048,0.000000000,0,12.300,32,16081,1,0,
113951249283691,113951247507913,113951248205100,113951249283691,1618,16.180000000,center_after_plus_a3,state,0,0.000000000,2048,-0.018407769,2060,-0.431654831,18,0.151200000,-45,14.803000,-131,0.000000000,2048,0.000000000,0,12.400,32,16091,1,0,
113951259272559,113951257504721,113951258202756,113951259272559,1619,16.190000000,center_after_plus_a3,state,0,0.000000000,2048,-0.015339808,2058,-0.311750711,13,0.094080000,-28,17.628000,-156,0.000000000,2048,0.000000000,0,12.400,32,16101,1,1,
113951269275220,113951267517662,113951268162284,113951269275220,1620,16.200000000,center_after_plus_a3,state,0,0.000000000,2048,-0.007669904,2053,-0.167865767,7,0.050400000,-15,19.097000,-169,0.000000000,2048,0.000000000,0,12.300,32,16111,0,1,
113951279303039,113951277509446,113951278161485,113951279303039,1621,16.210000000,center_after_plus_a3,state,0,0.000000000,2048,0.001533981,2047,0.000000000,0,0.010080000,-3,18.532000,-164,0.000000000,2048,0.000000000,0,12.500,32,16121,0,1,
113951289488052,113951287451963,113951288160409,113951289488052,1622,16.220000000,center_after_plus_a3,state,0,0.000000000,2048,0.012271846,2040,0.167865767,-7,-0.157920000,47,10.961000,-97,0.000000000,2048,0.000000000,0,12.500,32,16131,0,1,
113951299319901,113951297503795,113951298175787,113951299319901,1623,16.230000000,center_after_plus_a3,state,0,0.000000000,2048,0.016873789,2037,0.335731535,-14,-0.174720000,52,2.938000,-26,0.000000000,2048,0.000000000,0,12.400,32,16141,1,1,
113951309251789,113951307451480,113951308203386,113951309251789,1624,16.240000000,center_after_plus_a3,state,0,0.000000000,2048,0.019941750,2035,0.455635655,-19,-0.100800000,30,-0.113000,1,0.000000000,2048,0.000000000,0,12.400,32,16152,1,0,
113951319231071,113951317511131,113951318163378,113951319231071,1625,16.250000000,center_after_plus_a3,state,0,0.000000000,2048,0.019941750,2035,0.503597302,-21,-0.107520000,32,-5.311000,47,0.000000000,2048,0.000000000,0,12.400,32,16161,1,0,
113951329249777,113951327509611,113951328157168,113951329249777,1626,16.260000000,center_after_plus_a3,state,0,0.000000000,2048,0.019941750,2035,0.527578126,-22,-0.110880000,33,-11.752000,104,0.000000000,2048,0.000000000,0,12.300,32,16172,1,0,
113951339243176,113951337501972,113951338174751,113951339243176,1627,16.270000000,center_after_plus_a3,state,0,0.000000000,2048,0.016873789,2037,0.479616478,-20,-0.104160000,31,-16.498000,146,0.000000000,2048,0.000000000,0,12.400,32,16181,1,1,
113951349258410,113951347519787,113951348157805,113951349258410,1628,16.280000000,center_after_plus_a3,state,0,0.000000000,2048,0.010737866,2041,0.335731535,-14,-0.060480000,18,-17.402000,154,0.000000000,2048,0.000000000,0,12.400,32,16191,1,1,
113951359246060,113951357504986,113951358137440,113951359246060,1629,16.290000000,center_after_plus_a3,state,0,0.000000000,2048,0.004601942,2045,0.167865767,-7,-0.040320000,12,-19.775000,175,0.000000000,2048,0.000000000,0,12.400,32,16201,0,1,
113951369320303,113951367502355,113951368153563,113951369320303,1630,16.300000000,center_after_plus_a3,state,0,0.000000000,2048,-0.004601942,2051,0.000000000,0,-0.020160000,6,-16.159000,143,0.000000000,2048,0.000000000,0,12.300,32,16211,0,1,
113951379241252,113951377508985,113951378190798,113951379241252,1631,16.310000000,center_after_plus_a3,state,0,0.000000000,2048,-0.012271846,2056,-0.191846591,8,0.084000000,-25,-8.814000,78,0.000000000,2048,0.000000000,0,12.400,33,16222,0,1,
113951389463716,113951387452409,113951388309029,113951389463716,1632,16.320000000,center_after_plus_a3,state,0,0.000000000,2048,-0.018407769,2060,-0.359712359,15,0.023520000,-7,-0.565000,5,0.000000000,2048,0.000000000,0,12.400,33,16232,1,0,
113951399288719,113951397521618,113951398178208,113951399288719,1633,16.330000000,center_after_plus_a3,state,0,0.000000000,2048,-0.019941750,2061,-0.455635655,19,0.100800000,-30,1.130000,-10,0.000000000,2048,0.000000000,0,12.400,33,16241,1,0,
113951409308496,113951407511240,113951408181234,113951409308496,1634,16.340000000,center_after_plus_a3,state,0,0.000000000,2048,-0.019941750,2061,-0.503597302,21,0.117600000,-35,3.616000,-32,0.000000000,2048,0.000000000,0,12.400,33,16252,1,0,
113951419303729,113951417505825,113951418151519,113951419303729,1635,16.350000000,center_after_plus_a3,state,0,0.000000000,2048,-0.019941750,2061,-0.479616478,20,0.104160000,-31,8.249000,-73,0.000000000,2048,0.000000000,0,12.400,33,16261,1,0,
113951429285677,113951427507648,113951428184089,113951429285677,1636,16.360000000,center_after_plus_a3,state,0,0.000000000,2048,-0.018407769,2060,-0.431654831,18,0.117600000,-35,16.611000,-147,0.000000000,2048,0.000000000,0,12.400,33,16272,1,0,
113951439258351,113951437505807,113951438180386,113951439258351,1637,16.370000000,center_after_plus_a3,state,0,0.000000000,2048,-0.015339808,2058,-0.311750711,13,0.070560000,-21,17.289000,-153,0.000000000,2048,0.000000000,0,12.500,33,16282,1,1,
113951449300838,113951447504998,113951448149653,113951449300838,1638,16.380000000,center_after_plus_a3,state,0,0.000000000,2048,-0.009203885,2054,-0.191846591,8,0.050400000,-15,19.210000,-170,0.000000000,2048,0.000000000,0,12.500,33,16291,0,1,
113951459432973,113951457503553,113951458191458,113951459432973,1639,16.390000000,center_after_plus_a3,state,0,0.000000000,2048,0.001533981,2047,0.000000000,0,0.006720000,-2,19.436000,-172,0.000000000,2048,0.000000000,0,12.400,33,16301,0,1,
113951469305078,113951467453254,113951468151167,113951469305078,1640,16.400000000,center_after_plus_a3,state,0,0.000000000,2048,0.010737866,2041,0.143884944,-6,0.016800000,-5,4.407000,-39,0.000000000,2048,0.000000000,0,12.400,33,16311,0,1,
113951479301247,113951477515773,113951478294474,113951479301247,1641,16.410000000,center_after_plus_a3,state,0,0.000000000,2048,0.016873789,2037,0.311750711,-13,-0.120960000,36,0.339000,-3,0.000000000,2048,0.000000000,0,12.400,33,16322,1,1,
113951489264005,113951487451341,113951488167112,113951489264005,1642,16.420000000,center_after_plus_a3,state,0,0.000000000,2048,0.019941750,2035,0.431654831,-18,-0.036960000,11,-0.904000,8,0.000000000,2048,0.000000000,0,12.400,33,16331,1,0,
113951499252622,113951497504119,113951498184896,113951499252622,1643,16.430000000,center_after_plus_a3,state,0,0.000000000,2048,0.019941750,2035,0.503597302,-21,-0.097440000,29,-5.311000,47,0.000000000,2048,0.000000000,0,12.400,33,16342,1,0,
113951509241279,113951507505755,113951508153854,113951509241279,1644,16.440000000,center_after_plus_a3,state,0,0.000000000,2048,0.019941750,2035,0.527578126,-22,-0.100800000,30,-11.639000,103,0.000000000,2048,0.000000000,0,12.400,33,16351,1,0,
113951519213922,113951517506242,113951518135929,113951519213922,1645,16.450000000,center_after_plus_a3,state,0,0.000000000,2048,0.016873789,2037,0.479616478,-20,-0.100800000,30,-16.385000,145,0.000000000,2048,0.000000000,0,12.400,33,16361,1,1,
113951529253930,113951527505512,113951528142257,113951529253930,1646,16.460000000,center_after_plus_a3,state,0,0.000000000,2048,0.010737866,2041,0.359712359,-15,-0.063840000,19,-17.289000,153,0.000000000,2048,0.000000000,0,12.400,33,16371,1,1,
113951539240018,113951537522526,113951538155643,113951539240018,1647,16.470000000,center_after_plus_a3,state,0,0.000000000,2048,0.006135923,2044,0.191846591,-8,-0.033600000,10,-19.210000,170,0.000000000,2048,0.000000000,0,12.500,33,16381,0,1,
113951549208653,113951547505538,113951548137063,113951549208653,1648,16.480000000,center_after_plus_a3,state,0,0.000000000,2048,-0.003067962,2050,0.000000000,0,-0.013440000,4,-17.741000,157,0.000000000,2048,0.000000000,0,12.500,33,16391,0,1,
113951559238312,113951557504739,113951558140206,113951559238312,1649,16.490000000,center_after_plus_a3,state,0,0.000000000,2048,-0.012271846,2056,-0.167865767,7,-0.033600000,10,-6.667000,59,0.000000000,2048,0.000000000,0,12.500,33,16401,0,1,
113951569413255,113951567503731,113951568144047,113951569413255,1650,16.500000000,minus_a3,state,0,-0.105000000,2116,-0.018407769,2060,-0.311750711,13,0.228480000,-68,-2.825000,25,-0.104310694,2116,0.000000000,0,12.500,33,16411,1,0,
113951579296245,113951577453396,113951578200349,113951579296245,1651,16.510000000,minus_a3,state,0,-0.105000000,2116,-0.024543693,2064,-0.455635655,19,-0.460320000,137,-30.623000,271,-0.104310694,2116,0.000000000,0,12.400,33,16421,1,0,
113951589293147,113951587435747,113951588193414,113951589293147,1652,16.520000000,minus_a3,state,0,-0.105000000,2116,-0.036815539,2072,-0.575539774,24,-0.396480000,118,-36.386000,322,-0.104310694,2116,0.000000000,0,12.500,33,16431,1,0,
113951599289226,113951597433284,113951598196523,113951599289226,1653,16.530000000,minus_a3,state,0,-0.105000000,2116,-0.053689328,2083,-0.695443894,29,-0.309120000,92,-41.471000,367,-0.104310694,2116,0.000000000,0,12.400,33,16441,1,0,
113951609325844,113951607427752,113951608186590,113951609325844,1654,16.540000000,minus_a3,state,0,-0.105000000,2116,-0.073631078,2096,-0.839328837,35,-0.194880000,58,-44.522000,394,-0.104310694,2116,0.000000000,0,12.300,33,16451,1,0,
113951619373238,113951617431461,113951618336819,113951619373238,1655,16.550000000,minus_a3,state,0,-0.105000000,2116,-0.098174770,2112,-1.055156253,44,-0.057120000,17,-44.635000,395,-0.104310694,2116,0.000000000,0,12.500,33,16462,1,1,
113951629400051,113951627438515,113951628307651,113951629400051,1656,16.560000000,minus_a3,state,0,-0.105000000,2116,-0.119650501,2126,-1.247002844,52,-0.141120000,42,-13.221000,117,-0.104310694,2116,0.000000000,0,12.400,33,16472,1,1,
113951639301666,113951637442804,113951638208368,113951639301666,1657,16.570000000,minus_a3,state,0,-0.105000000,2116,-0.136524290,2137,-1.438849435,60,0.087360000,-26,-11.752000,104,-0.104310694,2116,0.000000000,0,12.500,32,16481,1,0,
113951649296094,113951647505924,113951648273508,113951649296094,1658,16.580000000,minus_a3,state,0,-0.105000000,2116,-0.148796136,2145,-1.630696027,68,0.255360000,-76,-17.741000,157,-0.104310694,2116,0.000000000,0,12.500,32,16492,1,0,
113951659217242,113951657514552,113951658166272,113951659217242,1659,16.590000000,minus_a3,state,0,-0.105000000,2116,-0.158000021,2151,-1.702638498,71,0.309120000,-92,-14.916000,132,-0.104310694,2116,0.000000000,0,12.400,32,16501,1,0,
113951669225616,113951667431552,113951668133284,113951669225616,1660,16.600000000,minus_a3,state,0,-0.105000000,2116,-0.167203906,2157,-1.702638498,71,0.356160000,-106,-10.396000,92,-0.104310694,2116,0.000000000,0,12.400,32,16511,1,0,
113951679250211,113951677430010,113951678259841,113951679250211,1661,16.610000000,minus_a3,state,0,-0.105000000,2116,-0.173339829,2161,-1.582734379,66,0.389760000,-116,-2.712000,24,-0.104310694,2116,0.000000000,0,12.400,32,16522,1,0,
113951689249080,113951687437908,113951688139380,113951689249080,1662,16.620000000,minus_a3,state,0,-0.105000000,2116,-0.176407791,2163,-1.438849435,60,0.366240000,-109,7.232000,-64,-0.104310694,2116,0.000000000,0,12.400,32,16531,1,0,
113951699223578,113951697434197,113951698137390,113951699223578,1663,16.630000000,minus_a3,state,0,-0.105000000,2116,-0.174873810,2162,-1.199041196,50,0.413280000,-123,22.374000,-198,-0.104310694,2116,0.000000000,0,12.400,32,16541,1,0,
113951709213423,113951707428176,113951708126937,113951709213423,1664,16.640000000,minus_a3,state,0,-0.105000000,2116,-0.170271867,2159,-0.935252133,39,0.386400000,-115,28.137000,-249,-0.104310694,2116,0.000000000,0,12.400,32,16551,1,0,
113951719214079,113951717431075,113951718107960,113951719214079,1665,16.650000000,minus_a3,state,0,-0.105000000,2116,-0.159534002,2152,-0.647482246,27,0.349440000,-104,33.674000,-298,-0.104310694,2116,0.000000000,0,12.400,32,16561,1,0,
113951729203527,113951727430578,113951728126067,113951729203527,1666,16.660000000,minus_a3,state,0,-0.105000000,2116,-0.144194194,2142,-0.311750711,13,0.258720000,-77,36.951000,-327,-0.104310694,2116,0.000000000,0,12.400,32,16571,1,0,
113951739211983,113951737427934,113951738125824,113951739211983,1667,16.670000000,minus_a3,state,0,-0.105000000,2116,-0.124252444,2129,0.023980824,-1,0.154560000,-46,38.759000,-343,-0.104310694,2116,0.000000000,0,12.500,32,16581,0,0,
113951749207574,113951747428220,113951748106557,113951749207574,1668,16.680000000,minus_a3,state,0,-0.105000000,2116,-0.104310694,2116,0.407674007,-17,0.020160000,-6,38.081000,-337,-0.104310694,2116,0.000000000,0,12.500,32,16591,1,1,
113951759205720,113951757426895,113951758103050,113951759205720,1669,16.690000000,minus_a3,state,0,-0.105000000,2116,-0.085902924,2104,0.767386366,-32,-0.057120000,17,24.521000,-217,-0.104310694,2116,0.000000000,0,12.400,32,16601,1,0,
113951769217072,113951767428012,113951768121145,113951769217072,1670,16.700000000,minus_a3,state,0,-0.105000000,2116,-0.073631078,2096,1.079137077,-45,-0.063840000,19,8.927000,-79,-0.104310694,2116,0.000000000,0,12.400,32,16611,1,0,
113951779211897,113951777431096,113951778107494,113951779211897,1671,16.710000000,minus_a3,state,0,-0.105000000,2116,-0.065961174,2091,1.294964492,-54,-0.231840000,69,11.300000,-100,-0.104310694,2116,0.000000000,0,12.400,32,16621,1,0,
113951789214400,113951787428959,113951788107061,113951789214400,1672,16.720000000,minus_a3,state,0,-0.105000000,2116,-0.058291270,2086,1.390887787,-58,-0.252000000,75,8.701000,-77,-0.104310694,2116,0.000000000,0,12.400,32,16631,1,0,
113951799208241,113951797430596,113951798105663,113951799208241,1673,16.730000000,minus_a3,state,0,-0.105000000,2116,-0.053689328,2083,1.366906964,-57,-0.268800000,80,3.390000,-30,-0.104310694,2116,0.000000000,0,12.400,32,16641,1,0,
113951809203543,113951807425759,113951808106600,113951809203543,1674,16.740000000,minus_a3,state,0,-0.105000000,2116,-0.050621366,2081,1.270983668,-53,-0.302400000,90,-3.729000,33,-0.104310694,2116,0.000000000,0,12.400,32,16651,1,0,
113951819187619,113951817429138,113951818106675,113951819187619,1675,16.750000000,minus_a3,state,0,-0.105000000,2116,-0.050621366,2081,1.079137077,-45,-0.285600000,85,-16.385000,145,-0.104310694,2116,0.000000000,0,12.400,32,16661,1,0,
113951829191413,113951827431319,113951828109020,113951829191413,1676,16.760000000,minus_a3,state,0,-0.105000000,2116,-0.052155347,2082,0.839328837,-35,-0.299040000,89,-23.391000,207,-0.104310694,2116,0.000000000,0,12.500,32,16671,1,0,
113951839185894,113951837427926,113951838102497,113951839185894,1677,16.770000000,minus_a3,state,0,-0.105000000,2116,-0.061359232,2088,0.599520598,-25,-0.258720000,77,-28.024000,248,-0.104310694,2116,0.000000000,0,12.400,32,16681,1,0,
113951849215798,113951847438657,113951848115557,113951849215798,1678,16.780000000,minus_a3,state,0,-0.105000000,2116,-0.075165059,2097,0.311750711,-13,-0.168000000,50,-31.414000,278,-0.104310694,2116,0.000000000,0,12.400,32,16691,1,0,
113951859209209,113951857431492,113951858104626,113951859209209,1679,16.790000000,minus_a3,state,0,-0.105000000,2116,-0.092038847,2108,0.023980824,-1,-0.084000000,25,-33.222000,294,-0.104310694,2116,0.000000000,0,12.500,33,16701,0,1,
113951869193076,113951867428558,113951868109433,113951869193076,1680,16.800000000,minus_a3,state,0,-0.105000000,2116,-0.107378655,2118,-0.287769887,12,-0.010080000,3,-32.092000,284,-0.104310694,2116,0.000000000,0,12.500,33,16711,1,1,
113951879194059,113951877431149,113951878108747,113951879194059,1681,16.810000000,minus_a3,state,0,-0.105000000,2116,-0.122718463,2128,-0.599520598,25,0.463680000,-138,-10.848000,96,-0.104310694,2116,0.000000000,0,12.400,33,16721,1,0,
113951889195615,113951887428113,113951888105060,113951889195615,1682,16.820000000,minus_a3,state,0,-0.105000000,2116,-0.131922348,2134,-0.839328837,35,0.033600000,-10,-4.294000,38,-0.104310694,2116,0.000000000,0,12.400,33,16731,1,0,
113951899190517,113951897430783,113951898107038,113951899190517,1683,16.830000000,minus_a3,state,0,-0.105000000,2116,-0.136524290,2137,-1.031175429,43,0.268800000,-80,-1.243000,11,-0.104310694,2116,0.000000000,0,12.400,33,16741,1,0,
113951909186188,113951907428193,113951908106069,113951909186188,1684,16.840000000,minus_a3,state,0,-0.105000000,2116,-0.141126232,2140,-1.103117900,46,0.194880000,-58,2.034000,-18,-0.104310694,2116,0.000000000,0,12.400,33,16751,1,0,
113951919192399,113951917430014,113951918111087,113951919192399,1685,16.850000000,minus_a3,state,0,-0.105000000,2116,-0.141126232,2140,-1.055156253,44,0.215040000,-64,6.554000,-58,-0.104310694,2116,0.000000000,0,12.400,33,16761,1,0,
113951929187829,113951927428436,113951928104192,113951929187829,1686,16.860000000,minus_a3,state,0,-0.105000000,2116,-0.138058271,2138,-0.935252133,39,0.194880000,-58,17.628000,-156,-0.104310694,2116,0.000000000,0,12.400,33,16771,1,0,
113951939175161,113951937427822,113951938097970,113951939175161,1687,16.870000000,minus_a3,state,0,-0.105000000,2116,-0.131922348,2134,-0.719424718,30,0.184800000,-55,20.227000,-179,-0.104310694,2116,0.000000000,0,12.400,33,16781,1,0,
113951949183940,113951947427933,113951948105908,113951949183940,1688,16.880000000,minus_a3,state,0,-0.105000000,2116,-0.127320405,2131,-0.431654831,18,0.131040000,-39,23.165000,-205,-0.104310694,2116,0.000000000,0,12.600,33,16791,1,0,
113951959195577,113951957426709,113951958108185,113951959195577,1689,16.890000000,minus_a3,state,0,-0.105000000,2116,-0.116582540,2124,-0.191846591,8,0.073920000,-22,24.973000,-221,-0.104310694,2116,0.000000000,0,12.500,33,16801,0,1,
113951969186668,113951967427907,113951968101631,113951969186668,1690,16.900000000,minus_a3,state,0,-0.105000000,2116,-0.104310694,2116,0.047961648,-2,0.013440000,-4,25.538000,-226,-0.104310694,2116,0.000000000,0,12.400,33,16811,0,1,
113951979196695,113951977430102,113951978105543,113951979196695,1691,16.910000000,minus_a3,state,0,-0.105000000,2116,-0.093572828,2109,0.311750711,-13,0.053760000,-16,12.204000,-108,-0.104310694,2116,0.000000000,0,12.400,33,16821,1,1,
113951989196617,113951987431946,113951988105528,113951989196617,1692,16.920000000,minus_a3,state,0,-0.105000000,2116,-0.084368943,2103,0.527578126,-22,-0.090720000,27,0.000000,0,-0.104310694,2116,0.000000000,0,12.400,33,16831,1,0,
113951999188764,113951997430831,113951998104038,113951999188764,1693,16.930000000,minus_a3,state,0,-0.105000000,2116,-0.079767001,2100,0.671463070,-28,-0.077280000,23,-0.226000,2,-0.104310694,2116,0.000000000,0,12.400,33,16841,1,0,
113952009185658,113952007427519,113952008103263,113952009185658,1694,16.940000000,minus_a3,state,0,-0.105000000,2116,-0.078233020,2099,0.743405542,-31,-0.147840000,44,-0.678000,6,-0.104310694,2116,0.000000000,0,12.400,33,16851,1,0,
113952019191363,113952017429290,113952018104566,113952019191363,1695,16.950000000,minus_a3,state,0,-0.105000000,2116,-0.078233020,2099,0.743405542,-31,-0.144480000,43,-8.814000,78,-0.104310694,2116,0.000000000,0,12.400,33,16861,1,0,
113952029183674,113952027427932,113952028100448,113952029183674,1696,16.960000000,minus_a3,state,0,-0.105000000,2116,-0.078233020,2099,0.671463070,-28,-0.141120000,42,-16.611000,147,-0.104310694,2116,0.000000000,0,12.400,33,16871,1,0,
113952039189833,113952037427810,113952038103904,113952039189833,1697,16.970000000,minus_a3,state,0,-0.105000000,2116,-0.081300982,2101,0.551558950,-23,-0.137760000,41,-19.436000,172,-0.104310694,2116,0.000000000,0,12.200,33,16881,1,0,
113952049187921,113952047426672,113952048104021,113952049187921,1698,16.980000000,minus_a3,state,0,-0.105000000,2116,-0.088970886,2106,0.359712359,-15,-0.084000000,25,-21.696000,192,-0.104310694,2116,0.000000000,0,12.500,33,16891,1,1,
113952059131552,113952057427602,113952058104560,113952059131552,1699,16.990000000,minus_a3,hardware_error,0,-0.105000000,2116,,,,,,,,,,,,,,,,,,0
113952069198123,113952067428063,113952068102323,113952069198123,1700,17.000000000,minus_a3,state,0,-0.105000000,2116,-0.110446617,2120,-0.071942472,3,-0.063840000,19,-10.057000,89,-0.104310694,2116,0.000000000,0,12.200,33,16911,0,1,
113952079202431,113952077432945,113952078110361,113952079202431,1701,17.010000000,minus_a3,state,0,-0.105000000,2116,-0.118116521,2125,-0.287769887,12,-0.003360000,1,-3.051000,27,-0.104310694,2116,0.000000000,0,12.500,33,16921,1,1,
113952089193167,113952087428635,113952088108225,113952089193167,1702,17.020000000,minus_a3,state,0,-0.105000000,2116,-0.124252444,2129,-0.455635655,19,0.067200000,-20,-0.339000,3,-0.104310694,2116,0.000000000,0,12.500,33,16931,1,0,
113952099189420,113952097431649,113952098104281,113952099189420,1703,17.030000000,minus_a3,state,0,-0.105000000,2116,-0.125786425,2130,-0.575539774,24,0.124320000,-37,0.565000,-5,-0.104310694,2116,0.000000000,0,12.400,33,16941,1,0,
113952109200027,113952107428965,113952108106943,113952109200027,1704,17.040000000,minus_a3,state,0,-0.105000000,2116,-0.127320405,2131,-0.647482246,27,0.107520000,-32,5.537000,-49,-0.104310694,2116,0.000000000,0,12.400,33,16951,1,0,
113952119196431,113952117431763,113952118108590,113952119196431,1705,17.050000000,minus_a3,state,0,-0.105000000,2116,-0.125786425,2130,-0.599520598,25,0.097440000,-29,10.509000,-93,-0.104310694,2116,0.000000000,0,12.400,33,16961,1,0,
113952129180362,113952127429495,113952128103679,113952129180362,1706,17.060000000,minus_a3,state,0,-0.105000000,2116,-0.121184482,2127,-0.503597302,21,0.104160000,-31,13.786000,-122,-0.104310694,2116,0.000000000,0,12.200,33,16971,1,1,
113952139186485,113952137427862,113952138100961,113952139186485,1707,17.070000000,minus_a3,state,0,-0.105000000,2116,-0.118116521,2125,-0.335731535,14,0.077280000,-23,17.402000,-154,-0.104310694,2116,0.000000000,0,12.500,33,16981,1,1,
113952149184670,113952147428055,113952148105588,113952149184670,1708,17.080000000,minus_a3,state,0,-0.105000000,2116,-0.110446617,2120,-0.167865767,7,0.050400000,-15,19.549000,-173,-0.104310694,2116,0.000000000,0,12.400,33,16991,0,1,
113952159182795,113952157427658,113952158109521,113952159182795,1709,17.090000000,minus_a3,state,0,-0.105000000,2116,-0.102776713,2115,0.000000000,0,0.003360000,-1,20.001000,-177,-0.104310694,2116,0.000000000,0,12.300,33,17001,0,1,
113952169192006,113952167427587,113952168117779,113952169192006,1710,17.100000000,minus_a3,state,0,-0.105000000,2116,-0.095106809,2110,0.191846591,-8,0.006720000,-2,5.085000,-45,-0.104310694,2116,0.000000000,0,12.400,33,17011,0,1,
113952179193747,113952177430692,113952178092837,113952179193747,1711,17.110000000,minus_a3,state,0,-0.105000000,2116,-0.088970886,2106,0.335731535,-14,-0.120960000,36,5.989000,-53,-0.104310694,2116,0.000000000,0,12.400,33,17021,1,1,
113952189177054,113952187428391,113952188084405,113952189177054,1712,17.120000000,minus_a3,state,0,-0.105000000,2116,-0.084368943,2103,0.455635655,-19,-0.013440000,4,-0.452000,4,-0.104310694,2116,0.000000000,0,12.400,33,17031,1,0,
113952199195834,113952197427969,113952198087779,113952199195834,1713,17.130000000,minus_a3,state,0,-0.105000000,2116,-0.084368943,2103,0.503597302,-21,-0.107520000,32,-2.260000,20,-0.104310694,2116,0.000000000,0,12.400,33,17041,1,0,
113952209202984,113952207428529,113952208090326,113952209202984,1714,17.140000000,minus_a3,state,0,-0.105000000,2116,-0.084368943,2103,0.503597302,-21,-0.100800000,30,-9.040000,80,-0.104310694,2116,0.000000000,0,12.400,33,17051,1,0,
113952219151084,113952217429637,113952218075626,113952219151084,1715,17.150000000,minus_a3,state,0,-0.105000000,2116,-0.084368943,2103,0.479616478,-20,-0.110880000,33,-14.916000,132,-0.104310694,2116,0.000000000,0,12.300,33,17061,1,0,
113952229128861,113952227427782,113952228076307,113952229128861,1716,17.160000000,minus_a3,state,0,-0.105000000,2116,-0.087436905,2105,0.383693183,-16,-0.104160000,31,-17.628000,156,-0.104310694,2116,0.000000000,0,12.200,33,17071,1,1,
113952239147389,113952237428107,113952238078617,113952239147389,1717,17.170000000,minus_a3,state,0,-0.105000000,2116,-0.095106809,2110,0.239808239,-10,-0.047040000,14,-19.775000,175,-0.104310694,2116,0.000000000,0,12.500,33,17081,0,1,
113952249235295,113952247425881,113952248105628,113952249235295,1718,17.180000000,minus_a3,state,0,-0.105000000,2116,-0.105844674,2117,0.047961648,-2,-0.006720000,2,-20.114000,178,-0.104310694,2116,0.000000000,0,12.500,33,17091,0,1,
113952259168656,113952257428890,113952258086213,113952259168656,1719,17.190000000,minus_a3,state,0,-0.105000000,2116,-0.115048559,2123,-0.119904120,5,-0.003360000,1,-3.277000,29,-0.104310694,2116,0.000000000,0,12.400,33,17101,0,1,
113952269134053,113952267428148,113952268103019,113952269134053,1720,17.200000000,minus_a3,state,0,-0.105000000,2116,-0.119650501,2126,-0.287769887,12,0.067200000,-20,-3.164000,28,-0.104310694,2116,0.000000000,0,12.400,33,17111,1,1,
113952279176841,113952277431147,113952278090449,113952279176841,1721,17.210000000,minus_a3,state,0,-0.105000000,2116,-0.122718463,2128,-0.407674007,17,0.030240000,-9,-0.113000,1,-0.104310694,2116,0.000000000,0,12.400,33,17121,1,0,
113952289180021,113952287428464,113952288087700,113952289180021,1722,17.220000000,minus_a3,state,0,-0.105000000,2116,-0.124252444,2129,-0.503597302,21,0.110880000,-33,3.051000,-27,-0.104310694,2116,0.000000000,0,12.400,33,17131,1,0,
113952299172593,113952297432690,113952298084276,113952299172593,1723,17.230000000,minus_a3,state,0,-0.105000000,2116,-0.124252444,2129,-0.527578126,22,0.114240000,-34,6.215000,-55,-0.104310694,2116,0.000000000,0,12.400,33,17141,1,0,
113952309163314,113952307426243,113952308083592,113952309163314,1724,17.240000000,minus_a3,state,0,-0.105000000,2116,-0.122718463,2128,-0.479616478,20,0.110880000,-33,14.464000,-128,-0.104310694,2116,0.000000000,0,12.400,33,17151,1,0,
113952319159331,113952317430023,113952318075361,113952319159331,1725,17.250000000,minus_a3,state,0,-0.105000000,2116,-0.116582540,2124,-0.359712359,15,0.047040000,-14,14.351000,-127,-0.104310694,2116,0.000000000,0,12.400,33,17161,1,1,
113952329175353,113952327430495,113952328088560,113952329175353,1726,17.260000000,minus_a3,state,0,-0.105000000,2116,-0.113514578,2122,-0.215827415,9,0.053760000,-16,17.515000,-155,-0.104310694,2116,0.000000000,0,12.200,33,17171,0,1,
113952339161273,113952337428773,113952338078886,113952339161273,1727,17.270000000,minus_a3,state,0,-0.105000000,2116,-0.107378655,2118,-0.047961648,2,0.023520000,-7,19.662000,-174,-0.104310694,2116,0.000000000,0,12.500,33,17181,0,1,
113952349172866,113952347428185,113952348083192,113952349172866,1728,17.280000000,minus_a3,state,0,-0.105000000,2116,-0.098174770,2112,0.095923296,-4,0.060480000,-18,5.650000,-50,-0.104310694,2116,0.000000000,0,12.500,33,17191,0,1,
113952359188091,113952357427197,113952358083206,113952359188091,1729,17.290000000,minus_a3,state,0,-0.105000000,2116,-0.090504866,2107,0.239808239,-10,-0.033600000,10,3.503000,-31,-0.104310694,2116,0.000000000,0,12.400,33,17201,0,1,
113952369169266,113952367427115,113952368090052,113952369169266,1730,17.300000000,minus_a3,state,0,-0.105000000,2116,-0.085902924,2104,0.383693183,-16,-0.191520000,57,1.243000,-11,-0.104310694,2116,0.000000000,0,12.400,33,17211,1,0,
113952379169627,113952377432578,113952378086028,113952379169627,1731,17.310000000,minus_a3,state,0,-0.105000000,2116,-0.084368943,2103,0.455635655,-19,-0.114240000,34,-1.017000,9,-0.104310694,2116,0.000000000,0,12.400,33,17221,1,0,
113952389174832,113952387428351,113952388084192,113952389174832,1732,17.320000000,minus_a3,state,0,-0.105000000,2116,-0.084368943,2103,0.479616478,-20,-0.107520000,32,-6.328000,56,-0.104310694,2116,0.000000000,0,12.300,33,17231,1,0,
113952399174422,113952397428582,113952398082324,113952399174422,1733,17.330000000,minus_a3,state,0,-0.105000000,2116,-0.084368943,2103,0.455635655,-19,-0.097440000,29,-13.899000,123,-0.104310694,2116,0.000000000,0,12.400,33,17241,1,0,
113952409167737,113952407427827,113952408081323,113952409167737,1734,17.340000000,minus_a3,state,0,-0.105000000,2116,-0.085902924,2104,0.407674007,-17,-0.104160000,31,-16.950000,150,-0.104310694,2116,0.000000000,0,12.400,33,17251,1,0,
113952419162205,113952417429936,113952418082418,113952419162205,1735,17.350000000,minus_a3,state,0,-0.105000000,2116,-0.093572828,2109,0.287769887,-12,-0.060480000,18,-18.871000,167,-0.104310694,2116,0.000000000,0,12.200,33,17261,1,1,
113952429162234,113952427427765,113952428079059,113952429162234,1736,17.360000000,minus_a3,state,0,-0.105000000,2116,-0.102776713,2115,0.095923296,-4,-0.016800000,5,-20.114000,178,-0.104310694,2116,0.000000000,0,12.300,33,17271,0,1,
113952439161557,113952437427911,113952438094304,113952439161557,1737,17.370000000,minus_a3,state,0,-0.105000000,2116,-0.111980598,2121,-0.047961648,2,-0.077280000,23,-14.464000,128,-0.104310694,2116,0.000000000,0,12.500,33,17281,0,1,
113952449179565,113952447433510,113952448078364,113952449179565,1738,17.380000000,minus_a3,state,0,-0.105000000,2116,-0.118116521,2125,-0.239808239,10,0.063840000,-19,-5.989000,53,-0.104310694,2116,0.000000000,0,12.500,33,17291,0,1,
113952459170183,113952457427176,113952458090379,113952459170183,1739,17.390000000,minus_a3,state,0,-0.105000000,2116,-0.122718463,2128,-0.383693183,16,0.080640000,-24,-0.226000,2,-0.104310694,2116,0.000000000,0,12.500,33,17301,1,0,
113952469165043,113952467426280,113952468083069,113952469165043,1740,17.400000000,minus_a3,state,0,-0.105000000,2116,-0.124252444,2129,-0.455635655,19,0.114240000,-34,1.243000,-11,-0.104310694,2116,0.000000000,0,12.500,33,17311,1,0,
113952479172392,113952477431967,113952478106988,113952479172392,1741,17.410000000,minus_a3,state,0,-0.105000000,2116,-0.124252444,2129,-0.503597302,21,0.114240000,-34,3.729000,-33,-0.104310694,2116,0.000000000,0,12.400,33,17321,1,0,
113952489190066,113952487428549,113952488086881,113952489190066,1742,17.420000000,minus_a3,state,0,-0.105000000,2116,-0.122718463,2128,-0.479616478,20,0.104160000,-31,9.492000,-84,-0.104310694,2116,0.000000000,0,12.300,33,17331,1,0,
113952499252950,113952497428603,113952498153113,113952499252950,1743,17.430000000,minus_a3,state,0,-0.105000000,2116,-0.119650501,2126,-0.383693183,16,0.178080000,-53,13.899000,-123,-0.104310694,2116,0.000000000,0,12.400,33,17341,1,1,
113952509259304,113952507429018,113952508106241,113952509259304,1744,17.440000000,minus_a3,state,0,-0.105000000,2116,-0.113514578,2122,-0.263789063,11,0.090720000,-27,16.950000,-150,-0.104310694,2116,0.000000000,0,12.300,33,17351,1,1,
113952519235352,113952517430769,113952518158334,113952519235352,1745,17.450000000,minus_a3,state,0,-0.105000000,2116,-0.107378655,2118,-0.095923296,4,0.023520000,-7,18.645000,-165,-0.104310694,2116,0.000000000,0,12.300,33,17361,0,1,
113952529182551,113952527429306,113952528102142,113952529182551,1746,17.460000000,minus_a3,state,0,-0.105000000,2116,-0.101242732,2114,0.047961648,-2,0.010080000,-3,17.515000,-155,-0.104310694,2116,0.000000000,0,12.500,33,17371,0,1,
113952539160461,113952537427663,113952538082968,113952539160461,1747,17.470000000,minus_a3,state,0,-0.105000000,2116,-0.093572828,2109,0.191846591,-8,-0.090720000,27,8.701000,-77,-0.104310694,2116,0.000000000,0,12.500,33,17381,0,1,
113952549161060,113952547428616,113952548087053,113952549161060,1748,17.480000000,minus_a3,state,0,-0.105000000,2116,-0.087436905,2105,0.335731535,-14,0.003360000,-1,0.226000,-2,-0.104310694,2116,0.000000000,0,12.400,33,17391,1,1,
113952559150535,113952557427494,113952558079149,113952559150535,1749,17.490000000,minus_a3,state,0,-0.105000000,2116,-0.084368943,2103,0.431654831,-18,-0.087360000,26,-0.452000,4,-0.104310694,2116,0.000000000,0,12.400,33,17401,1,0,
113952569163181,113952567427971,113952568081857,113952569163181,1750,17.500000000,minus_a3,state,0,-0.105000000,2116,-0.084368943,2103,0.479616478,-20,-0.100800000,30,-4.633000,41,-0.104310694,2116,0.000000000,0,12.400,33,17411,1,0,
113952579162400,113952577442292,113952578113199,113952579162400,1751,17.510000000,minus_a3,state,0,-0.105000000,2116,-0.084368943,2103,0.455635655,-19,-0.107520000,32,-11.413000,101,-0.104310694,2116,0.000000000,0,12.400,33,17421,1,0,
113952589176654,113952587430673,113952588071506,113952589176654,1752,17.520000000,minus_a3,state,0,-0.105000000,2116,-0.085902924,2104,0.407674007,-17,-0.104160000,31,-16.159000,143,-0.104310694,2116,0.000000000,0,12.300,33,17431,1,0,
113952599186680,113952597436457,113952598107699,113952599186680,1753,17.530000000,minus_a3,state,0,-0.105000000,2116,-0.092038847,2108,0.311750711,-13,-0.080640000,24,-17.741000,157,-0.104310694,2116,0.000000000,0,12.500,33,17441,1,1,
113952609167787,113952607432733,113952608080131,113952609167787,1754,17.540000000,minus_a3,state,0,-0.105000000,2116,-0.099708751,2113,0.167865767,-7,-0.033600000,10,-19.549000,173,-0.104310694,2116,0.000000000,0,12.300,33,17451,0,1,
113952619112570,113952617432131,113952618069415,113952619112570,1755,17.550000000,minus_a3,state,0,-0.105000000,2116,-0.110446617,2120,0.000000000,0,-0.036960000,11,-10.961000,97,-0.104310694,2116,0.000000000,0,12.300,33,17461,0,1,
113952629198949,113952627429209,113952628073277,113952629198949,1756,17.560000000,minus_a3,state,0,-0.105000000,2116,-0.116582540,2124,-0.191846591,8,0.114240000,-34,-7.119000,63,-0.104310694,2116,0.000000000,0,12.400,33,17471,0,1,
113952639164493,113952637427899,113952638080280,113952639164493,1757,17.570000000,minus_a3,state,0,-0.105000000,2116,-0.121184482,2127,-0.335731535,14,0.050400000,-15,-1.808000,16,-0.104310694,2116,0.000000000,0,12.400,33,17481,1,1,
113952649139050,113952647428148,113952648085069,113952649139050,1758,17.580000000,minus_a3,state,0,-0.105000000,2116,-0.124252444,2129,-0.431654831,18,0.120960000,-36,0.113000,-1,-0.104310694,2116,0.000000000,0,12.400,33,17491,1,0,
113952659156795,113952657431115,113952658059757,113952659156795,1759,17.590000000,minus_a3,state,0,-0.105000000,2116,-0.124252444,2129,-0.503597302,21,0.120960000,-36,3.390000,-30,-0.104310694,2116,0.000000000,0,12.400,33,17501,1,0,
113952669139113,113952667428039,113952668075531,113952669139113,1760,17.600000000,minus_a3,state,0,-0.105000000,2116,-0.122718463,2128,-0.479616478,20,0.097440000,-29,9.040000,-80,-0.104310694,2116,0.000000000,0,12.400,33,17511,1,0,
113952679161524,113952677432808,113952678080726,113952679161524,1761,17.610000000,minus_a3,state,0,-0.105000000,2116,-0.119650501,2126,-0.407674007,17,0.090720000,-27,16.837000,-149,-0.104310694,2116,0.000000000,0,12.300,33,17521,1,1,
113952689196672,113952687424662,113952688068420,113952689196672,1762,17.620000000,minus_a3,state,0,-0.105000000,2116,-0.115048559,2123,-0.287769887,12,0.087360000,-26,16.837000,-149,-0.104310694,2116,0.000000000,0,12.300,33,17531,1,1,
113952699104224,113952697430928,113952698063355,113952699104224,1763,17.630000000,minus_a3,state,0,-0.105000000,2116,-0.108912636,2119,-0.143884944,6,0.040320000,-12,17.967000,-159,-0.104310694,2116,0.000000000,0,12.500,33,17541,0,1,
113952709159502,113952707428718,113952708069478,113952709159502,1764,17.640000000,minus_a3,state,0,-0.105000000,2116,-0.104310694,2116,0.000000000,0,0.003360000,-1,19.097000,-169,-0.104310694,2116,0.000000000,0,12.300,33,17551,0,1,
113952719062405,113952717430456,113952718062322,113952719062405,1765,17.650000000,minus_a3,state,0,-0.105000000,2116,-0.095106809,2110,0.167865767,-7,0.053760000,-16,3.051000,-27,-0.104310694,2116,0.000000000,0,12.300,33,17561,0,1,
113952729102721,113952727428431,113952728058848,113952729102721,1766,17.660000000,minus_a3,state,0,-0.105000000,2116,-0.088970886,2106,0.311750711,-13,0.006720000,-2,4.859000,-43,-0.104310694,2116,0.000000000,0,12.400,33,17571,1,1,
113952739147918,113952737426689,113952738058616,113952739147918,1767,17.670000000,minus_a3,state,0,-0.105000000,2116,-0.085902924,2104,0.407674007,-17,-0.084000000,25,-1.017000,9,-0.104310694,2116,0.000000000,0,12.400,33,17581,1,0,
113952749105055,113952747430688,113952748050404,113952749105055,1768,17.680000000,minus_a3,state,0,-0.105000000,2116,-0.084368943,2103,0.455635655,-19,-0.097440000,29,-3.164000,28,-0.104310694,2116,0.000000000,0,12.400,33,17591,1,0,
113952759180039,113952757423330,113952758051919,113952759180039,1769,17.690000000,minus_a3,state,0,-0.105000000,2116,-0.084368943,2103,0.455635655,-19,-0.094080000,28,-10.170000,90,-0.104310694,2116,0.000000000,0,12.400,33,17601,1,0,
113952769148714,113952767428209,113952768091136,113952769148714,1770,17.700000000,minus_a3,state,0,-0.105000000,2116,-0.085902924,2104,0.407674007,-17,-0.087360000,26,-15.255000,135,-0.104310694,2116,0.000000000,0,12.500,33,17611,1,0,
113952779164472,113952777430468,113952778090438,113952779164472,1771,17.710000000,minus_a3,state,0,-0.105000000,2116,-0.090504866,2107,0.335731535,-14,-0.084000000,25,-17.515000,155,-0.104310694,2116,0.000000000,0,12.300,33,17621,1,1,
113952789108875,113952787399630,113952788054799,113952789108875,1772,17.720000000,minus_a3,state,0,-0.105000000,2116,-0.098174770,2112,0.191846591,-8,-0.040320000,12,-19.323000,171,-0.104310694,2116,0.000000000,0,12.500,33,17631,0,1,
113952799154235,113952797429336,113952798070662,113952799154235,1773,17.730000000,minus_a3,state,0,-0.105000000,2116,-0.107378655,2118,0.000000000,0,-0.016800000,5,-17.628000,156,-0.104310694,2116,0.000000000,0,12.400,33,17641,0,1,
113952809208642,113952807435490,113952808091464,113952809208642,1774,17.740000000,minus_a3,state,0,-0.105000000,2116,-0.116582540,2124,-0.143884944,6,-0.036960000,11,-7.571000,67,-0.104310694,2116,0.000000000,0,12.400,33,17651,0,1,
113952819159935,113952817430638,113952818084961,113952819159935,1775,17.750000000,minus_a3,state,0,-0.105000000,2116,-0.121184482,2127,-0.311750711,13,0.144480000,-43,-4.294000,38,-0.104310694,2116,0.000000000,0,12.400,33,17661,1,1,
113952829172185,113952827430553,113952828076289,113952829172185,1776,17.760000000,minus_a3,state,0,-0.105000000,2116,-0.124252444,2129,-0.407674007,17,0.124320000,-37,0.339000,-3,-0.104310694,2116,0.000000000,0,12.400,33,17671,1,0,
113952839190846,113952837428549,113952838167690,113952839190846,1777,17.770000000,minus_a3,state,0,-0.105000000,2116,-0.124252444,2129,-0.503597302,21,0.114240000,-34,3.390000,-30,-0.104310694,2116,0.000000000,0,12.400,33,17681,1,0,
113952849186263,113952847521687,113952848071627,113952849186263,1778,17.780000000,minus_a3,state,0,-0.105000000,2116,-0.122718463,2128,-0.503597302,21,0.114240000,-34,6.441000,-57,-0.104310694,2116,0.000000000,0,12.400,33,17691,1,0,
113952859182050,113952857510198,113952858069659,113952859182050,1779,17.790000000,minus_a3,state,0,-0.105000000,2116,-0.121184482,2127,-0.431654831,18,0.097440000,-29,15.933000,-141,-0.104310694,2116,0.000000000,0,12.400,33,17701,1,1,
113952869204434,113952867514669,113952868137703,113952869204434,1780,17.800000000,minus_a3,state,0,-0.105000000,2116,-0.116582540,2124,-0.311750711,13,0.060480000,-18,16.272000,-144,-0.104310694,2116,0.000000000,0,12.400,33,17711,1,1,
113952879191013,113952877437968,113952878096110,113952879191013,1781,17.810000000,minus_a3,state,0,-0.105000000,2116,-0.111980598,2121,-0.167865767,7,0.043680000,-13,17.741000,-157,-0.104310694,2116,0.000000000,0,12.400,33,17721,0,1,
113952889182091,113952887459492,113952888111615,113952889182091,1782,17.820000000,minus_a3,state,0,-0.105000000,2116,-0.105844674,2117,0.000000000,0,0.006720000,-2,19.436000,-172,-0.104310694,2116,0.000000000,0,12.400,33,17731,0,1,
113952899202385,113952897508744,113952898065865,113952899202385,1783,17.830000000,minus_a3,state,0,-0.105000000,2116,-0.096640790,2111,0.143884944,-6,0.050400000,-15,12.995000,-115,-0.104310694,2116,0.000000000,0,12.400,33,17741,0,1,
113952909224789,113952907521900,113952908119459,113952909224789,1784,17.840000000,minus_a3,state,0,-0.105000000,2116,-0.090504866,2107,0.287769887,-12,-0.057120000,17,5.198000,-46,-0.104310694,2116,0.000000000,0,12.400,33,17751,1,1,
113952919177460,113952917441171,113952918095045,113952919177460,1785,17.850000000,minus_a3,state,0,-0.105000000,2116,-0.085902924,2104,0.383693183,-16,-0.094080000,28,-1.130000,10,-0.104310694,2116,0.000000000,0,12.400,33,17761,1,0,
113952929156542,113952927432070,113952928087677,113952929156542,1786,17.860000000,minus_a3,state,0,-0.105000000,2116,-0.084368943,2103,0.455635655,-19,-0.107520000,32,-2.034000,18,-0.104310694,2116,0.000000000,0,12.400,33,17771,1,0,
113952939155455,113952937428258,113952938067517,113952939155455,1787,17.870000000,minus_a3,state,0,-0.105000000,2116,-0.085902924,2104,0.479616478,-20,-0.100800000,30,-9.605000,85,-0.104310694,2116,0.000000000,0,12.400,33,17781,1,0,
113952949150963,113952947430227,113952948066963,113952949150963,1788,17.880000000,minus_a3,state,0,-0.105000000,2116,-0.085902924,2104,0.431654831,-18,-0.107520000,32,-14.690000,130,-0.104310694,2116,0.000000000,0,12.400,33,17791,1,0,
113952959146099,113952957427756,113952958078142,113952959146099,1789,17.890000000,minus_a3,state,0,-0.105000000,2116,-0.088970886,2106,0.359712359,-15,-0.094080000,28,-17.176000,152,-0.104310694,2116,0.000000000,0,12.400,33,17801,1,1,
113952969154613,113952967427663,113952968073606,113952969154613,1790,17.900000000,minus_a3,state,0,-0.105000000,2116,-0.096640790,2111,0.239808239,-10,-0.053760000,16,-19.210000,170,-0.104310694,2116,0.000000000,0,12.400,33,17811,0,1,
113952979177877,113952977515276,113952978106869,113952979177877,1791,17.910000000,minus_a3,state,0,-0.105000000,2116,-0.105844674,2117,0.047961648,-2,-0.006720000,2,-19.775000,175,-0.104310694,2116,0.000000000,0,12.400,33,17821,0,1,
113952989191667,113952987507440,113952988129841,113952989191667,1792,17.920000000,minus_a3,state,0,-0.105000000,2116,-0.115048559,2123,-0.095923296,4,-0.003360000,1,-5.085000,45,-0.104310694,2116,0.000000000,0,12.400,33,17831,0,1,
113952999171218,113952997439161,113952998077321,113952999171218,1793,17.930000000,minus_a3,state,0,-0.105000000,2116,-0.119650501,2126,-0.263789063,11,0.080640000,-24,-3.842000,34,-0.104310694,2116,0.000000000,0,12.500,33,17841,1,1,
113953009180679,113953007504717,113953008067955,113953009180679,1794,17.940000000,minus_a3,state,0,-0.105000000,2116,-0.124252444,2129,-0.407674007,17,0.134400000,-40,-1.469000,13,-0.104310694,2116,0.000000000,0,12.400,33,17851,1,0,
113953019179885,113953017509869,113953018078075,113953019179885,1795,17.950000000,minus_a3,state,0,-0.105000000,2116,-0.124252444,2129,-0.479616478,20,0.114240000,-34,2.938000,-26,-0.104310694,2116,0.000000000,0,12.400,33,17861,1,0,
113953029177694,113953027508664,113953028070819,113953029177694,1796,17.960000000,minus_a3,state,0,-0.105000000,2116,-0.124252444,2129,-0.503597302,21,0.117600000,-35,6.215000,-55,-0.104310694,2116,0.000000000,0,12.400,33,17871,1,0,
113953039195253,113953037503532,113953038067015,113953039195253,1797,17.970000000,minus_a3,state,0,-0.105000000,2116,-0.122718463,2128,-0.479616478,20,0.080640000,-24,14.351000,-127,-0.104310694,2116,0.000000000,0,12.400,33,17881,1,0,
113953049215501,113953047512121,113953048102532,113953049215501,1798,17.980000000,minus_a3,state,0,-0.105000000,2116,-0.116582540,2124,-0.359712359,15,0.060480000,-18,15.368000,-136,-0.104310694,2116,0.000000000,0,12.400,33,17891,1,1,
113953059153068,113953057514621,113953058247720,113953059153068,1799,17.990000000,minus_a3,hardware_error,0,-0.105000000,2116,,,,,,,,,,,,,,,,,,0
113953069366136,113953067507583,113953068229082,113953069366136,1800,18.000000000,center_after_minus_a3,state,0,0.000000000,2048,-0.105844674,2117,-0.047961648,2,0.006720000,-2,19.323000,-171,0.000000000,2048,0.000000000,0,12.400,33,17911,0,0,
113953079382580,113953077509426,113953078242329,113953079382580,1801,18.010000000,center_after_minus_a3,state,0,0.000000000,2048,-0.095106809,2110,0.095923296,-4,0.567840000,-169,39.324000,-348,0.000000000,2048,0.000000000,0,12.300,33,17921,0,0,
113953089143341,113953087510335,113953088069585,113953089143341,1802,18.020000000,center_after_minus_a3,state,0,0.000000000,2048,-0.076699039,2098,0.311750711,-13,0.483840000,-144,45.991000,-407,0.000000000,2048,0.000000000,0,12.100,33,17931,1,0,
113953099161639,113953097504885,113953098114546,113953099161639,1803,18.030000000,center_after_minus_a3,state,0,0.000000000,2048,-0.053689328,2083,0.551558950,-23,0.349440000,-104,51.302000,-454,0.000000000,2048,0.000000000,0,12.100,33,17941,1,0,
113953109174067,113953107513553,113953108075916,113953109174067,1804,18.040000000,center_after_minus_a3,state,0,0.000000000,2048,-0.029145635,2067,0.839328837,-35,0.211680000,-63,53.223000,-471,0.000000000,2048,0.000000000,0,12.500,33,17951,1,0,
113953119168791,113953117509729,113953118052749,113953119168791,1805,18.050000000,center_after_minus_a3,state,0,0.000000000,2048,-0.003067962,2050,1.175060372,-49,0.030240000,-9,52.432000,-464,0.000000000,2048,0.000000000,0,12.500,33,17961,1,1,
113953129187272,113953127518123,113953128073030,113953129187272,1806,18.060000000,center_after_minus_a3,state,0,0.000000000,2048,0.024543693,2032,1.486811083,-62,0.033600000,-10,32.657000,-289,0.000000000,2048,0.000000000,0,12.400,33,17971,1,0,
113953139039986,113953137495870,113953138105020,113953139039986,1807,18.070000000,center_after_minus_a3,state,0,0.000000000,2048,0.044485443,2019,1.798561794,-75,-0.030240000,9,15.707000,-139,0.000000000,2048,0.000000000,0,12.400,33,17981,1,0,
113953149054806,113953147510645,113953148093544,113953149054806,1808,18.080000000,center_after_minus_a3,state,0,0.000000000,2048,0.058291270,2010,2.014389209,-84,-0.342720000,102,21.018000,-186,0.000000000,2048,0.000000000,0,12.400,33,17991,1,0,
113953159043070,113953157500592,113953158023858,113953159043070,1809,18.090000000,center_after_minus_a3,state,0,0.000000000,2048,0.070563116,2002,2.086331681,-87,-0.399840000,119,15.707000,-139,0.000000000,2048,0.000000000,0,12.400,33,18001,1,0,
113953169098979,113953167512247,113953168039394,113953169098979,1810,18.100000000,center_after_minus_a3,state,0,0.000000000,2048,0.078233020,1997,2.062350857,-86,-0.436800000,130,9.944000,-88,0.000000000,2048,0.000000000,0,12.400,33,18011,1,0,
113953179164165,113953177508537,113953178065649,113953179164165,1811,18.110000000,center_after_minus_a3,state,0,0.000000000,2048,0.085902924,1992,1.918465914,-80,-0.510720000,152,0.000000,0,0.000000000,2048,0.000000000,0,12.400,33,18021,1,0,
113953189128492,113953187452340,113953188044249,113953189128492,1812,18.120000000,center_after_minus_a3,state,0,0.000000000,2048,0.087436905,1991,1.678657675,-70,-0.487200000,145,-16.611000,147,0.000000000,2048,0.000000000,0,12.400,33,18031,1,0,
113953199165171,113953197503833,113953198070929,113953199165171,1813,18.130000000,center_after_minus_a3,state,0,0.000000000,2048,0.087436905,1991,1.366906964,-57,-0.497280000,148,-28.702000,254,0.000000000,2048,0.000000000,0,12.300,33,18041,1,0,
113953209174004,113953207506455,113953208071243,113953209174004,1814,18.140000000,center_after_minus_a3,state,0,0.000000000,2048,0.075165059,1999,1.031175429,-43,-0.460320000,137,-35.482000,314,0.000000000,2048,0.000000000,0,12.600,33,18051,1,0,
113953219174379,113953217504710,113953218065603,113953219174379,1815,18.150000000,center_after_minus_a3,state,0,0.000000000,2048,0.058291270,2010,0.623501422,-26,-0.346080000,103,-42.036000,372,0.000000000,2048,0.000000000,0,12.600,33,18061,1,0,
113953229174093,113953227505115,113953228063903,113953229174093,1816,18.160000000,center_after_minus_a3,state,0,0.000000000,2048,0.038349520,2023,0.215827415,-9,-0.231840000,69,-45.426000,402,0.000000000,2048,0.000000000,0,12.500,33,18071,0,0,
113953239175647,113953237506351,113953238055857,113953239175647,1817,18.170000000,center_after_minus_a3,state,0,0.000000000,2048,0.015339808,2038,-0.215827415,9,-0.110880000,33,-47.121000,417,0.000000000,2048,0.000000000,0,12.300,33,18081,0,1,
113953249170822,113953247511290,113953248077485,113953249170822,1818,18.180000000,center_after_minus_a3,state,0,0.000000000,2048,-0.007669904,2053,-0.647482246,27,-0.016800000,5,-42.940000,380,0.000000000,2048,0.000000000,0,12.200,33,18091,1,1,
113953259223686,113953257452454,113953258116686,113953259223686,1819,18.190000000,center_after_minus_a3,state,0,0.000000000,2048,-0.029145635,2067,-1.079137077,45,-0.063840000,19,-13.221000,117,0.000000000,2048,0.000000000,0,12.400,33,18101,1,0,
113953269163683,113953267505747,113953268070118,113953269163683,1820,18.200000000,center_after_minus_a3,state,0,0.000000000,2048,-0.042951462,2076,-1.438849435,60,0.060480000,-18,-11.187000,99,0.000000000,2048,0.000000000,0,12.500,33,18111,1,0,
113953279163730,113953277503328,113953278069557,113953279163730,1821,18.210000000,center_after_minus_a3,state,0,0.000000000,2048,-0.052155347,2082,-1.654676851,69,0.302400000,-90,-15.594000,138,0.000000000,2048,0.000000000,0,12.500,33,18121,1,0,
113953289174100,113953287439434,113953288062667,113953289174100,1822,18.220000000,center_after_minus_a3,state,0,0.000000000,2048,-0.061359232,2088,-1.726619322,72,0.362880000,-108,-10.961000,97,0.000000000,2048,0.000000000,0,12.400,33,18131,1,0,
113953299156505,113953297505309,113953298067407,113953299156505,1823,18.230000000,center_after_minus_a3,state,0,0.000000000,2048,-0.067495155,2092,-1.678657675,70,0.393120000,-117,-4.294000,38,0.000000000,2048,0.000000000,0,12.400,33,18141,1,0,
113953309164478,113953307502444,113953308075305,113953309164478,1824,18.240000000,center_after_minus_a3,state,0,0.000000000,2048,-0.072097097,2095,-1.534772731,64,0.423360000,-126,6.328000,-56,0.000000000,2048,0.000000000,0,12.400,33,18151,1,0,
113953319162415,113953317525722,113953318065584,113953319162415,1825,18.250000000,center_after_minus_a3,state,0,0.000000000,2048,-0.070563116,2094,-1.294964492,54,0.406560000,-121,22.148000,-196,0.000000000,2048,0.000000000,0,12.400,33,18161,1,0,
113953329159758,113953327514521,113953328067677,113953329159758,1826,18.260000000,center_after_minus_a3,state,0,0.000000000,2048,-0.064427193,2090,-1.007194605,42,0.372960000,-111,27.346000,-242,0.000000000,2048,0.000000000,0,12.200,33,18171,1,0,
113953339166505,113953337502270,113953338068352,113953339166505,1827,18.270000000,center_after_minus_a3,state,0,0.000000000,2048,-0.052155347,2082,-0.695443894,29,0.312480000,-93,32.996000,-292,0.000000000,2048,0.000000000,0,12.500,33,18181,1,0,
113953349172335,113953347504844,113953348073324,113953349172335,1828,18.280000000,center_after_minus_a3,state,0,0.000000000,2048,-0.039883500,2074,-0.335731535,14,0.235200000,-70,36.951000,-327,0.000000000,2048,0.000000000,0,12.500,33,18191,1,0,
113953359180731,113953357504340,113953358070071,113953359180731,1829,18.290000000,center_after_minus_a3,state,0,0.000000000,2048,-0.021475731,2062,0.000000000,0,0.144480000,-43,38.759000,-343,0.000000000,2048,0.000000000,0,12.300,33,18201,0,0,
113953369170587,113953367511529,113953368073979,113953369170587,1830,18.300000000,center_after_minus_a3,state,0,0.000000000,2048,-0.001533981,2049,0.383693183,-16,0.047040000,-14,38.646000,-342,0.000000000,2048,0.000000000,0,12.200,33,18211,1,1,
113953379172722,113953377504566,113953378065899,113953379172722,1831,18.310000000,center_after_minus_a3,state,0,0.000000000,2048,0.018407769,2036,0.767386366,-32,-0.084000000,25,25.651000,-227,0.000000000,2048,0.000000000,0,12.400,33,18221,1,0,
113953389167986,113953387505458,113953388074288,113953389167986,1832,18.320000000,center_after_minus_a3,state,0,0.000000000,2048,0.030679616,2028,1.079137077,-45,-0.057120000,17,10.170000,-90,0.000000000,2048,0.000000000,0,12.300,33,18231,1,0,
113953399164826,113953397513274,113953398051291,113953399164826,1833,18.330000000,center_after_minus_a3,state,0,0.000000000,2048,0.039883500,2022,1.294964492,-54,-0.241920000,72,10.509000,-93,0.000000000,2048,0.000000000,0,12.400,33,18241,1,0,
113953409155077,113953407510101,113953408070103,113953409155077,1834,18.340000000,center_after_minus_a3,state,0,0.000000000,2048,0.044485443,2019,1.366906964,-57,-0.262080000,78,3.955000,-35,0.000000000,2048,0.000000000,0,12.400,33,18251,1,0,
113953419171776,113953417509245,113953418067266,113953419171776,1835,18.350000000,center_after_minus_a3,state,0,0.000000000,2048,0.047553404,2017,1.342926140,-56,-0.252000000,75,-2.373000,21,0.000000000,2048,0.000000000,0,12.400,33,18261,1,0,
113953429154991,113953427504519,113953428075613,113953429154991,1836,18.360000000,center_after_minus_a3,state,0,0.000000000,2048,0.047553404,2017,1.223022020,-51,-0.252000000,75,-14.012000,124,0.000000000,2048,0.000000000,0,12.400,33,18271,1,0,
113953439171890,113953437511924,113953438052284,113953439171890,1837,18.370000000,center_after_minus_a3,state,0,0.000000000,2048,0.047553404,2017,1.007194605,-42,-0.258720000,77,-22.035000,195,0.000000000,2048,0.000000000,0,12.500,33,18281,1,0,
113953449173402,113953447507782,113953448061451,113953449173402,1838,18.380000000,center_after_minus_a3,state,0,0.000000000,2048,0.038349520,2023,0.743405542,-31,-0.231840000,69,-25.312000,224,0.000000000,2048,0.000000000,0,12.200,33,18291,1,0,
113953459147445,113953457505040,113953458049011,113953459147445,1839,18.390000000,center_after_minus_a3,state,0,0.000000000,2048,0.026077673,2031,0.431654831,-18,-0.157920000,47,-28.476000,252,0.000000000,2048,0.000000000,0,12.200,33,18301,1,0,
113953469168312,113953467451755,113953468043008,113953469168312,1840,18.400000000,center_after_minus_a3,state,0,0.000000000,2048,0.012271846,2040,0.119904120,-5,-0.077280000,23,-30.849000,273,0.000000000,2048,0.000000000,0,12.500,33,18311,0,1,
113953479160175,113953477504904,113953478046394,113953479160175,1841,18.410000000,center_after_minus_a3,state,0,0.000000000,2048,-0.003067962,2050,-0.167865767,7,-0.010080000,3,-30.058000,266,0.000000000,2048,0.000000000,0,12.300,33,18321,0,1,
113953489168213,113953487505212,113953488051691,113953489168213,1842,18.420000000,center_after_minus_a3,state,0,0.000000000,2048,-0.016873789,2059,-0.479616478,20,0.258720000,-77,-1.695000,15,0.000000000,2048,0.000000000,0,12.400,33,18331,1,1,
113953499165153,113953497510196,113953498042844,113953499165153,1843,18.430000000,center_after_minus_a3,state,0,0.000000000,2048,-0.024543693,2064,-0.743405542,31,0.036960000,-11,-1.921000,17,0.000000000,2048,0.000000000,0,12.400,33,18341,1,0,
113953509172201,113953507449055,113953508057432,113953509172201,1844,18.440000000,center_after_minus_a3,state,0,0.000000000,2048,-0.030679616,2068,-0.911271309,38,0.315840000,-94,-2.712000,24,0.000000000,2048,0.000000000,0,12.300,33,18351,1,0,
113953519165957,113953517515635,113953518067075,113953519165957,1845,18.450000000,center_after_minus_a3,state,0,0.000000000,2048,-0.032213597,2069,-1.007194605,42,0.204960000,-61,1.243000,-11,0.000000000,2048,0.000000000,0,12.400,33,18361,1,0,
113953529142176,113953527505451,113953528053763,113953529142176,1846,18.460000000,center_after_minus_a3,state,0,0.000000000,2048,-0.033747577,2070,-0.959232957,40,0.198240000,-59,6.441000,-57,0.000000000,2048,0.000000000,0,12.400,33,18371,1,0,
113953539186245,113953537448057,113953538051585,113953539186245,1847,18.470000000,center_after_minus_a3,state,0,0.000000000,2048,-0.033747577,2070,-0.863309661,36,0.194880000,-58,17.515000,-155,0.000000000,2048,0.000000000,0,12.200,33,18381,1,0,
113953549155654,113953547439014,113953548053879,113953549155654,1848,18.480000000,center_after_minus_a3,state,0,0.000000000,2048,-0.030679616,2068,-0.671463070,28,0.181440000,-54,19.436000,-172,0.000000000,2048,0.000000000,0,12.200,33,18391,1,0,
113953559123005,113953557432782,113953558037015,113953559123005,1849,18.490000000,center_after_minus_a3,state,0,0.000000000,2048,-0.021475731,2062,-0.455635655,19,0.137760000,-41,22.487000,-199,0.000000000,2048,0.000000000,0,12.500,33,18401,1,0,
113953569123693,113953567429816,113953568025184,113953569123693,1850,18.500000000,center_after_minus_a3,state,0,0.000000000,2048,-0.010737866,2055,-0.191846591,8,0.063840000,-19,24.860000,-220,0.000000000,2048,0.000000000,0,12.300,33,18411,0,1,
113953579174681,113953577439318,113953578069499,113953579174681,1851,18.510000000,center_after_minus_a3,state,0,0.000000000,2048,0.001533981,2047,0.047961648,-2,0.010080000,-3,24.408000,-216,0.000000000,2048,0.000000000,0,12.200,33,18421,0,1,
113953589150997,113953587432178,113953588047261,113953589150997,1852,18.520000000,center_after_minus_a3,state,0,0.000000000,2048,0.013805827,2039,0.311750711,-13,0.060480000,-18,1.469000,-13,0.000000000,2048,0.000000000,0,12.400,33,18431,1,1,
113953599132640,113953597434484,113953598043823,113953599132640,1853,18.530000000,center_after_minus_a3,state,0,0.000000000,2048,0.021475731,2034,0.527578126,-22,-0.040320000,12,3.277000,-29,0.000000000,2048,0.000000000,0,12.400,33,18441,1,0,
113953609218182,113953607433239,113953608039502,113953609218182,1854,18.540000000,center_after_minus_a3,state,0,0.000000000,2048,0.026077673,2031,0.671463070,-28,-0.070560000,21,-0.339000,3,0.000000000,2048,0.000000000,0,12.400,33,18451,1,0,
113953619151943,113953617434365,113953618049906,113953619151943,1855,18.550000000,center_after_minus_a3,state,0,0.000000000,2048,0.027611654,2030,0.767386366,-32,-0.154560000,46,-2.034000,18,0.000000000,2048,0.000000000,0,12.400,33,18461,1,0,
113953629147829,113953627430482,113953628027249,113953629147829,1856,18.560000000,center_after_minus_a3,state,0,0.000000000,2048,0.027611654,2030,0.767386366,-32,-0.100800000,30,-11.187000,99,0.000000000,2048,0.000000000,0,12.400,33,18471,1,0,
113953639103030,113953637426647,113953638032432,113953639103030,1857,18.570000000,center_after_minus_a3,state,0,0.000000000,2048,0.026077673,2031,0.671463070,-28,-0.144480000,43,-16.950000,150,0.000000000,2048,0.000000000,0,12.200,33,18481,1,0,
113953649147179,113953647436806,113953648055519,113953649147179,1858,18.580000000,center_after_minus_a3,state,0,0.000000000,2048,0.018407769,2036,0.527578126,-22,-0.110880000,33,-19.210000,170,0.000000000,2048,0.000000000,0,12.500,33,18491,1,0,
113953659134816,113953657428932,113953658035382,113953659134816,1859,18.590000000,center_after_minus_a3,state,0,0.000000000,2048,0.012271846,2040,0.287769887,-12,-0.063840000,19,-20.679000,183,0.000000000,2048,0.000000000,0,12.500,33,18501,1,1,
113953669048948,113953667424046,113953668024865,113953669048948,1860,18.600000000,center_after_minus_a3,state,0,0.000000000,2048,0.003067962,2046,0.071942472,-3,-0.026880000,8,-22.713000,201,0.000000000,2048,0.000000000,0,12.300,33,18511,0,1,
113953679125478,113953677435751,113953678040839,113953679125478,1861,18.610000000,center_after_minus_a3,state,0,0.000000000,2048,-0.009203885,2054,-0.119904120,5,-0.094080000,28,-0.904000,8,0.000000000,2048,0.000000000,0,12.200,33,18521,0,1,
113953689127679,113953687431051,113953688040434,113953689127679,1862,18.620000000,center_after_minus_a3,state,0,0.000000000,2048,-0.015339808,2058,-0.335731535,14,0.201600000,-60,-8.249000,73,0.000000000,2048,0.000000000,0,12.400,33,18531,1,1,
113953699153168,113953697504489,113953698079707,113953699153168,1863,18.630000000,center_after_minus_a3,state,0,0.000000000,2048,-0.019941750,2061,-0.503597302,21,0.161280000,-48,-4.520000,40,0.000000000,2048,0.000000000,0,12.400,33,18541,1,0,
113953709175152,113953707452041,113953708082947,113953709175152,1864,18.640000000,center_after_minus_a3,state,0,0.000000000,2048,-0.023009712,2063,-0.599520598,25,0.154560000,-46,1.469000,-13,0.000000000,2048,0.000000000,0,12.400,33,18551,1,0,
113953719035939,113953717441666,113953718009601,113953719035939,1865,18.650000000,center_after_minus_a3,state,0,0.000000000,2048,-0.024543693,2064,-0.623501422,26,0.131040000,-39,5.876000,-52,0.000000000,2048,0.000000000,0,12.400,33,18561,1,0,
113953729072213,113953727430724,113953728017446,113953729072213,1866,18.660000000,center_after_minus_a3,state,0,0.000000000,2048,-0.023009712,2063,-0.599520598,25,0.131040000,-39,12.543000,-111,0.000000000,2048,0.000000000,0,12.400,33,18571,1,0,
113953739139345,113953737428850,113953738032825,113953739139345,1867,18.670000000,center_after_minus_a3,state,0,0.000000000,2048,-0.023009712,2063,-0.503597302,21,0.131040000,-39,15.368000,-136,0.000000000,2048,0.000000000,0,12.200,33,18581,1,0,
113953749138331,113953747428777,113953748035634,113953749138331,1868,18.680000000,center_after_minus_a3,state,0,0.000000000,2048,-0.015339808,2058,-0.359712359,15,0.104160000,-31,19.323000,-171,0.000000000,2048,0.000000000,0,12.300,33,18591,1,1,
113953759107794,113953757429046,113953758029619,113953759107794,1869,18.690000000,center_after_minus_a3,state,0,0.000000000,2048,-0.006135923,2052,-0.167865767,7,0.053760000,-16,20.453000,-181,0.000000000,2048,0.000000000,0,12.400,33,18601,0,1,
113953769121832,113953767428980,113953768032040,113953769121832,1870,18.700000000,center_after_minus_a3,state,0,0.000000000,2048,0.004601942,2045,0.023980824,-1,0.013440000,-4,18.758000,-166,0.000000000,2048,0.000000000,0,12.300,33,18611,0,1,
113953779098759,113953777431363,113953778025846,113953779098759,1871,18.710000000,center_after_minus_a3,state,0,0.000000000,2048,0.012271846,2040,0.215827415,-9,-0.033600000,10,5.198000,-46,0.000000000,2048,0.000000000,0,12.400,33,18621,0,1,
113953789114796,113953787512496,113953788021089,113953789114796,1872,18.720000000,center_after_minus_a3,state,0,0.000000000,2048,0.019941750,2035,0.407674007,-17,-0.097440000,29,-0.113000,1,0.000000000,2048,0.000000000,0,12.400,33,18631,1,0,
113953799143780,113953797512431,113953798076581,113953799143780,1873,18.730000000,center_after_minus_a3,state,0,0.000000000,2048,0.023009712,2033,0.527578126,-22,-0.131040000,39,-0.565000,5,0.000000000,2048,0.000000000,0,12.400,33,18641,1,0,
113953809155647,113953807512429,113953808049325,113953809155647,1874,18.740000000,center_after_minus_a3,state,0,0.000000000,2048,0.023009712,2033,0.599520598,-25,-0.117600000,35,-5.085000,45,0.000000000,2048,0.000000000,0,12.400,33,18651,1,0,
113953819071065,113953817501311,113953818038552,113953819071065,1875,18.750000000,center_after_minus_a3,state,0,0.000000000,2048,0.023009712,2033,0.599520598,-25,-0.131040000,39,-12.204000,108,0.000000000,2048,0.000000000,0,12.400,33,18661,1,0,
113953829017335,113953827448427,113953828011521,113953829017335,1876,18.760000000,center_after_minus_a3,state,0,0.000000000,2048,0.018407769,2036,0.527578126,-22,-0.114240000,34,-16.950000,150,0.000000000,2048,0.000000000,0,12.200,33,18671,1,0,
113953839071662,113953837502852,113953838032457,113953839071662,1877,18.770000000,center_after_minus_a3,state,0,0.000000000,2048,0.012271846,2040,0.359712359,-15,-0.060480000,18,-18.193000,161,0.000000000,2048,0.000000000,0,12.300,33,18681,1,1,
113953849130992,113953847505017,113953848056565,113953849130992,1878,18.780000000,center_after_minus_a3,state,0,0.000000000,2048,0.006135923,2044,0.167865767,-7,-0.040320000,12,-20.453000,181,0.000000000,2048,0.000000000,0,12.500,33,18691,0,1,
113953859155012,113953857502509,113953858070345,113953859155012,1879,18.790000000,center_after_minus_a3,state,0,0.000000000,2048,-0.003067962,2050,0.000000000,0,-0.010080000,3,-19.888000,176,0.000000000,2048,0.000000000,0,12.300,33,18701,0,1,
113953869128502,113953867449735,113953868053767,113953869128502,1880,18.800000000,center_after_minus_a3,state,0,0.000000000,2048,-0.012271846,2056,-0.191846591,8,0.053760000,-16,-9.605000,85,0.000000000,2048,0.000000000,0,12.400,33,18711,0,1,
113953879125920,113953877436512,113953878031522,113953879125920,1881,18.810000000,center_after_minus_a3,state,0,0.000000000,2048,-0.018407769,2060,-0.383693183,16,0.016800000,-5,-1.130000,10,0.000000000,2048,0.000000000,0,12.400,33,18721,1,0,
113953889123889,113953887430746,113953887998716,113953889123889,1882,18.820000000,center_after_minus_a3,state,0,0.000000000,2048,-0.021475731,2062,-0.503597302,21,0.218400000,-65,-0.452000,4,0.000000000,2048,0.000000000,0,12.400,33,18731,1,0,
113953899110620,113953897430634,113953898016205,113953899110620,1883,18.830000000,center_after_minus_a3,state,0,0.000000000,2048,-0.023009712,2063,-0.551558950,23,0.134400000,-40,3.390000,-30,0.000000000,2048,0.000000000,0,12.400,33,18741,1,0,
113953909129338,113953907433301,113953908017404,113953909129338,1884,18.840000000,center_after_minus_a3,state,0,0.000000000,2048,-0.023009712,2063,-0.551558950,23,0.137760000,-41,7.797000,-69,0.000000000,2048,0.000000000,0,12.400,33,18751,1,0,
113953919135637,113953917440824,113953918026582,113953919135637,1885,18.850000000,center_after_minus_a3,state,0,0.000000000,2048,-0.021475731,2062,-0.503597302,21,0.124320000,-37,17.176000,-152,0.000000000,2048,0.000000000,0,12.400,33,18761,1,0,
113953929127352,113953927430738,113953928013576,113953929127352,1886,18.860000000,center_after_minus_a3,state,0,0.000000000,2048,-0.018407769,2060,-0.407674007,17,0.110880000,-33,17.402000,-154,0.000000000,2048,0.000000000,0,12.300,33,18771,1,0,
113953939116623,113953937432962,113953938009079,113953939116623,1887,18.870000000,center_after_minus_a3,state,0,0.000000000,2048,-0.009203885,2054,-0.239808239,10,0.073920000,-22,19.888000,-176,0.000000000,2048,0.000000000,0,12.300,33,18781,0,1,
113953949116836,113953947509017,113953948047342,113953949116836,1888,18.880000000,center_after_minus_a3,state,0,0.000000000,2048,0.000000000,2048,-0.047961648,2,0.006720000,-2,21.357000,-189,0.000000000,2048,0.000000000,0,12.500,33,18791,0,1,
113953959044557,113953957427457,113953957974538,113953959044557,1889,18.890000000,center_after_minus_a3,state,0,0.000000000,2048,0.009203885,2042,0.143884944,-6,-0.010080000,3,10.622000,-94,0.000000000,2048,0.000000000,0,12.400,33,18801,0,1,
113953969089222,113953967428399,113953967993758,113953969089222,1890,18.900000000,center_after_minus_a3,state,0,0.000000000,2048,0.016873789,2037,0.311750711,-13,-0.030240000,9,0.452000,-4,0.000000000,2048,0.000000000,0,12.400,33,18811,1,1,
113953979131406,113953977450262,113953978023901,113953979131406,1891,18.910000000,center_after_minus_a3,state,0,0.000000000,2048,0.019941750,2035,0.455635655,-19,0.110880000,-33,0.339000,-3,0.000000000,2048,0.000000000,0,12.400,33,18821,1,0,
113953989128970,113953987509990,113953988039004,113953989128970,1892,18.920000000,center_after_minus_a3,state,0,0.000000000,2048,0.023009712,2033,0.551558950,-23,-0.131040000,39,-1.921000,17,0.000000000,2048,0.000000000,0,12.400,33,18831,1,0,
113953999126605,113953997509940,113953998030768,113953999126605,1893,18.930000000,center_after_minus_a3,state,0,0.000000000,2048,0.023009712,2033,0.599520598,-25,-0.127680000,38,-9.153000,81,0.000000000,2048,0.000000000,0,12.400,33,18841,1,0,
113954009136793,113954007508253,113954008031491,113954009136793,1894,18.940000000,center_after_minus_a3,state,0,0.000000000,2048,0.021475731,2034,0.551558950,-23,-0.131040000,39,-15.933000,141,0.000000000,2048,0.000000000,0,12.500,33,18851,1,0,
113954019115220,113954017509173,113954018033940,113954019115220,1895,18.950000000,center_after_minus_a3,state,0,0.000000000,2048,0.013805827,2039,0.431654831,-18,-0.094080000,28,-17.176000,152,0.000000000,2048,0.000000000,0,12.400,33,18861,1,1,
113954029133506,113954027450975,113954028021461,113954029133506,1896,18.960000000,center_after_minus_a3,state,0,0.000000000,2048,0.009203885,2042,0.239808239,-10,-0.053760000,16,-19.662000,174,0.000000000,2048,0.000000000,0,12.300,33,18871,0,1,
113954039130750,113954037521349,113954038033472,113954039130750,1897,18.970000000,center_after_minus_a3,state,0,0.000000000,2048,0.001533981,2047,0.047961648,-2,-0.006720000,2,-20.566000,182,0.000000000,2048,0.000000000,0,12.500,33,18881,0,1,
113954049127117,113954047519722,113954048043636,113954049127117,1898,18.980000000,center_after_minus_a3,state,0,0.000000000,2048,-0.009203885,2054,-0.119904120,5,-0.050400000,15,-9.831000,87,0.000000000,2048,0.000000000,0,12.500,33,18891,0,1,
113954059033406,113954057503027,113954058029373,113954059033406,1899,18.990000000,center_after_minus_a3,hardware_error,0,0.000000000,2048,,,,,,,,,,,,,,,,,,0
113954069153424,113954067514808,113954068030649,113954069153424,1900,19.000000000,center_after_minus_a3,state,0,0.000000000,2048,-0.019941750,2061,-0.455635655,19,0.114240000,-34,0.226000,-2,0.000000000,2048,0.000000000,0,12.400,33,18911,1,0,
113954079145425,113954077452361,113954078053188,113954079145425,1901,19.010000000,center_after_minus_a3,state,0,0.000000000,2048,-0.021475731,2062,-0.527578126,22,0.127680000,-38,1.469000,-13,0.000000000,2048,0.000000000,0,12.400,33,18921,1,0,
113954089107359,113954087503383,113954088037720,113954089107359,1902,19.020000000,center_after_minus_a3,state,0,0.000000000,2048,-0.021475731,2062,-0.551558950,23,0.124320000,-37,6.215000,-55,0.000000000,2048,0.000000000,0,12.400,33,18931,1,0,
113954099121232,113954097434904,113954098027524,113954099121232,1903,19.030000000,center_after_minus_a3,state,0,0.000000000,2048,-0.021475731,2062,-0.503597302,21,0.117600000,-35,15.142000,-134,0.000000000,2048,0.000000000,0,12.500,33,18941,1,0,
113954109118094,113954107426568,113954108012120,113954109118094,1904,19.040000000,center_after_minus_a3,state,0,0.000000000,2048,-0.019941750,2061,-0.431654831,18,0.080640000,-24,15.707000,-139,0.000000000,2048,0.000000000,0,12.500,33,18951,1,0,
113954119063864,113954117429246,113954117991214,113954119063864,1905,19.050000000,center_after_minus_a3,state,0,0.000000000,2048,-0.012271846,2056,-0.287769887,12,0.084000000,-25,18.871000,-167,0.000000000,2048,0.000000000,0,12.300,33,18961,1,1,
113954129117569,113954127424930,113954127994386,113954129117569,1906,19.060000000,center_after_minus_a3,state,0,0.000000000,2048,-0.004601942,2051,-0.095923296,4,0.030240000,-9,20.114000,-178,0.000000000,2048,0.000000000,0,12.300,33,18971,0,1,
113954139099037,113954137426591,113954137998049,113954139099037,1907,19.070000000,center_after_minus_a3,state,0,0.000000000,2048,0.006135923,2044,0.071942472,-3,0.057120000,-17,7.345000,-65,0.000000000,2048,0.000000000,0,12.500,33,18981,0,1,
113954149123903,113954147427340,113954148050255,113954149123903,1908,19.080000000,center_after_minus_a3,state,0,0.000000000,2048,0.013805827,2039,0.239808239,-10,0.047040000,-14,5.424000,-48,0.000000000,2048,0.000000000,0,12.500,33,18991,0,1,
113954159087099,113954157431446,113954157999837,113954159087099,1909,19.090000000,center_after_minus_a3,state,0,0.000000000,2048,0.018407769,2036,0.383693183,-16,-0.043680000,13,-0.452000,4,0.000000000,2048,0.000000000,0,12.400,33,19001,1,0,
113954169094591,113954167427638,113954168011417,113954169094591,1910,19.100000000,center_after_minus_a3,state,0,0.000000000,2048,0.019941750,2035,0.503597302,-21,-0.097440000,29,-1.695000,15,0.000000000,2048,0.000000000,0,12.400,33,19011,1,0,
113954179121993,113954177505115,113954178029177,113954179121993,1911,19.110000000,center_after_minus_a3,state,0,0.000000000,2048,0.019941750,2035,0.551558950,-23,-0.104160000,31,-8.023000,71,0.000000000,2048,0.000000000,0,12.400,33,19021,1,0,
113954189094518,113954187500520,113954188032888,113954189094518,1912,19.120000000,center_after_minus_a3,state,0,0.000000000,2048,0.021475731,2034,0.527578126,-22,-0.100800000,30,-14.916000,132,0.000000000,2048,0.000000000,0,12.400,33,19031,1,0,
113954199095258,113954197438054,113954198023953,113954199095258,1913,19.130000000,center_after_minus_a3,state,0,0.000000000,2048,0.013805827,2039,0.431654831,-18,-0.097440000,29,-16.724000,148,0.000000000,2048,0.000000000,0,12.400,33,19041,1,1,
113954209120971,113954207433940,113954207999669,113954209120971,1914,19.140000000,center_after_minus_a3,state,0,0.000000000,2048,0.009203885,2042,0.287769887,-12,-0.050400000,15,-18.758000,166,0.000000000,2048,0.000000000,0,12.400,33,19051,1,1,
113954219085175,113954217428559,113954218011933,113954219085175,1915,19.150000000,center_after_minus_a3,state,0,0.000000000,2048,0.003067962,2046,0.095923296,-4,-0.020160000,6,-19.888000,176,0.000000000,2048,0.000000000,0,12.300,33,19061,0,1,
113954229175282,113954227508241,113954228030033,113954229175282,1916,19.160000000,center_after_minus_a3,state,0,0.000000000,2048,-0.007669904,2053,-0.071942472,3,0.077280000,-23,-15.707000,139,0.000000000,2048,0.000000000,0,12.400,33,19071,0,1,
113954239125536,113954237504516,113954238034517,113954239125536,1917,19.170000000,center_after_minus_a3,state,0,0.000000000,2048,-0.015339808,2058,-0.263789063,11,0.104160000,-31,-6.441000,57,0.000000000,2048,0.000000000,0,12.500,33,19081,1,1,
113954249133292,113954247509854,113954248039042,113954249133292,1918,19.180000000,center_after_minus_a3,state,0,0.000000000,2048,-0.019941750,2061,-0.383693183,16,0.198240000,-59,-2.034000,18,0.000000000,2048,0.000000000,0,12.500,33,19091,1,0,
113954259110795,113954257452354,113954258027494,113954259110795,1919,19.190000000,center_after_minus_a3,state,0,0.000000000,2048,-0.019941750,2061,-0.503597302,21,0.117600000,-35,1.356000,-12,0.000000000,2048,0.000000000,0,12.400,33,19101,1,0,
113954269113770,113954267511166,113954267996837,113954269113770,1920,19.200000000,center_after_minus_a3,state,0,0.000000000,2048,-0.019941750,2061,-0.527578126,22,0.100800000,-30,5.537000,-49,0.000000000,2048,0.000000000,0,12.400,33,19111,1,0,
113954279137598,113954277505796,113954277993744,113954279137598,1921,19.210000000,center_after_minus_a3,state,0,0.000000000,2048,-0.021475731,2062,-0.503597302,21,0.090720000,-27,13.221000,-117,0.000000000,2048,0.000000000,0,12.400,33,19121,1,0,
113954289072922,113954287504558,113954287979304,113954289072922,1922,19.220000000,center_after_minus_a3,state,0,0.000000000,2048,-0.019941750,2061,-0.431654831,18,0.104160000,-31,14.916000,-132,0.000000000,2048,0.000000000,0,12.400,33,19131,1,0,
113954299102189,113954297513568,113954298029364,113954299102189,1923,19.230000000,center_after_minus_a3,state,0,0.000000000,2048,-0.013805827,2057,-0.287769887,12,0.084000000,-25,17.967000,-159,0.000000000,2048,0.000000000,0,12.400,33,19141,1,1,
113954309094955,113954307503511,113954307993005,113954309094955,1924,19.240000000,center_after_minus_a3,state,0,0.000000000,2048,-0.004601942,2051,-0.119904120,5,0.036960000,-11,19.888000,-176,0.000000000,2048,0.000000000,0,12.400,33,19151,0,1,
113954319125905,113954317509750,113954317987432,113954319125905,1925,19.250000000,center_after_minus_a3,state,0,0.000000000,2048,0.004601942,2045,0.047961648,-2,0.026880000,-8,13.899000,-123,0.000000000,2048,0.000000000,0,12.400,33,19161,0,1,
113954329107828,113954327451999,113954327990352,113954329107828,1926,19.260000000,center_after_minus_a3,state,0,0.000000000,2048,0.012271846,2040,0.215827415,-9,-0.198240000,59,9.040000,-80,0.000000000,2048,0.000000000,0,12.500,33,19171,0,1,
113954339090170,113954337431622,113954337982956,113954339090170,1927,19.270000000,center_after_minus_a3,state,0,0.000000000,2048,0.018407769,2036,0.359712359,-15,-0.013440000,4,-0.565000,5,0.000000000,2048,0.000000000,0,12.500,33,19181,1,0,
113954349116787,113954347505983,113954347989738,113954349116787,1928,19.280000000,center_after_minus_a3,state,0,0.000000000,2048,0.019941750,2035,0.479616478,-20,-0.141120000,42,-1.582000,14,0.000000000,2048,0.000000000,0,12.400,33,19191,1,0,
113954359112045,113954357510554,113954357991732,113954359112045,1929,19.290000000,center_after_minus_a3,state,0,0.000000000,2048,0.019941750,2035,0.527578126,-22,-0.100800000,30,-6.441000,57,0.000000000,2048,0.000000000,0,12.400,33,19201,1,0,
113954369120036,113954367439479,113954367978371,113954369120036,1930,19.300000000,center_after_minus_a3,state,0,0.000000000,2048,0.021475731,2034,0.527578126,-22,-0.124320000,37,-13.334000,118,0.000000000,2048,0.000000000,0,12.400,33,19211,1,0,
113954379121973,113954377510375,113954377983534,113954379121973,1931,19.310000000,center_after_minus_a3,state,0,0.000000000,2048,0.015339808,2038,0.455635655,-19,-0.094080000,28,-16.724000,148,0.000000000,2048,0.000000000,0,12.400,33,19221,1,1,
113954389118146,113954387505340,113954387989851,113954389118146,1932,19.320000000,center_after_minus_a3,state,0,0.000000000,2048,0.009203885,2042,0.311750711,-13,-0.057120000,17,-17.628000,156,0.000000000,2048,0.000000000,0,12.400,33,19231,1,1,
113954399119645,113954397512432,113954397992957,113954399119645,1933,19.330000000,center_after_minus_a3,state,0,0.000000000,2048,0.004601942,2045,0.119904120,-5,-0.026880000,8,-20.114000,178,0.000000000,2048,0.000000000,0,12.400,33,19241,0,1,
113954409105049,113954407518924,113954408027637,113954409105049,1934,19.340000000,center_after_minus_a3,state,0,0.000000000,2048,-0.006135923,2052,-0.047961648,2,-0.063840000,19,-5.537000,49,0.000000000,2048,0.000000000,0,12.400,33,19251,0,1,
113954419113783,113954417511447,113954418032147,113954419113783,1935,19.350000000,center_after_minus_a3,state,0,0.000000000,2048,-0.013805827,2057,-0.215827415,9,0.104160000,-31,-0.678000,6,0.000000000,2048,0.000000000,0,12.400,33,19261,0,1,
113954429123515,113954427521703,113954427996465,113954429123515,1936,19.360000000,center_after_minus_a3,state,0,0.000000000,2048,-0.018407769,2060,-0.383693183,16,0.070560000,-21,0.113000,-1,0.000000000,2048,0.000000000,0,12.400,33,19271,1,0,
113954439115553,113954437512479,113954437989710,113954439115553,1937,19.370000000,center_after_minus_a3,state,0,0.000000000,2048,-0.019941750,2061,-0.479616478,20,0.090720000,-27,1.808000,-16,0.000000000,2048,0.000000000,0,12.400,33,19281,1,0,
113954449112166,113954447511951,113954448031925,113954449112166,1938,19.380000000,center_after_minus_a3,state,0,0.000000000,2048,-0.019941750,2061,-0.503597302,21,0.117600000,-35,3.842000,-34,0.000000000,2048,0.000000000,0,12.400,33,19291,1,0,
113954459107838,113954457510430,113954457992754,113954459107838,1939,19.390000000,center_after_minus_a3,state,0,0.000000000,2048,-0.019941750,2061,-0.479616478,20,0.114240000,-34,9.605000,-85,0.000000000,2048,0.000000000,0,12.400,33,19301,1,0,
113954469121260,113954467518932,113954467992617,113954469121260,1940,19.400000000,center_after_minus_a3,state,0,0.000000000,2048,-0.018407769,2060,-0.431654831,18,0.110880000,-33,14.125000,-125,0.000000000,2048,0.000000000,0,12.400,33,19311,1,0,
113954479112051,113954477510299,113954477988750,113954479112051,1941,19.410000000,center_after_minus_a3,state,0,0.000000000,2048,-0.013805827,2057,-0.311750711,13,0.084000000,-25,17.402000,-154,0.000000000,2048,0.000000000,0,12.400,33,19321,1,1,
113954489096271,113954487510231,113954487993821,113954489096271,1942,19.420000000,center_after_minus_a3,state,0,0.000000000,2048,-0.004601942,2051,-0.143884944,6,0.030240000,-9,19.549000,-173,0.000000000,2048,0.000000000,0,12.400,33,19331,0,1,
113954499128079,113954497509954,113954497995322,113954499128079,1943,19.430000000,center_after_minus_a3,state,0,0.000000000,2048,0.004601942,2045,0.023980824,-1,0.016800000,-5,16.498000,-146,0.000000000,2048,0.000000000,0,12.400,33,19341,0,1,
113954509126876,113954507511640,113954508019954,113954509126876,1944,19.440000000,center_after_minus_a3,state,0,0.000000000,2048,0.012271846,2040,0.191846591,-8,0.006720000,-2,1.243000,-11,0.000000000,2048,0.000000000,0,12.400,33,19351,0,1,
113954519042719,113954517509658,113954517972409,113954519042719,1945,19.450000000,center_after_minus_a3,state,0,0.000000000,2048,0.018407769,2036,0.335731535,-14,0.003360000,-1,-1.017000,9,0.000000000,2048,0.000000000,0,12.400,33,19361,1,0,
113954529108546,113954527503434,113954527999003,113954529108546,1946,19.460000000,center_after_minus_a3,state,0,0.000000000,2048,0.019941750,2035,0.455635655,-19,-0.114240000,34,-0.565000,5,0.000000000,2048,0.000000000,0,12.400,33,19371,1,0,
113954539118352,113954537505118,113954537992605,113954539118352,1947,19.470000000,center_after_minus_a3,state,0,0.000000000,2048,0.019941750,2035,0.527578126,-22,-0.097440000,29,-6.554000,58,0.000000000,2048,0.000000000,0,12.400,33,19381,1,0,
113954549118348,113954547510032,113954548033202,113954549118348,1948,19.480000000,center_after_minus_a3,state,0,0.000000000,2048,0.019941750,2035,0.503597302,-21,-0.094080000,28,-13.899000,123,0.000000000,2048,0.000000000,0,12.300,33,19391,1,0,
113954559235463,113954557504164,113954557992009,113954559235463,1949,19.490000000,center_after_minus_a3,state,0,0.000000000,2048,0.015339808,2038,0.455635655,-19,-0.094080000,28,-16.724000,148,0.000000000,2048,0.000000000,0,12.400,33,19401,1,1,
