host_time_ns,tx_start_ns,tx_end_ns,rx_end_ns,cycle_index,time_s,phase,acquisition_kind,overrun_ns,q_cmd_rad,goal_position_tick,q_present_rad,present_position_tick,dq_present_rad_s,present_velocity_raw,current_A_joint,present_current_raw,pwm_percent,present_pwm_raw,position_trajectory_rad,position_trajectory_tick,velocity_trajectory_rad_s,velocity_trajectory_raw,input_voltage_V,temperature_C,realtime_tick_ms,moving,moving_status,hardware_error
111825703022752,111825699532893,111825700954318,111825703022752,0,0.000000000,center,state,0,0.000000000,2048,0.001533981,2047,0.000000000,0,-0.006720000,2,-0.678000,6,0.000000000,2048,0.000000000,0,12.500,38,11682,0,1,
111825713039828,111825709590632,111825710952979,111825713039828,1,0.010000000,center,state,0,0.000000000,2048,0.001533981,2047,0.000000000,0,-0.003360000,1,-0.565000,5,0.000000000,2048,0.000000000,0,12.500,38,11692,0,1,
111825723045240,111825719592971,111825720952651,111825723045240,2,0.020000000,center,state,0,0.000000000,2048,0.001533981,2047,0.000000000,0,0.000000000,0,-0.791000,7,0.000000000,2048,0.000000000,0,12.500,38,11702,0,1,
111825733044578,111825729592645,111825730950776,111825733044578,3,0.030000000,center,state,0,0.000000000,2048,0.001533981,2047,0.000000000,0,-0.003360000,1,-0.791000,7,0.000000000,2048,0.000000000,0,12.500,38,11712,0,1,
111825743035619,111825739592575,111825740954730,111825743035619,4,0.040000000,center,state,0,0.000000000,2048,0.001533981,2047,0.000000000,0,-0.006720000,2,-0.904000,8,0.000000000,2048,0.000000000,0,12.500,38,11722,0,1,
111825753042596,111825749592020,111825750950656,111825753042596,5,0.050000000,center,state,0,0.000000000,2048,0.000000000,2048,0.000000000,0,-0.006720000,2,-0.678000,6,0.000000000,2048,0.000000000,0,12.500,38,11732,0,1,
111825763039344,111825759592401,111825760953400,111825763039344,6,0.060000000,center,state,0,0.000000000,2048,0.001533981,2047,0.000000000,0,-0.003360000,1,-0.791000,7,0.000000000,2048,0.000000000,0,12.500,38,11742,0,1,
111825773050360,111825769592357,111825770952487,111825773050360,7,0.070000000,center,state,0,0.000000000,2048,0.001533981,2047,0.000000000,0,-0.003360000,1,-0.791000,7,0.000000000,2048,0.000000000,0,12.500,38,11752,0,1,
111825783040360,111825779592427,111825780955106,111825783040360,8,0.080000000,center,state,0,0.000000000,2048,0.001533981,2047,0.000000000,0,-0.006720000,2,-0.678000,6,0.000000000,2048,0.000000000,0,12.500,38,11762,0,1,
111825793035497,111825789592352,111825790947684,111825793035497,9,0.090000000,center,state,0,0.000000000,2048,0.001533981,2047,0.000000000,0,-0.003360000,1,-0.565000,5,0.000000000,2048,0.000000000,0,12.500,38,11772,0,1,
111825803040013,111825799592554,111825800954198,111825803040013,10,0.100000000,center,state,0,0.000000000,2048,0.001533981,2047,0.000000000,0,-0.006720000,2,-0.565000,5,0.000000000,2048,0.000000000,0,12.500,38,11782,0,1,
111825813039871,111825809592990,111825810954192,111825813039871,11,0.110000000,center,state,0,0.000000000,2048,0.001533981,2047,0.000000000,0,-0.003360000,1,-0.791000,7,0.000000000,2048,0.000000000,0,12.500,38,11792,0,1,
111825823045314,111825819592519,111825820949788,111825823045314,12,0.120000000,center,state,0,0.000000000,2048,0.001533981,2047,0.000000000,0,-0.003360000,1,-0.791000,7,0.000000000,2048,0.000000000,0,12.500,38,11802,0,1,
111825833041870,111825829592189,111825830952099,111825833041870,13,0.130000000,center,state,0,0.000000000,2048,0.001533981,2047,0.000000000,0,-0.006720000,2,-0.791000,7,0.000000000,2048,0.000000000,0,12.500,38,11812,0,1,
111825843043465,111825839591512,111825840947601,111825843043465,14,0.140000000,center,state,0,0.000000000,2048,0.001533981,2047,0.000000000,0,-0.003360000,1,-0.452000,4,0.000000000,2048,0.000000000,0,12.500,38,11822,0,1,
111825853039241,111825849592270,111825850948908,111825853039241,15,0.150000000,center,state,0,0.000000000,2048,0.001533981,2047,0.000000000,0,-0.006720000,2,-0.791000,7,0.000000000,2048,0.000000000,0,12.500,38,11832,0,1,
111825863039939,111825859592592,111825860944774,111825863039939,16,0.160000000,center,state,0,0.000000000,2048,0.001533981,2047,0.000000000,0,-0.006720000,2,-0.791000,7,0.000000000,2048,0.000000000,0,12.500,38,11842,0,1,
111825873045236,111825869592096,111825870946191,111825873045236,17,0.170000000,center,state,0,0.000000000,2048,0.000000000,2048,0.000000000,0,-0.010080000,3,-0.791000,7,0.000000000,2048,0.000000000,0,12.500,38,11852,0,1,
111825883040288,111825879590187,111825880950587,111825883040288,18,0.180000000,center,state,0,0.000000000,2048,0.001533981,2047,0.000000000,0,-0.006720000,2,-0.678000,6,0.000000000,2048,0.000000000,0,12.500,38,11862,0,1,
111825893040126,111825889592229,111825890953458,111825893040126,19,0.190000000,center,state,0,0.000000000,2048,0.001533981,2047,0.000000000,0,-0.003360000,1,-0.452000,4,0.000000000,2048,0.000000000,0,12.500,38,11872,0,1,
111825903037161,111825899592499,111825900949539,111825903037161,20,0.200000000,center,state,0,0.000000000,2048,0.001533981,2047,0.000000000,0,-0.003360000,1,-0.791000,7,0.000000000,2048,0.000000000,0,12.500,38,11882,0,1,
111825913041468,111825909592257,111825910947996,111825913041468,21,0.210000000,center,state,0,0.000000000,2048,0.001533981,2047,0.000000000,0,-0.003360000,1,-0.791000,7,0.000000000,2048,0.000000000,0,12.500,38,11892,0,1,
111825923048606,111825919590877,111825920947114,111825923048606,22,0.220000000,center,state,0,0.000000000,2048,0.001533981,2047,0.000000000,0,-0.006720000,2,-0.678000,6,0.000000000,2048,0.000000000,0,12.500,38,11902,0,1,
111825933046931,111825929592395,111825930950229,111825933046931,23,0.230000000,center,state,0,0.000000000,2048,0.001533981,2047,0.000000000,0,-0.003360000,1,-0.791000,7,0.000000000,2048,0.000000000,0,12.500,38,11912,0,1,
111825943038717,111825939592149,111825940952439,111825943038717,24,0.240000000,center,state,0,0.000000000,2048,0.001533981,2047,0.000000000,0,-0.006720000,2,-0.791000,7,0.000000000,2048,0.000000000,0,12.500,38,11922,0,1,
111825953039778,111825949592882,111825950956010,111825953039778,25,0.250000000,center,state,0,0.000000000,2048,0.001533981,2047,0.000000000,0,-0.006720000,2,-0.678000,6,0.000000000,2048,0.000000000,0,12.500,38,11932,0,1,
111825963040331,111825959592452,111825960951472,111825963040331,26,0.260000000,center,state,0,0.000000000,2048,0.001533981,2047,0.000000000,0,-0.006720000,2,-0.339000,3,0.000000000,2048,0.000000000,0,12.500,38,11942,0,1,
111825973035530,111825969591811,111825970947504,111825973035530,27,0.270000000,center,state,0,0.000000000,2048,0.001533981,2047,0.000000000,0,-0.006720000,2,-0.791000,7,0.000000000,2048,0.000000000,0,12.500,38,11952,0,1,
111825983053803,111825979591995,111825980948673,111825983053803,28,0.280000000,center,state,0,0.000000000,2048,0.001533981,2047,0.000000000,0,-0.006720000,2,-0.678000,6,0.000000000,2048,0.000000000,0,12.500,38,11962,0,1,
111825993042859,111825989592232,111825990952293,111825993042859,29,0.290000000,center,state,0,0.000000000,2048,0.001533981,2047,0.000000000,0,-0.003360000,1,-0.904000,8,0.000000000,2048,0.000000000,0,12.500,38,11972,0,1,
111826003046668,111825999593038,111826000952134,111826003046668,30,0.300000000,center,state,0,0.000000000,2048,0.001533981,2047,0.000000000,0,-0.003360000,1,-0.904000,8,0.000000000,2048,0.000000000,0,12.500,38,11982,0,1,
111826013043093,111826009592095,111826010949142,111826013043093,31,0.310000000,center,state,0,0.000000000,2048,0.000000000,2048,0.000000000,0,-0.006720000,2,-0.678000,6,0.000000000,2048,0.000000000,0,12.500,38,11992,0,1,
111826023046207,111826019592001,111826020952489,111826023046207,32,0.320000000,center,state,0,0.000000000,2048,0.001533981,2047,0.000000000,0,-0.003360000,1,-0.904000,8,0.000000000,2048,0.000000000,0,12.500,38,12002,0,1,
111826033054275,111826029591905,111826030969514,111826033054275,33,0.330000000,center,state,0,0.000000000,2048,0.001533981,2047,0.000000000,0,-0.003360000,1,-0.678000,6,0.000000000,2048,0.000000000,0,12.500,38,12012,0,1,
111826043027058,111826039594561,111826040956173,111826043027058,34,0.340000000,center,state,0,0.000000000,2048,0.001533981,2047,0.000000000,0,-0.003360000,1,-0.791000,7,0.000000000,2048,0.000000000,0,12.500,38,12022,0,1,
111826053054239,111826049592413,111826050933155,111826053054239,35,0.350000000,center,state,0,0.000000000,2048,0.001533981,2047,0.000000000,0,-0.003360000,1,-0.791000,7,0.000000000,2048,0.000000000,0,12.500,38,12032,0,1,
111826063041374,111826059593311,111826060933236,111826063041374,36,0.360000000,center,state,0,0.000000000,2048,0.001533981,2047,0.000000000,0,-0.006720000,2,-0.791000,7,0.000000000,2048,0.000000000,0,12.500,38,12042,0,1,
111826073016537,111826069592318,111826070927842,111826073016537,37,0.370000000,center,state,0,0.000000000,2048,0.001533981,2047,0.000000000,0,-0.003360000,1,-0.565000,5,0.000000000,2048,0.000000000,0,12.500,38,12052,0,1,
111826083038259,111826079592478,111826080929934,111826083038259,38,0.380000000,center,state,0,0.000000000,2048,0.001533981,2047,0.000000000,0,-0.006720000,2,-0.678000,6,0.000000000,2048,0.000000000,0,12.500,38,12062,0,1,
111826093019989,111826089592183,111826090927977,111826093019989,39,0.390000000,center,state,0,0.000000000,2048,0.001533981,2047,0.000000000,0,-0.003360000,1,-0.791000,7,0.000000000,2048,0.000000000,0,12.500,38,12072,0,1,
111826103023316,111826099592813,111826100928838,111826103023316,40,0.400000000,center,state,0,0.000000000,2048,0.001533981,2047,0.000000000,0,-0.006720000,2,-0.791000,7,0.000000000,2048,0.000000000,0,12.500,38,12082,0,1,
111826113031156,111826109591412,111826110934818,111826113031156,41,0.410000000,center,state,0,0.000000000,2048,0.001533981,2047,0.000000000,0,-0.006720000,2,-0.678000,6,0.000000000,2048,0.000000000,0,12.500,38,12092,0,1,
111826123028680,111826119592474,111826120928285,111826123028680,42,0.420000000,center,state,0,0.000000000,2048,0.001533981,2047,0.000000000,0,-0.003360000,1,-0.904000,8,0.000000000,2048,0.000000000,0,12.500,38,12102,0,1,
111826133019969,111826129592217,111826130926393,111826133019969,43,0.430000000,center,state,0,0.000000000,2048,0.001533981,2047,0.000000000,0,-0.003360000,1,-0.904000,8,0.000000000,2048,0.000000000,0,12.500,38,12112,0,1,
111826143021446,111826139592406,111826140934408,111826143021446,44,0.440000000,center,state,0,0.000000000,2048,0.001533981,2047,0.000000000,0,-0.006720000,2,-0.791000,7,0.000000000,2048,0.000000000,0,12.500,38,12122,0,1,
111826153022907,111826149592116,111826150928470,111826153022907,45,0.450000000,center,state,0,0.000000000,2048,0.001533981,2047,0.000000000,0,-0.003360000,1,-0.791000,7,0.000000000,2048,0.000000000,0,12.500,38,12132,0,1,
111826163017017,111826159592899,111826160932012,111826163017017,46,0.460000000,center,state,0,0.000000000,2048,0.001533981,2047,0.000000000,0,-0.003360000,1,-0.565000,5,0.000000000,2048,0.000000000,0,12.500,38,12142,0,1,
111826173021250,111826169592365,111826170928316,111826173021250,47,0.470000000,center,state,0,0.000000000,2048,0.001533981,2047,0.000000000,0,-0.006720000,2,-0.791000,7,0.000000000,2048,0.000000000,0,12.500,38,12152,0,1,
111826183022339,111826179592257,111826180928560,111826183022339,48,0.480000000,center,state,0,0.000000000,2048,0.001533981,2047,0.000000000,0,-0.006720000,2,-0.678000,6,0.000000000,2048,0.000000000,0,12.500,38,12162,0,1,
111826193020912,111826189592214,111826190929624,111826193020912,49,0.490000000,center,state,0,0.000000000,2048,0.001533981,2047,0.000000000,0,-0.006720000,2,-0.791000,7,0.000000000,2048,0.000000000,0,12.500,38,12172,0,1,
111826203024621,111826199592253,111826200933003,111826203024621,50,0.500000000,center,state,0,0.000000000,2048,0.001533981,2047,0.000000000,0,0.000000000,0,-0.791000,7,0.000000000,2048,0.000000000,0,12.500,38,12182,0,1,
111826213024305,111826209592337,111826210932266,111826213024305,51,0.510000000,center,state,0,0.000000000,2048,0.001533981,2047,0.000000000,0,-0.006720000,2,-0.678000,6,0.000000000,2048,0.000000000,0,12.500,38,12192,0,1,
111826223026696,111826219592492,111826220929531,111826223026696,52,0.520000000,center,state,0,0.000000000,2048,0.001533981,2047,0.000000000,0,-0.006720000,2,-0.678000,6,0.000000000,2048,0.000000000,0,12.500,38,12202,0,1,
111826233016748,111826229592435,111826230930998,111826233016748,53,0.530000000,center,state,0,0.000000000,2048,0.001533981,2047,0.000000000,0,-0.006720000,2,-0.678000,6,0.000000000,2048,0.000000000,0,12.500,38,12212,0,1,
111826243022793,111826239592865,111826240933008,111826243022793,54,0.540000000,center,state,0,0.000000000,2048,0.001533981,2047,0.000000000,0,-0.006720000,2,-0.791000,7,0.000000000,2048,0.000000000,0,12.500,38,12222,0,1,
111826253017451,111826249592130,111826250932988,111826253017451,55,0.550000000,center,state,0,0.000000000,2048,0.001533981,2047,0.000000000,0,-0.006720000,2,-0.678000,6,0.000000000,2048,0.000000000,0,12.500,38,12232,0,1,
111826263016787,111826259591953,111826260931911,111826263016787,56,0.560000000,center,state,0,0.000000000,2048,0.001533981,2047,0.000000000,0,-0.006720000,2,-0.339000,3,0.000000000,2048,0.000000000,0,12.500,38,12242,0,1,
111826273020189,111826269593490,111826270929617,111826273020189,57,0.570000000,center,state,0,0.000000000,2048,0.001533981,2047,0.000000000,0,-0.003360000,1,-0.452000,4,0.000000000,2048,0.000000000,0,12.500,38,12252,0,1,
111826283022816,111826279592292,111826280927645,111826283022816,58,0.580000000,center,state,0,0.000000000,2048,0.000000000,2048,0.000000000,0,-0.003360000,1,-0.904000,8,0.000000000,2048,0.000000000,0,12.500,38,12262,0,1,
111826293027516,111826289592168,111826290927363,111826293027516,59,0.590000000,center,state,0,0.000000000,2048,0.001533981,2047,0.000000000,0,-0.003360000,1,-0.565000,5,0.000000000,2048,0.000000000,0,12.500,38,12272,0,1,
111826303015843,111826299592868,111826300931783,111826303015843,60,0.600000000,center,state,0,0.000000000,2048,0.001533981,2047,0.000000000,0,-0.003360000,1,-0.791000,7,0.000000000,2048,0.000000000,0,12.500,38,12282,0,1,
111826313028535,111826309592493,111826310929349,111826313028535,61,0.610000000,center,state,0,0.000000000,2048,0.001533981,2047,0.000000000,0,-0.003360000,1,-0.904000,8,0.000000000,2048,0.000000000,0,12.500,38,12292,0,1,
111826323026935,111826319592649,111826320927760,111826323026935,62,0.620000000,center,state,0,0.000000000,2048,0.001533981,2047,0.000000000,0,-0.003360000,1,-0.791000,7,0.000000000,2048,0.000000000,0,12.500,38,12302,0,1,
111826333044238,111826329592396,111826330934941,111826333044238,63,0.630000000,center,state,0,0.000000000,2048,0.001533981,2047,0.000000000,0,-0.003360000,1,-0.904000,8,0.000000000,2048,0.000000000,0,12.500,38,12312,0,1,
111826343026158,111826339594633,111826340938470,111826343026158,64,0.640000000,center,state,0,0.000000000,2048,0.001533981,2047,0.000000000,0,-0.003360000,1,-0.791000,7,0.000000000,2048,0.000000000,0,12.500,38,12322,0,1,
111826353028883,111826349593333,111826350932526,111826353028883,65,0.650000000,center,state,0,0.000000000,2048,0.001533981,2047,0.000000000,0,-0.003360000,1,-0.678000,6,0.000000000,2048,0.000000000,0,12.500,38,12332,0,1,
111826363014342,111826359591910,111826360932856,111826363014342,66,0.660000000,center,state,0,0.000000000,2048,0.001533981,2047,0.000000000,0,-0.003360000,1,-0.791000,7,0.000000000,2048,0.000000000,0,12.500,38,12342,0,1,
111826373019583,111826369591996,111826370932086,111826373019583,67,0.670000000,center,state,0,0.000000000,2048,0.001533981,2047,0.000000000,0,-0.003360000,1,-0.791000,7,0.000000000,2048,0.000000000,0,12.500,38,12352,0,1,
111826383015445,111826379592065,111826380928940,111826383015445,68,0.680000000,center,state,0,0.000000000,2048,0.001533981,2047,0.000000000,0,-0.003360000,1,-0.791000,7,0.000000000,2048,0.000000000,0,12.500,38,12362,0,1,
111826393013897,111826389591964,111826390927073,111826393013897,69,0.690000000,center,state,0,0.000000000,2048,0.001533981,2047,0.000000000,0,-0.003360000,1,-0.904000,8,0.000000000,2048,0.000000000,0,12.500,38,12372,0,1,
111826403020572,111826399592336,111826400924602,111826403020572,70,0.700000000,center,state,0,0.000000000,2048,0.001533981,2047,0.000000000,0,-0.003360000,1,-0.904000,8,0.000000000,2048,0.000000000,0,12.500,38,12382,0,1,
111826413010458,111826409592395,111826410927507,111826413010458,71,0.710000000,center,state,0,0.000000000,2048,0.001533981,2047,0.000000000,0,-0.003360000,1,-0.791000,7,0.000000000,2048,0.000000000,0,12.500,38,12392,0,1,
111826423029779,111826419592864,111826420930976,111826423029779,72,0.720000000,center,state,0,0.000000000,2048,0.001533981,2047,0.000000000,0,-0.003360000,1,-0.791000,7,0.000000000,2048,0.000000000,0,12.500,38,12402,0,1,
111826433006952,111826429592333,111826430931484,111826433006952,73,0.730000000,center,state,0,0.000000000,2048,0.001533981,2047,0.000000000,0,-0.003360000,1,-0.791000,7,0.000000000,2048,0.000000000,0,12.500,38,12412,0,1,
111826443020914,111826439592525,111826440930684,111826443020914,74,0.740000000,center,state,0,0.000000000,2048,0.001533981,2047,0.000000000,0,-0.006720000,2,-0.904000,8,0.000000000,2048,0.000000000,0,12.500,38,12422,0,1,
111826453020575,111826449592037,111826450934203,111826453020575,75,0.750000000,center,state,0,0.000000000,2048,0.001533981,2047,0.000000000,0,0.000000000,0,-0.791000,7,0.000000000,2048,0.000000000,0,12.500,38,12432,0,1,
111826463020191,111826459591583,111826460932416,111826463020191,76,0.760000000,center,state,0,0.000000000,2048,0.001533981,2047,0.000000000,0,-0.003360000,1,-0.904000,8,0.000000000,2048,0.000000000,0,12.500,38,12442,0,1,
111826473010072,111826469591656,111826470926643,111826473010072,77,0.770000000,center,state,0,0.000000000,2048,0.001533981,2047,0.000000000,0,-0.006720000,2,-0.904000,8,0.000000000,2048,0.000000000,0,12.500,38,12452,0,1,
111826482999747,111826479592291,111826480912351,111826482999747,78,0.780000000,center,state,0,0.000000000,2048,0.001533981,2047,0.000000000,0,-0.006720000,2,-0.791000,7,0.000000000,2048,0.000000000,0,12.500,38,12462,0,1,
111826492994545,111826489592265,111826490927577,111826492994545,79,0.790000000,center,state,0,0.000000000,2048,0.001533981,2047,0.000000000,0,-0.006720000,2,-0.791000,7,0.000000000,2048,0.000000000,0,12.500,38,12472,0,1,
111826502992984,111826499592154,111826500929400,111826502992984,80,0.800000000,center,state,0,0.000000000,2048,0.001533981,2047,0.000000000,0,-0.003360000,1,-0.791000,7,0.000000000,2048,0.000000000,0,12.500,38,12482,0,1,
111826512989924,111826509592369,111826510909007,111826512989924,81,0.810000000,center,state,0,0.000000000,2048,0.001533981,2047,0.000000000,0,-0.006720000,2,-0.678000,6,0.000000000,2048,0.000000000,0,12.500,38,12492,0,1,
111826523015520,111826519592844,111826520912204,111826523015520,82,0.820000000,center,state,0,0.000000000,2048,0.001533981,2047,0.000000000,0,-0.006720000,2,-0.791000,7,0.000000000,2048,0.000000000,0,12.500,38,12502,0,1,
111826532984270,111826529592326,111826530916067,111826532984270,83,0.830000000,center,state,0,0.000000000,2048,0.001533981,2047,0.000000000,0,-0.003360000,1,-0.791000,7,0.000000000,2048,0.000000000,0,12.500,38,12512,0,1,
111826542996822,111826539592513,111826540911856,111826542996822,84,0.840000000,center,state,0,0.000000000,2048,0.001533981,2047,0.000000000,0,-0.006720000,2,-0.678000,6,0.000000000,2048,0.000000000,0,12.500,38,12522,0,1,
111826552994497,111826549592419,111826550906131,111826552994497,85,0.850000000,center,state,0,0.000000000,2048,0.001533981,2047,0.000000000,0,-0.003360000,1,-0.565000,5,0.000000000,2048,0.000000000,0,12.500,38,12532,0,1,
111826562991685,111826559591701,111826560906621,111826562991685,86,0.860000000,center,state,0,0.000000000,2048,0.001533981,2047,0.000000000,0,-0.003360000,1,-0.791000,7,0.000000000,2048,0.000000000,0,12.500,38,12542,0,1,
111826572987585,111826569592246,111826570908991,111826572987585,87,0.870000000,center,state,0,0.000000000,2048,0.001533981,2047,0.000000000,0,-0.003360000,1,-0.791000,7,0.000000000,2048,0.000000000,0,12.500,38,12552,0,1,
111826582997528,111826579592340,111826580905824,111826582997528,88,0.880000000,center,state,0,0.000000000,2048,0.001533981,2047,0.000000000,0,-0.003360000,1,-0.678000,6,0.000000000,2048,0.000000000,0,12.500,38,12562,0,1,
111826592995441,111826589591942,111826590905624,111826592995441,89,0.890000000,center,state,0,0.000000000,2048,0.001533981,2047,0.000000000,0,-0.003360000,1,-0.791000,7,0.000000000,2048,0.000000000,0,12.500,38,12572,0,1,
111826603026971,111826599592191,111826600910002,111826603026971,90,0.900000000,center,state,0,0.000000000,2048,0.001533981,2047,0.000000000,0,-0.006720000,2,-0.678000,6,0.000000000,2048,0.000000000,0,12.500,38,12582,0,1,
111826612983963,111826609592311,111826610908374,111826612983963,91,0.910000000,center,state,0,0.000000000,2048,0.001533981,2047,0.000000000,0,-0.006720000,2,-0.678000,6,0.000000000,2048,0.000000000,0,12.500,38,12592,0,1,
111826622995168,111826619592466,111826620912295,111826622995168,92,0.920000000,center,state,0,0.000000000,2048,0.001533981,2047,0.000000000,0,-0.003360000,1,-0.904000,8,0.000000000,2048,0.000000000,0,12.500,38,12602,0,1,
111826633015988,111826629592581,111826630908540,111826633015988,93,0.930000000,center,state,0,0.000000000,2048,0.001533981,2047,0.000000000,0,-0.003360000,1,-0.791000,7,0.000000000,2048,0.000000000,0,12.500,38,12612,0,1,
111826642990692,111826639592459,111826640913735,111826642990692,94,0.940000000,center,state,0,0.000000000,2048,0.001533981,2047,0.000000000,0,-0.006720000,2,-0.791000,7,0.000000000,2048,0.000000000,0,12.500,38,12622,0,1,
111826653019248,111826649592534,111826650911092,111826653019248,95,0.950000000,center,state,0,0.000000000,2048,0.001533981,2047,0.000000000,0,-0.006720000,2,-0.678000,6,0.000000000,2048,0.000000000,0,12.500,38,12632,0,1,
111826663014403,111826659592941,111826660910630,111826663014403,96,0.960000000,center,state,0,0.000000000,2048,0.001533981,2047,0.000000000,0,-0.006720000,2,-0.678000,6,0.000000000,2048,0.000000000,0,12.500,38,12642,0,1,
111826672994272,111826669592095,111826670915351,111826672994272,97,0.970000000,center,state,0,0.000000000,2048,0.001533981,2047,0.000000000,0,-0.006720000,2,-0.791000,7,0.000000000,2048,0.000000000,0,12.500,38,12652,0,1,
111826683023429,111826679592082,111826680908234,111826683023429,98,0.980000000,center,state,0,0.000000000,2048,0.001533981,2047,0.000000000,0,-0.003360000,1,-0.565000,5,0.000000000,2048,0.000000000,0,12.500,38,12662,0,1,
111826692939980,111826689591964,111826690908260,111826692939980,99,0.990000000,center,hardware_error,0,0.000000000,2048,,,,,,,,,,,,,,,,,,0
111826703006743,111826699592342,111826700904591,111826703006743,100,1.000000000,center,state,0,0.000000000,2048,0.001533981,2047,0.000000000,0,-0.003360000,1,-0.791000,7,0.000000000,2048,0.000000000,0,12.500,38,12682,0,1,
111826712999936,111826709592747,111826710911422,111826712999936,101,1.010000000,center,state,0,0.000000000,2048,0.000000000,2048,0.000000000,0,-0.003360000,1,-0.904000,8,0.000000000,2048,0.000000000,0,12.500,38,12692,0,1,
111826722987160,111826719590851,111826720907508,111826722987160,102,1.020000000,center,state,0,0.000000000,2048,0.001533981,2047,0.000000000,0,-0.003360000,1,-0.791000,7,0.000000000,2048,0.000000000,0,12.500,38,12702,0,1,
111826733018595,111826729592506,111826730911596,111826733018595,103,1.030000000,center,state,0,0.000000000,2048,0.001533981,2047,0.000000000,0,-0.003360000,1,-0.904000,8,0.000000000,2048,0.000000000,0,12.500,38,12712,0,1,
111826742991826,111826739591975,111826740907059,111826742991826,104,1.040000000,center,state,0,0.000000000,2048,0.001533981,2047,0.000000000,0,-0.006720000,2,-0.678000,6,0.000000000,2048,0.000000000,0,12.500,38,12722,0,1,
111826753015232,111826749592314,111826750908963,111826753015232,105,1.050000000,center,state,0,0.000000000,2048,0.001533981,2047,0.000000000,0,-0.003360000,1,-0.791000,7,0.000000000,2048,0.000000000,0,12.500,38,12732,0,1,
111826762987049,111826759592693,111826760909233,111826762987049,106,1.060000000,center,state,0,0.000000000,2048,0.001533981,2047,0.000000000,0,-0.003360000,1,-0.791000,7,0.000000000,2048,0.000000000,0,12.500,38,12742,0,1,
111826772991933,111826769592569,111826770906633,111826772991933,107,1.070000000,center,state,0,0.000000000,2048,0.001533981,2047,0.000000000,0,-0.003360000,1,-0.791000,7,0.000000000,2048,0.000000000,0,12.500,38,12752,0,1,
111826782997195,111826779592008,111826780908253,111826782997195,108,1.080000000,center,state,0,0.000000000,2048,0.001533981,2047,0.000000000,0,-0.003360000,1,-0.904000,8,0.000000000,2048,0.000000000,0,12.500,38,12762,0,1,
111826792996785,111826789592074,111826790906085,111826792996785,109,1.090000000,center,state,0,0.000000000,2048,0.001533981,2047,0.000000000,0,-0.006720000,2,-0.904000,8,0.000000000,2048,0.000000000,0,12.500,38,12772,0,1,
111826803016856,111826799592626,111826800911049,111826803016856,110,1.100000000,center,state,0,0.000000000,2048,0.001533981,2047,0.000000000,0,-0.006720000,2,-0.678000,6,0.000000000,2048,0.000000000,0,12.500,38,12782,0,1,
111826813019451,111826809592148,111826810908282,111826813019451,111,1.110000000,center,state,0,0.000000000,2048,0.001533981,2047,0.000000000,0,-0.006720000,2,-0.565000,5,0.000000000,2048,0.000000000,0,12.500,38,12792,0,1,
111826822997211,111826819592498,111826820900961,111826822997211,112,1.120000000,center,state,0,0.000000000,2048,0.001533981,2047,0.000000000,0,-0.003360000,1,-0.565000,5,0.000000000,2048,0.000000000,0,12.500,38,12802,0,1,
111826832990030,111826829592524,111826830908076,111826832990030,113,1.130000000,center,state,0,0.000000000,2048,0.000000000,2048,0.000000000,0,-0.006720000,2,-0.678000,6,0.000000000,2048,0.000000000,0,12.500,38,12812,0,1,
111826842988347,111826839592281,111826840908259,111826842988347,114,1.140000000,center,state,0,0.000000000,2048,0.001533981,2047,0.000000000,0,-0.006720000,2,-0.904000,8,0.000000000,2048,0.000000000,0,12.500,38,12822,0,1,
111826852987647,111826849592921,111826850908065,111826852987647,115,1.150000000,center,state,0,0.000000000,2048,0.001533981,2047,0.000000000,0,-0.003360000,1,-0.791000,7,0.000000000,2048,0.000000000,0,12.500,38,12832,0,1,
111826862973201,111826859593162,111826860910831,111826862973201,116,1.160000000,center,state,0,0.000000000,2048,0.001533981,2047,0.000000000,0,-0.003360000,1,-0.791000,7,0.000000000,2048,0.000000000,0,12.500,38,12842,0,1,
111826872981095,111826869592048,111826870905142,111826872981095,117,1.170000000,center,state,0,0.000000000,2048,0.001533981,2047,0.000000000,0,-0.006720000,2,-0.791000,7,0.000000000,2048,0.000000000,0,12.500,38,12852,0,1,
111826882974255,111826879592379,111826880888127,111826882974255,118,1.180000000,center,state,0,0.000000000,2048,0.001533981,2047,0.000000000,0,-0.003360000,1,-0.791000,7,0.000000000,2048,0.000000000,0,12.500,38,12862,0,1,
111826892988786,111826889592058,111826890906957,111826892988786,119,1.190000000,center,state,0,0.000000000,2048,0.001533981,2047,0.000000000,0,-0.003360000,1,-0.904000,8,0.000000000,2048,0.000000000,0,12.500,38,12872,0,1,
111826902988673,111826899592199,111826900888852,111826902988673,120,1.200000000,center,state,0,0.000000000,2048,0.001533981,2047,0.000000000,0,-0.003360000,1,-0.791000,7,0.000000000,2048,0.000000000,0,12.500,38,12882,0,1,
111826912965167,111826909592461,111826910887120,111826912965167,121,1.210000000,center,state,0,0.000000000,2048,0.001533981,2047,0.000000000,0,-0.006720000,2,-0.791000,7,0.000000000,2048,0.000000000,0,12.500,38,12892,0,1,
111826922967287,111826919592732,111826920907510,111826922967287,122,1.220000000,center,state,0,0.000000000,2048,0.001533981,2047,0.000000000,0,-0.003360000,1,-0.904000,8,0.000000000,2048,0.000000000,0,12.500,38,12902,0,1,
111826932963415,111826929592712,111826930888852,111826932963415,123,1.230000000,center,state,0,0.000000000,2048,0.000000000,2048,0.000000000,0,-0.006720000,2,-0.904000,8,0.000000000,2048,0.000000000,0,12.500,38,12912,0,1,
111826942970102,111826939592628,111826940884405,111826942970102,124,1.240000000,center,state,0,0.000000000,2048,0.001533981,2047,0.000000000,0,-0.003360000,1,-0.904000,8,0.000000000,2048,0.000000000,0,12.500,38,12922,0,1,
111826952969979,111826949593516,111826950888838,111826952969979,125,1.250000000,center,state,0,0.000000000,2048,0.001533981,2047,0.000000000,0,-0.003360000,1,-0.791000,7,0.000000000,2048,0.000000000,0,12.500,38,12932,0,1,
111826962964672,111826959593000,111826960891268,111826962964672,126,1.260000000,center,state,0,0.000000000,2048,0.001533981,2047,0.000000000,0,-0.003360000,1,-0.678000,6,0.000000000,2048,0.000000000,0,12.500,38,12942,0,1,
111826972971260,111826969592300,111826970884084,111826972971260,127,1.270000000,center,state,0,0.000000000,2048,0.001533981,2047,0.000000000,0,-0.006720000,2,-0.678000,6,0.000000000,2048,0.000000000,0,12.500,38,12952,0,1,
111826982973841,111826979592211,111826980891341,111826982973841,128,1.280000000,center,state,0,0.000000000,2048,0.001533981,2047,0.000000000,0,-0.003360000,1,-0.904000,8,0.000000000,2048,0.000000000,0,12.500,38,12962,0,1,
111826992969439,111826989592101,111826990887162,111826992969439,129,1.290000000,center,state,0,0.000000000,2048,0.001533981,2047,0.000000000,0,-0.003360000,1,-0.678000,6,0.000000000,2048,0.000000000,0,12.500,38,12972,0,1,
111827002971200,111826999593057,111827000891517,111827002971200,130,1.300000000,center,state,0,0.000000000,2048,0.001533981,2047,0.000000000,0,-0.003360000,1,-0.565000,5,0.000000000,2048,0.000000000,0,12.500,38,12982,0,1,
111827013040625,111827009590786,111827010890716,111827013040625,131,1.310000000,center,state,0,0.000000000,2048,0.001533981,2047,0.000000000,0,-0.006720000,2,-0.678000,6,0.000000000,2048,0.000000000,0,12.500,38,12992,0,1,
111827023049023,111827019592588,111827020951914,111827023049023,132,1.320000000,center,state,0,0.000000000,2048,0.001533981,2047,0.000000000,0,-0.003360000,1,-0.791000,7,0.000000000,2048,0.000000000,0,12.500,38,13002,0,1,
111827033054610,111827029592810,111827030959126,111827033054610,133,1.330000000,center,state,0,0.000000000,2048,0.001533981,2047,0.000000000,0,-0.006720000,2,-0.904000,8,0.000000000,2048,0.000000000,0,12.500,38,13012,0,1,
111827043039167,111827039593690,111827040959305,111827043039167,134,1.340000000,center,state,0,0.000000000,2048,0.001533981,2047,0.000000000,0,-0.006720000,2,-0.678000,6,0.000000000,2048,0.000000000,0,12.500,38,13022,0,1,
111827053048127,111827049593594,111827050954666,111827053048127,135,1.350000000,center,state,0,0.000000000,2048,0.001533981,2047,0.000000000,0,-0.003360000,1,-0.791000,7,0.000000000,2048,0.000000000,0,12.500,38,13032,0,1,
111827063032674,111827059592106,111827060951188,111827063032674,136,1.360000000,center,state,0,0.000000000,2048,0.001533981,2047,0.000000000,0,-0.003360000,1,-0.678000,6,0.000000000,2048,0.000000000,0,12.500,38,13042,0,1,
111827073033265,111827069592173,111827070951325,111827073033265,137,1.370000000,center,state,0,0.000000000,2048,0.001533981,2047,0.000000000,0,-0.003360000,1,-0.904000,8,0.000000000,2048,0.000000000,0,12.500,38,13052,0,1,
111827083041095,111827079591859,111827080945911,111827083041095,138,1.380000000,center,state,0,0.000000000,2048,0.001533981,2047,0.000000000,0,-0.003360000,1,-0.791000,7,0.000000000,2048,0.000000000,0,12.500,38,13062,0,1,
111827093041798,111827089592661,111827090948434,111827093041798,139,1.390000000,center,state,0,0.000000000,2048,0.001533981,2047,0.000000000,0,-0.003360000,1,-0.678000,6,0.000000000,2048,0.000000000,0,12.500,38,13072,0,1,
111827103043615,111827099591969,111827100951891,111827103043615,140,1.400000000,center,state,0,0.000000000,2048,0.001533981,2047,0.000000000,0,-0.003360000,1,-0.791000,7,0.000000000,2048,0.000000000,0,12.500,38,13082,0,1,
111827113044111,111827109592445,111827110955272,111827113044111,141,1.410000000,center,state,0,0.000000000,2048,0.001533981,2047,0.000000000,0,-0.003360000,1,-0.791000,7,0.000000000,2048,0.000000000,0,12.500,38,13092,0,1,
111827123048849,111827119593089,111827120952262,111827123048849,142,1.420000000,center,state,0,0.000000000,2048,0.001533981,2047,0.000000000,0,-0.003360000,1,-0.678000,6,0.000000000,2048,0.000000000,0,12.500,38,13102,0,1,
111827133043130,111827129592923,111827130947080,111827133043130,143,1.430000000,center,state,0,0.000000000,2048,0.001533981,2047,0.000000000,0,-0.003360000,1,-0.678000,6,0.000000000,2048,0.000000000,0,12.500,38,13112,0,1,
111827143038584,111827139592620,111827140947119,111827143038584,144,1.440000000,center,state,0,0.000000000,2048,0.001533981,2047,0.000000000,0,0.000000000,0,-0.678000,6,0.000000000,2048,0.000000000,0,12.500,38,13122,0,1,
111827153039015,111827149592461,111827150961730,111827153039015,145,1.450000000,center,state,0,0.000000000,2048,0.001533981,2047,0.000000000,0,-0.003360000,1,-0.904000,8,0.000000000,2048,0.000000000,0,12.500,38,13132,0,1,
111827163039624,111827159593229,111827160953174,111827163039624,146,1.460000000,center,state,0,0.000000000,2048,0.001533981,2047,0.000000000,0,-0.010080000,3,-0.678000,6,0.000000000,2048,0.000000000,0,12.500,38,13142,0,1,
111827173038203,111827169592972,111827170942690,111827173038203,147,1.470000000,center,state,0,0.000000000,2048,0.001533981,2047,0.000000000,0,-0.003360000,1,-0.791000,7,0.000000000,2048,0.000000000,0,12.500,38,13152,0,1,
111827183042539,111827179592002,111827180946150,111827183042539,148,1.480000000,center,state,0,0.000000000,2048,0.001533981,2047,0.000000000,0,-0.003360000,1,-0.791000,7,0.000000000,2048,0.000000000,0,12.500,38,13162,0,1,
111827193046497,111827189592385,111827190947529,111827193046497,149,1.490000000,center,state,0,0.000000000,2048,0.001533981,2047,0.000000000,0,-0.003360000,1,-0.791000,7,0.000000000,2048,0.000000000,0,12.500,38,13172,0,1,
111827203036466,111827199592091,111827200955413,111827203036466,150,1.500000000,plus_a1,state,0,0.035000000,2025,0.000000000,2048,0.000000000,0,-0.003360000,1,-0.904000,8,0.035281558,2025,0.000000000,0,12.500,38,13182,0,0,
111827213041213,111827209592327,111827210951979,111827213041213,151,1.510000000,plus_a1,state,0,0.035000000,2025,0.001533981,2047,0.000000000,0,0.174720000,-52,14.690000,-130,0.035281558,2025,0.000000000,0,12.500,38,13192,0,0,
111827223038313,111827219592361,111827220956647,111827223038313,152,1.520000000,plus_a1,state,0,0.035000000,2025,0.007669904,2043,0.000000000,0,0.181440000,-54,17.628000,-156,0.035281558,2025,0.000000000,0,12.500,38,13202,0,0,
111827233039536,111827229592335,111827230952999,111827233039536,153,1.530000000,plus_a1,state,0,0.035000000,2025,0.015339808,2038,0.047961648,-2,0.127680000,-38,21.809000,-193,0.035281558,2025,0.000000000,0,12.600,38,13212,0,0,
111827243045022,111827239592288,111827240944413,111827243045022,154,1.540000000,plus_a1,state,0,0.035000000,2025,0.024543693,2032,0.143884944,-6,0.067200000,-20,22.261000,-197,0.035281558,2025,0.000000000,0,12.600,38,13222,0,1,
111827253056852,111827249592275,111827250948287,111827253056852,155,1.550000000,plus_a1,state,0,0.035000000,2025,0.036815539,2024,0.263789063,-11,0.006720000,-2,22.261000,-197,0.035281558,2025,0.000000000,0,12.400,38,13232,1,1,
111827263050294,111827259593370,111827260890121,111827263050294,156,1.560000000,plus_a1,state,0,0.035000000,2025,0.044485443,2019,0.407674007,-17,0.026880000,-8,4.972000,-44,0.035281558,2025,0.000000000,0,12.500,38,13242,1,1,
111827273040481,111827269592704,111827270945196,111827273040481,157,1.570000000,plus_a1,state,0,0.035000000,2025,0.052155347,2014,0.551558950,-23,-0.127680000,38,10.283000,-91,0.035281558,2025,0.000000000,0,12.500,38,13252,1,1,
111827283043307,111827279592585,111827280943454,111827283043307,158,1.580000000,plus_a1,state,0,0.035000000,2025,0.055223308,2012,0.647482246,-27,-0.141120000,42,1.469000,-13,0.035281558,2025,0.000000000,0,12.500,38,13262,1,0,
111827293040621,111827289591827,111827290971278,111827293040621,159,1.590000000,plus_a1,state,0,0.035000000,2025,0.056757289,2011,0.695443894,-29,-0.127680000,38,-1.469000,13,0.035281558,2025,0.000000000,0,12.500,38,13272,1,0,
111827303057748,111827299592509,111827300960108,111827303057748,160,1.600000000,plus_a1,state,0,0.035000000,2025,0.056757289,2011,0.671463070,-28,-0.131040000,39,-6.554000,58,0.035281558,2025,0.000000000,0,12.500,38,13282,1,0,
111827313042138,111827309593570,111827310935986,111827313042138,161,1.610000000,plus_a1,state,0,0.035000000,2025,0.056757289,2011,0.599520598,-25,-0.114240000,34,-12.317000,109,0.035281558,2025,0.000000000,0,12.500,38,13292,1,0,
111827323045517,111827319592491,111827320929742,111827323045517,162,1.620000000,plus_a1,state,0,0.035000000,2025,0.052155347,2014,0.455635655,-19,-0.097440000,29,-14.577000,129,0.035281558,2025,0.000000000,0,12.600,38,13302,1,1,
111827333063975,111827329592691,111827330927678,111827333063975,163,1.630000000,plus_a1,state,0,0.035000000,2025,0.046019424,2018,0.263789063,-11,-0.067200000,20,-14.916000,132,0.035281558,2025,0.000000000,0,12.600,38,13312,1,1,
111827343037968,111827339593970,111827340927240,111827343037968,164,1.640000000,plus_a1,state,0,0.035000000,2025,0.038349520,2023,0.071942472,-3,-0.020160000,6,-15.029000,133,0.035281558,2025,0.000000000,0,12.500,38,13322,0,1,
111827353012079,111827349592686,111827350933550,111827353012079,165,1.650000000,plus_a1,state,0,0.035000000,2025,0.032213597,2027,-0.071942472,3,-0.010080000,3,-11.978000,106,0.035281558,2025,0.000000000,0,12.600,38,13332,0,1,
111827363020925,111827359592489,111827360924598,111827363020925,166,1.660000000,plus_a1,state,0,0.035000000,2025,0.026077673,2031,-0.239808239,10,0.107520000,-32,-7.458000,66,0.035281558,2025,0.000000000,0,12.600,38,13342,0,1,
111827373018843,111827369593088,111827370932754,111827373018843,167,1.670000000,plus_a1,state,0,0.035000000,2025,0.023009712,2033,-0.359712359,15,0.073920000,-22,0.565000,-5,0.035281558,2025,0.000000000,0,12.600,38,13352,1,1,
111827383023020,111827379592759,111827380930664,111827383023020,168,1.680000000,plus_a1,state,0,0.035000000,2025,0.021475731,2034,-0.431654831,18,0.067200000,-20,1.921000,-17,0.035281558,2025,0.000000000,0,12.600,38,13362,1,1,
111827393021019,111827389592826,111827390932925,111827393021019,169,1.690000000,plus_a1,state,0,0.035000000,2025,0.023009712,2033,-0.431654831,18,0.080640000,-24,3.729000,-33,0.035281558,2025,0.000000000,0,12.500,38,13372,1,1,
111827403017889,111827399591819,111827400927290,111827403017889,170,1.700000000,plus_a1,state,0,0.035000000,2025,0.023009712,2033,-0.383693183,16,0.073920000,-22,6.328000,-56,0.035281558,2025,0.000000000,0,12.500,38,13382,1,1,
111827413021864,111827409592515,111827410925057,111827413021864,171,1.710000000,plus_a1,state,0,0.035000000,2025,0.026077673,2031,-0.311750711,13,0.090720000,-27,4.746000,-42,0.035281558,2025,0.000000000,0,12.500,38,13392,1,1,
111827423022522,111827419592136,111827420929979,111827423022522,172,1.720000000,plus_a1,state,0,0.035000000,2025,0.027611654,2030,-0.215827415,9,0.047040000,-14,4.181000,-37,0.035281558,2025,0.000000000,0,12.500,38,13402,0,1,
111827433012280,111827429592020,111827430928978,111827433012280,173,1.730000000,plus_a1,state,0,0.035000000,2025,0.029145635,2029,-0.095923296,4,0.030240000,-9,4.520000,-40,0.035281558,2025,0.000000000,0,12.500,38,13412,0,1,
111827442933225,111827439592941,111827440875368,111827442933225,174,1.740000000,plus_a1,state,0,0.035000000,2025,0.030679616,2028,0.000000000,0,0.030240000,-9,4.294000,-38,0.035281558,2025,0.000000000,0,12.500,38,13422,0,1,
111827453020068,111827449592824,111827450929806,111827453020068,175,1.750000000,plus_a1,state,0,0.035000000,2025,0.032213597,2027,0.047961648,-2,0.016800000,-5,4.181000,-37,0.035281558,2025,0.000000000,0,12.500,38,13432,0,1,
111827463021089,111827459592577,111827460925111,111827463021089,176,1.760000000,plus_a1,state,0,0.035000000,2025,0.033747577,2026,0.095923296,-4,0.010080000,-3,4.181000,-37,0.035281558,2025,0.000000000,0,12.500,38,13442,0,1,
111827473018341,111827469592567,111827470926647,111827473018341,177,1.770000000,plus_a1,state,0,0.035000000,2025,0.035281558,2025,0.119904120,-5,-0.013440000,4,0.226000,-2,0.035281558,2025,0.000000000,0,12.400,38,13452,0,1,
111827483017212,111827479592516,111827480921167,111827483017212,178,1.780000000,plus_a1,state,0,0.035000000,2025,0.035281558,2025,0.143884944,-6,0.010080000,-3,-0.113000,1,0.035281558,2025,0.000000000,0,12.500,38,13462,0,1,
111827493023263,111827489592113,111827490926862,111827493023263,179,1.790000000,plus_a1,state,0,0.035000000,2025,0.035281558,2025,0.119904120,-5,-0.003360000,1,-0.113000,1,0.035281558,2025,0.000000000,0,12.500,38,13472,0,1,
111827503021771,111827499591595,111827500928597,111827503021771,180,1.800000000,plus_a1,state,0,0.035000000,2025,0.036815539,2024,0.119904120,-5,0.000000000,0,-0.113000,1,0.035281558,2025,0.000000000,0,12.500,38,13482,0,1,
111827513224782,111827509592174,111827511123081,111827513224782,181,1.810000000,plus_a1,state,0,0.035000000,2025,0.036815539,2024,0.095923296,-4,0.000000000,0,-0.113000,1,0.035281558,2025,0.000000000,0,12.500,38,13492,0,1,
111827524224500,111827519674181,111827521977020,111827524224500,182,1.820000000,plus_a1,state,0,0.035000000,2025,0.036815539,2024,0.071942472,-3,-0.006720000,2,-0.113000,1,0.035281558,2025,0.000000000,0,12.500,38,13503,0,1,
111827534213914,111827529614938,111827532076308,111827534213914,183,1.830000000,plus_a1,state,0,0.035000000,2025,0.036815539,2024,0.047961648,-2,-0.003360000,1,-0.452000,4,0.035281558,2025,0.000000000,0,12.500,38,13513,0,1,
111827544224481,111827539667003,111827541943302,111827544224481,184,1.840000000,plus_a1,state,0,0.035000000,2025,0.036815539,2024,0.023980824,-1,0.000000000,0,0.113000,-1,0.035281558,2025,0.000000000,0,12.500,38,13523,0,1,
111827554211889,111827549601733,111827552080706,111827554211889,185,1.850000000,plus_a1,state,0,0.035000000,2025,0.036815539,2024,0.000000000,0,0.000000000,0,-0.113000,1,0.035281558,2025,0.000000000,0,12.500,38,13533,0,1,
111827564064790,111827559676523,111827561957358,111827564064790,186,1.860000000,plus_a1,state,0,0.035000000,2025,0.035281558,2025,0.000000000,0,-0.003360000,1,-0.226000,2,0.035281558,2025,0.000000000,0,12.500,38,13543,0,1,
111827574214493,111827569676610,111827571971901,111827574214493,187,1.870000000,plus_a1,state,0,0.035000000,2025,0.036815539,2024,0.000000000,0,-0.003360000,1,-0.113000,1,0.035281558,2025,0.000000000,0,12.500,38,13553,0,1,
111827584068649,111827579674300,111827582073917,111827584068649,188,1.880000000,plus_a1,state,0,0.035000000,2025,0.036815539,2024,0.000000000,0,-0.003360000,1,-0.226000,2,0.035281558,2025,0.000000000,0,12.500,38,13563,0,1,
111827594210600,111827589670766,111827592086420,111827594210600,189,1.890000000,plus_a1,state,0,0.035000000,2025,0.036815539,2024,0.000000000,0,0.000000000,0,0.113000,-1,0.035281558,2025,0.000000000,0,12.500,38,13573,0,1,
111827604031067,111827599671150,111827602077024,111827604031067,190,1.900000000,plus_a1,state,0,0.035000000,2025,0.036815539,2024,0.000000000,0,-0.003360000,1,-0.339000,3,0.035281558,2025,0.000000000,0,12.500,38,13583,0,1,
111827614195053,111827609669975,111827612079266,111827614195053,191,1.910000000,plus_a1,state,0,0.035000000,2025,0.035281558,2025,0.000000000,0,-0.003360000,1,0.000000,0,0.035281558,2025,0.000000000,0,12.500,38,13593,0,1,
111827624044435,111827619666907,111827621969093,111827624044435,192,1.920000000,plus_a1,state,0,0.035000000,2025,0.035281558,2025,0.000000000,0,0.000000000,0,0.113000,-1,0.035281558,2025,0.000000000,0,12.500,38,13603,0,1,
111827634056141,111827629677045,111827632077854,111827634056141,193,1.930000000,plus_a1,state,0,0.035000000,2025,0.036815539,2024,0.000000000,0,-0.003360000,1,-0.226000,2,0.035281558,2025,0.000000000,0,12.500,38,13613,0,1,
111827644201616,111827639667192,111827642075060,111827644201616,194,1.940000000,plus_a1,state,0,0.035000000,2025,0.036815539,2024,0.000000000,0,0.000000000,0,0.000000,0,0.035281558,2025,0.000000000,0,12.500,38,13623,0,1,
111827654184213,111827649671593,111827651942218,111827654184213,195,1.950000000,plus_a1,state,0,0.035000000,2025,0.036815539,2024,0.000000000,0,-0.003360000,1,0.000000,0,0.035281558,2025,0.000000000,0,12.500,38,13633,0,1,
111827664198836,111827659674490,111827661954513,111827664198836,196,1.960000000,plus_a1,state,0,0.035000000,2025,0.035281558,2025,0.000000000,0,0.000000000,0,0.113000,-1,0.035281558,2025,0.000000000,0,12.500,38,13643,0,1,
111827674046145,111827669673302,111827671964415,111827674046145,197,1.970000000,plus_a1,state,0,0.035000000,2025,0.036815539,2024,0.000000000,0,-0.003360000,1,-0.113000,1,0.035281558,2025,0.000000000,0,12.500,38,13653,0,1,
111827684192527,111827679669636,111827682075134,111827684192527,198,1.980000000,plus_a1,state,0,0.035000000,2025,0.036815539,2024,0.000000000,0,-0.003360000,1,-0.452000,4,0.035281558,2025,0.000000000,0,12.500,38,13663,0,1,
111827694104916,111827689678054,111827692057416,111827694104916,199,1.990000000,plus_a1,hardware_error,0,0.035000000,2025,,,,,,,,,,,,,,,,,,0
111827704181140,111827699678300,111827702078477,111827704181140,200,2.000000000,plus_a1,state,0,0.035000000,2025,0.036815539,2024,0.000000000,0,-0.003360000,1,0.113000,-1,0.035281558,2025,0.000000000,0,12.500,38,13683,0,1,
111827714052133,111827709669480,111827711901752,111827714052133,201,2.010000000,plus_a1,state,0,0.035000000,2025,0.036815539,2024,0.000000000,0,-0.003360000,1,-0.339000,3,0.035281558,2025,0.000000000,0,12.500,38,13693,0,1,
111827723033568,111827719592000,111827720927737,111827723033568,202,2.020000000,plus_a1,state,0,0.035000000,2025,0.036815539,2024,0.000000000,0,0.000000000,0,0.000000,0,0.035281558,2025,0.000000000,0,12.500,38,13702,0,1,
111827732939980,111827729592338,111827730859849,111827732939980,203,2.030000000,plus_a1,state,0,0.035000000,2025,0.036815539,2024,0.000000000,0,0.000000000,0,-0.113000,1,0.035281558,2025,0.000000000,0,12.500,38,13712,0,1,
111827742945653,111827739593648,111827740908284,111827742945653,204,2.040000000,plus_a1,state,0,0.035000000,2025,0.035281558,2025,0.000000000,0,-0.003360000,1,-0.113000,1,0.035281558,2025,0.000000000,0,12.500,38,13722,0,1,
111827752987697,111827749593523,111827750854682,111827752987697,205,2.050000000,plus_a1,state,0,0.035000000,2025,0.035281558,2025,0.000000000,0,-0.003360000,1,-0.113000,1,0.035281558,2025,0.000000000,0,12.500,38,13731,0,1,
111827762988471,111827759592068,111827760909135,111827762988471,206,2.060000000,plus_a1,state,0,0.035000000,2025,0.035281558,2025,0.000000000,0,-0.003360000,1,-0.226000,2,0.035281558,2025,0.000000000,0,12.500,38,13742,0,1,
111827772989713,111827769593555,111827770904934,111827772989713,207,2.070000000,plus_a1,state,0,0.035000000,2025,0.036815539,2024,0.000000000,0,-0.003360000,1,0.113000,-1,0.035281558,2025,0.000000000,0,12.500,38,13752,0,1,
111827782933190,111827779592831,111827780898295,111827782933190,208,2.080000000,plus_a1,state,0,0.035000000,2025,0.035281558,2025,0.000000000,0,-0.003360000,1,0.000000,0,0.035281558,2025,0.000000000,0,12.500,38,13762,0,1,
111827792999208,111827789593005,111827790906537,111827792999208,209,2.090000000,plus_a1,state,0,0.035000000,2025,0.035281558,2025,0.000000000,0,0.000000000,0,0.000000,0,0.035281558,2025,0.000000000,0,12.500,38,13772,0,1,
111827802987159,111827799591874,111827800905835,111827802987159,210,2.100000000,plus_a1,state,0,0.035000000,2025,0.036815539,2024,0.000000000,0,0.000000000,0,-0.226000,2,0.035281558,2025,0.000000000,0,12.500,38,13782,0,1,
111827812999335,111827809592784,111827810912271,111827812999335,211,2.110000000,plus_a1,state,0,0.035000000,2025,0.036815539,2024,0.000000000,0,-0.003360000,1,-0.113000,1,0.035281558,2025,0.000000000,0,12.500,38,13792,0,1,
111827822989685,111827819592085,111827820906528,111827822989685,212,2.120000000,plus_a1,state,0,0.035000000,2025,0.036815539,2024,0.000000000,0,0.000000000,0,0.113000,-1,0.035281558,2025,0.000000000,0,12.500,38,13802,0,1,
111827832981104,111827829591947,111827830905137,111827832981104,213,2.130000000,plus_a1,state,0,0.035000000,2025,0.036815539,2024,0.000000000,0,-0.003360000,1,-0.226000,2,0.035281558,2025,0.000000000,0,12.500,38,13812,0,1,
111827842993234,111827839591856,111827840907989,111827842993234,214,2.140000000,plus_a1,state,0,0.035000000,2025,0.036815539,2024,0.000000000,0,-0.003360000,1,0.000000,0,0.035281558,2025,0.000000000,0,12.500,38,13822,0,1,
111827852989707,111827849592429,111827850915078,111827852989707,215,2.150000000,plus_a1,state,0,0.035000000,2025,0.036815539,2024,0.000000000,0,-0.003360000,1,-0.113000,1,0.035281558,2025,0.000000000,0,12.500,38,13832,0,1,
111827862991465,111827859592520,111827860903622,111827862991465,216,2.160000000,plus_a1,state,0,0.035000000,2025,0.036815539,2024,0.000000000,0,0.000000000,0,-0.113000,1,0.035281558,2025,0.000000000,0,12.500,38,13842,0,1,
111827872983164,111827869592577,111827870906952,111827872983164,217,2.170000000,plus_a1,state,0,0.035000000,2025,0.035281558,2025,0.000000000,0,0.000000000,0,0.000000,0,0.035281558,2025,0.000000000,0,12.500,38,13852,0,1,
111827882982669,111827879592682,111827880903726,111827882982669,218,2.180000000,plus_a1,state,0,0.035000000,2025,0.035281558,2025,0.000000000,0,0.000000000,0,0.113000,-1,0.035281558,2025,0.000000000,0,12.500,38,13862,0,1,
111827892994341,111827889593081,111827890899795,111827892994341,219,2.190000000,plus_a1,state,0,0.035000000,2025,0.036815539,2024,0.000000000,0,0.000000000,0,0.000000,0,0.035281558,2025,0.000000000,0,12.500,38,13872,0,1,
111827902993081,111827899592236,111827900909204,111827902993081,220,2.200000000,plus_a1,state,0,0.035000000,2025,0.036815539,2024,0.000000000,0,-0.003360000,1,-0.113000,1,0.035281558,2025,0.000000000,0,12.500,38,13882,0,1,
111827912994648,111827909593387,111827910919715,111827912994648,221,2.210000000,plus_a1,state,0,0.035000000,2025,0.035281558,2025,0.000000000,0,-0.003360000,1,0.000000,0,0.035281558,2025,0.000000000,0,12.500,38,13892,0,1,
111827922989714,111827919593176,111827920907290,111827922989714,222,2.220000000,plus_a1,state,0,0.035000000,2025,0.036815539,2024,0.000000000,0,0.000000000,0,0.000000,0,0.035281558,2025,0.000000000,0,12.500,38,13902,0,1,
111827932993761,111827929592487,111827930905879,111827932993761,223,2.230000000,plus_a1,state,0,0.035000000,2025,0.036815539,2024,0.000000000,0,-0.003360000,1,0.000000,0,0.035281558,2025,0.000000000,0,12.500,38,13912,0,1,
111827942993070,111827939592251,111827940906564,111827942993070,224,2.240000000,plus_a1,state,0,0.035000000,2025,0.036815539,2024,0.000000000,0,-0.003360000,1,-0.113000,1,0.035281558,2025,0.000000000,0,12.500,38,13922,0,1,
111827952994904,111827949594606,111827950907174,111827952994904,225,2.250000000,plus_a1,state,0,0.035000000,2025,0.035281558,2025,0.000000000,0,0.000000000,0,0.000000,0,0.035281558,2025,0.000000000,0,12.500,38,13932,0,1,
111827962990659,111827959593122,111827960902531,111827962990659,226,2.260000000,plus_a1,state,0,0.035000000,2025,0.035281558,2025,0.000000000,0,-0.003360000,1,-0.113000,1,0.035281558,2025,0.000000000,0,12.500,38,13942,0,1,
111827972987902,111827969592462,111827970907207,111827972987902,227,2.270000000,plus_a1,state,0,0.035000000,2025,0.036815539,2024,0.000000000,0,-0.003360000,1,-0.226000,2,0.035281558,2025,0.000000000,0,12.500,38,13952,0,1,
111827982944303,111827979592311,111827980901590,111827982944303,228,2.280000000,plus_a1,state,0,0.035000000,2025,0.036815539,2024,0.000000000,0,0.000000000,0,0.113000,-1,0.035281558,2025,0.000000000,0,12.500,38,13961,0,1,
111827992930032,111827989593092,111827990847246,111827992930032,229,2.290000000,plus_a1,state,0,0.035000000,2025,0.036815539,2024,0.000000000,0,0.000000000,0,0.000000,0,0.035281558,2025,0.000000000,0,12.500,38,13971,0,1,
111828002929762,111827999592887,111828000849541,111828002929762,230,2.300000000,plus_a1,state,0,0.035000000,2025,0.036815539,2024,0.000000000,0,0.000000000,0,-0.339000,3,0.035281558,2025,0.000000000,0,12.500,38,13981,0,1,
111828013936046,111828009595905,111828011843392,111828013936046,231,2.310000000,plus_a1,state,0,0.035000000,2025,0.035281558,2025,0.000000000,0,-0.003360000,1,-0.113000,1,0.035281558,2025,0.000000000,0,12.500,38,13992,0,1,
111828022932853,111828019592522,111828020846783,111828022932853,232,2.320000000,plus_a1,state,0,0.035000000,2025,0.035281558,2025,0.000000000,0,-0.003360000,1,0.113000,-1,0.035281558,2025,0.000000000,0,12.500,38,14001,0,1,
111828032945525,111828029592514,111828030867024,111828032945525,233,2.330000000,plus_a1,state,0,0.035000000,2025,0.035281558,2025,0.000000000,0,-0.003360000,1,-0.226000,2,0.035281558,2025,0.000000000,0,12.500,38,14011,0,1,
111828043936560,111828039592695,111828041846824,111828043936560,234,2.340000000,plus_a1,state,0,0.035000000,2025,0.035281558,2025,0.000000000,0,-0.003360000,1,0.000000,0,0.035281558,2025,0.000000000,0,12.500,38,14022,0,1,
111828052933123,111828049592952,111828050844770,111828052933123,235,2.350000000,plus_a1,state,0,0.035000000,2025,0.035281558,2025,0.000000000,0,0.000000000,0,0.113000,-1,0.035281558,2025,0.000000000,0,12.500,38,14031,0,1,
111828062930278,111828059592447,111828060846905,111828062930278,236,2.360000000,plus_a1,state,0,0.035000000,2025,0.035281558,2025,0.000000000,0,0.000000000,0,0.000000,0,0.035281558,2025,0.000000000,0,12.500,38,14041,0,1,
111828072923590,111828069593248,111828070846145,111828072923590,237,2.370000000,plus_a1,state,0,0.035000000,2025,0.035281558,2025,0.000000000,0,0.000000000,0,0.000000,0,0.035281558,2025,0.000000000,0,12.500,38,14051,0,1,
111828082926663,111828079592587,111828080844876,111828082926663,238,2.380000000,plus_a1,state,0,0.035000000,2025,0.035281558,2025,0.000000000,0,0.000000000,0,-0.339000,3,0.035281558,2025,0.000000000,0,12.500,38,14061,0,1,
111828092926946,111828089592870,111828090842947,111828092926946,239,2.390000000,plus_a1,state,0,0.035000000,2025,0.036815539,2024,0.000000000,0,0.000000000,0,-0.113000,1,0.035281558,2025,0.000000000,0,12.500,38,14071,0,1,
111828102926689,111828099592878,111828100843678,111828102926689,240,2.400000000,plus_a1,state,0,0.035000000,2025,0.036815539,2024,0.000000000,0,0.000000000,0,0.000000,0,0.035281558,2025,0.000000000,0,12.500,38,14081,0,1,
111828112930066,111828109592820,111828110844306,111828112930066,241,2.410000000,plus_a1,state,0,0.035000000,2025,0.036815539,2024,0.000000000,0,-0.003360000,1,-0.113000,1,0.035281558,2025,0.000000000,0,12.500,38,14091,0,1,
111828122931340,111828119592742,111828120845699,111828122931340,242,2.420000000,plus_a1,state,0,0.035000000,2025,0.036815539,2024,0.000000000,0,0.000000000,0,-0.113000,1,0.035281558,2025,0.000000000,0,12.500,38,14101,0,1,
111828132939255,111828129591676,111828130844438,111828132939255,243,2.430000000,plus_a1,state,0,0.035000000,2025,0.036815539,2024,0.000000000,0,-0.003360000,1,-0.113000,1,0.035281558,2025,0.000000000,0,12.500,38,14111,0,1,
111828142911368,111828139599999,111828140843743,111828142911368,244,2.440000000,plus_a1,state,0,0.035000000,2025,0.035281558,2025,0.000000000,0,-0.003360000,1,-0.113000,1,0.035281558,2025,0.000000000,0,12.500,38,14121,0,1,
111828152908378,111828149592571,111828150843801,111828152908378,245,2.450000000,plus_a1,state,0,0.035000000,2025,0.036815539,2024,0.000000000,0,0.000000000,0,-0.113000,1,0.035281558,2025,0.000000000,0,12.500,38,14131,0,1,
111828163930439,111828159592135,111828161845183,111828163930439,246,2.460000000,plus_a1,state,0,0.035000000,2025,0.036815539,2024,0.000000000,0,-0.003360000,1,-0.226000,2,0.035281558,2025,0.000000000,0,12.500,38,14142,0,1,
111828173911897,111828169593933,111828171843847,111828173911897,247,2.470000000,plus_a1,state,0,0.035000000,2025,0.035281558,2025,0.000000000,0,0.000000000,0,-0.113000,1,0.035281558,2025,0.000000000,0,12.500,38,14152,0,1,
111828182927535,111828179590456,111828180829825,111828182927535,248,2.480000000,plus_a1,state,0,0.035000000,2025,0.036815539,2024,0.000000000,0,-0.003360000,1,0.000000,0,0.035281558,2025,0.000000000,0,12.500,38,14161,0,1,
111828192905917,111828189593021,111828190825123,111828192905917,249,2.490000000,plus_a1,state,0,0.035000000,2025,0.036815539,2024,0.000000000,0,-0.003360000,1,0.113000,-1,0.035281558,2025,0.000000000,0,12.500,38,14171,0,1,
111828202910071,111828199592188,111828200828886,111828202910071,250,2.500000000,plus_a1,state,0,0.035000000,2025,0.036815539,2024,0.000000000,0,0.000000000,0,0.000000,0,0.035281558,2025,0.000000000,0,12.500,38,14181,0,1,
111828212908267,111828209592271,111828210826595,111828212908267,251,2.510000000,plus_a1,state,0,0.035000000,2025,0.036815539,2024,0.000000000,0,0.000000000,0,0.113000,-1,0.035281558,2025,0.000000000,0,12.500,38,14191,0,1,
111828222905788,111828219592404,111828220826480,111828222905788,252,2.520000000,plus_a1,state,0,0.035000000,2025,0.036815539,2024,0.000000000,0,-0.003360000,1,-0.113000,1,0.035281558,2025,0.000000000,0,12.500,38,14201,0,1,
111828232905012,111828229591693,111828230827961,111828232905012,253,2.530000000,plus_a1,state,0,0.035000000,2025,0.035281558,2025,0.000000000,0,-0.003360000,1,-0.226000,2,0.035281558,2025,0.000000000,0,12.500,38,14211,0,1,
111828242907855,111828239591763,111828240825910,111828242907855,254,2.540000000,plus_a1,state,0,0.035000000,2025,0.036815539,2024,0.000000000,0,0.000000000,0,0.000000,0,0.035281558,2025,0.000000000,0,12.500,38,14221,0,1,
111828253905722,111828249592941,111828251822714,111828253905722,255,2.550000000,plus_a1,state,0,0.035000000,2025,0.036815539,2024,0.000000000,0,-0.006720000,2,-0.226000,2,0.035281558,2025,0.000000000,0,12.500,38,14232,0,1,
111828262906752,111828259592297,111828260822831,111828262906752,256,2.560000000,plus_a1,state,0,0.035000000,2025,0.035281558,2025,0.000000000,0,0.000000000,0,0.000000,0,0.035281558,2025,0.000000000,0,12.500,38,14241,0,1,
111828272912826,111828269592466,111828270823397,111828272912826,257,2.570000000,plus_a1,state,0,0.035000000,2025,0.036815539,2024,0.000000000,0,0.000000000,0,0.000000,0,0.035281558,2025,0.000000000,0,12.500,38,14251,0,1,
111828282904256,111828279591945,111828280820990,111828282904256,258,2.580000000,plus_a1,state,0,0.035000000,2025,0.035281558,2025,0.000000000,0,-0.003360000,1,-0.113000,1,0.035281558,2025,0.000000000,0,12.500,38,14261,0,1,
111828293913537,111828289592922,111828291818924,111828293913537,259,2.590000000,plus_a1,state,0,0.035000000,2025,0.036815539,2024,0.000000000,0,-0.003360000,1,-0.339000,3,0.035281558,2025,0.000000000,0,12.500,38,14272,0,1,
111828303913573,111828299592310,111828301819992,111828303913573,260,2.600000000,plus_a1,state,0,0.035000000,2025,0.036815539,2024,0.000000000,0,-0.003360000,1,0.113000,-1,0.035281558,2025,0.000000000,0,12.500,38,14282,0,1,
111828313916387,111828309592145,111828311825664,111828313916387,261,2.610000000,plus_a1,state,0,0.035000000,2025,0.036815539,2024,0.000000000,0,0.000000000,0,0.000000,0,0.035281558,2025,0.000000000,0,12.500,38,14292,0,1,
111828323909228,111828319592002,111828321826755,111828323909228,262,2.620000000,plus_a1,state,0,0.035000000,2025,0.035281558,2025,0.000000000,0,0.000000000,0,0.000000,0,0.035281558,2025,0.000000000,0,12.500,38,14302,0,1,
111828333932163,111828329591432,111828331821146,111828333932163,263,2.630000000,plus_a1,state,0,0.035000000,2025,0.035281558,2025,0.000000000,0,-0.003360000,1,-0.113000,1,0.035281558,2025,0.000000000,0,12.500,38,14312,0,1,
111828343910993,111828339593216,111828341823776,111828343910993,264,2.640000000,plus_a1,state,0,0.035000000,2025,0.035281558,2025,0.000000000,0,-0.003360000,1,-0.565000,5,0.035281558,2025,0.000000000,0,12.500,38,14322,0,1,
111828353915933,111828349592549,111828351823307,111828353915933,265,2.650000000,plus_a1,state,0,0.035000000,2025,0.035281558,2025,0.000000000,0,0.000000000,0,0.000000,0,0.035281558,2025,0.000000000,0,12.500,38,14332,0,1,
111828363909458,111828359592065,111828361826211,111828363909458,266,2.660000000,plus_a1,state,0,0.035000000,2025,0.035281558,2025,0.000000000,0,-0.003360000,1,-0.113000,1,0.035281558,2025,0.000000000,0,12.500,38,14342,0,1,
111828373890856,111828369590578,111828371822703,111828373890856,267,2.670000000,plus_a1,state,0,0.035000000,2025,0.036815539,2024,0.000000000,0,-0.003360000,1,0.000000,0,0.035281558,2025,0.000000000,0,12.500,38,14352,0,1,
111828383893647,111828379592000,111828381820151,111828383893647,268,2.680000000,plus_a1,state,0,0.035000000,2025,0.035281558,2025,0.000000000,0,0.000000000,0,0.000000,0,0.035281558,2025,0.000000000,0,12.500,38,14362,0,1,
111828393897436,111828389592104,111828391826037,111828393897436,269,2.690000000,plus_a1,state,0,0.035000000,2025,0.035281558,2025,0.000000000,0,0.000000000,0,0.000000,0,0.035281558,2025,0.000000000,0,12.500,38,14372,0,1,
111828403892322,111828399591850,111828401822726,111828403892322,270,2.700000000,plus_a1,state,0,0.035000000,2025,0.036815539,2024,0.000000000,0,-0.003360000,1,-0.226000,2,0.035281558,2025,0.000000000,0,12.500,38,14382,0,1,
111828413900662,111828409591276,111828411823366,111828413900662,271,2.710000000,plus_a1,state,0,0.035000000,2025,0.035281558,2025,0.000000000,0,0.000000000,0,-0.113000,1,0.035281558,2025,0.000000000,0,12.500,38,14392,0,1,
111828423892184,111828419591237,111828421821245,111828423892184,272,2.720000000,plus_a1,state,0,0.035000000,2025,0.036815539,2024,0.000000000,0,0.000000000,0,0.000000,0,0.035281558,2025,0.000000000,0,12.500,38,14402,0,1,
111828433893572,111828429591320,111828431821155,111828433893572,273,2.730000000,plus_a1,state,0,0.035000000,2025,0.035281558,2025,0.000000000,0,0.000000000,0,-0.113000,1,0.035281558,2025,0.000000000,0,12.500,38,14412,0,1,
111828443890086,111828439591736,111828441820273,111828443890086,274,2.740000000,plus_a1,state,0,0.035000000,2025,0.036815539,2024,0.000000000,0,0.000000000,0,0.000000,0,0.035281558,2025,0.000000000,0,12.500,38,14422,0,1,
111828453895773,111828449591821,111828451819996,111828453895773,275,2.750000000,plus_a1,state,0,0.035000000,2025,0.036815539,2024,0.000000000,0,0.000000000,0,-0.113000,1,0.035281558,2025,0.000000000,0,12.500,38,14432,0,1,
111828463898175,111828459592055,111828461820128,111828463898175,276,2.760000000,plus_a1,state,0,0.035000000,2025,0.035281558,2025,0.000000000,0,-0.003360000,1,0.000000,0,0.035281558,2025,0.000000000,0,12.500,38,14442,0,1,
111828473896971,111828469590520,111828471821417,111828473896971,277,2.770000000,plus_a1,state,0,0.035000000,2025,0.036815539,2024,0.000000000,0,-0.003360000,1,0.113000,-1,0.035281558,2025,0.000000000,0,12.500,38,14452,0,1,
111828483910052,111828479592359,111828481838045,111828483910052,278,2.780000000,plus_a1,state,0,0.035000000,2025,0.035281558,2025,0.000000000,0,0.000000000,0,0.000000,0,0.035281558,2025,0.000000000,0,12.500,38,14462,0,1,
111828493902359,111828489593235,111828491820193,111828493902359,279,2.790000000,plus_a1,state,0,0.035000000,2025,0.036815539,2024,0.000000000,0,0.000000000,0,-0.113000,1,0.035281558,2025,0.000000000,0,12.500,38,14472,0,1,
111828503907026,111828499592138,111828501821692,111828503907026,280,2.800000000,plus_a1,state,0,0.035000000,2025,0.036815539,2024,0.000000000,0,0.000000000,0,0.113000,-1,0.035281558,2025,0.000000000,0,12.500,38,14482,0,1,
111828513911677,111828509591886,111828511829531,111828513911677,281,2.810000000,plus_a1,state,0,0.035000000,2025,0.036815539,2024,0.000000000,0,-0.003360000,1,0.000000,0,0.035281558,2025,0.000000000,0,12.500,38,14492,0,1,
111828523901345,111828519591346,111828521822999,111828523901345,282,2.820000000,plus_a1,state,0,0.035000000,2025,0.036815539,2024,0.000000000,0,-0.003360000,1,-0.113000,1,0.035281558,2025,0.000000000,0,12.500,38,14502,0,1,
111828533892101,111828529591983,111828531803201,111828533892101,283,2.830000000,plus_a1,state,0,0.035000000,2025,0.036815539,2024,0.000000000,0,-0.003360000,1,-0.113000,1,0.035281558,2025,0.000000000,0,12.500,38,14512,0,1,
111828543907113,111828539591690,111828541808785,111828543907113,284,2.840000000,plus_a1,state,0,0.035000000,2025,0.035281558,2025,0.000000000,0,-0.006720000,2,0.000000,0,0.035281558,2025,0.000000000,0,12.500,38,14522,0,1,
111828553903127,111828549592166,111828551820635,111828553903127,285,2.850000000,plus_a1,state,0,0.035000000,2025,0.035281558,2025,0.000000000,0,-0.003360000,1,0.000000,0,0.035281558,2025,0.000000000,0,12.500,38,14532,0,1,
111828563888974,111828559591925,111828561799309,111828563888974,286,2.860000000,plus_a1,state,0,0.035000000,2025,0.036815539,2024,0.000000000,0,0.000000000,0,-0.113000,1,0.035281558,2025,0.000000000,0,12.500,38,14542,0,1,
111828573874021,111828569591143,111828571821002,111828573874021,287,2.870000000,plus_a1,state,0,0.035000000,2025,0.036815539,2024,0.000000000,0,-0.003360000,1,-0.339000,3,0.035281558,2025,0.000000000,0,12.500,38,14552,0,1,
111828583884731,111828579591952,111828581821827,111828583884731,288,2.880000000,plus_a1,state,0,0.035000000,2025,0.036815539,2024,0.000000000,0,0.000000000,0,0.000000,0,0.035281558,2025,0.000000000,0,12.500,38,14562,0,1,
111828593870704,111828589592361,111828591819343,111828593870704,289,2.890000000,plus_a1,state,0,0.035000000,2025,0.036815539,2024,0.000000000,0,0.000000000,0,0.000000,0,0.035281558,2025,0.000000000,0,12.500,38,14572,0,1,
111828603877943,111828599591293,111828601823106,111828603877943,290,2.900000000,plus_a1,state,0,0.035000000,2025,0.036815539,2024,0.000000000,0,-0.003360000,1,-0.113000,1,0.035281558,2025,0.000000000,0,12.500,38,14582,0,1,
111828613888953,111828609591251,111828611799444,111828613888953,291,2.910000000,plus_a1,state,0,0.035000000,2025,0.036815539,2024,0.000000000,0,0.000000000,0,0.000000,0,0.035281558,2025,0.000000000,0,12.500,38,14592,0,1,
111828623885642,111828619591434,111828621801913,111828623885642,292,2.920000000,plus_a1,state,0,0.035000000,2025,0.035281558,2025,0.000000000,0,-0.003360000,1,-0.113000,1,0.035281558,2025,0.000000000,0,12.500,38,14602,0,1,
111828633889948,111828629592231,111828631803617,111828633889948,293,2.930000000,plus_a1,state,0,0.035000000,2025,0.036815539,2024,0.000000000,0,0.000000000,0,0.000000,0,0.035281558,2025,0.000000000,0,12.500,38,14612,0,1,
111828643883824,111828639592335,111828641804847,111828643883824,294,2.940000000,plus_a1,state,0,0.035000000,2025,0.035281558,2025,0.000000000,0,0.000000000,0,0.000000,0,0.035281558,2025,0.000000000,0,12.500,38,14622,0,1,
111828653887343,111828649592535,111828651806508,111828653887343,295,2.950000000,plus_a1,state,0,0.035000000,2025,0.035281558,2025,0.000000000,0,-0.003360000,1,-0.339000,3,0.035281558,2025,0.000000000,0,12.500,38,14632,0,1,
111828663876537,111828659592381,111828661803796,111828663876537,296,2.960000000,plus_a1,state,0,0.035000000,2025,0.036815539,2024,0.000000000,0,-0.003360000,1,-0.113000,1,0.035281558,2025,0.000000000,0,12.500,38,14642,0,1,
111828673881649,111828669589887,111828671798155,111828673881649,297,2.970000000,plus_a1,state,0,0.035000000,2025,0.036815539,2024,0.000000000,0,-0.003360000,1,0.000000,0,0.035281558,2025,0.000000000,0,12.500,38,14652,0,1,
111828683880549,111828679591587,111828681801286,111828683880549,298,2.980000000,plus_a1,state,0,0.035000000,2025,0.035281558,2025,0.000000000,0,-0.003360000,1,0.000000,0,0.035281558,2025,0.000000000,0,12.500,38,14662,0,1,
111828693811937,111828689592455,111828691803119,111828693811937,299,2.990000000,plus_a1,hardware_error,0,0.035000000,2025,,,,,,,,,,,,,,,,,,0
111828703885772,111828699591851,111828701801713,111828703885772,300,3.000000000,center_after_plus_a1,state,0,0.000000000,2048,0.036815539,2024,0.000000000,0,-0.003360000,1,0.000000,0,0.000000000,2048,0.000000000,0,12.500,38,14682,0,0,
111828713882914,111828709591911,111828711797352,111828713882914,301,3.010000000,center_after_plus_a1,state,0,0.000000000,2048,0.033747577,2026,0.000000000,0,-0.188160000,56,-12.204000,108,0.000000000,2048,0.000000000,0,12.500,38,14692,0,0,
111828723890498,111828719591058,111828721801825,111828723890498,302,3.020000000,center_after_plus_a1,state,0,0.000000000,2048,0.030679616,2028,0.000000000,0,-0.181440000,54,-16.837000,149,0.000000000,2048,0.000000000,0,12.500,38,14702,0,0,
111828733876293,111828729592707,111828731806870,111828733876293,303,3.030000000,center_after_plus_a1,state,0,0.000000000,2048,0.026077673,2031,-0.047961648,2,-0.151200000,45,-17.854000,158,0.000000000,2048,0.000000000,0,12.600,38,14712,0,0,
111828743884422,111828739592705,111828741799754,111828743884422,304,3.040000000,center_after_plus_a1,state,0,0.000000000,2048,0.015339808,2038,-0.119904120,5,-0.100800000,30,-19.775000,175,0.000000000,2048,0.000000000,0,12.600,38,14722,0,1,
111828753891454,111828749593760,111828751807660,111828753891454,305,3.050000000,center_after_plus_a1,state,0,0.000000000,2048,0.006135923,2044,-0.215827415,9,-0.047040000,14,-19.775000,175,0.000000000,2048,0.000000000,0,12.600,38,14732,0,1,
111828763876009,111828759592494,111828761800443,111828763876009,306,3.060000000,center_after_plus_a1,state,0,0.000000000,2048,-0.004601942,2051,-0.359712359,15,-0.013440000,4,-16.837000,149,0.000000000,2048,0.000000000,0,12.700,38,14742,1,1,
111828773891826,111828769592430,111828771802794,111828773891826,307,3.070000000,center_after_plus_a1,state,0,0.000000000,2048,-0.012271846,2056,-0.503597302,21,0.181440000,-54,-1.921000,17,0.000000000,2048,0.000000000,0,12.600,38,14752,1,1,
111828783885719,111828779591745,111828781807438,111828783885719,308,3.080000000,center_after_plus_a1,state,0,0.000000000,2048,-0.016873789,2059,-0.599520598,25,0.040320000,-12,-1.808000,16,0.000000000,2048,0.000000000,0,12.600,38,14762,1,1,
111828793878572,111828789590521,111828791803978,111828793878572,309,3.090000000,center_after_plus_a1,state,0,0.000000000,2048,-0.018407769,2060,-0.671463070,28,0.094080000,-28,1.017000,-9,0.000000000,2048,0.000000000,0,12.600,38,14772,1,0,
111828803875159,111828799591691,111828801800858,111828803875159,310,3.100000000,center_after_plus_a1,state,0,0.000000000,2048,-0.018407769,2060,-0.671463070,28,0.107520000,-32,3.729000,-33,0.000000000,2048,0.000000000,0,12.600,38,14782,1,0,
111828813888660,111828809592108,111828811801521,111828813888660,311,3.110000000,center_after_plus_a1,state,0,0.000000000,2048,-0.016873789,2059,-0.599520598,25,0.097440000,-29,8.588000,-76,0.000000000,2048,0.000000000,0,12.600,38,14792,1,1,
111828823872011,111828819591238,111828821803709,111828823872011,312,3.120000000,center_after_plus_a1,state,0,0.000000000,2048,-0.013805827,2057,-0.479616478,20,0.124320000,-37,15.707000,-139,0.000000000,2048,0.000000000,0,12.600,38,14802,1,1,
111828833872404,111828829591295,111828831802025,111828833872404,313,3.130000000,center_after_plus_a1,state,0,0.000000000,2048,-0.007669904,2053,-0.311750711,13,0.060480000,-18,19.210000,-170,0.000000000,2048,0.000000000,0,12.600,38,14812,1,1,
111828843879715,111828839591746,111828841806650,111828843879715,314,3.140000000,center_after_plus_a1,state,0,0.000000000,2048,0.001533981,2047,-0.119904120,5,0.003360000,-1,18.758000,-166,0.000000000,2048,0.000000000,0,12.600,38,14822,0,1,
111828853888395,111828849591792,111828851806933,111828853888395,315,3.150000000,center_after_plus_a1,state,0,0.000000000,2048,0.009203885,2042,0.071942472,-3,0.050400000,-15,4.746000,-42,0.000000000,2048,0.000000000,0,12.600,38,14832,0,1,
111828863775720,111828859591245,111828861805774,111828863775720,316,3.160000000,center_after_plus_a1,state,0,0.000000000,2048,0.015339808,2038,0.239808239,-10,-0.094080000,28,5.424000,-48,0.000000000,2048,0.000000000,0,12.600,38,14842,0,1,
111828873863879,111828869599990,111828871805783,111828873863879,317,3.170000000,center_after_plus_a1,state,0,0.000000000,2048,0.016873789,2037,0.383693183,-16,-0.144480000,43,0.000000,0,0.000000000,2048,0.000000000,0,12.600,38,14852,1,1,
111828883854644,111828879593474,111828881797558,111828883854644,318,3.180000000,center_after_plus_a1,state,0,0.000000000,2048,0.018407769,2036,0.455635655,-19,-0.104160000,31,-1.808000,16,0.000000000,2048,0.000000000,0,12.500,38,14862,1,0,
111828893859269,111828889590094,111828891800634,111828893859269,319,3.190000000,center_after_plus_a1,state,0,0.000000000,2048,0.018407769,2036,0.479616478,-20,-0.094080000,28,-6.554000,58,0.000000000,2048,0.000000000,0,12.500,38,14872,1,0,
111828903858890,111828899592866,111828901805366,111828903858890,320,3.200000000,center_after_plus_a1,state,0,0.000000000,2048,0.015339808,2038,0.431654831,-18,-0.094080000,28,-11.865000,105,0.000000000,2048,0.000000000,0,12.500,38,14882,1,1,
111828913871113,111828909592215,111828911805136,111828913871113,321,3.210000000,center_after_plus_a1,state,0,0.000000000,2048,0.013805827,2039,0.335731535,-14,-0.080640000,24,-14.012000,124,0.000000000,2048,0.000000000,0,12.300,38,14892,1,1,
111828923865263,111828919592369,111828921803082,111828923865263,322,3.220000000,center_after_plus_a1,state,0,0.000000000,2048,0.006135923,2044,0.191846591,-8,-0.043680000,13,-14.464000,128,0.000000000,2048,0.000000000,0,12.500,38,14902,0,1,
111828933874860,111828929592259,111828931804606,111828933874860,323,3.230000000,center_after_plus_a1,state,0,0.000000000,2048,0.000000000,2048,0.023980824,-1,-0.010080000,3,-14.464000,128,0.000000000,2048,0.000000000,0,12.600,38,14912,0,1,
111828943872353,111828939591643,111828941809190,111828943872353,324,3.240000000,center_after_plus_a1,state,0,0.000000000,2048,-0.007669904,2053,-0.119904120,5,-0.006720000,2,-2.486000,22,0.000000000,2048,0.000000000,0,12.500,38,14922,0,1,
111828953874306,111828949591769,111828951810302,111828953874306,325,3.250000000,center_after_plus_a1,state,0,0.000000000,2048,-0.010737866,2055,-0.239808239,10,-0.016800000,5,-0.452000,4,0.000000000,2048,0.000000000,0,12.500,38,14932,0,1,
111828963869726,111828959592535,111828961806139,111828963869726,326,3.260000000,center_after_plus_a1,state,0,0.000000000,2048,-0.012271846,2056,-0.335731535,14,0.070560000,-21,0.678000,-6,0.000000000,2048,0.000000000,0,12.500,38,14942,1,1,
111828973874664,111828969592281,111828971785035,111828973874664,327,3.270000000,center_after_plus_a1,state,0,0.000000000,2048,-0.012271846,2056,-0.383693183,16,0.073920000,-22,3.390000,-30,0.000000000,2048,0.000000000,0,12.400,38,14952,1,1,
111828983853792,111828979592732,111828981802016,111828983853792,328,3.280000000,center_after_plus_a1,state,0,0.000000000,2048,-0.012271846,2056,-0.383693183,16,0.060480000,-18,5.989000,-53,0.000000000,2048,0.000000000,0,12.500,38,14962,1,1,
111828993873160,111828989591718,111828991783004,111828993873160,329,3.290000000,center_after_plus_a1,state,0,0.000000000,2048,-0.009203885,2054,-0.335731535,14,0.063840000,-19,4.520000,-40,0.000000000,2048,0.000000000,0,12.500,38,14972,1,1,
111829003862982,111828999593542,111829001802979,111829003862982,330,3.300000000,center_after_plus_a1,state,0,0.000000000,2048,-0.009203885,2054,-0.239808239,10,0.053760000,-16,4.746000,-42,0.000000000,2048,0.000000000,0,12.500,38,14982,0,1,
111829013864890,111829009593739,111829011806646,111829013864890,331,3.310000000,center_after_plus_a1,state,0,0.000000000,2048,-0.006135923,2052,-0.143884944,6,0.047040000,-14,4.746000,-42,0.000000000,2048,0.000000000,0,12.500,38,14992,0,1,
111829023879784,111829019593277,111829021803458,111829023879784,332,3.320000000,center_after_plus_a1,state,0,0.000000000,2048,-0.004601942,2051,-0.047961648,2,0.026880000,-8,4.520000,-40,0.000000000,2048,0.000000000,0,12.500,38,15002,0,1,
111829033895149,111829029592559,111829031787502,111829033895149,333,3.330000000,center_after_plus_a1,state,0,0.000000000,2048,-0.003067962,2050,0.023980824,-1,0.020160000,-6,4.181000,-37,0.000000000,2048,0.000000000,0,12.400,38,15012,0,1,
111829043866666,111829039593057,111829041787549,111829043866666,334,3.340000000,center_after_plus_a1,state,0,0.000000000,2048,-0.001533981,2049,0.071942472,-3,0.006720000,-2,4.181000,-37,0.000000000,2048,0.000000000,0,12.500,38,15022,0,1,
111829053855722,111829049592333,111829051786083,111829053855722,335,3.350000000,center_after_plus_a1,state,0,0.000000000,2048,0.000000000,2048,0.119904120,-5,0.010080000,-3,0.113000,-1,0.000000000,2048,0.000000000,0,12.500,38,15032,0,1,
111829063861592,111829059592727,111829061783505,111829063861592,336,3.360000000,center_after_plus_a1,state,0,0.000000000,2048,0.001533981,2047,0.119904120,-5,0.003360000,-1,0.000000,0,0.000000000,2048,0.000000000,0,12.500,38,15042,0,1,
111829073874338,111829069591448,111829071778732,111829073874338,337,3.370000000,center_after_plus_a1,state,0,0.000000000,2048,0.001533981,2047,0.143884944,-6,-0.003360000,1,0.113000,-1,0.000000000,2048,0.000000000,0,12.500,38,15052,0,1,
111829083863726,111829079592422,111829081782020,111829083863726,338,3.380000000,center_after_plus_a1,state,0,0.000000000,2048,0.001533981,2047,0.119904120,-5,-0.003360000,1,-0.113000,1,0.000000000,2048,0.000000000,0,12.500,38,15062,0,1,
111829093867932,111829089592645,111829091784060,111829093867932,339,3.390000000,center_after_plus_a1,state,0,0.000000000,2048,0.001533981,2047,0.095923296,-4,-0.003360000,1,-0.113000,1,0.000000000,2048,0.000000000,0,12.500,38,15072,0,1,
111829103869911,111829099590647,111829101778101,111829103869911,340,3.400000000,center_after_plus_a1,state,0,0.000000000,2048,0.001533981,2047,0.095923296,-4,-0.003360000,1,0.000000,0,0.000000000,2048,0.000000000,0,12.500,38,15082,0,1,
111829113875018,111829109592463,111829111780269,111829113875018,341,3.410000000,center_after_plus_a1,state,0,0.000000000,2048,0.000000000,2048,0.047961648,-2,-0.003360000,1,-0.113000,1,0.000000000,2048,0.000000000,0,12.500,38,15092,0,1,
111829123889175,111829119592718,111829121780979,111829123889175,342,3.420000000,center_after_plus_a1,state,0,0.000000000,2048,0.001533981,2047,0.023980824,-1,-0.003360000,1,-0.113000,1,0.000000000,2048,0.000000000,0,12.500,38,15102,0,1,
111829133848693,111829129591914,111829131779883,111829133848693,343,3.430000000,center_after_plus_a1,state,0,0.000000000,2048,0.001533981,2047,0.000000000,0,-0.003360000,1,-0.113000,1,0.000000000,2048,0.000000000,0,12.500,38,15112,0,1,
111829143864348,111829139592997,111829141784374,111829143864348,344,3.440000000,center_after_plus_a1,state,0,0.000000000,2048,0.001533981,2047,0.000000000,0,-0.003360000,1,-0.113000,1,0.000000000,2048,0.000000000,0,12.500,38,15122,0,1,
111829153858430,111829149591594,111829151785809,111829153858430,345,3.450000000,center_after_plus_a1,state,0,0.000000000,2048,0.001533981,2047,0.000000000,0,-0.003360000,1,-0.113000,1,0.000000000,2048,0.000000000,0,12.500,38,15132,0,1,
111829163870137,111829159591786,111829161782593,111829163870137,346,3.460000000,center_after_plus_a1,state,0,0.000000000,2048,0.001533981,2047,0.000000000,0,-0.003360000,1,-0.226000,2,0.000000000,2048,0.000000000,0,12.500,38,15142,0,1,
111829173867207,111829169592106,111829171783529,111829173867207,347,3.470000000,center_after_plus_a1,state,0,0.000000000,2048,0.001533981,2047,0.000000000,0,0.000000000,0,-0.113000,1,0.000000000,2048,0.000000000,0,12.500,38,15152,0,1,
111829183864624,111829179592059,111829181781655,111829183864624,348,3.480000000,center_after_plus_a1,state,0,0.000000000,2048,0.001533981,2047,0.000000000,0,-0.006720000,2,0.000000,0,0.000000000,2048,0.000000000,0,12.500,38,15162,0,1,
111829193870893,111829189592648,111829191781289,111829193870893,349,3.490000000,center_after_plus_a1,state,0,0.000000000,2048,0.001533981,2047,0.000000000,0,-0.003360000,1,-0.226000,2,0.000000000,2048,0.000000000,0,12.500,38,15172,0,1,
111829203868804,111829199592054,111829201784346,111829203868804,350,3.500000000,center_after_plus_a1,state,0,0.000000000,2048,0.000000000,2048,0.000000000,0,-0.003360000,1,-0.113000,1,0.000000000,2048,0.000000000,0,12.500,38,15182,0,1,
111829213911982,111829209683481,111829211815169,111829213911982,351,3.510000000,center_after_plus_a1,state,0,0.000000000,2048,0.000000000,2048,0.000000000,0,0.000000000,0,-0.113000,1,0.000000000,2048,0.000000000,0,12.500,38,15192,0,1,
111829223898796,111829219677995,111829221805351,111829223898796,352,3.520000000,center_after_plus_a1,state,0,0.000000000,2048,0.001533981,2047,0.000000000,0,0.000000000,0,0.113000,-1,0.000000000,2048,0.000000000,0,12.500,38,15202,0,1,
111829233892689,111829229675809,111829231797145,111829233892689,353,3.530000000,center_after_plus_a1,state,0,0.000000000,2048,0.001533981,2047,0.000000000,0,0.000000000,0,-0.226000,2,0.000000000,2048,0.000000000,0,12.500,38,15212,0,1,
111829243898201,111829239614963,111829241796043,111829243898201,354,3.540000000,center_after_plus_a1,state,0,0.000000000,2048,0.001533981,2047,0.000000000,0,-0.003360000,1,-0.113000,1,0.000000000,2048,0.000000000,0,12.500,38,15222,0,1,
111829253900190,111829249677399,111829251790574,111829253900190,355,3.550000000,center_after_plus_a1,state,0,0.000000000,2048,0.001533981,2047,0.000000000,0,-0.003360000,1,-0.113000,1,0.000000000,2048,0.000000000,0,12.500,38,15232,0,1,
111829263891494,111829259667547,111829261790386,111829263891494,356,3.560000000,center_after_plus_a1,state,0,0.000000000,2048,0.001533981,2047,0.000000000,0,-0.003360000,1,0.000000,0,0.000000000,2048,0.000000000,0,12.500,38,15242,0,1,
111829273891508,111829269673445,111829271795052,111829273891508,357,3.570000000,center_after_plus_a1,state,0,0.000000000,2048,0.001533981,2047,0.000000000,0,-0.003360000,1,-0.678000,6,0.000000000,2048,0.000000000,0,12.500,38,15252,0,1,
111829283885522,111829279675965,111829281793862,111829283885522,358,3.580000000,center_after_plus_a1,state,0,0.000000000,2048,0.001533981,2047,0.000000000,0,-0.003360000,1,-0.565000,5,0.000000000,2048,0.000000000,0,12.500,38,15262,0,1,
111829293888895,111829289679396,111829291794285,111829293888895,359,3.590000000,center_after_plus_a1,state,0,0.000000000,2048,0.001533981,2047,0.000000000,0,0.000000000,0,-0.226000,2,0.000000000,2048,0.000000000,0,12.500,38,15272,0,1,
111829303890273,111829299669514,111829301797158,111829303890273,360,3.600000000,center_after_plus_a1,state,0,0.000000000,2048,0.001533981,2047,0.000000000,0,-0.003360000,1,0.113000,-1,0.000000000,2048,0.000000000,0,12.500,38,15282,0,1,
111829313893759,111829309669695,111829311796440,111829313893759,361,3.610000000,center_after_plus_a1,state,0,0.000000000,2048,0.001533981,2047,0.000000000,0,-0.003360000,1,-0.226000,2,0.000000000,2048,0.000000000,0,12.500,38,15292,0,1,
111829323899676,111829319675441,111829321794692,111829323899676,362,3.620000000,center_after_plus_a1,state,0,0.000000000,2048,0.000000000,2048,0.000000000,0,-0.003360000,1,-0.678000,6,0.000000000,2048,0.000000000,0,12.500,38,15302,0,1,
111829333896850,111829329675301,111829331810958,111829333896850,363,3.630000000,center_after_plus_a1,state,0,0.000000000,2048,0.000000000,2048,0.000000000,0,-0.003360000,1,-0.678000,6,0.000000000,2048,0.000000000,0,12.500,38,15312,0,1,
111829343882080,111829339669500,111829341793930,111829343882080,364,3.640000000,center_after_plus_a1,state,0,0.000000000,2048,0.001533981,2047,0.000000000,0,-0.003360000,1,-0.113000,1,0.000000000,2048,0.000000000,0,12.500,38,15322,0,1,
111829353892623,111829349674570,111829351793043,111829353892623,365,3.650000000,center_after_plus_a1,state,0,0.000000000,2048,0.000000000,2048,0.000000000,0,-0.003360000,1,-0.226000,2,0.000000000,2048,0.000000000,0,12.500,38,15332,0,1,
111829363900429,111829359668030,111829361808210,111829363900429,366,3.660000000,center_after_plus_a1,state,0,0.000000000,2048,0.001533981,2047,0.000000000,0,-0.003360000,1,-0.113000,1,0.000000000,2048,0.000000000,0,12.500,38,15342,0,1,
111829373921134,111829369614501,111829371793119,111829373921134,367,3.670000000,center_after_plus_a1,state,0,0.000000000,2048,0.001533981,2047,0.000000000,0,-0.003360000,1,-0.226000,2,0.000000000,2048,0.000000000,0,12.500,38,15352,0,1,
111829383870365,111829379674129,111829381775291,111829383870365,368,3.680000000,center_after_plus_a1,state,0,0.000000000,2048,0.001533981,2047,0.000000000,0,-0.003360000,1,0.000000,0,0.000000000,2048,0.000000000,0,12.500,38,15362,0,1,
111829393861186,111829389615912,111829391772228,111829393861186,369,3.690000000,center_after_plus_a1,state,0,0.000000000,2048,0.001533981,2047,0.000000000,0,0.000000000,0,0.113000,-1,0.000000000,2048,0.000000000,0,12.500,38,15372,0,1,
111829403870181,111829399675102,111829401772905,111829403870181,370,3.700000000,center_after_plus_a1,state,0,0.000000000,2048,0.001533981,2047,0.000000000,0,-0.003360000,1,-0.113000,1,0.000000000,2048,0.000000000,0,12.500,38,15382,0,1,
111829413885357,111829409669799,111829411771819,111829413885357,371,3.710000000,center_after_plus_a1,state,0,0.000000000,2048,0.001533981,2047,0.000000000,0,0.000000000,0,-0.452000,4,0.000000000,2048,0.000000000,0,12.500,38,15392,0,1,
111829423867038,111829419676897,111829421780938,111829423867038,372,3.720000000,center_after_plus_a1,state,0,0.000000000,2048,0.001533981,2047,0.000000000,0,-0.003360000,1,-0.113000,1,0.000000000,2048,0.000000000,0,12.500,38,15402,0,1,
111829433865359,111829429676278,111829431774806,111829433865359,373,3.730000000,center_after_plus_a1,state,0,0.000000000,2048,0.001533981,2047,0.000000000,0,0.000000000,0,0.000000,0,0.000000000,2048,0.000000000,0,12.500,38,15412,0,1,
111829443851837,111829439616303,111829441772467,111829443851837,374,3.740000000,center_after_plus_a1,state,0,0.000000000,2048,0.001533981,2047,0.000000000,0,-0.003360000,1,-0.565000,5,0.000000000,2048,0.000000000,0,12.500,38,15422,0,1,
111829453862413,111829449669757,111829451772675,111829453862413,375,3.750000000,center_after_plus_a1,state,0,0.000000000,2048,0.001533981,2047,0.000000000,0,-0.003360000,1,-0.226000,2,0.000000000,2048,0.000000000,0,12.500,38,15432,0,1,
111829463872722,111829459673829,111829461791436,111829463872722,376,3.760000000,center_after_plus_a1,state,0,0.000000000,2048,0.001533981,2047,0.000000000,0,-0.003360000,1,-0.565000,5,0.000000000,2048,0.000000000,0,12.500,38,15442,0,1,
111829473879979,111829469671658,111829471771101,111829473879979,377,3.770000000,center_after_plus_a1,state,0,0.000000000,2048,0.000000000,2048,0.000000000,0,-0.006720000,2,-0.226000,2,0.000000000,2048,0.000000000,0,12.500,38,15452,0,1,
111829483867629,111829479670577,111829481778926,111829483867629,378,3.780000000,center_after_plus_a1,state,0,0.000000000,2048,0.001533981,2047,0.000000000,0,0.000000000,0,-0.565000,5,0.000000000,2048,0.000000000,0,12.500,38,15462,0,1,
111829493865466,111829489679076,111829491777123,111829493865466,379,3.790000000,center_after_plus_a1,state,0,0.000000000,2048,0.001533981,2047,0.000000000,0,-0.003360000,1,-0.452000,4,0.000000000,2048,0.000000000,0,12.500,38,15472,0,1,
111829503867919,111829499672456,111829501773866,111829503867919,380,3.800000000,center_after_plus_a1,state,0,0.000000000,2048,0.001533981,2047,0.000000000,0,-0.003360000,1,-0.678000,6,0.000000000,2048,0.000000000,0,12.500,38,15482,0,1,
111829513866975,111829509669527,111829511772443,111829513866975,381,3.810000000,center_after_plus_a1,state,0,0.000000000,2048,0.001533981,2047,0.000000000,0,-0.003360000,1,-0.565000,5,0.000000000,2048,0.000000000,0,12.500,38,15492,0,1,
111829523854450,111829519615549,111829521769875,111829523854450,382,3.820000000,center_after_plus_a1,state,0,0.000000000,2048,0.001533981,2047,0.000000000,0,-0.006720000,2,-0.452000,4,0.000000000,2048,0.000000000,0,12.500,38,15502,0,1,
111829533859372,111829529670560,111829531772560,111829533859372,383,3.830000000,center_after_plus_a1,state,0,0.000000000,2048,0.001533981,2047,0.000000000,0,-0.006720000,2,-0.565000,5,0.000000000,2048,0.000000000,0,12.500,38,15512,0,1,
111829543864883,111829539675339,111829541773080,111829543864883,384,3.840000000,center_after_plus_a1,state,0,0.000000000,2048,0.001533981,2047,0.000000000,0,-0.003360000,1,-0.565000,5,0.000000000,2048,0.000000000,0,12.500,38,15522,0,1,
111829553861628,111829549670933,111829551772256,111829553861628,385,3.850000000,center_after_plus_a1,state,0,0.000000000,2048,0.001533981,2047,0.000000000,0,-0.003360000,1,-0.339000,3,0.000000000,2048,0.000000000,0,12.500,38,15532,0,1,
111829563863685,111829559677253,111829561773934,111829563863685,386,3.860000000,center_after_plus_a1,state,0,0.000000000,2048,0.001533981,2047,0.000000000,0,0.000000000,0,-0.113000,1,0.000000000,2048,0.000000000,0,12.500,38,15542,0,1,
111829573873281,111829569668651,111829571791114,111829573873281,387,3.870000000,center_after_plus_a1,state,0,0.000000000,2048,0.000000000,2048,0.000000000,0,-0.003360000,1,-0.339000,3,0.000000000,2048,0.000000000,0,12.500,38,15552,0,1,
111829583867756,111829579679683,111829581773641,111829583867756,388,3.880000000,center_after_plus_a1,state,0,0.000000000,2048,0.001533981,2047,0.000000000,0,-0.003360000,1,-0.113000,1,0.000000000,2048,0.000000000,0,12.500,38,15562,0,1,
111829593869201,111829589672751,111829591778203,111829593869201,389,3.890000000,center_after_plus_a1,state,0,0.000000000,2048,0.001533981,2047,0.000000000,0,-0.003360000,1,-0.226000,2,0.000000000,2048,0.000000000,0,12.500,38,15572,0,1,
111829603876564,111829599676602,111829601778177,111829603876564,390,3.900000000,center_after_plus_a1,state,0,0.000000000,2048,0.001533981,2047,0.000000000,0,-0.003360000,1,-0.113000,1,0.000000000,2048,0.000000000,0,12.500,38,15582,0,1,
111829613865248,111829609671504,111829611772992,111829613865248,391,3.910000000,center_after_plus_a1,state,0,0.000000000,2048,0.001533981,2047,0.000000000,0,-0.003360000,1,-0.113000,1,0.000000000,2048,0.000000000,0,12.500,38,15592,0,1,
111829623855368,111829619671170,111829621773451,111829623855368,392,3.920000000,center_after_plus_a1,state,0,0.000000000,2048,0.001533981,2047,0.000000000,0,-0.003360000,1,-0.226000,2,0.000000000,2048,0.000000000,0,12.500,38,15602,0,1,
111829633865856,111829629676501,111829631772555,111829633865856,393,3.930000000,center_after_plus_a1,state,0,0.000000000,2048,0.000000000,2048,0.000000000,0,-0.003360000,1,-0.791000,7,0.000000000,2048,0.000000000,0,12.500,38,15612,0,1,
111829643868854,111829639669459,111829641774173,111829643868854,394,3.940000000,center_after_plus_a1,state,0,0.000000000,2048,0.001533981,2047,0.000000000,0,-0.006720000,2,-0.678000,6,0.000000000,2048,0.000000000,0,12.500,38,15622,0,1,
111829653865516,111829649677829,111829651773522,111829653865516,395,3.950000000,center_after_plus_a1,state,0,0.000000000,2048,0.001533981,2047,0.000000000,0,-0.003360000,1,-0.452000,4,0.000000000,2048,0.000000000,0,12.500,38,15632,0,1,
111829663859961,111829659669525,111829661776872,111829663859961,396,3.960000000,center_after_plus_a1,state,0,0.000000000,2048,0.001533981,2047,0.000000000,0,-0.003360000,1,-0.678000,6,0.000000000,2048,0.000000000,0,12.500,38,15642,0,1,
111829673866232,111829669679870,111829671775381,111829673866232,397,3.970000000,center_after_plus_a1,state,0,0.000000000,2048,0.000000000,2048,0.000000000,0,-0.003360000,1,0.000000,0,0.000000000,2048,0.000000000,0,12.500,38,15652,0,1,
111829683865719,111829679669375,111829681771222,111829683865719,398,3.980000000,center_after_plus_a1,state,0,0.000000000,2048,0.001533981,2047,0.000000000,0,-0.003360000,1,0.000000,0,0.000000000,2048,0.000000000,0,12.500,38,15662,0,1,
111829693785872,111829689672656,111829691774131,111829693785872,399,3.990000000,center_after_plus_a1,hardware_error,0,0.000000000,2048,,,,,,,,,,,,,,,,,,0
111829703886015,111829699671385,111829701771315,111829703886015,400,4.000000000,center_after_plus_a1,state,0,0.000000000,2048,0.001533981,2047,0.000000000,0,0.000000000,0,0.113000,-1,0.000000000,2048,0.000000000,0,12.500,38,15682,0,1,
111829713876868,111829709670329,111829711776292,111829713876868,401,4.010000000,center_after_plus_a1,state,0,0.000000000,2048,0.000000000,2048,0.000000000,0,-0.006720000,2,-0.113000,1,0.000000000,2048,0.000000000,0,12.500,38,15692,0,1,
111829723868453,111829719669581,111829721774713,111829723868453,402,4.020000000,center_after_plus_a1,state,0,0.000000000,2048,0.000000000,2048,0.000000000,0,-0.003360000,1,-0.113000,1,0.000000000,2048,0.000000000,0,12.500,38,15702,0,1,
111829733873216,111829729667513,111829731774505,111829733873216,403,4.030000000,center_after_plus_a1,state,0,0.000000000,2048,0.001533981,2047,0.000000000,0,-0.003360000,1,0.000000,0,0.000000000,2048,0.000000000,0,12.500,38,15712,0,1,
111829743865011,111829739615709,111829741773263,111829743865011,404,4.040000000,center_after_plus_a1,state,0,0.000000000,2048,0.001533981,2047,0.000000000,0,-0.003360000,1,-0.113000,1,0.000000000,2048,0.000000000,0,12.500,38,15722,0,1,
111829753861790,111829749668909,111829751771157,111829753861790,405,4.050000000,center_after_plus_a1,state,0,0.000000000,2048,0.001533981,2047,0.000000000,0,-0.003360000,1,-0.226000,2,0.000000000,2048,0.000000000,0,12.500,38,15732,0,1,
111829763867563,111829759607340,111829761771062,111829763867563,406,4.060000000,center_after_plus_a1,state,0,0.000000000,2048,0.001533981,2047,0.000000000,0,-0.003360000,1,-0.226000,2,0.000000000,2048,0.000000000,0,12.500,38,15742,0,1,
111829773849344,111829769673388,111829771775799,111829773849344,407,4.070000000,center_after_plus_a1,state,0,0.000000000,2048,0.001533981,2047,0.000000000,0,-0.003360000,1,-0.339000,3,0.000000000,2048,0.000000000,0,12.500,38,15752,0,1,
111829783863146,111829779679902,111829781754477,111829783863146,408,4.080000000,center_after_plus_a1,state,0,0.000000000,2048,0.001533981,2047,0.000000000,0,-0.003360000,1,-0.339000,3,0.000000000,2048,0.000000000,0,12.500,38,15762,0,1,
111829793864114,111829789668966,111829791774658,111829793864114,409,4.090000000,center_after_plus_a1,state,0,0.000000000,2048,0.001533981,2047,0.000000000,0,-0.003360000,1,-0.452000,4,0.000000000,2048,0.000000000,0,12.500,38,15772,0,1,
111829803873014,111829799670237,111829801769596,111829803873014,410,4.100000000,center_after_plus_a1,state,0,0.000000000,2048,0.001533981,2047,0.000000000,0,-0.003360000,1,0.000000,0,0.000000000,2048,0.000000000,0,12.500,38,15782,0,1,
111829813871182,111829809669804,111829811751345,111829813871182,411,4.110000000,center_after_plus_a1,state,0,0.000000000,2048,0.000000000,2048,0.000000000,0,0.000000000,0,0.000000,0,0.000000000,2048,0.000000000,0,12.500,38,15792,0,1,
111829823924804,111829819670671,111829821750779,111829823924804,412,4.120000000,center_after_plus_a1,state,0,0.000000000,2048,0.001533981,2047,0.000000000,0,0.000000000,0,-0.113000,1,0.000000000,2048,0.000000000,0,12.500,38,15802,0,1,
111829833851601,111829829596060,111829831751041,111829833851601,413,4.130000000,center_after_plus_a1,state,0,0.000000000,2048,0.001533981,2047,0.000000000,0,-0.006720000,2,-0.339000,3,0.000000000,2048,0.000000000,0,12.500,38,15812,0,1,
111829843828487,111829839593419,111829841744060,111829843828487,414,4.140000000,center_after_plus_a1,state,0,0.000000000,2048,0.000000000,2048,0.000000000,0,-0.003360000,1,-0.113000,1,0.000000000,2048,0.000000000,0,12.500,38,15822,0,1,
111829853826355,111829849592580,111829851746215,111829853826355,415,4.150000000,center_after_plus_a1,state,0,0.000000000,2048,0.001533981,2047,0.000000000,0,-0.003360000,1,-0.339000,3,0.000000000,2048,0.000000000,0,12.500,38,15832,0,1,
111829863832082,111829859592624,111829861741580,111829863832082,416,4.160000000,center_after_plus_a1,state,0,0.000000000,2048,0.001533981,2047,0.000000000,0,-0.003360000,1,0.000000,0,0.000000000,2048,0.000000000,0,12.500,38,15842,0,1,
111829873818931,111829869592330,111829871744578,111829873818931,417,4.170000000,center_after_plus_a1,state,0,0.000000000,2048,0.001533981,2047,0.000000000,0,-0.003360000,1,-0.226000,2,0.000000000,2048,0.000000000,0,12.500,38,15852,0,1,
111829883822564,111829879592995,111829881743806,111829883822564,418,4.180000000,center_after_plus_a1,state,0,0.000000000,2048,0.001533981,2047,0.000000000,0,-0.003360000,1,0.113000,-1,0.000000000,2048,0.000000000,0,12.500,38,15862,0,1,
111829893823335,111829889590611,111829891744651,111829893823335,419,4.190000000,center_after_plus_a1,state,0,0.000000000,2048,0.001533981,2047,0.000000000,0,-0.003360000,1,0.000000,0,0.000000000,2048,0.000000000,0,12.500,38,15872,0,1,
111829903830906,111829899592369,111829901748736,111829903830906,420,4.200000000,center_after_plus_a1,state,0,0.000000000,2048,0.001533981,2047,0.000000000,0,-0.003360000,1,-0.565000,5,0.000000000,2048,0.000000000,0,12.500,38,15882,0,1,
111829913829234,111829909592038,111829911745865,111829913829234,421,4.210000000,center_after_plus_a1,state,0,0.000000000,2048,0.001533981,2047,0.000000000,0,-0.006720000,2,-0.678000,6,0.000000000,2048,0.000000000,0,12.500,38,15892,0,1,
111829923818487,111829919591864,111829921744760,111829923818487,422,4.220000000,center_after_plus_a1,state,0,0.000000000,2048,0.001533981,2047,0.000000000,0,-0.003360000,1,-0.791000,7,0.000000000,2048,0.000000000,0,12.500,38,15902,0,1,
111829933825718,111829929591918,111829931742937,111829933825718,423,4.230000000,center_after_plus_a1,state,0,0.000000000,2048,0.001533981,2047,0.000000000,0,-0.006720000,2,-0.904000,8,0.000000000,2048,0.000000000,0,12.500,38,15912,0,1,
111829943827463,111829939592382,111829941742619,111829943827463,424,4.240000000,center_after_plus_a1,state,0,0.000000000,2048,0.001533981,2047,0.000000000,0,-0.003360000,1,-0.678000,6,0.000000000,2048,0.000000000,0,12.500,38,15922,0,1,
111829953859707,111829949591161,111829951890800,111829953859707,425,4.250000000,center_after_plus_a1,state,0,0.000000000,2048,0.001533981,2047,0.000000000,0,-0.006720000,2,-0.565000,5,0.000000000,2048,0.000000000,0,12.500,38,15932,0,1,
111829963846086,111829959677754,111829961756377,111829963846086,426,4.260000000,center_after_plus_a1,state,0,0.000000000,2048,0.001533981,2047,0.000000000,0,-0.003360000,1,-0.339000,3,0.000000000,2048,0.000000000,0,12.500,38,15942,0,1,
111829973856473,111829969675819,111829971752147,111829973856473,427,4.270000000,center_after_plus_a1,state,0,0.000000000,2048,0.001533981,2047,0.000000000,0,0.000000000,0,-0.339000,3,0.000000000,2048,0.000000000,0,12.500,38,15952,0,1,
111829983846210,111829979670527,111829981753934,111829983846210,428,4.280000000,center_after_plus_a1,state,0,0.000000000,2048,0.001533981,2047,0.000000000,0,-0.003360000,1,0.000000,0,0.000000000,2048,0.000000000,0,12.500,38,15962,0,1,
111829993857468,111829989681170,111829991753620,111829993857468,429,4.290000000,center_after_plus_a1,state,0,0.000000000,2048,0.000000000,2048,0.000000000,0,-0.003360000,1,-0.452000,4,0.000000000,2048,0.000000000,0,12.500,38,15972,0,1,
111830003855054,111829999617061,111830001755778,111830003855054,430,4.300000000,center_after_plus_a1,state,0,0.000000000,2048,0.001533981,2047,0.000000000,0,-0.003360000,1,-0.113000,1,0.000000000,2048,0.000000000,0,12.500,38,15982,0,1,
111830013856009,111830009676624,111830011757109,111830013856009,431,4.310000000,center_after_plus_a1,state,0,0.000000000,2048,0.000000000,2048,0.000000000,0,-0.006720000,2,-0.678000,6,0.000000000,2048,0.000000000,0,12.500,38,15992,0,1,
111830023843431,111830019669499,111830021753527,111830023843431,432,4.320000000,center_after_plus_a1,state,0,0.000000000,2048,0.001533981,2047,0.000000000,0,-0.003360000,1,-0.339000,3,0.000000000,2048,0.000000000,0,12.500,38,16002,0,1,
111830033847262,111830029670558,111830031749507,111830033847262,433,4.330000000,center_after_plus_a1,state,0,0.000000000,2048,0.001533981,2047,0.000000000,0,-0.003360000,1,-0.113000,1,0.000000000,2048,0.000000000,0,12.500,38,16012,0,1,
111830043845249,111830039669458,111830041748534,111830043845249,434,4.340000000,center_after_plus_a1,state,0,0.000000000,2048,0.001533981,2047,0.000000000,0,-0.003360000,1,-0.113000,1,0.000000000,2048,0.000000000,0,12.500,38,16022,0,1,
111830053849368,111830049672157,111830051776001,111830053849368,435,4.350000000,center_after_plus_a1,state,0,0.000000000,2048,0.000000000,2048,0.000000000,0,-0.003360000,1,-0.452000,4,0.000000000,2048,0.000000000,0,12.500,38,16032,0,1,
111830063845770,111830059670584,111830061750558,111830063845770,436,4.360000000,center_after_plus_a1,state,0,0.000000000,2048,0.001533981,2047,0.000000000,0,-0.003360000,1,-0.565000,5,0.000000000,2048,0.000000000,0,12.500,38,16042,0,1,
111830073844638,111830069616323,111830071752161,111830073844638,437,4.370000000,center_after_plus_a1,state,0,0.000000000,2048,0.001533981,2047,0.000000000,0,-0.006720000,2,-0.339000,3,0.000000000,2048,0.000000000,0,12.500,38,16052,0,1,
111830083857127,111830079668239,111830081770902,111830083857127,438,4.380000000,center_after_plus_a1,state,0,0.000000000,2048,0.001533981,2047,0.000000000,0,0.000000000,0,-0.339000,3,0.000000000,2048,0.000000000,0,12.500,38,16062,0,1,
111830093839721,111830089616551,111830091753114,111830093839721,439,4.390000000,center_after_plus_a1,state,0,0.000000000,2048,0.001533981,2047,0.000000000,0,-0.006720000,2,-0.226000,2,0.000000000,2048,0.000000000,0,12.500,38,16072,0,1,
111830103822703,111830099599482,111830101747280,111830103822703,440,4.400000000,center_after_plus_a1,state,0,0.000000000,2048,0.000000000,2048,0.000000000,0,-0.003360000,1,-0.452000,4,0.000000000,2048,0.000000000,0,12.500,38,16082,0,1,
111830113849881,111830109616136,111830111754855,111830113849881,441,4.410000000,center_after_plus_a1,state,0,0.000000000,2048,0.000000000,2048,0.000000000,0,-0.003360000,1,-0.791000,7,0.000000000,2048,0.000000000,0,12.500,38,16092,0,1,
111830123845485,111830119676139,111830121756276,111830123845485,442,4.420000000,center_after_plus_a1,state,0,0.000000000,2048,0.001533981,2047,0.000000000,0,-0.003360000,1,-0.339000,3,0.000000000,2048,0.000000000,0,12.500,38,16102,0,1,
111830133849621,111830129671027,111830131749282,111830133849621,443,4.430000000,center_after_plus_a1,state,0,0.000000000,2048,0.001533981,2047,0.000000000,0,-0.003360000,1,-0.452000,4,0.000000000,2048,0.000000000,0,12.500,38,16112,0,1,
111830143850499,111830139680467,111830141750447,111830143850499,444,4.440000000,center_after_plus_a1,state,0,0.000000000,2048,0.001533981,2047,0.000000000,0,-0.003360000,1,-0.452000,4,0.000000000,2048,0.000000000,0,12.500,38,16122,0,1,
111830153843676,111830149671704,111830151755568,111830153843676,445,4.450000000,center_after_plus_a1,state,0,0.000000000,2048,0.001533981,2047,0.000000000,0,-0.003360000,1,-0.678000,6,0.000000000,2048,0.000000000,0,12.500,38,16132,0,1,
111830163886137,111830159680577,111830161755519,111830163886137,446,4.460000000,center_after_plus_a1,state,0,0.000000000,2048,0.000000000,2048,0.000000000,0,-0.006720000,2,-0.791000,7,0.000000000,2048,0.000000000,0,12.500,38,16142,0,1,
111830173849303,111830169671811,111830171750011,111830173849303,447,4.470000000,center_after_plus_a1,state,0,0.000000000,2048,0.001533981,2047,0.000000000,0,-0.006720000,2,-0.452000,4,0.000000000,2048,0.000000000,0,12.500,38,16152,0,1,
111830183857959,111830179669269,111830181751717,111830183857959,448,4.480000000,center_after_plus_a1,state,0,0.000000000,2048,0.000000000,2048,0.000000000,0,-0.003360000,1,-0.339000,3,0.000000000,2048,0.000000000,0,12.500,38,16162,0,1,
111830193849789,111830189678162,111830191752761,111830193849789,449,4.490000000,center_after_plus_a1,state,0,0.000000000,2048,0.001533981,2047,0.000000000,0,-0.003360000,1,-0.565000,5,0.000000000,2048,0.000000000,0,12.500,38,16172,0,1,
111830203850901,111830199674996,111830201756678,111830203850901,450,4.500000000,minus_a1,state,0,-0.035000000,2071,0.001533981,2047,0.000000000,0,-0.003360000,1,-0.452000,4,-0.035281558,2071,0.000000000,0,12.500,38,16182,0,0,
111830213855990,111830209615851,111830211754553,111830213855990,451,4.510000000,minus_a1,state,0,-0.035000000,2071,0.000000000,2048,0.000000000,0,-0.191520000,57,-12.204000,108,-0.035281558,2071,0.000000000,0,12.600,38,16192,0,0,
111830223847861,111830219670662,111830221732104,111830223847861,452,4.520000000,minus_a1,state,0,-0.035000000,2071,-0.004601942,2051,0.000000000,0,-0.184800000,55,-17.176000,152,-0.035281558,2071,0.000000000,0,12.600,38,16202,0,0,
111830233862879,111830229676143,111830231737589,111830233862879,453,4.530000000,minus_a1,state,0,-0.035000000,2071,-0.010737866,2055,-0.047961648,2,-0.154560000,46,-17.967000,159,-0.035281558,2071,0.000000000,0,12.400,38,16212,0,0,
111830243868178,111830239671641,111830241731181,111830243868178,454,4.540000000,minus_a1,state,0,-0.035000000,2071,-0.019941750,2061,-0.119904120,5,-0.094080000,28,-19.436000,172,-0.035281558,2071,0.000000000,0,12.400,38,16222,0,1,
111830253850627,111830249673430,111830251730930,111830253850627,455,4.550000000,minus_a1,state,0,-0.035000000,2071,-0.030679616,2068,-0.239808239,10,-0.033600000,10,-19.662000,174,-0.035281558,2071,0.000000000,0,12.600,38,16232,0,1,
111830263830479,111830259670089,111830261731397,111830263830479,456,4.560000000,minus_a1,state,0,-0.035000000,2071,-0.039883500,2074,-0.383693183,16,-0.030240000,9,-12.882000,114,-0.035281558,2071,0.000000000,0,12.400,38,16242,1,1,
111830273822310,111830269672315,111830271731550,111830273822310,457,4.570000000,minus_a1,state,0,-0.035000000,2071,-0.047553404,2079,-0.503597302,21,0.094080000,-28,-7.119000,63,-0.035281558,2071,0.000000000,0,12.500,38,16252,1,1,
111830283829420,111830279615766,111830281729071,111830283829420,458,4.580000000,minus_a1,state,0,-0.035000000,2071,-0.052155347,2082,-0.623501422,26,0.003360000,-1,-1.469000,13,-0.035281558,2071,0.000000000,0,12.500,38,16262,1,1,
111830293842501,111830289679267,111830291729092,111830293842501,459,4.590000000,minus_a1,state,0,-0.035000000,2071,-0.053689328,2083,-0.695443894,29,0.100800000,-30,1.356000,-12,-0.035281558,2071,0.000000000,0,12.500,38,16272,1,0,
111830303819516,111830299672201,111830301731521,111830303819516,460,4.600000000,minus_a1,state,0,-0.035000000,2071,-0.053689328,2083,-0.671463070,28,0.104160000,-31,3.842000,-34,-0.035281558,2071,0.000000000,0,12.500,38,16282,1,0,
111830313821443,111830309677201,111830311738427,111830313821443,461,4.610000000,minus_a1,state,0,-0.035000000,2071,-0.052155347,2082,-0.599520598,25,0.087360000,-26,9.153000,-81,-0.035281558,2071,0.000000000,0,12.500,38,16292,1,1,
111830323844143,111830319668954,111830321728664,111830323844143,462,4.620000000,minus_a1,state,0,-0.035000000,2071,-0.049087385,2080,-0.479616478,20,0.063840000,-19,13.673000,-121,-0.035281558,2071,0.000000000,0,12.500,38,16302,1,1,
111830333845212,111830329677837,111830331732347,111830333845212,463,4.630000000,minus_a1,state,0,-0.035000000,2071,-0.042951462,2076,-0.311750711,13,0.036960000,-11,19.436000,-172,-0.035281558,2071,0.000000000,0,12.500,38,16312,1,1,
111830343828361,111830339671938,111830341728581,111830343828361,464,4.640000000,minus_a1,state,0,-0.035000000,2071,-0.033747577,2070,-0.095923296,4,0.003360000,-1,18.419000,-163,-0.035281558,2071,0.000000000,0,12.500,38,16322,0,1,
111830353831612,111830349675958,111830351733182,111830353831612,465,4.650000000,minus_a1,state,0,-0.035000000,2071,-0.024543693,2064,0.071942472,-3,0.033600000,-10,0.565000,-5,-0.035281558,2071,0.000000000,0,12.600,38,16332,0,1,
111830363828396,111830359676117,111830361731394,111830363828396,466,4.660000000,minus_a1,state,0,-0.035000000,2071,-0.019941750,2061,0.239808239,-10,0.020160000,-6,1.243000,-11,-0.035281558,2071,0.000000000,0,12.500,38,16342,0,1,
111830373829802,111830369670092,111830371733989,111830373829802,467,4.670000000,minus_a1,state,0,-0.035000000,2071,-0.016873789,2059,0.383693183,-16,-0.131040000,39,-0.565000,5,-0.035281558,2071,0.000000000,0,12.500,38,16352,1,0,
111830383822128,111830379667076,111830381733477,111830383822128,468,4.680000000,minus_a1,state,0,-0.035000000,2071,-0.016873789,2059,0.455635655,-19,-0.100800000,30,-1.808000,16,-0.035281558,2071,0.000000000,0,12.500,38,16362,1,0,
111830393823565,111830389672146,111830391734562,111830393823565,469,4.690000000,minus_a1,state,0,-0.035000000,2071,-0.016873789,2059,0.455635655,-19,-0.104160000,31,-7.910000,70,-0.035281558,2071,0.000000000,0,12.500,38,16372,1,0,
111830403829056,111830399670874,111830401736989,111830403829056,470,4.700000000,minus_a1,state,0,-0.035000000,2071,-0.019941750,2061,0.431654831,-18,-0.090720000,27,-11.978000,106,-0.035281558,2071,0.000000000,0,12.500,38,16382,1,1,
111830413829828,111830409671585,111830411730931,111830413829828,471,4.710000000,minus_a1,state,0,-0.035000000,2071,-0.023009712,2063,0.311750711,-13,-0.067200000,20,-13.786000,122,-0.035281558,2071,0.000000000,0,12.600,38,16392,1,1,
111830423828322,111830419667560,111830421732134,111830423828322,472,4.720000000,minus_a1,state,0,-0.035000000,2071,-0.029145635,2067,0.167865767,-7,-0.036960000,11,-14.238000,126,-0.035281558,2071,0.000000000,0,12.500,38,16402,0,1,
111830433823994,111830429677137,111830431729632,111830433823994,473,4.730000000,minus_a1,state,0,-0.035000000,2071,-0.036815539,2072,0.000000000,0,-0.003360000,1,-13.899000,123,-0.035281558,2071,0.000000000,0,12.400,38,16412,0,1,
111830443824125,111830439614404,111830441730602,111830443824125,474,4.740000000,minus_a1,state,0,-0.035000000,2071,-0.042951462,2076,-0.119904120,5,-0.117600000,35,-8.475000,75,-0.035281558,2071,0.000000000,0,12.600,38,16422,0,1,
111830453821299,111830449673018,111830451732227,111830453821299,475,4.750000000,minus_a1,state,0,-0.035000000,2071,-0.046019424,2078,-0.263789063,11,0.168000000,-50,0.000000,0,-0.035281558,2071,0.000000000,0,12.600,38,16432,1,1,
111830463905807,111830459669352,111830461730487,111830463905807,476,4.760000000,minus_a1,state,0,-0.035000000,2071,-0.046019424,2078,-0.335731535,14,0.060480000,-18,1.469000,-13,-0.035281558,2071,0.000000000,0,12.600,38,16442,1,1,
111830473817179,111830469595669,111830471725929,111830473817179,477,4.770000000,minus_a1,state,0,-0.035000000,2071,-0.046019424,2078,-0.383693183,16,0.070560000,-21,3.390000,-30,-0.035281558,2071,0.000000000,0,12.600,38,16452,1,1,
111830483856279,111830479592855,111830481723807,111830483856279,478,4.780000000,minus_a1,state,0,-0.035000000,2071,-0.046019424,2078,-0.359712359,15,0.057120000,-17,5.989000,-53,-0.035281558,2071,0.000000000,0,12.600,38,16462,1,1,
111830493808932,111830489600156,111830491728317,111830493808932,479,4.790000000,minus_a1,state,0,-0.035000000,2071,-0.044485443,2077,-0.311750711,13,0.057120000,-17,4.633000,-41,-0.035281558,2071,0.000000000,0,12.600,38,16472,1,1,
111830503793109,111830499593065,111830501718117,111830503793109,480,4.800000000,minus_a1,state,0,-0.035000000,2071,-0.042951462,2076,-0.215827415,9,0.040320000,-12,4.633000,-41,-0.035281558,2071,0.000000000,0,12.600,38,16482,0,1,
111830513799974,111830509592174,111830511710114,111830513799974,481,4.810000000,minus_a1,state,0,-0.035000000,2071,-0.041417481,2075,-0.119904120,5,0.040320000,-12,4.407000,-39,-0.035281558,2071,0.000000000,0,12.600,38,16492,0,1,
111830523876611,111830519591546,111830521785557,111830523876611,482,4.820000000,minus_a1,state,0,-0.035000000,2071,-0.039883500,2074,-0.023980824,1,0.026880000,-8,4.520000,-40,-0.035281558,2071,0.000000000,0,12.600,38,16502,0,1,
111830533864148,111830529592809,111830531778268,111830533864148,483,4.830000000,minus_a1,state,0,-0.035000000,2071,-0.036815539,2072,0.023980824,-1,0.010080000,-3,4.181000,-37,-0.035281558,2071,0.000000000,0,12.600,38,16512,0,1,
111830543874922,111830539591752,111830541782409,111830543874922,484,4.840000000,minus_a1,state,0,-0.035000000,2071,-0.035281558,2071,0.071942472,-3,0.003360000,-1,3.955000,-35,-0.035281558,2071,0.000000000,0,12.500,38,16522,0,1,
111830553859993,111830549592080,111830551784926,111830553859993,485,4.850000000,minus_a1,state,0,-0.035000000,2071,-0.033747577,2070,0.119904120,-5,-0.003360000,1,0.000000,0,-0.035281558,2071,0.000000000,0,12.500,38,16532,0,1,
111830563865778,111830559592687,111830561791648,111830563865778,486,4.860000000,minus_a1,state,0,-0.035000000,2071,-0.033747577,2070,0.119904120,-5,0.000000000,0,-0.452000,4,-0.035281558,2071,0.000000000,0,12.500,38,16542,0,1,
111830573855133,111830569592412,111830571786150,111830573855133,487,4.870000000,minus_a1,state,0,-0.035000000,2071,-0.033747577,2070,0.119904120,-5,-0.006720000,2,-0.678000,6,-0.035281558,2071,0.000000000,0,12.500,38,16552,0,1,
111830583866129,111830579592257,111830581780213,111830583866129,488,4.880000000,minus_a1,state,0,-0.035000000,2071,-0.033747577,2070,0.119904120,-5,-0.003360000,1,-0.791000,7,-0.035281558,2071,0.000000000,0,12.500,38,16562,0,1,
111830593876632,111830589592461,111830591780888,111830593876632,489,4.890000000,minus_a1,state,0,-0.035000000,2071,-0.033747577,2070,0.095923296,-4,-0.003360000,1,-0.791000,7,-0.035281558,2071,0.000000000,0,12.500,38,16572,0,1,
111830603868793,111830599591241,111830601784265,111830603868793,490,4.900000000,minus_a1,state,0,-0.035000000,2071,-0.033747577,2070,0.071942472,-3,-0.003360000,1,-0.791000,7,-0.035281558,2071,0.000000000,0,12.500,38,16582,0,1,
111830613865270,111830609592379,111830611786263,111830613865270,491,4.910000000,minus_a1,state,0,-0.035000000,2071,-0.033747577,2070,0.047961648,-2,-0.003360000,1,-0.791000,7,-0.035281558,2071,0.000000000,0,12.500,38,16592,0,1,
111830623870374,111830619591533,111830621759324,111830623870374,492,4.920000000,minus_a1,state,0,-0.035000000,2071,-0.033747577,2070,0.023980824,-1,-0.003360000,1,-0.678000,6,-0.035281558,2071,0.000000000,0,12.500,38,16602,0,1,
111830633867283,111830629591896,111830631763198,111830633867283,493,4.930000000,minus_a1,state,0,-0.035000000,2071,-0.033747577,2070,0.000000000,0,-0.006720000,2,-0.791000,7,-0.035281558,2071,0.000000000,0,12.500,38,16612,0,1,
111830643844475,111830639590862,111830641756067,111830643844475,494,4.940000000,minus_a1,state,0,-0.035000000,2071,-0.033747577,2070,0.000000000,0,-0.003360000,1,-0.791000,7,-0.035281558,2071,0.000000000,0,12.500,38,16622,0,1,
111830653843796,111830649592683,111830651783998,111830653843796,495,4.950000000,minus_a1,state,0,-0.035000000,2071,-0.033747577,2070,0.000000000,0,-0.006720000,2,-0.791000,7,-0.035281558,2071,0.000000000,0,12.500,38,16632,0,1,
111830663864181,111830659592468,111830661765549,111830663864181,496,4.960000000,minus_a1,state,0,-0.035000000,2071,-0.033747577,2070,0.000000000,0,-0.003360000,1,-0.791000,7,-0.035281558,2071,0.000000000,0,12.500,38,16642,0,1,
111830673843004,111830669592255,111830671762338,111830673843004,497,4.970000000,minus_a1,state,0,-0.035000000,2071,-0.033747577,2070,0.000000000,0,-0.006720000,2,-0.791000,7,-0.035281558,2071,0.000000000,0,12.500,38,16652,0,1,
111830683844963,111830679594091,111830681764983,111830683844963,498,4.980000000,minus_a1,state,0,-0.035000000,2071,-0.033747577,2070,0.000000000,0,-0.003360000,1,-0.904000,8,-0.035281558,2071,0.000000000,0,12.500,38,16662,0,1,
111830693772343,111830689593194,111830691769967,111830693772343,499,4.990000000,minus_a1,hardware_error,0,-0.035000000,2071,,,,,,,,,,,,,,,,,,0
111830703853100,111830699590035,111830701765204,111830703853100,500,5.000000000,minus_a1,state,0,-0.035000000,2071,-0.033747577,2070,0.000000000,0,-0.006720000,2,-0.678000,6,-0.035281558,2071,0.000000000,0,12.500,38,16682,0,1,
111830713840512,111830709592118,111830711756850,111830713840512,501,5.010000000,minus_a1,state,0,-0.035000000,2071,-0.033747577,2070,0.000000000,0,-0.003360000,1,-0.791000,7,-0.035281558,2071,0.000000000,0,12.500,38,16692,0,1,
111830723842807,111830719592100,111830721758811,111830723842807,502,5.020000000,minus_a1,state,0,-0.035000000,2071,-0.033747577,2070,0.000000000,0,-0.006720000,2,-0.791000,7,-0.035281558,2071,0.000000000,0,12.500,38,16702,0,1,
111830733856181,111830729592138,111830731757808,111830733856181,503,5.030000000,minus_a1,state,0,-0.035000000,2071,-0.033747577,2070,0.000000000,0,-0.006720000,2,-0.791000,7,-0.035281558,2071,0.000000000,0,12.500,38,16712,0,1,
111830743850759,111830739592021,111830741755966,111830743850759,504,5.040000000,minus_a1,state,0,-0.035000000,2071,-0.033747577,2070,0.000000000,0,-0.006720000,2,-0.904000,8,-0.035281558,2071,0.000000000,0,12.500,38,16722,0,1,
111830753846474,111830749591658,111830751757694,111830753846474,505,5.050000000,minus_a1,state,0,-0.035000000,2071,-0.033747577,2070,0.000000000,0,-0.006720000,2,-0.678000,6,-0.035281558,2071,0.000000000,0,12.500,38,16732,0,1,
111830763846538,111830759597001,111830761765282,111830763846538,506,5.060000000,minus_a1,state,0,-0.035000000,2071,-0.033747577,2070,0.000000000,0,-0.006720000,2,-0.678000,6,-0.035281558,2071,0.000000000,0,12.500,38,16742,0,1,
111830773855090,111830769591189,111830771770236,111830773855090,507,5.070000000,minus_a1,state,0,-0.035000000,2071,-0.033747577,2070,0.000000000,0,-0.006720000,2,-0.791000,7,-0.035281558,2071,0.000000000,0,12.500,38,16752,0,1,
111830783847162,111830779593970,111830781757298,111830783847162,508,5.080000000,minus_a1,state,0,-0.035000000,2071,-0.033747577,2070,0.000000000,0,-0.006720000,2,-0.791000,7,-0.035281558,2071,0.000000000,0,12.500,38,16762,0,1,
111830793845801,111830789593228,111830791761400,111830793845801,509,5.090000000,minus_a1,state,0,-0.035000000,2071,-0.033747577,2070,0.000000000,0,-0.006720000,2,-0.904000,8,-0.035281558,2071,0.000000000,0,12.500,38,16772,0,1,
111830803860092,111830799592232,111830801762085,111830803860092,510,5.100000000,minus_a1,state,0,-0.035000000,2071,-0.033747577,2070,0.000000000,0,-0.006720000,2,-0.791000,7,-0.035281558,2071,0.000000000,0,12.500,38,16782,0,1,
111830813854865,111830809590414,111830811763059,111830813854865,511,5.110000000,minus_a1,state,0,-0.035000000,2071,-0.033747577,2070,0.000000000,0,-0.006720000,2,-0.678000,6,-0.035281558,2071,0.000000000,0,12.500,38,16792,0,1,
111830823852251,111830819592725,111830821764632,111830823852251,512,5.120000000,minus_a1,state,0,-0.035000000,2071,-0.035281558,2071,0.000000000,0,-0.006720000,2,-0.678000,6,-0.035281558,2071,0.000000000,0,12.500,38,16802,0,1,
111830833849785,111830829592513,111830831760321,111830833849785,513,5.130000000,minus_a1,state,0,-0.035000000,2071,-0.033747577,2070,0.000000000,0,-0.006720000,2,-0.791000,7,-0.035281558,2071,0.000000000,0,12.500,38,16812,0,1,
111830843807031,111830839592105,111830841760549,111830843807031,514,5.140000000,minus_a1,state,0,-0.035000000,2071,-0.033747577,2070,0.000000000,0,-0.003360000,1,-0.678000,6,-0.035281558,2071,0.000000000,0,12.500,38,16822,0,1,
111830853852108,111830849591720,111830851762814,111830853852108,515,5.150000000,minus_a1,state,0,-0.035000000,2071,-0.033747577,2070,0.000000000,0,-0.003360000,1,-0.791000,7,-0.035281558,2071,0.000000000,0,12.500,38,16832,0,1,
111830863841236,111830859591540,111830861757508,111830863841236,516,5.160000000,minus_a1,state,0,-0.035000000,2071,-0.033747577,2070,0.000000000,0,-0.006720000,2,-0.791000,7,-0.035281558,2071,0.000000000,0,12.500,38,16842,0,1,
111830873847359,111830869592357,111830871762936,111830873847359,517,5.170000000,minus_a1,state,0,-0.035000000,2071,-0.033747577,2070,0.000000000,0,-0.003360000,1,-0.791000,7,-0.035281558,2071,0.000000000,0,12.500,38,16852,0,1,
111830883838472,111830879591970,111830881767023,111830883838472,518,5.180000000,minus_a1,state,0,-0.035000000,2071,-0.033747577,2070,0.000000000,0,-0.003360000,1,-0.904000,8,-0.035281558,2071,0.000000000,0,12.500,38,16862,0,1,
111830893843915,111830889592633,111830891769713,111830893843915,519,5.190000000,minus_a1,state,0,-0.035000000,2071,-0.033747577,2070,0.000000000,0,-0.003360000,1,-0.791000,7,-0.035281558,2071,0.000000000,0,12.500,38,16872,0,1,
111830903846069,111830899592134,111830901764300,111830903846069,520,5.200000000,minus_a1,state,0,-0.035000000,2071,-0.033747577,2070,0.000000000,0,-0.006720000,2,-0.678000,6,-0.035281558,2071,0.000000000,0,12.500,38,16882,0,1,
111830913838263,111830909592187,111830911766133,111830913838263,521,5.210000000,minus_a1,state,0,-0.035000000,2071,-0.033747577,2070,0.000000000,0,-0.006720000,2,-0.791000,7,-0.035281558,2071,0.000000000,0,12.500,38,16892,0,1,
111830923838888,111830919590233,111830921760692,111830923838888,522,5.220000000,minus_a1,state,0,-0.035000000,2071,-0.033747577,2070,0.000000000,0,-0.003360000,1,-0.904000,8,-0.035281558,2071,0.000000000,0,12.500,38,16902,0,1,
111830933840954,111830929592098,111830931756966,111830933840954,523,5.230000000,minus_a1,state,0,-0.035000000,2071,-0.033747577,2070,0.000000000,0,-0.003360000,1,-0.791000,7,-0.035281558,2071,0.000000000,0,12.500,38,16912,0,1,
111830943791040,111830939592743,111830941763420,111830943791040,524,5.240000000,minus_a1,state,0,-0.035000000,2071,-0.033747577,2070,0.000000000,0,-0.003360000,1,-0.791000,7,-0.035281558,2071,0.000000000,0,12.500,38,16922,0,1,
111830953851105,111830949592986,111830951761631,111830953851105,525,5.250000000,minus_a1,state,0,-0.035000000,2071,-0.033747577,2070,0.000000000,0,-0.003360000,1,-0.791000,7,-0.035281558,2071,0.000000000,0,12.500,38,16932,0,1,
111830963849808,111830959592768,111830961766351,111830963849808,526,5.260000000,minus_a1,state,0,-0.035000000,2071,-0.033747577,2070,0.000000000,0,-0.006720000,2,-0.904000,8,-0.035281558,2071,0.000000000,0,12.500,38,16942,0,1,
111830973849560,111830969591767,111830971722710,111830973849560,527,5.270000000,minus_a1,state,0,-0.035000000,2071,-0.033747577,2070,0.000000000,0,-0.006720000,2,-0.791000,7,-0.035281558,2071,0.000000000,0,12.500,38,16952,0,1,
111830983848089,111830979592977,111830981761295,111830983848089,528,5.280000000,minus_a1,state,0,-0.035000000,2071,-0.033747577,2070,0.000000000,0,-0.003360000,1,-0.791000,7,-0.035281558,2071,0.000000000,0,12.500,38,16962,0,1,
111830993848758,111830989592833,111830991770490,111830993848758,529,5.290000000,minus_a1,state,0,-0.035000000,2071,-0.033747577,2070,0.000000000,0,-0.003360000,1,-0.791000,7,-0.035281558,2071,0.000000000,0,12.500,38,16972,0,1,
111831003848133,111830999591448,111831001757195,111831003848133,530,5.300000000,minus_a1,state,0,-0.035000000,2071,-0.033747577,2070,0.000000000,0,-0.006720000,2,-0.904000,8,-0.035281558,2071,0.000000000,0,12.500,38,16982,0,1,
111831013844572,111831009593393,111831011758185,111831013844572,531,5.310000000,minus_a1,state,0,-0.035000000,2071,-0.033747577,2070,0.000000000,0,-0.003360000,1,-0.904000,8,-0.035281558,2071,0.000000000,0,12.500,38,16992,0,1,
111831023840130,111831019590802,111831021771043,111831023840130,532,5.320000000,minus_a1,state,0,-0.035000000,2071,-0.033747577,2070,0.000000000,0,-0.003360000,1,-0.791000,7,-0.035281558,2071,0.000000000,0,12.500,38,17002,0,1,
111831033841059,111831029592579,111831031760716,111831033841059,533,5.330000000,minus_a1,state,0,-0.035000000,2071,-0.033747577,2070,0.000000000,0,-0.003360000,1,-0.678000,6,-0.035281558,2071,0.000000000,0,12.500,38,17012,0,1,
111831043775704,111831039590906,111831041740164,111831043775704,534,5.340000000,minus_a1,state,0,-0.035000000,2071,-0.033747577,2070,0.000000000,0,-0.003360000,1,-0.791000,7,-0.035281558,2071,0.000000000,0,12.500,38,17022,0,1,
111831053851170,111831049592386,111831051744026,111831053851170,535,5.350000000,minus_a1,state,0,-0.035000000,2071,-0.033747577,2070,0.000000000,0,-0.006720000,2,-0.791000,7,-0.035281558,2071,0.000000000,0,12.500,38,17032,0,1,
111831063821188,111831059592136,111831061760172,111831063821188,536,5.360000000,minus_a1,state,0,-0.035000000,2071,-0.033747577,2070,0.000000000,0,-0.006720000,2,-0.678000,6,-0.035281558,2071,0.000000000,0,12.500,38,17042,0,1,
111831073843536,111831069596516,111831071739532,111831073843536,537,5.370000000,minus_a1,state,0,-0.035000000,2071,-0.033747577,2070,0.000000000,0,-0.003360000,1,-0.791000,7,-0.035281558,2071,0.000000000,0,12.500,38,17052,0,1,
111831083846857,111831079592909,111831081741049,111831083846857,538,5.380000000,minus_a1,state,0,-0.035000000,2071,-0.033747577,2070,0.000000000,0,-0.006720000,2,-0.791000,7,-0.035281558,2071,0.000000000,0,12.500,38,17062,0,1,
111831093840274,111831089592846,111831091744573,111831093840274,539,5.390000000,minus_a1,state,0,-0.035000000,2071,-0.035281558,2071,0.000000000,0,-0.006720000,2,-0.678000,6,-0.035281558,2071,0.000000000,0,12.500,38,17072,0,1,
111831103840040,111831099592094,111831101745705,111831103840040,540,5.400000000,minus_a1,state,0,-0.035000000,2071,-0.033747577,2070,0.000000000,0,-0.006720000,2,-0.678000,6,-0.035281558,2071,0.000000000,0,12.500,38,17082,0,1,
111831113831772,111831109590961,111831111738119,111831113831772,541,5.410000000,minus_a1,state,0,-0.035000000,2071,-0.033747577,2070,0.000000000,0,-0.006720000,2,-0.678000,6,-0.035281558,2071,0.000000000,0,12.500,38,17092,0,1,
111831123816632,111831119590562,111831121746485,111831123816632,542,5.420000000,minus_a1,state,0,-0.035000000,2071,-0.033747577,2070,0.000000000,0,-0.003360000,1,-0.791000,7,-0.035281558,2071,0.000000000,0,12.500,38,17102,0,1,
111831133813966,111831129592410,111831131746368,111831133813966,543,5.430000000,minus_a1,state,0,-0.035000000,2071,-0.033747577,2070,0.000000000,0,-0.003360000,1,-0.791000,7,-0.035281558,2071,0.000000000,0,12.500,38,17112,0,1,
111831143815662,111831139592149,111831141738352,111831143815662,544,5.440000000,minus_a1,state,0,-0.035000000,2071,-0.033747577,2070,0.000000000,0,-0.006720000,2,-0.791000,7,-0.035281558,2071,0.000000000,0,12.500,38,17122,0,1,
111831153831088,111831149593158,111831151739364,111831153831088,545,5.450000000,minus_a1,state,0,-0.035000000,2071,-0.033747577,2070,0.000000000,0,-0.006720000,2,-0.791000,7,-0.035281558,2071,0.000000000,0,12.500,38,17132,0,1,
111831163824856,111831159597164,111831161747455,111831163824856,546,5.460000000,minus_a1,state,0,-0.035000000,2071,-0.033747577,2070,0.000000000,0,-0.006720000,2,-0.678000,6,-0.035281558,2071,0.000000000,0,12.500,38,17142,0,1,
111831173833114,111831169591257,111831171739664,111831173833114,547,5.470000000,minus_a1,state,0,-0.035000000,2071,-0.033747577,2070,0.000000000,0,-0.003360000,1,-0.791000,7,-0.035281558,2071,0.000000000,0,12.500,38,17152,0,1,
111831183821018,111831179592162,111831181745044,111831183821018,548,5.480000000,minus_a1,state,0,-0.035000000,2071,-0.033747577,2070,0.000000000,0,-0.003360000,1,-0.678000,6,-0.035281558,2071,0.000000000,0,12.500,38,17162,0,1,
111831193826908,111831189592437,111831191740398,111831193826908,549,5.490000000,minus_a1,state,0,-0.035000000,2071,-0.033747577,2070,0.000000000,0,-0.006720000,2,-0.452000,4,-0.035281558,2071,0.000000000,0,12.500,38,17172,0,1,
111831203822805,111831199592155,111831201747689,111831203822805,550,5.500000000,minus_a1,state,0,-0.035000000,2071,-0.033747577,2070,0.000000000,0,-0.006720000,2,-0.678000,6,-0.035281558,2071,0.000000000,0,12.500,38,17182,0,1,
111831213830639,111831209592663,111831211739047,111831213830639,551,5.510000000,minus_a1,state,0,-0.035000000,2071,-0.033747577,2070,0.000000000,0,-0.006720000,2,-0.678000,6,-0.035281558,2071,0.000000000,0,12.500,38,17192,0,1,
111831223824729,111831219592396,111831221745814,111831223824729,552,5.520000000,minus_a1,state,0,-0.035000000,2071,-0.033747577,2070,0.000000000,0,-0.003360000,1,-0.904000,8,-0.035281558,2071,0.000000000,0,12.500,38,17202,0,1,
111831233829885,111831229590502,111831231736538,111831233829885,553,5.530000000,minus_a1,state,0,-0.035000000,2071,-0.033747577,2070,0.000000000,0,-0.006720000,2,-0.678000,6,-0.035281558,2071,0.000000000,0,12.500,38,17212,0,1,
111831243811106,111831239592696,111831241738947,111831243811106,554,5.540000000,minus_a1,state,0,-0.035000000,2071,-0.033747577,2070,0.000000000,0,-0.006720000,2,-0.678000,6,-0.035281558,2071,0.000000000,0,12.500,38,17222,0,1,
111831253836247,111831249592157,111831251738521,111831253836247,555,5.550000000,minus_a1,state,0,-0.035000000,2071,-0.033747577,2070,0.000000000,0,-0.006720000,2,-0.791000,7,-0.035281558,2071,0.000000000,0,12.500,38,17232,0,1,
111831263823763,111831259592422,111831261740104,111831263823763,556,5.560000000,minus_a1,state,0,-0.035000000,2071,-0.033747577,2070,0.000000000,0,-0.003360000,1,-0.904000,8,-0.035281558,2071,0.000000000,0,12.500,38,17242,0,1,
111831273828145,111831269590840,111831271752224,111831273828145,557,5.570000000,minus_a1,state,0,-0.035000000,2071,-0.033747577,2070,0.000000000,0,-0.003360000,1,-0.791000,7,-0.035281558,2071,0.000000000,0,12.500,38,17252,0,1,
111831283819115,111831279592315,111831281745528,111831283819115,558,5.580000000,minus_a1,state,0,-0.035000000,2071,-0.033747577,2070,0.000000000,0,-0.003360000,1,-0.791000,7,-0.035281558,2071,0.000000000,0,12.500,38,17262,0,1,
111831293818672,111831289592993,111831291742774,111831293818672,559,5.590000000,minus_a1,state,0,-0.035000000,2071,-0.033747577,2070,0.000000000,0,-0.003360000,1,-0.904000,8,-0.035281558,2071,0.000000000,0,12.500,38,17272,0,1,
111831303822233,111831299592041,111831301738711,111831303822233,560,5.600000000,minus_a1,state,0,-0.035000000,2071,-0.033747577,2070,0.000000000,0,-0.006720000,2,-0.678000,6,-0.035281558,2071,0.000000000,0,12.500,38,17282,0,1,
111831313821782,111831309592441,111831311739268,111831313821782,561,5.610000000,minus_a1,state,0,-0.035000000,2071,-0.033747577,2070,0.000000000,0,-0.003360000,1,-0.678000,6,-0.035281558,2071,0.000000000,0,12.500,38,17292,0,1,
111831323832793,111831319592235,111831321737728,111831323832793,562,5.620000000,minus_a1,state,0,-0.035000000,2071,-0.033747577,2070,0.000000000,0,-0.006720000,2,-0.678000,6,-0.035281558,2071,0.000000000,0,12.500,38,17302,0,1,
111831333841263,111831329590693,111831331739661,111831333841263,563,5.630000000,minus_a1,state,0,-0.035000000,2071,-0.033747577,2070,0.000000000,0,-0.003360000,1,-0.904000,8,-0.035281558,2071,0.000000000,0,12.500,38,17312,0,1,
111831343823294,111831339594082,111831341738690,111831343823294,564,5.640000000,minus_a1,state,0,-0.035000000,2071,-0.033747577,2070,0.000000000,0,-0.003360000,1,-0.791000,7,-0.035281558,2071,0.000000000,0,12.500,38,17322,0,1,
111831353825885,111831349592200,111831351741496,111831353825885,565,5.650000000,minus_a1,state,0,-0.035000000,2071,-0.033747577,2070,0.000000000,0,-0.003360000,1,-0.791000,7,-0.035281558,2071,0.000000000,0,12.500,38,17332,0,1,
111831363821963,111831359591785,111831361744645,111831363821963,566,5.660000000,minus_a1,state,0,-0.035000000,2071,-0.033747577,2070,0.000000000,0,-0.003360000,1,-0.791000,7,-0.035281558,2071,0.000000000,0,12.500,38,17342,0,1,
111831373829381,111831369592290,111831371739297,111831373829381,567,5.670000000,minus_a1,state,0,-0.035000000,2071,-0.033747577,2070,0.000000000,0,-0.006720000,2,-0.904000,8,-0.035281558,2071,0.000000000,0,12.500,38,17352,0,1,
111831383821406,111831379591686,111831381749902,111831383821406,568,5.680000000,minus_a1,state,0,-0.035000000,2071,-0.033747577,2070,0.000000000,0,-0.006720000,2,-0.678000,6,-0.035281558,2071,0.000000000,0,12.500,38,17362,0,1,
111831393824017,111831389592646,111831391743772,111831393824017,569,5.690000000,minus_a1,state,0,-0.035000000,2071,-0.033747577,2070,0.000000000,0,-0.006720000,2,-0.678000,6,-0.035281558,2071,0.000000000,0,12.500,38,17372,0,1,
111831403822532,111831399592343,111831401737000,111831403822532,570,5.700000000,minus_a1,state,0,-0.035000000,2071,-0.035281558,2071,0.000000000,0,-0.003360000,1,-0.791000,7,-0.035281558,2071,0.000000000,0,12.500,38,17382,0,1,
111831413824578,111831409592630,111831411744176,111831413824578,571,5.710000000,minus_a1,state,0,-0.035000000,2071,-0.033747577,2070,0.000000000,0,-0.003360000,1,-0.791000,7,-0.035281558,2071,0.000000000,0,12.500,38,17392,0,1,
111831423833942,111831419592527,111831421740441,111831423833942,572,5.720000000,minus_a1,state,0,-0.035000000,2071,-0.033747577,2070,0.000000000,0,-0.003360000,1,-0.791000,7,-0.035281558,2071,0.000000000,0,12.500,38,17402,0,1,
111831433822991,111831429592173,111831431740405,111831433822991,573,5.730000000,minus_a1,state,0,-0.035000000,2071,-0.033747577,2070,0.000000000,0,-0.006720000,2,-0.904000,8,-0.035281558,2071,0.000000000,0,12.500,38,17412,0,1,
111831443819570,111831439593685,111831441753621,111831443819570,574,5.740000000,minus_a1,state,0,-0.035000000,2071,-0.033747577,2070,0.000000000,0,-0.003360000,1,-0.565000,5,-0.035281558,2071,0.000000000,0,12.500,38,17422,0,1,
111831453821829,111831449592848,111831451744988,111831453821829,575,5.750000000,minus_a1,state,0,-0.035000000,2071,-0.033747577,2070,0.000000000,0,-0.006720000,2,-0.791000,7,-0.035281558,2071,0.000000000,0,12.500,38,17432,0,1,
111831463804095,111831459592084,111831461727184,111831463804095,576,5.760000000,minus_a1,state,0,-0.035000000,2071,-0.033747577,2070,0.000000000,0,-0.003360000,1,-0.791000,7,-0.035281558,2071,0.000000000,0,12.500,38,17442,0,1,
111831473807975,111831469592239,111831471718946,111831473807975,577,5.770000000,minus_a1,state,0,-0.035000000,2071,-0.033747577,2070,0.000000000,0,-0.003360000,1,-0.904000,8,-0.035281558,2071,0.000000000,0,12.500,38,17452,0,1,
111831483804827,111831479592041,111831481718912,111831483804827,578,5.780000000,minus_a1,state,0,-0.035000000,2071,-0.033747577,2070,0.000000000,0,-0.003360000,1,-0.791000,7,-0.035281558,2071,0.000000000,0,12.500,38,17462,0,1,
111831493802854,111831489592084,111831491717421,111831493802854,579,5.790000000,minus_a1,state,0,-0.035000000,2071,-0.033747577,2070,0.000000000,0,-0.006720000,2,-0.791000,7,-0.035281558,2071,0.000000000,0,12.500,38,17472,0,1,
111831503805312,111831499592597,111831501724697,111831503805312,580,5.800000000,minus_a1,state,0,-0.035000000,2071,-0.033747577,2070,0.000000000,0,-0.006720000,2,-0.791000,7,-0.035281558,2071,0.000000000,0,12.500,38,17482,0,1,
111831513808170,111831509593574,111831511728539,111831513808170,581,5.810000000,minus_a1,state,0,-0.035000000,2071,-0.033747577,2070,0.000000000,0,-0.006720000,2,-0.791000,7,-0.035281558,2071,0.000000000,0,12.500,38,17492,0,1,
111831523808313,111831519590969,111831521719337,111831523808313,582,5.820000000,minus_a1,state,0,-0.035000000,2071,-0.033747577,2070,0.000000000,0,-0.006720000,2,-0.904000,8,-0.035281558,2071,0.000000000,0,12.500,38,17502,0,1,
111831533818124,111831529592771,111831531722431,111831533818124,583,5.830000000,minus_a1,state,0,-0.035000000,2071,-0.033747577,2070,0.000000000,0,-0.003360000,1,-0.904000,8,-0.035281558,2071,0.000000000,0,12.500,38,17512,0,1,
111831543801699,111831539593321,111831541714259,111831543801699,584,5.840000000,minus_a1,state,0,-0.035000000,2071,-0.033747577,2070,0.000000000,0,-0.003360000,1,-0.791000,7,-0.035281558,2071,0.000000000,0,12.500,38,17522,0,1,
111831553804597,111831549593061,111831551718066,111831553804597,585,5.850000000,minus_a1,state,0,-0.035000000,2071,-0.033747577,2070,0.000000000,0,-0.003360000,1,-0.904000,8,-0.035281558,2071,0.000000000,0,12.500,38,17532,0,1,
111831563800977,111831559592279,111831561723936,111831563800977,586,5.860000000,minus_a1,state,0,-0.035000000,2071,-0.033747577,2070,0.000000000,0,-0.003360000,1,-0.791000,7,-0.035281558,2071,0.000000000,0,12.500,38,17542,0,1,
111831573803459,111831569592714,111831571721529,111831573803459,587,5.870000000,minus_a1,state,0,-0.035000000,2071,-0.033747577,2070,0.000000000,0,-0.003360000,1,-0.565000,5,-0.035281558,2071,0.000000000,0,12.500,38,17552,0,1,
111831583797792,111831579591762,111831581716916,111831583797792,588,5.880000000,minus_a1,state,0,-0.035000000,2071,-0.033747577,2070,0.000000000,0,-0.003360000,1,-0.791000,7,-0.035281558,2071,0.000000000,0,12.500,38,17562,0,1,
111831593804693,111831589592421,111831591730409,111831593804693,589,5.890000000,minus_a1,state,0,-0.035000000,2071,-0.033747577,2070,0.000000000,0,-0.003360000,1,-0.791000,7,-0.035281558,2071,0.000000000,0,12.500,38,17572,0,1,
111831603806874,111831599591770,111831601722532,111831603806874,590,5.900000000,minus_a1,state,0,-0.035000000,2071,-0.033747577,2070,0.000000000,0,-0.006720000,2,-0.678000,6,-0.035281558,2071,0.000000000,0,12.500,38,17582,0,1,
111831613800524,111831609592696,111831611721436,111831613800524,591,5.910000000,minus_a1,state,0,-0.035000000,2071,-0.033747577,2070,0.000000000,0,-0.006720000,2,-0.678000,6,-0.035281558,2071,0.000000000,0,12.500,38,17592,0,1,
111831623825586,111831619592709,111831621722596,111831623825586,592,5.920000000,minus_a1,state,0,-0.035000000,2071,-0.033747577,2070,0.000000000,0,-0.003360000,1,-0.791000,7,-0.035281558,2071,0.000000000,0,12.500,38,17602,0,1,
111831633800201,111831629593513,111831631720337,111831633800201,593,5.930000000,minus_a1,state,0,-0.035000000,2071,-0.033747577,2070,0.000000000,0,-0.006720000,2,-0.678000,6,-0.035281558,2071,0.000000000,0,12.500,38,17612,0,1,
111831643795752,111831639592569,111831641685484,111831643795752,594,5.940000000,minus_a1,state,0,-0.035000000,2071,-0.033747577,2070,0.000000000,0,-0.006720000,2,-0.791000,7,-0.035281558,2071,0.000000000,0,12.500,38,17622,0,1,
111831653816438,111831649591181,111831651729693,111831653816438,595,5.950000000,minus_a1,state,0,-0.035000000,2071,-0.033747577,2070,0.000000000,0,-0.003360000,1,-0.791000,7,-0.035281558,2071,0.000000000,0,12.500,38,17632,0,1,
111831663805594,111831659592178,111831661730787,111831663805594,596,5.960000000,minus_a1,state,0,-0.035000000,2071,-0.033747577,2070,0.000000000,0,-0.003360000,1,-0.791000,7,-0.035281558,2071,0.000000000,0,12.500,38,17642,0,1,
111831673795979,111831669592349,111831671717383,111831673795979,597,5.970000000,minus_a1,state,0,-0.035000000,2071,-0.033747577,2070,0.000000000,0,-0.006720000,2,-0.904000,8,-0.035281558,2071,0.000000000,0,12.500,38,17652,0,1,
111831683802561,111831679592209,111831681723521,111831683802561,598,5.980000000,minus_a1,state,0,-0.035000000,2071,-0.033747577,2070,0.000000000,0,-0.006720000,2,-0.678000,6,-0.035281558,2071,0.000000000,0,12.500,38,17662,0,1,
111831693752503,111831689592178,111831691725850,111831693752503,599,5.990000000,minus_a1,hardware_error,0,-0.035000000,2071,,,,,,,,,,,,,,,,,,0
111831703813151,111831699594937,111831701720617,111831703813151,600,6.000000000,center_after_minus_a1,state,0,0.000000000,2048,-0.033747577,2070,0.000000000,0,0.047040000,-14,3.729000,-33,0.000000000,2048,0.000000000,0,12.500,38,17682,0,0,
111831713814520,111831709592651,111831711721979,111831713814520,601,6.010000000,center_after_minus_a1,state,0,0.000000000,2048,-0.032213597,2069,0.000000000,0,0.171360000,-51,14.690000,-130,0.000000000,2048,0.000000000,0,12.500,38,17692,0,0,
111831723806724,111831719593097,111831721718885,111831723806724,602,6.020000000,center_after_minus_a1,state,0,0.000000000,2048,-0.027611654,2066,0.000000000,0,0.127680000,-38,18.306000,-162,0.000000000,2048,0.000000000,0,12.500,38,17702,0,0,
111831733808130,111831729593159,111831731722144,111831733808130,603,6.030000000,center_after_minus_a1,state,0,0.000000000,2048,-0.019941750,2061,0.071942472,-3,0.120960000,-36,21.696000,-192,0.000000000,2048,0.000000000,0,12.400,38,17712,0,0,
111831743800675,111831739590633,111831741718633,111831743800675,604,6.040000000,center_after_minus_a1,state,0,0.000000000,2048,-0.007669904,2053,0.167865767,-7,0.060480000,-18,22.713000,-201,0.000000000,2048,0.000000000,0,12.600,38,17722,0,1,
111831753805399,111831749592417,111831751717513,111831753805399,605,6.050000000,center_after_minus_a1,state,0,0.000000000,2048,0.001533981,2047,0.287769887,-12,0.006720000,-2,21.470000,-190,0.000000000,2048,0.000000000,0,12.600,38,17732,1,1,
111831763801644,111831759592386,111831761724085,111831763801644,606,6.060000000,center_after_minus_a1,state,0,0.000000000,2048,0.010737866,2041,0.431654831,-18,-0.097440000,29,14.351000,-127,0.000000000,2048,0.000000000,0,12.500,38,17742,1,1,
111831773798227,111831769591300,111831771721274,111831773798227,607,6.070000000,center_after_minus_a1,state,0,0.000000000,2048,0.016873789,2037,0.551558950,-23,-0.023520000,7,0.565000,-5,0.000000000,2048,0.000000000,0,12.500,38,17752,1,1,
111831783802648,111831779592218,111831781720174,111831783802648,608,6.080000000,center_after_minus_a1,state,0,0.000000000,2048,0.019941750,2035,0.671463070,-28,-0.067200000,20,-0.904000,8,0.000000000,2048,0.000000000,0,12.500,38,17762,1,0,
111831793754119,111831789592375,111831791665246,111831793754119,609,6.090000000,center_after_minus_a1,state,0,0.000000000,2048,0.021475731,2034,0.695443894,-29,-0.127680000,38,-3.955000,35,0.000000000,2048,0.000000000,0,12.500,38,17772,1,0,
111831803809188,111831799590745,111831801719857,111831803809188,610,6.100000000,center_after_minus_a1,state,0,0.000000000,2048,0.021475731,2034,0.671463070,-28,-0.114240000,34,-8.701000,77,0.000000000,2048,0.000000000,0,12.500,38,17782,1,0,
111831813812121,111831809592248,111831811716849,111831813812121,611,6.110000000,center_after_minus_a1,state,0,0.000000000,2048,0.018407769,2036,0.551558950,-23,-0.100800000,30,-13.786000,122,0.000000000,2048,0.000000000,0,12.500,38,17792,1,0,
111831823806788,111831819592427,111831821714933,111831823806788,612,6.120000000,center_after_minus_a1,state,0,0.000000000,2048,0.013805827,2039,0.407674007,-17,-0.080640000,24,-14.577000,129,0.000000000,2048,0.000000000,0,12.500,38,17802,1,1,
111831833804339,111831829592427,111831831715320,111831833804339,613,6.130000000,center_after_minus_a1,state,0,0.000000000,2048,0.007669904,2043,0.215827415,-9,-0.047040000,14,-15.142000,134,0.000000000,2048,0.000000000,0,12.400,38,17812,0,1,
111831843803872,111831839590512,111831841715407,111831843803872,614,6.140000000,center_after_minus_a1,state,0,0.000000000,2048,0.001533981,2047,0.047961648,-2,-0.010080000,3,-16.046000,142,0.000000000,2048,0.000000000,0,12.500,38,17822,0,1,
111831853798351,111831849592679,111831851722977,111831853798351,615,6.150000000,center_after_minus_a1,state,0,0.000000000,2048,-0.006135923,2052,-0.119904120,5,0.073920000,-22,-8.023000,71,0.000000000,2048,0.000000000,0,12.500,38,17832,0,1,
111831863804541,111831859595419,111831861725388,111831863804541,616,6.160000000,center_after_minus_a1,state,0,0.000000000,2048,-0.010737866,2055,-0.263789063,11,0.053760000,-16,-1.695000,15,0.000000000,2048,0.000000000,0,12.500,38,17842,1,1,
111831873816203,111831869593911,111831871728253,111831873816203,617,6.170000000,center_after_minus_a1,state,0,0.000000000,2048,-0.013805827,2057,-0.383693183,16,0.097440000,-29,0.113000,-1,0.000000000,2048,0.000000000,0,12.500,38,17852,1,1,
111831883777211,111831879594138,111831881701166,111831883777211,618,6.180000000,center_after_minus_a1,state,0,0.000000000,2048,-0.013805827,2057,-0.431654831,18,0.084000000,-25,3.164000,-28,0.000000000,2048,0.000000000,0,12.500,38,17862,1,1,
111831893739742,111831889595680,111831891649216,111831893739742,619,6.190000000,center_after_minus_a1,state,0,0.000000000,2048,-0.013805827,2057,-0.431654831,18,0.084000000,-25,6.102000,-54,0.000000000,2048,0.000000000,0,12.500,38,17872,1,1,
111831903745883,111831899592869,111831901702404,111831903745883,620,6.200000000,center_after_minus_a1,state,0,0.000000000,2048,-0.012271846,2056,-0.383693183,16,0.060480000,-18,9.492000,-84,0.000000000,2048,0.000000000,0,12.500,38,17882,1,1,
111831913780247,111831909592774,111831911694815,111831913780247,621,6.210000000,center_after_minus_a1,state,0,0.000000000,2048,-0.009203885,2054,-0.287769887,12,0.161280000,-48,14.238000,-126,0.000000000,2048,0.000000000,0,12.500,38,17892,1,1,
111831923780173,111831919594607,111831921693696,111831923780173,622,6.220000000,center_after_minus_a1,state,0,0.000000000,2048,-0.001533981,2049,-0.143884944,6,0.020160000,-6,18.871000,-167,0.000000000,2048,0.000000000,0,12.400,38,17902,0,1,
111831933776049,111831929594734,111831931699890,111831933776049,623,6.230000000,center_after_minus_a1,state,0,0.000000000,2048,0.006135923,2044,0.000000000,0,-0.265440000,79,4.181000,-37,0.000000000,2048,0.000000000,0,12.500,38,17912,0,1,
111831943773149,111831939594822,111831941693819,111831943773149,624,6.240000000,center_after_minus_a1,state,0,0.000000000,2048,0.012271846,2040,0.143884944,-6,0.057120000,-17,7.684000,-68,0.000000000,2048,0.000000000,0,12.500,38,17922,0,1,
111831953791552,111831949595403,111831951694513,111831953791552,625,6.250000000,center_after_minus_a1,state,0,0.000000000,2048,0.015339808,2038,0.263789063,-11,-0.124320000,37,-0.565000,5,0.000000000,2048,0.000000000,0,12.500,38,17932,1,1,
111831963781632,111831959594726,111831961695429,111831963781632,626,6.260000000,center_after_minus_a1,state,0,0.000000000,2048,0.016873789,2037,0.359712359,-15,-0.090720000,27,-1.582000,14,0.000000000,2048,0.000000000,0,12.500,38,17942,1,1,
111831973768110,111831969594452,111831971656189,111831973768110,627,6.270000000,center_after_minus_a1,state,0,0.000000000,2048,0.015339808,2038,0.383693183,-16,-0.097440000,29,-5.989000,53,0.000000000,2048,0.000000000,0,12.500,38,17952,1,1,
111831983775966,111831979594363,111831981693718,111831983775966,628,6.280000000,center_after_minus_a1,state,0,0.000000000,2048,0.015339808,2038,0.383693183,-16,-0.080640000,24,-10.961000,97,0.000000000,2048,0.000000000,0,12.500,38,17962,1,1,
111831993723832,111831989595898,111831991641132,111831993723832,629,6.290000000,center_after_minus_a1,state,0,0.000000000,2048,0.010737866,2041,0.311750711,-13,-0.060480000,18,-11.978000,106,0.000000000,2048,0.000000000,0,12.500,38,17972,1,1,
111832003708285,111831999594377,111832001641565,111832003708285,630,6.300000000,center_after_minus_a1,state,0,0.000000000,2048,0.006135923,2044,0.191846591,-8,-0.043680000,13,-14.012000,124,0.000000000,2048,0.000000000,0,12.600,38,17982,0,1,
111832013721000,111832009595274,111832011639843,111832013721000,631,6.310000000,center_after_minus_a1,state,0,0.000000000,2048,0.000000000,2048,0.047961648,-2,-0.006720000,2,-14.012000,124,0.000000000,2048,0.000000000,0,12.600,38,17992,0,1,
111832023709854,111832019593741,111832021632823,111832023709854,632,6.320000000,center_after_minus_a1,state,0,0.000000000,2048,-0.006135923,2052,-0.095923296,4,-0.003360000,1,-5.311000,47,0.000000000,2048,0.000000000,0,12.500,38,18002,0,1,
111832033708314,111832029595661,111832031640064,111832033708314,633,6.330000000,center_after_minus_a1,state,0,0.000000000,2048,-0.010737866,2055,-0.215827415,9,-0.047040000,14,-0.339000,3,0.000000000,2048,0.000000000,0,12.500,38,18012,0,1,
111832043771084,111832039593520,111832041716280,111832043771084,634,6.340000000,center_after_minus_a1,state,0,0.000000000,2048,-0.012271846,2056,-0.311750711,13,0.060480000,-18,1.469000,-13,0.000000000,2048,0.000000000,0,12.500,38,18022,1,1,
111832053785320,111832049595611,111832051700017,111832053785320,635,6.350000000,center_after_minus_a1,state,0,0.000000000,2048,-0.012271846,2056,-0.359712359,15,0.077280000,-23,3.277000,-29,0.000000000,2048,0.000000000,0,12.500,38,18032,1,1,
111832063771970,111832059594522,111832061637233,111832063771970,636,6.360000000,center_after_minus_a1,state,0,0.000000000,2048,-0.010737866,2055,-0.359712359,15,0.050400000,-15,5.876000,-52,0.000000000,2048,0.000000000,0,12.500,38,18042,1,1,
111832073784221,111832069597751,111832071703080,111832073784221,637,6.370000000,center_after_minus_a1,state,0,0.000000000,2048,-0.009203885,2054,-0.311750711,13,0.060480000,-18,5.198000,-46,0.000000000,2048,0.000000000,0,12.500,38,18052,1,1,
111832083736775,111832079595320,111832081700446,111832083736775,638,6.380000000,center_after_minus_a1,state,0,0.000000000,2048,-0.007669904,2053,-0.239808239,10,0.053760000,-16,4.633000,-41,0.000000000,2048,0.000000000,0,12.500,38,18062,0,1,
111832093682779,111832089597263,111832091643353,111832093682779,639,6.390000000,center_after_minus_a1,state,0,0.000000000,2048,-0.006135923,2052,-0.119904120,5,0.036960000,-11,4.520000,-40,0.000000000,2048,0.000000000,0,12.500,38,18072,0,1,
111832103612123,111832099595231,111832101595207,111832103612123,640,6.400000000,center_after_minus_a1,state,0,0.000000000,2048,-0.004601942,2051,-0.047961648,2,0.030240000,-9,4.520000,-40,0.000000000,2048,0.000000000,0,12.500,38,18082,0,1,
111832113621976,111832109595863,111832111608746,111832113621976,641,6.410000000,center_after_minus_a1,state,0,0.000000000,2048,-0.003067962,2050,0.023980824,-1,0.013440000,-4,4.407000,-39,0.000000000,2048,0.000000000,0,12.500,38,18092,0,1,
111832123647479,111832119595728,111832121608733,111832123647479,642,6.420000000,center_after_minus_a1,state,0,0.000000000,2048,0.000000000,2048,0.071942472,-3,0.006720000,-2,4.294000,-38,0.000000000,2048,0.000000000,0,12.500,38,18102,0,1,
111832133651074,111832129594904,111832131611100,111832133651074,643,6.430000000,center_after_minus_a1,state,0,0.000000000,2048,0.001533981,2047,0.119904120,-5,0.000000000,0,0.000000,0,0.000000000,2048,0.000000000,0,12.500,38,18112,0,1,
111832143653192,111832139596410,111832141613305,111832143653192,644,6.440000000,center_after_minus_a1,state,0,0.000000000,2048,0.001533981,2047,0.143884944,-6,0.000000000,0,-0.339000,3,0.000000000,2048,0.000000000,0,12.500,38,18122,0,1,
111832153648086,111832149595459,111832151609232,111832153648086,645,6.450000000,center_after_minus_a1,state,0,0.000000000,2048,0.001533981,2047,0.143884944,-6,-0.003360000,1,-0.678000,6,0.000000000,2048,0.000000000,0,12.500,38,18132,0,1,
111832163655760,111832159596370,111832161624434,111832163655760,646,6.460000000,center_after_minus_a1,state,0,0.000000000,2048,0.001533981,2047,0.119904120,-5,-0.003360000,1,-0.791000,7,0.000000000,2048,0.000000000,0,12.500,38,18142,0,1,
111832173667954,111832169596048,111832171621505,111832173667954,647,6.470000000,center_after_minus_a1,state,0,0.000000000,2048,0.001533981,2047,0.095923296,-4,-0.003360000,1,-0.904000,8,0.000000000,2048,0.000000000,0,12.500,38,18152,0,1,
111832183677975,111832179594892,111832181627191,111832183677975,648,6.480000000,center_after_minus_a1,state,0,0.000000000,2048,0.000000000,2048,0.071942472,-3,-0.003360000,1,-0.678000,6,0.000000000,2048,0.000000000,0,12.500,38,18162,0,1,
111832193691269,111832189595293,111832191642225,111832193691269,649,6.490000000,center_after_minus_a1,state,0,0.000000000,2048,0.001533981,2047,0.047961648,-2,-0.003360000,1,-0.791000,7,0.000000000,2048,0.000000000,0,12.500,38,18172,0,1,
111832203693087,111832199595550,111832201639129,111832203693087,650,6.500000000,center_after_minus_a1,state,0,0.000000000,2048,0.001533981,2047,0.023980824,-1,-0.006720000,2,-0.565000,5,0.000000000,2048,0.000000000,0,12.500,38,18182,0,1,
111832213700946,111832209595036,111832211638180,111832213700946,651,6.510000000,center_after_minus_a1,state,0,0.000000000,2048,0.000000000,2048,0.000000000,0,-0.006720000,2,-0.678000,6,0.000000000,2048,0.000000000,0,12.500,38,18192,0,1,
111832223722133,111832219593190,111832221641084,111832223722133,652,6.520000000,center_after_minus_a1,state,0,0.000000000,2048,0.001533981,2047,0.000000000,0,-0.006720000,2,-0.678000,6,0.000000000,2048,0.000000000,0,12.500,38,18202,0,1,
111832233713843,111832229594717,111832231638262,111832233713843,653,6.530000000,center_after_minus_a1,state,0,0.000000000,2048,0.001533981,2047,0.000000000,0,-0.006720000,2,-0.791000,7,0.000000000,2048,0.000000000,0,12.500,38,18212,0,1,
111832243715874,111832239595276,111832241642028,111832243715874,654,6.540000000,center_after_minus_a1,state,0,0.000000000,2048,0.001533981,2047,0.000000000,0,-0.003360000,1,-0.791000,7,0.000000000,2048,0.000000000,0,12.500,38,18222,0,1,
111832253713147,111832249595091,111832251642347,111832253713147,655,6.550000000,center_after_minus_a1,state,0,0.000000000,2048,0.001533981,2047,0.000000000,0,-0.003360000,1,-0.678000,6,0.000000000,2048,0.000000000,0,12.500,38,18232,0,1,
111832263721152,111832259594783,111832261638805,111832263721152,656,6.560000000,center_after_minus_a1,state,0,0.000000000,2048,0.001533981,2047,0.000000000,0,-0.010080000,3,-0.678000,6,0.000000000,2048,0.000000000,0,12.500,38,18242,0,1,
111832273705420,111832269595691,111832271639388,111832273705420,657,6.570000000,center_after_minus_a1,state,0,0.000000000,2048,0.001533981,2047,0.000000000,0,-0.006720000,2,-0.791000,7,0.000000000,2048,0.000000000,0,12.500,38,18252,0,1,
111832283724743,111832279591798,111832281641471,111832283724743,658,6.580000000,center_after_minus_a1,state,0,0.000000000,2048,0.000000000,2048,0.000000000,0,-0.003360000,1,-0.791000,7,0.000000000,2048,0.000000000,0,12.500,38,18262,0,1,
111832293696428,111832289594594,111832291636438,111832293696428,659,6.590000000,center_after_minus_a1,state,0,0.000000000,2048,0.001533981,2047,0.000000000,0,-0.003360000,1,-0.791000,7,0.000000000,2048,0.000000000,0,12.500,38,18272,0,1,
111832303702295,111832299590843,111832301636855,111832303702295,660,6.600000000,center_after_minus_a1,state,0,0.000000000,2048,0.001533981,2047,0.000000000,0,-0.003360000,1,-0.904000,8,0.000000000,2048,0.000000000,0,12.500,38,18282,0,1,
111832313697016,111832309592172,111832311617146,111832313697016,661,6.610000000,center_after_minus_a1,state,0,0.000000000,2048,0.001533981,2047,0.000000000,0,-0.003360000,1,-0.904000,8,0.000000000,2048,0.000000000,0,12.500,38,18292,0,1,
111832323698904,111832319591899,111832321635896,111832323698904,662,6.620000000,center_after_minus_a1,state,0,0.000000000,2048,0.001533981,2047,0.000000000,0,-0.003360000,1,-0.904000,8,0.000000000,2048,0.000000000,0,12.500,38,18302,0,1,
111832333818793,111832329590081,111832331616409,111832333818793,663,6.630000000,center_after_minus_a1,state,0,0.000000000,2048,0.001533981,2047,0.000000000,0,-0.003360000,1,-0.904000,8,0.000000000,2048,0.000000000,0,12.500,38,18312,0,1,
111832343760118,111832339594882,111832341674794,111832343760118,664,6.640000000,center_after_minus_a1,state,0,0.000000000,2048,0.000000000,2048,0.000000000,0,-0.003360000,1,-0.791000,7,0.000000000,2048,0.000000000,0,12.500,38,18322,0,1,
111832353750633,111832349592141,111832351673290,111832353750633,665,6.650000000,center_after_minus_a1,state,0,0.000000000,2048,0.001533981,2047,0.000000000,0,-0.003360000,1,-0.678000,6,0.000000000,2048,0.000000000,0,12.500,38,18332,0,1,
111832363752721,111832359592131,111832361676285,111832363752721,666,6.660000000,center_after_minus_a1,state,0,0.000000000,2048,0.000000000,2048,0.000000000,0,-0.003360000,1,-0.678000,6,0.000000000,2048,0.000000000,0,12.500,38,18342,0,1,
111832373752807,111832369591782,111832371681946,111832373752807,667,6.670000000,center_after_minus_a1,state,0,0.000000000,2048,0.001533981,2047,0.000000000,0,-0.003360000,1,-0.791000,7,0.000000000,2048,0.000000000,0,12.500,38,18352,0,1,
111832383760637,111832379591453,111832381682467,111832383760637,668,6.680000000,center_after_minus_a1,state,0,0.000000000,2048,0.001533981,2047,0.000000000,0,-0.003360000,1,-0.791000,7,0.000000000,2048,0.000000000,0,12.500,38,18362,0,1,
111832393759951,111832389591295,111832391691355,111832393759951,669,6.690000000,center_after_minus_a1,state,0,0.000000000,2048,0.001533981,2047,0.000000000,0,-0.003360000,1,-0.791000,7,0.000000000,2048,0.000000000,0,12.500,38,18372,0,1,
111832403756371,111832399592025,111832401672789,111832403756371,670,6.700000000,center_after_minus_a1,state,0,0.000000000,2048,0.001533981,2047,0.000000000,0,-0.003360000,1,-0.791000,7,0.000000000,2048,0.000000000,0,12.500,38,18382,0,1,
111832413757261,111832409592065,111832411674789,111832413757261,671,6.710000000,center_after_minus_a1,state,0,0.000000000,2048,0.001533981,2047,0.000000000,0,-0.003360000,1,-0.791000,7,0.000000000,2048,0.000000000,0,12.500,38,18392,0,1,
111832423753036,111832419591617,111832421676877,111832423753036,672,6.720000000,center_after_minus_a1,state,0,0.000000000,2048,0.001533981,2047,0.000000000,0,-0.003360000,1,-0.791000,7,0.000000000,2048,0.000000000,0,12.500,38,18402,0,1,
111832433752971,111832429591856,111832431671291,111832433752971,673,6.730000000,center_after_minus_a1,state,0,0.000000000,2048,0.001533981,2047,0.000000000,0,-0.006720000,2,-0.904000,8,0.000000000,2048,0.000000000,0,12.500,38,18412,0,1,
111832443755740,111832439590631,111832441674433,111832443755740,674,6.740000000,center_after_minus_a1,state,0,0.000000000,2048,0.001533981,2047,0.000000000,0,-0.003360000,1,-0.791000,7,0.000000000,2048,0.000000000,0,12.500,38,18422,0,1,
111832453764120,111832449591693,111832451674854,111832453764120,675,6.750000000,center_after_minus_a1,state,0,0.000000000,2048,0.001533981,2047,0.000000000,0,-0.003360000,1,-0.791000,7,0.000000000,2048,0.000000000,0,12.500,38,18432,0,1,
111832463756155,111832459592079,111832461679273,111832463756155,676,6.760000000,center_after_minus_a1,state,0,0.000000000,2048,0.001533981,2047,0.000000000,0,-0.003360000,1,-0.565000,5,0.000000000,2048,0.000000000,0,12.500,38,18442,0,1,
111832473754589,111832469591721,111832471672164,111832473754589,677,6.770000000,center_after_minus_a1,state,0,0.000000000,2048,0.001533981,2047,0.000000000,0,-0.003360000,1,-0.904000,8,0.000000000,2048,0.000000000,0,12.500,38,18452,0,1,
111832483759481,111832479591469,111832481675622,111832483759481,678,6.780000000,center_after_minus_a1,state,0,0.000000000,2048,0.001533981,2047,0.000000000,0,-0.006720000,2,-0.565000,5,0.000000000,2048,0.000000000,0,12.500,38,18462,0,1,
111832493680930,111832489599330,111832491624891,111832493680930,679,6.790000000,center_after_minus_a1,state,0,0.000000000,2048,0.001533981,2047,0.000000000,0,-0.003360000,1,-0.565000,5,0.000000000,2048,0.000000000,0,12.500,38,18472,0,1,
111832503698830,111832499592886,111832501601965,111832503698830,680,6.800000000,center_after_minus_a1,state,0,0.000000000,2048,0.001533981,2047,0.000000000,0,-0.006720000,2,-0.678000,6,0.000000000,2048,0.000000000,0,12.500,38,18482,0,1,
111832513690223,111832509592450,111832511603299,111832513690223,681,6.810000000,center_after_minus_a1,state,0,0.000000000,2048,0.001533981,2047,0.000000000,0,-0.003360000,1,-0.791000,7,0.000000000,2048,0.000000000,0,12.500,38,18492,0,1,
111832523685549,111832519591047,111832521608568,111832523685549,682,6.820000000,center_after_minus_a1,state,0,0.000000000,2048,0.001533981,2047,0.000000000,0,-0.003360000,1,-0.904000,8,0.000000000,2048,0.000000000,0,12.500,38,18502,0,1,
111832533699169,111832529591984,111832531605559,111832533699169,683,6.830000000,center_after_minus_a1,state,0,0.000000000,2048,0.001533981,2047,0.000000000,0,-0.003360000,1,-0.678000,6,0.000000000,2048,0.000000000,0,12.500,38,18512,0,1,
111832543684774,111832539592167,111832541605341,111832543684774,684,6.840000000,center_after_minus_a1,state,0,0.000000000,2048,0.001533981,2047,0.000000000,0,-0.003360000,1,-0.791000,7,0.000000000,2048,0.000000000,0,12.500,38,18522,0,1,
111832553690861,111832549592266,111832551600869,111832553690861,685,6.850000000,center_after_minus_a1,state,0,0.000000000,2048,0.001533981,2047,0.000000000,0,-0.006720000,2,-0.791000,7,0.000000000,2048,0.000000000,0,12.500,38,18532,0,1,
111832563703283,111832559592536,111832561613223,111832563703283,686,6.860000000,center_after_minus_a1,state,0,0.000000000,2048,0.001533981,2047,0.000000000,0,-0.003360000,1,-0.791000,7,0.000000000,2048,0.000000000,0,12.500,38,18542,0,1,
111832573690640,111832569591989,111832571615865,111832573690640,687,6.870000000,center_after_minus_a1,state,0,0.000000000,2048,0.001533981,2047,0.000000000,0,-0.003360000,1,-0.565000,5,0.000000000,2048,0.000000000,0,12.500,38,18552,0,1,
111832583755340,111832579591724,111832581676568,111832583755340,688,6.880000000,center_after_minus_a1,state,0,0.000000000,2048,0.001533981,2047,0.000000000,0,0.000000000,0,-0.904000,8,0.000000000,2048,0.000000000,0,12.500,38,18562,0,1,
111832593765943,111832589591877,111832591684850,111832593765943,689,6.890000000,center_after_minus_a1,state,0,0.000000000,2048,0.001533981,2047,0.000000000,0,-0.006720000,2,-0.791000,7,0.000000000,2048,0.000000000,0,12.500,38,18572,0,1,
111832603766546,111832599591844,111832601679162,111832603766546,690,6.900000000,center_after_minus_a1,state,0,0.000000000,2048,0.001533981,2047,0.000000000,0,-0.003360000,1,-0.678000,6,0.000000000,2048,0.000000000,0,12.500,38,18582,0,1,
111832613764015,111832609591818,111832611680288,111832613764015,691,6.910000000,center_after_minus_a1,state,0,0.000000000,2048,0.001533981,2047,0.000000000,0,-0.006720000,2,-0.565000,5,0.000000000,2048,0.000000000,0,12.500,38,18592,0,1,
111832623751955,111832619591886,111832621678849,111832623751955,692,6.920000000,center_after_minus_a1,state,0,0.000000000,2048,0.001533981,2047,0.000000000,0,-0.006720000,2,-0.791000,7,0.000000000,2048,0.000000000,0,12.500,38,18602,0,1,
111832633762145,111832629590708,111832631677490,111832633762145,693,6.930000000,center_after_minus_a1,state,0,0.000000000,2048,0.001533981,2047,0.000000000,0,-0.006720000,2,-0.565000,5,0.000000000,2048,0.000000000,0,12.500,38,18612,0,1,
111832643755125,111832639591099,111832641680143,111832643755125,694,6.940000000,center_after_minus_a1,state,0,0.000000000,2048,0.001533981,2047,0.000000000,0,-0.003360000,1,-0.678000,6,0.000000000,2048,0.000000000,0,12.500,38,18622,0,1,
111832653756238,111832649592213,111832651685190,111832653756238,695,6.950000000,center_after_minus_a1,state,0,0.000000000,2048,0.001533981,2047,0.000000000,0,-0.003360000,1,-0.904000,8,0.000000000,2048,0.000000000,0,12.500,38,18632,0,1,
111832663764516,111832659593790,111832661682484,111832663764516,696,6.960000000,center_after_minus_a1,state,0,0.000000000,2048,0.001533981,2047,0.000000000,0,-0.003360000,1,-0.904000,8,0.000000000,2048,0.000000000,0,12.500,38,18642,0,1,
111832673758916,111832669592502,111832671684123,111832673758916,697,6.970000000,center_after_minus_a1,state,0,0.000000000,2048,0.001533981,2047,0.000000000,0,-0.006720000,2,-0.678000,6,0.000000000,2048,0.000000000,0,12.500,38,18652,0,1,
111832683762749,111832679591718,111832681676053,111832683762749,698,6.980000000,center_after_minus_a1,state,0,0.000000000,2048,0.001533981,2047,0.000000000,0,-0.003360000,1,-0.339000,3,0.000000000,2048,0.000000000,0,12.500,38,18662,0,1,
111832693685398,111832689591286,111832691658579,111832693685398,699,6.990000000,center_after_minus_a1,hardware_error,0,0.000000000,2048,,,,,,,,,,,,,,,,,,0
111832703757734,111832699591733,111832701665372,111832703757734,700,7.000000000,center_after_minus_a1,state,0,0.000000000,2048,0.001533981,2047,0.000000000,0,-0.003360000,1,-0.113000,1,0.000000000,2048,0.000000000,0,12.500,38,18682,0,1,
111832713754632,111832709592218,111832711671671,111832713754632,701,7.010000000,center_after_minus_a1,state,0,0.000000000,2048,0.000000000,2048,0.000000000,0,-0.003360000,1,-0.452000,4,0.000000000,2048,0.000000000,0,12.500,38,18692,0,1,
111832723750585,111832719591632,111832721681166,111832723750585,702,7.020000000,center_after_minus_a1,state,0,0.000000000,2048,0.001533981,2047,0.000000000,0,-0.003360000,1,-0.113000,1,0.000000000,2048,0.000000000,0,12.500,38,18702,0,1,
111832733765924,111832729591765,111832731671049,111832733765924,703,7.030000000,center_after_minus_a1,state,0,0.000000000,2048,0.001533981,2047,0.000000000,0,-0.003360000,1,-0.452000,4,0.000000000,2048,0.000000000,0,12.500,38,18712,0,1,
111832743760286,111832739590486,111832741678048,111832743760286,704,7.040000000,center_after_minus_a1,state,0,0.000000000,2048,0.001533981,2047,0.000000000,0,-0.003360000,1,-0.791000,7,0.000000000,2048,0.000000000,0,12.500,38,18722,0,1,
111832753735208,111832749592067,111832751656202,111832753735208,705,7.050000000,center_after_minus_a1,state,0,0.000000000,2048,0.001533981,2047,0.000000000,0,-0.003360000,1,-0.791000,7,0.000000000,2048,0.000000000,0,12.500,38,18732,0,1,
111832763750808,111832759591697,111832761661337,111832763750808,706,7.060000000,center_after_minus_a1,state,0,0.000000000,2048,0.001533981,2047,0.000000000,0,-0.003360000,1,-0.565000,5,0.000000000,2048,0.000000000,0,12.500,38,18742,0,1,
111832773747411,111832769591471,111832771663605,111832773747411,707,7.070000000,center_after_minus_a1,state,0,0.000000000,2048,0.001533981,2047,0.000000000,0,-0.006720000,2,-0.791000,7,0.000000000,2048,0.000000000,0,12.500,38,18752,0,1,
111832783746700,111832779592693,111832781657939,111832783746700,708,7.080000000,center_after_minus_a1,state,0,0.000000000,2048,0.001533981,2047,0.000000000,0,-0.003360000,1,-0.565000,5,0.000000000,2048,0.000000000,0,12.500,38,18762,0,1,
111832793737459,111832789592084,111832791652808,111832793737459,709,7.090000000,center_after_minus_a1,state,0,0.000000000,2048,0.001533981,2047,0.000000000,0,-0.003360000,1,-0.904000,8,0.000000000,2048,0.000000000,0,12.500,38,18772,0,1,
111832803741043,111832799592058,111832801661077,111832803741043,710,7.100000000,center_after_minus_a1,state,0,0.000000000,2048,0.001533981,2047,0.000000000,0,-0.006720000,2,-0.791000,7,0.000000000,2048,0.000000000,0,12.500,38,18782,0,1,
111832813732501,111832809592278,111832811653448,111832813732501,711,7.110000000,center_after_minus_a1,state,0,0.000000000,2048,0.001533981,2047,0.000000000,0,-0.003360000,1,-0.904000,8,0.000000000,2048,0.000000000,0,12.500,38,18792,0,1,
111832823742309,111832819591962,111832821654156,111832823742309,712,7.120000000,center_after_minus_a1,state,0,0.000000000,2048,0.001533981,2047,0.000000000,0,-0.003360000,1,-0.565000,5,0.000000000,2048,0.000000000,0,12.500,38,18802,0,1,
111832833740131,111832829590710,111832831665209,111832833740131,713,7.130000000,center_after_minus_a1,state,0,0.000000000,2048,0.001533981,2047,0.000000000,0,-0.003360000,1,-0.678000,6,0.000000000,2048,0.000000000,0,12.500,38,18812,0,1,
111832843747688,111832839592418,111832841659130,111832843747688,714,7.140000000,center_after_minus_a1,state,0,0.000000000,2048,0.001533981,2047,0.000000000,0,-0.006720000,2,-0.339000,3,0.000000000,2048,0.000000000,0,12.500,38,18822,0,1,
111832853734587,111832849595855,111832851651055,111832853734587,715,7.150000000,center_after_minus_a1,state,0,0.000000000,2048,0.001533981,2047,0.000000000,0,-0.003360000,1,-0.226000,2,0.000000000,2048,0.000000000,0,12.500,38,18832,0,1,
111832863745990,111832859591824,111832861664093,111832863745990,716,7.160000000,center_after_minus_a1,state,0,0.000000000,2048,0.001533981,2047,0.000000000,0,-0.006720000,2,-0.113000,1,0.000000000,2048,0.000000000,0,12.500,38,18842,0,1,
111832873731322,111832869591420,111832871660631,111832873731322,717,7.170000000,center_after_minus_a1,state,0,0.000000000,2048,0.001533981,2047,0.000000000,0,-0.006720000,2,-0.113000,1,0.000000000,2048,0.000000000,0,12.500,38,18852,0,1,
111832883744444,111832879591596,111832881651675,111832883744444,718,7.180000000,center_after_minus_a1,state,0,0.000000000,2048,0.000000000,2048,0.000000000,0,-0.006720000,2,-0.226000,2,0.000000000,2048,0.000000000,0,12.500,38,18862,0,1,
111832893741597,111832889591280,111832891663508,111832893741597,719,7.190000000,center_after_minus_a1,state,0,0.000000000,2048,0.001533981,2047,0.000000000,0,-0.003360000,1,-0.565000,5,0.000000000,2048,0.000000000,0,12.500,38,18872,0,1,
111832903740600,111832899592144,111832901663959,111832903740600,720,7.200000000,center_after_minus_a1,state,0,0.000000000,2048,0.001533981,2047,0.000000000,0,-0.003360000,1,-0.791000,7,0.000000000,2048,0.000000000,0,12.500,38,18882,0,1,
111832913740945,111832909592509,111832911656697,111832913740945,721,7.210000000,center_after_minus_a1,state,0,0.000000000,2048,0.001533981,2047,0.000000000,0,-0.003360000,1,-0.791000,7,0.000000000,2048,0.000000000,0,12.500,38,18892,0,1,
111832923743993,111832919592136,111832921660347,111832923743993,722,7.220000000,center_after_minus_a1,state,0,0.000000000,2048,0.001533981,2047,0.000000000,0,-0.003360000,1,-0.452000,4,0.000000000,2048,0.000000000,0,12.500,38,18902,0,1,
111832933744904,111832929590920,111832931667219,111832933744904,723,7.230000000,center_after_minus_a1,state,0,0.000000000,2048,0.001533981,2047,0.000000000,0,-0.006720000,2,-0.791000,7,0.000000000,2048,0.000000000,0,12.500,38,18912,0,1,
111832943743275,111832939591743,111832941656740,111832943743275,724,7.240000000,center_after_minus_a1,state,0,0.000000000,2048,0.001533981,2047,0.000000000,0,-0.003360000,1,-0.678000,6,0.000000000,2048,0.000000000,0,12.500,38,18922,0,1,
111832953743849,111832949591779,111832951651932,111832953743849,725,7.250000000,center_after_minus_a1,state,0,0.000000000,2048,0.001533981,2047,0.000000000,0,-0.006720000,2,-0.904000,8,0.000000000,2048,0.000000000,0,12.500,38,18932,0,1,
111832963746332,111832959591296,111832961660629,111832963746332,726,7.260000000,center_after_minus_a1,state,0,0.000000000,2048,0.001533981,2047,0.000000000,0,-0.003360000,1,-0.904000,8,0.000000000,2048,0.000000000,0,12.500,38,18942,0,1,
111832973735209,111832969591381,111832971664227,111832973735209,727,7.270000000,center_after_minus_a1,state,0,0.000000000,2048,0.001533981,2047,0.000000000,0,-0.006720000,2,-0.791000,7,0.000000000,2048,0.000000000,0,12.500,38,18952,0,1,
111832983737044,111832979591652,111832981665295,111832983737044,728,7.280000000,center_after_minus_a1,state,0,0.000000000,2048,0.001533981,2047,0.000000000,0,-0.003360000,1,-0.791000,7,0.000000000,2048,0.000000000,0,12.500,38,18962,0,1,
111832993661068,111832989591901,111832991651081,111832993661068,729,7.290000000,center_after_minus_a1,state,0,0.000000000,2048,0.001533981,2047,0.000000000,0,-0.006720000,2,-0.791000,7,0.000000000,2048,0.000000000,0,12.500,38,18972,0,1,
111833003673978,111832999592246,111833001591058,111833003673978,730,7.300000000,center_after_minus_a1,state,0,0.000000000,2048,0.001533981,2047,0.000000000,0,-0.003360000,1,-0.791000,7,0.000000000,2048,0.000000000,0,12.500,38,18982,0,1,
111833013674636,111833009593664,111833011594082,111833013674636,731,7.310000000,center_after_minus_a1,state,0,0.000000000,2048,0.001533981,2047,0.000000000,0,-0.003360000,1,-0.678000,6,0.000000000,2048,0.000000000,0,12.500,38,18992,0,1,
111833023672057,111833019591076,111833021591639,111833023672057,732,7.320000000,center_after_minus_a1,state,0,0.000000000,2048,0.001533981,2047,0.000000000,0,-0.003360000,1,-0.791000,7,0.000000000,2048,0.000000000,0,12.500,38,19002,0,1,
111833033678516,111833029590684,111833031594858,111833033678516,733,7.330000000,center_after_minus_a1,state,0,0.000000000,2048,0.001533981,2047,0.000000000,0,-0.006720000,2,-0.678000,6,0.000000000,2048,0.000000000,0,12.500,38,19012,0,1,
111833043683506,111833039592474,111833041592404,111833043683506,734,7.340000000,center_after_minus_a1,state,0,0.000000000,2048,0.001533981,2047,0.000000000,0,-0.003360000,1,-0.904000,8,0.000000000,2048,0.000000000,0,12.500,38,19022,0,1,
111833053663483,111833049592604,111833051587988,111833053663483,735,7.350000000,center_after_minus_a1,state,0,0.000000000,2048,0.001533981,2047,0.000000000,0,-0.003360000,1,-0.791000,7,0.000000000,2048,0.000000000,0,12.500,38,19032,0,1,
111833063679754,111833059591128,111833061592378,111833063679754,736,7.360000000,center_after_minus_a1,state,0,0.000000000,2048,0.001533981,2047,0.000000000,0,-0.006720000,2,-0.678000,6,0.000000000,2048,0.000000000,0,12.500,38,19042,0,1,
111833073675377,111833069591790,111833071591479,111833073675377,737,7.370000000,center_after_minus_a1,state,0,0.000000000,2048,0.001533981,2047,0.000000000,0,-0.006720000,2,-0.678000,6,0.000000000,2048,0.000000000,0,12.500,38,19052,0,1,
111833083677856,111833079591655,111833081591678,111833083677856,738,7.380000000,center_after_minus_a1,state,0,0.000000000,2048,0.001533981,2047,0.000000000,0,-0.003360000,1,-0.904000,8,0.000000000,2048,0.000000000,0,12.500,38,19062,0,1,
111833093684818,111833089597558,111833091576745,111833093684818,739,7.390000000,center_after_minus_a1,state,0,0.000000000,2048,0.001533981,2047,0.000000000,0,-0.006720000,2,-0.791000,7,0.000000000,2048,0.000000000,0,12.500,38,19072,0,1,
111833103744870,111833099593073,111833101653932,111833103744870,740,7.400000000,center_after_minus_a1,state,0,0.000000000,2048,0.001533981,2047,0.000000000,0,-0.006720000,2,-0.791000,7,0.000000000,2048,0.000000000,0,12.500,38,19082,0,1,
111833113735581,111833109591917,111833111659974,111833113735581,741,7.410000000,center_after_minus_a1,state,0,0.000000000,2048,0.001533981,2047,0.000000000,0,-0.006720000,2,-0.565000,5,0.000000000,2048,0.000000000,0,12.500,38,19092,0,1,
111833123740651,111833119591701,111833121650698,111833123740651,742,7.420000000,center_after_minus_a1,state,0,0.000000000,2048,0.001533981,2047,0.000000000,0,-0.006720000,2,-0.678000,6,0.000000000,2048,0.000000000,0,12.500,38,19102,0,1,
111833133717005,111833129592093,111833131638478,111833133717005,743,7.430000000,center_after_minus_a1,state,0,0.000000000,2048,0.001533981,2047,0.000000000,0,-0.003360000,1,-0.791000,7,0.000000000,2048,0.000000000,0,12.500,38,19112,0,1,
111833143759886,111833139590607,111833141656647,111833143759886,744,7.440000000,center_after_minus_a1,state,0,0.000000000,2048,0.001533981,2047,0.000000000,0,-0.003360000,1,-0.678000,6,0.000000000,2048,0.000000000,0,12.500,38,19122,0,1,
111833153714349,111833149591787,111833151628453,111833153714349,745,7.450000000,center_after_minus_a1,state,0,0.000000000,2048,0.001533981,2047,0.000000000,0,-0.006720000,2,-0.791000,7,0.000000000,2048,0.000000000,0,12.500,38,19132,0,1,
111833163735989,111833159591276,111833161637531,111833163735989,746,7.460000000,center_after_minus_a1,state,0,0.000000000,2048,0.001533981,2047,0.000000000,0,-0.003360000,1,-0.904000,8,0.000000000,2048,0.000000000,0,12.500,38,19142,0,1,
111833173717000,111833169592281,111833171634143,111833173717000,747,7.470000000,center_after_minus_a1,state,0,0.000000000,2048,0.001533981,2047,0.000000000,0,-0.003360000,1,-0.791000,7,0.000000000,2048,0.000000000,0,12.500,38,19152,0,1,
111833183721764,111833179592563,111833181631918,111833183721764,748,7.480000000,center_after_minus_a1,state,0,0.000000000,2048,0.001533981,2047,0.000000000,0,-0.003360000,1,-0.791000,7,0.000000000,2048,0.000000000,0,12.500,38,19162,0,1,
111833193719073,111833189592216,111833191634576,111833193719073,749,7.490000000,center_after_minus_a1,state,0,0.000000000,2048,0.000000000,2048,0.000000000,0,-0.003360000,1,-0.791000,7,0.000000000,2048,0.000000000,0,12.500,38,19172,0,1,
111833203722247,111833199591685,111833201640326,111833203722247,750,7.500000000,plus_a2,state,0,0.070000000,2002,0.001533981,2047,0.000000000,0,0.094080000,-28,7.684000,-68,0.070563116,2002,0.000000000,0,12.500,38,19182,0,0,
111833213716158,111833209591979,111833211636165,111833213716158,751,7.510000000,plus_a2,state,0,0.070000000,2002,0.004601942,2045,0.000000000,0,0.369600000,-110,22.148000,-196,0.070563116,2002,0.000000000,0,12.400,38,19192,0,0,
111833223722485,111833219591967,111833221641166,111833223722485,752,7.520000000,plus_a2,state,0,0.070000000,2002,0.012271846,2040,0.023980824,-1,0.342720000,-102,27.572000,-244,0.070563116,2002,0.000000000,0,12.500,38,19202,0,0,
111833233718263,111833229591773,111833231632779,111833233718263,753,7.530000000,plus_a2,state,0,0.070000000,2002,0.024543693,2032,0.119904120,-5,0.268800000,-80,30.510000,-270,0.070563116,2002,0.000000000,0,12.500,38,19212,0,0,
111833243730312,111833239591562,111833241635974,111833243730312,754,7.540000000,plus_a2,state,0,0.070000000,2002,0.036815539,2024,0.263789063,-11,0.218400000,-65,33.448000,-296,0.070563116,2002,0.000000000,0,12.500,38,19222,1,0,
111833253717141,111833249590533,111833251634400,111833253717141,755,7.550000000,plus_a2,state,0,0.070000000,2002,0.055223308,2012,0.431654831,-18,0.100800000,-30,34.578000,-306,0.070563116,2002,0.000000000,0,12.600,38,19232,1,1,
111833263720310,111833259592320,111833261639018,111833263720310,756,7.560000000,plus_a2,state,0,0.070000000,2002,0.072097097,2001,0.671463070,-28,0.013440000,-4,33.448000,-296,0.070563116,2002,0.000000000,0,12.500,38,19242,1,1,
111833273713948,111833269590893,111833271579885,111833273713948,757,7.570000000,plus_a2,state,0,0.070000000,2002,0.088970886,1990,0.911271309,-38,0.020160000,-6,7.119000,-63,0.070563116,2002,0.000000000,0,12.500,39,19252,1,0,
111833283718736,111833279591021,111833281639524,111833283718736,758,7.580000000,plus_a2,state,0,0.070000000,2002,0.096640790,1985,1.103117900,-46,-0.020160000,6,4.972000,-44,0.070563116,2002,0.000000000,0,12.500,38,19262,1,0,
111833293719470,111833289591855,111833291634937,111833293719470,759,7.590000000,plus_a2,state,0,0.070000000,2002,0.102776713,1981,1.223022020,-51,-0.255360000,76,8.249000,-73,0.070563116,2002,0.000000000,0,12.500,38,19272,1,0,
111833303716692,111833299592310,111833301643105,111833303716692,760,7.600000000,plus_a2,state,0,0.070000000,2002,0.107378655,1978,1.223022020,-51,-0.262080000,78,0.452000,-4,0.070563116,2002,0.000000000,0,12.500,38,19282,1,0,
111833313720188,111833309591851,111833311635707,111833313720188,761,7.610000000,plus_a2,state,0,0.070000000,2002,0.107378655,1978,1.151079548,-48,-0.178080000,53,-8.362000,74,0.070563116,2002,0.000000000,0,12.500,38,19292,1,0,
111833323716501,111833319592082,111833321641457,111833323716501,762,7.620000000,plus_a2,state,0,0.070000000,2002,0.105844674,1979,0.983213781,-41,-0.198240000,59,-14.238000,126,0.070563116,2002,0.000000000,0,12.500,38,19302,1,0,
111833333721408,111833329590871,111833331633207,111833333721408,763,7.630000000,plus_a2,state,0,0.070000000,2002,0.102776713,1981,0.767386366,-32,-0.188160000,56,-17.628000,156,0.070563116,2002,0.000000000,0,12.500,38,19312,1,0,
111833343716674,111833339595598,111833341638518,111833343716674,764,7.640000000,plus_a2,state,0,0.070000000,2002,0.096640790,1985,0.503597302,-21,-0.157920000,47,-19.436000,172,0.070563116,2002,0.000000000,0,12.500,38,19322,1,0,
111833353713299,111833349592206,111833351630559,111833353713299,765,7.650000000,plus_a2,state,0,0.070000000,2002,0.087436905,1991,0.239808239,-10,-0.097440000,29,-20.453000,181,0.070563116,2002,0.000000000,0,12.600,38,19332,0,1,
111833363714623,111833359592077,111833361632186,111833363714623,766,7.660000000,plus_a2,state,0,0.070000000,2002,0.076699039,1998,0.000000000,0,-0.043680000,13,-21.131000,187,0.070563116,2002,0.000000000,0,12.500,38,19342,0,1,
111833373721770,111833369591603,111833371643257,111833373721770,767,7.670000000,plus_a2,state,0,0.070000000,2002,0.065961174,2005,-0.239808239,10,-0.026880000,8,-14.690000,130,0.070563116,2002,0.000000000,0,12.500,38,19352,0,1,
111833383711968,111833379591565,111833381640869,111833383711968,768,7.680000000,plus_a2,state,0,0.070000000,2002,0.058291270,2010,-0.455635655,19,0.084000000,-25,-7.006000,62,0.070563116,2002,0.000000000,0,12.600,38,19362,1,1,
111833393721649,111833389591395,111833391636275,111833393721649,769,7.690000000,plus_a2,state,0,0.070000000,2002,0.053689328,2013,-0.599520598,25,0.184800000,-55,-2.147000,19,0.070563116,2002,0.000000000,0,12.600,38,19372,1,1,
111833403723098,111833399592111,111833401632111,111833403723098,770,7.700000000,plus_a2,state,0,0.070000000,2002,0.050621366,2015,-0.671463070,28,0.114240000,-34,1.356000,-12,0.070563116,2002,0.000000000,0,12.600,38,19382,1,0,
111833413720986,111833409592250,111833411638345,111833413720986,771,7.710000000,plus_a2,state,0,0.070000000,2002,0.050621366,2015,-0.695443894,29,0.100800000,-30,5.763000,-51,0.070563116,2002,0.000000000,0,12.600,38,19392,1,0,
111833423714225,111833419591965,111833421629126,111833423714225,772,7.720000000,plus_a2,state,0,0.070000000,2002,0.052155347,2014,-0.623501422,26,0.100800000,-30,9.944000,-88,0.070563116,2002,0.000000000,0,12.600,38,19402,1,0,
111833433724147,111833429590752,111833431630842,111833433724147,773,7.730000000,plus_a2,state,0,0.070000000,2002,0.056757289,2011,-0.503597302,21,0.073920000,-22,15.029000,-133,0.070563116,2002,0.000000000,0,12.600,38,19412,1,1,
111833443730500,111833439591776,111833441632507,111833443730500,774,7.740000000,plus_a2,state,0,0.070000000,2002,0.062893212,2007,-0.311750711,13,0.060480000,-18,18.871000,-167,0.070563116,2002,0.000000000,0,12.600,38,19422,1,1,
111833453724446,111833449592108,111833451635298,111833453724446,775,7.750000000,plus_a2,state,0,0.070000000,2002,0.070563116,2002,-0.095923296,4,0.003360000,-1,18.871000,-167,0.070563116,2002,0.000000000,0,12.600,38,19432,0,1,
111833463722583,111833459591672,111833461634201,111833463722583,776,7.760000000,plus_a2,state,0,0.070000000,2002,0.079767001,1996,0.071942472,-3,0.020160000,-6,3.051000,-27,0.070563116,2002,0.000000000,0,12.500,38,19442,0,1,
111833473718683,111833469591803,111833471638004,111833473718683,777,7.770000000,plus_a2,state,0,0.070000000,2002,0.082834963,1994,0.263789063,-11,-0.097440000,29,4.633000,-41,0.070563116,2002,0.000000000,0,12.500,38,19452,1,1,
111833483722215,111833479591410,111833481633825,111833483722215,778,7.780000000,plus_a2,state,0,0.070000000,2002,0.085902924,1992,0.359712359,-15,-0.117600000,35,-0.452000,4,0.070563116,2002,0.000000000,0,12.500,38,19462,1,1,
111833493719950,111833489591230,111833491627830,111833493719950,779,7.790000000,plus_a2,state,0,0.070000000,2002,0.087436905,1991,0.431654831,-18,-0.100800000,30,-1.808000,16,0.070563116,2002,0.000000000,0,12.500,38,19472,1,1,
111833503720584,111833499591886,111833501637150,111833503720584,780,7.800000000,plus_a2,state,0,0.070000000,2002,0.087436905,1991,0.455635655,-19,-0.090720000,27,-5.763000,51,0.070563116,2002,0.000000000,0,12.500,38,19482,1,1,
111833513725005,111833509591834,111833511640207,111833513725005,781,7.810000000,plus_a2,state,0,0.070000000,2002,0.084368943,1993,0.407674007,-17,-0.077280000,23,-11.300000,100,0.070563116,2002,0.000000000,0,12.500,38,19492,1,1,
111833523715449,111833519591012,111833521639144,111833523715449,782,7.820000000,plus_a2,state,0,0.070000000,2002,0.081300982,1995,0.311750711,-13,-0.067200000,20,-12.317000,109,0.070563116,2002,0.000000000,0,12.500,38,19502,1,1,
111833533710215,111833529590800,111833531643011,111833533710215,783,7.830000000,plus_a2,state,0,0.070000000,2002,0.076699039,1998,0.167865767,-7,-0.036960000,11,-13.673000,121,0.070563116,2002,0.000000000,0,12.500,38,19512,0,1,
111833543737288,111833539591686,111833541631173,111833543737288,784,7.840000000,plus_a2,state,0,0.070000000,2002,0.069029135,2003,0.023980824,-1,-0.006720000,2,-13.560000,120,0.070563116,2002,0.000000000,0,12.500,38,19522,0,1,
111833553697021,111833549592075,111833551635060,111833553697021,785,7.850000000,plus_a2,state,0,0.070000000,2002,0.065961174,2005,-0.095923296,4,-0.047040000,14,-0.791000,7,0.070563116,2002,0.000000000,0,12.600,38,19532,0,1,
111833563701593,111833559591674,111833561638211,111833563701593,786,7.860000000,plus_a2,state,0,0.070000000,2002,0.062893212,2007,-0.215827415,9,0.013440000,-4,0.565000,-5,0.070563116,2002,0.000000000,0,12.600,38,19542,0,1,
111833573723624,111833569591587,111833571648305,111833573723624,787,7.870000000,plus_a2,state,0,0.070000000,2002,0.061359232,2008,-0.287769887,12,0.050400000,-15,1.130000,-10,0.070563116,2002,0.000000000,0,12.600,38,19552,1,1,
111833583695743,111833579591617,111833581633209,111833583695743,788,7.880000000,plus_a2,state,0,0.070000000,2002,0.061359232,2008,-0.311750711,13,0.060480000,-18,3.277000,-29,0.070563116,2002,0.000000000,0,12.600,38,19562,1,1,
111833593699672,111833589591502,111833591612105,111833593699672,789,7.890000000,plus_a2,state,0,0.070000000,2002,0.061359232,2008,-0.311750711,13,0.053760000,-16,3.390000,-30,0.070563116,2002,0.000000000,0,12.600,38,19572,1,1,
111833603695730,111833599591707,111833601613969,111833603695730,790,7.900000000,plus_a2,state,0,0.070000000,2002,0.062893212,2007,-0.263789063,11,0.040320000,-12,2.938000,-26,0.070563116,2002,0.000000000,0,12.600,38,19582,1,1,
111833613697932,111833609592324,111833611614889,111833613697932,791,7.910000000,plus_a2,state,0,0.070000000,2002,0.064427193,2006,-0.191846591,8,0.030240000,-9,3.051000,-27,0.070563116,2002,0.000000000,0,12.600,38,19592,0,1,
111833623689102,111833619592402,111833621618061,111833623689102,792,7.920000000,plus_a2,state,0,0.070000000,2002,0.064427193,2006,-0.095923296,4,0.036960000,-11,2.938000,-26,0.070563116,2002,0.000000000,0,12.600,38,19602,0,1,
111833633693982,111833629590400,111833631615441,111833633693982,793,7.930000000,plus_a2,state,0,0.070000000,2002,0.065961174,2005,-0.023980824,1,0.033600000,-10,2.938000,-26,0.070563116,2002,0.000000000,0,12.600,38,19612,0,1,
111833643690201,111833639591717,111833641617569,111833643690201,794,7.940000000,plus_a2,state,0,0.070000000,2002,0.067495155,2004,0.000000000,0,0.026880000,-8,3.051000,-27,0.070563116,2002,0.000000000,0,12.600,38,19622,0,1,
111833653701995,111833649591829,111833651618487,111833653701995,795,7.950000000,plus_a2,state,0,0.070000000,2002,0.067495155,2004,0.023980824,-1,0.016800000,-5,2.938000,-26,0.070563116,2002,0.000000000,0,12.600,38,19632,0,1,
111833663703360,111833659591495,111833661615800,111833663703360,796,7.960000000,plus_a2,state,0,0.070000000,2002,0.069029135,2003,0.047961648,-2,0.006720000,-2,2.486000,-22,0.070563116,2002,0.000000000,0,12.500,38,19642,0,1,
111833673697782,111833669591493,111833671608661,111833673697782,797,7.970000000,plus_a2,state,0,0.070000000,2002,0.069029135,2003,0.071942472,-3,0.010080000,-3,3.164000,-28,0.070563116,2002,0.000000000,0,12.500,38,19652,0,1,
111833683706601,111833679591664,111833681615896,111833683706601,798,7.980000000,plus_a2,state,0,0.070000000,2002,0.069029135,2003,0.071942472,-3,0.003360000,-1,2.712000,-24,0.070563116,2002,0.000000000,0,12.500,38,19662,0,1,
111833693635907,111833689591677,111833691610583,111833693635907,799,7.990000000,plus_a2,hardware_error,0,0.070000000,2002,,,,,,,,,,,,,,,,,,0
111833703699737,111833699591758,111833701616544,111833703699737,800,8.000000000,plus_a2,state,0,0.070000000,2002,0.070563116,2002,0.071942472,-3,-0.003360000,1,-0.339000,3,0.070563116,2002,0.000000000,0,12.500,38,19682,0,1,
111833713700484,111833709591996,111833711618612,111833713700484,801,8.010000000,plus_a2,state,0,0.070000000,2002,0.072097097,2001,0.071942472,-3,-0.003360000,1,-0.226000,2,0.070563116,2002,0.000000000,0,12.500,38,19692,0,1,
111833723695022,111833719591788,111833721620596,111833723695022,802,8.020000000,plus_a2,state,0,0.070000000,2002,0.072097097,2001,0.071942472,-3,0.000000000,0,-0.339000,3,0.070563116,2002,0.000000000,0,12.500,38,19702,0,1,
111833733706776,111833729590261,111833731612818,111833733706776,803,8.030000000,plus_a2,state,0,0.070000000,2002,0.072097097,2001,0.047961648,-2,-0.003360000,1,-0.452000,4,0.070563116,2002,0.000000000,0,12.500,38,19712,0,1,
111833743693007,111833739591633,111833741619587,111833743693007,804,8.040000000,plus_a2,state,0,0.070000000,2002,0.070563116,2002,0.047961648,-2,-0.003360000,1,-0.565000,5,0.070563116,2002,0.000000000,0,12.500,38,19722,0,1,
111833753695171,111833749591933,111833751619011,111833753695171,805,8.050000000,plus_a2,state,0,0.070000000,2002,0.070563116,2002,0.023980824,-1,-0.003360000,1,-0.452000,4,0.070563116,2002,0.000000000,0,12.500,38,19732,0,1,
111833763699751,111833759591490,111833761612330,111833763699751,806,8.060000000,plus_a2,state,0,0.070000000,2002,0.072097097,2001,0.000000000,0,-0.003360000,1,0.000000,0,0.070563116,2002,0.000000000,0,12.500,38,19742,0,1,
111833773699898,111833769591225,111833771609626,111833773699898,807,8.070000000,plus_a2,state,0,0.070000000,2002,0.072097097,2001,0.000000000,0,-0.003360000,1,-0.113000,1,0.070563116,2002,0.000000000,0,12.500,38,19752,0,1,
111833783689403,111833779590629,111833781622266,111833783689403,808,8.080000000,plus_a2,state,0,0.070000000,2002,0.072097097,2001,0.000000000,0,0.000000000,0,-0.565000,5,0.070563116,2002,0.000000000,0,12.500,38,19762,0,1,
111833793693851,111833789592049,111833791620424,111833793693851,809,8.090000000,plus_a2,state,0,0.070000000,2002,0.072097097,2001,0.000000000,0,-0.003360000,1,-0.226000,2,0.070563116,2002,0.000000000,0,12.500,38,19772,0,1,
111833803715105,111833799592308,111833801612193,111833803715105,810,8.100000000,plus_a2,state,0,0.070000000,2002,0.072097097,2001,0.000000000,0,-0.006720000,2,-0.791000,7,0.070563116,2002,0.000000000,0,12.500,38,19782,0,1,
111833813694463,111833809592289,111833811615163,111833813694463,811,8.110000000,plus_a2,state,0,0.070000000,2002,0.072097097,2001,0.000000000,0,-0.003360000,1,-0.452000,4,0.070563116,2002,0.000000000,0,12.500,38,19792,0,1,
111833823692583,111833819591812,111833821616029,111833823692583,812,8.120000000,plus_a2,state,0,0.070000000,2002,0.072097097,2001,0.000000000,0,-0.003360000,1,-0.452000,4,0.070563116,2002,0.000000000,0,12.500,38,19802,0,1,
111833833697530,111833829590516,111833831617419,111833833697530,813,8.130000000,plus_a2,state,0,0.070000000,2002,0.072097097,2001,0.000000000,0,0.000000000,0,-0.565000,5,0.070563116,2002,0.000000000,0,12.500,38,19812,0,1,
111833843694196,111833839592324,111833841607227,111833843694196,814,8.140000000,plus_a2,state,0,0.070000000,2002,0.070563116,2002,0.000000000,0,-0.006720000,2,-0.452000,4,0.070563116,2002,0.000000000,0,12.500,38,19822,0,1,
111833853703552,111833849592261,111833851615767,111833853703552,815,8.150000000,plus_a2,state,0,0.070000000,2002,0.072097097,2001,0.000000000,0,-0.003360000,1,-0.113000,1,0.070563116,2002,0.000000000,0,12.500,38,19832,0,1,
111833863694183,111833859593911,111833861626499,111833863694183,816,8.160000000,plus_a2,state,0,0.070000000,2002,0.072097097,2001,0.000000000,0,-0.003360000,1,-0.226000,2,0.070563116,2002,0.000000000,0,12.500,38,19842,0,1,
111833873691704,111833869592202,111833871609453,111833873691704,817,8.170000000,plus_a2,state,0,0.070000000,2002,0.072097097,2001,0.000000000,0,-0.003360000,1,-0.339000,3,0.070563116,2002,0.000000000,0,12.500,38,19851,0,1,
111833883697855,111833879591432,111833881608506,111833883697855,818,8.180000000,plus_a2,state,0,0.070000000,2002,0.072097097,2001,0.000000000,0,-0.003360000,1,-0.226000,2,0.070563116,2002,0.000000000,0,12.500,38,19862,0,1,
111833893703862,111833889591276,111833891609801,111833893703862,819,8.190000000,plus_a2,state,0,0.070000000,2002,0.072097097,2001,0.000000000,0,-0.003360000,1,-0.113000,1,0.070563116,2002,0.000000000,0,12.500,38,19871,0,1,
111833903704831,111833899591846,111833901620153,111833903704831,820,8.200000000,plus_a2,state,0,0.070000000,2002,0.072097097,2001,0.000000000,0,-0.003360000,1,0.000000,0,0.070563116,2002,0.000000000,0,12.500,38,19882,0,1,
111833913694936,111833909591680,111833911616761,111833913694936,821,8.210000000,plus_a2,state,0,0.070000000,2002,0.070563116,2002,0.000000000,0,0.000000000,0,-0.565000,5,0.070563116,2002,0.000000000,0,12.500,38,19892,0,1,
111833923696123,111833919591733,111833921615231,111833923696123,822,8.220000000,plus_a2,state,0,0.070000000,2002,0.072097097,2001,0.000000000,0,0.000000000,0,0.000000,0,0.070563116,2002,0.000000000,0,12.500,38,19902,0,1,
111833933694346,111833929590463,111833931618026,111833933694346,823,8.230000000,plus_a2,state,0,0.070000000,2002,0.072097097,2001,0.000000000,0,-0.003360000,1,-0.113000,1,0.070563116,2002,0.000000000,0,12.500,38,19912,0,1,
111833943706657,111833939591701,111833941613052,111833943706657,824,8.240000000,plus_a2,state,0,0.070000000,2002,0.072097097,2001,0.000000000,0,-0.003360000,1,-0.113000,1,0.070563116,2002,0.000000000,0,12.500,38,19921,0,1,
111833953672570,111833949591715,111833951620455,111833953672570,825,8.250000000,plus_a2,state,0,0.070000000,2002,0.072097097,2001,0.000000000,0,-0.003360000,1,-0.113000,1,0.070563116,2002,0.000000000,0,12.500,38,19932,0,1,
111833963684570,111833959591870,111833961613804,111833963684570,826,8.260000000,plus_a2,state,0,0.070000000,2002,0.072097097,2001,0.000000000,0,0.000000000,0,0.000000,0,0.070563116,2002,0.000000000,0,12.500,38,19941,0,1,
111833973677744,111833969591517,111833971615144,111833973677744,827,8.270000000,plus_a2,state,0,0.070000000,2002,0.072097097,2001,0.000000000,0,-0.003360000,1,-0.226000,2,0.070563116,2002,0.000000000,0,12.500,38,19951,0,1,
111833983676110,111833979591741,111833981616364,111833983676110,828,8.280000000,plus_a2,state,0,0.070000000,2002,0.072097097,2001,0.000000000,0,-0.003360000,1,-0.339000,3,0.070563116,2002,0.000000000,0,12.500,38,19962,0,1,
111833993672384,111833989591546,111833991591976,111833993672384,829,8.290000000,plus_a2,state,0,0.070000000,2002,0.072097097,2001,0.000000000,0,-0.003360000,1,-0.565000,5,0.070563116,2002,0.000000000,0,12.500,38,19971,0,1,
111834003681422,111833999591715,111834001609938,111834003681422,830,8.300000000,plus_a2,state,0,0.070000000,2002,0.072097097,2001,0.000000000,0,-0.003360000,1,-0.791000,7,0.070563116,2002,0.000000000,0,12.500,38,19981,0,1,
111834013681878,111834009592828,111834011598313,111834013681878,831,8.310000000,plus_a2,state,0,0.070000000,2002,0.070563116,2002,0.000000000,0,-0.003360000,1,-0.339000,3,0.070563116,2002,0.000000000,0,12.500,38,19991,0,1,
111834023682392,111834019590470,111834021586002,111834023682392,832,8.320000000,plus_a2,state,0,0.070000000,2002,0.070563116,2002,0.000000000,0,-0.003360000,1,-0.678000,6,0.070563116,2002,0.000000000,0,12.500,38,20001,0,1,
111834033673859,111834029592377,111834031591246,111834033673859,833,8.330000000,plus_a2,state,0,0.070000000,2002,0.072097097,2001,0.000000000,0,-0.003360000,1,-0.226000,2,0.070563116,2002,0.000000000,0,12.500,38,20011,0,1,
111834043675205,111834039592265,111834041596403,111834043675205,834,8.340000000,plus_a2,state,0,0.070000000,2002,0.072097097,2001,0.000000000,0,0.000000000,0,-0.226000,2,0.070563116,2002,0.000000000,0,12.500,38,20022,0,1,
111834053679528,111834049592877,111834051593948,111834053679528,835,8.350000000,plus_a2,state,0,0.070000000,2002,0.070563116,2002,0.000000000,0,-0.003360000,1,-0.565000,5,0.070563116,2002,0.000000000,0,12.500,38,20031,0,1,
111834063636158,111834059591728,111834061534989,111834063636158,836,8.360000000,plus_a2,state,0,0.070000000,2002,0.072097097,2001,0.000000000,0,0.000000000,0,0.000000,0,0.070563116,2002,0.000000000,0,12.500,38,20041,0,1,
111834073621275,111834069592652,111834071533147,111834073621275,837,8.370000000,plus_a2,state,0,0.070000000,2002,0.070563116,2002,0.000000000,0,0.000000000,0,0.000000,0,0.070563116,2002,0.000000000,0,12.500,38,20051,0,1,
111834083614018,111834079592146,111834081533285,111834083614018,838,8.380000000,plus_a2,state,0,0.070000000,2002,0.072097097,2001,0.000000000,0,0.000000000,0,-0.113000,1,0.070563116,2002,0.000000000,0,12.500,38,20061,0,1,
111834093612799,111834089594944,111834091527577,111834093612799,839,8.390000000,plus_a2,state,0,0.070000000,2002,0.072097097,2001,0.000000000,0,-0.003360000,1,-0.113000,1,0.070563116,2002,0.000000000,0,12.500,38,20071,0,1,
111834103614866,111834099592600,111834101530473,111834103614866,840,8.400000000,plus_a2,state,0,0.070000000,2002,0.072097097,2001,0.000000000,0,0.000000000,0,-0.113000,1,0.070563116,2002,0.000000000,0,12.500,38,20081,0,1,
111834113607333,111834109592166,111834111532530,111834113607333,841,8.410000000,plus_a2,state,0,0.070000000,2002,0.072097097,2001,0.000000000,0,0.000000000,0,-0.113000,1,0.070563116,2002,0.000000000,0,12.500,38,20091,0,1,
111834123667678,111834119592265,111834121600624,111834123667678,842,8.420000000,plus_a2,state,0,0.070000000,2002,0.072097097,2001,0.000000000,0,-0.003360000,1,-0.565000,5,0.070563116,2002,0.000000000,0,12.500,38,20101,0,1,
111834133678772,111834129592161,111834131589490,111834133678772,843,8.430000000,plus_a2,state,0,0.070000000,2002,0.072097097,2001,0.000000000,0,-0.003360000,1,-0.565000,5,0.070563116,2002,0.000000000,0,12.500,38,20111,0,1,
111834143670022,111834139590650,111834141601337,111834143670022,844,8.440000000,plus_a2,state,0,0.070000000,2002,0.070563116,2002,0.000000000,0,-0.003360000,1,-0.452000,4,0.070563116,2002,0.000000000,0,12.500,38,20121,0,1,
111834153679336,111834149592357,111834151592574,111834153679336,845,8.450000000,plus_a2,state,0,0.070000000,2002,0.072097097,2001,0.000000000,0,-0.003360000,1,-0.791000,7,0.070563116,2002,0.000000000,0,12.500,38,20131,0,1,
111834163685098,111834159591715,111834161591931,111834163685098,846,8.460000000,plus_a2,state,0,0.070000000,2002,0.070563116,2002,0.000000000,0,-0.006720000,2,-0.791000,7,0.070563116,2002,0.000000000,0,12.500,38,20141,0,1,
111834173679437,111834169592219,111834171596021,111834173679437,847,8.470000000,plus_a2,state,0,0.070000000,2002,0.072097097,2001,0.000000000,0,-0.003360000,1,-0.113000,1,0.070563116,2002,0.000000000,0,12.500,38,20151,0,1,
111834183678954,111834179591900,111834181590640,111834183678954,848,8.480000000,plus_a2,state,0,0.070000000,2002,0.072097097,2001,0.000000000,0,-0.006720000,2,0.000000,0,0.070563116,2002,0.000000000,0,12.500,38,20161,0,1,
111834193680311,111834189592072,111834191593363,111834193680311,849,8.490000000,plus_a2,state,0,0.070000000,2002,0.070563116,2002,0.000000000,0,-0.003360000,1,-0.226000,2,0.070563116,2002,0.000000000,0,12.500,38,20171,0,1,
111834203673493,111834199591630,111834201616955,111834203673493,850,8.500000000,plus_a2,state,0,0.070000000,2002,0.072097097,2001,0.000000000,0,0.000000000,0,-0.113000,1,0.070563116,2002,0.000000000,0,12.500,38,20181,0,1,
111834213682968,111834209592430,111834211600892,111834213682968,851,8.510000000,plus_a2,state,0,0.070000000,2002,0.070563116,2002,0.000000000,0,-0.006720000,2,0.000000,0,0.070563116,2002,0.000000000,0,12.500,38,20191,0,1,
111834223683519,111834219591701,111834221590694,111834223683519,852,8.520000000,plus_a2,state,0,0.070000000,2002,0.072097097,2001,0.000000000,0,-0.003360000,1,-0.904000,8,0.070563116,2002,0.000000000,0,12.500,38,20201,0,1,
111834233674652,111834229591838,111834231600469,111834233674652,853,8.530000000,plus_a2,state,0,0.070000000,2002,0.070563116,2002,0.000000000,0,0.000000000,0,-0.678000,6,0.070563116,2002,0.000000000,0,12.500,38,20211,0,1,
111834243676078,111834239590762,111834241597134,111834243676078,854,8.540000000,plus_a2,state,0,0.070000000,2002,0.072097097,2001,0.000000000,0,-0.003360000,1,-0.339000,3,0.070563116,2002,0.000000000,0,12.500,38,20221,0,1,
111834253679102,111834249591618,111834251588635,111834253679102,855,8.550000000,plus_a2,state,0,0.070000000,2002,0.072097097,2001,0.000000000,0,-0.003360000,1,-0.113000,1,0.070563116,2002,0.000000000,0,12.500,38,20231,0,1,
111834263685436,111834259591796,111834261595907,111834263685436,856,8.560000000,plus_a2,state,0,0.070000000,2002,0.072097097,2001,0.000000000,0,-0.003360000,1,-0.565000,5,0.070563116,2002,0.000000000,0,12.500,38,20241,0,1,
111834273672800,111834269590490,111834271599787,111834273672800,857,8.570000000,plus_a2,state,0,0.070000000,2002,0.072097097,2001,0.000000000,0,-0.003360000,1,-0.791000,7,0.070563116,2002,0.000000000,0,12.500,38,20251,0,1,
111834283680884,111834279591631,111834281588511,111834283680884,858,8.580000000,plus_a2,state,0,0.070000000,2002,0.072097097,2001,0.000000000,0,-0.003360000,1,-0.565000,5,0.070563116,2002,0.000000000,0,12.500,38,20261,0,1,
111834293677142,111834289591558,111834291591118,111834293677142,859,8.590000000,plus_a2,state,0,0.070000000,2002,0.072097097,2001,0.000000000,0,-0.003360000,1,-0.452000,4,0.070563116,2002,0.000000000,0,12.500,38,20271,0,1,
111834303674032,111834299591336,111834301593016,111834303674032,860,8.600000000,plus_a2,state,0,0.070000000,2002,0.072097097,2001,0.000000000,0,-0.010080000,3,-0.678000,6,0.070563116,2002,0.000000000,0,12.500,38,20281,0,1,
111834313678068,111834309592295,111834311600212,111834313678068,861,8.610000000,plus_a2,state,0,0.070000000,2002,0.072097097,2001,0.000000000,0,-0.003360000,1,-0.339000,3,0.070563116,2002,0.000000000,0,12.500,38,20291,0,1,
111834323677435,111834319591851,111834321601987,111834323677435,862,8.620000000,plus_a2,state,0,0.070000000,2002,0.072097097,2001,0.000000000,0,-0.003360000,1,-0.113000,1,0.070563116,2002,0.000000000,0,12.500,38,20301,0,1,
111834333677998,111834329592079,111834331594634,111834333677998,863,8.630000000,plus_a2,state,0,0.070000000,2002,0.072097097,2001,0.000000000,0,-0.003360000,1,-0.226000,2,0.070563116,2002,0.000000000,0,12.500,38,20311,0,1,
111834343681362,111834339595579,111834341598478,111834343681362,864,8.640000000,plus_a2,state,0,0.070000000,2002,0.072097097,2001,0.000000000,0,-0.003360000,1,-0.452000,4,0.070563116,2002,0.000000000,0,12.500,38,20321,0,1,
111834353690328,111834349590613,111834351576828,111834353690328,865,8.650000000,plus_a2,state,0,0.070000000,2002,0.070563116,2002,0.000000000,0,-0.003360000,1,-0.678000,6,0.070563116,2002,0.000000000,0,12.500,38,20331,0,1,
111834363676408,111834359592078,111834361597690,111834363676408,866,8.660000000,plus_a2,state,0,0.070000000,2002,0.072097097,2001,0.000000000,0,-0.006720000,2,-0.791000,7,0.070563116,2002,0.000000000,0,12.500,38,20341,0,1,
111834373673328,111834369591644,111834371589403,111834373673328,867,8.670000000,plus_a2,state,0,0.070000000,2002,0.072097097,2001,0.000000000,0,0.000000000,0,-0.904000,8,0.070563116,2002,0.000000000,0,12.500,38,20351,0,1,
111834383686863,111834379591603,111834381589389,111834383686863,868,8.680000000,plus_a2,state,0,0.070000000,2002,0.070563116,2002,0.000000000,0,-0.003360000,1,-0.904000,8,0.070563116,2002,0.000000000,0,12.500,38,20361,0,1,
111834393613574,111834389592104,111834391549121,111834393613574,869,8.690000000,plus_a2,state,0,0.070000000,2002,0.072097097,2001,0.000000000,0,-0.003360000,1,-0.339000,3,0.070563116,2002,0.000000000,0,12.500,38,20371,0,1,
111834403613968,111834399591696,111834401530566,111834403613968,870,8.700000000,plus_a2,state,0,0.070000000,2002,0.072097097,2001,0.000000000,0,-0.006720000,2,-0.226000,2,0.070563116,2002,0.000000000,0,12.500,38,20381,0,1,
111834413593310,111834409591743,111834411514349,111834413593310,871,8.710000000,plus_a2,state,0,0.070000000,2002,0.072097097,2001,0.000000000,0,-0.003360000,1,-0.339000,3,0.070563116,2002,0.000000000,0,12.500,38,20391,0,1,
111834423604256,111834419591681,111834421511461,111834423604256,872,8.720000000,plus_a2,state,0,0.070000000,2002,0.072097097,2001,0.000000000,0,-0.003360000,1,-0.226000,2,0.070563116,2002,0.000000000,0,12.500,38,20401,0,1,
111834433592942,111834429592397,111834431517722,111834433592942,873,8.730000000,plus_a2,state,0,0.070000000,2002,0.072097097,2001,0.000000000,0,-0.006720000,2,-0.678000,6,0.070563116,2002,0.000000000,0,12.500,38,20411,0,1,
111834443604951,111834439591792,111834441515003,111834443604951,874,8.740000000,plus_a2,state,0,0.070000000,2002,0.072097097,2001,0.000000000,0,-0.003360000,1,-0.791000,7,0.070563116,2002,0.000000000,0,12.500,38,20421,0,1,
111834453592680,111834449592238,111834451513466,111834453592680,875,8.750000000,plus_a2,state,0,0.070000000,2002,0.072097097,2001,0.000000000,0,-0.003360000,1,-0.226000,2,0.070563116,2002,0.000000000,0,12.500,38,20431,0,1,
111834463591700,111834459590769,111834461515471,111834463591700,876,8.760000000,plus_a2,state,0,0.070000000,2002,0.072097097,2001,0.000000000,0,-0.003360000,1,-0.226000,2,0.070563116,2002,0.000000000,0,12.500,38,20441,0,1,
111834473599894,111834469591445,111834471511521,111834473599894,877,8.770000000,plus_a2,state,0,0.070000000,2002,0.072097097,2001,0.000000000,0,-0.003360000,1,-0.452000,4,0.070563116,2002,0.000000000,0,12.500,38,20451,0,1,
111834483598487,111834479591144,111834481512114,111834483598487,878,8.780000000,plus_a2,state,0,0.070000000,2002,0.072097097,2001,0.000000000,0,-0.003360000,1,0.113000,-1,0.070563116,2002,0.000000000,0,12.500,38,20461,0,1,
111834493601881,111834489591837,111834491511173,111834493601881,879,8.790000000,plus_a2,state,0,0.070000000,2002,0.072097097,2001,0.000000000,0,-0.003360000,1,-0.113000,1,0.070563116,2002,0.000000000,0,12.500,38,20471,0,1,
111834503595404,111834499592794,111834501511140,111834503595404,880,8.800000000,plus_a2,state,0,0.070000000,2002,0.072097097,2001,0.000000000,0,-0.003360000,1,-0.113000,1,0.070563116,2002,0.000000000,0,12.500,38,20481,0,1,
111834513595073,111834509592000,111834511512094,111834513595073,881,8.810000000,plus_a2,state,0,0.070000000,2002,0.072097097,2001,0.000000000,0,-0.003360000,1,-0.113000,1,0.070563116,2002,0.000000000,0,12.500,38,20491,0,1,
111834523602521,111834519590815,111834521511218,111834523602521,882,8.820000000,plus_a2,state,0,0.070000000,2002,0.072097097,2001,0.000000000,0,-0.003360000,1,-0.113000,1,0.070563116,2002,0.000000000,0,12.500,38,20501,0,1,
111834533602732,111834529592156,111834531512185,111834533602732,883,8.830000000,plus_a2,state,0,0.070000000,2002,0.070563116,2002,0.000000000,0,0.000000000,0,-0.226000,2,0.070563116,2002,0.000000000,0,12.500,38,20511,0,1,
111834543598814,111834539592312,111834541510675,111834543598814,884,8.840000000,plus_a2,state,0,0.070000000,2002,0.070563116,2002,0.000000000,0,0.000000000,0,-0.226000,2,0.070563116,2002,0.000000000,0,12.500,38,20521,0,1,
111834553592976,111834549592483,111834551510806,111834553592976,885,8.850000000,plus_a2,state,0,0.070000000,2002,0.072097097,2001,0.000000000,0,-0.003360000,1,-0.226000,2,0.070563116,2002,0.000000000,0,12.500,38,20531,0,1,
111834563595014,111834559591029,111834561509758,111834563595014,886,8.860000000,plus_a2,state,0,0.070000000,2002,0.072097097,2001,0.000000000,0,-0.003360000,1,-0.226000,2,0.070563116,2002,0.000000000,0,12.500,38,20541,0,1,
111834573593692,111834569592279,111834571510393,111834573593692,887,8.870000000,plus_a2,state,0,0.070000000,2002,0.070563116,2002,0.000000000,0,-0.003360000,1,-0.452000,4,0.070563116,2002,0.000000000,0,12.500,38,20551,0,1,
111834583592558,111834579592193,111834581510847,111834583592558,888,8.880000000,plus_a2,state,0,0.070000000,2002,0.072097097,2001,0.000000000,0,-0.003360000,1,-0.226000,2,0.070563116,2002,0.000000000,0,12.500,38,20561,0,1,
111834593595671,111834589592182,111834591509594,111834593595671,889,8.890000000,plus_a2,state,0,0.070000000,2002,0.072097097,2001,0.000000000,0,-0.003360000,1,-0.113000,1,0.070563116,2002,0.000000000,0,12.500,38,20571,0,1,
111834603594138,111834599592097,111834601511203,111834603594138,890,8.900000000,plus_a2,state,0,0.070000000,2002,0.072097097,2001,0.000000000,0,-0.003360000,1,-0.226000,2,0.070563116,2002,0.000000000,0,12.500,38,20581,0,1,
111834613596745,111834609592003,111834611510350,111834613596745,891,8.910000000,plus_a2,state,0,0.070000000,2002,0.072097097,2001,0.000000000,0,-0.003360000,1,-0.339000,3,0.070563116,2002,0.000000000,0,12.500,38,20591,0,1,
111834623599647,111834619591898,111834621513627,111834623599647,892,8.920000000,plus_a2,state,0,0.070000000,2002,0.072097097,2001,0.000000000,0,-0.003360000,1,-0.452000,4,0.070563116,2002,0.000000000,0,12.500,38,20601,0,1,
111834633598705,111834629591739,111834631512380,111834633598705,893,8.930000000,plus_a2,state,0,0.070000000,2002,0.072097097,2001,0.000000000,0,-0.006720000,2,-0.678000,6,0.070563116,2002,0.000000000,0,12.500,38,20611,0,1,
111834643600362,111834639591779,111834641509618,111834643600362,894,8.940000000,plus_a2,state,0,0.070000000,2002,0.072097097,2001,0.000000000,0,-0.003360000,1,-0.678000,6,0.070563116,2002,0.000000000,0,12.500,38,20621,0,1,
111834653596906,111834649591652,111834651512549,111834653596906,895,8.950000000,plus_a2,state,0,0.070000000,2002,0.072097097,2001,0.000000000,0,-0.003360000,1,0.000000,0,0.070563116,2002,0.000000000,0,12.500,38,20631,0,1,
111834663593257,111834659591838,111834661509043,111834663593257,896,8.960000000,plus_a2,state,0,0.070000000,2002,0.070563116,2002,0.000000000,0,-0.003360000,1,-0.113000,1,0.070563116,2002,0.000000000,0,12.500,38,20641,0,1,
111834673592811,111834669590414,111834671511846,111834673592811,897,8.970000000,plus_a2,state,0,0.070000000,2002,0.072097097,2001,0.000000000,0,-0.003360000,1,-0.339000,3,0.070563116,2002,0.000000000,0,12.500,38,20651,0,1,
111834683598465,111834679592159,111834681517948,111834683598465,898,8.980000000,plus_a2,state,0,0.070000000,2002,0.072097097,2001,0.000000000,0,-0.003360000,1,-0.452000,4,0.070563116,2002,0.000000000,0,12.500,38,20661,0,1,
111834693531717,111834689590306,111834691512237,111834693531717,899,8.990000000,plus_a2,hardware_error,0,0.070000000,2002,,,,,,,,,,,,,,,,,,0
111834703597966,111834699591166,111834701509199,111834703597966,900,9.000000000,center_after_plus_a2,state,0,0.000000000,2048,0.072097097,2001,0.000000000,0,-0.003360000,1,-0.791000,7,0.000000000,2048,0.000000000,0,12.500,38,20681,0,0,
111834713596478,111834709591647,111834711509030,111834713596478,901,9.010000000,center_after_plus_a2,state,0,0.000000000,2048,0.069029135,2003,0.000000000,0,-0.379680000,113,-19.436000,172,0.000000000,2048,0.000000000,0,12.500,38,20691,0,0,
111834723598737,111834719591554,111834721517237,111834723598737,902,9.020000000,center_after_plus_a2,state,0,0.000000000,2048,0.062893212,2007,-0.023980824,1,-0.376320000,112,-25.199000,223,0.000000000,2048,0.000000000,0,12.500,38,20701,0,0,
111834733595749,111834729591702,111834731513934,111834733595749,903,9.030000000,center_after_plus_a2,state,0,0.000000000,2048,0.052155347,2014,-0.095923296,4,-0.315840000,94,-28.589000,253,0.000000000,2048,0.000000000,0,12.700,38,20711,0,0,
111834743595278,111834739591930,111834741510132,111834743595278,904,9.040000000,center_after_plus_a2,state,0,0.000000000,2048,0.038349520,2023,-0.215827415,9,-0.225120000,67,-31.640000,280,0.000000000,2048,0.000000000,0,12.700,38,20721,0,0,
111834753595571,111834749592389,111834751493452,111834753595571,905,9.050000000,center_after_plus_a2,state,0,0.000000000,2048,0.023009712,2033,-0.407674007,17,-0.131040000,39,-32.996000,292,0.000000000,2048,0.000000000,0,12.600,38,20731,1,0,
111834763598621,111834759592215,111834761497051,111834763598621,906,9.060000000,center_after_plus_a2,state,0,0.000000000,2048,0.006135923,2044,-0.599520598,25,-0.050400000,15,-32.544000,288,0.000000000,2048,0.000000000,0,12.700,38,20741,1,1,
111834773592480,111834769591004,111834771510215,111834773592480,907,9.070000000,center_after_plus_a2,state,0,0.000000000,2048,-0.010737866,2055,-0.839328837,35,-0.094080000,28,-10.622000,94,0.000000000,2048,0.000000000,0,12.500,38,20751,1,1,
111834783599121,111834779591549,111834781508756,111834783599121,908,9.080000000,center_after_plus_a2,state,0,0.000000000,2048,-0.023009712,2063,-1.055156253,44,0.023520000,-7,-1.695000,15,0.000000000,2048,0.000000000,0,12.500,38,20761,1,0,
111834793575195,111834789591883,111834791510335,111834793575195,909,9.090000000,center_after_plus_a2,state,0,0.000000000,2048,-0.029145635,2067,-1.199041196,50,0.238560000,-71,-5.650000,50,0.000000000,2048,0.000000000,0,12.600,38,20771,1,0,
111834803581132,111834799591455,111834801509811,111834803581132,910,9.100000000,center_after_plus_a2,state,0,0.000000000,2048,-0.032213597,2069,-1.223022020,51,0.191520000,-57,0.904000,-8,0.000000000,2048,0.000000000,0,12.600,38,20781,1,0,
111834813571556,111834809591539,111834811509108,111834813571556,911,9.110000000,center_after_plus_a2,state,0,0.000000000,2048,-0.032213597,2069,-1.175060372,49,0.178080000,-53,6.102000,-54,0.000000000,2048,0.000000000,0,12.600,38,20791,1,0,
111834823577722,111834819591348,111834821510976,111834823577722,912,9.120000000,center_after_plus_a2,state,0,0.000000000,2048,-0.030679616,2068,-1.031175429,43,0.137760000,-41,16.837000,-149,0.000000000,2048,0.000000000,0,12.600,38,20801,1,0,
111834833575547,111834829591328,111834831488709,111834833575547,913,9.130000000,center_after_plus_a2,state,0,0.000000000,2048,-0.026077673,2065,-0.815348013,34,0.154560000,-46,19.323000,-171,0.000000000,2048,0.000000000,0,12.600,38,20811,1,0,
111834843592705,111834839591523,111834841493252,111834843592705,914,9.140000000,center_after_plus_a2,state,0,0.000000000,2048,-0.016873789,2059,-0.527578126,22,0.114240000,-34,21.809000,-193,0.000000000,2048,0.000000000,0,12.600,38,20821,1,1,
111834853574949,111834849592288,111834851491569,111834853574949,915,9.150000000,center_after_plus_a2,state,0,0.000000000,2048,-0.006135923,2052,-0.215827415,9,0.047040000,-14,22.939000,-203,0.000000000,2048,0.000000000,0,12.600,38,20831,0,1,
111834863581902,111834859591977,111834861494127,111834863581902,916,9.160000000,center_after_plus_a2,state,0,0.000000000,2048,0.004601942,2045,0.047961648,-2,0.020160000,-6,18.645000,-165,0.000000000,2048,0.000000000,0,12.600,38,20841,0,1,
111834873580472,111834869592627,111834871492545,111834873580472,917,9.170000000,center_after_plus_a2,state,0,0.000000000,2048,0.013805827,2039,0.311750711,-13,0.057120000,-17,1.130000,-10,0.000000000,2048,0.000000000,0,12.600,38,20851,1,1,
111834883577167,111834879591756,111834881491556,111834883577167,918,9.180000000,center_after_plus_a2,state,0,0.000000000,2048,0.018407769,2036,0.503597302,-21,-0.181440000,54,0.904000,-8,0.000000000,2048,0.000000000,0,12.500,38,20861,1,0,
111834893613821,111834889590813,111834891653582,111834893613821,919,9.190000000,center_after_plus_a2,state,0,0.000000000,2048,0.021475731,2034,0.623501422,-26,-0.194880000,58,0.000000,0,0.000000000,2048,0.000000000,0,12.500,38,20872,1,0,
111834903615876,111834899670322,111834901517322,111834903615876,920,9.200000000,center_after_plus_a2,state,0,0.000000000,2048,0.021475731,2034,0.671463070,-28,-0.114240000,34,-4.294000,38,0.000000000,2048,0.000000000,0,12.500,38,20881,1,0,
111834913607106,111834909671542,111834911502167,111834913607106,921,9.210000000,center_after_plus_a2,state,0,0.000000000,2048,0.019941750,2035,0.623501422,-26,-0.110880000,33,-9.379000,83,0.000000000,2048,0.000000000,0,12.500,38,20891,1,0,
111834923613324,111834919675720,111834921498621,111834923613324,922,9.220000000,center_after_plus_a2,state,0,0.000000000,2048,0.016873789,2037,0.527578126,-22,-0.097440000,29,-13.899000,123,0.000000000,2048,0.000000000,0,12.500,38,20901,1,1,
111834933608607,111834929678970,111834931503621,111834933608607,923,9.230000000,center_after_plus_a2,state,0,0.000000000,2048,0.013805827,2039,0.359712359,-15,-0.080640000,24,-14.690000,130,0.000000000,2048,0.000000000,0,12.600,38,20911,1,1,
111834943595095,111834939670871,111834941500566,111834943595095,924,9.240000000,center_after_plus_a2,state,0,0.000000000,2048,0.007669904,2043,0.167865767,-7,-0.040320000,12,-14.916000,132,0.000000000,2048,0.000000000,0,12.600,38,20921,0,1,
111834953579830,111834949591758,111834951495470,111834953579830,925,9.250000000,center_after_plus_a2,state,0,0.000000000,2048,0.000000000,2048,0.000000000,0,-0.003360000,1,-15.481000,137,0.000000000,2048,0.000000000,0,12.600,38,20931,0,1,
111834963579675,111834959591832,111834961491158,111834963579675,926,9.260000000,center_after_plus_a2,state,0,0.000000000,2048,-0.007669904,2053,-0.143884944,6,0.013440000,-4,-4.859000,43,0.000000000,2048,0.000000000,0,12.600,38,20941,0,1,
111834973574553,111834969592172,111834971490175,111834973574553,927,9.270000000,center_after_plus_a2,state,0,0.000000000,2048,-0.012271846,2056,-0.287769887,12,0.006720000,-2,-1.243000,11,0.000000000,2048,0.000000000,0,12.600,38,20951,1,1,
111834983574146,111834979592110,111834981489897,111834983574146,928,9.280000000,center_after_plus_a2,state,0,0.000000000,2048,-0.013805827,2057,-0.383693183,16,0.094080000,-28,0.452000,-4,0.000000000,2048,0.000000000,0,12.600,38,20961,1,1,
111834993575930,111834989592262,111834991488620,111834993575930,929,9.290000000,center_after_plus_a2,state,0,0.000000000,2048,-0.013805827,2057,-0.431654831,18,0.077280000,-23,3.503000,-31,0.000000000,2048,0.000000000,0,12.600,38,20971,1,1,
111835003574732,111834999590566,111835001486986,111835003574732,930,9.300000000,center_after_plus_a2,state,0,0.000000000,2048,-0.012271846,2056,-0.431654831,18,0.073920000,-22,6.328000,-56,0.000000000,2048,0.000000000,0,12.600,38,20981,1,1,
111835013576906,111835009591084,111835011491068,111835013576906,931,9.310000000,center_after_plus_a2,state,0,0.000000000,2048,-0.010737866,2055,-0.359712359,15,0.137760000,-41,5.763000,-51,0.000000000,2048,0.000000000,0,12.500,38,20991,1,1,
111835023573570,111835019590826,111835021488222,111835023573570,932,9.320000000,center_after_plus_a2,state,0,0.000000000,2048,-0.009203885,2054,-0.263789063,11,0.057120000,-17,4.068000,-36,0.000000000,2048,0.000000000,0,12.500,38,21001,1,1,
111835033575194,111835029590559,111835031493144,111835033575194,933,9.330000000,center_after_plus_a2,state,0,0.000000000,2048,-0.007669904,2053,-0.143884944,6,0.043680000,-13,4.294000,-38,0.000000000,2048,0.000000000,0,12.500,38,21011,0,1,
111835043580577,111835039591617,111835041491581,111835043580577,934,9.340000000,center_after_plus_a2,state,0,0.000000000,2048,-0.004601942,2051,-0.047961648,2,0.030240000,-9,4.294000,-38,0.000000000,2048,0.000000000,0,12.500,38,21021,0,1,
111835053576649,111835049590508,111835051490357,111835053576649,935,9.350000000,center_after_plus_a2,state,0,0.000000000,2048,-0.003067962,2050,0.023980824,-1,0.020160000,-6,4.407000,-39,0.000000000,2048,0.000000000,0,12.500,38,21031,0,1,
111835063575912,111835059591724,111835061487562,111835063575912,936,9.360000000,center_after_plus_a2,state,0,0.000000000,2048,-0.001533981,2049,0.095923296,-4,0.010080000,-3,4.181000,-37,0.000000000,2048,0.000000000,0,12.500,38,21041,0,1,
111835073585664,111835069592470,111835071499794,111835073585664,937,9.370000000,center_after_plus_a2,state,0,0.000000000,2048,0.000000000,2048,0.119904120,-5,0.020160000,-6,0.113000,-1,0.000000000,2048,0.000000000,0,12.500,38,21051,0,1,
111835083578280,111835079591865,111835081488293,111835083578280,938,9.380000000,center_after_plus_a2,state,0,0.000000000,2048,0.001533981,2047,0.143884944,-6,0.000000000,0,0.000000,0,0.000000000,2048,0.000000000,0,12.500,38,21061,0,1,
111835093572831,111835089592855,111835091492113,111835093572831,939,9.390000000,center_after_plus_a2,state,0,0.000000000,2048,0.000000000,2048,0.143884944,-6,-0.003360000,1,-0.904000,8,0.000000000,2048,0.000000000,0,12.500,38,21071,0,1,
111835103568784,111835099592313,111835101491071,111835103568784,940,9.400000000,center_after_plus_a2,state,0,0.000000000,2048,0.001533981,2047,0.143884944,-6,-0.003360000,1,-0.113000,1,0.000000000,2048,0.000000000,0,12.500,38,21081,0,1,
111835113571294,111835109592108,111835111492128,111835113571294,941,9.410000000,center_after_plus_a2,state,0,0.000000000,2048,0.000000000,2048,0.119904120,-5,0.000000000,0,0.000000,0,0.000000000,2048,0.000000000,0,12.500,38,21091,0,1,
111835123578332,111835119591751,111835121493099,111835123578332,942,9.420000000,center_after_plus_a2,state,0,0.000000000,2048,0.000000000,2048,0.071942472,-3,-0.003360000,1,-0.226000,2,0.000000000,2048,0.000000000,0,12.500,38,21101,0,1,
111835133572079,111835129591615,111835131487954,111835133572079,943,9.430000000,center_after_plus_a2,state,0,0.000000000,2048,0.000000000,2048,0.047961648,-2,-0.003360000,1,-0.452000,4,0.000000000,2048,0.000000000,0,12.500,38,21111,0,1,
111835143577030,111835139591893,111835141491958,111835143577030,944,9.440000000,center_after_plus_a2,state,0,0.000000000,2048,0.000000000,2048,0.023980824,-1,-0.003360000,1,-0.226000,2,0.000000000,2048,0.000000000,0,12.500,38,21121,0,1,
111835153576569,111835149591572,111835151492845,111835153576569,945,9.450000000,center_after_plus_a2,state,0,0.000000000,2048,0.000000000,2048,0.023980824,-1,-0.003360000,1,-0.113000,1,0.000000000,2048,0.000000000,0,12.500,38,21131,0,1,
111835163585430,111835159593091,111835161495148,111835163585430,946,9.460000000,center_after_plus_a2,state,0,0.000000000,2048,0.000000000,2048,0.000000000,0,0.000000000,0,-0.113000,1,0.000000000,2048,0.000000000,0,12.500,38,21141,0,1,
111835173579909,111835169591844,111835171490731,111835173579909,947,9.470000000,center_after_plus_a2,state,0,0.000000000,2048,0.001533981,2047,0.000000000,0,-0.006720000,2,-0.226000,2,0.000000000,2048,0.000000000,0,12.500,38,21151,0,1,
111835183574419,111835179592192,111835181489504,111835183574419,948,9.480000000,center_after_plus_a2,state,0,0.000000000,2048,0.001533981,2047,0.000000000,0,-0.003360000,1,-0.452000,4,0.000000000,2048,0.000000000,0,12.500,38,21161,0,1,
111835193574867,111835189591997,111835191489375,111835193574867,949,9.490000000,center_after_plus_a2,state,0,0.000000000,2048,0.001533981,2047,0.000000000,0,0.000000000,0,-0.113000,1,0.000000000,2048,0.000000000,0,12.500,38,21171,0,1,
111835203567304,111835199592427,111835201492824,111835203567304,950,9.500000000,center_after_plus_a2,state,0,0.000000000,2048,0.000000000,2048,0.000000000,0,-0.003360000,1,0.000000,0,0.000000000,2048,0.000000000,0,12.500,38,21181,0,1,
111835213579253,111835209592698,111835211493820,111835213579253,951,9.510000000,center_after_plus_a2,state,0,0.000000000,2048,0.001533981,2047,0.000000000,0,0.000000000,0,-0.113000,1,0.000000000,2048,0.000000000,0,12.500,38,21191,0,1,
111835223576333,111835219592026,111835221490799,111835223576333,952,9.520000000,center_after_plus_a2,state,0,0.000000000,2048,0.000000000,2048,0.000000000,0,-0.003360000,1,-0.339000,3,0.000000000,2048,0.000000000,0,12.500,38,21201,0,1,
111835233543016,111835229592192,111835231475851,111835233543016,953,9.530000000,center_after_plus_a2,state,0,0.000000000,2048,0.001533981,2047,0.000000000,0,-0.003360000,1,-0.113000,1,0.000000000,2048,0.000000000,0,12.500,38,21211,0,1,
111835243548502,111835239592078,111835241494560,111835243548502,954,9.540000000,center_after_plus_a2,state,0,0.000000000,2048,0.000000000,2048,0.000000000,0,-0.003360000,1,-0.226000,2,0.000000000,2048,0.000000000,0,12.500,38,21221,0,1,
111835253568846,111835249592342,111835251470766,111835253568846,955,9.550000000,center_after_plus_a2,state,0,0.000000000,2048,0.000000000,2048,0.000000000,0,-0.003360000,1,0.113000,-1,0.000000000,2048,0.000000000,0,12.500,38,21231,0,1,
111835263565099,111835259591474,111835261471964,111835263565099,956,9.560000000,center_after_plus_a2,state,0,0.000000000,2048,0.001533981,2047,0.000000000,0,-0.003360000,1,-0.113000,1,0.000000000,2048,0.000000000,0,12.500,38,21241,0,1,
111835273560356,111835269590944,111835271469334,111835273560356,957,9.570000000,center_after_plus_a2,state,0,0.000000000,2048,0.000000000,2048,0.000000000,0,0.000000000,0,0.000000,0,0.000000000,2048,0.000000000,0,12.500,38,21251,0,1,
111835283548924,111835279592029,111835281471258,111835283548924,958,9.580000000,center_after_plus_a2,state,0,0.000000000,2048,0.001533981,2047,0.000000000,0,0.000000000,0,0.000000,0,0.000000000,2048,0.000000000,0,12.500,38,21261,0,1,
111835293559920,111835289592164,111835291471554,111835293559920,959,9.590000000,center_after_plus_a2,state,0,0.000000000,2048,0.001533981,2047,0.000000000,0,-0.006720000,2,-0.113000,1,0.000000000,2048,0.000000000,0,12.500,38,21271,0,1,
111835303558336,111835299591658,111835301458754,111835303558336,960,9.600000000,center_after_plus_a2,state,0,0.000000000,2048,0.001533981,2047,0.000000000,0,0.000000000,0,0.000000,0,0.000000000,2048,0.000000000,0,12.500,38,21281,0,1,
111835313556547,111835309591919,111835311461782,111835313556547,961,9.610000000,center_after_plus_a2,state,0,0.000000000,2048,0.000000000,2048,0.000000000,0,0.000000000,0,0.000000,0,0.000000000,2048,0.000000000,0,12.500,38,21291,0,1,
111835323558137,111835319591866,111835321469723,111835323558137,962,9.620000000,center_after_plus_a2,state,0,0.000000000,2048,0.001533981,2047,0.000000000,0,-0.003360000,1,-0.339000,3,0.000000000,2048,0.000000000,0,12.500,38,21301,0,1,
111835333558733,111835329592218,111835331469169,111835333558733,963,9.630000000,center_after_plus_a2,state,0,0.000000000,2048,0.000000000,2048,0.000000000,0,-0.006720000,2,-0.113000,1,0.000000000,2048,0.000000000,0,12.500,38,21311,0,1,
111835343561407,111835339596083,111835341475108,111835343561407,964,9.640000000,center_after_plus_a2,state,0,0.000000000,2048,0.001533981,2047,0.000000000,0,0.000000000,0,0.113000,-1,0.000000000,2048,0.000000000,0,12.500,38,21321,0,1,
111835353558220,111835349592533,111835351471554,111835353558220,965,9.650000000,center_after_plus_a2,state,0,0.000000000,2048,0.000000000,2048,0.000000000,0,-0.003360000,1,-0.113000,1,0.000000000,2048,0.000000000,0,12.500,38,21331,0,1,
111835363557735,111835359592245,111835361476873,111835363557735,966,9.660000000,center_after_plus_a2,state,0,0.000000000,2048,0.000000000,2048,0.000000000,0,-0.003360000,1,-0.226000,2,0.000000000,2048,0.000000000,0,12.500,38,21341,0,1,
111835373558071,111835369592127,111835371473580,111835373558071,967,9.670000000,center_after_plus_a2,state,0,0.000000000,2048,0.001533981,2047,0.000000000,0,-0.003360000,1,-0.113000,1,0.000000000,2048,0.000000000,0,12.500,38,21351,0,1,
111835383560929,111835379592027,111835381471042,111835383560929,968,9.680000000,center_after_plus_a2,state,0,0.000000000,2048,0.001533981,2047,0.000000000,0,-0.003360000,1,-0.113000,1,0.000000000,2048,0.000000000,0,12.500,38,21361,0,1,
111835393556353,111835389591931,111835391472595,111835393556353,969,9.690000000,center_after_plus_a2,state,0,0.000000000,2048,0.000000000,2048,0.000000000,0,-0.003360000,1,-0.226000,2,0.000000000,2048,0.000000000,0,12.500,38,21371,0,1,
111835403549520,111835399591476,111835401472022,111835403549520,970,9.700000000,center_after_plus_a2,state,0,0.000000000,2048,0.001533981,2047,0.000000000,0,0.000000000,0,0.113000,-1,0.000000000,2048,0.000000000,0,12.500,38,21381,0,1,
111835413550959,111835409590453,111835411467585,111835413550959,971,9.710000000,center_after_plus_a2,state,0,0.000000000,2048,0.001533981,2047,0.000000000,0,-0.003360000,1,-0.113000,1,0.000000000,2048,0.000000000,0,12.500,38,21391,0,1,
111835423550206,111835419592229,111835421468064,111835423550206,972,9.720000000,center_after_plus_a2,state,0,0.000000000,2048,0.001533981,2047,0.000000000,0,-0.003360000,1,-0.226000,2,0.000000000,2048,0.000000000,0,12.500,38,21401,0,1,
111835433550263,111835429591874,111835431469731,111835433550263,973,9.730000000,center_after_plus_a2,state,0,0.000000000,2048,0.001533981,2047,0.000000000,0,-0.003360000,1,-0.226000,2,0.000000000,2048,0.000000000,0,12.500,38,21411,0,1,
111835443554198,111835439591762,111835441468666,111835443554198,974,9.740000000,center_after_plus_a2,state,0,0.000000000,2048,0.000000000,2048,0.000000000,0,0.000000000,0,-0.565000,5,0.000000000,2048,0.000000000,0,12.500,38,21421,0,1,
111835453561501,111835449591583,111835451469504,111835453561501,975,9.750000000,center_after_plus_a2,state,0,0.000000000,2048,0.001533981,2047,0.000000000,0,-0.006720000,2,0.000000,0,0.000000000,2048,0.000000000,0,12.500,38,21431,0,1,
111835463563469,111835459591148,111835461469783,111835463563469,976,9.760000000,center_after_plus_a2,state,0,0.000000000,2048,0.000000000,2048,0.000000000,0,0.000000000,0,0.000000,0,0.000000000,2048,0.000000000,0,12.500,38,21441,0,1,
111835473555805,111835469591303,111835471470958,111835473555805,977,9.770000000,center_after_plus_a2,state,0,0.000000000,2048,0.000000000,2048,0.000000000,0,0.000000000,0,0.000000,0,0.000000000,2048,0.000000000,0,12.500,38,21451,0,1,
111835483552025,111835479591553,111835481470547,111835483552025,978,9.780000000,center_after_plus_a2,state,0,0.000000000,2048,0.000000000,2048,0.000000000,0,0.000000000,0,-0.339000,3,0.000000000,2048,0.000000000,0,12.500,38,21461,0,1,
111835493556433,111835489591808,111835491466970,111835493556433,979,9.790000000,center_after_plus_a2,state,0,0.000000000,2048,0.001533981,2047,0.000000000,0,-0.003360000,1,-0.113000,1,0.000000000,2048,0.000000000,0,12.500,38,21471,0,1,
111835503552046,111835499591516,111835501466774,111835503552046,980,9.800000000,center_after_plus_a2,state,0,0.000000000,2048,0.000000000,2048,0.000000000,0,-0.003360000,1,-0.113000,1,0.000000000,2048,0.000000000,0,12.500,38,21481,0,1,
111835513559512,111835509591408,111835511468197,111835513559512,981,9.810000000,center_after_plus_a2,state,0,0.000000000,2048,0.001533981,2047,0.000000000,0,-0.003360000,1,0.000000,0,0.000000000,2048,0.000000000,0,12.500,38,21491,0,1,
111835523553936,111835519596018,111835521474564,111835523553936,982,9.820000000,center_after_plus_a2,state,0,0.000000000,2048,0.001533981,2047,0.000000000,0,0.000000000,0,0.000000,0,0.000000000,2048,0.000000000,0,12.500,38,21501,0,1,
111835533557500,111835529593106,111835531469999,111835533557500,983,9.830000000,center_after_plus_a2,state,0,0.000000000,2048,0.001533981,2047,0.000000000,0,0.000000000,0,0.000000,0,0.000000000,2048,0.000000000,0,12.500,38,21511,0,1,
111835543546822,111835539592338,111835541469916,111835543546822,984,9.840000000,center_after_plus_a2,state,0,0.000000000,2048,0.000000000,2048,0.000000000,0,0.000000000,0,0.000000,0,0.000000000,2048,0.000000000,0,12.500,38,21521,0,1,
111835553553098,111835549592442,111835551471215,111835553553098,985,9.850000000,center_after_plus_a2,state,0,0.000000000,2048,0.000000000,2048,0.000000000,0,-0.003360000,1,-0.113000,1,0.000000000,2048,0.000000000,0,12.500,38,21531,0,1,
111835563554991,111835559591870,111835561467687,111835563554991,986,9.860000000,center_after_plus_a2,state,0,0.000000000,2048,0.001533981,2047,0.000000000,0,0.000000000,0,-0.452000,4,0.000000000,2048,0.000000000,0,12.500,38,21541,0,1,
111835573558493,111835569591698,111835571470894,111835573558493,987,9.870000000,center_after_plus_a2,state,0,0.000000000,2048,0.001533981,2047,0.000000000,0,0.000000000,0,0.000000,0,0.000000000,2048,0.000000000,0,12.500,38,21551,0,1,
111835583554274,111835579591345,111835581465571,111835583554274,988,9.880000000,center_after_plus_a2,state,0,0.000000000,2048,0.001533981,2047,0.000000000,0,-0.003360000,1,-0.339000,3,0.000000000,2048,0.000000000,0,12.500,38,21561,0,1,
111835593555859,111835589591660,111835591467940,111835593555859,989,9.890000000,center_after_plus_a2,state,0,0.000000000,2048,0.000000000,2048,0.000000000,0,-0.006720000,2,-0.339000,3,0.000000000,2048,0.000000000,0,12.500,38,21571,0,1,
111835603543916,111835599591859,111835601470246,111835603543916,990,9.900000000,center_after_plus_a2,state,0,0.000000000,2048,0.001533981,2047,0.000000000,0,-0.003360000,1,-0.339000,3,0.000000000,2048,0.000000000,0,12.500,38,21581,0,1,
111835613552502,111835609592641,111835611468857,111835613552502,991,9.910000000,center_after_plus_a2,state,0,0.000000000,2048,0.001533981,2047,0.000000000,0,-0.003360000,1,0.000000,0,0.000000000,2048,0.000000000,0,12.500,38,21591,0,1,
111835623527933,111835619590994,111835621467155,111835623527933,992,9.920000000,center_after_plus_a2,state,0,0.000000000,2048,0.000000000,2048,0.000000000,0,-0.003360000,1,0.000000,0,0.000000000,2048,0.000000000,0,12.500,38,21601,0,1,
111835633553413,111835629592060,111835631452143,111835633553413,993,9.930000000,center_after_plus_a2,state,0,0.000000000,2048,0.001533981,2047,0.000000000,0,-0.003360000,1,-0.113000,1,0.000000000,2048,0.000000000,0,12.500,38,21611,0,1,
111835643535306,111835639592005,111835641449103,111835643535306,994,9.940000000,center_after_plus_a2,state,0,0.000000000,2048,0.001533981,2047,0.000000000,0,-0.003360000,1,-0.113000,1,0.000000000,2048,0.000000000,0,12.500,38,21621,0,1,
111835653530783,111835649592152,111835651469455,111835653530783,995,9.950000000,center_after_plus_a2,state,0,0.000000000,2048,0.001533981,2047,0.000000000,0,-0.003360000,1,-0.113000,1,0.000000000,2048,0.000000000,0,12.500,38,21631,0,1,
111835663531113,111835659592239,111835661471310,111835663531113,996,9.960000000,center_after_plus_a2,state,0,0.000000000,2048,0.001533981,2047,0.000000000,0,-0.006720000,2,-0.113000,1,0.000000000,2048,0.000000000,0,12.500,38,21641,0,1,
111835673533056,111835669592256,111835671449417,111835673533056,997,9.970000000,center_after_plus_a2,state,0,0.000000000,2048,0.000000000,2048,0.000000000,0,-0.003360000,1,-0.113000,1,0.000000000,2048,0.000000000,0,12.500,38,21651,0,1,
111835683532589,111835679591823,111835681449503,111835683532589,998,9.980000000,center_after_plus_a2,state,0,0.000000000,2048,0.001533981,2047,0.000000000,0,-0.003360000,1,-0.339000,3,0.000000000,2048,0.000000000,0,12.500,38,21661,0,1,
111835693466277,111835689592114,111835691447944,111835693466277,999,9.990000000,center_after_plus_a2,hardware_error,0,0.000000000,2048,,,,,,,,,,,,,,,,,,0
111835703525563,111835699591500,111835701453011,111835703525563,1000,10.000000000,center_after_plus_a2,state,0,0.000000000,2048,0.001533981,2047,0.000000000,0,-0.003360000,1,0.000000,0,0.000000000,2048,0.000000000,0,12.500,38,21681,0,1,
111835713533558,111835709591676,111835711446292,111835713533558,1001,10.010000000,center_after_plus_a2,state,0,0.000000000,2048,0.001533981,2047,0.000000000,0,-0.006720000,2,0.000000,0,0.000000000,2048,0.000000000,0,12.500,38,21691,0,1,
111835723534221,111835719591735,111835721452620,111835723534221,1002,10.020000000,center_after_plus_a2,state,0,0.000000000,2048,0.000000000,2048,0.000000000,0,-0.003360000,1,-0.452000,4,0.000000000,2048,0.000000000,0,12.500,38,21701,0,1,
111835733533160,111835729591775,111835731444755,111835733533160,1003,10.030000000,center_after_plus_a2,state,0,0.000000000,2048,0.001533981,2047,0.000000000,0,0.000000000,0,-0.226000,2,0.000000000,2048,0.000000000,0,12.500,38,21711,0,1,
111835743532649,111835739592420,111835741448647,111835743532649,1004,10.040000000,center_after_plus_a2,state,0,0.000000000,2048,0.001533981,2047,0.000000000,0,0.000000000,0,-0.226000,2,0.000000000,2048,0.000000000,0,12.500,38,21721,0,1,
111835753524255,111835749592371,111835751449399,111835753524255,1005,10.050000000,center_after_plus_a2,state,0,0.000000000,2048,0.001533981,2047,0.000000000,0,0.000000000,0,-0.113000,1,0.000000000,2048,0.000000000,0,12.500,38,21731,0,1,
111835763528149,111835759591917,111835761449618,111835763528149,1006,10.060000000,center_after_plus_a2,state,0,0.000000000,2048,0.000000000,2048,0.000000000,0,0.000000000,0,0.000000,0,0.000000000,2048,0.000000000,0,12.500,38,21741,0,1,
111835773531136,111835769592369,111835771448549,111835773531136,1007,10.070000000,center_after_plus_a2,state,0,0.000000000,2048,0.000000000,2048,0.000000000,0,-0.003360000,1,-0.226000,2,0.000000000,2048,0.000000000,0,12.500,38,21751,0,1,
111835783532467,111835779592222,111835781446280,111835783532467,1008,10.080000000,center_after_plus_a2,state,0,0.000000000,2048,0.000000000,2048,0.000000000,0,-0.003360000,1,-0.113000,1,0.000000000,2048,0.000000000,0,12.500,38,21761,0,1,
111835793536938,111835789591900,111835791452047,111835793536938,1009,10.090000000,center_after_plus_a2,state,0,0.000000000,2048,0.001533981,2047,0.000000000,0,-0.003360000,1,-0.113000,1,0.000000000,2048,0.000000000,0,12.500,38,21771,0,1,
111835803530745,111835799591806,111835801451972,111835803530745,1010,10.100000000,center_after_plus_a2,state,0,0.000000000,2048,0.000000000,2048,0.000000000,0,-0.003360000,1,-0.113000,1,0.000000000,2048,0.000000000,0,12.500,38,21781,0,1,
111835813536820,111835809591637,111835811451635,111835813536820,1011,10.110000000,center_after_plus_a2,state,0,0.000000000,2048,0.000000000,2048,0.000000000,0,-0.003360000,1,-0.113000,1,0.000000000,2048,0.000000000,0,12.500,38,21791,0,1,
111835823531176,111835819591617,111835821446161,111835823531176,1012,10.120000000,center_after_plus_a2,state,0,0.000000000,2048,0.001533981,2047,0.000000000,0,-0.003360000,1,-0.565000,5,0.000000000,2048,0.000000000,0,12.500,38,21801,0,1,
111835833533856,111835829591873,111835831450526,111835833533856,1013,10.130000000,center_after_plus_a2,state,0,0.000000000,2048,0.000000000,2048,0.000000000,0,-0.006720000,2,-0.113000,1,0.000000000,2048,0.000000000,0,12.500,38,21811,0,1,
111835843531506,111835839590570,111835841450079,111835843531506,1014,10.140000000,center_after_plus_a2,state,0,0.000000000,2048,0.000000000,2048,0.000000000,0,-0.003360000,1,0.113000,-1,0.000000000,2048,0.000000000,0,12.500,38,21821,0,1,
111835853526828,111835849591949,111835851445333,111835853526828,1015,10.150000000,center_after_plus_a2,state,0,0.000000000,2048,0.001533981,2047,0.000000000,0,0.000000000,0,-0.113000,1,0.000000000,2048,0.000000000,0,12.500,38,21831,0,1,
111835863529276,111835859592073,111835861447479,111835863529276,1016,10.160000000,center_after_plus_a2,state,0,0.000000000,2048,0.000000000,2048,0.000000000,0,-0.003360000,1,0.000000,0,0.000000000,2048,0.000000000,0,12.500,38,21841,0,1,
111835873533489,111835869592125,111835871452588,111835873533489,1017,10.170000000,center_after_plus_a2,state,0,0.000000000,2048,0.001533981,2047,0.000000000,0,-0.003360000,1,-0.113000,1,0.000000000,2048,0.000000000,0,12.500,38,21851,0,1,
111835883531721,111835879591981,111835881450930,111835883531721,1018,10.180000000,center_after_plus_a2,state,0,0.000000000,2048,0.001533981,2047,0.000000000,0,-0.003360000,1,-0.339000,3,0.000000000,2048,0.000000000,0,12.500,38,21861,0,1,
111835893535162,111835889592045,111835891449521,111835893535162,1019,10.190000000,center_after_plus_a2,state,0,0.000000000,2048,0.000000000,2048,0.000000000,0,-0.003360000,1,-0.113000,1,0.000000000,2048,0.000000000,0,12.500,38,21871,0,1,
111835903752177,111835899591740,111835901446202,111835903752177,1020,10.200000000,center_after_plus_a2,state,0,0.000000000,2048,0.000000000,2048,0.000000000,0,-0.003360000,1,-0.226000,2,0.000000000,2048,0.000000000,0,12.500,38,21881,0,1,
111835913572675,111835909675396,111835911463129,111835913572675,1021,10.210000000,center_after_plus_a2,state,0,0.000000000,2048,0.001533981,2047,0.000000000,0,0.000000000,0,0.000000,0,0.000000000,2048,0.000000000,0,12.500,38,21891,0,1,
111835923569014,111835919676294,111835921457606,111835923569014,1022,10.220000000,center_after_plus_a2,state,0,0.000000000,2048,0.000000000,2048,0.000000000,0,-0.003360000,1,-0.113000,1,0.000000000,2048,0.000000000,0,12.500,38,21901,0,1,
111835933602582,111835929677515,111835931467802,111835933602582,1023,10.230000000,center_after_plus_a2,state,0,0.000000000,2048,0.000000000,2048,0.000000000,0,-0.003360000,1,0.000000,0,0.000000000,2048,0.000000000,0,12.500,38,21911,0,1,
111835943554284,111835939669133,111835941456445,111835943554284,1024,10.240000000,center_after_plus_a2,state,0,0.000000000,2048,0.000000000,2048,0.000000000,0,0.000000000,0,-0.113000,1,0.000000000,2048,0.000000000,0,12.500,38,21921,0,1,
111835953558850,111835949604406,111835951459201,111835953558850,1025,10.250000000,center_after_plus_a2,state,0,0.000000000,2048,0.000000000,2048,0.000000000,0,-0.003360000,1,-0.226000,2,0.000000000,2048,0.000000000,0,12.500,38,21931,0,1,
111835963568747,111835959670946,111835961459779,111835963568747,1026,10.260000000,center_after_plus_a2,state,0,0.000000000,2048,0.001533981,2047,0.000000000,0,-0.003360000,1,-0.226000,2,0.000000000,2048,0.000000000,0,12.500,38,21941,0,1,
111835973573957,111835969675171,111835971455755,111835973573957,1027,10.270000000,center_after_plus_a2,state,0,0.000000000,2048,0.001533981,2047,0.000000000,0,-0.003360000,1,-0.226000,2,0.000000000,2048,0.000000000,0,12.500,38,21951,0,1,
111835983571481,111835979675446,111835981460085,111835983571481,1028,10.280000000,center_after_plus_a2,state,0,0.000000000,2048,0.001533981,2047,0.000000000,0,-0.003360000,1,-0.226000,2,0.000000000,2048,0.000000000,0,12.500,38,21961,0,1,
111835993554535,111835989616603,111835991455581,111835993554535,1029,10.290000000,center_after_plus_a2,state,0,0.000000000,2048,0.001533981,2047,0.000000000,0,0.000000000,0,0.000000,0,0.000000000,2048,0.000000000,0,12.500,38,21971,0,1,
111836003570383,111835999604344,111836001461429,111836003570383,1030,10.300000000,center_after_plus_a2,state,0,0.000000000,2048,0.001533981,2047,0.000000000,0,0.000000000,0,-0.113000,1,0.000000000,2048,0.000000000,0,12.500,38,21981,0,1,
111836013572171,111836009676512,111836011458984,111836013572171,1031,10.310000000,center_after_plus_a2,state,0,0.000000000,2048,0.000000000,2048,0.000000000,0,-0.003360000,1,0.113000,-1,0.000000000,2048,0.000000000,0,12.500,38,21991,0,1,
111836023570106,111836019676004,111836021459956,111836023570106,1032,10.320000000,center_after_plus_a2,state,0,0.000000000,2048,0.001533981,2047,0.000000000,0,0.000000000,0,0.000000,0,0.000000000,2048,0.000000000,0,12.500,38,22001,0,1,
111836033556164,111836029678786,111836031468270,111836033556164,1033,10.330000000,center_after_plus_a2,state,0,0.000000000,2048,0.000000000,2048,0.000000000,0,-0.003360000,1,0.000000,0,0.000000000,2048,0.000000000,0,12.500,38,22011,0,1,
111836043537768,111836039678254,111836041475859,111836043537768,1034,10.340000000,center_after_plus_a2,state,0,0.000000000,2048,0.001533981,2047,0.000000000,0,-0.003360000,1,-0.226000,2,0.000000000,2048,0.000000000,0,12.500,38,22021,0,1,
111836053544362,111836049604207,111836051441108,111836053544362,1035,10.350000000,center_after_plus_a2,state,0,0.000000000,2048,0.001533981,2047,0.000000000,0,-0.003360000,1,-0.565000,5,0.000000000,2048,0.000000000,0,12.500,38,22031,0,1,
111836063547339,111836059676592,111836061455623,111836063547339,1036,10.360000000,center_after_plus_a2,state,0,0.000000000,2048,0.001533981,2047,0.000000000,0,-0.003360000,1,-0.226000,2,0.000000000,2048,0.000000000,0,12.500,38,22041,0,1,
111836073537137,111836069668410,111836071473114,111836073537137,1037,10.370000000,center_after_plus_a2,state,0,0.000000000,2048,0.001533981,2047,0.000000000,0,-0.003360000,1,-0.113000,1,0.000000000,2048,0.000000000,0,12.500,38,22051,0,1,
111836083536095,111836079670045,111836081438307,111836083536095,1038,10.380000000,center_after_plus_a2,state,0,0.000000000,2048,0.000000000,2048,0.000000000,0,-0.003360000,1,-0.113000,1,0.000000000,2048,0.000000000,0,12.500,38,22061,0,1,
111836093537290,111836089616098,111836091455210,111836093537290,1039,10.390000000,center_after_plus_a2,state,0,0.000000000,2048,0.001533981,2047,0.000000000,0,0.000000000,0,0.000000,0,0.000000000,2048,0.000000000,0,12.500,38,22071,0,1,
111836103552264,111836099675726,111836101456779,111836103552264,1040,10.400000000,center_after_plus_a2,state,0,0.000000000,2048,0.001533981,2047,0.000000000,0,-0.003360000,1,-0.678000,6,0.000000000,2048,0.000000000,0,12.500,38,22081,0,1,
111836113519874,111836109599018,111836111437514,111836113519874,1041,10.410000000,center_after_plus_a2,state,0,0.000000000,2048,0.001533981,2047,0.000000000,0,-0.003360000,1,0.000000,0,0.000000000,2048,0.000000000,0,12.500,38,22091,0,1,
111836123505358,111836119593847,111836121424848,111836123505358,1042,10.420000000,center_after_plus_a2,state,0,0.000000000,2048,0.001533981,2047,0.000000000,0,0.000000000,0,0.000000,0,0.000000000,2048,0.000000000,0,12.500,38,22101,0,1,
111836133513173,111836129593120,111836131468745,111836133513173,1043,10.430000000,center_after_plus_a2,state,0,0.000000000,2048,0.000000000,2048,0.000000000,0,0.000000000,0,0.000000,0,0.000000000,2048,0.000000000,0,12.500,38,22111,0,1,
111836143532228,111836139615509,111836141435066,111836143532228,1044,10.440000000,center_after_plus_a2,state,0,0.000000000,2048,0.001533981,2047,0.000000000,0,0.000000000,0,-0.113000,1,0.000000000,2048,0.000000000,0,12.500,38,22121,0,1,
111836153525281,111836149595034,111836151426373,111836153525281,1045,10.450000000,center_after_plus_a2,state,0,0.000000000,2048,0.001533981,2047,0.000000000,0,-0.003360000,1,-0.339000,3,0.000000000,2048,0.000000000,0,12.500,38,22131,0,1,
111836163508064,111836159591334,111836161422072,111836163508064,1046,10.460000000,center_after_plus_a2,state,0,0.000000000,2048,0.000000000,2048,0.000000000,0,-0.003360000,1,-0.339000,3,0.000000000,2048,0.000000000,0,12.500,38,22141,0,1,
111836173509728,111836169593237,111836171421108,111836173509728,1047,10.470000000,center_after_plus_a2,state,0,0.000000000,2048,0.001533981,2047,0.000000000,0,-0.003360000,1,0.000000,0,0.000000000,2048,0.000000000,0,12.500,38,22151,0,1,
111836183506733,111836179592299,111836181423237,111836183506733,1048,10.480000000,center_after_plus_a2,state,0,0.000000000,2048,0.000000000,2048,0.000000000,0,-0.003360000,1,0.113000,-1,0.000000000,2048,0.000000000,0,12.500,38,22161,0,1,
111836193504527,111836189598017,111836191423002,111836193504527,1049,10.490000000,center_after_plus_a2,state,0,0.000000000,2048,0.001533981,2047,0.000000000,0,0.000000000,0,-0.113000,1,0.000000000,2048,0.000000000,0,12.500,38,22171,0,1,
111836203541762,111836199666440,111836201436108,111836203541762,1050,10.500000000,minus_a2,state,0,-0.070000000,2094,0.001533981,2047,0.000000000,0,-0.003360000,1,0.000000,0,-0.070563116,2094,0.000000000,0,12.500,38,22181,0,0,
111836213531601,111836209670634,111836211439550,111836213531601,1051,10.510000000,minus_a2,state,0,-0.070000000,2094,0.000000000,2048,0.000000000,0,-0.379680000,113,-19.210000,170,-0.070563116,2094,0.000000000,0,12.400,38,22191,0,0,
111836223591186,111836219673946,111836221437470,111836223591186,1052,10.520000000,minus_a2,state,0,-0.070000000,2094,-0.007669904,2053,-0.023980824,1,-0.376320000,112,-25.199000,223,-0.070563116,2094,0.000000000,0,12.500,38,22201,0,0,
111836233529747,111836229594618,111836231435362,111836233529747,1053,10.530000000,minus_a2,state,0,-0.070000000,2094,-0.019941750,2061,-0.095923296,4,-0.312480000,93,-27.911000,247,-0.070563116,2094,0.000000000,0,12.500,38,22211,0,0,
111836243520821,111836239592012,111836241428186,111836243520821,1054,10.540000000,minus_a2,state,0,-0.070000000,2094,-0.033747577,2070,-0.215827415,9,-0.255360000,76,-31.188000,276,-0.070563116,2094,0.000000000,0,12.500,38,22221,0,0,
111836253512056,111836249592326,111836251427566,111836253512056,1055,10.550000000,minus_a2,state,0,-0.070000000,2094,-0.049087385,2080,-0.407674007,17,-0.161280000,48,-32.657000,289,-0.070563116,2094,0.000000000,0,12.600,38,22231,1,0,
111836263511655,111836259592048,111836261429747,111836263511655,1056,10.560000000,minus_a2,state,0,-0.070000000,2094,-0.065961174,2091,-0.599520598,25,-0.033600000,10,-32.657000,289,-0.070563116,2094,0.000000000,0,12.600,38,22241,1,1,
111836273516934,111836269591465,111836271428194,111836273516934,1057,10.570000000,minus_a2,state,0,-0.070000000,2094,-0.082834963,2102,-0.839328837,35,-0.117600000,35,-6.441000,57,-0.070563116,2094,0.000000000,0,12.500,38,22251,1,1,
111836283514835,111836279592662,111836281436309,111836283514835,1058,10.580000000,minus_a2,state,0,-0.070000000,2094,-0.092038847,2108,-1.055156253,44,0.299040000,-89,-9.944000,88,-0.070563116,2094,0.000000000,0,12.600,38,22261,1,0,
111836293514604,111836289592188,111836291427738,111836293514604,1059,10.590000000,minus_a2,state,0,-0.070000000,2094,-0.099708751,2113,-1.199041196,50,0.114240000,-34,-2.373000,21,-0.070563116,2094,0.000000000,0,12.600,38,22271,1,0,
111836303520915,111836299591246,111836301426316,111836303520915,1060,10.600000000,minus_a2,state,0,-0.070000000,2094,-0.101242732,2114,-1.223022020,51,0.211680000,-63,0.000000,0,-0.070563116,2094,0.000000000,0,12.600,38,22281,1,0,
111836313520827,111836309591857,111836311429293,111836313520827,1061,10.610000000,minus_a2,state,0,-0.070000000,2094,-0.102776713,2115,-1.151079548,48,0.188160000,-56,6.441000,-57,-0.070563116,2094,0.000000000,0,12.600,38,22291,1,0,
111836323516960,111836319591675,111836321431915,111836323516960,1062,10.620000000,minus_a2,state,0,-0.070000000,2094,-0.099708751,2113,-1.007194605,42,0.178080000,-53,16.385000,-145,-0.070563116,2094,0.000000000,0,12.600,38,22301,1,0,
111836333512245,111836329592074,111836331424180,111836333512245,1063,10.630000000,minus_a2,state,0,-0.070000000,2094,-0.093572828,2109,-0.791367189,33,0.127680000,-38,20.001000,-177,-0.070563116,2094,0.000000000,0,12.600,38,22311,1,0,
111836343513477,111836339596376,111836341430355,111836343513477,1064,10.640000000,minus_a2,state,0,-0.070000000,2094,-0.085902924,2104,-0.503597302,21,0.097440000,-29,21.583000,-191,-0.070563116,2094,0.000000000,0,12.500,38,22321,1,1,
111836353508842,111836349591498,111836351432821,111836353508842,1065,10.650000000,minus_a2,state,0,-0.070000000,2094,-0.075165059,2097,-0.191846591,8,0.030240000,-9,22.487000,-199,-0.070563116,2094,0.000000000,0,12.600,38,22331,0,1,
111836363525581,111836359591800,111836361426159,111836363525581,1066,10.660000000,minus_a2,state,0,-0.070000000,2094,-0.065961174,2091,0.071942472,-3,0.016800000,-5,18.306000,-162,-0.070563116,2094,0.000000000,0,12.500,38,22341,0,1,
111836373514935,111836369591725,111836371428816,111836373514935,1067,10.670000000,minus_a2,state,0,-0.070000000,2094,-0.056757289,2085,0.311750711,-13,0.063840000,-19,0.226000,-2,-0.070563116,2094,0.000000000,0,12.600,38,22351,1,1,
111836383513698,111836379591602,111836381429857,111836383513698,1068,10.680000000,minus_a2,state,0,-0.070000000,2094,-0.050621366,2081,0.503597302,-21,-0.191520000,57,4.972000,-44,-0.070563116,2094,0.000000000,0,12.600,38,22361,1,0,
111836393519382,111836389591444,111836391429120,111836393519382,1069,10.690000000,minus_a2,state,0,-0.070000000,2094,-0.049087385,2080,0.623501422,-26,-0.144480000,43,-0.226000,2,-0.070563116,2094,0.000000000,0,12.600,38,22371,1,0,
111836403517933,111836399591420,111836401427826,111836403517933,1070,10.700000000,minus_a2,state,0,-0.070000000,2094,-0.047553404,2079,0.671463070,-28,-0.120960000,36,-3.390000,30,-0.070563116,2094,0.000000000,0,12.600,38,22381,1,0,
111836413517157,111836409591102,111836411428548,111836413517157,1071,10.710000000,minus_a2,state,0,-0.070000000,2094,-0.049087385,2080,0.623501422,-26,-0.120960000,36,-9.379000,83,-0.070563116,2094,0.000000000,0,12.600,38,22391,1,0,
111836423517498,111836419591637,111836421427389,111836423517498,1072,10.720000000,minus_a2,state,0,-0.070000000,2094,-0.052155347,2082,0.527578126,-22,-0.114240000,34,-13.899000,123,-0.070563116,2094,0.000000000,0,12.600,38,22401,1,0,
111836433512791,111836429592113,111836431428425,111836433512791,1073,10.730000000,minus_a2,state,0,-0.070000000,2094,-0.056757289,2085,0.359712359,-15,-0.087360000,26,-14.690000,130,-0.070563116,2094,0.000000000,0,12.600,38,22411,1,1,
111836443495605,111836439591758,111836441427367,111836443495605,1074,10.740000000,minus_a2,state,0,-0.070000000,2094,-0.062893212,2089,0.191846591,-8,-0.047040000,14,-15.142000,134,-0.070563116,2094,0.000000000,0,12.500,38,22421,0,1,
111836453508781,111836449590378,111836451414635,111836453508781,1075,10.750000000,minus_a2,state,0,-0.070000000,2094,-0.070563116,2094,0.000000000,0,-0.010080000,3,-16.159000,143,-0.070563116,2094,0.000000000,0,12.500,38,22431,0,1,
111836463491940,111836459592370,111836461427225,111836463491940,1076,10.760000000,minus_a2,state,0,-0.070000000,2094,-0.076699039,2098,-0.143884944,6,0.120960000,-36,-9.492000,84,-0.070563116,2094,0.000000000,0,12.600,38,22441,0,1,
111836473494201,111836469592292,111836471429227,111836473494201,1077,10.770000000,minus_a2,state,0,-0.070000000,2094,-0.082834963,2102,-0.311750711,13,0.000000000,0,-3.503000,31,-0.070563116,2094,0.000000000,0,12.500,38,22451,1,1,
111836483496178,111836479591712,111836481426995,111836483496178,1078,10.780000000,minus_a2,state,0,-0.070000000,2094,-0.084368943,2103,-0.407674007,17,0.053760000,-16,0.226000,-2,-0.070563116,2094,0.000000000,0,12.500,38,22461,1,1,
111836493494627,111836489592630,111836491429111,111836493494627,1079,10.790000000,minus_a2,state,0,-0.070000000,2094,-0.085902924,2104,-0.455635655,19,0.080640000,-24,3.277000,-29,-0.070563116,2094,0.000000000,0,12.500,38,22471,1,1,
111836503505094,111836499595026,111836501412143,111836503505094,1080,10.800000000,minus_a2,state,0,-0.070000000,2094,-0.084368943,2103,-0.431654831,18,0.063840000,-19,6.102000,-54,-0.070563116,2094,0.000000000,0,12.500,38,22481,1,1,
111836513492200,111836509592423,111836511411388,111836513492200,1081,10.810000000,minus_a2,state,0,-0.070000000,2094,-0.082834963,2102,-0.383693183,16,0.080640000,-24,7.571000,-67,-0.070563116,2094,0.000000000,0,12.500,38,22491,1,1,
111836523498301,111836519592264,111836521409433,111836523498301,1082,10.820000000,minus_a2,state,0,-0.070000000,2094,-0.081300982,2101,-0.287769887,12,0.057120000,-17,4.181000,-37,-0.070563116,2094,0.000000000,0,12.500,38,22501,1,1,
111836533492091,111836529592250,111836531402591,111836533492091,1083,10.830000000,minus_a2,state,0,-0.070000000,2094,-0.078233020,2099,-0.167865767,7,0.047040000,-14,4.294000,-38,-0.070563116,2094,0.000000000,0,12.500,38,22511,0,1,
111836543493333,111836539592417,111836541406616,111836543493333,1084,10.840000000,minus_a2,state,0,-0.070000000,2094,-0.075165059,2097,-0.047961648,2,0.040320000,-12,4.294000,-38,-0.070563116,2094,0.000000000,0,12.500,38,22521,0,1,
111836553513496,111836549590833,111836551409990,111836553513496,1085,10.850000000,minus_a2,state,0,-0.070000000,2094,-0.073631078,2096,0.023980824,-1,0.026880000,-8,4.294000,-38,-0.070563116,2094,0.000000000,0,12.500,38,22531,0,1,
111836563498149,111836559591419,111836561407711,111836563498149,1086,10.860000000,minus_a2,state,0,-0.070000000,2094,-0.072097097,2095,0.071942472,-3,0.013440000,-4,4.181000,-37,-0.070563116,2094,0.000000000,0,12.500,38,22541,0,1,
111836573494274,111836569591725,111836571426718,111836573494274,1087,10.870000000,minus_a2,state,0,-0.070000000,2094,-0.070563116,2094,0.119904120,-5,0.003360000,-1,3.955000,-35,-0.070563116,2094,0.000000000,0,12.500,38,22551,0,1,
111836583497461,111836579591425,111836581414304,111836583497461,1088,10.880000000,minus_a2,state,0,-0.070000000,2094,-0.070563116,2094,0.143884944,-6,0.006720000,-2,0.113000,-1,-0.070563116,2094,0.000000000,0,12.500,38,22561,0,1,
111836593510097,111836589591564,111836591407328,111836593510097,1089,10.890000000,minus_a2,state,0,-0.070000000,2094,-0.069029135,2093,0.143884944,-6,0.000000000,0,-0.226000,2,-0.070563116,2094,0.000000000,0,12.500,38,22571,0,1,
111836603513554,111836599591513,111836601408984,111836603513554,1090,10.900000000,minus_a2,state,0,-0.070000000,2094,-0.070563116,2094,0.143884944,-6,0.000000000,0,-0.226000,2,-0.070563116,2094,0.000000000,0,12.500,38,22581,0,1,
111836613486660,111836609591419,111836611409396,111836613486660,1091,10.910000000,minus_a2,state,0,-0.070000000,2094,-0.069029135,2093,0.119904120,-5,-0.003360000,1,-0.339000,3,-0.070563116,2094,0.000000000,0,12.500,38,22591,0,1,
111836623492547,111836619591611,111836621409739,111836623492547,1092,10.920000000,minus_a2,state,0,-0.070000000,2094,-0.069029135,2093,0.095923296,-4,0.000000000,0,0.113000,-1,-0.070563116,2094,0.000000000,0,12.500,38,22601,0,1,
111836633491801,111836629591674,111836631410455,111836633491801,1093,10.930000000,minus_a2,state,0,-0.070000000,2094,-0.069029135,2093,0.071942472,-3,-0.003360000,1,0.000000,0,-0.070563116,2094,0.000000000,0,12.500,38,22611,0,1,
111836643518893,111836639591930,111836641409622,111836643518893,1094,10.940000000,minus_a2,state,0,-0.070000000,2094,-0.070563116,2094,0.047961648,-2,-0.003360000,1,-0.113000,1,-0.070563116,2094,0.000000000,0,12.500,38,22621,0,1,
111836653491549,111836649591750,111836651406171,111836653491549,1095,10.950000000,minus_a2,state,0,-0.070000000,2094,-0.069029135,2093,0.023980824,-1,-0.003360000,1,-0.226000,2,-0.070563116,2094,0.000000000,0,12.500,38,22631,0,1,
111836663491203,111836659591907,111836661429929,111836663491203,1096,10.960000000,minus_a2,state,0,-0.070000000,2094,-0.070563116,2094,0.000000000,0,-0.006720000,2,0.000000,0,-0.070563116,2094,0.000000000,0,12.500,38,22641,0,1,
111836673495857,111836669591104,111836671405411,111836673495857,1097,10.970000000,minus_a2,state,0,-0.070000000,2094,-0.069029135,2093,0.000000000,0,-0.003360000,1,-0.113000,1,-0.070563116,2094,0.000000000,0,12.500,38,22651,0,1,
111836683507502,111836679591887,111836681406606,111836683507502,1098,10.980000000,minus_a2,state,0,-0.070000000,2094,-0.069029135,2093,0.000000000,0,-0.003360000,1,-0.452000,4,-0.070563116,2094,0.000000000,0,12.500,38,22661,0,1,
111836693418531,111836689591588,111836691424302,111836693418531,1099,10.990000000,minus_a2,hardware_error,0,-0.070000000,2094,,,,,,,,,,,,,,,,,,0
111836703485987,111836699591438,111836701401255,111836703485987,1100,11.000000000,minus_a2,state,0,-0.070000000,2094,-0.070563116,2094,0.000000000,0,-0.003360000,1,-0.113000,1,-0.070563116,2094,0.000000000,0,12.500,38,22681,0,1,
111836713492579,111836709591319,111836711410466,111836713492579,1101,11.010000000,minus_a2,state,0,-0.070000000,2094,-0.069029135,2093,0.000000000,0,0.000000000,0,0.000000,0,-0.070563116,2094,0.000000000,0,12.500,38,22691,0,1,
111836723488430,111836719591236,111836721407642,111836723488430,1102,11.020000000,minus_a2,state,0,-0.070000000,2094,-0.069029135,2093,0.000000000,0,-0.003360000,1,-0.226000,2,-0.070563116,2094,0.000000000,0,12.500,38,22701,0,1,
111836733494439,111836729591412,111836731417937,111836733494439,1103,11.030000000,minus_a2,state,0,-0.070000000,2094,-0.069029135,2093,0.000000000,0,-0.003360000,1,-0.113000,1,-0.070563116,2094,0.000000000,0,12.500,38,22711,0,1,
111836743491932,111836739591760,111836741425728,111836743491932,1104,11.040000000,minus_a2,state,0,-0.070000000,2094,-0.069029135,2093,0.000000000,0,-0.003360000,1,-0.339000,3,-0.070563116,2094,0.000000000,0,12.500,38,22721,0,1,
111836753513309,111836749591823,111836751407025,111836753513309,1105,11.050000000,minus_a2,state,0,-0.070000000,2094,-0.069029135,2093,0.000000000,0,-0.003360000,1,-0.113000,1,-0.070563116,2094,0.000000000,0,12.500,38,22731,0,1,
111836763492824,111836759591705,111836761408365,111836763492824,1106,11.060000000,minus_a2,state,0,-0.070000000,2094,-0.069029135,2093,0.000000000,0,-0.003360000,1,-0.113000,1,-0.070563116,2094,0.000000000,0,12.500,38,22741,0,1,
111836773492832,111836769591595,111836771425635,111836773492832,1107,11.070000000,minus_a2,state,0,-0.070000000,2094,-0.070563116,2094,0.000000000,0,-0.003360000,1,-0.226000,2,-0.070563116,2094,0.000000000,0,12.500,38,22751,0,1,
111836783485630,111836779590988,111836781408286,111836783485630,1108,11.080000000,minus_a2,state,0,-0.070000000,2094,-0.069029135,2093,0.000000000,0,-0.003360000,1,-0.113000,1,-0.070563116,2094,0.000000000,0,12.500,38,22761,0,1,
111836793512385,111836789592442,111836791405749,111836793512385,1109,11.090000000,minus_a2,state,0,-0.070000000,2094,-0.069029135,2093,0.000000000,0,-0.003360000,1,-0.226000,2,-0.070563116,2094,0.000000000,0,12.500,38,22771,0,1,
111836803516843,111836799591721,111836801406395,111836803516843,1110,11.100000000,minus_a2,state,0,-0.070000000,2094,-0.070563116,2094,0.000000000,0,0.000000000,0,0.113000,-1,-0.070563116,2094,0.000000000,0,12.500,38,22781,0,1,
111836813486854,111836809591802,111836811406470,111836813486854,1111,11.110000000,minus_a2,state,0,-0.070000000,2094,-0.069029135,2093,0.000000000,0,-0.003360000,1,0.000000,0,-0.070563116,2094,0.000000000,0,12.500,38,22791,0,1,
111836823494972,111836819591384,111836821407900,111836823494972,1112,11.120000000,minus_a2,state,0,-0.070000000,2094,-0.069029135,2093,0.000000000,0,0.000000000,0,-0.113000,1,-0.070563116,2094,0.000000000,0,12.500,38,22801,0,1,
111836833484751,111836829592121,111836831406135,111836833484751,1113,11.130000000,minus_a2,state,0,-0.070000000,2094,-0.069029135,2093,0.000000000,0,-0.003360000,1,-0.113000,1,-0.070563116,2094,0.000000000,0,12.500,38,22811,0,1,
111836843478105,111836839591455,111836841403976,111836843478105,1114,11.140000000,minus_a2,state,0,-0.070000000,2094,-0.069029135,2093,0.000000000,0,-0.003360000,1,-0.113000,1,-0.070563116,2094,0.000000000,0,12.500,38,22821,0,1,
111836853494736,111836849592277,111836851409946,111836853494736,1115,11.150000000,minus_a2,state,0,-0.070000000,2094,-0.069029135,2093,0.000000000,0,-0.003360000,1,-0.339000,3,-0.070563116,2094,0.000000000,0,12.500,38,22831,0,1,
111836863491921,111836859592236,111836861405418,111836863491921,1116,11.160000000,minus_a2,state,0,-0.070000000,2094,-0.070563116,2094,0.000000000,0,-0.006720000,2,0.000000,0,-0.070563116,2094,0.000000000,0,12.500,38,22841,0,1,
111836873467889,111836869591913,111836871390822,111836873467889,1117,11.170000000,minus_a2,state,0,-0.070000000,2094,-0.069029135,2093,0.000000000,0,-0.003360000,1,-0.226000,2,-0.070563116,2094,0.000000000,0,12.500,38,22851,0,1,
111836883490654,111836879591760,111836881405778,111836883490654,1118,11.180000000,minus_a2,state,0,-0.070000000,2094,-0.069029135,2093,0.000000000,0,-0.003360000,1,-0.113000,1,-0.070563116,2094,0.000000000,0,12.500,38,22861,0,1,
111836893487355,111836889590623,111836891402843,111836893487355,1119,11.190000000,minus_a2,state,0,-0.070000000,2094,-0.069029135,2093,0.000000000,0,0.000000000,0,-0.678000,6,-0.070563116,2094,0.000000000,0,12.500,38,22871,0,1,
111836903460316,111836899591645,111836901386479,111836903460316,1120,11.200000000,minus_a2,state,0,-0.070000000,2094,-0.069029135,2093,0.000000000,0,-0.003360000,1,-0.452000,4,-0.070563116,2094,0.000000000,0,12.500,38,22881,0,1,
111836913461904,111836909591707,111836911412518,111836913461904,1121,11.210000000,minus_a2,state,0,-0.070000000,2094,-0.070563116,2094,0.000000000,0,-0.003360000,1,-0.339000,3,-0.070563116,2094,0.000000000,0,12.500,38,22891,0,1,
111836923471991,111836919591094,111836921386470,111836923471991,1122,11.220000000,minus_a2,state,0,-0.070000000,2094,-0.070563116,2094,0.000000000,0,-0.003360000,1,-0.113000,1,-0.070563116,2094,0.000000000,0,12.500,38,22901,0,1,
111836933473533,111836929591505,111836931387147,111836933473533,1123,11.230000000,minus_a2,state,0,-0.070000000,2094,-0.070563116,2094,0.000000000,0,-0.003360000,1,-0.113000,1,-0.070563116,2094,0.000000000,0,12.500,38,22911,0,1,
111836943473166,111836939591470,111836941388546,111836943473166,1124,11.240000000,minus_a2,state,0,-0.070000000,2094,-0.069029135,2093,0.000000000,0,0.000000000,0,0.000000,0,-0.070563116,2094,0.000000000,0,12.500,38,22921,0,1,
111836953480009,111836949591482,111836951389067,111836953480009,1125,11.250000000,minus_a2,state,0,-0.070000000,2094,-0.070563116,2094,0.000000000,0,0.000000000,0,-0.113000,1,-0.070563116,2094,0.000000000,0,12.500,38,22931,0,1,
111836963473195,111836959591795,111836961386692,111836963473195,1126,11.260000000,minus_a2,state,0,-0.070000000,2094,-0.069029135,2093,0.000000000,0,0.000000000,0,-0.113000,1,-0.070563116,2094,0.000000000,0,12.500,38,22941,0,1,
111836973473489,111836969592124,111836971390151,111836973473489,1127,11.270000000,minus_a2,state,0,-0.070000000,2094,-0.069029135,2093,0.000000000,0,-0.003360000,1,-0.678000,6,-0.070563116,2094,0.000000000,0,12.500,38,22951,0,1,
111836983470961,111836979592374,111836981384978,111836983470961,1128,11.280000000,minus_a2,state,0,-0.070000000,2094,-0.069029135,2093,0.000000000,0,-0.003360000,1,-0.339000,3,-0.070563116,2094,0.000000000,0,12.500,38,22961,0,1,
111836993469016,111836989591811,111836991385745,111836993469016,1129,11.290000000,minus_a2,state,0,-0.070000000,2094,-0.070563116,2094,0.000000000,0,-0.003360000,1,-0.226000,2,-0.070563116,2094,0.000000000,0,12.500,38,22971,0,1,
111837003465165,111836999591824,111837001384998,111837003465165,1130,11.300000000,minus_a2,state,0,-0.070000000,2094,-0.069029135,2093,0.000000000,0,-0.003360000,1,-0.226000,2,-0.070563116,2094,0.000000000,0,12.500,38,22981,0,1,
111837013463963,111837009592361,111837011384640,111837013463963,1131,11.310000000,minus_a2,state,0,-0.070000000,2094,-0.069029135,2093,0.000000000,0,-0.003360000,1,0.000000,0,-0.070563116,2094,0.000000000,0,12.500,38,22991,0,1,
111837023469871,111837019591582,111837021390118,111837023469871,1132,11.320000000,minus_a2,state,0,-0.070000000,2094,-0.070563116,2094,0.000000000,0,-0.003360000,1,-0.113000,1,-0.070563116,2094,0.000000000,0,12.500,38,23001,0,1,
111837033470305,111837029591593,111837031386736,111837033470305,1133,11.330000000,minus_a2,state,0,-0.070000000,2094,-0.069029135,2093,0.000000000,0,-0.003360000,1,-0.226000,2,-0.070563116,2094,0.000000000,0,12.500,38,23011,0,1,
111837043470825,111837039591079,111837041388700,111837043470825,1134,11.340000000,minus_a2,state,0,-0.070000000,2094,-0.069029135,2093,0.000000000,0,-0.003360000,1,-0.113000,1,-0.070563116,2094,0.000000000,0,12.500,38,23021,0,1,
111837053476567,111837049591943,111837051386547,111837053476567,1135,11.350000000,minus_a2,state,0,-0.070000000,2094,-0.069029135,2093,0.000000000,0,-0.003360000,1,-0.452000,4,-0.070563116,2094,0.000000000,0,12.500,38,23031,0,1,
111837063475068,111837059592558,111837061390167,111837063475068,1136,11.360000000,minus_a2,state,0,-0.070000000,2094,-0.070563116,2094,0.000000000,0,-0.003360000,1,-0.452000,4,-0.070563116,2094,0.000000000,0,12.500,38,23041,0,1,
111837073470427,111837069591794,111837071386183,111837073470427,1137,11.370000000,minus_a2,state,0,-0.070000000,2094,-0.070563116,2094,0.000000000,0,0.000000000,0,-0.452000,4,-0.070563116,2094,0.000000000,0,12.500,38,23051,0,1,
111837083466143,111837079591008,111837081392030,111837083466143,1138,11.380000000,minus_a2,state,0,-0.070000000,2094,-0.069029135,2093,0.000000000,0,0.000000000,0,-0.339000,3,-0.070563116,2094,0.000000000,0,12.500,38,23061,0,1,
111837093470203,111837089591586,111837091385102,111837093470203,1139,11.390000000,minus_a2,state,0,-0.070000000,2094,-0.069029135,2093,0.000000000,0,-0.006720000,2,0.000000,0,-0.070563116,2094,0.000000000,0,12.500,38,23071,0,1,
111837103474386,111837099591511,111837101384732,111837103474386,1140,11.400000000,minus_a2,state,0,-0.070000000,2094,-0.069029135,2093,0.000000000,0,0.000000000,0,0.113000,-1,-0.070563116,2094,0.000000000,0,12.500,38,23081,0,1,
111837113487893,111837109599794,111837111396729,111837113487893,1141,11.410000000,minus_a2,state,0,-0.070000000,2094,-0.070563116,2094,0.000000000,0,0.000000000,0,-0.113000,1,-0.070563116,2094,0.000000000,0,12.500,38,23091,0,1,
111837123469639,111837119593031,111837121387055,111837123469639,1142,11.420000000,minus_a2,state,0,-0.070000000,2094,-0.069029135,2093,0.000000000,0,-0.003360000,1,-0.226000,2,-0.070563116,2094,0.000000000,0,12.500,38,23101,0,1,
111837133468214,111837129591625,111837131388975,111837133468214,1143,11.430000000,minus_a2,state,0,-0.070000000,2094,-0.069029135,2093,0.000000000,0,-0.003360000,1,-0.113000,1,-0.070563116,2094,0.000000000,0,12.500,38,23111,0,1,
111837143479438,111837139592079,111837141392165,111837143479438,1144,11.440000000,minus_a2,state,0,-0.070000000,2094,-0.069029135,2093,0.000000000,0,-0.003360000,1,-0.113000,1,-0.070563116,2094,0.000000000,0,12.500,38,23121,0,1,
111837153471651,111837149592201,111837151388188,111837153471651,1145,11.450000000,minus_a2,state,0,-0.070000000,2094,-0.069029135,2093,0.000000000,0,0.000000000,0,-0.113000,1,-0.070563116,2094,0.000000000,0,12.500,38,23131,0,1,
111837163478807,111837159591768,111837161389854,111837163478807,1146,11.460000000,minus_a2,state,0,-0.070000000,2094,-0.069029135,2093,0.000000000,0,0.000000000,0,0.113000,-1,-0.070563116,2094,0.000000000,0,12.500,38,23141,0,1,
111837173469909,111837169592146,111837171386111,111837173469909,1147,11.470000000,minus_a2,state,0,-0.070000000,2094,-0.069029135,2093,0.000000000,0,-0.003360000,1,-0.113000,1,-0.070563116,2094,0.000000000,0,12.500,38,23151,0,1,
111837183464958,111837179591789,111837181390974,111837183464958,1148,11.480000000,minus_a2,state,0,-0.070000000,2094,-0.070563116,2094,0.000000000,0,-0.003360000,1,0.113000,-1,-0.070563116,2094,0.000000000,0,12.500,38,23161,0,1,
111837193473500,111837189591008,111837191390284,111837193473500,1149,11.490000000,minus_a2,state,0,-0.070000000,2094,-0.069029135,2093,0.000000000,0,-0.006720000,2,0.000000,0,-0.070563116,2094,0.000000000,0,12.500,38,23171,0,1,
111837203471290,111837199591945,111837201388112,111837203471290,1150,11.500000000,minus_a2,state,0,-0.070000000,2094,-0.069029135,2093,0.000000000,0,-0.006720000,2,-0.226000,2,-0.070563116,2094,0.000000000,0,12.500,38,23181,0,1,
111837213468350,111837209592406,111837211386083,111837213468350,1151,11.510000000,minus_a2,state,0,-0.070000000,2094,-0.069029135,2093,0.000000000,0,0.000000000,0,-0.226000,2,-0.070563116,2094,0.000000000,0,12.500,38,23191,0,1,
111837223464281,111837219591944,111837221389965,111837223464281,1152,11.520000000,minus_a2,state,0,-0.070000000,2094,-0.070563116,2094,0.000000000,0,-0.003360000,1,0.000000,0,-0.070563116,2094,0.000000000,0,12.500,38,23201,0,1,
111837233472463,111837229592175,111837231390990,111837233472463,1153,11.530000000,minus_a2,state,0,-0.070000000,2094,-0.069029135,2093,0.000000000,0,0.000000000,0,0.000000,0,-0.070563116,2094,0.000000000,0,12.500,38,23211,0,1,
111837243470233,111837239592128,111837241367383,111837243470233,1154,11.540000000,minus_a2,state,0,-0.070000000,2094,-0.069029135,2093,0.000000000,0,-0.006720000,2,0.000000,0,-0.070563116,2094,0.000000000,0,12.500,38,23221,0,1,
111837253472479,111837249592002,111837251392599,111837253472479,1155,11.550000000,minus_a2,state,0,-0.070000000,2094,-0.070563116,2094,0.000000000,0,-0.003360000,1,0.000000,0,-0.070563116,2094,0.000000000,0,12.500,38,23231,0,1,
111837263466320,111837259591618,111837261387502,111837263466320,1156,11.560000000,minus_a2,state,0,-0.070000000,2094,-0.069029135,2093,0.000000000,0,-0.003360000,1,-0.113000,1,-0.070563116,2094,0.000000000,0,12.500,38,23241,0,1,
111837273466304,111837269591890,111837271371097,111837273466304,1157,11.570000000,minus_a2,state,0,-0.070000000,2094,-0.069029135,2093,0.000000000,0,-0.003360000,1,-0.113000,1,-0.070563116,2094,0.000000000,0,12.500,38,23251,0,1,
111837283452692,111837279592227,111837281367614,111837283452692,1158,11.580000000,minus_a2,state,0,-0.070000000,2094,-0.069029135,2093,0.000000000,0,-0.006720000,2,-0.226000,2,-0.070563116,2094,0.000000000,0,12.500,38,23261,0,1,
111837293454863,111837289592015,111837291367375,111837293454863,1159,11.590000000,minus_a2,state,0,-0.070000000,2094,-0.069029135,2093,0.000000000,0,-0.006720000,2,-0.339000,3,-0.070563116,2094,0.000000000,0,12.500,38,23271,0,1,
111837303459151,111837299592846,111837301387544,111837303459151,1160,11.600000000,minus_a2,state,0,-0.070000000,2094,-0.069029135,2093,0.000000000,0,-0.003360000,1,-0.452000,4,-0.070563116,2094,0.000000000,0,12.500,38,23281,0,1,
111837313451118,111837309592126,111837311383929,111837313451118,1161,11.610000000,minus_a2,state,0,-0.070000000,2094,-0.069029135,2093,0.000000000,0,-0.003360000,1,-0.452000,4,-0.070563116,2094,0.000000000,0,12.500,38,23291,0,1,
111837323465042,111837319592204,111837321371800,111837323465042,1162,11.620000000,minus_a2,state,0,-0.070000000,2094,-0.069029135,2093,0.000000000,0,-0.006720000,2,-0.678000,6,-0.070563116,2094,0.000000000,0,12.500,38,23301,0,1,
111837333454085,111837329592036,111837331366055,111837333454085,1163,11.630000000,minus_a2,state,0,-0.070000000,2094,-0.069029135,2093,0.000000000,0,-0.003360000,1,-0.678000,6,-0.070563116,2094,0.000000000,0,12.500,38,23311,0,1,
111837343460781,111837339596250,111837341375542,111837343460781,1164,11.640000000,minus_a2,state,0,-0.070000000,2094,-0.069029135,2093,0.000000000,0,-0.003360000,1,-0.565000,5,-0.070563116,2094,0.000000000,0,12.500,38,23321,0,1,
111837353449708,111837349593175,111837351368069,111837353449708,1165,11.650000000,minus_a2,state,0,-0.070000000,2094,-0.069029135,2093,0.000000000,0,0.000000000,0,-0.452000,4,-0.070563116,2094,0.000000000,0,12.500,38,23331,0,1,
111837363453117,111837359591650,111837361368307,111837363453117,1166,11.660000000,minus_a2,state,0,-0.070000000,2094,-0.069029135,2093,0.000000000,0,-0.006720000,2,-0.791000,7,-0.070563116,2094,0.000000000,0,12.500,38,23341,0,1,
111837373449150,111837369591404,111837371366833,111837373449150,1167,11.670000000,minus_a2,state,0,-0.070000000,2094,-0.069029135,2093,0.000000000,0,0.000000000,0,-0.226000,2,-0.070563116,2094,0.000000000,0,12.500,38,23351,0,1,
111837383453081,111837379591632,111837381367431,111837383453081,1168,11.680000000,minus_a2,state,0,-0.070000000,2094,-0.069029135,2093,0.000000000,0,-0.003360000,1,-0.113000,1,-0.070563116,2094,0.000000000,0,12.500,38,23361,0,1,
111837393454632,111837389591922,111837391366657,111837393454632,1169,11.690000000,minus_a2,state,0,-0.070000000,2094,-0.069029135,2093,0.000000000,0,0.000000000,0,-0.113000,1,-0.070563116,2094,0.000000000,0,12.500,38,23371,0,1,
111837403451862,111837399591165,111837401362122,111837403451862,1170,11.700000000,minus_a2,state,0,-0.070000000,2094,-0.070563116,2094,0.000000000,0,-0.003360000,1,-0.226000,2,-0.070563116,2094,0.000000000,0,12.500,38,23381,0,1,
111837413435921,111837409592081,111837411363284,111837413435921,1171,11.710000000,minus_a2,state,0,-0.070000000,2094,-0.069029135,2093,0.000000000,0,-0.003360000,1,-0.339000,3,-0.070563116,2094,0.000000000,0,12.500,38,23391,0,1,
111837423448505,111837419591972,111837421364890,111837423448505,1172,11.720000000,minus_a2,state,0,-0.070000000,2094,-0.069029135,2093,0.000000000,0,-0.003360000,1,-0.113000,1,-0.070563116,2094,0.000000000,0,12.500,38,23401,0,1,
111837433442874,111837429592125,111837431366012,111837433442874,1173,11.730000000,minus_a2,state,0,-0.070000000,2094,-0.069029135,2093,0.000000000,0,-0.003360000,1,-0.113000,1,-0.070563116,2094,0.000000000,0,12.500,38,23411,0,1,
111837443452309,111837439591956,111837441365009,111837443452309,1174,11.740000000,minus_a2,state,0,-0.070000000,2094,-0.069029135,2093,0.000000000,0,0.000000000,0,0.113000,-1,-0.070563116,2094,0.000000000,0,12.500,38,23421,0,1,
111837453446251,111837449592086,111837451369236,111837453446251,1175,11.750000000,minus_a2,state,0,-0.070000000,2094,-0.069029135,2093,0.000000000,0,0.000000000,0,0.000000,0,-0.070563116,2094,0.000000000,0,12.500,38,23431,0,1,
111837463455810,111837459592359,111837461363585,111837463455810,1176,11.760000000,minus_a2,state,0,-0.070000000,2094,-0.069029135,2093,0.000000000,0,-0.003360000,1,0.000000,0,-0.070563116,2094,0.000000000,0,12.500,38,23441,0,1,
111837473452330,111837469591702,111837471366170,111837473452330,1177,11.770000000,minus_a2,state,0,-0.070000000,2094,-0.069029135,2093,0.000000000,0,-0.003360000,1,-0.226000,2,-0.070563116,2094,0.000000000,0,12.500,38,23451,0,1,
111837483451272,111837479591936,111837481366858,111837483451272,1178,11.780000000,minus_a2,state,0,-0.070000000,2094,-0.070563116,2094,0.000000000,0,-0.003360000,1,-0.113000,1,-0.070563116,2094,0.000000000,0,12.500,38,23461,0,1,
111837493447314,111837489591498,111837491369403,111837493447314,1179,11.790000000,minus_a2,state,0,-0.070000000,2094,-0.069029135,2093,0.000000000,0,0.000000000,0,0.113000,-1,-0.070563116,2094,0.000000000,0,12.500,38,23471,0,1,
111837503449682,111837499591635,111837501369373,111837503449682,1180,11.800000000,minus_a2,state,0,-0.070000000,2094,-0.069029135,2093,0.000000000,0,-0.006720000,2,-0.226000,2,-0.070563116,2094,0.000000000,0,12.500,38,23481,0,1,
111837513446770,111837509591780,111837511364167,111837513446770,1181,11.810000000,minus_a2,state,0,-0.070000000,2094,-0.069029135,2093,0.000000000,0,0.000000000,0,-0.113000,1,-0.070563116,2094,0.000000000,0,12.500,38,23491,0,1,
111837523449983,111837519592179,111837521361962,111837523449983,1182,11.820000000,minus_a2,state,0,-0.070000000,2094,-0.069029135,2093,0.000000000,0,0.000000000,0,0.000000,0,-0.070563116,2094,0.000000000,0,12.500,38,23501,0,1,
111837533450707,111837529592426,111837531363056,111837533450707,1183,11.830000000,minus_a2,state,0,-0.070000000,2094,-0.069029135,2093,0.000000000,0,-0.006720000,2,-0.113000,1,-0.070563116,2094,0.000000000,0,12.500,38,23511,0,1,
111837543445315,111837539591806,111837541365146,111837543445315,1184,11.840000000,minus_a2,state,0,-0.070000000,2094,-0.069029135,2093,0.000000000,0,-0.003360000,1,-0.452000,4,-0.070563116,2094,0.000000000,0,12.500,38,23521,0,1,
111837553447131,111837549592654,111837551364997,111837553447131,1185,11.850000000,minus_a2,state,0,-0.070000000,2094,-0.069029135,2093,0.000000000,0,-0.003360000,1,-0.452000,4,-0.070563116,2094,0.000000000,0,12.500,38,23531,0,1,
111837563451015,111837559592092,111837561366988,111837563451015,1186,11.860000000,minus_a2,state,0,-0.070000000,2094,-0.069029135,2093,0.000000000,0,-0.006720000,2,0.000000,0,-0.070563116,2094,0.000000000,0,12.500,38,23541,0,1,
111837573448275,111837569591768,111837571370530,111837573448275,1187,11.870000000,minus_a2,state,0,-0.070000000,2094,-0.070563116,2094,0.000000000,0,0.000000000,0,0.000000,0,-0.070563116,2094,0.000000000,0,12.500,38,23551,0,1,
111837583448238,111837579593798,111837581366002,111837583448238,1188,11.880000000,minus_a2,state,0,-0.070000000,2094,-0.069029135,2093,0.000000000,0,-0.003360000,1,-0.113000,1,-0.070563116,2094,0.000000000,0,12.500,38,23561,0,1,
111837593452204,111837589591957,111837591367353,111837593452204,1189,11.890000000,minus_a2,state,0,-0.070000000,2094,-0.069029135,2093,0.000000000,0,-0.006720000,2,-0.113000,1,-0.070563116,2094,0.000000000,0,12.500,38,23571,0,1,
111837603447639,111837599591820,111837601369887,111837603447639,1190,11.900000000,minus_a2,state,0,-0.070000000,2094,-0.069029135,2093,0.000000000,0,-0.006720000,2,0.113000,-1,-0.070563116,2094,0.000000000,0,12.500,38,23581,0,1,
111837613452248,111837609592230,111837611363023,111837613452248,1191,11.910000000,minus_a2,state,0,-0.070000000,2094,-0.069029135,2093,0.000000000,0,-0.003360000,1,-0.452000,4,-0.070563116,2094,0.000000000,0,12.500,38,23591,0,1,
111837623449053,111837619592173,111837621364730,111837623449053,1192,11.920000000,minus_a2,state,0,-0.070000000,2094,-0.070563116,2094,0.000000000,0,-0.003360000,1,-0.791000,7,-0.070563116,2094,0.000000000,0,12.500,38,23601,0,1,
111837633450132,111837629591913,111837631367121,111837633450132,1193,11.930000000,minus_a2,state,0,-0.070000000,2094,-0.069029135,2093,0.000000000,0,-0.003360000,1,-0.113000,1,-0.070563116,2094,0.000000000,0,12.500,38,23611,0,1,
111837643444086,111837639592144,111837641363304,111837643444086,1194,11.940000000,minus_a2,state,0,-0.070000000,2094,-0.069029135,2093,0.000000000,0,0.000000000,0,0.000000,0,-0.070563116,2094,0.000000000,0,12.500,38,23621,0,1,
111837653450637,111837649592311,111837651367710,111837653450637,1195,11.950000000,minus_a2,state,0,-0.070000000,2094,-0.069029135,2093,0.000000000,0,0.000000000,0,-0.452000,4,-0.070563116,2094,0.000000000,0,12.500,38,23631,0,1,
111837663454517,111837659592303,111837661366184,111837663454517,1196,11.960000000,minus_a2,state,0,-0.070000000,2094,-0.069029135,2093,0.000000000,0,-0.006720000,2,-0.339000,3,-0.070563116,2094,0.000000000,0,12.500,38,23641,0,1,
111837673448736,111837669591746,111837671366701,111837673448736,1197,11.970000000,minus_a2,state,0,-0.070000000,2094,-0.069029135,2093,0.000000000,0,-0.006720000,2,-0.339000,3,-0.070563116,2094,0.000000000,0,12.500,38,23651,0,1,
111837683450412,111837679591831,111837681368740,111837683450412,1198,11.980000000,minus_a2,state,0,-0.070000000,2094,-0.069029135,2093,0.000000000,0,-0.003360000,1,-0.113000,1,-0.070563116,2094,0.000000000,0,12.500,38,23661,0,1,
111837693361582,111837689592057,111837691346431,111837693361582,1199,11.990000000,minus_a2,hardware_error,0,-0.070000000,2094,,,,,,,,,,,,,,,,,,0
111837703444583,111837699591592,111837701345038,111837703444583,1200,12.000000000,center_after_minus_a2,state,0,0.000000000,2048,-0.069029135,2093,0.000000000,0,-0.003360000,1,-0.113000,1,0.000000000,2048,0.000000000,0,12.500,38,23681,0,0,
111837713428055,111837709591600,111837711346607,111837713428055,1201,12.010000000,center_after_minus_a2,state,0,0.000000000,2048,-0.067495155,2092,0.000000000,0,0.389760000,-116,21.809000,-193,0.000000000,2048,0.000000000,0,12.200,38,23691,0,0,
111837723431657,111837719591913,111837721344045,111837723431657,1202,12.020000000,center_after_minus_a2,state,0,0.000000000,2048,-0.059825251,2087,0.023980824,-1,0.376320000,-112,27.685000,-245,0.000000000,2048,0.000000000,0,12.300,38,23701,0,0,
111837733436045,111837729592438,111837731365016,111837733436045,1203,12.030000000,center_after_minus_a2,state,0,0.000000000,2048,-0.047553404,2079,0.095923296,-4,0.295680000,-88,31.075000,-275,0.000000000,2048,0.000000000,0,12.400,38,23711,0,0,
111837743428465,111837739592492,111837741346696,111837743428465,1204,12.040000000,center_after_minus_a2,state,0,0.000000000,2048,-0.032213597,2069,0.239808239,-10,0.191520000,-57,33.674000,-298,0.000000000,2048,0.000000000,0,12.500,38,23721,0,0,
111837753425251,111837749592083,111837751345584,111837753425251,1205,12.050000000,center_after_minus_a2,state,0,0.000000000,2048,-0.016873789,2059,0.431654831,-18,0.097440000,-29,34.691000,-307,0.000000000,2048,0.000000000,0,12.500,38,23731,1,1,
111837763431756,111837759592485,111837761343204,111837763431756,1206,12.060000000,center_after_minus_a2,state,0,0.000000000,2048,0.001533981,2047,0.671463070,-28,0.003360000,-1,33.448000,-296,0.000000000,2048,0.000000000,0,12.600,38,23741,1,1,
111837773433579,111837769592118,111837771346774,111837773433579,1207,12.070000000,center_after_minus_a2,state,0,0.000000000,2048,0.016873789,2037,0.911271309,-38,-0.504000000,150,7.684000,-68,0.000000000,2048,0.000000000,0,12.500,38,23751,1,1,
111837783425841,111837779592044,111837781343214,111837783425841,1208,12.080000000,center_after_minus_a2,state,0,0.000000000,2048,0.027611654,2030,1.127098724,-47,-0.026880000,8,1.243000,-11,0.000000000,2048,0.000000000,0,12.500,38,23761,1,0,
111837793439165,111837789592438,111837791343333,111837793439165,1209,12.090000000,center_after_minus_a2,state,0,0.000000000,2048,0.033747577,2026,1.247002844,-52,-0.120960000,36,4.520000,-40,0.000000000,2048,0.000000000,0,12.500,38,23771,1,0,
111837803430906,111837799591987,111837801342980,111837803430906,1210,12.100000000,center_after_minus_a2,state,0,0.000000000,2048,0.036815539,2024,1.270983668,-53,-0.231840000,69,1.356000,-12,0.000000000,2048,0.000000000,0,12.500,38,23781,1,0,
111837813429261,111837809592099,111837811348409,111837813429261,1211,12.110000000,center_after_minus_a2,state,0,0.000000000,2048,0.038349520,2023,1.175060372,-49,-0.204960000,61,-5.763000,51,0.000000000,2048,0.000000000,0,12.500,38,23791,1,0,
111837823659584,111837819591994,111837821340471,111837823659584,1212,12.120000000,center_after_minus_a2,state,0,0.000000000,2048,0.036815539,2024,1.031175429,-43,-0.204960000,61,-13.673000,121,0.000000000,2048,0.000000000,0,12.500,38,23801,1,0,
111837833420900,111837829669884,111837831356870,111837833420900,1213,12.130000000,center_after_minus_a2,state,0,0.000000000,2048,0.032213597,2027,0.791367189,-33,-0.194880000,58,-17.289000,153,0.000000000,2048,0.000000000,0,12.500,38,23811,1,0,
111837843427485,111837839592304,111837841344025,111837843427485,1214,12.140000000,center_after_minus_a2,state,0,0.000000000,2048,0.026077673,2031,0.503597302,-21,-0.154560000,46,-19.210000,170,0.000000000,2048,0.000000000,0,12.500,38,23821,1,0,
111837853432456,111837849591865,111837851343979,111837853432456,1215,12.150000000,center_after_minus_a2,state,0,0.000000000,2048,0.018407769,2036,0.239808239,-10,-0.100800000,30,-20.453000,181,0.000000000,2048,0.000000000,0,12.400,38,23831,0,0,
111837863427768,111837859591956,111837861349295,111837863427768,1216,12.160000000,center_after_minus_a2,state,0,0.000000000,2048,0.007669904,2043,0.000000000,0,-0.047040000,14,-21.470000,190,0.000000000,2048,0.000000000,0,12.500,38,23841,0,1,
111837873432026,111837869592068,111837871345183,111837873432026,1217,12.170000000,center_after_minus_a2,state,0,0.000000000,2048,-0.003067962,2050,-0.215827415,9,-0.010080000,3,-19.436000,172,0.000000000,2048,0.000000000,0,12.600,38,23851,0,1,
111837883434073,111837879591946,111837881345766,111837883434073,1218,12.180000000,center_after_minus_a2,state,0,0.000000000,2048,-0.012271846,2056,-0.431654831,18,-0.047040000,14,-5.989000,53,0.000000000,2048,0.000000000,0,12.600,38,23861,1,1,
111837893429550,111837889591811,111837891344259,111837893429550,1219,12.190000000,center_after_minus_a2,state,0,0.000000000,2048,-0.018407769,2060,-0.599520598,25,0.053760000,-16,-0.565000,5,0.000000000,2048,0.000000000,0,12.500,38,23871,1,0,
111837903433507,111837899592273,111837901342794,111837903433507,1220,12.200000000,center_after_minus_a2,state,0,0.000000000,2048,-0.019941750,2061,-0.695443894,29,0.147840000,-44,0.226000,-2,0.000000000,2048,0.000000000,0,12.500,38,23881,1,0,
111837913431373,111837909591707,111837911343521,111837913431373,1221,12.210000000,center_after_minus_a2,state,0,0.000000000,2048,-0.021475731,2062,-0.695443894,29,0.124320000,-37,3.503000,-31,0.000000000,2048,0.000000000,0,12.500,38,23891,1,0,
111837923434167,111837919591947,111837921341798,111837923434167,1222,12.220000000,center_after_minus_a2,state,0,0.000000000,2048,-0.019941750,2061,-0.647482246,27,0.107520000,-32,9.605000,-85,0.000000000,2048,0.000000000,0,12.500,38,23901,1,0,
111837933437367,111837929591223,111837931344872,111837933437367,1223,12.230000000,center_after_minus_a2,state,0,0.000000000,2048,-0.016873789,2059,-0.527578126,22,0.120960000,-36,15.933000,-141,0.000000000,2048,0.000000000,0,12.500,38,23911,1,1,
111837943427693,111837939592310,111837941343263,111837943427693,1224,12.240000000,center_after_minus_a2,state,0,0.000000000,2048,-0.009203885,2054,-0.359712359,15,0.067200000,-20,19.662000,-174,0.000000000,2048,0.000000000,0,12.400,38,23921,1,1,
111837953440888,111837949592437,111837951346298,111837953440888,1225,12.250000000,center_after_minus_a2,state,0,0.000000000,2048,-0.001533981,2049,-0.143884944,6,0.010080000,-3,19.436000,-172,0.000000000,2048,0.000000000,0,12.500,38,23931,0,1,
111837963427291,111837959591527,111837961343769,111837963427291,1226,12.260000000,center_after_minus_a2,state,0,0.000000000,2048,0.007669904,2043,0.047961648,-2,0.047040000,-14,10.848000,-96,0.000000000,2048,0.000000000,0,12.600,38,23941,0,1,
111837973432572,111837969591718,111837971342396,111837973432572,1227,12.270000000,center_after_minus_a2,state,0,0.000000000,2048,0.015339808,2038,0.239808239,-10,0.000000000,0,1.695000,-15,0.000000000,2048,0.000000000,0,12.600,38,23951,0,1,
111837983425072,111837979591967,111837981347755,111837983425072,1228,12.280000000,center_after_minus_a2,state,0,0.000000000,2048,0.016873789,2037,0.383693183,-16,-0.134400000,40,0.791000,-7,0.000000000,2048,0.000000000,0,12.600,38,23961,1,1,
111837993428985,111837989591438,111837991345167,111837993428985,1229,12.290000000,center_after_minus_a2,state,0,0.000000000,2048,0.016873789,2037,0.455635655,-19,-0.090720000,27,-1.469000,13,0.000000000,2048,0.000000000,0,12.600,38,23971,1,1,
111838003427857,111837999592387,111838001345000,111838003427857,1230,12.300000000,center_after_minus_a2,state,0,0.000000000,2048,0.016873789,2037,0.479616478,-20,-0.094080000,28,-5.198000,46,0.000000000,2048,0.000000000,0,12.500,38,23981,1,1,
111838013432663,111838009591882,111838011344919,111838013432663,1231,12.310000000,center_after_minus_a2,state,0,0.000000000,2048,0.015339808,2038,0.455635655,-19,-0.073920000,22,-10.622000,94,0.000000000,2048,0.000000000,0,12.500,38,23991,1,1,
111838023436238,111838019592064,111838021344185,111838023436238,1232,12.320000000,center_after_minus_a2,state,0,0.000000000,2048,0.013805827,2039,0.359712359,-15,-0.077280000,23,-12.317000,109,0.000000000,2048,0.000000000,0,12.500,38,24001,1,1,
111838033427787,111838029592077,111838031345411,111838033427787,1233,12.330000000,center_after_minus_a2,state,0,0.000000000,2048,0.009203885,2042,0.215827415,-9,-0.043680000,13,-14.125000,125,0.000000000,2048,0.000000000,0,12.500,38,24011,0,1,
111838043429908,111838039590658,111838041344984,111838043429908,1234,12.340000000,center_after_minus_a2,state,0,0.000000000,2048,0.003067962,2046,0.047961648,-2,-0.020160000,6,-14.351000,127,0.000000000,2048,0.000000000,0,12.500,38,24021,0,1,
111838053424620,111838049592195,111838051349214,111838053424620,1235,12.350000000,center_after_minus_a2,state,0,0.000000000,2048,-0.004601942,2051,-0.071942472,3,-0.047040000,14,-1.356000,12,0.000000000,2048,0.000000000,0,12.500,38,24031,0,1,
111838063428479,111838059591524,111838061346276,111838063428479,1236,12.360000000,center_after_minus_a2,state,0,0.000000000,2048,-0.010737866,2055,-0.215827415,9,0.104160000,-31,-2.825000,25,0.000000000,2048,0.000000000,0,12.500,38,24041,0,1,
111838073424650,111838069591459,111838071348480,111838073424650,1237,12.370000000,center_after_minus_a2,state,0,0.000000000,2048,-0.012271846,2056,-0.311750711,13,0.067200000,-20,-0.113000,1,0.000000000,2048,0.000000000,0,12.500,38,24051,1,1,
111838083433638,111838079591322,111838081345119,111838083433638,1238,12.380000000,center_after_minus_a2,state,0,0.000000000,2048,-0.012271846,2056,-0.359712359,15,0.067200000,-20,3.277000,-29,0.000000000,2048,0.000000000,0,12.500,38,24061,1,1,
111838093426452,111838089591428,111838091345412,111838093426452,1239,12.390000000,center_after_minus_a2,state,0,0.000000000,2048,-0.012271846,2056,-0.383693183,16,0.067200000,-20,3.842000,-34,0.000000000,2048,0.000000000,0,12.500,38,24071,1,1,
111838103425340,111838099591674,111838101342935,111838103425340,1240,12.400000000,center_after_minus_a2,state,0,0.000000000,2048,-0.010737866,2055,-0.335731535,14,0.070560000,-21,5.537000,-49,0.000000000,2048,0.000000000,0,12.500,38,24081,1,1,
111838113431439,111838109594234,111838111347140,111838113431439,1241,12.410000000,center_after_minus_a2,state,0,0.000000000,2048,-0.009203885,2054,-0.263789063,11,0.057120000,-17,4.520000,-40,0.000000000,2048,0.000000000,0,12.500,38,24091,1,1,
111838123412507,111838119592051,111838121343470,111838123412507,1242,12.420000000,center_after_minus_a2,state,0,0.000000000,2048,-0.007669904,2053,-0.167865767,7,0.047040000,-14,4.520000,-40,0.000000000,2048,0.000000000,0,12.500,38,24101,0,1,
111838133428653,111838129591976,111838131345949,111838133428653,1243,12.430000000,center_after_minus_a2,state,0,0.000000000,2048,-0.006135923,2052,-0.047961648,2,0.033600000,-10,4.294000,-38,0.000000000,2048,0.000000000,0,12.500,38,24111,0,1,
111838143406074,111838139590846,111838141341400,111838143406074,1244,12.440000000,center_after_minus_a2,state,0,0.000000000,2048,-0.003067962,2050,0.000000000,0,0.023520000,-7,4.407000,-39,0.000000000,2048,0.000000000,0,12.500,38,24121,0,1,
111838153403470,111838149591751,111838151323561,111838153403470,1245,12.450000000,center_after_minus_a2,state,0,0.000000000,2048,-0.001533981,2049,0.071942472,-3,0.010080000,-3,4.294000,-38,0.000000000,2048,0.000000000,0,12.500,38,24131,0,1,
111838163412871,111838159591784,111838161328330,111838163412871,1246,12.460000000,center_after_minus_a2,state,0,0.000000000,2048,0.000000000,2048,0.095923296,-4,-0.006720000,2,0.000000,0,0.000000000,2048,0.000000000,0,12.500,38,24141,0,1,
111838173406655,111838169590729,111838171325244,111838173406655,1247,12.470000000,center_after_minus_a2,state,0,0.000000000,2048,0.000000000,2048,0.119904120,-5,-0.010080000,3,0.000000,0,0.000000000,2048,0.000000000,0,12.500,38,24151,0,1,
111838183404922,111838179592462,111838181323328,111838183404922,1248,12.480000000,center_after_minus_a2,state,0,0.000000000,2048,0.001533981,2047,0.143884944,-6,-0.003360000,1,-0.452000,4,0.000000000,2048,0.000000000,0,12.500,38,24161,0,1,
111838193401775,111838189592614,111838191328141,111838193401775,1249,12.490000000,center_after_minus_a2,state,0,0.000000000,2048,0.001533981,2047,0.119904120,-5,0.000000000,0,0.000000,0,0.000000000,2048,0.000000000,0,12.500,38,24171,0,1,
111838203409629,111838199591720,111838201335968,111838203409629,1250,12.500000000,center_after_minus_a2,state,0,0.000000000,2048,0.001533981,2047,0.119904120,-5,0.000000000,0,-0.791000,7,0.000000000,2048,0.000000000,0,12.500,38,24181,0,1,
111838213412296,111838209591749,111838211320478,111838213412296,1251,12.510000000,center_after_minus_a2,state,0,0.000000000,2048,0.000000000,2048,0.095923296,-4,-0.003360000,1,-0.452000,4,0.000000000,2048,0.000000000,0,12.500,38,24191,0,1,
111838223416308,111838219591819,111838221321113,111838223416308,1252,12.520000000,center_after_minus_a2,state,0,0.000000000,2048,0.001533981,2047,0.071942472,-3,-0.003360000,1,-0.565000,5,0.000000000,2048,0.000000000,0,12.500,38,24201,0,1,
111838233413629,111838229591865,111838231328424,111838233413629,1253,12.530000000,center_after_minus_a2,state,0,0.000000000,2048,0.001533981,2047,0.047961648,-2,-0.003360000,1,-0.791000,7,0.000000000,2048,0.000000000,0,12.500,38,24211,0,1,
111838243409676,111838239590478,111838241321477,111838243409676,1254,12.540000000,center_after_minus_a2,state,0,0.000000000,2048,0.001533981,2047,0.023980824,-1,0.000000000,0,-0.678000,6,0.000000000,2048,0.000000000,0,12.500,38,24221,0,1,
111838253406608,111838249591769,111838251319000,111838253406608,1255,12.550000000,center_after_minus_a2,state,0,0.000000000,2048,0.000000000,2048,0.000000000,0,-0.003360000,1,-0.452000,4,0.000000000,2048,0.000000000,0,12.500,38,24231,0,1,
111838263410406,111838259591874,111838261326145,111838263410406,1256,12.560000000,center_after_minus_a2,state,0,0.000000000,2048,0.001533981,2047,0.000000000,0,-0.006720000,2,-0.678000,6,0.000000000,2048,0.000000000,0,12.500,38,24241,0,1,
111838273452833,111838269592003,111838271467854,111838273452833,1257,12.570000000,center_after_minus_a2,state,0,0.000000000,2048,0.001533981,2047,0.000000000,0,-0.006720000,2,-0.791000,7,0.000000000,2048,0.000000000,0,12.500,38,24251,0,1,
111838283444928,111838279616394,111838281335013,111838283444928,1258,12.580000000,center_after_minus_a2,state,0,0.000000000,2048,0.001533981,2047,0.000000000,0,-0.003360000,1,-0.452000,4,0.000000000,2048,0.000000000,0,12.500,38,24261,0,1,
111838293433553,111838289667254,111838291333655,111838293433553,1259,12.590000000,center_after_minus_a2,state,0,0.000000000,2048,0.000000000,2048,0.000000000,0,-0.003360000,1,-0.678000,6,0.000000000,2048,0.000000000,0,12.500,38,24271,0,1,
111838303442603,111838299668771,111838301357381,111838303442603,1260,12.600000000,center_after_minus_a2,state,0,0.000000000,2048,0.001533981,2047,0.000000000,0,-0.003360000,1,-0.678000,6,0.000000000,2048,0.000000000,0,12.500,38,24281,0,1,
111838313434124,111838309675319,111838311344425,111838313434124,1261,12.610000000,center_after_minus_a2,state,0,0.000000000,2048,0.001533981,2047,0.000000000,0,-0.003360000,1,-0.452000,4,0.000000000,2048,0.000000000,0,12.500,38,24291,0,1,
111838323431741,111838319668219,111838321346199,111838323431741,1262,12.620000000,center_after_minus_a2,state,0,0.000000000,2048,0.001533981,2047,0.000000000,0,-0.003360000,1,-0.452000,4,0.000000000,2048,0.000000000,0,12.500,38,24301,0,1,
111838333426100,111838329615716,111838331329182,111838333426100,1263,12.630000000,center_after_minus_a2,state,0,0.000000000,2048,0.001533981,2047,0.000000000,0,-0.003360000,1,-0.226000,2,0.000000000,2048,0.000000000,0,12.500,38,24311,0,1,
111838343443243,111838339669103,111838341350209,111838343443243,1264,12.640000000,center_after_minus_a2,state,0,0.000000000,2048,0.001533981,2047,0.000000000,0,-0.003360000,1,-0.678000,6,0.000000000,2048,0.000000000,0,12.500,38,24321,0,1,
111838353451594,111838349667721,111838351339526,111838353451594,1265,12.650000000,center_after_minus_a2,state,0,0.000000000,2048,0.001533981,2047,0.000000000,0,-0.003360000,1,-0.791000,7,0.000000000,2048,0.000000000,0,12.500,38,24331,0,1,
111838363437999,111838359673548,111838361344001,111838363437999,1266,12.660000000,center_after_minus_a2,state,0,0.000000000,2048,0.001533981,2047,0.000000000,0,-0.003360000,1,-0.791000,7,0.000000000,2048,0.000000000,0,12.500,38,24341,0,1,
111838373438886,111838369674649,111838371328785,111838373438886,1267,12.670000000,center_after_minus_a2,state,0,0.000000000,2048,0.001533981,2047,0.000000000,0,-0.003360000,1,-0.791000,7,0.000000000,2048,0.000000000,0,12.500,38,24351,0,1,
111838383439280,111838379667444,111838381332740,111838383439280,1268,12.680000000,center_after_minus_a2,state,0,0.000000000,2048,0.001533981,2047,0.000000000,0,-0.003360000,1,-0.791000,7,0.000000000,2048,0.000000000,0,12.500,38,24361,0,1,
111838393434068,111838389669644,111838391340884,111838393434068,1269,12.690000000,center_after_minus_a2,state,0,0.000000000,2048,0.000000000,2048,0.000000000,0,-0.003360000,1,-0.565000,5,0.000000000,2048,0.000000000,0,12.500,38,24371,0,1,
111838403431169,111838399677151,111838401334974,111838403431169,1270,12.700000000,center_after_minus_a2,state,0,0.000000000,2048,0.001533981,2047,0.000000000,0,-0.003360000,1,-0.791000,7,0.000000000,2048,0.000000000,0,12.500,38,24381,0,1,
111838413438324,111838409668443,111838411333378,111838413438324,1271,12.710000000,center_after_minus_a2,state,0,0.000000000,2048,0.001533981,2047,0.000000000,0,-0.006720000,2,-0.678000,6,0.000000000,2048,0.000000000,0,12.500,38,24391,0,1,
111838423431822,111838419672833,111838421331042,111838423431822,1272,12.720000000,center_after_minus_a2,state,0,0.000000000,2048,0.001533981,2047,0.000000000,0,-0.003360000,1,-0.791000,7,0.000000000,2048,0.000000000,0,12.500,38,24401,0,1,
111838433429615,111838429673967,111838431334149,111838433429615,1273,12.730000000,center_after_minus_a2,state,0,0.000000000,2048,0.001533981,2047,0.000000000,0,-0.003360000,1,-0.791000,7,0.000000000,2048,0.000000000,0,12.500,38,24411,0,1,
111838443437011,111838439670507,111838441331665,111838443437011,1274,12.740000000,center_after_minus_a2,state,0,0.000000000,2048,0.001533981,2047,0.000000000,0,-0.003360000,1,-0.791000,7,0.000000000,2048,0.000000000,0,12.500,38,24421,0,1,
111838453429427,111838449671420,111838451333347,111838453429427,1275,12.750000000,center_after_minus_a2,state,0,0.000000000,2048,0.001533981,2047,0.000000000,0,-0.003360000,1,-0.791000,7,0.000000000,2048,0.000000000,0,12.500,38,24431,0,1,
111838463443041,111838459673874,111838461331944,111838463443041,1276,12.760000000,center_after_minus_a2,state,0,0.000000000,2048,0.000000000,2048,0.000000000,0,-0.006720000,2,-0.904000,8,0.000000000,2048,0.000000000,0,12.500,38,24441,0,1,
111838473441880,111838469673842,111838471330136,111838473441880,1277,12.770000000,center_after_minus_a2,state,0,0.000000000,2048,0.001533981,2047,0.000000000,0,-0.006720000,2,-0.678000,6,0.000000000,2048,0.000000000,0,12.500,38,24451,0,1,
111838483428981,111838479614476,111838481333350,111838483428981,1278,12.780000000,center_after_minus_a2,state,0,0.000000000,2048,0.001533981,2047,0.000000000,0,-0.003360000,1,-0.565000,5,0.000000000,2048,0.000000000,0,12.500,38,24461,0,1,
111838493437740,111838489667639,111838491336224,111838493437740,1279,12.790000000,center_after_minus_a2,state,0,0.000000000,2048,0.001533981,2047,0.000000000,0,-0.006720000,2,-0.791000,7,0.000000000,2048,0.000000000,0,12.500,38,24471,0,1,
111838503428845,111838499616571,111838501342578,111838503428845,1280,12.800000000,center_after_minus_a2,state,0,0.000000000,2048,0.001533981,2047,0.000000000,0,-0.003360000,1,-0.791000,7,0.000000000,2048,0.000000000,0,12.500,38,24481,0,1,
111838513448864,111838509675339,111838511333189,111838513448864,1281,12.810000000,center_after_minus_a2,state,0,0.000000000,2048,0.001533981,2047,0.000000000,0,-0.003360000,1,-0.226000,2,0.000000000,2048,0.000000000,0,12.500,38,24491,0,1,
111838523426177,111838519668859,111838521314235,111838523426177,1282,12.820000000,center_after_minus_a2,state,0,0.000000000,2048,0.001533981,2047,0.000000000,0,-0.003360000,1,0.000000,0,0.000000000,2048,0.000000000,0,12.500,38,24501,0,1,
111838533407542,111838529675597,111838531348753,111838533407542,1283,12.830000000,center_after_minus_a2,state,0,0.000000000,2048,0.001533981,2047,0.000000000,0,-0.003360000,1,-0.226000,2,0.000000000,2048,0.000000000,0,12.500,38,24511,0,1,
111838543425563,111838539668889,111838541335526,111838543425563,1284,12.840000000,center_after_minus_a2,state,0,0.000000000,2048,0.001533981,2047,0.000000000,0,-0.006720000,2,-0.339000,3,0.000000000,2048,0.000000000,0,12.500,38,24521,0,1,
111838553408698,111838549667640,111838551315873,111838553408698,1285,12.850000000,center_after_minus_a2,state,0,0.000000000,2048,0.001533981,2047,0.000000000,0,-0.003360000,1,-0.452000,4,0.000000000,2048,0.000000000,0,12.500,38,24531,0,1,
111838563446816,111838559670072,111838561334582,111838563446816,1286,12.860000000,center_after_minus_a2,state,0,0.000000000,2048,0.001533981,2047,0.000000000,0,0.000000000,0,-0.226000,2,0.000000000,2048,0.000000000,0,12.500,38,24541,0,1,
111838573437751,111838569668976,111838571315031,111838573437751,1287,12.870000000,center_after_minus_a2,state,0,0.000000000,2048,0.000000000,2048,0.000000000,0,-0.006720000,2,-0.226000,2,0.000000000,2048,0.000000000,0,12.500,38,24551,0,1,
111838583405176,111838579668057,111838581314120,111838583405176,1288,12.880000000,center_after_minus_a2,state,0,0.000000000,2048,0.000000000,2048,0.000000000,0,-0.006720000,2,-0.791000,7,0.000000000,2048,0.000000000,0,12.500,38,24561,0,1,
111838593406370,111838589674071,111838591311841,111838593406370,1289,12.890000000,center_after_minus_a2,state,0,0.000000000,2048,0.001533981,2047,0.000000000,0,-0.003360000,1,-0.678000,6,0.000000000,2048,0.000000000,0,12.500,38,24571,0,1,
111838603421756,111838599674393,111838601312654,111838603421756,1290,12.900000000,center_after_minus_a2,state,0,0.000000000,2048,0.001533981,2047,0.000000000,0,-0.003360000,1,-0.678000,6,0.000000000,2048,0.000000000,0,12.500,38,24581,0,1,
111838613420369,111838609667967,111838611316128,111838613420369,1291,12.910000000,center_after_minus_a2,state,0,0.000000000,2048,0.001533981,2047,0.000000000,0,-0.003360000,1,-0.904000,8,0.000000000,2048,0.000000000,0,12.500,38,24591,0,1,
111838623413260,111838619668110,111838621319279,111838623413260,1292,12.920000000,center_after_minus_a2,state,0,0.000000000,2048,0.001533981,2047,0.000000000,0,-0.003360000,1,-0.452000,4,0.000000000,2048,0.000000000,0,12.500,38,24601,0,1,
111838633411208,111838629668476,111838631316061,111838633411208,1293,12.930000000,center_after_minus_a2,state,0,0.000000000,2048,0.001533981,2047,0.000000000,0,-0.003360000,1,-0.678000,6,0.000000000,2048,0.000000000,0,12.500,38,24611,0,1,
111838643404953,111838639675408,111838641330278,111838643404953,1294,12.940000000,center_after_minus_a2,state,0,0.000000000,2048,0.001533981,2047,0.000000000,0,0.000000000,0,-0.791000,7,0.000000000,2048,0.000000000,0,12.500,38,24621,0,1,
111838653411333,111838649667654,111838651303554,111838653411333,1295,12.950000000,center_after_minus_a2,state,0,0.000000000,2048,0.001533981,2047,0.000000000,0,-0.003360000,1,-0.339000,3,0.000000000,2048,0.000000000,0,12.500,38,24631,0,1,
111838663412664,111838659615480,111838661309082,111838663412664,1296,12.960000000,center_after_minus_a2,state,0,0.000000000,2048,0.001533981,2047,0.000000000,0,-0.006720000,2,-0.339000,3,0.000000000,2048,0.000000000,0,12.500,38,24641,0,1,
111838673407804,111838669667120,111838671314951,111838673407804,1297,12.970000000,center_after_minus_a2,state,0,0.000000000,2048,0.001533981,2047,0.000000000,0,-0.003360000,1,-0.565000,5,0.000000000,2048,0.000000000,0,12.500,38,24651,0,1,
111838683406307,111838679675192,111838681312072,111838683406307,1298,12.980000000,center_after_minus_a2,state,0,0.000000000,2048,0.001533981,2047,0.000000000,0,-0.006720000,2,-0.678000,6,0.000000000,2048,0.000000000,0,12.500,38,24661,0,1,
111838693322537,111838689671482,111838691312659,111838693322537,1299,12.990000000,center_after_minus_a2,hardware_error,0,0.000000000,2048,,,,,,,,,,,,,,,,,,0
111838703410312,111838699669843,111838701319539,111838703410312,1300,13.000000000,center_after_minus_a2,state,0,0.000000000,2048,0.001533981,2047,0.000000000,0,-0.006720000,2,-0.678000,6,0.000000000,2048,0.000000000,0,12.500,38,24681,0,1,
111838713426031,111838709670102,111838711309340,111838713426031,1301,13.010000000,center_after_minus_a2,state,0,0.000000000,2048,0.001533981,2047,0.000000000,0,-0.003360000,1,-0.678000,6,0.000000000,2048,0.000000000,0,12.500,38,24691,0,1,
111838723419960,111838719668193,111838721316596,111838723419960,1302,13.020000000,center_after_minus_a2,state,0,0.000000000,2048,0.001533981,2047,0.000000000,0,0.000000000,0,-0.791000,7,0.000000000,2048,0.000000000,0,12.500,38,24701,0,1,
111838733408815,111838729669291,111838731310644,111838733408815,1303,13.030000000,center_after_minus_a2,state,0,0.000000000,2048,0.001533981,2047,0.000000000,0,-0.006720000,2,-0.678000,6,0.000000000,2048,0.000000000,0,12.500,38,24711,0,1,
111838743412062,111838739671664,111838741311310,111838743412062,1304,13.040000000,center_after_minus_a2,state,0,0.000000000,2048,0.001533981,2047,0.000000000,0,-0.006720000,2,-0.678000,6,0.000000000,2048,0.000000000,0,12.500,38,24721,0,1,
111838753408974,111838749668806,111838751316270,111838753408974,1305,13.050000000,center_after_minus_a2,state,0,0.000000000,2048,0.001533981,2047,0.000000000,0,-0.003360000,1,-0.339000,3,0.000000000,2048,0.000000000,0,12.500,38,24731,0,1,
111838763407802,111838759616697,111838761312615,111838763407802,1306,13.060000000,center_after_minus_a2,state,0,0.000000000,2048,0.001533981,2047,0.000000000,0,-0.003360000,1,-0.791000,7,0.000000000,2048,0.000000000,0,12.500,38,24741,0,1,
111838773411217,111838769675398,111838771312192,111838773411217,1307,13.070000000,center_after_minus_a2,state,0,0.000000000,2048,0.001533981,2047,0.000000000,0,-0.003360000,1,-0.565000,5,0.000000000,2048,0.000000000,0,12.500,38,24751,0,1,
111838783405942,111838779668520,111838781316391,111838783405942,1308,13.080000000,center_after_minus_a2,state,0,0.000000000,2048,0.001533981,2047,0.000000000,0,-0.003360000,1,-0.791000,7,0.000000000,2048,0.000000000,0,12.500,38,24761,0,1,
111838793413839,111838789672322,111838791310737,111838793413839,1309,13.090000000,center_after_minus_a2,state,0,0.000000000,2048,0.001533981,2047,0.000000000,0,-0.003360000,1,-0.791000,7,0.000000000,2048,0.000000000,0,12.500,38,24771,0,1,
111838803405883,111838799667940,111838801314807,111838803405883,1310,13.100000000,center_after_minus_a2,state,0,0.000000000,2048,0.000000000,2048,0.000000000,0,-0.003360000,1,-0.904000,8,0.000000000,2048,0.000000000,0,12.500,38,24781,0,1,
111838813475981,111838809674744,111838811389646,111838813475981,1311,13.110000000,center_after_minus_a2,state,0,0.000000000,2048,0.001533981,2047,0.000000000,0,-0.006720000,2,-0.791000,7,0.000000000,2048,0.000000000,0,12.500,38,24791,0,1,
111838823461112,111838819593721,111838821376931,111838823461112,1312,13.120000000,center_after_minus_a2,state,0,0.000000000,2048,0.001533981,2047,0.000000000,0,-0.006720000,2,-0.678000,6,0.000000000,2048,0.000000000,0,12.500,38,24801,0,1,
111838833446521,111838829593502,111838831361414,111838833446521,1313,13.130000000,center_after_minus_a2,state,0,0.000000000,2048,0.001533981,2047,0.000000000,0,-0.003360000,1,-0.678000,6,0.000000000,2048,0.000000000,0,12.500,38,24811,0,1,
111838843453106,111838839592507,111838841360772,111838843453106,1314,13.140000000,center_after_minus_a2,state,0,0.000000000,2048,0.000000000,2048,0.000000000,0,-0.006720000,2,-0.565000,5,0.000000000,2048,0.000000000,0,12.500,38,24821,0,1,
111838853466405,111838849591625,111838851362296,111838853466405,1315,13.150000000,center_after_minus_a2,state,0,0.000000000,2048,0.001533981,2047,0.000000000,0,-0.003360000,1,-0.904000,8,0.000000000,2048,0.000000000,0,12.500,38,24831,0,1,
111838863463511,111838859590205,111838861374848,111838863463511,1316,13.160000000,center_after_minus_a2,state,0,0.000000000,2048,0.001533981,2047,0.000000000,0,-0.006720000,2,-0.904000,8,0.000000000,2048,0.000000000,0,12.500,38,24841,0,1,
111838873447360,111838869592405,111838871358356,111838873447360,1317,13.170000000,center_after_minus_a2,state,0,0.000000000,2048,0.001533981,2047,0.000000000,0,-0.003360000,1,-0.791000,7,0.000000000,2048,0.000000000,0,12.500,38,24851,0,1,
111838883450303,111838879592388,111838881368936,111838883450303,1318,13.180000000,center_after_minus_a2,state,0,0.000000000,2048,0.001533981,2047,0.000000000,0,-0.003360000,1,-0.678000,6,0.000000000,2048,0.000000000,0,12.500,38,24861,0,1,
111838893445407,111838889591413,111838891360928,111838893445407,1319,13.190000000,center_after_minus_a2,state,0,0.000000000,2048,0.001533981,2047,0.000000000,0,-0.003360000,1,-0.678000,6,0.000000000,2048,0.000000000,0,12.500,38,24871,0,1,
111838903454393,111838899591761,111838901370245,111838903454393,1320,13.200000000,center_after_minus_a2,state,0,0.000000000,2048,0.001533981,2047,0.000000000,0,0.000000000,0,-0.565000,5,0.000000000,2048,0.000000000,0,12.500,38,24881,0,1,
111838913455103,111838909591525,111838911375352,111838913455103,1321,13.210000000,center_after_minus_a2,state,0,0.000000000,2048,0.001533981,2047,0.000000000,0,-0.003360000,1,-0.791000,7,0.000000000,2048,0.000000000,0,12.500,38,24891,0,1,
111838923445505,111838919591213,111838921363246,111838923445505,1322,13.220000000,center_after_minus_a2,state,0,0.000000000,2048,0.001533981,2047,0.000000000,0,-0.003360000,1,-0.678000,6,0.000000000,2048,0.000000000,0,12.500,38,24901,0,1,
111838933452808,111838929592082,111838931360493,111838933452808,1323,13.230000000,center_after_minus_a2,state,0,0.000000000,2048,0.001533981,2047,0.000000000,0,0.000000000,0,-0.791000,7,0.000000000,2048,0.000000000,0,12.500,38,24911,0,1,
111838943425462,111838939592510,111838941358866,111838943425462,1324,13.240000000,center_after_minus_a2,state,0,0.000000000,2048,0.001533981,2047,0.000000000,0,-0.006720000,2,-0.678000,6,0.000000000,2048,0.000000000,0,12.500,38,24921,0,1,
111838953367276,111838949593819,111838951330730,111838953367276,1325,13.250000000,center_after_minus_a2,state,0,0.000000000,2048,0.001533981,2047,0.000000000,0,-0.006720000,2,-0.904000,8,0.000000000,2048,0.000000000,0,12.500,38,24931,0,1,
111838963378599,111838959591683,111838961336144,111838963378599,1326,13.260000000,center_after_minus_a2,state,0,0.000000000,2048,0.001533981,2047,0.000000000,0,-0.003360000,1,-0.791000,7,0.000000000,2048,0.000000000,0,12.500,38,24941,0,1,
111838973350151,111838969589917,111838971353531,111838973350151,1327,13.270000000,center_after_minus_a2,state,0,0.000000000,2048,0.001533981,2047,0.000000000,0,-0.003360000,1,-0.791000,7,0.000000000,2048,0.000000000,0,12.500,38,24951,0,1,
111838983401595,111838979591369,111838981317306,111838983401595,1328,13.280000000,center_after_minus_a2,state,0,0.000000000,2048,0.001533981,2047,0.000000000,0,-0.006720000,2,-0.113000,1,0.000000000,2048,0.000000000,0,12.500,38,24961,0,1,
111838993418304,111838989591462,111838991348063,111838993418304,1329,13.290000000,center_after_minus_a2,state,0,0.000000000,2048,0.001533981,2047,0.000000000,0,-0.006720000,2,-0.452000,4,0.000000000,2048,0.000000000,0,12.500,38,24971,0,1,
111839003424320,111838999591859,111839001343564,111839003424320,1330,13.300000000,center_after_minus_a2,state,0,0.000000000,2048,0.001533981,2047,0.000000000,0,-0.003360000,1,-0.678000,6,0.000000000,2048,0.000000000,0,12.500,38,24981,0,1,
111839013434966,111839009591566,111839011346611,111839013434966,1331,13.310000000,center_after_minus_a2,state,0,0.000000000,2048,0.001533981,2047,0.000000000,0,-0.003360000,1,-0.678000,6,0.000000000,2048,0.000000000,0,12.500,38,24991,0,1,
111839023436201,111839019591974,111839021340316,111839023436201,1332,13.320000000,center_after_minus_a2,state,0,0.000000000,2048,0.000000000,2048,0.000000000,0,-0.003360000,1,-0.791000,7,0.000000000,2048,0.000000000,0,12.500,38,25001,0,1,
111839033432217,111839029591242,111839031349619,111839033432217,1333,13.330000000,center_after_minus_a2,state,0,0.000000000,2048,0.001533981,2047,0.000000000,0,-0.003360000,1,-0.565000,5,0.000000000,2048,0.000000000,0,12.500,38,25011,0,1,
111839043427402,111839039592724,111839041338825,111839043427402,1334,13.340000000,center_after_minus_a2,state,0,0.000000000,2048,0.001533981,2047,0.000000000,0,-0.003360000,1,-0.791000,7,0.000000000,2048,0.000000000,0,12.500,38,25021,0,1,
111839053432686,111839049592173,111839051347920,111839053432686,1335,13.350000000,center_after_minus_a2,state,0,0.000000000,2048,0.001533981,2047,0.000000000,0,-0.003360000,1,-0.791000,7,0.000000000,2048,0.000000000,0,12.500,38,25031,0,1,
111839063427996,111839059591733,111839061338708,111839063427996,1336,13.360000000,center_after_minus_a2,state,0,0.000000000,2048,0.001533981,2047,0.000000000,0,-0.003360000,1,-0.904000,8,0.000000000,2048,0.000000000,0,12.500,38,25041,0,1,
111839073428105,111839069591904,111839071346595,111839073428105,1337,13.370000000,center_after_minus_a2,state,0,0.000000000,2048,0.001533981,2047,0.000000000,0,-0.003360000,1,-0.904000,8,0.000000000,2048,0.000000000,0,12.500,38,25051,0,1,
111839083424246,111839079591201,111839081340817,111839083424246,1338,13.380000000,center_after_minus_a2,state,0,0.000000000,2048,0.001533981,2047,0.000000000,0,-0.006720000,2,-0.678000,6,0.000000000,2048,0.000000000,0,12.500,38,25061,0,1,
111839093431482,111839089591989,111839091344127,111839093431482,1339,13.390000000,center_after_minus_a2,state,0,0.000000000,2048,0.000000000,2048,0.000000000,0,-0.003360000,1,-0.452000,4,0.000000000,2048,0.000000000,0,12.500,38,25071,0,1,
111839103426518,111839099591513,111839101342415,111839103426518,1340,13.400000000,center_after_minus_a2,state,0,0.000000000,2048,0.001533981,2047,0.000000000,0,-0.003360000,1,-0.791000,7,0.000000000,2048,0.000000000,0,12.500,38,25081,0,1,
111839113437360,111839109595714,111839111344402,111839113437360,1341,13.410000000,center_after_minus_a2,state,0,0.000000000,2048,0.001533981,2047,0.000000000,0,-0.003360000,1,-0.791000,7,0.000000000,2048,0.000000000,0,12.500,38,25091,0,1,
111839123425498,111839119592000,111839121339137,111839123425498,1342,13.420000000,center_after_minus_a2,state,0,0.000000000,2048,0.001533981,2047,0.000000000,0,-0.003360000,1,-0.791000,7,0.000000000,2048,0.000000000,0,12.500,38,25101,0,1,
111839133424586,111839129591409,111839131338444,111839133424586,1343,13.430000000,center_after_minus_a2,state,0,0.000000000,2048,0.001533981,2047,0.000000000,0,-0.006720000,2,-0.791000,7,0.000000000,2048,0.000000000,0,12.500,38,25111,0,1,
111839143437309,111839139591313,111839141339740,111839143437309,1344,13.440000000,center_after_minus_a2,state,0,0.000000000,2048,0.001533981,2047,0.000000000,0,-0.003360000,1,-0.791000,7,0.000000000,2048,0.000000000,0,12.500,38,25121,0,1,
111839153428414,111839149591964,111839151339264,111839153428414,1345,13.450000000,center_after_minus_a2,state,0,0.000000000,2048,0.001533981,2047,0.000000000,0,-0.003360000,1,-0.452000,4,0.000000000,2048,0.000000000,0,12.500,38,25131,0,1,
111839163428793,111839159591365,111839161341611,111839163428793,1346,13.460000000,center_after_minus_a2,state,0,0.000000000,2048,0.001533981,2047,0.000000000,0,-0.003360000,1,-0.791000,7,0.000000000,2048,0.000000000,0,12.500,38,25141,0,1,
111839173425940,111839169592411,111839171359911,111839173425940,1347,13.470000000,center_after_minus_a2,state,0,0.000000000,2048,0.001533981,2047,0.000000000,0,-0.003360000,1,-0.904000,8,0.000000000,2048,0.000000000,0,12.500,38,25151,0,1,
111839183429939,111839179592183,111839181342254,111839183429939,1348,13.480000000,center_after_minus_a2,state,0,0.000000000,2048,0.001533981,2047,0.000000000,0,-0.003360000,1,-0.791000,7,0.000000000,2048,0.000000000,0,12.500,38,25161,0,1,
111839193438772,111839189591793,111839191344516,111839193438772,1349,13.490000000,center_after_minus_a2,state,0,0.000000000,2048,0.001533981,2047,0.000000000,0,-0.003360000,1,-0.678000,6,0.000000000,2048,0.000000000,0,12.500,38,25171,0,1,
111839203440784,111839199591872,111839201338935,111839203440784,1350,13.500000000,plus_a3,state,0,0.105000000,1980,0.001533981,2047,0.000000000,0,0.191520000,-57,10.735000,-95,0.104310694,1980,0.000000000,0,12.500,38,25181,0,0,
111839213427545,111839209591806,111839211345839,111839213427545,1351,13.510000000,plus_a3,state,0,0.105000000,1980,0.004601942,2045,0.000000000,0,0.561120000,-167,27.346000,-242,0.104310694,1980,0.000000000,0,12.500,38,25191,0,0,
111839223422668,111839219591680,111839221357989,111839223422668,1352,13.520000000,plus_a3,state,0,0.105000000,1980,0.015339808,2038,0.047961648,-2,0.520800000,-155,34.691000,-307,0.104310694,1980,0.000000000,0,12.300,38,25201,0,0,
111839233437818,111839229591915,111839231339307,111839233437818,1353,13.530000000,plus_a3,state,0,0.105000000,1980,0.030679616,2028,0.167865767,-7,0.426720000,-127,40.680000,-360,0.104310694,1980,0.000000000,0,12.300,38,25211,0,0,
111839243429622,111839239591365,111839241350517,111839243429622,1354,13.540000000,plus_a3,state,0,0.105000000,1980,0.049087385,2016,0.335731535,-14,0.346080000,-103,45.765000,-405,0.104310694,1980,0.000000000,0,12.300,38,25221,1,0,
111839253431075,111839249591794,111839251348544,111839253431075,1355,13.550000000,plus_a3,state,0,0.105000000,1980,0.072097097,2001,0.599520598,-25,0.211680000,-63,48.025000,-425,0.104310694,1980,0.000000000,0,12.300,38,25231,1,0,
111839263424234,111839259592039,111839261337737,111839263424234,1356,13.560000000,plus_a3,state,0,0.105000000,1980,0.096640790,1985,0.887290485,-37,0.067200000,-20,48.138000,-426,0.104310694,1980,0.000000000,0,12.400,38,25241,1,1,
111839273425297,111839269591656,111839271339595,111839273425297,1357,13.570000000,plus_a3,state,0,0.105000000,1980,0.121184482,1969,1.223022020,-51,0.137760000,-41,18.080000,-160,0.104310694,1980,0.000000000,0,12.500,38,25251,1,1,
111839283425862,111839279591101,111839281371193,111839283425862,1358,13.580000000,plus_a3,state,0,0.105000000,1980,0.139592252,1957,1.534772731,-64,-0.171360000,51,22.374000,-198,0.104310694,1980,0.000000000,0,12.600,38,25261,1,0,
111839293430824,111839289592190,111839291338096,111839293430824,1359,13.590000000,plus_a3,state,0,0.105000000,1980,0.151864098,1949,1.750600146,-73,-0.258720000,77,16.950000,-150,0.104310694,1980,0.000000000,0,12.400,38,25271,1,0,
111839303428068,111839299590717,111839301346140,111839303428068,1360,13.600000000,plus_a3,state,0,0.105000000,1980,0.161067983,1943,1.822542618,-76,-0.329280000,98,13.447000,-119,0.104310694,1980,0.000000000,0,12.600,38,25281,1,0,
111839313436802,111839309592112,111839311343225,111839313436802,1361,13.610000000,plus_a3,state,0,0.105000000,1980,0.168737887,1938,1.798561794,-75,-0.372960000,111,9.040000,-80,0.104310694,1980,0.000000000,0,12.600,38,25291,1,0,
111839323433902,111839319592450,111839321336190,111839323433902,1362,13.620000000,plus_a3,state,0,0.105000000,1980,0.174873810,1934,1.678657675,-70,-0.393120000,117,2.825000,-25,0.104310694,1980,0.000000000,0,12.400,38,25301,1,0,
111839333423011,111839329591963,111839331341377,111839333423011,1363,13.630000000,plus_a3,state,0,0.105000000,1980,0.177941771,1932,1.486811083,-62,-0.399840000,119,-8.249000,73,0.104310694,1980,0.000000000,0,12.500,38,25311,1,0,
111839343427245,111839339595827,111839341346533,111839343427245,1364,13.640000000,plus_a3,state,0,0.105000000,1980,0.174873810,1934,1.199041196,-50,-0.389760000,116,-19.436000,172,0.104310694,1980,0.000000000,0,12.500,38,25321,1,0,
111839353430645,111839349592512,111839351322167,111839353430645,1365,13.650000000,plus_a3,state,0,0.105000000,1980,0.168737887,1938,0.887290485,-37,-0.386400000,115,-24.973000,221,0.104310694,1980,0.000000000,0,12.300,38,25331,1,0,
111839363428355,111839359590430,111839361346565,111839363428355,1366,13.660000000,plus_a3,state,0,0.105000000,1980,0.159534002,1944,0.575539774,-24,-0.319200000,95,-28.928000,256,0.104310694,1980,0.000000000,0,12.400,38,25341,1,0,
111839373427904,111839369591974,111839371323242,111839373427904,1367,13.670000000,plus_a3,state,0,0.105000000,1980,0.145728175,1953,0.263789063,-11,-0.235200000,70,-32.657000,289,0.104310694,1980,0.000000000,0,12.600,41,25351,1,0,
111839383421516,111839379591764,111839381340171,111839383421516,1368,13.680000000,plus_a3,state,0,0.105000000,1980,0.128854386,1964,-0.047961648,2,-0.168000000,50,-33.787000,299,0.104310694,1980,0.000000000,0,12.400,39,25361,0,0,
111839393409567,111839389591833,111839391337085,111839393409567,1369,13.690000000,plus_a3,state,0,0.105000000,1980,0.111980598,1975,-0.383693183,16,-0.067200000,20,-33.222000,294,0.104310694,1980,0.000000000,0,12.500,38,25371,1,1,
111839403395028,111839399591929,111839401317606,111839403395028,1370,13.700000000,plus_a3,state,0,0.105000000,1980,0.095106809,1986,-0.719424718,30,-0.070560000,21,-18.080000,160,0.104310694,1980,0.000000000,0,12.600,39,25381,1,1,
111839413395918,111839409590409,111839411319914,111839413395918,1371,13.710000000,plus_a3,state,0,0.105000000,1980,0.082834963,1994,-0.983213781,41,0.026880000,-8,-8.023000,71,0.104310694,1980,0.000000000,0,12.600,39,25391,1,0,
111839423404515,111839419591929,111839421329552,111839423404515,1372,13.720000000,plus_a3,state,0,0.105000000,1980,0.075165059,1999,-1.175060372,49,0.104160000,-31,-2.147000,19,0.104310694,1980,0.000000000,0,12.500,39,25401,1,0,
111839433399375,111839429592314,111839431321888,111839433399375,1373,13.730000000,plus_a3,state,0,0.105000000,1980,0.070563116,2002,-1.247002844,52,0.268800000,-80,-0.339000,3,0.104310694,1980,0.000000000,0,12.500,39,25411,1,0,
111839443415163,111839439591610,111839441318122,111839443415163,1374,13.740000000,plus_a3,state,0,0.105000000,1980,0.070563116,2002,-1.199041196,50,0.191520000,-57,5.876000,-52,0.104310694,1980,0.000000000,0,12.500,39,25421,1,0,
111839453404255,111839449591747,111839451325205,111839453404255,1375,13.750000000,plus_a3,state,0,0.105000000,1980,0.072097097,2001,-1.055156253,44,0.188160000,-56,16.159000,-143,0.104310694,1980,0.000000000,0,12.400,39,25431,1,0,
111839463407163,111839459591793,111839461321129,111839463407163,1376,13.760000000,plus_a3,state,0,0.105000000,1980,0.075165059,1999,-0.863309661,36,0.127680000,-38,19.549000,-173,0.104310694,1980,0.000000000,0,12.600,39,25441,1,0,
111839473406505,111839469591841,111839471329207,111839473406505,1377,13.770000000,plus_a3,state,0,0.105000000,1980,0.085902924,1992,-0.575539774,24,0.120960000,-36,22.035000,-195,0.104310694,1980,0.000000000,0,12.400,39,25451,1,0,
111839483408061,111839479592005,111839481330247,111839483408061,1378,13.780000000,plus_a3,state,0,0.105000000,1980,0.093572828,1987,-0.263789063,11,0.073920000,-22,22.939000,-203,0.104310694,1980,0.000000000,0,12.400,39,25461,1,1,
111839493403276,111839489591833,111839491324038,111839493403276,1379,13.790000000,plus_a3,state,0,0.105000000,1980,0.104310694,1980,0.000000000,0,0.006720000,-2,22.826000,-202,0.104310694,1980,0.000000000,0,12.600,39,25471,0,1,
111839503404689,111839499592332,111839501318318,111839503404689,1380,13.800000000,plus_a3,state,0,0.105000000,1980,0.115048559,1973,0.263789063,-11,0.036960000,-11,2.712000,-24,0.104310694,1980,0.000000000,0,12.700,39,25481,1,1,
111839513408026,111839509590624,111839511317536,111839513408026,1381,13.810000000,plus_a3,state,0,0.105000000,1980,0.122718463,1968,0.479616478,-20,-0.030240000,9,4.520000,-40,0.104310694,1980,0.000000000,0,12.500,38,25491,1,0,
111839523405073,111839519591733,111839521323294,111839523405073,1382,13.820000000,plus_a3,state,0,0.105000000,1980,0.127320405,1965,0.647482246,-27,-0.094080000,28,2.712000,-24,0.104310694,1980,0.000000000,0,12.500,38,25501,1,0,
111839533413823,111839529590971,111839531318489,111839533413823,1383,13.830000000,plus_a3,state,0,0.105000000,1980,0.128854386,1964,0.695443894,-29,-0.134400000,40,-1.695000,15,0.104310694,1980,0.000000000,0,12.500,38,25511,1,0,
111839543408483,111839539591401,111839541316554,111839543408483,1384,13.840000000,plus_a3,state,0,0.105000000,1980,0.127320405,1965,0.695443894,-29,-0.117600000,35,-6.893000,61,0.104310694,1980,0.000000000,0,12.500,38,25521,1,0,
111839553394793,111839549591199,111839551331367,111839553394793,1385,13.850000000,plus_a3,state,0,0.105000000,1980,0.124252444,1967,0.599520598,-25,-0.134400000,40,-13.673000,121,0.104310694,1980,0.000000000,0,12.500,38,25531,1,0,
111839563401570,111839559592018,111839561319174,111839563401570,1386,13.860000000,plus_a3,state,0,0.105000000,1980,0.122718463,1968,0.455635655,-19,-0.104160000,31,-14.916000,132,0.104310694,1980,0.000000000,0,12.600,38,25541,1,0,
111839573407658,111839569591798,111839571321506,111839573407658,1387,13.870000000,plus_a3,state,0,0.105000000,1980,0.116582540,1972,0.263789063,-11,-0.084000000,25,-16.385000,145,0.104310694,1980,0.000000000,0,12.500,38,25551,1,1,
111839583412534,111839579591954,111839581324433,111839583412534,1388,13.880000000,plus_a3,state,0,0.105000000,1980,0.108912636,1977,0.071942472,-3,-0.033600000,10,-16.724000,148,0.104310694,1980,0.000000000,0,12.400,38,25561,0,1,
111839593400579,111839589591611,111839591317714,111839593400579,1389,13.890000000,plus_a3,state,0,0.105000000,1980,0.099708751,1983,-0.095923296,4,-0.026880000,8,-10.848000,96,0.104310694,1980,0.000000000,0,12.600,38,25571,0,1,
111839603412605,111839599590780,111839601318316,111839603412605,1390,13.900000000,plus_a3,state,0,0.105000000,1980,0.093572828,1987,-0.263789063,11,0.060480000,-18,-3.955000,35,0.104310694,1980,0.000000000,0,12.600,38,25581,1,1,
111839613414732,111839609592319,111839611320374,111839613414732,1391,13.910000000,plus_a3,state,0,0.105000000,1980,0.090504866,1989,-0.383693183,16,-0.003360000,1,0.452000,-4,0.104310694,1980,0.000000000,0,12.500,38,25591,1,1,
111839623401358,111839619592452,111839621315046,111839623401358,1392,13.920000000,plus_a3,state,0,0.105000000,1980,0.088970886,1990,-0.455635655,19,0.070560000,-21,2.373000,-21,0.104310694,1980,0.000000000,0,12.500,38,25601,1,1,
111839633404259,111839629592332,111839631317244,111839633404259,1393,13.930000000,plus_a3,state,0,0.105000000,1980,0.088970886,1990,-0.479616478,20,0.077280000,-23,3.729000,-33,0.104310694,1980,0.000000000,0,12.500,38,25611,1,1,
111839643399184,111839639592051,111839641320603,111839643399184,1394,13.940000000,plus_a3,state,0,0.105000000,1980,0.090504866,1989,-0.431654831,18,0.077280000,-23,8.023000,-71,0.104310694,1980,0.000000000,0,12.500,38,25621,1,1,
111839653408585,111839649592584,111839651334387,111839653408585,1395,13.950000000,plus_a3,state,0,0.105000000,1980,0.093572828,1987,-0.359712359,15,0.063840000,-19,16.272000,-144,0.104310694,1980,0.000000000,0,12.600,38,25631,1,1,
111839663410191,111839659592131,111839661333425,111839663410191,1396,13.960000000,plus_a3,state,0,0.105000000,1980,0.099708751,1983,-0.215827415,9,0.020160000,-6,17.741000,-157,0.104310694,1980,0.000000000,0,12.600,38,25641,0,1,
111839673411374,111839669591661,111839671330876,111839673411374,1397,13.970000000,plus_a3,state,0,0.105000000,1980,0.105844674,1979,-0.071942472,3,0.003360000,-1,17.176000,-152,0.104310694,1980,0.000000000,0,12.500,38,25651,0,1,
111839683411965,111839679591303,111839681328686,111839683411965,1398,13.980000000,plus_a3,state,0,0.105000000,1980,0.113514578,1974,0.071942472,-3,-0.003360000,1,9.718000,-86,0.104310694,1980,0.000000000,0,12.400,38,25661,0,1,
111839693346815,111839689591850,111839691319819,111839693346815,1399,13.990000000,plus_a3,hardware_error,0,0.105000000,1980,,,,,,,,,,,,,,,,,,0
111839703410272,111839699591731,111839701324324,111839703410272,1400,14.000000000,plus_a3,state,0,0.105000000,1980,0.121184482,1969,0.335731535,-14,-0.080640000,24,-0.678000,6,0.104310694,1980,0.000000000,0,12.500,38,25681,1,1,
111839713407886,111839709591881,111839711318402,111839713407886,1401,14.010000000,plus_a3,state,0,0.105000000,1980,0.121184482,1969,0.383693183,-16,-0.090720000,27,-3.051000,27,0.104310694,1980,0.000000000,0,12.500,38,25691,1,1,
111839723418667,111839719591615,111839721324870,111839723418667,1402,14.020000000,plus_a3,state,0,0.105000000,1980,0.121184482,1969,0.407674007,-17,-0.080640000,24,-8.136000,72,0.104310694,1980,0.000000000,0,12.500,38,25701,1,1,
111839733414714,111839729591719,111839731315411,111839733414714,1403,14.030000000,plus_a3,state,0,0.105000000,1980,0.118116521,1971,0.359712359,-15,-0.077280000,23,-11.752000,104,0.104310694,1980,0.000000000,0,12.500,38,25711,1,1,
111839743407501,111839739591850,111839741319709,111839743407501,1404,14.040000000,plus_a3,state,0,0.105000000,1980,0.115048559,1973,0.263789063,-11,-0.043680000,13,-13.334000,118,0.104310694,1980,0.000000000,0,12.400,38,25721,1,1,
111839753402973,111839749591499,111839751320085,111839753402973,1405,14.050000000,plus_a3,state,0,0.105000000,1980,0.110446617,1976,0.143884944,-6,-0.033600000,10,-14.125000,125,0.104310694,1980,0.000000000,0,12.500,38,25731,0,1,
111839763434894,111839759591485,111839761298931,111839763434894,1406,14.060000000,plus_a3,state,0,0.105000000,1980,0.102776713,1981,0.000000000,0,-0.003360000,1,-13.786000,122,0.104310694,1980,0.000000000,0,12.500,38,25740,0,1,
111839773403793,111839769592084,111839771307500,111839773403793,1407,14.070000000,plus_a3,state,0,0.105000000,1980,0.096640790,1985,-0.143884944,6,0.060480000,-18,-4.972000,44,0.104310694,1980,0.000000000,0,12.500,38,25751,0,1,
111839783398676,111839779591214,111839781303729,111839783398676,1408,14.080000000,plus_a3,state,0,0.105000000,1980,0.093572828,1987,-0.239808239,10,-0.023520000,7,-0.226000,2,0.104310694,1980,0.000000000,0,12.500,38,25760,0,1,
111839793398959,111839789592142,111839791300443,111839793398959,1409,14.090000000,plus_a3,state,0,0.105000000,1980,0.092038847,1988,-0.311750711,13,0.060480000,-18,1.469000,-13,0.104310694,1980,0.000000000,0,12.500,38,25770,1,1,
111839803409492,111839799591980,111839801317432,111839803409492,1410,14.100000000,plus_a3,state,0,0.105000000,1980,0.092038847,1988,-0.359712359,15,0.070560000,-21,3.503000,-31,0.104310694,1980,0.000000000,0,12.500,38,25781,1,1,
111839813347827,111839809591883,111839811317941,111839813347827,1411,14.110000000,plus_a3,state,0,0.105000000,1980,0.095106809,1986,-0.335731535,14,0.060480000,-18,6.215000,-55,0.104310694,1980,0.000000000,0,12.500,38,25790,1,1,
111839823212062,111839819590995,111839821212556,111839823212062,1412,14.120000000,plus_a3,state,0,0.105000000,1980,0.095106809,1986,-0.287769887,12,0.060480000,-18,4.633000,-41,0.104310694,1980,0.000000000,0,12.500,38,25800,1,1,
111839833214226,111839829591161,111839831212976,111839833214226,1413,14.130000000,plus_a3,state,0,0.105000000,1980,0.096640790,1985,-0.215827415,9,0.047040000,-14,4.520000,-40,0.104310694,1980,0.000000000,0,12.500,38,25810,0,1,
111839843209918,111839839591380,111839841190526,111839843209918,1414,14.140000000,plus_a3,state,0,0.105000000,1980,0.098174770,1984,-0.119904120,5,0.030240000,-9,4.520000,-40,0.104310694,1980,0.000000000,0,12.500,38,25820,0,1,
111839853206519,111839849590503,111839851191045,111839853206519,1415,14.150000000,plus_a3,state,0,0.105000000,1980,0.099708751,1983,-0.023980824,1,0.030240000,-9,4.294000,-38,0.104310694,1980,0.000000000,0,12.500,38,25830,0,1,
111839863212668,111839859590768,111839861195270,111839863212668,1416,14.160000000,plus_a3,state,0,0.105000000,1980,0.102776713,1981,0.023980824,-1,0.016800000,-5,4.181000,-37,0.104310694,1980,0.000000000,0,12.500,38,25840,0,1,
111839873321558,111839869590633,111839871293190,111839873321558,1417,14.170000000,plus_a3,state,0,0.105000000,1980,0.104310694,1980,0.071942472,-3,0.003360000,-1,4.068000,-36,0.104310694,1980,0.000000000,0,12.500,38,25850,0,1,
111839883234766,111839879671704,111839881208004,111839883234766,1418,14.180000000,plus_a3,state,0,0.105000000,1980,0.105844674,1979,0.119904120,-5,-0.006720000,2,0.226000,-2,0.104310694,1980,0.000000000,0,12.500,38,25860,0,1,
111839893231216,111839889672952,111839891212284,111839893231216,1419,14.190000000,plus_a3,state,0,0.105000000,1980,0.105844674,1979,0.119904120,-5,0.000000000,0,-0.226000,2,0.104310694,1980,0.000000000,0,12.500,38,25870,0,1,
111839903225389,111839899673042,111839901280511,111839903225389,1420,14.200000000,plus_a3,state,0,0.105000000,1980,0.105844674,1979,0.119904120,-5,-0.003360000,1,-0.452000,4,0.104310694,1980,0.000000000,0,12.500,38,25880,0,1,
111839913263242,111839909667500,111839911219567,111839913263242,1421,14.210000000,plus_a3,state,0,0.105000000,1980,0.105844674,1979,0.119904120,-5,-0.006720000,2,-0.791000,7,0.104310694,1980,0.000000000,0,12.500,38,25890,0,1,
111839923263129,111839919678263,111839921230340,111839923263129,1422,14.220000000,plus_a3,state,0,0.105000000,1980,0.105844674,1979,0.095923296,-4,-0.003360000,1,-0.565000,5,0.104310694,1980,0.000000000,0,12.500,38,25900,0,1,
111839933281689,111839929664026,111839931220784,111839933281689,1423,14.230000000,plus_a3,state,0,0.105000000,1980,0.105844674,1979,0.071942472,-3,-0.003360000,1,-0.791000,7,0.104310694,1980,0.000000000,0,12.500,38,25910,0,1,
111839943294985,111839939668441,111839941251444,111839943294985,1424,14.240000000,plus_a3,state,0,0.105000000,1980,0.105844674,1979,0.047961648,-2,-0.006720000,2,-0.678000,6,0.104310694,1980,0.000000000,0,12.500,38,25920,0,1,
111839953313925,111839949668203,111839951242581,111839953313925,1425,14.250000000,plus_a3,state,0,0.105000000,1980,0.105844674,1979,0.023980824,-1,-0.003360000,1,-0.791000,7,0.104310694,1980,0.000000000,0,12.500,38,25930,0,1,
111839963339922,111839959669987,111839961269625,111839963339922,1426,14.260000000,plus_a3,state,0,0.105000000,1980,0.105844674,1979,0.000000000,0,-0.006720000,2,-0.791000,7,0.104310694,1980,0.000000000,0,12.500,38,25941,0,1,
111839973359396,111839969667700,111839971247958,111839973359396,1427,14.270000000,plus_a3,state,0,0.105000000,1980,0.105844674,1979,0.000000000,0,-0.003360000,1,-0.791000,7,0.104310694,1980,0.000000000,0,12.500,38,25950,0,1,
111839983350950,111839979667752,111839981249916,111839983350950,1428,14.280000000,plus_a3,state,0,0.105000000,1980,0.104310694,1980,0.000000000,0,-0.003360000,1,-0.791000,7,0.104310694,1980,0.000000000,0,12.500,38,25960,0,1,
111839993364212,111839989667638,111839991251432,111839993364212,1429,14.290000000,plus_a3,state,0,0.105000000,1980,0.104310694,1980,0.000000000,0,-0.006720000,2,-0.678000,6,0.104310694,1980,0.000000000,0,12.500,38,25970,0,1,
111840003363587,111839999605312,111840001247338,111840003363587,1430,14.300000000,plus_a3,state,0,0.105000000,1980,0.104310694,1980,0.000000000,0,-0.003360000,1,-0.565000,5,0.104310694,1980,0.000000000,0,12.500,38,25980,0,1,
111840013348224,111840009672693,111840011258373,111840013348224,1431,14.310000000,plus_a3,state,0,0.105000000,1980,0.105844674,1979,0.000000000,0,-0.003360000,1,-0.791000,7,0.104310694,1980,0.000000000,0,12.500,38,25991,0,1,
111840023352921,111840019674286,111840021252625,111840023352921,1432,14.320000000,plus_a3,state,0,0.105000000,1980,0.105844674,1979,0.000000000,0,-0.003360000,1,-0.791000,7,0.104310694,1980,0.000000000,0,12.500,38,26001,0,1,
111840033351212,111840029667750,111840031253020,111840033351212,1433,14.330000000,plus_a3,state,0,0.105000000,1980,0.104310694,1980,0.000000000,0,-0.003360000,1,-0.678000,6,0.104310694,1980,0.000000000,0,12.500,38,26010,0,1,
111840043353552,111840039667457,111840041252135,111840043353552,1434,14.340000000,plus_a3,state,0,0.105000000,1980,0.105844674,1979,0.000000000,0,-0.006720000,2,-0.565000,5,0.104310694,1980,0.000000000,0,12.500,38,26020,0,1,
111840053344955,111840049668372,111840051267156,111840053344955,1435,14.350000000,plus_a3,state,0,0.105000000,1980,0.105844674,1979,0.000000000,0,-0.006720000,2,-0.565000,5,0.104310694,1980,0.000000000,0,12.500,38,26031,0,1,
111840063342566,111840059670539,111840061252068,111840063342566,1436,14.360000000,plus_a3,state,0,0.105000000,1980,0.105844674,1979,0.000000000,0,-0.003360000,1,-0.904000,8,0.104310694,1980,0.000000000,0,12.500,38,26040,0,1,
111840073347538,111840069673046,111840071246337,111840073347538,1437,14.370000000,plus_a3,state,0,0.105000000,1980,0.104310694,1980,0.000000000,0,-0.003360000,1,-0.339000,3,0.104310694,1980,0.000000000,0,12.500,38,26050,0,1,
111840083352068,111840079675872,111840081245847,111840083352068,1438,14.380000000,plus_a3,state,0,0.105000000,1980,0.105844674,1979,0.000000000,0,-0.003360000,1,-0.678000,6,0.104310694,1980,0.000000000,0,12.500,38,26060,0,1,
111840093359434,111840089669244,111840091257911,111840093359434,1439,14.390000000,plus_a3,state,0,0.105000000,1980,0.105844674,1979,0.000000000,0,-0.003360000,1,-0.904000,8,0.104310694,1980,0.000000000,0,12.500,38,26070,0,1,
111840103346630,111840099672076,111840101250546,111840103346630,1440,14.400000000,plus_a3,state,0,0.105000000,1980,0.104310694,1980,0.000000000,0,0.000000000,0,-0.791000,7,0.104310694,1980,0.000000000,0,12.500,38,26080,0,1,
111840113353437,111840109614439,111840111261444,111840113353437,1441,14.410000000,plus_a3,state,0,0.105000000,1980,0.105844674,1979,0.000000000,0,-0.006720000,2,-0.339000,3,0.104310694,1980,0.000000000,0,12.500,38,26090,0,1,
111840123345956,111840119666470,111840121267351,111840123345956,1442,14.420000000,plus_a3,state,0,0.105000000,1980,0.104310694,1980,0.000000000,0,-0.006720000,2,-0.678000,6,0.104310694,1980,0.000000000,0,12.500,38,26100,0,1,
111840133344955,111840129670728,111840131250758,111840133344955,1443,14.430000000,plus_a3,state,0,0.105000000,1980,0.105844674,1979,0.000000000,0,-0.003360000,1,-0.452000,4,0.104310694,1980,0.000000000,0,12.500,38,26110,0,1,
111840143345695,111840139667622,111840141251047,111840143345695,1444,14.440000000,plus_a3,state,0,0.105000000,1980,0.104310694,1980,0.000000000,0,-0.003360000,1,-0.791000,7,0.104310694,1980,0.000000000,0,12.500,38,26120,0,1,
111840153348508,111840149665731,111840151233505,111840153348508,1445,14.450000000,plus_a3,state,0,0.105000000,1980,0.105844674,1979,0.000000000,0,-0.006720000,2,-0.678000,6,0.104310694,1980,0.000000000,0,12.500,38,26130,0,1,
111840163348417,111840159615810,111840161235539,111840163348417,1446,14.460000000,plus_a3,state,0,0.105000000,1980,0.105844674,1979,0.000000000,0,-0.003360000,1,-0.791000,7,0.104310694,1980,0.000000000,0,12.500,38,26140,0,1,
111840173332668,111840169667077,111840171250461,111840173332668,1447,14.470000000,plus_a3,state,0,0.105000000,1980,0.105844674,1979,0.000000000,0,-0.006720000,2,-0.791000,7,0.104310694,1980,0.000000000,0,12.500,38,26150,0,1,
111840183356822,111840179672893,111840181232629,111840183356822,1448,14.480000000,plus_a3,state,0,0.105000000,1980,0.104310694,1980,0.000000000,0,-0.003360000,1,-0.791000,7,0.104310694,1980,0.000000000,0,12.500,38,26160,0,1,
111840193345297,111840189666599,111840191274621,111840193345297,1449,14.490000000,plus_a3,state,0,0.105000000,1980,0.105844674,1979,0.000000000,0,-0.006720000,2,-0.678000,6,0.104310694,1980,0.000000000,0,12.500,38,26170,0,1,
111840203308544,111840199592507,111840201238983,111840203308544,1450,14.500000000,plus_a3,state,0,0.105000000,1980,0.105844674,1979,0.000000000,0,-0.006720000,2,-0.678000,6,0.104310694,1980,0.000000000,0,12.500,38,26180,0,1,
111840213326083,111840209592728,111840211241683,111840213326083,1451,14.510000000,plus_a3,state,0,0.105000000,1980,0.105844674,1979,0.000000000,0,-0.003360000,1,-0.791000,7,0.104310694,1980,0.000000000,0,12.500,38,26190,0,1,
111840223322508,111840219591663,111840221224653,111840223322508,1452,14.520000000,plus_a3,state,0,0.105000000,1980,0.105844674,1979,0.000000000,0,-0.003360000,1,-0.565000,5,0.104310694,1980,0.000000000,0,12.500,38,26200,0,1,
111840233320721,111840229590858,111840231223184,111840233320721,1453,14.530000000,plus_a3,state,0,0.105000000,1980,0.105844674,1979,0.000000000,0,-0.003360000,1,-0.791000,7,0.104310694,1980,0.000000000,0,12.500,38,26210,0,1,
111840243303413,111840239592121,111840241221992,111840243303413,1454,14.540000000,plus_a3,state,0,0.105000000,1980,0.105844674,1979,0.000000000,0,-0.003360000,1,-0.791000,7,0.104310694,1980,0.000000000,0,12.500,38,26220,0,1,
111840253303524,111840249591594,111840251217163,111840253303524,1455,14.550000000,plus_a3,state,0,0.105000000,1980,0.105844674,1979,0.000000000,0,0.000000000,0,-0.791000,7,0.104310694,1980,0.000000000,0,12.500,38,26230,0,1,
111840263308236,111840259591963,111840261216377,111840263308236,1456,14.560000000,plus_a3,state,0,0.105000000,1980,0.105844674,1979,0.000000000,0,-0.006720000,2,-0.452000,4,0.104310694,1980,0.000000000,0,12.500,38,26240,0,1,
111840273300955,111840269591483,111840271222752,111840273300955,1457,14.570000000,plus_a3,state,0,0.105000000,1980,0.105844674,1979,0.000000000,0,-0.003360000,1,-0.791000,7,0.104310694,1980,0.000000000,0,12.500,38,26250,0,1,
111840283309374,111840279591125,111840281220210,111840283309374,1458,14.580000000,plus_a3,state,0,0.105000000,1980,0.105844674,1979,0.000000000,0,-0.003360000,1,-0.565000,5,0.104310694,1980,0.000000000,0,12.500,38,26260,0,1,
111840293301750,111840289592238,111840291225949,111840293301750,1459,14.590000000,plus_a3,state,0,0.105000000,1980,0.105844674,1979,0.000000000,0,-0.003360000,1,-0.791000,7,0.104310694,1980,0.000000000,0,12.500,38,26270,0,1,
111840303302863,111840299591776,111840301221252,111840303302863,1460,14.600000000,plus_a3,state,0,0.105000000,1980,0.105844674,1979,0.000000000,0,-0.003360000,1,-0.791000,7,0.104310694,1980,0.000000000,0,12.500,38,26280,0,1,
111840313298714,111840309592215,111840311224426,111840313298714,1461,14.610000000,plus_a3,state,0,0.105000000,1980,0.105844674,1979,0.000000000,0,-0.003360000,1,-0.904000,8,0.104310694,1980,0.000000000,0,12.500,38,26290,0,1,
111840323300840,111840319591851,111840321222119,111840323300840,1462,14.620000000,plus_a3,state,0,0.105000000,1980,0.105844674,1979,0.000000000,0,-0.010080000,3,-0.791000,7,0.104310694,1980,0.000000000,0,12.500,38,26300,0,1,
111840333305106,111840329590548,111840331220085,111840333305106,1463,14.630000000,plus_a3,state,0,0.105000000,1980,0.105844674,1979,0.000000000,0,-0.006720000,2,-0.904000,8,0.104310694,1980,0.000000000,0,12.500,38,26310,0,1,
111840343312796,111840339596334,111840341223592,111840343312796,1464,14.640000000,plus_a3,state,0,0.105000000,1980,0.105844674,1979,0.000000000,0,-0.003360000,1,-0.791000,7,0.104310694,1980,0.000000000,0,12.500,38,26320,0,1,
111840353305019,111840349592923,111840351220587,111840353305019,1465,14.650000000,plus_a3,state,0,0.105000000,1980,0.105844674,1979,0.000000000,0,-0.003360000,1,-0.904000,8,0.104310694,1980,0.000000000,0,12.500,38,26330,0,1,
111840363306795,111840359592368,111840361220076,111840363306795,1466,14.660000000,plus_a3,state,0,0.105000000,1980,0.105844674,1979,0.000000000,0,-0.003360000,1,-0.791000,7,0.104310694,1980,0.000000000,0,12.500,38,26340,0,1,
111840373305345,111840369592197,111840371217438,111840373305345,1467,14.670000000,plus_a3,state,0,0.105000000,1980,0.105844674,1979,0.000000000,0,-0.003360000,1,-0.791000,7,0.104310694,1980,0.000000000,0,12.500,38,26350,0,1,
111840383302122,111840379592055,111840381219433,111840383302122,1468,14.680000000,plus_a3,state,0,0.105000000,1980,0.105844674,1979,0.000000000,0,-0.003360000,1,-0.791000,7,0.104310694,1980,0.000000000,0,12.500,38,26360,0,1,
111840393305257,111840389592915,111840391225522,111840393305257,1469,14.690000000,plus_a3,state,0,0.105000000,1980,0.105844674,1979,0.000000000,0,-0.003360000,1,-0.452000,4,0.104310694,1980,0.000000000,0,12.500,38,26370,0,1,
111840403305141,111840399592293,111840401221157,111840403305141,1470,14.700000000,plus_a3,state,0,0.105000000,1980,0.104310694,1980,0.000000000,0,-0.003360000,1,-0.791000,7,0.104310694,1980,0.000000000,0,12.500,38,26380,0,1,
111840413309907,111840409592456,111840411217203,111840413309907,1471,14.710000000,plus_a3,state,0,0.105000000,1980,0.104310694,1980,0.000000000,0,-0.003360000,1,-0.678000,6,0.104310694,1980,0.000000000,0,12.500,38,26390,0,1,
111840423305779,111840419591904,111840421218585,111840423305779,1472,14.720000000,plus_a3,state,0,0.105000000,1980,0.104310694,1980,0.000000000,0,-0.003360000,1,-0.791000,7,0.104310694,1980,0.000000000,0,12.500,38,26400,0,1,
111840433301449,111840429591920,111840431218520,111840433301449,1473,14.730000000,plus_a3,state,0,0.105000000,1980,0.105844674,1979,0.000000000,0,-0.003360000,1,-0.226000,2,0.104310694,1980,0.000000000,0,12.500,38,26410,0,1,
111840443298649,111840439590873,111840441219510,111840443298649,1474,14.740000000,plus_a3,state,0,0.105000000,1980,0.104310694,1980,0.000000000,0,-0.003360000,1,-0.904000,8,0.104310694,1980,0.000000000,0,12.500,38,26420,0,1,
111840453307439,111840449591847,111840451218543,111840453307439,1475,14.750000000,plus_a3,state,0,0.105000000,1980,0.105844674,1979,0.000000000,0,-0.006720000,2,-0.791000,7,0.104310694,1980,0.000000000,0,12.500,38,26430,0,1,
111840463300597,111840459592200,111840461221665,111840463300597,1476,14.760000000,plus_a3,state,0,0.105000000,1980,0.105844674,1979,0.000000000,0,-0.003360000,1,-0.678000,6,0.104310694,1980,0.000000000,0,12.500,38,26440,0,1,
111840473303435,111840469591829,111840471217226,111840473303435,1477,14.770000000,plus_a3,state,0,0.105000000,1980,0.105844674,1979,0.000000000,0,-0.006720000,2,-0.904000,8,0.104310694,1980,0.000000000,0,12.500,38,26450,0,1,
111840483305657,111840479591604,111840481220053,111840483305657,1478,14.780000000,plus_a3,state,0,0.105000000,1980,0.105844674,1979,0.000000000,0,-0.006720000,2,-0.678000,6,0.104310694,1980,0.000000000,0,12.500,38,26460,0,1,
111840493303139,111840489591560,111840491222875,111840493303139,1479,14.790000000,plus_a3,state,0,0.105000000,1980,0.105844674,1979,0.000000000,0,-0.003360000,1,-0.791000,7,0.104310694,1980,0.000000000,0,12.500,38,26470,0,1,
111840503310649,111840499591636,111840501218891,111840503310649,1480,14.800000000,plus_a3,state,0,0.105000000,1980,0.105844674,1979,0.000000000,0,-0.006720000,2,-0.452000,4,0.104310694,1980,0.000000000,0,12.500,38,26480,0,1,
111840513309529,111840509594529,111840511226684,111840513309529,1481,14.810000000,plus_a3,state,0,0.105000000,1980,0.105844674,1979,0.000000000,0,0.000000000,0,-0.226000,2,0.104310694,1980,0.000000000,0,12.500,38,26490,0,1,
111840523306161,111840519592934,111840521217992,111840523306161,1482,14.820000000,plus_a3,state,0,0.105000000,1980,0.105844674,1979,0.000000000,0,-0.003360000,1,-0.113000,1,0.104310694,1980,0.000000000,0,12.500,38,26500,0,1,
111840533309755,111840529591186,111840531221316,111840533309755,1483,14.830000000,plus_a3,state,0,0.105000000,1980,0.104310694,1980,0.000000000,0,-0.003360000,1,-0.339000,3,0.104310694,1980,0.000000000,0,12.500,38,26510,0,1,
111840543305568,111840539590564,111840541217550,111840543305568,1484,14.840000000,plus_a3,state,0,0.105000000,1980,0.105844674,1979,0.000000000,0,-0.003360000,1,-0.791000,7,0.104310694,1980,0.000000000,0,12.500,38,26520,0,1,
111840553301215,111840549592066,111840551222305,111840553301215,1485,14.850000000,plus_a3,state,0,0.105000000,1980,0.105844674,1979,0.000000000,0,-0.003360000,1,-0.678000,6,0.104310694,1980,0.000000000,0,12.500,38,26530,0,1,
111840563305896,111840559591592,111840561219354,111840563305896,1486,14.860000000,plus_a3,state,0,0.105000000,1980,0.105844674,1979,0.000000000,0,-0.006720000,2,-0.791000,7,0.104310694,1980,0.000000000,0,12.500,38,26540,0,1,
111840573305831,111840569591623,111840571202413,111840573305831,1487,14.870000000,plus_a3,state,0,0.105000000,1980,0.105844674,1979,0.000000000,0,-0.003360000,1,-0.791000,7,0.104310694,1980,0.000000000,0,12.500,38,26550,0,1,
111840583304429,111840579591649,111840581224130,111840583304429,1488,14.880000000,plus_a3,state,0,0.105000000,1980,0.105844674,1979,0.000000000,0,-0.003360000,1,-0.791000,7,0.104310694,1980,0.000000000,0,12.500,38,26560,0,1,
111840593301950,111840589591451,111840591216931,111840593301950,1489,14.890000000,plus_a3,state,0,0.105000000,1980,0.105844674,1979,0.000000000,0,-0.003360000,1,-0.565000,5,0.104310694,1980,0.000000000,0,12.500,38,26570,0,1,
111840603303451,111840599591542,111840601201045,111840603303451,1490,14.900000000,plus_a3,state,0,0.105000000,1980,0.105844674,1979,0.000000000,0,-0.003360000,1,-0.904000,8,0.104310694,1980,0.000000000,0,12.500,38,26580,0,1,
111840613280861,111840609591970,111840611217237,111840613280861,1491,14.910000000,plus_a3,state,0,0.105000000,1980,0.105844674,1979,0.000000000,0,-0.003360000,1,-0.791000,7,0.104310694,1980,0.000000000,0,12.500,38,26590,0,1,
111840623281273,111840619592631,111840621219659,111840623281273,1492,14.920000000,plus_a3,state,0,0.105000000,1980,0.105844674,1979,0.000000000,0,-0.006720000,2,-0.904000,8,0.104310694,1980,0.000000000,0,12.500,38,26600,0,1,
111840633280585,111840629592150,111840631220560,111840633280585,1493,14.930000000,plus_a3,state,0,0.105000000,1980,0.105844674,1979,0.000000000,0,-0.003360000,1,-0.791000,7,0.104310694,1980,0.000000000,0,12.500,38,26610,0,1,
111840643289391,111840639591341,111840641217497,111840643289391,1494,14.940000000,plus_a3,state,0,0.105000000,1980,0.105844674,1979,0.000000000,0,-0.003360000,1,-0.678000,6,0.104310694,1980,0.000000000,0,12.500,38,26620,0,1,
111840653278687,111840649590523,111840651200094,111840653278687,1495,14.950000000,plus_a3,state,0,0.105000000,1980,0.105844674,1979,0.000000000,0,0.000000000,0,-0.791000,7,0.104310694,1980,0.000000000,0,12.500,38,26630,0,1,
111840663281629,111840659592062,111840661199538,111840663281629,1496,14.960000000,plus_a3,state,0,0.105000000,1980,0.105844674,1979,0.000000000,0,-0.003360000,1,-0.565000,5,0.104310694,1980,0.000000000,0,12.500,38,26640,0,1,
111840673280336,111840669592171,111840671198148,111840673280336,1497,14.970000000,plus_a3,state,0,0.105000000,1980,0.105844674,1979,0.000000000,0,-0.003360000,1,-0.113000,1,0.104310694,1980,0.000000000,0,12.500,38,26650,0,1,
111840683276950,111840679591605,111840681198680,111840683276950,1498,14.980000000,plus_a3,state,0,0.105000000,1980,0.104310694,1980,0.000000000,0,-0.003360000,1,-0.226000,2,0.104310694,1980,0.000000000,0,12.500,38,26660,0,1,
111840693223366,111840689591471,111840691202709,111840693223366,1499,14.990000000,plus_a3,hardware_error,0,0.105000000,1980,,,,,,,,,,,,,,,,,,0
111840703286976,111840699591375,111840701199792,111840703286976,1500,15.000000000,center_after_plus_a3,state,0,0.000000000,2048,0.105844674,1979,0.000000000,0,-0.003360000,1,-0.791000,7,0.000000000,2048,0.000000000,0,12.500,38,26680,0,0,
111840713288551,111840709591432,111840711202933,111840713288551,1501,15.010000000,center_after_plus_a3,state,0,0.000000000,2048,0.104310694,1980,0.000000000,0,-0.581280000,173,-24.408000,216,0.000000000,2048,0.000000000,0,12.400,38,26690,0,0,
111840723280200,111840719592028,111840721201414,111840723280200,1502,15.020000000,center_after_plus_a3,state,0,0.000000000,2048,0.095106809,1986,-0.023980824,1,-0.554400000,165,-33.222000,294,0.000000000,2048,0.000000000,0,12.400,38,26700,0,0,
111840733282786,111840729591997,111840731195651,111840733282786,1503,15.030000000,center_after_plus_a3,state,0,0.000000000,2048,0.079767001,1996,-0.119904120,5,-0.456960000,136,-39.098000,346,0.000000000,2048,0.000000000,0,12.700,38,26710,0,0,
111840743281541,111840739591722,111840741198551,111840743281541,1504,15.040000000,center_after_plus_a3,state,0,0.000000000,2048,0.061359232,2008,-0.287769887,12,-0.366240000,109,-44.296000,392,0.000000000,2048,0.000000000,0,12.600,38,26720,1,0,
111840753281396,111840749591644,111840751201746,111840753281396,1505,15.050000000,center_after_plus_a3,state,0,0.000000000,2048,0.038349520,2023,-0.527578126,22,-0.245280000,73,-46.782000,414,0.000000000,2048,0.000000000,0,12.700,38,26730,1,0,
111840763284531,111840759592798,111840761202899,111840763284531,1506,15.060000000,center_after_plus_a3,state,0,0.000000000,2048,0.015339808,2038,-0.815348013,34,-0.117600000,35,-47.460000,420,0.000000000,2048,0.000000000,0,12.600,41,26740,1,1,
111840773288336,111840769591794,111840771198146,111840773288336,1507,15.070000000,center_after_plus_a3,state,0,0.000000000,2048,-0.009203885,2054,-1.127098724,47,-0.026880000,8,-40.228000,356,0.000000000,2048,0.000000000,0,12.500,38,26750,1,1,
111840783279209,111840779591142,111840781204542,111840783279209,1508,15.080000000,center_after_plus_a3,state,0,0.000000000,2048,-0.029145635,2067,-1.462830259,61,0.238560000,-71,-26.103000,231,0.000000000,2048,0.000000000,0,12.500,38,26760,1,0,
111840793281484,111840789591693,111840791200088,111840793281484,1509,15.090000000,center_after_plus_a3,state,0,0.000000000,2048,-0.041417481,2075,-1.702638498,71,0.211680000,-63,-16.498000,146,0.000000000,2048,0.000000000,0,12.400,38,26770,1,0,
111840803287768,111840799591699,111840801197197,111840803287768,1510,15.100000000,center_after_plus_a3,state,0,0.000000000,2048,-0.050621366,2081,-1.822542618,76,0.288960000,-86,-10.396000,92,0.000000000,2048,0.000000000,0,12.400,38,26780,1,0,
111840813286611,111840809591995,111840811199997,111840813286611,1511,15.110000000,center_after_plus_a3,state,0,0.000000000,2048,-0.056757289,2085,-1.798561794,75,0.319200000,-95,-5.537000,49,0.000000000,2048,0.000000000,0,12.500,38,26790,1,0,
111840823285712,111840819592002,111840821196606,111840823285712,1512,15.120000000,center_after_plus_a3,state,0,0.000000000,2048,-0.061359232,2088,-1.678657675,70,0.342720000,-102,2.599000,-23,0.000000000,2048,0.000000000,0,12.500,38,26800,1,0,
111840833313595,111840829592190,111840831346236,111840833313595,1513,15.130000000,center_after_plus_a3,state,0,0.000000000,2048,-0.059825251,2087,-1.438849435,60,0.349440000,-104,17.289000,-153,0.000000000,2048,0.000000000,0,12.500,38,26811,1,0,
111840843312939,111840839673022,111840841213635,111840843312939,1514,15.140000000,center_after_plus_a3,state,0,0.000000000,2048,-0.055223308,2084,-1.151079548,48,0.372960000,-111,21.809000,-193,0.000000000,2048,0.000000000,0,12.400,38,26820,1,0,
111840853309085,111840849667843,111840851211121,111840853309085,1515,15.150000000,center_after_plus_a3,state,0,0.000000000,2048,-0.044485443,2077,-0.791367189,33,0.275520000,-82,27.120000,-240,0.000000000,2048,0.000000000,0,12.500,38,26830,1,0,
111840863310940,111840859668572,111840861206609,111840863310940,1516,15.160000000,center_after_plus_a3,state,0,0.000000000,2048,-0.032213597,2069,-0.431654831,18,0.194880000,-58,30.284000,-268,0.000000000,2048,0.000000000,0,12.500,38,26840,1,0,
111840873313069,111840869672861,111840871214337,111840873313069,1517,15.170000000,center_after_plus_a3,state,0,0.000000000,2048,-0.018407769,2060,-0.071942472,3,0.137760000,-41,31.188000,-276,0.000000000,2048,0.000000000,0,12.600,38,26850,0,0,
111840883329065,111840879667239,111840881223676,111840883329065,1518,15.180000000,center_after_plus_a3,state,0,0.000000000,2048,-0.004601942,2051,0.239808239,-10,0.020160000,-6,31.075000,-275,0.000000000,2048,0.000000000,0,12.600,38,26860,0,1,
111840893312724,111840889667734,111840891211728,111840893312724,1519,15.190000000,center_after_plus_a3,state,0,0.000000000,2048,0.012271846,2040,0.575539774,-24,0.120960000,-36,4.972000,-44,0.000000000,2048,0.000000000,0,12.600,38,26870,1,1,
111840903329571,111840899671455,111840901210554,111840903329571,1520,15.200000000,center_after_plus_a3,state,0,0.000000000,2048,0.023009712,2033,0.839328837,-35,-0.342720000,102,8.475000,-75,0.000000000,2048,0.000000000,0,12.700,38,26880,1,0,
111840913317757,111840909670562,111840911214742,111840913317757,1521,15.210000000,center_after_plus_a3,state,0,0.000000000,2048,0.029145635,2029,1.031175429,-43,-0.084000000,25,5.763000,-51,0.000000000,2048,0.000000000,0,12.600,38,26890,1,0,
111840923322919,111840919669114,111840921223180,111840923322919,1522,15.220000000,center_after_plus_a3,state,0,0.000000000,2048,0.032213597,2027,1.103117900,-46,0.026880000,-8,0.678000,-6,0.000000000,2048,0.000000000,0,12.600,38,26900,1,0,
111840933319272,111840929668980,111840931217646,111840933319272,1523,15.230000000,center_after_plus_a3,state,0,0.000000000,2048,0.033747577,2026,1.055156253,-44,-0.188160000,56,-4.407000,39,0.000000000,2048,0.000000000,0,12.600,38,26910,1,0,
111840943321622,111840939668642,111840941223616,111840943321622,1524,15.240000000,center_after_plus_a3,state,0,0.000000000,2048,0.032213597,2027,0.935252133,-39,-0.188160000,56,-12.091000,107,0.000000000,2048,0.000000000,0,12.600,38,26920,1,0,
111840953315320,111840949615025,111840951221402,111840953315320,1525,15.250000000,center_after_plus_a3,state,0,0.000000000,2048,0.027611654,2030,0.743405542,-31,-0.154560000,46,-16.385000,145,0.000000000,2048,0.000000000,0,12.600,38,26930,1,0,
111840963308173,111840959668700,111840961211754,111840963308173,1526,15.260000000,center_after_plus_a3,state,0,0.000000000,2048,0.021475731,2034,0.503597302,-21,-0.131040000,39,-17.741000,157,0.000000000,2048,0.000000000,0,12.500,38,26940,1,0,
111840973328772,111840969675338,111840971214898,111840973328772,1527,15.270000000,center_after_plus_a3,state,0,0.000000000,2048,0.013805827,2039,0.263789063,-11,-0.073920000,22,-18.871000,167,0.000000000,2048,0.000000000,0,12.600,38,26950,1,1,
111840983326663,111840979673147,111840981212652,111840983326663,1528,15.280000000,center_after_plus_a3,state,0,0.000000000,2048,0.004601942,2045,0.023980824,-1,-0.036960000,11,-19.549000,173,0.000000000,2048,0.000000000,0,12.500,38,26960,0,1,
111840993312025,111840989674283,111840991204504,111840993312025,1529,15.290000000,center_after_plus_a3,state,0,0.000000000,2048,-0.004601942,2051,-0.191846591,8,-0.023520000,7,-14.012000,124,0.000000000,2048,0.000000000,0,12.600,38,26970,0,1,
111841003324488,111840999666340,111841001195155,111841003324488,1530,15.300000000,center_after_plus_a3,state,0,0.000000000,2048,-0.012271846,2056,-0.383693183,16,0.100800000,-30,-6.667000,59,0.000000000,2048,0.000000000,0,12.600,38,26980,1,1,
111841013330178,111841009615528,111841011195246,111841013330178,1531,15.310000000,center_after_plus_a3,state,0,0.000000000,2048,-0.016873789,2059,-0.527578126,22,-0.040320000,12,0.678000,-6,0.000000000,2048,0.000000000,0,12.600,38,26990,1,1,
111841023307483,111841019668132,111841021212242,111841023307483,1532,15.320000000,center_after_plus_a3,state,0,0.000000000,2048,-0.018407769,2060,-0.599520598,25,0.084000000,-25,2.486000,-22,0.000000000,2048,0.000000000,0,12.600,38,27000,1,0,
111841033387522,111841029673426,111841031208467,111841033387522,1533,15.330000000,center_after_plus_a3,state,0,0.000000000,2048,-0.018407769,2060,-0.623501422,26,0.104160000,-31,3.842000,-34,0.000000000,2048,0.000000000,0,12.500,38,27010,1,0,
111841043164896,111841039671213,111841041223445,111841043164896,1534,15.340000000,center_after_plus_a3,state,0,0.000000000,2048,-0.016873789,2059,-0.551558950,23,0.100800000,-30,9.718000,-86,0.000000000,2048,0.000000000,0,12.500,38,27020,1,1,
111841053212714,111841049614065,111841051184606,111841053212714,1535,15.350000000,center_after_plus_a3,state,0,0.000000000,2048,-0.012271846,2056,-0.455635655,19,0.073920000,-22,14.577000,-129,0.000000000,2048,0.000000000,0,12.500,38,27030,1,1,
111841063219676,111841059668675,111841061202669,111841063219676,1536,15.360000000,center_after_plus_a3,state,0,0.000000000,2048,-0.006135923,2052,-0.287769887,12,0.040320000,-12,18.758000,-166,0.000000000,2048,0.000000000,0,12.500,38,27040,1,1,
111841073238096,111841069665838,111841071180699,111841073238096,1537,15.370000000,center_after_plus_a3,state,0,0.000000000,2048,0.003067962,2046,-0.095923296,4,0.003360000,-1,17.854000,-158,0.000000000,2048,0.000000000,0,12.500,38,27050,0,1,
111841083269847,111841079667095,111841081188957,111841083269847,1538,15.380000000,center_after_plus_a3,state,0,0.000000000,2048,0.010737866,2041,0.095923296,-4,0.047040000,-14,10.057000,-89,0.000000000,2048,0.000000000,0,12.600,38,27060,0,1,
111841093274917,111841089667191,111841091188892,111841093274917,1539,15.390000000,center_after_plus_a3,state,0,0.000000000,2048,0.015339808,2038,0.263789063,-11,-0.087360000,26,3.503000,-31,0.000000000,2048,0.000000000,0,12.600,38,27070,1,1,
111841103307069,111841099669505,111841101204852,111841103307069,1540,15.400000000,center_after_plus_a3,state,0,0.000000000,2048,0.016873789,2037,0.383693183,-16,0.036960000,-11,0.226000,-2,0.000000000,2048,0.000000000,0,12.600,38,27080,1,1,
111841113301097,111841109602894,111841111189311,111841113301097,1541,15.410000000,center_after_plus_a3,state,0,0.000000000,2048,0.016873789,2037,0.455635655,-19,-0.090720000,27,-2.825000,25,0.000000000,2048,0.000000000,0,12.600,38,27090,1,1,
111841123288023,111841119674689,111841121188954,111841123288023,1542,15.420000000,center_after_plus_a3,state,0,0.000000000,2048,0.016873789,2037,0.455635655,-19,-0.090720000,27,-6.780000,60,0.000000000,2048,0.000000000,0,12.600,38,27100,1,1,
111841133295521,111841129668753,111841131202254,111841133295521,1543,15.430000000,center_after_plus_a3,state,0,0.000000000,2048,0.015339808,2038,0.407674007,-17,-0.084000000,25,-11.752000,104,0.000000000,2048,0.000000000,0,12.400,38,27110,1,1,
111841143294800,111841139667533,111841141191877,111841143294800,1544,15.440000000,center_after_plus_a3,state,0,0.000000000,2048,0.012271846,2040,0.311750711,-13,-0.070560000,21,-14.012000,124,0.000000000,2048,0.000000000,0,12.600,38,27120,1,1,
111841153486727,111841149674006,111841151187746,111841153486727,1545,15.450000000,center_after_plus_a3,state,0,0.000000000,2048,0.004601942,2045,0.167865767,-7,-0.036960000,11,-14.238000,126,0.000000000,2048,0.000000000,0,12.400,38,27130,0,1,
111841163497550,111841159668133,111841161366097,111841163497550,1546,15.460000000,center_after_plus_a3,state,0,0.000000000,2048,-0.001533981,2049,0.000000000,0,-0.003360000,1,-13.560000,120,0.000000000,2048,0.000000000,0,12.600,38,27140,0,1,
111841173348901,111841169666544,111841171249513,111841173348901,1547,15.470000000,center_after_plus_a3,state,0,0.000000000,2048,-0.007669904,2053,-0.143884944,6,0.010080000,-3,-5.876000,52,0.000000000,2048,0.000000000,0,12.600,38,27150,0,1,
111841183346670,111841179665843,111841181256014,111841183346670,1548,15.480000000,center_after_plus_a3,state,0,0.000000000,2048,-0.010737866,2055,-0.263789063,11,0.134400000,-40,-0.113000,1,0.000000000,2048,0.000000000,0,12.500,38,27160,1,1,
111841193349026,111841189675001,111841191253001,111841193349026,1549,15.490000000,center_after_plus_a3,state,0,0.000000000,2048,-0.012271846,2056,-0.335731535,14,0.053760000,-16,2.938000,-26,0.000000000,2048,0.000000000,0,12.500,38,27170,1,1,
111841203346714,111841199666655,111841201253537,111841203346714,1550,15.500000000,center_after_plus_a3,state,0,0.000000000,2048,-0.012271846,2056,-0.383693183,16,0.070560000,-21,3.503000,-31,0.000000000,2048,0.000000000,0,12.500,38,27180,1,1,
111841213502327,111841209667261,111841211362277,111841213502327,1551,15.510000000,center_after_plus_a3,state,0,0.000000000,2048,-0.010737866,2055,-0.359712359,15,0.063840000,-19,6.441000,-57,0.000000000,2048,0.000000000,0,12.500,38,27190,1,1,
111841223290405,111841219667886,111841221192198,111841223290405,1552,15.520000000,center_after_plus_a3,state,0,0.000000000,2048,-0.010737866,2055,-0.311750711,13,0.060480000,-18,4.633000,-41,0.000000000,2048,0.000000000,0,12.500,38,27200,1,1,
111841233282983,111841229667059,111841231190073,111841233282983,1553,15.530000000,center_after_plus_a3,state,0,0.000000000,2048,-0.007669904,2053,-0.215827415,9,0.053760000,-16,4.633000,-41,0.000000000,2048,0.000000000,0,12.500,38,27210,0,1,
111841243294824,111841239673089,111841241200984,111841243294824,1554,15.540000000,center_after_plus_a3,state,0,0.000000000,2048,-0.006135923,2052,-0.119904120,5,0.033600000,-10,4.520000,-40,0.000000000,2048,0.000000000,0,12.500,38,27220,0,1,
111841253295299,111841249673530,111841251204049,111841253295299,1555,15.550000000,center_after_plus_a3,state,0,0.000000000,2048,-0.004601942,2051,-0.023980824,1,0.026880000,-8,4.520000,-40,0.000000000,2048,0.000000000,0,12.500,38,27230,0,1,
111841263288808,111841259616740,111841261187980,111841263288808,1556,15.560000000,center_after_plus_a3,state,0,0.000000000,2048,-0.001533981,2049,0.047961648,-2,0.020160000,-6,4.407000,-39,0.000000000,2048,0.000000000,0,12.500,38,27240,0,1,
111841273291010,111841269672967,111841271192339,111841273291010,1557,15.570000000,center_after_plus_a3,state,0,0.000000000,2048,0.000000000,2048,0.095923296,-4,0.006720000,-2,3.955000,-35,0.000000000,2048,0.000000000,0,12.500,38,27250,0,1,
111841283290244,111841279665862,111841281186785,111841283290244,1558,15.580000000,center_after_plus_a3,state,0,0.000000000,2048,0.001533981,2047,0.119904120,-5,0.016800000,-5,0.226000,-2,0.000000000,2048,0.000000000,0,12.500,38,27260,0,1,
111841293282542,111841289673956,111841291196739,111841293282542,1559,15.590000000,center_after_plus_a3,state,0,0.000000000,2048,0.001533981,2047,0.143884944,-6,0.000000000,0,-0.565000,5,0.000000000,2048,0.000000000,0,12.500,38,27270,0,1,
111841303287540,111841299672615,111841301190916,111841303287540,1560,15.600000000,center_after_plus_a3,state,0,0.000000000,2048,0.001533981,2047,0.143884944,-6,-0.006720000,2,-0.791000,7,0.000000000,2048,0.000000000,0,12.500,38,27280,0,1,
111841313285836,111841309665991,111841311191519,111841313285836,1561,15.610000000,center_after_plus_a3,state,0,0.000000000,2048,0.001533981,2047,0.119904120,-5,-0.003360000,1,-0.791000,7,0.000000000,2048,0.000000000,0,12.500,38,27290,0,1,
111841323295243,111841319665901,111841321188648,111841323295243,1562,15.620000000,center_after_plus_a3,state,0,0.000000000,2048,0.001533981,2047,0.095923296,-4,-0.003360000,1,-0.678000,6,0.000000000,2048,0.000000000,0,12.500,38,27300,0,1,
111841333290333,111841329673992,111841331192342,111841333290333,1563,15.630000000,center_after_plus_a3,state,0,0.000000000,2048,0.001533981,2047,0.071942472,-3,-0.006720000,2,-0.678000,6,0.000000000,2048,0.000000000,0,12.500,38,27310,0,1,
111841343287286,111841339669359,111841341187547,111841343287286,1564,15.640000000,center_after_plus_a3,state,0,0.000000000,2048,0.000000000,2048,0.047961648,-2,-0.003360000,1,-0.339000,3,0.000000000,2048,0.000000000,0,12.500,38,27320,0,1,
111841353302637,111841349668904,111841351185050,111841353302637,1565,15.650000000,center_after_plus_a3,state,0,0.000000000,2048,0.001533981,2047,0.023980824,-1,-0.003360000,1,-0.113000,1,0.000000000,2048,0.000000000,0,12.500,38,27330,0,1,
111841363293922,111841359669416,111841361206290,111841363293922,1566,15.660000000,center_after_plus_a3,state,0,0.000000000,2048,0.001533981,2047,0.000000000,0,-0.003360000,1,-0.565000,5,0.000000000,2048,0.000000000,0,12.500,38,27340,0,1,
111841373283630,111841369671708,111841371195102,111841373283630,1567,15.670000000,center_after_plus_a3,state,0,0.000000000,2048,0.001533981,2047,0.000000000,0,-0.006720000,2,-0.678000,6,0.000000000,2048,0.000000000,0,12.500,38,27350,0,1,
111841383286692,111841379666925,111841381191516,111841383286692,1568,15.680000000,center_after_plus_a3,state,0,0.000000000,2048,0.001533981,2047,0.000000000,0,-0.003360000,1,-0.678000,6,0.000000000,2048,0.000000000,0,12.500,38,27360,0,1,
111841393285246,111841389673757,111841391191807,111841393285246,1569,15.690000000,center_after_plus_a3,state,0,0.000000000,2048,0.001533981,2047,0.000000000,0,-0.003360000,1,-0.678000,6,0.000000000,2048,0.000000000,0,12.500,38,27370,0,1,
111841403280284,111841399667749,111841401188052,111841403280284,1570,15.700000000,center_after_plus_a3,state,0,0.000000000,2048,0.001533981,2047,0.000000000,0,-0.003360000,1,-0.678000,6,0.000000000,2048,0.000000000,0,12.500,38,27380,0,1,
111841413286213,111841409673249,111841411171755,111841413286213,1571,15.710000000,center_after_plus_a3,state,0,0.000000000,2048,0.001533981,2047,0.000000000,0,-0.003360000,1,-0.565000,5,0.000000000,2048,0.000000000,0,12.500,38,27390,0,1,
111841423301622,111841419668223,111841421186641,111841423301622,1572,15.720000000,center_after_plus_a3,state,0,0.000000000,2048,0.001533981,2047,0.000000000,0,-0.006720000,2,-0.339000,3,0.000000000,2048,0.000000000,0,12.500,38,27400,0,1,
111841433293331,111841429615842,111841431170653,111841433293331,1573,15.730000000,center_after_plus_a3,state,0,0.000000000,2048,0.001533981,2047,0.000000000,0,-0.006720000,2,-0.791000,7,0.000000000,2048,0.000000000,0,12.500,38,27410,0,1,
111841443258956,111841439667310,111841441168314,111841443258956,1574,15.740000000,center_after_plus_a3,state,0,0.000000000,2048,0.001533981,2047,0.000000000,0,-0.003360000,1,-0.904000,8,0.000000000,2048,0.000000000,0,12.500,38,27420,0,1,
111841453279738,111841449674164,111841451167875,111841453279738,1575,15.750000000,center_after_plus_a3,state,0,0.000000000,2048,0.001533981,2047,0.000000000,0,-0.003360000,1,-0.339000,3,0.000000000,2048,0.000000000,0,12.500,38,27430,0,1,
111841463272827,111841459668832,111841461203387,111841463272827,1576,15.760000000,center_after_plus_a3,state,0,0.000000000,2048,0.001533981,2047,0.000000000,0,-0.003360000,1,-0.339000,3,0.000000000,2048,0.000000000,0,12.500,38,27440,0,1,
111841473265946,111841469671966,111841471168938,111841473265946,1577,15.770000000,center_after_plus_a3,state,0,0.000000000,2048,0.001533981,2047,0.000000000,0,0.000000000,0,0.000000,0,0.000000000,2048,0.000000000,0,12.500,38,27450,0,1,
111841483264484,111841479667036,111841481185373,111841483264484,1578,15.780000000,center_after_plus_a3,state,0,0.000000000,2048,0.001533981,2047,0.000000000,0,0.000000000,0,-0.565000,5,0.000000000,2048,0.000000000,0,12.500,38,27460,0,1,
111841493262429,111841489665921,111841491168023,111841493262429,1579,15.790000000,center_after_plus_a3,state,0,0.000000000,2048,0.001533981,2047,0.000000000,0,-0.006720000,2,-0.904000,8,0.000000000,2048,0.000000000,0,12.500,38,27470,0,1,
111841503265682,111841499676088,111841501169982,111841503265682,1580,15.800000000,center_after_plus_a3,state,0,0.000000000,2048,0.001533981,2047,0.000000000,0,-0.006720000,2,-0.678000,6,0.000000000,2048,0.000000000,0,12.500,38,27480,0,1,
111841513262259,111841509666413,111841511168879,111841513262259,1581,15.810000000,center_after_plus_a3,state,0,0.000000000,2048,0.001533981,2047,0.000000000,0,-0.006720000,2,-0.565000,5,0.000000000,2048,0.000000000,0,12.500,38,27490,0,1,
111841523261336,111841519672338,111841521172485,111841523261336,1582,15.820000000,center_after_plus_a3,state,0,0.000000000,2048,0.000000000,2048,0.000000000,0,-0.006720000,2,-0.339000,3,0.000000000,2048,0.000000000,0,12.500,38,27500,0,1,
111841533272150,111841529672761,111841531167811,111841533272150,1583,15.830000000,center_after_plus_a3,state,0,0.000000000,2048,0.001533981,2047,0.000000000,0,-0.003360000,1,-0.226000,2,0.000000000,2048,0.000000000,0,12.500,38,27510,0,1,
111841543275965,111841539674999,111841541169864,111841543275965,1584,15.840000000,center_after_plus_a3,state,0,0.000000000,2048,0.000000000,2048,0.000000000,0,-0.003360000,1,-0.678000,6,0.000000000,2048,0.000000000,0,12.500,38,27520,0,1,
111841553270950,111841549667531,111841551168924,111841553270950,1585,15.850000000,center_after_plus_a3,state,0,0.000000000,2048,0.001533981,2047,0.000000000,0,-0.006720000,2,-0.678000,6,0.000000000,2048,0.000000000,0,12.500,38,27530,0,1,
111841563267749,111841559675150,111841561167500,111841563267749,1586,15.860000000,center_after_plus_a3,state,0,0.000000000,2048,0.001533981,2047,0.000000000,0,-0.003360000,1,-0.565000,5,0.000000000,2048,0.000000000,0,12.500,38,27540,0,1,
111841573264815,111841569667500,111841571185752,111841573264815,1587,15.870000000,center_after_plus_a3,state,0,0.000000000,2048,0.001533981,2047,0.000000000,0,-0.006720000,2,-0.791000,7,0.000000000,2048,0.000000000,0,12.500,38,27550,0,1,
111841583265215,111841579666091,111841581188903,111841583265215,1588,15.880000000,center_after_plus_a3,state,0,0.000000000,2048,0.001533981,2047,0.000000000,0,-0.003360000,1,-0.678000,6,0.000000000,2048,0.000000000,0,12.500,38,27560,0,1,
111841593264440,111841589666424,111841591185247,111841593264440,1589,15.890000000,center_after_plus_a3,state,0,0.000000000,2048,0.001533981,2047,0.000000000,0,-0.006720000,2,-0.678000,6,0.000000000,2048,0.000000000,0,12.500,38,27570,0,1,
111841603258834,111841599673770,111841601167494,111841603258834,1590,15.900000000,center_after_plus_a3,state,0,0.000000000,2048,0.001533981,2047,0.000000000,0,-0.003360000,1,-0.904000,8,0.000000000,2048,0.000000000,0,12.500,38,27580,0,1,
111841613260739,111841609675548,111841611172420,111841613260739,1591,15.910000000,center_after_plus_a3,state,0,0.000000000,2048,0.001533981,2047,0.000000000,0,-0.006720000,2,-0.678000,6,0.000000000,2048,0.000000000,0,12.500,38,27590,0,1,
111841623262029,111841619667384,111841621166302,111841623262029,1592,15.920000000,center_after_plus_a3,state,0,0.000000000,2048,0.001533981,2047,0.000000000,0,-0.006720000,2,-0.678000,6,0.000000000,2048,0.000000000,0,12.500,38,27600,0,1,
111841633284608,111841629666955,111841631187614,111841633284608,1593,15.930000000,center_after_plus_a3,state,0,0.000000000,2048,0.001533981,2047,0.000000000,0,-0.003360000,1,-0.452000,4,0.000000000,2048,0.000000000,0,12.500,38,27610,0,1,
111841643269487,111841639666850,111841641186973,111841643269487,1594,15.940000000,center_after_plus_a3,state,0,0.000000000,2048,0.001533981,2047,0.000000000,0,-0.003360000,1,-0.565000,5,0.000000000,2048,0.000000000,0,12.500,38,27620,0,1,
111841653275083,111841649674324,111841651171426,111841653275083,1595,15.950000000,center_after_plus_a3,state,0,0.000000000,2048,0.001533981,2047,0.000000000,0,-0.003360000,1,-0.678000,6,0.000000000,2048,0.000000000,0,12.500,38,27630,0,1,
111841663273073,111841659668346,111841661165275,111841663273073,1596,15.960000000,center_after_plus_a3,state,0,0.000000000,2048,0.001533981,2047,0.000000000,0,-0.003360000,1,-0.565000,5,0.000000000,2048,0.000000000,0,12.500,38,27640,0,1,
111841673272736,111841669675377,111841671169360,111841673272736,1597,15.970000000,center_after_plus_a3,state,0,0.000000000,2048,0.001533981,2047,0.000000000,0,-0.003360000,1,-0.452000,4,0.000000000,2048,0.000000000,0,12.500,38,27650,0,1,
111841683266351,111841679668144,111841681167294,111841683266351,1598,15.980000000,center_after_plus_a3,state,0,0.000000000,2048,0.001533981,2047,0.000000000,0,-0.003360000,1,-0.678000,6,0.000000000,2048,0.000000000,0,12.500,38,27660,0,1,
111841693179444,111841689667187,111841691165970,111841693179444,1599,15.990000000,center_after_plus_a3,hardware_error,0,0.000000000,2048,,,,,,,,,,,,,,,,,,0
111841703257181,111841699666354,111841701189427,111841703257181,1600,16.000000000,center_after_plus_a3,state,0,0.000000000,2048,0.001533981,2047,0.000000000,0,-0.006720000,2,0.000000,0,0.000000000,2048,0.000000000,0,12.500,38,27680,0,1,
111841713261489,111841709667122,111841711166472,111841713261489,1601,16.010000000,center_after_plus_a3,state,0,0.000000000,2048,0.001533981,2047,0.000000000,0,-0.003360000,1,-0.226000,2,0.000000000,2048,0.000000000,0,12.500,38,27690,0,1,
111841723268941,111841719668183,111841721164957,111841723268941,1602,16.020000000,center_after_plus_a3,state,0,0.000000000,2048,0.001533981,2047,0.000000000,0,-0.003360000,1,-0.904000,8,0.000000000,2048,0.000000000,0,12.500,38,27700,0,1,
111841733267371,111841729672207,111841731174626,111841733267371,1603,16.030000000,center_after_plus_a3,state,0,0.000000000,2048,0.001533981,2047,0.000000000,0,-0.006720000,2,-0.791000,7,0.000000000,2048,0.000000000,0,12.500,38,27710,0,1,
111841743266985,111841739665950,111841741170217,111841743266985,1604,16.040000000,center_after_plus_a3,state,0,0.000000000,2048,0.001533981,2047,0.000000000,0,-0.003360000,1,-0.791000,7,0.000000000,2048,0.000000000,0,12.500,38,27720,0,1,
111841753281788,111841749676410,111841751164565,111841753281788,1605,16.050000000,center_after_plus_a3,state,0,0.000000000,2048,0.001533981,2047,0.000000000,0,-0.003360000,1,-0.678000,6,0.000000000,2048,0.000000000,0,12.500,38,27730,0,1,
111841763261594,111841759672740,111841761170696,111841763261594,1606,16.060000000,center_after_plus_a3,state,0,0.000000000,2048,0.000000000,2048,0.000000000,0,-0.003360000,1,-0.339000,3,0.000000000,2048,0.000000000,0,12.500,38,27740,0,1,
111841773273043,111841769676238,111841771168438,111841773273043,1607,16.070000000,center_after_plus_a3,state,0,0.000000000,2048,0.000000000,2048,0.000000000,0,-0.006720000,2,-0.226000,2,0.000000000,2048,0.000000000,0,12.500,38,27750,0,1,
111841783269093,111841779675271,111841781168472,111841783269093,1608,16.080000000,center_after_plus_a3,state,0,0.000000000,2048,0.001533981,2047,0.000000000,0,-0.003360000,1,-0.565000,5,0.000000000,2048,0.000000000,0,12.500,38,27760,0,1,
111841793271347,111841789669040,111841791216151,111841793271347,1609,16.090000000,center_after_plus_a3,state,0,0.000000000,2048,0.001533981,2047,0.000000000,0,-0.006720000,2,-0.678000,6,0.000000000,2048,0.000000000,0,12.500,38,27770,0,1,
111841803251674,111841799594359,111841801181850,111841803251674,1610,16.100000000,center_after_plus_a3,state,0,0.000000000,2048,0.001533981,2047,0.000000000,0,0.000000000,0,-0.791000,7,0.000000000,2048,0.000000000,0,12.500,38,27780,0,1,
111841813236776,111841809592935,111841811145100,111841813236776,1611,16.110000000,center_after_plus_a3,state,0,0.000000000,2048,0.000000000,2048,0.000000000,0,-0.003360000,1,-0.791000,7,0.000000000,2048,0.000000000,0,12.500,38,27790,0,1,
111841823243894,111841819592017,111841821143694,111841823243894,1612,16.120000000,center_after_plus_a3,state,0,0.000000000,2048,0.001533981,2047,0.000000000,0,-0.003360000,1,-0.791000,7,0.000000000,2048,0.000000000,0,12.500,38,27800,0,1,
111841833246853,111841829591920,111841831145967,111841833246853,1613,16.130000000,center_after_plus_a3,state,0,0.000000000,2048,0.001533981,2047,0.000000000,0,-0.003360000,1,-0.904000,8,0.000000000,2048,0.000000000,0,12.500,38,27810,0,1,
111841843241970,111841839591880,111841841141563,111841843241970,1614,16.140000000,center_after_plus_a3,state,0,0.000000000,2048,0.000000000,2048,0.000000000,0,-0.003360000,1,-0.791000,7,0.000000000,2048,0.000000000,0,12.500,38,27820,0,1,
111841853239662,111841849591809,111841851140092,111841853239662,1615,16.150000000,center_after_plus_a3,state,0,0.000000000,2048,0.001533981,2047,0.000000000,0,-0.006720000,2,-0.791000,7,0.000000000,2048,0.000000000,0,12.500,38,27830,0,1,
111841863243918,111841859592600,111841861144289,111841863243918,1616,16.160000000,center_after_plus_a3,state,0,0.000000000,2048,0.000000000,2048,0.000000000,0,-0.003360000,1,-0.678000,6,0.000000000,2048,0.000000000,0,12.500,38,27840,0,1,
111841873229537,111841869591807,111841871140513,111841873229537,1617,16.170000000,center_after_plus_a3,state,0,0.000000000,2048,0.001533981,2047,0.000000000,0,-0.003360000,1,-0.791000,7,0.000000000,2048,0.000000000,0,12.500,38,27850,0,1,
111841883242764,111841879590516,111841881142928,111841883242764,1618,16.180000000,center_after_plus_a3,state,0,0.000000000,2048,0.001533981,2047,0.000000000,0,-0.006720000,2,-0.678000,6,0.000000000,2048,0.000000000,0,12.500,38,27860,0,1,
111841893215230,111841889591920,111841891147261,111841893215230,1619,16.190000000,center_after_plus_a3,state,0,0.000000000,2048,0.001533981,2047,0.000000000,0,-0.003360000,1,-0.791000,7,0.000000000,2048,0.000000000,0,12.500,38,27870,0,1,
111841903213899,111841899592007,111841901140427,111841903213899,1620,16.200000000,center_after_plus_a3,state,0,0.000000000,2048,0.001533981,2047,0.000000000,0,-0.003360000,1,-0.791000,7,0.000000000,2048,0.000000000,0,12.500,38,27880,0,1,
111841913225883,111841909592323,111841911140357,111841913225883,1621,16.210000000,center_after_plus_a3,state,0,0.000000000,2048,0.001533981,2047,0.000000000,0,-0.003360000,1,-0.791000,7,0.000000000,2048,0.000000000,0,12.500,38,27890,0,1,
111841923220048,111841919591045,111841921141465,111841923220048,1622,16.220000000,center_after_plus_a3,state,0,0.000000000,2048,0.001533981,2047,0.000000000,0,-0.006720000,2,-0.678000,6,0.000000000,2048,0.000000000,0,12.500,38,27900,0,1,
111841933216399,111841929592565,111841931142826,111841933216399,1623,16.230000000,center_after_plus_a3,state,0,0.000000000,2048,0.001533981,2047,0.000000000,0,-0.003360000,1,-0.452000,4,0.000000000,2048,0.000000000,0,12.500,38,27910,0,1,
111841943219133,111841939591750,111841941138397,111841943219133,1624,16.240000000,center_after_plus_a3,state,0,0.000000000,2048,0.001533981,2047,0.000000000,0,-0.006720000,2,-0.678000,6,0.000000000,2048,0.000000000,0,12.500,38,27920,0,1,
111841953225539,111841949591939,111841951153844,111841953225539,1625,16.250000000,center_after_plus_a3,state,0,0.000000000,2048,0.001533981,2047,0.000000000,0,-0.003360000,1,-0.339000,3,0.000000000,2048,0.000000000,0,12.500,38,27930,0,1,
111841963228013,111841959592381,111841961142772,111841963228013,1626,16.260000000,center_after_plus_a3,state,0,0.000000000,2048,0.001533981,2047,0.000000000,0,-0.003360000,1,-0.452000,4,0.000000000,2048,0.000000000,0,12.500,38,27940,0,1,
111841973220148,111841969591912,111841971142446,111841973220148,1627,16.270000000,center_after_plus_a3,state,0,0.000000000,2048,0.001533981,2047,0.000000000,0,-0.003360000,1,-0.791000,7,0.000000000,2048,0.000000000,0,12.500,38,27950,0,1,
111841983219774,111841979592692,111841981138646,111841983219774,1628,16.280000000,center_after_plus_a3,state,0,0.000000000,2048,0.001533981,2047,0.000000000,0,-0.006720000,2,-0.791000,7,0.000000000,2048,0.000000000,0,12.500,38,27960,0,1,
111841993226672,111841989591753,111841991138703,111841993226672,1629,16.290000000,center_after_plus_a3,state,0,0.000000000,2048,0.001533981,2047,0.000000000,0,-0.003360000,1,-0.791000,7,0.000000000,2048,0.000000000,0,12.500,38,27970,0,1,
111842003227492,111841999590773,111842001137606,111842003227492,1630,16.300000000,center_after_plus_a3,state,0,0.000000000,2048,0.001533981,2047,0.000000000,0,-0.003360000,1,-0.791000,7,0.000000000,2048,0.000000000,0,12.500,38,27980,0,1,
111842013215565,111842009590662,111842011140750,111842013215565,1631,16.310000000,center_after_plus_a3,state,0,0.000000000,2048,0.001533981,2047,0.000000000,0,-0.006720000,2,-0.339000,3,0.000000000,2048,0.000000000,0,12.500,38,27990,0,1,
111842023216125,111842019591761,111842021139219,111842023216125,1632,16.320000000,center_after_plus_a3,state,0,0.000000000,2048,0.001533981,2047,0.000000000,0,-0.003360000,1,-0.791000,7,0.000000000,2048,0.000000000,0,12.500,38,28000,0,1,
111842033221522,111842029590487,111842031139534,111842033221522,1633,16.330000000,center_after_plus_a3,state,0,0.000000000,2048,0.001533981,2047,0.000000000,0,-0.003360000,1,-0.452000,4,0.000000000,2048,0.000000000,0,12.500,38,28010,0,1,
111842043225669,111842039590374,111842041140267,111842043225669,1634,16.340000000,center_after_plus_a3,state,0,0.000000000,2048,0.001533981,2047,0.000000000,0,-0.003360000,1,-0.791000,7,0.000000000,2048,0.000000000,0,12.500,38,28020,0,1,
111842053225993,111842049592140,111842051137397,111842053225993,1635,16.350000000,center_after_plus_a3,state,0,0.000000000,2048,0.001533981,2047,0.000000000,0,-0.003360000,1,-0.791000,7,0.000000000,2048,0.000000000,0,12.500,38,28030,0,1,
111842063230047,111842059592531,111842061142407,111842063230047,1636,16.360000000,center_after_plus_a3,state,0,0.000000000,2048,0.001533981,2047,0.000000000,0,-0.003360000,1,-0.678000,6,0.000000000,2048,0.000000000,0,12.500,38,28040,0,1,
111842073216202,111842069591808,111842071138857,111842073216202,1637,16.370000000,center_after_plus_a3,state,0,0.000000000,2048,0.001533981,2047,0.000000000,0,-0.006720000,2,-0.791000,7,0.000000000,2048,0.000000000,0,12.500,38,28050,0,1,
111842083223016,111842079591619,111842081138247,111842083223016,1638,16.380000000,center_after_plus_a3,state,0,0.000000000,2048,0.001533981,2047,0.000000000,0,-0.006720000,2,-0.904000,8,0.000000000,2048,0.000000000,0,12.500,38,28060,0,1,
111842093228016,111842089591980,111842091136740,111842093228016,1639,16.390000000,center_after_plus_a3,state,0,0.000000000,2048,0.001533981,2047,0.000000000,0,-0.003360000,1,-0.452000,4,0.000000000,2048,0.000000000,0,12.500,38,28070,0,1,
111842103225955,111842099590374,111842101136564,111842103225955,1640,16.400000000,center_after_plus_a3,state,0,0.000000000,2048,0.001533981,2047,0.000000000,0,-0.003360000,1,-0.452000,4,0.000000000,2048,0.000000000,0,12.500,38,28080,0,1,
111842113225558,111842109592205,111842111135128,111842113225558,1641,16.410000000,center_after_plus_a3,state,0,0.000000000,2048,0.001533981,2047,0.000000000,0,-0.003360000,1,-0.904000,8,0.000000000,2048,0.000000000,0,12.500,38,28090,0,1,
111842123221703,111842119592182,111842121141323,111842123221703,1642,16.420000000,center_after_plus_a3,state,0,0.000000000,2048,0.001533981,2047,0.000000000,0,-0.003360000,1,-0.904000,8,0.000000000,2048,0.000000000,0,12.500,38,28100,0,1,
111842133221391,111842129592132,111842131137542,111842133221391,1643,16.430000000,center_after_plus_a3,state,0,0.000000000,2048,0.001533981,2047,0.000000000,0,0.000000000,0,-0.791000,7,0.000000000,2048,0.000000000,0,12.500,38,28110,0,1,
111842143218416,111842139592625,111842141142752,111842143218416,1644,16.440000000,center_after_plus_a3,state,0,0.000000000,2048,0.001533981,2047,0.000000000,0,-0.006720000,2,-0.791000,7,0.000000000,2048,0.000000000,0,12.500,38,28120,0,1,
111842153249959,111842149594798,111842151282011,111842153249959,1645,16.450000000,center_after_plus_a3,state,0,0.000000000,2048,0.001533981,2047,0.000000000,0,-0.006720000,2,-0.791000,7,0.000000000,2048,0.000000000,0,12.500,38,28130,0,1,
111842163259444,111842159676907,111842161145330,111842163259444,1646,16.460000000,center_after_plus_a3,state,0,0.000000000,2048,0.001533981,2047,0.000000000,0,-0.003360000,1,-0.904000,8,0.000000000,2048,0.000000000,0,12.500,38,28140,0,1,
111842173245136,111842169669843,111842171148082,111842173245136,1647,16.470000000,center_after_plus_a3,state,0,0.000000000,2048,0.000000000,2048,0.000000000,0,-0.003360000,1,-0.565000,5,0.000000000,2048,0.000000000,0,12.500,38,28150,0,1,
111842183254075,111842179675069,111842181150422,111842183254075,1648,16.480000000,center_after_plus_a3,state,0,0.000000000,2048,0.001533981,2047,0.000000000,0,-0.003360000,1,-0.791000,7,0.000000000,2048,0.000000000,0,12.500,38,28160,0,1,
111842193239184,111842189674978,111842191147556,111842193239184,1649,16.490000000,center_after_plus_a3,state,0,0.000000000,2048,0.001533981,2047,0.000000000,0,-0.006720000,2,-0.565000,5,0.000000000,2048,0.000000000,0,12.500,38,28170,0,1,
111842203253492,111842199669926,111842201162986,111842203253492,1650,16.500000000,minus_a3,state,0,-0.105000000,2116,0.001533981,2047,0.000000000,0,-0.006720000,2,-0.678000,6,-0.104310694,2116,0.000000000,0,12.500,38,28180,0,0,
111842213249627,111842209670067,111842211161389,111842213249627,1651,16.510000000,minus_a3,state,0,-0.105000000,2116,-0.001533981,2049,0.000000000,0,-0.591360000,176,-24.521000,217,-0.104310694,2116,0.000000000,0,12.500,38,28190,0,0,
111842223249132,111842219668953,111842221145238,111842223249132,1652,16.520000000,minus_a3,state,0,-0.105000000,2116,-0.010737866,2055,-0.023980824,1,-0.561120000,167,-33.335000,295,-0.104310694,2116,0.000000000,0,12.700,38,28200,0,0,
111842233245653,111842229678394,111842231167504,111842233245653,1653,16.530000000,minus_a3,state,0,-0.105000000,2116,-0.026077673,2065,-0.119904120,5,-0.483840000,144,-38.872000,344,-0.104310694,2116,0.000000000,0,12.700,38,28210,0,0,
111842243264716,111842239669262,111842241150865,111842243264716,1654,16.540000000,minus_a3,state,0,-0.105000000,2116,-0.044485443,2077,-0.287769887,12,-0.379680000,113,-43.166000,382,-0.104310694,2116,0.000000000,0,12.400,38,28220,1,0,
111842253248632,111842249671049,111842251155429,111842253248632,1655,16.550000000,minus_a3,state,0,-0.105000000,2116,-0.065961174,2091,-0.527578126,22,-0.248640000,74,-46.782000,414,-0.104310694,2116,0.000000000,0,12.500,38,28230,1,0,
111842263253100,111842259667621,111842261134679,111842263253100,1656,16.560000000,minus_a3,state,0,-0.105000000,2116,-0.088970886,2106,-0.815348013,34,-0.117600000,35,-47.121000,417,-0.104310694,2116,0.000000000,0,12.400,38,28240,1,1,
111842273245880,111842269668436,111842271169100,111842273245880,1657,16.570000000,minus_a3,state,0,-0.105000000,2116,-0.113514578,2122,-1.151079548,48,-0.016800000,5,-40.115000,355,-0.104310694,2116,0.000000000,0,12.300,38,28250,1,1,
111842283253464,111842279665822,111842281134371,111842283253464,1658,16.580000000,minus_a3,state,0,-0.105000000,2116,-0.133456329,2135,-1.462830259,61,0.426720000,-127,-23.730000,210,-0.104310694,2116,0.000000000,0,12.600,38,28260,1,0,
111842293253822,111842289672041,111842291132876,111842293253822,1659,16.590000000,minus_a3,state,0,-0.105000000,2116,-0.145728175,2143,-1.702638498,71,0.379680000,-113,-16.611000,147,-0.104310694,2116,0.000000000,0,12.600,38,28270,1,0,
111842303224712,111842299604659,111842301126762,111842303224712,1660,16.600000000,minus_a3,state,0,-0.105000000,2116,-0.153398079,2148,-1.798561794,75,0.278880000,-83,-10.622000,94,-0.104310694,2116,0.000000000,0,12.600,38,28280,1,0,
111842313201527,111842309595101,111842311131149,111842313201527,1661,16.610000000,minus_a3,state,0,-0.105000000,2116,-0.161067983,2153,-1.774580970,74,0.315840000,-94,-5.424000,48,-0.104310694,2116,0.000000000,0,12.600,38,28290,1,0,
111842323203942,111842319591548,111842321132927,111842323203942,1662,16.620000000,minus_a3,state,0,-0.105000000,2116,-0.164135944,2155,-1.654676851,69,0.329280000,-98,1.921000,-17,-0.104310694,2116,0.000000000,0,12.600,38,28300,1,0,
111842333194113,111842329592549,111842331113454,111842333194113,1663,16.630000000,minus_a3,state,0,-0.105000000,2116,-0.164135944,2155,-1.438849435,60,0.329280000,-98,15.255000,-135,-0.104310694,2116,0.000000000,0,12.600,38,28310,1,0,
111842343194548,111842339591887,111842341108102,111842343194548,1664,16.640000000,minus_a3,state,0,-0.105000000,2116,-0.159534002,2152,-1.127098724,47,0.339360000,-101,23.052000,-204,-0.104310694,2116,0.000000000,0,12.600,38,28320,1,0,
111842353196301,111842349591924,111842351110140,111842353196301,1665,16.650000000,minus_a3,state,0,-0.105000000,2116,-0.150330117,2146,-0.791367189,33,0.288960000,-86,26.103000,-231,-0.104310694,2116,0.000000000,0,12.600,38,28330,1,0,
111842363195630,111842359594738,111842361115277,111842363195630,1666,16.660000000,minus_a3,state,0,-0.105000000,2116,-0.138058271,2138,-0.431654831,18,0.221760000,-66,28.815000,-255,-0.104310694,2116,0.000000000,0,12.600,38,28340,1,0,
111842373194730,111842369592103,111842371117990,111842373194730,1667,16.670000000,minus_a3,state,0,-0.105000000,2116,-0.124252444,2129,-0.095923296,4,0.110880000,-33,31.075000,-275,-0.104310694,2116,0.000000000,0,12.400,38,28350,0,0,
111842383198509,111842379591791,111842381123356,111842383198509,1668,16.680000000,minus_a3,state,0,-0.105000000,2116,-0.107378655,2118,0.239808239,-10,0.030240000,-9,31.188000,-276,-0.104310694,2116,0.000000000,0,12.400,38,28360,0,1,
111842393231605,111842389667163,111842391131553,111842393231605,1669,16.690000000,minus_a3,state,0,-0.105000000,2116,-0.093572828,2109,0.551558950,-23,0.120960000,-36,4.859000,-43,-0.104310694,2116,0.000000000,0,12.500,38,28370,1,1,
111842403224709,111842399669673,111842401137888,111842403224709,1670,16.700000000,minus_a3,state,0,-0.105000000,2116,-0.082834963,2102,0.839328837,-35,-0.292320000,87,4.068000,-36,-0.104310694,2116,0.000000000,0,12.500,38,28380,1,0,
111842413230008,111842409674751,111842411129254,111842413230008,1671,16.710000000,minus_a3,state,0,-0.105000000,2116,-0.076699039,2098,1.007194605,-42,-0.073920000,22,5.311000,-47,-0.104310694,2116,0.000000000,0,12.500,38,28390,1,0,
111842423227578,111842419674496,111842421128831,111842423227578,1672,16.720000000,minus_a3,state,0,-0.105000000,2116,-0.073631078,2096,1.079137077,-45,-0.188160000,56,1.469000,-13,-0.104310694,2116,0.000000000,0,12.500,38,28400,1,0,
111842433220952,111842429615537,111842431143613,111842433220952,1673,16.730000000,minus_a3,state,0,-0.105000000,2116,-0.072097097,2095,1.055156253,-44,-0.181440000,54,-3.842000,34,-0.104310694,2116,0.000000000,0,12.500,38,28410,1,0,
111842443222708,111842439669126,111842441126019,111842443222708,1674,16.740000000,minus_a3,state,0,-0.105000000,2116,-0.073631078,2096,0.935252133,-39,-0.178080000,53,-11.526000,102,-0.104310694,2116,0.000000000,0,12.500,38,28420,1,0,
111842453235467,111842449674292,111842451131883,111842453235467,1675,16.750000000,minus_a3,state,0,-0.105000000,2116,-0.076699039,2098,0.743405542,-31,-0.154560000,46,-16.272000,144,-0.104310694,2116,0.000000000,0,12.500,38,28430,1,0,
111842463234167,111842459668174,111842461136663,111842463234167,1676,16.760000000,minus_a3,state,0,-0.105000000,2116,-0.084368943,2103,0.503597302,-21,-0.131040000,39,-17.402000,154,-0.104310694,2116,0.000000000,0,12.600,38,28440,1,0,
111842473228227,111842469666400,111842471127837,111842473228227,1677,16.770000000,minus_a3,state,0,-0.105000000,2116,-0.092038847,2108,0.239808239,-10,-0.077280000,23,-17.741000,157,-0.104310694,2116,0.000000000,0,12.500,38,28450,0,1,
111842483232606,111842479665928,111842481133644,111842483232606,1678,16.780000000,minus_a3,state,0,-0.105000000,2116,-0.101242732,2114,0.000000000,0,-0.030240000,9,-18.758000,166,-0.104310694,2116,0.000000000,0,12.600,38,28460,0,1,
111842493221699,111842489668908,111842491127687,111842493221699,1679,16.790000000,minus_a3,state,0,-0.105000000,2116,-0.110446617,2120,-0.191846591,8,-0.067200000,20,-4.972000,44,-0.104310694,2116,0.000000000,0,12.600,38,28470,0,1,
111842503223248,111842499674684,111842501128416,111842503223248,1680,16.800000000,minus_a3,state,0,-0.105000000,2116,-0.116582540,2124,-0.383693183,16,0.003360000,-1,-5.424000,48,-0.104310694,2116,0.000000000,0,12.600,38,28480,1,1,
111842513230641,111842509604746,111842511141709,111842513230641,1681,16.810000000,minus_a3,state,0,-0.105000000,2116,-0.119650501,2126,-0.527578126,22,0.141120000,-42,0.452000,-4,-0.104310694,2116,0.000000000,0,12.600,38,28490,1,1,
111842523225954,111842519666956,111842521125381,111842523225954,1682,16.820000000,minus_a3,state,0,-0.105000000,2116,-0.121184482,2127,-0.599520598,25,0.087360000,-26,2.486000,-22,-0.104310694,2116,0.000000000,0,12.600,38,28500,1,1,
111842533220927,111842529674379,111842531127770,111842533220927,1683,16.830000000,minus_a3,state,0,-0.105000000,2116,-0.121184482,2127,-0.575539774,24,0.097440000,-29,5.989000,-53,-0.104310694,2116,0.000000000,0,12.600,38,28510,1,1,
111842543223115,111842539669511,111842541129554,111842543223115,1684,16.840000000,minus_a3,state,0,-0.105000000,2116,-0.118116521,2125,-0.503597302,21,0.073920000,-22,9.605000,-85,-0.104310694,2116,0.000000000,0,12.600,38,28520,1,1,
111842553235224,111842549672405,111842551148385,111842553235224,1685,16.850000000,minus_a3,state,0,-0.105000000,2116,-0.115048559,2123,-0.383693183,16,0.020160000,-6,14.238000,-126,-0.104310694,2116,0.000000000,0,12.300,38,28530,1,1,
111842563224313,111842559616874,111842561128457,111842563224313,1686,16.860000000,minus_a3,state,0,-0.105000000,2116,-0.108912636,2119,-0.215827415,9,0.036960000,-11,19.097000,-169,-0.104310694,2116,0.000000000,0,12.600,38,28540,0,1,
111842573220646,111842569665979,111842571120459,111842573220646,1687,16.870000000,minus_a3,state,0,-0.105000000,2116,-0.099708751,2113,-0.047961648,2,0.013440000,-4,14.351000,-127,-0.104310694,2116,0.000000000,0,12.400,38,28550,0,1,
111842583223331,111842579666088,111842581129365,111842583223331,1688,16.880000000,minus_a3,state,0,-0.105000000,2116,-0.093572828,2109,0.119904120,-5,-0.171360000,51,9.605000,-85,-0.104310694,2116,0.000000000,0,12.600,38,28560,0,1,
111842593233067,111842589667455,111842591127323,111842593233067,1689,16.890000000,minus_a3,state,0,-0.105000000,2116,-0.088970886,2106,0.263789063,-11,-0.201600000,60,2.486000,-22,-0.104310694,2116,0.000000000,0,12.600,38,28570,1,1,
111842603231728,111842599672524,111842601138157,111842603231728,1690,16.900000000,minus_a3,state,0,-0.105000000,2116,-0.087436905,2105,0.383693183,-16,-0.097440000,29,-0.565000,5,-0.104310694,2116,0.000000000,0,12.600,38,28580,1,1,
111842613232060,111842609666896,111842611126787,111842613232060,1691,16.910000000,minus_a3,state,0,-0.105000000,2116,-0.087436905,2105,0.431654831,-18,-0.087360000,26,-4.972000,44,-0.104310694,2116,0.000000000,0,12.600,38,28590,1,1,
111842623228577,111842619671917,111842621129789,111842623228577,1692,16.920000000,minus_a3,state,0,-0.105000000,2116,-0.088970886,2106,0.407674007,-17,-0.077280000,23,-9.266000,82,-0.104310694,2116,0.000000000,0,12.500,38,28600,1,1,
111842633224962,111842629666069,111842631129221,111842633224962,1693,16.930000000,minus_a3,state,0,-0.105000000,2116,-0.092038847,2108,0.359712359,-15,-0.070560000,21,-11.978000,106,-0.104310694,2116,0.000000000,0,12.500,38,28610,1,1,
111842643224800,111842639665149,111842641131490,111842643224800,1694,16.940000000,minus_a3,state,0,-0.105000000,2116,-0.096640790,2111,0.239808239,-10,-0.050400000,15,-13.786000,122,-0.104310694,2116,0.000000000,0,12.500,38,28620,0,1,
111842653239923,111842649666272,111842651107535,111842653239923,1695,16.950000000,minus_a3,state,0,-0.105000000,2116,-0.104310694,2116,0.095923296,-4,-0.013440000,4,-13.786000,122,-0.104310694,2116,0.000000000,0,12.500,38,28630,0,1,
111842663217237,111842659616701,111842661127415,111842663217237,1696,16.960000000,minus_a3,state,0,-0.105000000,2116,-0.108912636,2119,-0.047961648,2,-0.043680000,13,-2.034000,18,-0.104310694,2116,0.000000000,0,12.400,38,28640,0,1,
111842673218482,111842669667654,111842671128391,111842673218482,1697,16.970000000,minus_a3,state,0,-0.105000000,2116,-0.113514578,2122,-0.191846591,8,-0.020160000,6,-1.582000,14,-0.104310694,2116,0.000000000,0,12.500,38,28650,0,1,
111842683228122,111842679666578,111842681106656,111842683228122,1698,16.980000000,minus_a3,state,0,-0.105000000,2116,-0.115048559,2123,-0.287769887,12,0.090720000,-27,0.113000,-1,-0.104310694,2116,0.000000000,0,12.500,38,28660,1,1,
111842693138723,111842689666854,111842691127792,111842693138723,1699,16.990000000,minus_a3,hardware_error,0,-0.105000000,2116,,,,,,,,,,,,,,,,,,0
111842703226304,111842699668985,111842701120158,111842703226304,1700,17.000000000,minus_a3,state,0,-0.105000000,2116,-0.115048559,2123,-0.359712359,15,0.063840000,-19,3.729000,-33,-0.104310694,2116,0.000000000,0,12.500,38,28680,1,1,
111842713234846,111842709666005,111842711108565,111842713234846,1701,17.010000000,minus_a3,state,0,-0.105000000,2116,-0.113514578,2122,-0.311750711,13,0.070560000,-21,5.311000,-47,-0.104310694,2116,0.000000000,0,12.500,38,28690,1,1,
111842723227627,111842719666784,111842721108994,111842723227627,1702,17.020000000,minus_a3,state,0,-0.105000000,2116,-0.111980598,2121,-0.239808239,10,0.043680000,-13,4.746000,-42,-0.104310694,2116,0.000000000,0,12.500,38,28700,0,1,
111842733199449,111842729670996,111842731106115,111842733199449,1703,17.030000000,minus_a3,state,0,-0.105000000,2116,-0.108912636,2119,-0.143884944,6,0.023520000,-7,4.294000,-38,-0.104310694,2116,0.000000000,0,12.500,38,28710,0,1,
111842743201294,111842739665875,111842741111474,111842743201294,1704,17.040000000,minus_a3,state,0,-0.105000000,2116,-0.107378655,2118,-0.023980824,1,0.016800000,-5,4.294000,-38,-0.104310694,2116,0.000000000,0,12.500,38,28720,0,1,
111842753219812,111842749666800,111842751122906,111842753219812,1705,17.050000000,minus_a3,state,0,-0.105000000,2116,-0.105844674,2117,0.023980824,-1,0.006720000,-2,4.294000,-38,-0.104310694,2116,0.000000000,0,12.500,38,28730,0,1,
111842763211403,111842759616719,111842761106844,111842763211403,1706,17.060000000,minus_a3,state,0,-0.105000000,2116,-0.104310694,2116,0.071942472,-3,-0.010080000,3,0.226000,-2,-0.104310694,2116,0.000000000,0,12.500,38,28740,0,1,
111842773217518,111842769670112,111842771105659,111842773217518,1707,17.070000000,minus_a3,state,0,-0.105000000,2116,-0.104310694,2116,0.119904120,-5,0.000000000,0,0.113000,-1,-0.104310694,2116,0.000000000,0,12.500,38,28750,0,1,
111842783208942,111842779666182,111842781110544,111842783208942,1708,17.080000000,minus_a3,state,0,-0.105000000,2116,-0.104310694,2116,0.119904120,-5,0.000000000,0,0.000000,0,-0.104310694,2116,0.000000000,0,12.500,38,28760,0,1,
111842793210256,111842789666602,111842791102255,111842793210256,1709,17.090000000,minus_a3,state,0,-0.105000000,2116,-0.104310694,2116,0.119904120,-5,0.003360000,-1,0.226000,-2,-0.104310694,2116,0.000000000,0,12.500,38,28770,0,1,
111842803206005,111842799668424,111842801105122,111842803206005,1710,17.100000000,minus_a3,state,0,-0.105000000,2116,-0.104310694,2116,0.095923296,-4,0.000000000,0,0.000000,0,-0.104310694,2116,0.000000000,0,12.500,38,28780,0,1,
111842813213177,111842809673791,111842811110926,111842813213177,1711,17.110000000,minus_a3,state,0,-0.105000000,2116,-0.104310694,2116,0.071942472,-3,0.000000000,0,0.000000,0,-0.104310694,2116,0.000000000,0,12.500,38,28790,0,1,
111842823202261,111842819670757,111842821105353,111842823202261,1712,17.120000000,minus_a3,state,0,-0.105000000,2116,-0.104310694,2116,0.047961648,-2,0.000000000,0,0.113000,-1,-0.104310694,2116,0.000000000,0,12.500,38,28800,0,1,
111842833206852,111842829667788,111842831100729,111842833206852,1713,17.130000000,minus_a3,state,0,-0.105000000,2116,-0.104310694,2116,0.023980824,-1,0.000000000,0,0.000000,0,-0.104310694,2116,0.000000000,0,12.500,38,28810,0,1,
111842843200718,111842839667995,111842841107124,111842843200718,1714,17.140000000,minus_a3,state,0,-0.105000000,2116,-0.104310694,2116,0.000000000,0,0.000000000,0,0.113000,-1,-0.104310694,2116,0.000000000,0,12.500,38,28820,0,1,
111842853209650,111842849666125,111842851106063,111842853209650,1715,17.150000000,minus_a3,state,0,-0.105000000,2116,-0.104310694,2116,0.000000000,0,0.000000000,0,0.113000,-1,-0.104310694,2116,0.000000000,0,12.500,38,28830,0,1,
111842863199937,111842859616725,111842861108498,111842863199937,1716,17.160000000,minus_a3,state,0,-0.105000000,2116,-0.104310694,2116,0.000000000,0,0.003360000,-1,0.226000,-2,-0.104310694,2116,0.000000000,0,12.500,38,28840,0,1,
111842873200268,111842869681551,111842871105340,111842873200268,1717,17.170000000,minus_a3,state,0,-0.105000000,2116,-0.104310694,2116,0.000000000,0,0.000000000,0,0.113000,-1,-0.104310694,2116,0.000000000,0,12.500,38,28850,0,1,
111842883216663,111842879615392,111842881109992,111842883216663,1718,17.180000000,minus_a3,state,0,-0.105000000,2116,-0.104310694,2116,0.000000000,0,0.000000000,0,0.000000,0,-0.104310694,2116,0.000000000,0,12.500,38,28860,0,1,
111842893201681,111842889666989,111842891107319,111842893201681,1719,17.190000000,minus_a3,state,0,-0.105000000,2116,-0.104310694,2116,0.000000000,0,0.000000000,0,0.113000,-1,-0.104310694,2116,0.000000000,0,12.500,38,28870,0,1,
111842903217065,111842899673348,111842901109598,111842903217065,1720,17.200000000,minus_a3,state,0,-0.105000000,2116,-0.104310694,2116,0.000000000,0,0.000000000,0,0.113000,-1,-0.104310694,2116,0.000000000,0,12.500,38,28880,0,1,
111842913209754,111842909673198,111842911104077,111842913209754,1721,17.210000000,minus_a3,state,0,-0.105000000,2116,-0.104310694,2116,0.000000000,0,0.000000000,0,0.226000,-2,-0.104310694,2116,0.000000000,0,12.500,38,28890,0,1,
111842923207666,111842919675846,111842921103982,111842923207666,1722,17.220000000,minus_a3,state,0,-0.105000000,2116,-0.104310694,2116,0.000000000,0,0.000000000,0,0.113000,-1,-0.104310694,2116,0.000000000,0,12.500,38,28900,0,1,
111842933209645,111842929615587,111842931117593,111842933209645,1723,17.230000000,minus_a3,state,0,-0.105000000,2116,-0.104310694,2116,0.000000000,0,0.000000000,0,0.113000,-1,-0.104310694,2116,0.000000000,0,12.500,38,28910,0,1,
111842943200512,111842939667737,111842941100379,111842943200512,1724,17.240000000,minus_a3,state,0,-0.105000000,2116,-0.104310694,2116,0.000000000,0,0.000000000,0,0.113000,-1,-0.104310694,2116,0.000000000,0,12.500,38,28920,0,1,
111842953205437,111842949667492,111842951121419,111842953205437,1725,17.250000000,minus_a3,state,0,-0.105000000,2116,-0.104310694,2116,0.000000000,0,0.000000000,0,0.113000,-1,-0.104310694,2116,0.000000000,0,12.500,38,28930,0,1,
111842963200906,111842959616788,111842961106461,111842963200906,1726,17.260000000,minus_a3,state,0,-0.105000000,2116,-0.104310694,2116,0.000000000,0,0.000000000,0,0.000000,0,-0.104310694,2116,0.000000000,0,12.500,38,28940,0,1,
111842973202078,111842969670131,111842971109304,111842973202078,1727,17.270000000,minus_a3,state,0,-0.105000000,2116,-0.104310694,2116,0.000000000,0,0.000000000,0,0.000000,0,-0.104310694,2116,0.000000000,0,12.500,38,28950,0,1,
111842983224624,111842979671473,111842981105056,111842983224624,1728,17.280000000,minus_a3,state,0,-0.105000000,2116,-0.104310694,2116,0.000000000,0,0.000000000,0,0.113000,-1,-0.104310694,2116,0.000000000,0,12.500,38,28960,0,1,
111842993195860,111842989669402,111842991107618,111842993195860,1729,17.290000000,minus_a3,state,0,-0.105000000,2116,-0.104310694,2116,0.000000000,0,0.000000000,0,0.113000,-1,-0.104310694,2116,0.000000000,0,12.500,38,28970,0,1,
111843003202561,111842999675327,111843001109344,111843003202561,1730,17.300000000,minus_a3,state,0,-0.105000000,2116,-0.104310694,2116,0.000000000,0,0.000000000,0,0.226000,-2,-0.104310694,2116,0.000000000,0,12.500,38,28980,0,1,
111843013193946,111843009665657,111843011106082,111843013193946,1731,17.310000000,minus_a3,state,0,-0.105000000,2116,-0.104310694,2116,0.000000000,0,0.000000000,0,0.113000,-1,-0.104310694,2116,0.000000000,0,12.500,38,28990,0,1,
111843023208015,111843019672905,111843021120190,111843023208015,1732,17.320000000,minus_a3,state,0,-0.105000000,2116,-0.104310694,2116,0.000000000,0,0.000000000,0,0.113000,-1,-0.104310694,2116,0.000000000,0,12.500,38,29000,0,1,
111843033205379,111843029673806,111843031102809,111843033205379,1733,17.330000000,minus_a3,state,0,-0.105000000,2116,-0.104310694,2116,0.000000000,0,0.000000000,0,0.113000,-1,-0.104310694,2116,0.000000000,0,12.500,38,29010,0,1,
111843043206446,111843039672473,111843041105103,111843043206446,1734,17.340000000,minus_a3,state,0,-0.105000000,2116,-0.104310694,2116,0.000000000,0,0.000000000,0,0.113000,-1,-0.104310694,2116,0.000000000,0,12.500,38,29020,0,1,
111843053214050,111843049615530,111843051110738,111843053214050,1735,17.350000000,minus_a3,state,0,-0.105000000,2116,-0.104310694,2116,0.000000000,0,0.000000000,0,0.113000,-1,-0.104310694,2116,0.000000000,0,12.500,38,29030,0,1,
111843063222899,111843059616723,111843061125593,111843063222899,1736,17.360000000,minus_a3,state,0,-0.105000000,2116,-0.104310694,2116,0.000000000,0,0.000000000,0,0.000000,0,-0.104310694,2116,0.000000000,0,12.500,38,29040,0,1,
111843073212546,111843069673048,111843071162136,111843073212546,1737,17.370000000,minus_a3,state,0,-0.105000000,2116,-0.104310694,2116,0.000000000,0,0.000000000,0,0.226000,-2,-0.104310694,2116,0.000000000,0,12.500,38,29050,0,1,
111843083189826,111843079594084,111843081082126,111843083189826,1738,17.380000000,minus_a3,state,0,-0.105000000,2116,-0.104310694,2116,0.000000000,0,0.000000000,0,0.113000,-1,-0.104310694,2116,0.000000000,0,12.500,38,29060,0,1,
111843093243463,111843089592384,111843091143796,111843093243463,1739,17.390000000,minus_a3,state,0,-0.105000000,2116,-0.104310694,2116,0.000000000,0,0.000000000,0,0.000000,0,-0.104310694,2116,0.000000000,0,12.500,38,29070,0,1,
111843103219623,111843099592766,111843101135048,111843103219623,1740,17.400000000,minus_a3,state,0,-0.105000000,2116,-0.104310694,2116,0.000000000,0,0.003360000,-1,0.113000,-1,-0.104310694,2116,0.000000000,0,12.500,38,29080,0,1,
111843113216944,111843109592675,111843111134065,111843113216944,1741,17.410000000,minus_a3,state,0,-0.105000000,2116,-0.104310694,2116,0.000000000,0,0.000000000,0,0.000000,0,-0.104310694,2116,0.000000000,0,12.500,38,29090,0,1,
111843123242631,111843119592011,111843121139132,111843123242631,1742,17.420000000,minus_a3,state,0,-0.105000000,2116,-0.104310694,2116,0.000000000,0,0.000000000,0,0.000000,0,-0.104310694,2116,0.000000000,0,12.500,38,29100,0,1,
111843133240103,111843129591856,111843131144484,111843133240103,1743,17.430000000,minus_a3,state,0,-0.105000000,2116,-0.104310694,2116,0.000000000,0,0.000000000,0,0.113000,-1,-0.104310694,2116,0.000000000,0,12.500,38,29110,0,1,
111843143220228,111843139591358,111843141133702,111843143220228,1744,17.440000000,minus_a3,state,0,-0.105000000,2116,-0.104310694,2116,0.000000000,0,0.003360000,-1,0.226000,-2,-0.104310694,2116,0.000000000,0,12.500,38,29120,0,1,
111843153233620,111843149596693,111843151142583,111843153233620,1745,17.450000000,minus_a3,state,0,-0.105000000,2116,-0.104310694,2116,0.000000000,0,0.000000000,0,0.000000,0,-0.104310694,2116,0.000000000,0,12.500,38,29130,0,1,
111843163230782,111843159596867,111843161145521,111843163230782,1746,17.460000000,minus_a3,state,0,-0.105000000,2116,-0.104310694,2116,0.000000000,0,0.000000000,0,0.113000,-1,-0.104310694,2116,0.000000000,0,12.500,38,29140,0,1,
111843173214798,111843169592488,111843171141719,111843173214798,1747,17.470000000,minus_a3,state,0,-0.105000000,2116,-0.104310694,2116,0.000000000,0,0.003360000,-1,0.226000,-2,-0.104310694,2116,0.000000000,0,12.500,38,29150,0,1,
111843183230028,111843179591735,111843181133970,111843183230028,1748,17.480000000,minus_a3,state,0,-0.105000000,2116,-0.104310694,2116,0.000000000,0,0.000000000,0,0.000000,0,-0.104310694,2116,0.000000000,0,12.500,38,29160,0,1,
111843193221400,111843189591654,111843191133555,111843193221400,1749,17.490000000,minus_a3,state,0,-0.105000000,2116,-0.104310694,2116,0.000000000,0,0.000000000,0,0.113000,-1,-0.104310694,2116,0.000000000,0,12.500,38,29170,0,1,
111843203228047,111843199591532,111843201148560,111843203228047,1750,17.500000000,minus_a3,state,0,-0.105000000,2116,-0.104310694,2116,0.000000000,0,0.000000000,0,0.113000,-1,-0.104310694,2116,0.000000000,0,12.500,38,29180,0,1,
111843213217116,111843209593112,111843211133037,111843213217116,1751,17.510000000,minus_a3,state,0,-0.105000000,2116,-0.104310694,2116,0.000000000,0,0.000000000,0,0.113000,-1,-0.104310694,2116,0.000000000,0,12.500,38,29190,0,1,
111843223221673,111843219592282,111843221133801,111843223221673,1752,17.520000000,minus_a3,state,0,-0.105000000,2116,-0.104310694,2116,0.000000000,0,0.000000000,0,0.000000,0,-0.104310694,2116,0.000000000,0,12.500,38,29200,0,1,
111843233233807,111843229592129,111843231134611,111843233233807,1753,17.530000000,minus_a3,state,0,-0.105000000,2116,-0.104310694,2116,0.000000000,0,0.000000000,0,0.113000,-1,-0.104310694,2116,0.000000000,0,12.500,38,29210,0,1,
111843243218412,111843239592097,111843241138573,111843243218412,1754,17.540000000,minus_a3,state,0,-0.105000000,2116,-0.104310694,2116,0.000000000,0,0.000000000,0,0.113000,-1,-0.104310694,2116,0.000000000,0,12.500,38,29220,0,1,
111843253221449,111843249590527,111843251139351,111843253221449,1755,17.550000000,minus_a3,state,0,-0.105000000,2116,-0.104310694,2116,0.000000000,0,0.000000000,0,0.113000,-1,-0.104310694,2116,0.000000000,0,12.500,38,29230,0,1,
111843263220736,111843259592806,111843261140558,111843263220736,1756,17.560000000,minus_a3,state,0,-0.105000000,2116,-0.104310694,2116,0.000000000,0,0.003360000,-1,0.226000,-2,-0.104310694,2116,0.000000000,0,12.500,38,29240,0,1,
111843273218617,111843269592230,111843271135068,111843273218617,1757,17.570000000,minus_a3,state,0,-0.105000000,2116,-0.104310694,2116,0.000000000,0,0.000000000,0,0.113000,-1,-0.104310694,2116,0.000000000,0,12.500,38,29250,0,1,
111843283214295,111843279590794,111843281140286,111843283214295,1758,17.580000000,minus_a3,state,0,-0.105000000,2116,-0.104310694,2116,0.000000000,0,0.000000000,0,0.000000,0,-0.104310694,2116,0.000000000,0,12.500,38,29260,0,1,
111843293226948,111843289590833,111843291137316,111843293226948,1759,17.590000000,minus_a3,state,0,-0.105000000,2116,-0.104310694,2116,0.000000000,0,0.000000000,0,0.000000,0,-0.104310694,2116,0.000000000,0,12.500,38,29270,0,1,
111843303223346,111843299592096,111843301136917,111843303223346,1760,17.600000000,minus_a3,state,0,-0.105000000,2116,-0.104310694,2116,0.000000000,0,0.000000000,0,0.000000,0,-0.104310694,2116,0.000000000,0,12.500,38,29280,0,1,
111843313217806,111843309592074,111843311139733,111843313217806,1761,17.610000000,minus_a3,state,0,-0.105000000,2116,-0.104310694,2116,0.000000000,0,0.000000000,0,0.113000,-1,-0.104310694,2116,0.000000000,0,12.500,38,29290,0,1,
111843323210211,111843319592074,111843321135858,111843323210211,1762,17.620000000,minus_a3,state,0,-0.105000000,2116,-0.104310694,2116,0.000000000,0,0.000000000,0,0.113000,-1,-0.104310694,2116,0.000000000,0,12.500,38,29300,0,1,
111843333218100,111843329591829,111843331131588,111843333218100,1763,17.630000000,minus_a3,state,0,-0.105000000,2116,-0.104310694,2116,0.000000000,0,0.003360000,-1,0.226000,-2,-0.104310694,2116,0.000000000,0,12.500,38,29310,0,1,
111843343219604,111843339595749,111843341142887,111843343219604,1764,17.640000000,minus_a3,state,0,-0.105000000,2116,-0.104310694,2116,0.000000000,0,0.000000000,0,0.113000,-1,-0.104310694,2116,0.000000000,0,12.500,38,29320,0,1,
111843353226867,111843349590898,111843351132740,111843353226867,1765,17.650000000,minus_a3,state,0,-0.105000000,2116,-0.104310694,2116,0.000000000,0,0.000000000,0,0.226000,-2,-0.104310694,2116,0.000000000,0,12.500,38,29330,0,1,
111843363219679,111843359592861,111843361138581,111843363219679,1766,17.660000000,minus_a3,state,0,-0.105000000,2116,-0.104310694,2116,0.000000000,0,0.000000000,0,0.113000,-1,-0.104310694,2116,0.000000000,0,12.500,38,29340,0,1,
111843373219573,111843369592135,111843371138544,111843373219573,1767,17.670000000,minus_a3,state,0,-0.105000000,2116,-0.104310694,2116,0.000000000,0,0.000000000,0,0.113000,-1,-0.104310694,2116,0.000000000,0,12.500,38,29350,0,1,
111843383215392,111843379592304,111843381145226,111843383215392,1768,17.680000000,minus_a3,state,0,-0.105000000,2116,-0.104310694,2116,0.000000000,0,0.000000000,0,0.000000,0,-0.104310694,2116,0.000000000,0,12.500,38,29360,0,1,
111843393214049,111843389591966,111843391138164,111843393214049,1769,17.690000000,minus_a3,state,0,-0.105000000,2116,-0.104310694,2116,0.000000000,0,0.000000000,0,0.000000,0,-0.104310694,2116,0.000000000,0,12.500,38,29370,0,1,
111843403211067,111843399592047,111843401131792,111843403211067,1770,17.700000000,minus_a3,state,0,-0.105000000,2116,-0.104310694,2116,0.000000000,0,0.000000000,0,0.113000,-1,-0.104310694,2116,0.000000000,0,12.500,38,29380,0,1,
111843413224283,111843409592356,111843411135499,111843413224283,1771,17.710000000,minus_a3,state,0,-0.105000000,2116,-0.104310694,2116,0.000000000,0,0.000000000,0,0.226000,-2,-0.104310694,2116,0.000000000,0,12.500,38,29390,0,1,
111843423215359,111843419592434,111843421133626,111843423215359,1772,17.720000000,minus_a3,state,0,-0.105000000,2116,-0.104310694,2116,0.000000000,0,0.000000000,0,0.113000,-1,-0.104310694,2116,0.000000000,0,12.500,38,29400,0,1,
111843433223144,111843429592177,111843431138362,111843433223144,1773,17.730000000,minus_a3,state,0,-0.105000000,2116,-0.104310694,2116,0.000000000,0,0.000000000,0,0.113000,-1,-0.104310694,2116,0.000000000,0,12.500,38,29410,0,1,
111843443157521,111843439591930,111843441125914,111843443157521,1774,17.740000000,minus_a3,state,0,-0.105000000,2116,-0.104310694,2116,0.000000000,0,0.000000000,0,0.113000,-1,-0.104310694,2116,0.000000000,0,12.500,38,29420,0,1,
111843453222294,111843449592109,111843451073216,111843453222294,1775,17.750000000,minus_a3,state,0,-0.105000000,2116,-0.104310694,2116,0.000000000,0,0.000000000,0,0.113000,-1,-0.104310694,2116,0.000000000,0,12.500,38,29430,0,1,
111843463221223,111843459592955,111843461139726,111843463221223,1776,17.760000000,minus_a3,state,0,-0.105000000,2116,-0.104310694,2116,0.000000000,0,0.000000000,0,0.113000,-1,-0.104310694,2116,0.000000000,0,12.500,38,29440,0,1,
111843473216210,111843469595961,111843471140200,111843473216210,1777,17.770000000,minus_a3,state,0,-0.105000000,2116,-0.104310694,2116,0.000000000,0,0.000000000,0,0.000000,0,-0.104310694,2116,0.000000000,0,12.500,38,29450,0,1,
111843483227364,111843479593020,111843481139825,111843483227364,1778,17.780000000,minus_a3,state,0,-0.105000000,2116,-0.104310694,2116,0.000000000,0,0.000000000,0,0.113000,-1,-0.104310694,2116,0.000000000,0,12.500,38,29460,0,1,
111843493217115,111843489591692,111843491134322,111843493217115,1779,17.790000000,minus_a3,state,0,-0.105000000,2116,-0.104310694,2116,0.000000000,0,0.000000000,0,0.113000,-1,-0.104310694,2116,0.000000000,0,12.500,38,29470,0,1,
111843503224434,111843499592224,111843501137312,111843503224434,1780,17.800000000,minus_a3,state,0,-0.105000000,2116,-0.104310694,2116,0.000000000,0,0.000000000,0,0.226000,-2,-0.104310694,2116,0.000000000,0,12.500,38,29480,0,1,
111843513220541,111843509592276,111843511134392,111843513220541,1781,17.810000000,minus_a3,state,0,-0.105000000,2116,-0.104310694,2116,0.000000000,0,0.000000000,0,0.000000,0,-0.104310694,2116,0.000000000,0,12.500,38,29490,0,1,
111843523193723,111843519593183,111843521114016,111843523193723,1782,17.820000000,minus_a3,state,0,-0.105000000,2116,-0.104310694,2116,0.000000000,0,0.000000000,0,0.113000,-1,-0.104310694,2116,0.000000000,0,12.500,38,29500,0,1,
111843533199426,111843529590725,111843531116194,111843533199426,1783,17.830000000,minus_a3,state,0,-0.105000000,2116,-0.104310694,2116,0.000000000,0,0.000000000,0,0.113000,-1,-0.104310694,2116,0.000000000,0,12.500,38,29510,0,1,
111843543199734,111843539593166,111843541111874,111843543199734,1784,17.840000000,minus_a3,state,0,-0.105000000,2116,-0.104310694,2116,0.000000000,0,0.000000000,0,0.113000,-1,-0.104310694,2116,0.000000000,0,12.500,38,29520,0,1,
111843553191653,111843549592715,111843551115826,111843553191653,1785,17.850000000,minus_a3,state,0,-0.105000000,2116,-0.104310694,2116,0.000000000,0,0.000000000,0,0.000000,0,-0.104310694,2116,0.000000000,0,12.500,38,29530,0,1,
111843563199047,111843559593028,111843561134755,111843563199047,1786,17.860000000,minus_a3,state,0,-0.105000000,2116,-0.104310694,2116,0.000000000,0,0.000000000,0,0.000000,0,-0.104310694,2116,0.000000000,0,12.500,38,29540,0,1,
111843573197569,111843569593119,111843571121594,111843573197569,1787,17.870000000,minus_a3,state,0,-0.105000000,2116,-0.104310694,2116,0.000000000,0,0.000000000,0,0.000000,0,-0.104310694,2116,0.000000000,0,12.500,38,29550,0,1,
111843583204512,111843579592851,111843581117226,111843583204512,1788,17.880000000,minus_a3,state,0,-0.105000000,2116,-0.104310694,2116,0.000000000,0,0.000000000,0,0.113000,-1,-0.104310694,2116,0.000000000,0,12.500,38,29560,0,1,
111843593087758,111843589593031,111843591138873,111843593087758,1789,17.890000000,minus_a3,state,0,-0.105000000,2116,-0.104310694,2116,0.000000000,0,0.000000000,0,0.226000,-2,-0.104310694,2116,0.000000000,0,12.500,38,29570,0,1,
111843603204187,111843599591994,111843601114691,111843603204187,1790,17.900000000,minus_a3,state,0,-0.105000000,2116,-0.104310694,2116,0.000000000,0,0.000000000,0,0.113000,-1,-0.104310694,2116,0.000000000,0,12.500,38,29580,0,1,
111843613201291,111843609591929,111843611112151,111843613201291,1791,17.910000000,minus_a3,state,0,-0.105000000,2116,-0.104310694,2116,0.000000000,0,0.000000000,0,0.000000,0,-0.104310694,2116,0.000000000,0,12.500,38,29590,0,1,
111843623208117,111843619592385,111843621110812,111843623208117,1792,17.920000000,minus_a3,state,0,-0.105000000,2116,-0.104310694,2116,0.000000000,0,0.000000000,0,0.000000,0,-0.104310694,2116,0.000000000,0,12.500,38,29600,0,1,
111843633197866,111843629592181,111843631118929,111843633197866,1793,17.930000000,minus_a3,state,0,-0.105000000,2116,-0.104310694,2116,0.000000000,0,0.000000000,0,0.113000,-1,-0.104310694,2116,0.000000000,0,12.500,38,29610,0,1,
111843643193041,111843639591776,111843641113755,111843643193041,1794,17.940000000,minus_a3,state,0,-0.105000000,2116,-0.104310694,2116,0.000000000,0,0.000000000,0,0.113000,-1,-0.104310694,2116,0.000000000,0,12.500,38,29620,0,1,
111843653190892,111843649592004,111843651118807,111843653190892,1795,17.950000000,minus_a3,state,0,-0.105000000,2116,-0.104310694,2116,0.000000000,0,0.000000000,0,0.000000,0,-0.104310694,2116,0.000000000,0,12.500,38,29630,0,1,
111843663205904,111843659592642,111843661113250,111843663205904,1796,17.960000000,minus_a3,state,0,-0.105000000,2116,-0.104310694,2116,0.000000000,0,0.000000000,0,0.226000,-2,-0.104310694,2116,0.000000000,0,12.500,38,29640,0,1,
111843673197375,111843669592180,111843671114022,111843673197375,1797,17.970000000,minus_a3,state,0,-0.105000000,2116,-0.104310694,2116,0.000000000,0,0.000000000,0,0.113000,-1,-0.104310694,2116,0.000000000,0,12.500,38,29650,0,1,
111843683196851,111843679592269,111843681105311,111843683196851,1798,17.980000000,minus_a3,state,0,-0.105000000,2116,-0.104310694,2116,0.000000000,0,0.000000000,0,0.113000,-1,-0.104310694,2116,0.000000000,0,12.500,38,29660,0,1,
111843693130900,111843689592876,111843691115728,111843693130900,1799,17.990000000,minus_a3,hardware_error,0,-0.105000000,2116,,,,,,,,,,,,,,,,,,0
111843703197629,111843699592775,111843701104009,111843703197629,1800,18.000000000,center_after_minus_a3,state,0,0.000000000,2048,-0.104310694,2116,0.000000000,0,0.000000000,0,0.113000,-1,0.000000000,2048,0.000000000,0,12.500,38,29680,0,0,
111843713199290,111843709592140,111843711132593,111843713199290,1801,18.010000000,center_after_minus_a3,state,0,0.000000000,2048,-0.099708751,2113,0.000000000,0,0.577920000,-172,26.555000,-235,0.000000000,2048,0.000000000,0,12.200,38,29690,0,0,
111843723204673,111843719592459,111843721111112,111843723204673,1802,18.020000000,center_after_minus_a3,state,0,0.000000000,2048,-0.090504866,2107,0.047961648,-2,0.547680000,-163,35.256000,-312,0.000000000,2048,0.000000000,0,12.400,38,29700,0,0,
111843733194663,111843729592262,111843731120810,111843733194663,1803,18.030000000,center_after_minus_a3,state,0,0.000000000,2048,-0.075165059,2097,0.167865767,-7,0.473760000,-141,40.454000,-358,0.000000000,2048,0.000000000,0,12.400,38,29710,0,0,
111843743209793,111843739592414,111843741113454,111843743209793,1804,18.040000000,center_after_minus_a3,state,0,0.000000000,2048,-0.056757289,2085,0.335731535,-14,0.336000000,-100,45.539000,-403,0.000000000,2048,0.000000000,0,12.400,38,29720,1,0,
111843753192535,111843749592659,111843751116697,111843753192535,1805,18.050000000,center_after_minus_a3,state,0,0.000000000,2048,-0.033747577,2070,0.575539774,-24,0.221760000,-66,47.573000,-421,0.000000000,2048,0.000000000,0,12.500,38,29730,1,0,
111843763209868,111843759593131,111843761113660,111843763209868,1806,18.060000000,center_after_minus_a3,state,0,0.000000000,2048,-0.009203885,2054,0.887290485,-37,0.067200000,-20,48.025000,-425,0.000000000,2048,0.000000000,0,12.500,38,29740,1,1,
111843773210779,111843769592641,111843771120591,111843773210779,1807,18.070000000,center_after_minus_a3,state,0,0.000000000,2048,0.015339808,2038,1.223022020,-51,0.104160000,-31,22.600000,-200,0.000000000,2048,0.000000000,0,12.500,38,29750,1,1,
111843783200800,111843779590813,111843781120389,111843783200800,1808,18.080000000,center_after_minus_a3,state,0,0.000000000,2048,0.033747577,2026,1.534772731,-64,-0.258720000,77,25.425000,-225,0.000000000,2048,0.000000000,0,12.600,38,29760,1,0,
111843793205149,111843789593108,111843791131360,111843793205149,1809,18.090000000,center_after_minus_a3,state,0,0.000000000,2048,0.046019424,2018,1.750600146,-73,-0.288960000,86,15.820000,-140,0.000000000,2048,0.000000000,0,12.600,38,29770,1,0,
111843803197661,111843799592662,111843801118895,111843803197661,1810,18.100000000,center_after_minus_a3,state,0,0.000000000,2048,0.055223308,2012,1.846523442,-77,-0.319200000,95,12.769000,-113,0.000000000,2048,0.000000000,0,12.400,38,29780,1,0,
111843813198165,111843809592293,111843811109134,111843813198165,1811,18.110000000,center_after_minus_a3,state,0,0.000000000,2048,0.061359232,2008,1.798561794,-75,-0.352800000,105,8.701000,-77,0.000000000,2048,0.000000000,0,12.500,38,29790,1,0,
111843823199497,111843819592329,111843821109212,111843823199497,1812,18.120000000,center_after_minus_a3,state,0,0.000000000,2048,0.067495155,2004,1.678657675,-70,-0.362880000,108,1.921000,-17,0.000000000,2048,0.000000000,0,12.500,38,29800,1,0,
111843833196212,111843829592225,111843831111917,111843833196212,1813,18.130000000,center_after_minus_a3,state,0,0.000000000,2048,0.069029135,2003,1.462830259,-61,-0.379680000,113,-10.170000,90,0.000000000,2048,0.000000000,0,12.400,38,29810,1,0,
111843843206264,111843839592053,111843841109405,111843843206264,1814,18.140000000,center_after_minus_a3,state,0,0.000000000,2048,0.067495155,2004,1.175060372,-49,-0.386400000,115,-20.227000,179,0.000000000,2048,0.000000000,0,12.400,38,29820,1,0,
111843853202928,111843849591930,111843851116316,111843853202928,1815,18.150000000,center_after_minus_a3,state,0,0.000000000,2048,0.061359232,2008,0.863309661,-36,-0.362880000,108,-25.312000,224,0.000000000,2048,0.000000000,0,12.400,38,29830,1,0,
111843863199407,111843859593144,111843861119371,111843863199407,1816,18.160000000,center_after_minus_a3,state,0,0.000000000,2048,0.050621366,2015,0.527578126,-22,-0.292320000,87,-28.363000,251,0.000000000,2048,0.000000000,0,12.600,38,29840,1,0,
111843873195696,111843869592701,111843871107861,111843873195696,1817,18.170000000,center_after_minus_a3,state,0,0.000000000,2048,0.038349520,2023,0.215827415,-9,-0.215040000,64,-31.301000,277,0.000000000,2048,0.000000000,0,12.500,38,29850,0,0,
111843883194584,111843879592291,111843881111873,111843883194584,1818,18.180000000,center_after_minus_a3,state,0,0.000000000,2048,0.023009712,2033,-0.071942472,3,-0.141120000,42,-32.657000,289,0.000000000,2048,0.000000000,0,12.600,38,29860,0,0,
111843893212203,111843889592706,111843891113673,111843893212203,1819,18.190000000,center_after_minus_a3,state,0,0.000000000,2048,0.006135923,2044,-0.407674007,17,-0.057120000,17,-32.318000,286,0.000000000,2048,0.000000000,0,12.500,38,29870,1,1,
111843903230655,111843899592530,111843901088954,111843903230655,1820,18.200000000,center_after_minus_a3,state,0,0.000000000,2048,-0.010737866,2055,-0.719424718,30,-0.114240000,34,-6.667000,59,0.000000000,2048,0.000000000,0,12.500,38,29880,1,1,
111843913182471,111843909593123,111843911112511,111843913182471,1821,18.210000000,center_after_minus_a3,state,0,0.000000000,2048,-0.023009712,2063,-0.983213781,41,0.275520000,-82,-8.927000,79,0.000000000,2048,0.000000000,0,12.500,38,29890,1,0,
111843923172696,111843919592436,111843921101451,111843923172696,1822,18.220000000,center_after_minus_a3,state,0,0.000000000,2048,-0.029145635,2067,-1.151079548,48,0.171360000,-51,-6.667000,59,0.000000000,2048,0.000000000,0,12.400,38,29900,1,0,
111843933177909,111843929592188,111843931094219,111843933177909,1823,18.230000000,center_after_minus_a3,state,0,0.000000000,2048,-0.032213597,2069,-1.199041196,50,0.238560000,-71,0.000000,0,0.000000000,2048,0.000000000,0,12.500,38,29910,1,0,
111843943186928,111843939592097,111843941103214,111843943186928,1824,18.240000000,center_after_minus_a3,state,0,0.000000000,2048,-0.033747577,2070,-1.151079548,48,0.194880000,-58,6.102000,-54,0.000000000,2048,0.000000000,0,12.500,38,29920,1,0,
111843953175287,111843949591451,111843951091036,111843953175287,1825,18.250000000,center_after_minus_a3,state,0,0.000000000,2048,-0.032213597,2069,-1.007194605,42,0.181440000,-54,17.063000,-151,0.000000000,2048,0.000000000,0,12.500,38,29930,1,0,
111843963179424,111843959592917,111843961110212,111843963179424,1826,18.260000000,center_after_minus_a3,state,0,0.000000000,2048,-0.027611654,2066,-0.791367189,33,0.124320000,-37,20.001000,-177,0.000000000,2048,0.000000000,0,12.500,38,29940,1,0,
111843973171325,111843969591857,111843971098347,111843973171325,1827,18.270000000,center_after_minus_a3,state,0,0.000000000,2048,-0.018407769,2060,-0.527578126,22,0.110880000,-33,22.035000,-195,0.000000000,2048,0.000000000,0,12.400,38,29950,1,0,
111843983179919,111843979592019,111843981091293,111843983179919,1828,18.280000000,center_after_minus_a3,state,0,0.000000000,2048,-0.007669904,2053,-0.215827415,9,0.047040000,-14,22.713000,-201,0.000000000,2048,0.000000000,0,12.500,38,29960,0,1,
111843993189706,111843989592631,111843991088474,111843993189706,1829,18.290000000,center_after_minus_a3,state,0,0.000000000,2048,0.003067962,2046,0.047961648,-2,0.013440000,-4,20.001000,-177,0.000000000,2048,0.000000000,0,12.600,38,29970,0,1,
111844003184865,111843999591978,111844001096384,111844003184865,1830,18.300000000,center_after_minus_a3,state,0,0.000000000,2048,0.012271846,2040,0.287769887,-12,0.063840000,-19,7.910000,-70,0.000000000,2048,0.000000000,0,12.600,38,29980,1,1,
111844013185711,111844009591032,111844011094971,111844013185711,1831,18.310000000,center_after_minus_a3,state,0,0.000000000,2048,0.016873789,2037,0.503597302,-21,-0.087360000,26,4.294000,-38,0.000000000,2048,0.000000000,0,12.600,38,29990,1,1,
111844023179471,111844019592354,111844021088335,111844023179471,1832,18.320000000,center_after_minus_a3,state,0,0.000000000,2048,0.021475731,2034,0.623501422,-26,-0.120960000,36,-0.339000,3,0.000000000,2048,0.000000000,0,12.600,38,30000,1,0,
111844033174639,111844029596745,111844031090726,111844033174639,1833,18.330000000,center_after_minus_a3,state,0,0.000000000,2048,0.023009712,2033,0.671463070,-28,-0.120960000,36,-3.616000,32,0.000000000,2048,0.000000000,0,12.600,38,30010,1,0,
111844043192544,111844039593356,111844041096237,111844043192544,1834,18.340000000,center_after_minus_a3,state,0,0.000000000,2048,0.021475731,2034,0.647482246,-27,-0.110880000,33,-9.266000,82,0.000000000,2048,0.000000000,0,12.600,38,30020,1,0,
111844053189414,111844049592670,111844051070213,111844053189414,1835,18.350000000,center_after_minus_a3,state,0,0.000000000,2048,0.019941750,2035,0.551558950,-23,-0.110880000,33,-14.125000,125,0.000000000,2048,0.000000000,0,12.400,38,30030,1,0,
111844063180036,111844059594227,111844061097227,111844063180036,1836,18.360000000,center_after_minus_a3,state,0,0.000000000,2048,0.013805827,2039,0.383693183,-16,-0.090720000,27,-14.577000,129,0.000000000,2048,0.000000000,0,12.400,38,30040,1,1,
111844073179482,111844069617284,111844071112513,111844073179482,1837,18.370000000,center_after_minus_a3,state,0,0.000000000,2048,0.009203885,2042,0.215827415,-9,-0.050400000,15,-14.690000,130,0.000000000,2048,0.000000000,0,12.600,38,30050,0,1,
111844083186104,111844079594724,111844081098667,111844083186104,1838,18.380000000,center_after_minus_a3,state,0,0.000000000,2048,0.001533981,2047,0.023980824,-1,-0.013440000,4,-14.803000,131,0.000000000,2048,0.000000000,0,12.600,38,30060,0,1,
111844093176454,111844089593490,111844091089701,111844093176454,1839,18.390000000,center_after_minus_a3,state,0,0.000000000,2048,-0.006135923,2052,-0.119904120,5,-0.043680000,13,-9.379000,83,0.000000000,2048,0.000000000,0,12.600,38,30070,0,1,
111844103179541,111844099592643,111844101086446,111844103179541,1840,18.400000000,center_after_minus_a3,state,0,0.000000000,2048,-0.010737866,2055,-0.287769887,12,-0.053760000,16,-1.921000,17,0.000000000,2048,0.000000000,0,12.600,38,30080,1,1,
111844113182612,111844109593272,111844111095625,111844113182612,1841,18.410000000,center_after_minus_a3,state,0,0.000000000,2048,-0.012271846,2056,-0.383693183,16,0.057120000,-17,0.339000,-3,0.000000000,2048,0.000000000,0,12.600,38,30090,1,1,
111844123179984,111844119592266,111844121091488,111844123179984,1842,18.420000000,center_after_minus_a3,state,0,0.000000000,2048,-0.013805827,2057,-0.431654831,18,0.080640000,-24,3.503000,-31,0.000000000,2048,0.000000000,0,12.600,38,30100,1,1,
111844133179891,111844129591911,111844131106133,111844133179891,1843,18.430000000,center_after_minus_a3,state,0,0.000000000,2048,-0.012271846,2056,-0.431654831,18,0.063840000,-19,5.876000,-52,0.000000000,2048,0.000000000,0,12.600,38,30110,1,1,
111844143186995,111844139592227,111844141095430,111844143186995,1844,18.440000000,center_after_minus_a3,state,0,0.000000000,2048,-0.010737866,2055,-0.359712359,15,0.070560000,-21,5.198000,-46,0.000000000,2048,0.000000000,0,12.600,38,30120,1,1,
111844153206317,111844149596442,111844151096219,111844153206317,1845,18.450000000,center_after_minus_a3,state,0,0.000000000,2048,-0.010737866,2055,-0.287769887,12,0.060480000,-18,4.633000,-41,0.000000000,2048,0.000000000,0,12.600,38,30130,1,1,
111844163192659,111844159594549,111844161107296,111844163192659,1846,18.460000000,center_after_minus_a3,state,0,0.000000000,2048,-0.007669904,2053,-0.167865767,7,0.043680000,-13,4.520000,-40,0.000000000,2048,0.000000000,0,12.600,38,30140,0,1,
111844173179918,111844169594450,111844171094525,111844173179918,1847,18.470000000,center_after_minus_a3,state,0,0.000000000,2048,-0.006135923,2052,-0.071942472,3,0.033600000,-10,4.520000,-40,0.000000000,2048,0.000000000,0,12.600,38,30150,0,1,
111844183176535,111844179592894,111844181107770,111844183176535,1848,18.480000000,center_after_minus_a3,state,0,0.000000000,2048,-0.004601942,2051,0.000000000,0,0.030240000,-9,4.407000,-39,0.000000000,2048,0.000000000,0,12.600,38,30160,0,1,
111844193182275,111844189593014,111844191094236,111844193182275,1849,18.490000000,center_after_minus_a3,state,0,0.000000000,2048,-0.001533981,2049,0.071942472,-3,0.016800000,-5,4.181000,-37,0.000000000,2048,0.000000000,0,12.500,38,30170,0,1,
111844203178616,111844199592452,111844201094961,111844203178616,1850,18.500000000,center_after_minus_a3,state,0,0.000000000,2048,0.000000000,2048,0.095923296,-4,0.006720000,-2,0.791000,-7,0.000000000,2048,0.000000000,0,12.500,38,30180,0,1,
111844213190810,111844209592496,111844211095989,111844213190810,1851,18.510000000,center_after_minus_a3,state,0,0.000000000,2048,0.000000000,2048,0.119904120,-5,0.006720000,-2,0.226000,-2,0.000000000,2048,0.000000000,0,12.500,38,30190,0,1,
111844223189576,111844219592723,111844221092643,111844223189576,1852,18.520000000,center_after_minus_a3,state,0,0.000000000,2048,0.000000000,2048,0.143884944,-6,-0.003360000,1,-0.226000,2,0.000000000,2048,0.000000000,0,12.500,38,30200,0,1,
111844233180582,111844229592387,111844231092692,111844233180582,1853,18.530000000,center_after_minus_a3,state,0,0.000000000,2048,0.001533981,2047,0.119904120,-5,0.000000000,0,0.000000,0,0.000000000,2048,0.000000000,0,12.500,38,30210,0,1,
111844243176346,111844239592093,111844241104463,111844243176346,1854,18.540000000,center_after_minus_a3,state,0,0.000000000,2048,0.001533981,2047,0.119904120,-5,-0.003360000,1,-0.113000,1,0.000000000,2048,0.000000000,0,12.500,38,30220,0,1,
111844253181559,111844249591669,111844251093172,111844253181559,1855,18.550000000,center_after_minus_a3,state,0,0.000000000,2048,0.001533981,2047,0.095923296,-4,-0.003360000,1,-0.226000,2,0.000000000,2048,0.000000000,0,12.500,38,30230,0,1,
111844263185906,111844259593466,111844261110003,111844263185906,1856,18.560000000,center_after_minus_a3,state,0,0.000000000,2048,0.001533981,2047,0.071942472,-3,-0.003360000,1,-0.113000,1,0.000000000,2048,0.000000000,0,12.500,38,30240,0,1,
111844273181271,111844269592110,111844271103772,111844273181271,1857,18.570000000,center_after_minus_a3,state,0,0.000000000,2048,0.001533981,2047,0.047961648,-2,-0.006720000,2,-0.339000,3,0.000000000,2048,0.000000000,0,12.500,38,30250,0,1,
111844283177400,111844279592053,111844281094145,111844283177400,1858,18.580000000,center_after_minus_a3,state,0,0.000000000,2048,0.001533981,2047,0.023980824,-1,-0.003360000,1,-0.452000,4,0.000000000,2048,0.000000000,0,12.500,38,30260,0,1,
111844293167916,111844289592535,111844291091345,111844293167916,1859,18.590000000,center_after_minus_a3,state,0,0.000000000,2048,0.000000000,2048,0.000000000,0,-0.003360000,1,-0.226000,2,0.000000000,2048,0.000000000,0,12.500,38,30270,0,1,
111844303179918,111844299592071,111844301095203,111844303179918,1860,18.600000000,center_after_minus_a3,state,0,0.000000000,2048,0.001533981,2047,0.000000000,0,-0.006720000,2,0.000000,0,0.000000000,2048,0.000000000,0,12.500,38,30280,0,1,
111844313173811,111844309592851,111844311093224,111844313173811,1861,18.610000000,center_after_minus_a3,state,0,0.000000000,2048,0.001533981,2047,0.000000000,0,-0.003360000,1,-0.113000,1,0.000000000,2048,0.000000000,0,12.500,38,30290,0,1,
111844323181632,111844319591913,111844321101710,111844323181632,1862,18.620000000,center_after_minus_a3,state,0,0.000000000,2048,0.001533981,2047,0.000000000,0,-0.003360000,1,-0.113000,1,0.000000000,2048,0.000000000,0,12.500,38,30300,0,1,
111844333174379,111844329591955,111844331071764,111844333174379,1863,18.630000000,center_after_minus_a3,state,0,0.000000000,2048,0.001533981,2047,0.000000000,0,-0.003360000,1,-0.339000,3,0.000000000,2048,0.000000000,0,12.500,38,30310,0,1,
111844343182327,111844339595504,111844341081220,111844343182327,1864,18.640000000,center_after_minus_a3,state,0,0.000000000,2048,0.001533981,2047,0.000000000,0,-0.003360000,1,-0.113000,1,0.000000000,2048,0.000000000,0,12.500,38,30320,0,1,
111844353170186,111844349592148,111844351081215,111844353170186,1865,18.650000000,center_after_minus_a3,state,0,0.000000000,2048,0.001533981,2047,0.000000000,0,-0.003360000,1,-0.339000,3,0.000000000,2048,0.000000000,0,12.500,38,30330,0,1,
111844363171184,111844359593510,111844361085955,111844363171184,1866,18.660000000,center_after_minus_a3,state,0,0.000000000,2048,0.001533981,2047,0.000000000,0,-0.003360000,1,-0.226000,2,0.000000000,2048,0.000000000,0,12.500,38,30340,0,1,
111844373159716,111844369592092,111844371077203,111844373159716,1867,18.670000000,center_after_minus_a3,state,0,0.000000000,2048,0.001533981,2047,0.000000000,0,-0.003360000,1,-0.226000,2,0.000000000,2048,0.000000000,0,12.500,38,30350,0,1,
111844383164293,111844379591293,111844381075780,111844383164293,1868,18.680000000,center_after_minus_a3,state,0,0.000000000,2048,0.000000000,2048,0.000000000,0,0.000000000,0,0.113000,-1,0.000000000,2048,0.000000000,0,12.500,38,30360,0,1,
111844393157627,111844389592017,111844391083686,111844393157627,1869,18.690000000,center_after_minus_a3,state,0,0.000000000,2048,0.001533981,2047,0.000000000,0,-0.003360000,1,-0.565000,5,0.000000000,2048,0.000000000,0,12.500,38,30370,0,1,
111844403159141,111844399592821,111844401072790,111844403159141,1870,18.700000000,center_after_minus_a3,state,0,0.000000000,2048,0.001533981,2047,0.000000000,0,-0.006720000,2,-0.565000,5,0.000000000,2048,0.000000000,0,12.500,38,30380,0,1,
111844413167170,111844409591695,111844411073402,111844413167170,1871,18.710000000,center_after_minus_a3,state,0,0.000000000,2048,0.001533981,2047,0.000000000,0,-0.003360000,1,-0.565000,5,0.000000000,2048,0.000000000,0,12.500,38,30390,0,1,
111844423161627,111844419592585,111844421072289,111844423161627,1872,18.720000000,center_after_minus_a3,state,0,0.000000000,2048,0.001533981,2047,0.000000000,0,-0.003360000,1,-0.791000,7,0.000000000,2048,0.000000000,0,12.500,38,30400,0,1,
111844433159000,111844429591578,111844431085132,111844433159000,1873,18.730000000,center_after_minus_a3,state,0,0.000000000,2048,0.001533981,2047,0.000000000,0,-0.006720000,2,-0.791000,7,0.000000000,2048,0.000000000,0,12.500,38,30410,0,1,
111844443159375,111844439592417,111844441076780,111844443159375,1874,18.740000000,center_after_minus_a3,state,0,0.000000000,2048,0.001533981,2047,0.000000000,0,-0.003360000,1,-0.339000,3,0.000000000,2048,0.000000000,0,12.500,38,30420,0,1,
111844453160332,111844449592139,111844451074325,111844453160332,1875,18.750000000,center_after_minus_a3,state,0,0.000000000,2048,0.001533981,2047,0.000000000,0,-0.003360000,1,-0.226000,2,0.000000000,2048,0.000000000,0,12.500,38,30430,0,1,
111844463164195,111844459592795,111844461082087,111844463164195,1876,18.760000000,center_after_minus_a3,state,0,0.000000000,2048,0.001533981,2047,0.000000000,0,-0.003360000,1,-0.339000,3,0.000000000,2048,0.000000000,0,12.500,38,30440,0,1,
111844473161691,111844469592313,111844471082162,111844473161691,1877,18.770000000,center_after_minus_a3,state,0,0.000000000,2048,0.001533981,2047,0.000000000,0,-0.006720000,2,-0.113000,1,0.000000000,2048,0.000000000,0,12.500,38,30450,0,1,
111844483156823,111844479592417,111844481074872,111844483156823,1878,18.780000000,center_after_minus_a3,state,0,0.000000000,2048,0.001533981,2047,0.000000000,0,0.000000000,0,0.000000,0,0.000000000,2048,0.000000000,0,12.500,38,30460,0,1,
111844493153706,111844489592515,111844491071867,111844493153706,1879,18.790000000,center_after_minus_a3,state,0,0.000000000,2048,0.001533981,2047,0.000000000,0,-0.003360000,1,-0.339000,3,0.000000000,2048,0.000000000,0,12.500,38,30470,0,1,
111844503162601,111844499592186,111844501075191,111844503162601,1880,18.800000000,center_after_minus_a3,state,0,0.000000000,2048,0.001533981,2047,0.000000000,0,-0.003360000,1,-0.565000,5,0.000000000,2048,0.000000000,0,12.500,38,30480,0,1,
111844513176121,111844509594154,111844511074126,111844513176121,1881,18.810000000,center_after_minus_a3,state,0,0.000000000,2048,0.001533981,2047,0.000000000,0,-0.006720000,2,-0.226000,2,0.000000000,2048,0.000000000,0,12.500,38,30490,0,1,
111844523108284,111844519594514,111844521028667,111844523108284,1882,18.820000000,center_after_minus_a3,state,0,0.000000000,2048,0.001533981,2047,0.000000000,0,-0.003360000,1,-0.791000,7,0.000000000,2048,0.000000000,0,12.500,38,30500,0,1,
111844533106284,111844529592762,111844531023568,111844533106284,1883,18.830000000,center_after_minus_a3,state,0,0.000000000,2048,0.001533981,2047,0.000000000,0,-0.003360000,1,-0.565000,5,0.000000000,2048,0.000000000,0,12.500,38,30510,0,1,
111844543161771,111844539592717,111844541017650,111844543161771,1884,18.840000000,center_after_minus_a3,state,0,0.000000000,2048,0.000000000,2048,0.000000000,0,-0.006720000,2,-0.452000,4,0.000000000,2048,0.000000000,0,12.500,38,30520,0,1,
111844553156227,111844549591792,111844551077725,111844553156227,1885,18.850000000,center_after_minus_a3,state,0,0.000000000,2048,0.001533981,2047,0.000000000,0,-0.006720000,2,0.000000,0,0.000000000,2048,0.000000000,0,12.500,38,30530,0,1,
111844563156637,111844559593862,111844561078823,111844563156637,1886,18.860000000,center_after_minus_a3,state,0,0.000000000,2048,0.001533981,2047,0.000000000,0,-0.003360000,1,-0.452000,4,0.000000000,2048,0.000000000,0,12.500,38,30540,0,1,
111844573157052,111844569590719,111844571083055,111844573157052,1887,18.870000000,center_after_minus_a3,state,0,0.000000000,2048,0.001533981,2047,0.000000000,0,-0.003360000,1,-0.339000,3,0.000000000,2048,0.000000000,0,12.500,38,30550,0,1,
111844583171024,111844579592059,111844581074113,111844583171024,1888,18.880000000,center_after_minus_a3,state,0,0.000000000,2048,0.001533981,2047,0.000000000,0,-0.003360000,1,0.000000,0,0.000000000,2048,0.000000000,0,12.500,38,30560,0,1,
111844593159738,111844589592527,111844591072130,111844593159738,1889,18.890000000,center_after_minus_a3,state,0,0.000000000,2048,0.001533981,2047,0.000000000,0,-0.003360000,1,-0.452000,4,0.000000000,2048,0.000000000,0,12.500,38,30570,0,1,
111844603158017,111844599591571,111844601088105,111844603158017,1890,18.900000000,center_after_minus_a3,state,0,0.000000000,2048,0.001533981,2047,0.000000000,0,-0.003360000,1,-0.339000,3,0.000000000,2048,0.000000000,0,12.500,38,30580,0,1,
111844613159045,111844609592537,111844611077729,111844613159045,1891,18.910000000,center_after_minus_a3,state,0,0.000000000,2048,0.001533981,2047,0.000000000,0,-0.003360000,1,-0.791000,7,0.000000000,2048,0.000000000,0,12.500,38,30590,0,1,
111844623154884,111844619591696,111844621078120,111844623154884,1892,18.920000000,center_after_minus_a3,state,0,0.000000000,2048,0.001533981,2047,0.000000000,0,-0.003360000,1,-0.904000,8,0.000000000,2048,0.000000000,0,12.500,38,30600,0,1,
111844633163200,111844629592032,111844631074316,111844633163200,1893,18.930000000,center_after_minus_a3,state,0,0.000000000,2048,0.001533981,2047,0.000000000,0,-0.006720000,2,-0.678000,6,0.000000000,2048,0.000000000,0,12.500,38,30610,0,1,
111844643155151,111844639592098,111844641075953,111844643155151,1894,18.940000000,center_after_minus_a3,state,0,0.000000000,2048,0.001533981,2047,0.000000000,0,-0.006720000,2,-0.226000,2,0.000000000,2048,0.000000000,0,12.500,38,30620,0,1,
111844653156346,111844649591800,111844651078688,111844653156346,1895,18.950000000,center_after_minus_a3,state,0,0.000000000,2048,0.001533981,2047,0.000000000,0,-0.003360000,1,-0.452000,4,0.000000000,2048,0.000000000,0,12.500,38,30630,0,1,
111844663166122,111844659592928,111844661081935,111844663166122,1896,18.960000000,center_after_minus_a3,state,0,0.000000000,2048,0.001533981,2047,0.000000000,0,0.000000000,0,-0.339000,3,0.000000000,2048,0.000000000,0,12.500,38,30640,0,1,
111844673154480,111844669591701,111844671091219,111844673154480,1897,18.970000000,center_after_minus_a3,state,0,0.000000000,2048,0.000000000,2048,0.000000000,0,-0.003360000,1,-0.113000,1,0.000000000,2048,0.000000000,0,12.500,38,30650,0,1,
111844683170561,111844679591087,111844681082932,111844683170561,1898,18.980000000,center_after_minus_a3,state,0,0.000000000,2048,0.001533981,2047,0.000000000,0,-0.003360000,1,-0.113000,1,0.000000000,2048,0.000000000,0,12.500,38,30660,0,1,
111844693089273,111844689591764,111844691075737,111844693089273,1899,18.990000000,center_after_minus_a3,hardware_error,0,0.000000000,2048,,,,,,,,,,,,,,,,,,0
111844703158795,111844699592120,111844701074116,111844703158795,1900,19.000000000,center_after_minus_a3,state,0,0.000000000,2048,0.001533981,2047,0.000000000,0,-0.006720000,2,0.113000,-1,0.000000000,2048,0.000000000,0,12.500,38,30680,0,1,
111844713170079,111844709591349,111844711082924,111844713170079,1901,19.010000000,center_after_minus_a3,state,0,0.000000000,2048,0.000000000,2048,0.000000000,0,-0.006720000,2,0.000000,0,0.000000000,2048,0.000000000,0,12.500,38,30690,0,1,
111844723163569,111844719592206,111844721077110,111844723163569,1902,19.020000000,center_after_minus_a3,state,0,0.000000000,2048,0.001533981,2047,0.000000000,0,-0.003360000,1,-0.678000,6,0.000000000,2048,0.000000000,0,12.500,38,30700,0,1,
111844733160190,111844729591835,111844731084000,111844733160190,1903,19.030000000,center_after_minus_a3,state,0,0.000000000,2048,0.000000000,2048,0.000000000,0,-0.003360000,1,-0.791000,7,0.000000000,2048,0.000000000,0,12.500,38,30710,0,1,
111844743167560,111844739592283,111844741076977,111844743167560,1904,19.040000000,center_after_minus_a3,state,0,0.000000000,2048,0.001533981,2047,0.000000000,0,-0.003360000,1,-0.452000,4,0.000000000,2048,0.000000000,0,12.500,38,30720,0,1,
111844753169947,111844749591570,111844751086277,111844753169947,1905,19.050000000,center_after_minus_a3,state,0,0.000000000,2048,0.001533981,2047,0.000000000,0,-0.003360000,1,-0.678000,6,0.000000000,2048,0.000000000,0,12.500,38,30730,0,1,
111844763164555,111844759593036,111844761080325,111844763164555,1906,19.060000000,center_after_minus_a3,state,0,0.000000000,2048,0.001533981,2047,0.000000000,0,-0.003360000,1,-0.678000,6,0.000000000,2048,0.000000000,0,12.500,38,30740,0,1,
111844773163162,111844769591822,111844771069174,111844773163162,1907,19.070000000,center_after_minus_a3,state,0,0.000000000,2048,0.000000000,2048,0.000000000,0,-0.006720000,2,-0.791000,7,0.000000000,2048,0.000000000,0,12.500,38,30750,0,1,
111844783162872,111844779592011,111844781070831,111844783162872,1908,19.080000000,center_after_minus_a3,state,0,0.000000000,2048,0.001533981,2047,0.000000000,0,-0.003360000,1,-0.678000,6,0.000000000,2048,0.000000000,0,12.500,38,30760,0,1,
111844793160763,111844789591417,111844791069955,111844793160763,1909,19.090000000,center_after_minus_a3,state,0,0.000000000,2048,0.001533981,2047,0.000000000,0,-0.003360000,1,-0.678000,6,0.000000000,2048,0.000000000,0,12.500,38,30770,0,1,
111844803157781,111844799591443,111844801073791,111844803157781,1910,19.100000000,center_after_minus_a3,state,0,0.000000000,2048,0.001533981,2047,0.000000000,0,-0.003360000,1,-0.791000,7,0.000000000,2048,0.000000000,0,12.500,38,30780,0,1,
111844813142175,111844809591986,111844811072043,111844813142175,1911,19.110000000,center_after_minus_a3,state,0,0.000000000,2048,0.001533981,2047,0.000000000,0,-0.003360000,1,-0.452000,4,0.000000000,2048,0.000000000,0,12.500,38,30790,0,1,
111844823156912,111844819591778,111844821067169,111844823156912,1912,19.120000000,center_after_minus_a3,state,0,0.000000000,2048,0.001533981,2047,0.000000000,0,-0.003360000,1,-0.791000,7,0.000000000,2048,0.000000000,0,12.500,38,30800,0,1,
111844833143158,111844829592359,111844831070262,111844833143158,1913,19.130000000,center_after_minus_a3,state,0,0.000000000,2048,0.001533981,2047,0.000000000,0,-0.003360000,1,-0.565000,5,0.000000000,2048,0.000000000,0,12.500,38,30810,0,1,
111844843146708,111844839591906,111844841068614,111844843146708,1914,19.140000000,center_after_minus_a3,state,0,0.000000000,2048,0.001533981,2047,0.000000000,0,-0.003360000,1,-0.565000,5,0.000000000,2048,0.000000000,0,12.500,38,30820,0,1,
111844853154089,111844849591960,111844851068151,111844853154089,1915,19.150000000,center_after_minus_a3,state,0,0.000000000,2048,0.000000000,2048,0.000000000,0,-0.006720000,2,-0.678000,6,0.000000000,2048,0.000000000,0,12.500,38,30830,0,1,
111844863151581,111844859593062,111844861070695,111844863151581,1916,19.160000000,center_after_minus_a3,state,0,0.000000000,2048,0.001533981,2047,0.000000000,0,-0.003360000,1,-0.113000,1,0.000000000,2048,0.000000000,0,12.500,38,30840,0,1,
111844873147403,111844869592152,111844871071247,111844873147403,1917,19.170000000,center_after_minus_a3,state,0,0.000000000,2048,0.001533981,2047,0.000000000,0,-0.003360000,1,-0.339000,3,0.000000000,2048,0.000000000,0,12.500,38,30850,0,1,
111844883153783,111844879591859,111844881072745,111844883153783,1918,19.180000000,center_after_minus_a3,state,0,0.000000000,2048,0.001533981,2047,0.000000000,0,-0.003360000,1,-0.226000,2,0.000000000,2048,0.000000000,0,12.500,38,30860,0,1,
111844893146882,111844889591934,111844891067546,111844893146882,1919,19.190000000,center_after_minus_a3,state,0,0.000000000,2048,0.001533981,2047,0.000000000,0,-0.003360000,1,-0.113000,1,0.000000000,2048,0.000000000,0,12.500,38,30870,0,1,
111844903153835,111844899591867,111844901072250,111844903153835,1920,19.200000000,center_after_minus_a3,state,0,0.000000000,2048,0.001533981,2047,0.000000000,0,-0.006720000,2,-0.226000,2,0.000000000,2048,0.000000000,0,12.500,38,30880,0,1,
111844913146442,111844909591797,111844911068568,111844913146442,1921,19.210000000,center_after_minus_a3,state,0,0.000000000,2048,0.001533981,2047,0.000000000,0,-0.003360000,1,-0.452000,4,0.000000000,2048,0.000000000,0,12.500,38,30890,0,1,
111844923154781,111844919592614,111844921070939,111844923154781,1922,19.220000000,center_after_minus_a3,state,0,0.000000000,2048,0.001533981,2047,0.000000000,0,-0.003360000,1,-0.565000,5,0.000000000,2048,0.000000000,0,12.500,38,30900,0,1,
111844933154131,111844929591551,111844931064276,111844933154131,1923,19.230000000,center_after_minus_a3,state,0,0.000000000,2048,0.001533981,2047,0.000000000,0,-0.003360000,1,-0.791000,7,0.000000000,2048,0.000000000,0,12.500,38,30910,0,1,
111844943149009,111844939592468,111844941063705,111844943149009,1924,19.240000000,center_after_minus_a3,state,0,0.000000000,2048,0.001533981,2047,0.000000000,0,-0.003360000,1,-0.678000,6,0.000000000,2048,0.000000000,0,12.500,38,30920,0,1,
111844953147598,111844949591558,111844951066367,111844953147598,1925,19.250000000,center_after_minus_a3,state,0,0.000000000,2048,0.001533981,2047,0.000000000,0,-0.003360000,1,-0.565000,5,0.000000000,2048,0.000000000,0,12.500,38,30930,0,1,
111844963157796,111844959592741,111844961073421,111844963157796,1926,19.260000000,center_after_minus_a3,state,0,0.000000000,2048,0.001533981,2047,0.000000000,0,-0.003360000,1,-0.565000,5,0.000000000,2048,0.000000000,0,12.500,38,30940,0,1,
111844973150319,111844969592407,111844971069655,111844973150319,1927,19.270000000,center_after_minus_a3,state,0,0.000000000,2048,0.001533981,2047,0.000000000,0,-0.003360000,1,-0.791000,7,0.000000000,2048,0.000000000,0,12.500,38,30950,0,1,
111844983149736,111844979592114,111844981069661,111844983149736,1928,19.280000000,center_after_minus_a3,state,0,0.000000000,2048,0.001533981,2047,0.000000000,0,-0.003360000,1,-0.339000,3,0.000000000,2048,0.000000000,0,12.500,38,30960,0,1,
111844993155882,111844989592207,111844991073789,111844993155882,1929,19.290000000,center_after_minus_a3,state,0,0.000000000,2048,0.001533981,2047,0.000000000,0,-0.006720000,2,-0.226000,2,0.000000000,2048,0.000000000,0,12.500,38,30970,0,1,
111845003151616,111844999592012,111845001073901,111845003151616,1930,19.300000000,center_after_minus_a3,state,0,0.000000000,2048,0.000000000,2048,0.000000000,0,-0.003360000,1,-0.452000,4,0.000000000,2048,0.000000000,0,12.500,38,30980,0,1,
111845013149858,111845009592676,111845011069564,111845013149858,1931,19.310000000,center_after_minus_a3,state,0,0.000000000,2048,0.001533981,2047,0.000000000,0,-0.003360000,1,-0.678000,6,0.000000000,2048,0.000000000,0,12.500,38,30990,0,1,
111845023093760,111845019591478,111845021067077,111845023093760,1932,19.320000000,center_after_minus_a3,state,0,0.000000000,2048,0.001533981,2047,0.000000000,0,-0.006720000,2,-0.565000,5,0.000000000,2048,0.000000000,0,12.500,38,31000,0,1,
111845033082116,111845029592435,111845030992731,111845033082116,1933,19.330000000,center_after_minus_a3,state,0,0.000000000,2048,0.001533981,2047,0.000000000,0,-0.003360000,1,-0.791000,7,0.000000000,2048,0.000000000,0,12.500,38,31010,0,1,
111845043145359,111845039591942,111845041064173,111845043145359,1934,19.340000000,center_after_minus_a3,state,0,0.000000000,2048,0.001533981,2047,0.000000000,0,-0.003360000,1,-0.904000,8,0.000000000,2048,0.000000000,0,12.500,38,31020,0,1,
111845053138607,111845049591401,111845051067666,111845053138607,1935,19.350000000,center_after_minus_a3,state,0,0.000000000,2048,0.001533981,2047,0.000000000,0,-0.006720000,2,-0.678000,6,0.000000000,2048,0.000000000,0,12.500,38,31030,0,1,
111845063149710,111845059593135,111845061071074,111845063149710,1936,19.360000000,center_after_minus_a3,state,0,0.000000000,2048,0.001533981,2047,0.000000000,0,-0.003360000,1,-0.791000,7,0.000000000,2048,0.000000000,0,12.500,38,31040,0,1,
111845073138717,111845069592272,111845071063431,111845073138717,1937,19.370000000,center_after_minus_a3,state,0,0.000000000,2048,0.000000000,2048,0.000000000,0,-0.006720000,2,-0.791000,7,0.000000000,2048,0.000000000,0,12.500,38,31050,0,1,
111845083155515,111845079592032,111845081067853,111845083155515,1938,19.380000000,center_after_minus_a3,state,0,0.000000000,2048,0.001533981,2047,0.000000000,0,-0.003360000,1,-0.452000,4,0.000000000,2048,0.000000000,0,12.500,38,31060,0,1,
111845093157608,111845089592384,111845091072491,111845093157608,1939,19.390000000,center_after_minus_a3,state,0,0.000000000,2048,0.001533981,2047,0.000000000,0,-0.003360000,1,-0.226000,2,0.000000000,2048,0.000000000,0,12.500,38,31070,0,1,
111845103149363,111845099591515,111845101066424,111845103149363,1940,19.400000000,center_after_minus_a3,state,0,0.000000000,2048,0.001533981,2047,0.000000000,0,-0.006720000,2,-0.226000,2,0.000000000,2048,0.000000000,0,12.500,38,31080,0,1,
111845113151642,111845109591595,111845111071495,111845113151642,1941,19.410000000,center_after_minus_a3,state,0,0.000000000,2048,0.001533981,2047,0.000000000,0,-0.006720000,2,-0.113000,1,0.000000000,2048,0.000000000,0,12.500,38,31090,0,1,
111845123141067,111845119592582,111845121071777,111845123141067,1942,19.420000000,center_after_minus_a3,state,0,0.000000000,2048,0.000000000,2048,0.000000000,0,-0.006720000,2,-0.113000,1,0.000000000,2048,0.000000000,0,12.500,38,31100,0,1,
111845133151563,111845129591442,111845131070693,111845133151563,1943,19.430000000,center_after_minus_a3,state,0,0.000000000,2048,0.001533981,2047,0.000000000,0,-0.003360000,1,-0.339000,3,0.000000000,2048,0.000000000,0,12.500,38,31110,0,1,
111845143142258,111845139592107,111845141066699,111845143142258,1944,19.440000000,center_after_minus_a3,state,0,0.000000000,2048,0.001533981,2047,0.000000000,0,0.000000000,0,-0.565000,5,0.000000000,2048,0.000000000,0,12.500,38,31120,0,1,
111845153160990,111845149599619,111845151070952,111845153160990,1945,19.450000000,center_after_minus_a3,state,0,0.000000000,2048,0.000000000,2048,0.000000000,0,-0.003360000,1,-0.678000,6,0.000000000,2048,0.000000000,0,12.500,38,31130,0,1,
111845163156169,111845159593751,111845161079011,111845163156169,1946,19.460000000,center_after_minus_a3,state,0,0.000000000,2048,0.001533981,2047,0.000000000,0,-0.006720000,2,-0.565000,5,0.000000000,2048,0.000000000,0,12.500,38,31140,0,1,
111845173149327,111845169592358,111845171040494,111845173149327,1947,19.470000000,center_after_minus_a3,state,0,0.000000000,2048,0.001533981,2047,0.000000000,0,0.000000000,0,-0.791000,7,0.000000000,2048,0.000000000,0,12.500,38,31150,0,1,
111845183154316,111845179591912,111845181038227,111845183154316,1948,19.480000000,center_after_minus_a3,state,0,0.000000000,2048,0.001533981,2047,0.000000000,0,-0.006720000,2,-0.678000,6,0.000000000,2048,0.000000000,0,12.500,38,31160,0,1,
111845193144110,111845189591855,111845191045527,111845193144110,1949,19.490000000,center_after_minus_a3,state,0,0.000000000,2048,0.001533981,2047,0.000000000,0,-0.003360000,1,-0.678000,6,0.000000000,2048,0.000000000,0,12.500,38,31170,0,1,
