sequence,scheduled_time_s,phase,goal_rad,goal_tick,tx_start_ns,tx_end_ns
0,0.000000000,center,0.000000000,2048,112276779947656,112276781412985
1,0.010000000,center,0.000000000,2048,112276790017313,112276791406641
2,0.020000000,center,0.000000000,2048,112276800007347,112276801403516
3,0.030000000,center,0.000000000,2048,112276810007318,112276811406139
4,0.040000000,center,0.000000000,2048,112276820006683,112276821404873
5,0.050000000,center,0.000000000,2048,112276830006549,112276831410901
6,0.060000000,center,0.000000000,2048,112276840009544,112276841402318
7,0.070000000,center,0.000000000,2048,112276850006540,112276851407951
8,0.080000000,center,0.000000000,2048,112276860007540,112276861385467
9,0.090000000,center,0.000000000,2048,112276870006936,112276871386992
10,0.100000000,center,0.000000000,2048,112276880007031,112276881409982
11,0.110000000,center,0.000000000,2048,112276890008067,112276891382946
12,0.120000000,center,0.000000000,2048,112276900009231,112276901383261
13,0.130000000,center,0.000000000,2048,112276910006837,112276911386791
14,0.140000000,center,0.000000000,2048,112276920006302,112276921381161
15,0.150000000,center,0.000000000,2048,112276930006114,112276931382508
16,0.160000000,center,0.000000000,2048,112276940006581,112276941381083
17,0.170000000,center,0.000000000,2048,112276950006790,112276951382880
18,0.180000000,center,0.000000000,2048,112276960006916,112276961377099
19,0.190000000,center,0.000000000,2048,112276970006734,112276971380393
20,0.200000000,center,0.000000000,2048,112276980006967,112276981376028
21,0.210000000,center,0.000000000,2048,112276990009612,112276991378119
22,0.220000000,center,0.000000000,2048,112277000009010,112277001382633
23,0.230000000,center,0.000000000,2048,112277010007447,112277011377942
24,0.240000000,center,0.000000000,2048,112277020006536,112277021381861
25,0.250000000,center,0.000000000,2048,112277030006228,112277031376926
26,0.260000000,center,0.000000000,2048,112277040006464,112277041376340
27,0.270000000,center,0.000000000,2048,112277050010009,112277051383925
28,0.280000000,center,0.000000000,2048,112277060007570,112277061385300
29,0.290000000,center,0.000000000,2048,112277070007647,112277071389100
30,0.300000000,center,0.000000000,2048,112277080006801,112277081382476
31,0.310000000,center,0.000000000,2048,112277090006275,112277091380293
32,0.320000000,center,0.000000000,2048,112277100006970,112277101388866
33,0.330000000,center,0.000000000,2048,112277110009035,112277111383117
34,0.340000000,center,0.000000000,2048,112277120006843,112277121387512
35,0.350000000,center,0.000000000,2048,112277130006758,112277131381660
36,0.360000000,center,0.000000000,2048,112277140007115,112277141380682
37,0.370000000,center,0.000000000,2048,112277150007075,112277151386499
38,0.380000000,center,0.000000000,2048,112277160006856,112277161348425
39,0.390000000,center,0.000000000,2048,112277170007085,112277171386860
40,0.400000000,center,0.000000000,2048,112277180006491,112277181380382
41,0.410000000,center,0.000000000,2048,112277190006945,112277191379767
42,0.420000000,center,0.000000000,2048,112277200007062,112277201380218
43,0.430000000,center,0.000000000,2048,112277210007440,112277211382993
44,0.440000000,center,0.000000000,2048,112277220009189,112277221383069
45,0.450000000,center,0.000000000,2048,112277230006600,112277231378221
46,0.460000000,center,0.000000000,2048,112277240006543,112277241381911
47,0.470000000,center,0.000000000,2048,112277250006543,112277251378815
48,0.480000000,center,0.000000000,2048,112277260006829,112277261373540
49,0.490000000,center,0.000000000,2048,112277270006658,112277271388496
50,0.500000000,center,0.000000000,2048,112277280006889,112277281360089
51,0.510000000,center,0.000000000,2048,112277290006767,112277291365389
52,0.520000000,center,0.000000000,2048,112277300006751,112277301372920
53,0.530000000,center,0.000000000,2048,112277310007410,112277311367991
54,0.540000000,center,0.000000000,2048,112277320007133,112277321358439
55,0.550000000,center,0.000000000,2048,112277330008741,112277331365994
56,0.560000000,center,0.000000000,2048,112277340006567,112277341367597
57,0.570000000,center,0.000000000,2048,112277350006456,112277351366014
58,0.580000000,center,0.000000000,2048,112277360007804,112277361364868
59,0.590000000,center,0.000000000,2048,112277370006847,112277371361513
60,0.600000000,center,0.000000000,2048,112277380007431,112277381360595
61,0.610000000,center,0.000000000,2048,112277390006777,112277391360844
62,0.620000000,center,0.000000000,2048,112277400007413,112277401362820
63,0.630000000,center,0.000000000,2048,112277410007263,112277411358780
64,0.640000000,center,0.000000000,2048,112277420006867,112277421358730
65,0.650000000,center,0.000000000,2048,112277430007190,112277431364534
66,0.660000000,center,0.000000000,2048,112277440041584,112277442372292
67,0.670000000,center,0.000000000,2048,112277450010398,112277451366155
68,0.680000000,center,0.000000000,2048,112277460007865,112277461369485
69,0.690000000,center,0.000000000,2048,112277470006970,112277471367613
70,0.700000000,center,0.000000000,2048,112277480006794,112277481369685
71,0.710000000,center,0.000000000,2048,112277490006840,112277491358959
72,0.720000000,center,0.000000000,2048,112277500006820,112277501360194
73,0.730000000,center,0.000000000,2048,112277510008646,112277511322228
74,0.740000000,center,0.000000000,2048,112277520007349,112277521306294
75,0.750000000,center,0.000000000,2048,112277530006846,112277531302126
76,0.760000000,center,0.000000000,2048,112277540007204,112277541300401
77,0.770000000,center,0.000000000,2048,112277550009639,112277551305127
78,0.780000000,center,0.000000000,2048,112277560006831,112277561303042
79,0.790000000,center,0.000000000,2048,112277570010961,112277571360443
80,0.800000000,center,0.000000000,2048,112277580007276,112277581366146
81,0.810000000,center,0.000000000,2048,112277590006771,112277591357810
82,0.820000000,center,0.000000000,2048,112277600006906,112277601366610
83,0.830000000,center,0.000000000,2048,112277610007432,112277611356370
84,0.840000000,center,0.000000000,2048,112277620006735,112277621369596
85,0.850000000,center,0.000000000,2048,112277630009502,112277631362044
86,0.860000000,center,0.000000000,2048,112277640007288,112277641355575
87,0.870000000,center,0.000000000,2048,112277650008799,112277651360496
88,0.880000000,center,0.000000000,2048,112277660006668,112277661358218
89,0.890000000,center,0.000000000,2048,112277670006593,112277671359464
90,0.900000000,center,0.000000000,2048,112277680006768,112277681339643
91,0.910000000,center,0.000000000,2048,112277690006715,112277691359554
92,0.920000000,center,0.000000000,2048,112277700009788,112277701338115
93,0.930000000,center,0.000000000,2048,112277710007739,112277711337672
94,0.940000000,center,0.000000000,2048,112277720007091,112277721357314
95,0.950000000,center,0.000000000,2048,112277730007034,112277731356907
96,0.960000000,center,0.000000000,2048,112277740006531,112277741336168
97,0.970000000,center,0.000000000,2048,112277750007054,112277751338198
98,0.980000000,center,0.000000000,2048,112277760006474,112277761333877
99,0.990000000,center,0.000000000,2048,112277770006573,112277771338754
100,1.000000000,sine_f1,0.000000000,2048,112277780006303,112277781330162
101,1.010000000,sine_f1,0.001099512,2047,112277790006755,112277791340740
102,1.020000000,sine_f1,0.002198753,2047,112277800006305,112277801343437
103,1.030000000,sine_f1,0.003297452,2046,112277810009664,112277811339695
104,1.040000000,sine_f1,0.004395336,2045,112277820007040,112277821342963
105,1.050000000,sine_f1,0.005492137,2044,112277830007014,112277831334335
106,1.060000000,sine_f1,0.006587582,2044,112277840007377,112277841338710
107,1.070000000,sine_f1,0.007681402,2043,112277850006674,112277851344947
108,1.080000000,sine_f1,0.008773326,2042,112277860007372,112277861340562
109,1.090000000,sine_f1,0.009863086,2042,112277870008853,112277871344201
110,1.100000000,sine_f1,0.010950413,2041,112277880006835,112277881371130
111,1.110000000,sine_f1,0.012035037,2040,112277890007751,112277891339814
112,1.120000000,sine_f1,0.013116692,2039,112277900008011,112277901338749
113,1.130000000,sine_f1,0.014195111,2039,112277910007307,112277911337152
114,1.140000000,sine_f1,0.015270027,2038,112277920006758,112277921337634
115,1.150000000,sine_f1,0.016341175,2037,112277930006634,112277931338153
116,1.160000000,sine_f1,0.017408292,2037,112277940006882,112277941338459
117,1.170000000,sine_f1,0.018471113,2036,112277950009100,112277951339657
118,1.180000000,sine_f1,0.019529377,2035,112277960010725,112277961341032
119,1.190000000,sine_f1,0.020582823,2035,112277970009305,112277971339117
120,1.200000000,sine_f1,0.021631190,2034,112277980006994,112277981340347
121,1.210000000,sine_f1,0.022674219,2033,112277990006852,112277991342191
122,1.220000000,sine_f1,0.023711654,2033,112278000006774,112278001338415
123,1.230000000,sine_f1,0.024743239,2032,112278010006665,112278011333910
124,1.240000000,sine_f1,0.025768719,2031,112278020009678,112278021338042
125,1.250000000,sine_f1,0.026787840,2031,112278030007124,112278031339188
126,1.260000000,sine_f1,0.027800352,2030,112278040006826,112278041337920
127,1.270000000,sine_f1,0.028806005,2029,112278050007053,112278051346532
128,1.280000000,sine_f1,0.029804550,2029,112278060008214,112278061346309
129,1.290000000,sine_f1,0.030795742,2028,112278070011427,112278071344715
130,1.300000000,sine_f1,0.031779335,2027,112278080006904,112278081343639
131,1.310000000,sine_f1,0.032755087,2027,112278090006487,112278091343384
132,1.320000000,sine_f1,0.033722757,2026,112278100006395,112278101334565
133,1.330000000,sine_f1,0.034682107,2025,112278110007076,112278111316149
134,1.340000000,sine_f1,0.035632899,2025,112278120009078,112278121278359
135,1.350000000,sine_f1,0.036574900,2024,112278130006688,112278131261053
136,1.360000000,sine_f1,0.037507876,2024,112278140007037,112278141281141
137,1.370000000,sine_f1,0.038431597,2023,112278150007176,112278151281779
138,1.380000000,sine_f1,0.039345836,2022,112278160007123,112278161261240
139,1.390000000,sine_f1,0.040250368,2022,112278170009604,112278171264628
140,1.400000000,sine_f1,0.041144968,2021,112278180006570,112278181265300
141,1.410000000,sine_f1,0.042029416,2021,112278190006734,112278191262307
142,1.420000000,sine_f1,0.042903494,2020,112278200006565,112278201248735
143,1.430000000,sine_f1,0.043766986,2019,112278210008930,112278211262625
144,1.440000000,sine_f1,0.044619679,2019,112278220006982,112278221263466
145,1.450000000,sine_f1,0.045461363,2018,112278230007071,112278231258139
146,1.460000000,sine_f1,0.046291831,2018,112278240006778,112278241262315
147,1.470000000,sine_f1,0.047110876,2017,112278250007218,112278251264581
148,1.480000000,sine_f1,0.047918297,2017,112278260007424,112278261263184
149,1.490000000,sine_f1,0.048713896,2016,112278270006951,112278271259807
150,1.500000000,sine_f1,0.049497475,2016,112278280009202,112278281260658
151,1.510000000,sine_f1,0.050268841,2015,112278290006687,112278291260253
152,1.520000000,sine_f1,0.051027804,2015,112278300006130,112278301262416
153,1.530000000,sine_f1,0.051774177,2014,112278310007315,112278311261531
154,1.540000000,sine_f1,0.052507775,2014,112278320006752,112278321260402
155,1.550000000,sine_f1,0.053228418,2013,112278330006146,112278331260577
156,1.560000000,sine_f1,0.053935927,2013,112278340006664,112278341258002
157,1.570000000,sine_f1,0.054630129,2012,112278350007294,112278351261539
158,1.580000000,sine_f1,0.055310851,2012,112278360007058,112278361263851
159,1.590000000,sine_f1,0.055977926,2012,112278370006836,112278371265150
160,1.600000000,sine_f1,0.056631190,2011,112278380006872,112278381263360
161,1.610000000,sine_f1,0.057270480,2011,112278390009356,112278391259921
162,1.620000000,sine_f1,0.057895640,2010,112278400006908,112278401259239
163,1.630000000,sine_f1,0.058506515,2010,112278410006530,112278411262214
164,1.640000000,sine_f1,0.059102955,2009,112278420006817,112278421259520
165,1.650000000,sine_f1,0.059684812,2009,112278430006486,112278431258001
166,1.660000000,sine_f1,0.060251942,2009,112278440007424,112278441256888
167,1.670000000,sine_f1,0.060804206,2008,112278450006691,112278451264512
168,1.680000000,sine_f1,0.061341468,2008,112278460007158,112278461259655
169,1.690000000,sine_f1,0.061863594,2008,112278470006601,112278471261390
170,1.700000000,sine_f1,0.062370457,2007,112278480006807,112278481263761
171,1.710000000,sine_f1,0.062861930,2007,112278490008958,112278491261408
172,1.720000000,sine_f1,0.063337894,2007,112278500006431,112278501258830
173,1.730000000,sine_f1,0.063798229,2006,112278510006452,112278511263774
174,1.740000000,sine_f1,0.064242824,2006,112278520006551,112278521243237
175,1.750000000,sine_f1,0.064671567,2006,112278530006320,112278531242184
176,1.760000000,sine_f1,0.065084354,2006,112278540009837,112278541239603
177,1.770000000,sine_f1,0.065481082,2005,112278550007137,112278551260999
178,1.780000000,sine_f1,0.065861654,2005,112278560010337,112278562256464
179,1.790000000,sine_f1,0.066225975,2005,112278570010934,112278572260579
180,1.800000000,sine_f1,0.066573956,2005,112278580007368,112278581243803
181,1.810000000,sine_f1,0.066905511,2004,112278590009772,112278592238320
182,1.820000000,sine_f1,0.067220558,2004,112278600009480,112278602238587
183,1.830000000,sine_f1,0.067519019,2004,112278610006795,112278611240022
184,1.840000000,sine_f1,0.067800821,2004,112278620007345,112278622235704
185,1.850000000,sine_f1,0.068065894,2004,112278630006616,112278631237861
186,1.860000000,sine_f1,0.068314173,2003,112278640007141,112278641240764
187,1.870000000,sine_f1,0.068545597,2003,112278650007470,112278652235110
188,1.880000000,sine_f1,0.068760108,2003,112278660008580,112278662235647
189,1.890000000,sine_f1,0.068957653,2003,112278670007343,112278672234513
190,1.900000000,sine_f1,0.069138184,2003,112278680009797,112278682234688
191,1.910000000,sine_f1,0.069301656,2003,112278690009075,112278692240033
192,1.920000000,sine_f1,0.069448029,2003,112278700005881,112278702237475
193,1.930000000,sine_f1,0.069577267,2003,112278710007154,112278712239107
194,1.940000000,sine_f1,0.069689338,2003,112278720006581,112278722240469
195,1.950000000,sine_f1,0.069784213,2003,112278730006363,112278732238957
196,1.960000000,sine_f1,0.069861871,2002,112278740009636,112278742234841
197,1.970000000,sine_f1,0.069922291,2002,112278750009114,112278752238489
198,1.980000000,sine_f1,0.069965459,2002,112278760006493,112278762233184
199,1.990000000,sine_f1,0.069991364,2002,112278770006418,112278772232720
200,2.000000000,sine_f1,0.070000000,2002,112278780006150,112278782405570
201,2.010000000,sine_f1,0.069991364,2002,112278790095035,112278792269387
202,2.020000000,sine_f1,0.069965459,2002,112278800083838,112278802247583
203,2.030000000,sine_f1,0.069922291,2002,112278810090391,112278812251718
204,2.040000000,sine_f1,0.069861871,2002,112278820089709,112278822263300
205,2.050000000,sine_f1,0.069784213,2003,112278830086975,112278832450721
206,2.060000000,sine_f1,0.069689338,2003,112278840085826,112278842444071
207,2.070000000,sine_f1,0.069577267,2003,112278850083835,112278852426626
208,2.080000000,sine_f1,0.069448029,2003,112278860091567,112278862263922
209,2.090000000,sine_f1,0.069301656,2003,112278870084453,112278872250495
210,2.100000000,sine_f1,0.069138184,2003,112278880083781,112278882257396
211,2.110000000,sine_f1,0.068957653,2003,112278890084901,112278892267866
212,2.120000000,sine_f1,0.068760108,2003,112278900103599,112278902246865
213,2.130000000,sine_f1,0.068545597,2003,112278910105063,112278912269500
214,2.140000000,sine_f1,0.068314173,2003,112278920035911,112278922250706
215,2.150000000,sine_f1,0.068065894,2004,112278930094495,112278932258221
216,2.160000000,sine_f1,0.067800821,2004,112278940084406,112278942246701
217,2.170000000,sine_f1,0.067519019,2004,112278950084974,112278952231294
218,2.180000000,sine_f1,0.067220558,2004,112278960084417,112278962227934
219,2.190000000,sine_f1,0.066905511,2004,112278970084791,112278972230057
220,2.200000000,sine_f1,0.066573956,2005,112278980012325,112278982230476
221,2.210000000,sine_f1,0.066225975,2005,112278990007804,112278992243152
222,2.220000000,sine_f1,0.065861654,2005,112279000008888,112279002220009
223,2.230000000,sine_f1,0.065481082,2005,112279010009708,112279012220836
224,2.240000000,sine_f1,0.065084354,2006,112279020007734,112279022223448
225,2.250000000,sine_f1,0.064671567,2006,112279030006262,112279032219536
226,2.260000000,sine_f1,0.064242824,2006,112279040006674,112279042222219
227,2.270000000,sine_f1,0.063798229,2006,112279050010263,112279052216259
228,2.280000000,sine_f1,0.063337894,2007,112279060009137,112279062217763
229,2.290000000,sine_f1,0.062861930,2007,112279070011092,112279072224999
230,2.300000000,sine_f1,0.062370457,2007,112279080006593,112279082219534
231,2.310000000,sine_f1,0.061863594,2008,112279090006166,112279092221103
232,2.320000000,sine_f1,0.061341468,2008,112279100008966,112279102290782
233,2.330000000,sine_f1,0.060804206,2008,112279110011046,112279112216630
234,2.340000000,sine_f1,0.060251942,2009,112279120007146,112279122219301
235,2.350000000,sine_f1,0.059684812,2009,112279130006721,112279132221208
236,2.360000000,sine_f1,0.059102955,2009,112279140006723,112279142216884
237,2.370000000,sine_f1,0.058506515,2010,112279150010411,112279152219309
238,2.380000000,sine_f1,0.057895640,2010,112279160011866,112279162223591
239,2.390000000,sine_f1,0.057270480,2011,112279170008650,112279172222876
240,2.400000000,sine_f1,0.056631190,2011,112279180007196,112279182213291
241,2.410000000,sine_f1,0.055977926,2012,112279190006475,112279192216687
242,2.420000000,sine_f1,0.055310851,2012,112279200006509,112279202209906
243,2.430000000,sine_f1,0.054630129,2012,112279210007264,112279212219501
244,2.440000000,sine_f1,0.053935927,2013,112279220014750,112279222226768
245,2.450000000,sine_f1,0.053228418,2013,112279230010359,112279232219331
246,2.460000000,sine_f1,0.052507775,2014,112279240006744,112279242219808
247,2.470000000,sine_f1,0.051774177,2014,112279250006551,112279252216455
248,2.480000000,sine_f1,0.051027804,2015,112279260006400,112279262216084
249,2.490000000,sine_f1,0.050268841,2015,112279270006787,112279272223584
250,2.500000000,sine_f1,0.049497475,2016,112279280009793,112279282214564
251,2.510000000,sine_f1,0.048713896,2016,112279290006808,112279292213358
252,2.520000000,sine_f1,0.047918297,2017,112279300006904,112279302215313
253,2.530000000,sine_f1,0.047110876,2017,112279310021418,112279312220072
254,2.540000000,sine_f1,0.046291831,2018,112279320007188,112279322221301
255,2.550000000,sine_f1,0.045461363,2018,112279330009243,112279332212881
256,2.560000000,sine_f1,0.044619679,2019,112279340009907,112279342219155
257,2.570000000,sine_f1,0.043766986,2019,112279350006605,112279352201274
258,2.580000000,sine_f1,0.042903494,2020,112279360007366,112279362201400
259,2.590000000,sine_f1,0.042029416,2021,112279370006697,112279372219832
260,2.600000000,sine_f1,0.041144968,2021,112279380006383,112279382200277
261,2.610000000,sine_f1,0.040250368,2022,112279390009157,112279392217008
262,2.620000000,sine_f1,0.039345836,2022,112279400006870,112279402214326
263,2.630000000,sine_f1,0.038431597,2023,112279410006946,112279412196404
264,2.640000000,sine_f1,0.037507876,2024,112279420006634,112279422216657
265,2.650000000,sine_f1,0.036574900,2024,112279430007045,112279432193688
266,2.660000000,sine_f1,0.035632899,2025,112279440009113,112279442199290
267,2.670000000,sine_f1,0.034682107,2025,112279450014117,112279452201542
268,2.680000000,sine_f1,0.033722757,2026,112279460007034,112279462199552
269,2.690000000,sine_f1,0.032755087,2027,112279470009005,112279472200183
270,2.700000000,sine_f1,0.031779335,2027,112279480005977,112279482197683
271,2.710000000,sine_f1,0.030795742,2028,112279490008800,112279492199825
272,2.720000000,sine_f1,0.029804550,2029,112279500008705,112279502195126
273,2.730000000,sine_f1,0.028806005,2029,112279510006529,112279512195583
274,2.740000000,sine_f1,0.027800352,2030,112279520006573,112279522198302
275,2.750000000,sine_f1,0.026787840,2031,112279530006378,112279532193420
276,2.760000000,sine_f1,0.025768719,2031,112279540006617,112279542200443
277,2.770000000,sine_f1,0.024743239,2032,112279550009055,112279552196205
278,2.780000000,sine_f1,0.023711654,2033,112279560008119,112279562198539
279,2.790000000,sine_f1,0.022674219,2033,112279570010346,112279572197177
280,2.800000000,sine_f1,0.021631190,2034,112279580006685,112279582202854
281,2.810000000,sine_f1,0.020582823,2035,112279590006013,112279592195388
282,2.820000000,sine_f1,0.019529377,2035,112279600008777,112279602192831
283,2.830000000,sine_f1,0.018471113,2036,112279610007142,112279612195775
284,2.840000000,sine_f1,0.017408292,2037,112279620009743,112279622196459
285,2.850000000,sine_f1,0.016341175,2037,112279630007175,112279632195731
286,2.860000000,sine_f1,0.015270027,2038,112279640008837,112279642198640
287,2.870000000,sine_f1,0.014195111,2039,112279650009758,112279652206174
288,2.880000000,sine_f1,0.013116692,2039,112279660006491,112279662193827
289,2.890000000,sine_f1,0.012035037,2040,112279670006348,112279672196283
290,2.900000000,sine_f1,0.010950413,2041,112279680008895,112279682203664
291,2.910000000,sine_f1,0.009863086,2042,112279690006388,112279692197416
292,2.920000000,sine_f1,0.008773326,2042,112279700008456,112279702193192
293,2.930000000,sine_f1,0.007681402,2043,112279710006831,112279712191997
294,2.940000000,sine_f1,0.006587582,2044,112279720006432,112279722192679
295,2.950000000,sine_f1,0.005492137,2044,112279730006592,112279732201463
296,2.960000000,sine_f1,0.004395336,2045,112279740006585,112279742197671
297,2.970000000,sine_f1,0.003297452,2046,112279750009754,112279752200657
298,2.980000000,sine_f1,0.002198753,2047,112279760016282,112279762186893
299,2.990000000,sine_f1,0.001099512,2047,112279770006461,112279772199911
300,3.000000000,sine_f1,0.000000000,2048,112279780012215,112279782185073
301,3.010000000,sine_f1,-0.001099512,2049,112279790007090,112279792197046
302,3.020000000,sine_f1,-0.002198753,2049,112279800008504,112279802198421
303,3.030000000,sine_f1,-0.003297452,2050,112279810006858,112279812196017
304,3.040000000,sine_f1,-0.004395336,2051,112279820007044,112279822197340
305,3.050000000,sine_f1,-0.005492137,2052,112279830006896,112279832198743
306,3.060000000,sine_f1,-0.006587582,2052,112279840007150,112279842177763
307,3.070000000,sine_f1,-0.007681402,2053,112279850006940,112279852177700
308,3.080000000,sine_f1,-0.008773326,2054,112279860009252,112279862183012
309,3.090000000,sine_f1,-0.009863086,2054,112279870018226,112279872249389
310,3.100000000,sine_f1,-0.010950413,2055,112279880008030,112279882234041
311,3.110000000,sine_f1,-0.012035037,2056,112279890009562,112279892246119
312,3.120000000,sine_f1,-0.013116692,2057,112279900007848,112279902236945
313,3.130000000,sine_f1,-0.014195111,2057,112279910008915,112279912233551
314,3.140000000,sine_f1,-0.015270027,2058,112279920010035,112279922251894
315,3.150000000,sine_f1,-0.016341175,2059,112279930006409,112279932232947
316,3.160000000,sine_f1,-0.017408292,2059,112279940006176,112279942233868
317,3.170000000,sine_f1,-0.018471113,2060,112279950009462,112279952244431
318,3.180000000,sine_f1,-0.019529377,2061,112279960008460,112279962232219
319,3.190000000,sine_f1,-0.020582823,2061,112279970006117,112279972193038
320,3.200000000,sine_f1,-0.021631190,2062,112279980009760,112279982244548
321,3.210000000,sine_f1,-0.022674219,2063,112279990006565,112279992235305
322,3.220000000,sine_f1,-0.023711654,2063,112280000006544,112280002233835
323,3.230000000,sine_f1,-0.024743239,2064,112280010006949,112280012182673
324,3.240000000,sine_f1,-0.025768719,2065,112280020009192,112280022238116
325,3.250000000,sine_f1,-0.026787840,2065,112280030006638,112280032232165
326,3.260000000,sine_f1,-0.027800352,2066,112280040006472,112280042241094
327,3.270000000,sine_f1,-0.028806005,2067,112280050006212,112280052234383
328,3.280000000,sine_f1,-0.029804550,2067,112280060007243,112280062185442
329,3.290000000,sine_f1,-0.030795742,2068,112280070010262,112280072245560
330,3.300000000,sine_f1,-0.031779335,2069,112280080008868,112280082244024
331,3.310000000,sine_f1,-0.032755087,2069,112280090006400,112280092236276
332,3.320000000,sine_f1,-0.033722757,2070,112280100008840,112280102232543
333,3.330000000,sine_f1,-0.034682107,2071,112280110007137,112280112233824
334,3.340000000,sine_f1,-0.035632899,2071,112280120008828,112280122196693
335,3.350000000,sine_f1,-0.036574900,2072,112280130007100,112280132234344
336,3.360000000,sine_f1,-0.037507876,2072,112280140006722,112280142235161
337,3.370000000,sine_f1,-0.038431597,2073,112280150006680,112280152240812
338,3.380000000,sine_f1,-0.039345836,2074,112280160009084,112280162239050
339,3.390000000,sine_f1,-0.040250368,2074,112280170006164,112280172239782
340,3.400000000,sine_f1,-0.041144968,2075,112280180010923,112280182236784
341,3.410000000,sine_f1,-0.042029416,2075,112280190007091,112280192214157
342,3.420000000,sine_f1,-0.042903494,2076,112280200006636,112280202230378
343,3.430000000,sine_f1,-0.043766986,2077,112280210006527,112280212217357
344,3.440000000,sine_f1,-0.044619679,2077,112280220009297,112280222232344
345,3.450000000,sine_f1,-0.045461363,2078,112280230006017,112280232212103
346,3.460000000,sine_f1,-0.046291831,2078,112280240006087,112280242237078
347,3.470000000,sine_f1,-0.047110876,2079,112280250006202,112280252213896
348,3.480000000,sine_f1,-0.047918297,2079,112280260007305,112280262216761
349,3.490000000,sine_f1,-0.048713896,2080,112280270008222,112280272214925
350,3.500000000,sine_f1,-0.049497475,2080,112280280008862,112280282222415
351,3.510000000,sine_f1,-0.050268841,2081,112280290007435,112280292217236
352,3.520000000,sine_f1,-0.051027804,2081,112280300006412,112280302212825
353,3.530000000,sine_f1,-0.051774177,2082,112280310006401,112280312212949
354,3.540000000,sine_f1,-0.052507775,2082,112280320008662,112280322214125
355,3.550000000,sine_f1,-0.053228418,2083,112280330006510,112280332218806
356,3.560000000,sine_f1,-0.053935927,2083,112280340006357,112280342210968
357,3.570000000,sine_f1,-0.054630129,2084,112280350006266,112280352228406
358,3.580000000,sine_f1,-0.055310851,2084,112280360014486,112280362220520
359,3.590000000,sine_f1,-0.055977926,2084,112280370007545,112280372221866
360,3.600000000,sine_f1,-0.056631190,2085,112280380015022,112280382160589
361,3.610000000,sine_f1,-0.057270480,2085,112280390006765,112280392223705
362,3.620000000,sine_f1,-0.057895640,2086,112280400006471,112280402171925
363,3.630000000,sine_f1,-0.058506515,2086,112280410006638,112280412211292
364,3.640000000,sine_f1,-0.059102955,2087,112280420006465,112280422222304
365,3.650000000,sine_f1,-0.059684812,2087,112280430006371,112280432224596
366,3.660000000,sine_f1,-0.060251942,2087,112280440008931,112280442214057
367,3.670000000,sine_f1,-0.060804206,2088,112280450005989,112280452213554
368,3.680000000,sine_f1,-0.061341468,2088,112280460006913,112280462213760
369,3.690000000,sine_f1,-0.061863594,2088,112280470006151,112280472214107
370,3.700000000,sine_f1,-0.062370457,2089,112280480010917,112280482221651
371,3.710000000,sine_f1,-0.062861930,2089,112280490009569,112280492213573
372,3.720000000,sine_f1,-0.063337894,2089,112280500006036,112280502213752
373,3.730000000,sine_f1,-0.063798229,2090,112280510007064,112280512166503
374,3.740000000,sine_f1,-0.064242824,2090,112280520006626,112280522224439
375,3.750000000,sine_f1,-0.064671567,2090,112280530006742,112280532209608
376,3.760000000,sine_f1,-0.065084354,2090,112280540006567,112280542212219
377,3.770000000,sine_f1,-0.065481082,2091,112280550008788,112280552217033
378,3.780000000,sine_f1,-0.065861654,2091,112280560006196,112280562227119
379,3.790000000,sine_f1,-0.066225975,2091,112280570010376,112280572169908
380,3.800000000,sine_f1,-0.066573956,2091,112280580012069,112280582167850
381,3.810000000,sine_f1,-0.066905511,2092,112280590006530,112280592128921
382,3.820000000,sine_f1,-0.067220558,2092,112280600008421,112280602136574
383,3.830000000,sine_f1,-0.067519019,2092,112280610006214,112280612157158
384,3.840000000,sine_f1,-0.067800821,2092,112280620006618,112280622216007
385,3.850000000,sine_f1,-0.068065894,2092,112280630006756,112280632201287
386,3.860000000,sine_f1,-0.068314173,2093,112280640007420,112280642206059
387,3.870000000,sine_f1,-0.068545597,2093,112280650008965,112280652159041
388,3.880000000,sine_f1,-0.068760108,2093,112280660006176,112280662210041
389,3.890000000,sine_f1,-0.068957653,2093,112280670006131,112280672218883
390,3.900000000,sine_f1,-0.069138184,2093,112280680010923,112280682204543
391,3.910000000,sine_f1,-0.069301656,2093,112280690007552,112280692200127
392,3.920000000,sine_f1,-0.069448029,2093,112280700006860,112280702204090
393,3.930000000,sine_f1,-0.069577267,2093,112280710009067,112280712199936
394,3.940000000,sine_f1,-0.069689338,2093,112280720006254,112280722208813
395,3.950000000,sine_f1,-0.069784213,2093,112280730006600,112280732198312
396,3.960000000,sine_f1,-0.069861871,2094,112280740006482,112280742199441
397,3.970000000,sine_f1,-0.069922291,2094,112280750007124,112280752194155
398,3.980000000,sine_f1,-0.069965459,2094,112280760008517,112280762195275
399,3.990000000,sine_f1,-0.069991364,2094,112280770006079,112280772206105
400,4.000000000,sine_f1,-0.070000000,2094,112280780010558,112280782203118
401,4.010000000,sine_f1,-0.069991364,2094,112280790006669,112280792202182
402,4.020000000,sine_f1,-0.069965459,2094,112280800008995,112280802206498
403,4.030000000,sine_f1,-0.069922291,2094,112280810008058,112280812196730
404,4.040000000,sine_f1,-0.069861871,2094,112280820005714,112280822206645
405,4.050000000,sine_f1,-0.069784213,2093,112280830006472,112280832148217
406,4.060000000,sine_f1,-0.069689338,2093,112280840006487,112280842155069
407,4.070000000,sine_f1,-0.069577267,2093,112280850006389,112280852203077
408,4.080000000,sine_f1,-0.069448029,2093,112280860006690,112280862197321
409,4.090000000,sine_f1,-0.069301656,2093,112280870009066,112280872196135
410,4.100000000,sine_f1,-0.069138184,2093,112280880010609,112280882208806
411,4.110000000,sine_f1,-0.068957653,2093,112280890006999,112280892204058
412,4.120000000,sine_f1,-0.068760108,2093,112280900007007,112280902152071
413,4.130000000,sine_f1,-0.068545597,2093,112280910008801,112280912197914
414,4.140000000,sine_f1,-0.068314173,2093,112280920013790,112280922210544
415,4.150000000,sine_f1,-0.068065894,2092,112280930007206,112280932201706
416,4.160000000,sine_f1,-0.067800821,2092,112280940006327,112280942192404
417,4.170000000,sine_f1,-0.067519019,2092,112280950006260,112280952201963
418,4.180000000,sine_f1,-0.067220558,2092,112280960011455,112280962216768
419,4.190000000,sine_f1,-0.066905511,2092,112280970007019,112280972154388
420,4.200000000,sine_f1,-0.066573956,2091,112280980010732,112280982202634
421,4.210000000,sine_f1,-0.066225975,2091,112280990007858,112280992196997
422,4.220000000,sine_f1,-0.065861654,2091,112281000006716,112281002196618
423,4.230000000,sine_f1,-0.065481082,2091,112281010007659,112281012160395
424,4.240000000,sine_f1,-0.065084354,2090,112281020006442,112281022316138
425,4.250000000,sine_f1,-0.064671567,2090,112281030084932,112281032146030
426,4.260000000,sine_f1,-0.064242824,2090,112281040083890,112281042130065
427,4.270000000,sine_f1,-0.063798229,2090,112281050083981,112281052161976
428,4.280000000,sine_f1,-0.063337894,2089,112281060083471,112281062145098
429,4.290000000,sine_f1,-0.062861930,2089,112281070083343,112281072147187
430,4.300000000,sine_f1,-0.062370457,2089,112281080086138,112281082125322
431,4.310000000,sine_f1,-0.061863594,2088,112281090090036,112281092123047
432,4.320000000,sine_f1,-0.061341468,2088,112281100084653,112281102124142
433,4.330000000,sine_f1,-0.060804206,2088,112281110086885,112281112122939
434,4.340000000,sine_f1,-0.060251942,2087,112281120101784,112281122126762
435,4.350000000,sine_f1,-0.059684812,2087,112281130087614,112281132124635
436,4.360000000,sine_f1,-0.059102955,2087,112281140084284,112281142122003
437,4.370000000,sine_f1,-0.058506515,2086,112281150083142,112281152128377
438,4.380000000,sine_f1,-0.057895640,2086,112281160034884,112281162129000
439,4.390000000,sine_f1,-0.057270480,2085,112281170082864,112281172130392
440,4.400000000,sine_f1,-0.056631190,2085,112281180087346,112281182121289
441,4.410000000,sine_f1,-0.055977926,2084,112281190093907,112281192134965
442,4.420000000,sine_f1,-0.055310851,2084,112281200083180,112281202141865
443,4.430000000,sine_f1,-0.054630129,2084,112281210085466,112281212140869
444,4.440000000,sine_f1,-0.053935927,2083,112281220085585,112281222126397
445,4.450000000,sine_f1,-0.053228418,2083,112281230090806,112281232125348
446,4.460000000,sine_f1,-0.052507775,2082,112281240084273,112281242124518
447,4.470000000,sine_f1,-0.051774177,2082,112281250031601,112281252126007
448,4.480000000,sine_f1,-0.051027804,2081,112281260023139,112281262131794
449,4.490000000,sine_f1,-0.050268841,2081,112281270083590,112281272144091
450,4.500000000,sine_f1,-0.049497475,2080,112281280032229,112281282321503
451,4.510000000,sine_f1,-0.048713896,2080,112281290084540,112281292316970
452,4.520000000,sine_f1,-0.047918297,2079,112281300084075,112281302303212
453,4.530000000,sine_f1,-0.047110876,2079,112281310085118,112281312304315
454,4.540000000,sine_f1,-0.046291831,2078,112281320086797,112281322166161
455,4.550000000,sine_f1,-0.045461363,2078,112281330086838,112281332143231
456,4.560000000,sine_f1,-0.044619679,2077,112281340088811,112281342299752
457,4.570000000,sine_f1,-0.043766986,2077,112281350085066,112281352193788
458,4.580000000,sine_f1,-0.042903494,2076,112281360088021,112281362137574
459,4.590000000,sine_f1,-0.042029416,2075,112281370093693,112281372278889
460,4.600000000,sine_f1,-0.041144968,2075,112281380023134,112281382295243
461,4.610000000,sine_f1,-0.040250368,2074,112281390086777,112281392188275
462,4.620000000,sine_f1,-0.039345836,2074,112281400083740,112281402195142
463,4.630000000,sine_f1,-0.038431597,2073,112281410089831,112281412190736
464,4.640000000,sine_f1,-0.037507876,2072,112281420087782,112281422151268
465,4.650000000,sine_f1,-0.036574900,2072,112281430084960,112281432300597
466,4.660000000,sine_f1,-0.035632899,2071,112281440087863,112281442301865
467,4.670000000,sine_f1,-0.034682107,2071,112281450025459,112281452132769
468,4.680000000,sine_f1,-0.033722757,2070,112281460010840,112281462094502
469,4.690000000,sine_f1,-0.032755087,2069,112281470007656,112281472093034
470,4.700000000,sine_f1,-0.031779335,2069,112281480031374,112281482102095
471,4.710000000,sine_f1,-0.030795742,2068,112281490102873,112281492121089
472,4.720000000,sine_f1,-0.029804550,2067,112281500031927,112281502172645
473,4.730000000,sine_f1,-0.028806005,2067,112281510089088,112281512165493
474,4.740000000,sine_f1,-0.027800352,2066,112281520080920,112281522145459
475,4.750000000,sine_f1,-0.026787840,2065,112281530084791,112281532107638
476,4.760000000,sine_f1,-0.025768719,2065,112281540082482,112281542104520
477,4.770000000,sine_f1,-0.024743239,2064,112281550082378,112281552096935
478,4.780000000,sine_f1,-0.023711654,2063,112281560081056,112281562108349
479,4.790000000,sine_f1,-0.022674219,2063,112281570084158,112281572106316
480,4.800000000,sine_f1,-0.021631190,2062,112281580085605,112281582103439
481,4.810000000,sine_f1,-0.020582823,2061,112281590099279,112281592105305
482,4.820000000,sine_f1,-0.019529377,2061,112281600080711,112281602102963
483,4.830000000,sine_f1,-0.018471113,2060,112281610082237,112281612104767
484,4.840000000,sine_f1,-0.017408292,2059,112281620090676,112281622097849
485,4.850000000,sine_f1,-0.016341175,2059,112281630087514,112281632105357
486,4.860000000,sine_f1,-0.015270027,2058,112281640084304,112281642102226
487,4.870000000,sine_f1,-0.014195111,2057,112281650081961,112281652104065
488,4.880000000,sine_f1,-0.013116692,2057,112281660080758,112281662151042
489,4.890000000,sine_f1,-0.012035037,2056,112281670008585,112281672106334
490,4.900000000,sine_f1,-0.010950413,2055,112281680011563,112281682098630
491,4.910000000,sine_f1,-0.009863086,2054,112281690007794,112281692099472
492,4.920000000,sine_f1,-0.008773326,2054,112281700007039,112281702095904
493,4.930000000,sine_f1,-0.007681402,2053,112281710007385,112281712094960
494,4.940000000,sine_f1,-0.006587582,2052,112281720007255,112281722096986
495,4.950000000,sine_f1,-0.005492137,2052,112281730010354,112281732096570
496,4.960000000,sine_f1,-0.004395336,2051,112281740009608,112281742101039
497,4.970000000,sine_f1,-0.003297452,2050,112281750007474,112281752096537
498,4.980000000,sine_f1,-0.002198753,2049,112281760007032,112281762101622
499,4.990000000,sine_f1,-0.001099512,2049,112281770007282,112281772098106
500,5.000000000,sine_f1,-0.000000000,2048,112281780011263,112281782100241
501,5.010000000,sine_f1,0.001099512,2047,112281790007077,112281792101049
502,5.020000000,sine_f1,0.002198753,2047,112281800009025,112281802095982
503,5.030000000,sine_f1,0.003297452,2046,112281810006830,112281812098021
504,5.040000000,sine_f1,0.004395336,2045,112281820006693,112281822098091
505,5.050000000,sine_f1,0.005492137,2044,112281830006219,112281832100085
506,5.060000000,sine_f1,0.006587582,2044,112281840006641,112281842096426
507,5.070000000,sine_f1,0.007681402,2043,112281850008504,112281852076101
508,5.080000000,sine_f1,0.008773326,2042,112281860007341,112281862086239
509,5.090000000,sine_f1,0.009863086,2042,112281870006738,112281872076348
510,5.100000000,sine_f1,0.010950413,2041,112281880011055,112281882081012
511,5.110000000,sine_f1,0.012035037,2040,112281890007533,112281892076958
512,5.120000000,sine_f1,0.013116692,2039,112281900006862,112281902074460
513,5.130000000,sine_f1,0.014195111,2039,112281910010142,112281912078561
514,5.140000000,sine_f1,0.015270027,2038,112281920011642,112281922076562
515,5.150000000,sine_f1,0.016341175,2037,112281930006728,112281932076274
516,5.160000000,sine_f1,0.017408292,2037,112281940006974,112281942065343
517,5.170000000,sine_f1,0.018471113,2036,112281950007096,112281952076611
518,5.180000000,sine_f1,0.019529377,2035,112281960009720,112281962073366
519,5.190000000,sine_f1,0.020582823,2035,112281970006922,112281972076256
520,5.200000000,sine_f1,0.021631190,2034,112281980012197,112281982076754
521,5.210000000,sine_f1,0.022674219,2033,112281990007081,112281992075140
522,5.220000000,sine_f1,0.023711654,2033,112282000006796,112282002077031
523,5.230000000,sine_f1,0.024743239,2032,112282010007741,112282012080293
524,5.240000000,sine_f1,0.025768719,2031,112282020009907,112282022073429
525,5.250000000,sine_f1,0.026787840,2031,112282030006528,112282032075105
526,5.260000000,sine_f1,0.027800352,2030,112282040006585,112282042072130
527,5.270000000,sine_f1,0.028806005,2029,112282050006733,112282052074700
528,5.280000000,sine_f1,0.029804550,2029,112282060009472,112282062074381
529,5.290000000,sine_f1,0.030795742,2028,112282070010768,112282072076405
530,5.300000000,sine_f1,0.031779335,2027,112282080013290,112282082075832
531,5.310000000,sine_f1,0.032755087,2027,112282090007280,112282092076025
532,5.320000000,sine_f1,0.033722757,2026,112282100006796,112282102074228
533,5.330000000,sine_f1,0.034682107,2025,112282110009921,112282112220449
534,5.340000000,sine_f1,0.035632899,2025,112282120082838,112282122088816
535,5.350000000,sine_f1,0.036574900,2024,112282130087260,112282132097707
536,5.360000000,sine_f1,0.037507876,2024,112282140083043,112282142076586
537,5.370000000,sine_f1,0.038431597,2023,112282150089802,112282152084459
538,5.380000000,sine_f1,0.039345836,2022,112282160033678,112282162087986
539,5.390000000,sine_f1,0.040250368,2022,112282170093495,112282172085469
540,5.400000000,sine_f1,0.041144968,2021,112282180081563,112282182085694
541,5.410000000,sine_f1,0.042029416,2021,112282190036060,112282192085103
542,5.420000000,sine_f1,0.042903494,2020,112282200082349,112282202098872
543,5.430000000,sine_f1,0.043766986,2019,112282210082110,112282212082951
544,5.440000000,sine_f1,0.044619679,2019,112282220086872,112282222083755
545,5.450000000,sine_f1,0.045461363,2018,112282230080495,112282232082401
546,5.460000000,sine_f1,0.046291831,2018,112282240081594,112282242084930
547,5.470000000,sine_f1,0.047110876,2017,112282250085191,112282252079427
548,5.480000000,sine_f1,0.047918297,2017,112282260029639,112282262085230
549,5.490000000,sine_f1,0.048713896,2016,112282270086110,112282272084771
550,5.500000000,sine_f1,0.049497475,2016,112282280085825,112282282080292
551,5.510000000,sine_f1,0.050268841,2015,112282290091390,112282292079551
552,5.520000000,sine_f1,0.051027804,2015,112282300084956,112282302077795
553,5.530000000,sine_f1,0.051774177,2014,112282310091247,112282312098833
554,5.540000000,sine_f1,0.052507775,2014,112282320081693,112282322059448
555,5.550000000,sine_f1,0.053228418,2013,112282330084315,112282332067791
556,5.560000000,sine_f1,0.053935927,2013,112282340082443,112282342061224
557,5.570000000,sine_f1,0.054630129,2012,112282350084962,112282352059797
558,5.580000000,sine_f1,0.055310851,2012,112282360092347,112282362082375
559,5.590000000,sine_f1,0.055977926,2012,112282370091883,112282372069232
560,5.600000000,sine_f1,0.056631190,2011,112282380028849,112282382066315
561,5.610000000,sine_f1,0.057270480,2011,112282390104979,112282392077968
562,5.620000000,sine_f1,0.057895640,2010,112282400094785,112282402069357
563,5.630000000,sine_f1,0.058506515,2010,112282410104257,112282412068247
564,5.640000000,sine_f1,0.059102955,2009,112282420084458,112282422071802
565,5.650000000,sine_f1,0.059684812,2009,112282430084060,112282432073554
566,5.660000000,sine_f1,0.060251942,2009,112282440091749,112282442071681
567,5.670000000,sine_f1,0.060804206,2008,112282450082105,112282452070812
568,5.680000000,sine_f1,0.061341468,2008,112282460094545,112282462071987
569,5.690000000,sine_f1,0.061863594,2008,112282470083388,112282472081337
570,5.700000000,sine_f1,0.062370457,2007,112282480095855,112282482071311
571,5.710000000,sine_f1,0.062861930,2007,112282490092675,112282492070623
572,5.720000000,sine_f1,0.063337894,2007,112282500084184,112282502068159
573,5.730000000,sine_f1,0.063798229,2006,112282510084825,112282512068949
574,5.740000000,sine_f1,0.064242824,2006,112282520091135,112282522059626
575,5.750000000,sine_f1,0.064671567,2006,112282530092104,112282532077341
576,5.760000000,sine_f1,0.065084354,2006,112282540088111,112282542066382
577,5.770000000,sine_f1,0.065481082,2005,112282550103428,112282552072283
578,5.780000000,sine_f1,0.065861654,2005,112282560086685,112282562057212
579,5.790000000,sine_f1,0.066225975,2005,112282570080845,112282572058708
580,5.800000000,sine_f1,0.066573956,2005,112282580085479,112282582075606
581,5.810000000,sine_f1,0.066905511,2004,112282590086512,112282592067043
582,5.820000000,sine_f1,0.067220558,2004,112282600093275,112282602068889
583,5.830000000,sine_f1,0.067519019,2004,112282610088606,112282612069087
584,5.840000000,sine_f1,0.067800821,2004,112282620036512,112282622061455
585,5.850000000,sine_f1,0.068065894,2004,112282630086818,112282632067764
586,5.860000000,sine_f1,0.068314173,2003,112282640091911,112282642068488
587,5.870000000,sine_f1,0.068545597,2003,112282650084867,112282652068575
588,5.880000000,sine_f1,0.068760108,2003,112282660025433,112282662081942
589,5.890000000,sine_f1,0.068957653,2003,112282670091957,112282672071794
590,5.900000000,sine_f1,0.069138184,2003,112282680085137,112282682067233
591,5.910000000,sine_f1,0.069301656,2003,112282690085238,112282692242367
592,5.920000000,sine_f1,0.069448029,2003,112282700098290,112282702220710
593,5.930000000,sine_f1,0.069577267,2003,112282710087116,112282712232871
594,5.940000000,sine_f1,0.069689338,2003,112282720084111,112282722253109
595,5.950000000,sine_f1,0.069784213,2003,112282730086605,112282732234092
596,5.960000000,sine_f1,0.069861871,2002,112282740092321,112282742225924
597,5.970000000,sine_f1,0.069922291,2002,112282750083114,112282752235316
598,5.980000000,sine_f1,0.069965459,2002,112282760085804,112282762221603
599,5.990000000,sine_f1,0.069991364,2002,112282770084230,112282772240830
600,6.000000000,sine_f1,0.070000000,2002,112282780087593,112282782220766
601,6.010000000,sine_f1,0.069991364,2002,112282790087863,112282792231986
602,6.020000000,sine_f1,0.069965459,2002,112282800085628,112282802131816
603,6.030000000,sine_f1,0.069922291,2002,112282810086430,112282812224144
604,6.040000000,sine_f1,0.069861871,2002,112282820084051,112282822231312
605,6.050000000,sine_f1,0.069784213,2003,112282830090402,112282832215979
606,6.060000000,sine_f1,0.069689338,2003,112282840084402,112282842221899
607,6.070000000,sine_f1,0.069577267,2003,112282850097846,112282852223110
608,6.080000000,sine_f1,0.069448029,2003,112282860091372,112282862226282
609,6.090000000,sine_f1,0.069301656,2003,112282870090224,112282872228539
610,6.100000000,sine_f1,0.069138184,2003,112282880083850,112282882235475
611,6.110000000,sine_f1,0.068957653,2003,112282890089703,112282892212278
612,6.120000000,sine_f1,0.068760108,2003,112282900087266,112282902223097
613,6.130000000,sine_f1,0.068545597,2003,112282910084417,112282912242613
614,6.140000000,sine_f1,0.068314173,2003,112282920090588,112282922242130
615,6.150000000,sine_f1,0.068065894,2004,112282930085562,112282932220287
616,6.160000000,sine_f1,0.067800821,2004,112282940090322,112282942213393
617,6.170000000,sine_f1,0.067519019,2004,112282950084758,112282952217763
618,6.180000000,sine_f1,0.067220558,2004,112282960084703,112282962221253
619,6.190000000,sine_f1,0.066905511,2004,112282970086786,112282972233083
620,6.200000000,sine_f1,0.066573956,2005,112282980081703,112282982228964
621,6.210000000,sine_f1,0.066225975,2005,112282990093035,112282992233655
622,6.220000000,sine_f1,0.065861654,2005,112283000085360,112283002231513
623,6.230000000,sine_f1,0.065481082,2005,112283010090298,112283012213464
624,6.240000000,sine_f1,0.065084354,2006,112283020086198,112283022228336
625,6.250000000,sine_f1,0.064671567,2006,112283030095093,112283032219950
626,6.260000000,sine_f1,0.064242824,2006,112283040092159,112283042227780
627,6.270000000,sine_f1,0.063798229,2006,112283050092072,112283052238643
628,6.280000000,sine_f1,0.063337894,2007,112283060106608,112283062105020
629,6.290000000,sine_f1,0.062861930,2007,112283070089292,112283072230396
630,6.300000000,sine_f1,0.062370457,2007,112283080083509,112283082217930
631,6.310000000,sine_f1,0.061863594,2008,112283090089111,112283092223057
632,6.320000000,sine_f1,0.061341468,2008,112283100085869,112283102224825
633,6.330000000,sine_f1,0.060804206,2008,112283110085747,112283112237734
634,6.340000000,sine_f1,0.060251942,2009,112283120084221,112283122219924
635,6.350000000,sine_f1,0.059684812,2009,112283130085776,112283132220523
636,6.360000000,sine_f1,0.059102955,2009,112283140085132,112283142202103
637,6.370000000,sine_f1,0.058506515,2010,112283150093439,112283152203771
638,6.380000000,sine_f1,0.057895640,2010,112283160034146,112283162075783
639,6.390000000,sine_f1,0.057270480,2011,112283170089458,112283172214302
640,6.400000000,sine_f1,0.056631190,2011,112283180097679,112283182030470
641,6.410000000,sine_f1,0.055977926,2012,112283190091200,112283192028361
642,6.420000000,sine_f1,0.055310851,2012,112283200034292,112283202036533
643,6.430000000,sine_f1,0.054630129,2012,112283210086470,112283212029852
644,6.440000000,sine_f1,0.053935927,2013,112283220098911,112283222045304
645,6.450000000,sine_f1,0.053228418,2013,112283230089786,112283232025783
646,6.460000000,sine_f1,0.052507775,2014,112283240094318,112283242218064
647,6.470000000,sine_f1,0.051774177,2014,112283250083781,112283252200548
648,6.480000000,sine_f1,0.051027804,2015,112283260030984,112283262235273
649,6.490000000,sine_f1,0.050268841,2015,112283270083758,112283272213546
650,6.500000000,sine_f1,0.049497475,2016,112283280089291,112283282119371
651,6.510000000,sine_f1,0.048713896,2016,112283290085724,112283292225603
652,6.520000000,sine_f1,0.047918297,2017,112283300009414,112283302104939
653,6.530000000,sine_f1,0.047110876,2017,112283310009057,112283312080216
654,6.540000000,sine_f1,0.046291831,2018,112283320006477,112283322096585
655,6.550000000,sine_f1,0.045461363,2018,112283330006681,112283332073395
656,6.560000000,sine_f1,0.044619679,2019,112283340006264,112283342086834
657,6.570000000,sine_f1,0.043766986,2019,112283350006801,112283352079986
658,6.580000000,sine_f1,0.042903494,2020,112283360008217,112283362084835
659,6.590000000,sine_f1,0.042029416,2021,112283370011017,112283372090808
660,6.600000000,sine_f1,0.041144968,2021,112283380013212,112283382094588
661,6.610000000,sine_f1,0.040250368,2022,112283390006645,112283392079087
662,6.620000000,sine_f1,0.039345836,2022,112283400006876,112283402093358
663,6.630000000,sine_f1,0.038431597,2023,112283410008446,112283412072869
664,6.640000000,sine_f1,0.037507876,2024,112283420006101,112283422075959
665,6.650000000,sine_f1,0.036574900,2024,112283430006945,112283432088152
666,6.660000000,sine_f1,0.035632899,2025,112283440006791,112283442093147
667,6.670000000,sine_f1,0.034682107,2025,112283450006796,112283452034187
668,6.680000000,sine_f1,0.033722757,2026,112283460010131,112283462020629
669,6.690000000,sine_f1,0.032755087,2027,112283470006296,112283472019949
670,6.700000000,sine_f1,0.031779335,2027,112283480011835,112283481995332
671,6.710000000,sine_f1,0.030795742,2028,112283490006493,112283492017162
672,6.720000000,sine_f1,0.029804550,2029,112283500006198,112283502019159
673,6.730000000,sine_f1,0.028806005,2029,112283510006719,112283512014961
674,6.740000000,sine_f1,0.027800352,2030,112283520008024,112283522006185
675,6.750000000,sine_f1,0.026787840,2031,112283530006068,112283532090469
676,6.760000000,sine_f1,0.025768719,2031,112283540006532,112283542066804
677,6.770000000,sine_f1,0.024743239,2032,112283550005625,112283552075780
678,6.780000000,sine_f1,0.023711654,2033,112283560006862,112283562070425
679,6.790000000,sine_f1,0.022674219,2033,112283570009505,112283572073716
680,6.800000000,sine_f1,0.021631190,2034,112283580011485,112283582075646
681,6.810000000,sine_f1,0.020582823,2035,112283590006364,112283592070344
682,6.820000000,sine_f1,0.019529377,2035,112283600006258,112283602068988
683,6.830000000,sine_f1,0.018471113,2036,112283610006279,112283612218628
684,6.840000000,sine_f1,0.017408292,2037,112283620081569,112283622199271
685,6.850000000,sine_f1,0.016341175,2037,112283630082894,112283632192220
686,6.860000000,sine_f1,0.015270027,2038,112283640088180,112283642196084
687,6.870000000,sine_f1,0.014195111,2039,112283650087272,112283652125748
688,6.880000000,sine_f1,0.013116692,2039,112283660091518,112283662197417
689,6.890000000,sine_f1,0.012035037,2040,112283670084990,112283672203582
690,6.900000000,sine_f1,0.010950413,2041,112283680084332,112283682200094
691,6.910000000,sine_f1,0.009863086,2042,112283690092695,112283692197065
692,6.920000000,sine_f1,0.008773326,2042,112283700082146,112283702200195
693,6.930000000,sine_f1,0.007681402,2043,112283710081730,112283712214856
694,6.940000000,sine_f1,0.006587582,2044,112283720100768,112283722125052
695,6.950000000,sine_f1,0.005492137,2044,112283730085984,112283732130722
696,6.960000000,sine_f1,0.004395336,2045,112283740091071,112283742211607
697,6.970000000,sine_f1,0.003297452,2046,112283750102377,112283752118051
698,6.980000000,sine_f1,0.002198753,2047,112283760086250,112283762190040
699,6.990000000,sine_f1,0.001099512,2047,112283770084150,112283772197447
700,7.000000000,sine_f1,0.000000000,2048,112283780083847,112283782201265
701,7.010000000,sine_f1,-0.001099512,2049,112283790094070,112283792197057
702,7.020000000,sine_f1,-0.002198753,2049,112283800086692,112283802202777
703,7.030000000,sine_f1,-0.003297452,2050,112283810085906,112283812195138
704,7.040000000,sine_f1,-0.004395336,2051,112283820089884,112283822068801
705,7.050000000,sine_f1,-0.005492137,2052,112283830086290,112283832087712
706,7.060000000,sine_f1,-0.006587582,2052,112283840090688,112283842229603
707,7.070000000,sine_f1,-0.007681402,2053,112283850009874,112283852071028
708,7.080000000,sine_f1,-0.008773326,2054,112283860007875,112283862080911
709,7.090000000,sine_f1,-0.009863086,2054,112283870008106,112283872074114
710,7.100000000,sine_f1,-0.010950413,2055,112283880012258,112283882086765
711,7.110000000,sine_f1,-0.012035037,2056,112283890007401,112283892076835
712,7.120000000,sine_f1,-0.013116692,2057,112283900007692,112283902208332
713,7.130000000,sine_f1,-0.014195111,2057,112283910085072,112283912202971
714,7.140000000,sine_f1,-0.015270027,2058,112283920039732,112283922196226
715,7.150000000,sine_f1,-0.016341175,2059,112283930090918,112283932200297
716,7.160000000,sine_f1,-0.017408292,2059,112283940097487,112283942087928
717,7.170000000,sine_f1,-0.018471113,2060,112283950083584,112283952156874
718,7.180000000,sine_f1,-0.019529377,2061,112283960084134,112283962053514
719,7.190000000,sine_f1,-0.020582823,2061,112283970092227,112283972127497
720,7.200000000,sine_f1,-0.021631190,2062,112283980086730,112283982158066
721,7.210000000,sine_f1,-0.022674219,2063,112283990086030,112283992162225
722,7.220000000,sine_f1,-0.023711654,2063,112284000085356,112284002161629
723,7.230000000,sine_f1,-0.024743239,2064,112284010084743,112284012159041
724,7.240000000,sine_f1,-0.025768719,2065,112284020092645,112284022175065
725,7.250000000,sine_f1,-0.026787840,2065,112284030081893,112284032160486
726,7.260000000,sine_f1,-0.027800352,2066,112284040084142,112284042053566
727,7.270000000,sine_f1,-0.028806005,2067,112284050092077,112284052066981
728,7.280000000,sine_f1,-0.029804550,2067,112284060101413,112284062158882
729,7.290000000,sine_f1,-0.030795742,2068,112284070083665,112284072057345
730,7.300000000,sine_f1,-0.031779335,2069,112284080089043,112284082052085
731,7.310000000,sine_f1,-0.032755087,2069,112284090085556,112284092082536
732,7.320000000,sine_f1,-0.033722757,2070,112284100093421,112284102053479
733,7.330000000,sine_f1,-0.034682107,2071,112284110089887,112284112052580
734,7.340000000,sine_f1,-0.035632899,2071,112284120085953,112284122052542
735,7.350000000,sine_f1,-0.036574900,2072,112284130083756,112284132052246
736,7.360000000,sine_f1,-0.037507876,2072,112284140090529,112284141983347
737,7.370000000,sine_f1,-0.038431597,2073,112284150085585,112284152061048
738,7.380000000,sine_f1,-0.039345836,2074,112284160045597,112284162046236
739,7.390000000,sine_f1,-0.040250368,2074,112284170090372,112284172050012
740,7.400000000,sine_f1,-0.041144968,2075,112284180084664,112284182053627
741,7.410000000,sine_f1,-0.042029416,2075,112284190092290,112284192049757
742,7.420000000,sine_f1,-0.042903494,2076,112284200091355,112284202049972
743,7.430000000,sine_f1,-0.043766986,2077,112284210091404,112284212049412
744,7.440000000,sine_f1,-0.044619679,2077,112284220085935,112284222046769
745,7.450000000,sine_f1,-0.045461363,2078,112284230082639,112284232055597
746,7.460000000,sine_f1,-0.046291831,2078,112284240085188,112284242045691
747,7.470000000,sine_f1,-0.047110876,2079,112284250086934,112284252075583
748,7.480000000,sine_f1,-0.047918297,2079,112284260021407,112284261984194
749,7.490000000,sine_f1,-0.048713896,2080,112284270083633,112284272051778
750,7.500000000,sine_f1,-0.049497475,2080,112284280084546,112284282079042
751,7.510000000,sine_f1,-0.050268841,2081,112284290087315,112284292154314
752,7.520000000,sine_f1,-0.051027804,2081,112284300085938,112284302155814
753,7.530000000,sine_f1,-0.051774177,2082,112284310094094,112284312052360
754,7.540000000,sine_f1,-0.052507775,2082,112284320086688,112284322171949
755,7.550000000,sine_f1,-0.053228418,2083,112284330085668,112284332156372
756,7.560000000,sine_f1,-0.053935927,2083,112284340082045,112284342158378
757,7.570000000,sine_f1,-0.054630129,2084,112284350082927,112284352055264
758,7.580000000,sine_f1,-0.055310851,2084,112284360084276,112284362059428
759,7.590000000,sine_f1,-0.055977926,2084,112284370085137,112284372171807
760,7.600000000,sine_f1,-0.056631190,2085,112284380029676,112284382054001
761,7.610000000,sine_f1,-0.057270480,2085,112284390084229,112284392037870
762,7.620000000,sine_f1,-0.057895640,2086,112284400090428,112284402030440
763,7.630000000,sine_f1,-0.058506515,2086,112284410088480,112284412040622
764,7.640000000,sine_f1,-0.059102955,2087,112284420084513,112284422033765
765,7.650000000,sine_f1,-0.059684812,2087,112284430092295,112284432029022
766,7.660000000,sine_f1,-0.060251942,2087,112284440081937,112284442033247
767,7.670000000,sine_f1,-0.060804206,2088,112284450083911,112284452035544
768,7.680000000,sine_f1,-0.061341468,2088,112284460085674,112284462051333
769,7.690000000,sine_f1,-0.061863594,2088,112284470085270,112284472033252
770,7.700000000,sine_f1,-0.062370457,2089,112284480085700,112284482029601
771,7.710000000,sine_f1,-0.062861930,2089,112284490095190,112284492031198
772,7.720000000,sine_f1,-0.063337894,2089,112284500091330,112284502028024
773,7.730000000,sine_f1,-0.063798229,2090,112284510084187,112284512031622
774,7.740000000,sine_f1,-0.064242824,2090,112284520099827,112284522033390
775,7.750000000,sine_f1,-0.064671567,2090,112284530085651,112284532027783
776,7.760000000,sine_f1,-0.065084354,2090,112284540085686,112284542032719
777,7.770000000,sine_f1,-0.065481082,2091,112284550090146,112284552036041
778,7.780000000,sine_f1,-0.065861654,2091,112284560084067,112284562034433
779,7.790000000,sine_f1,-0.066225975,2091,112284570100121,112284571988416
780,7.800000000,sine_f1,-0.066573956,2091,112284580089417,112284581956935
781,7.810000000,sine_f1,-0.066905511,2092,112284590092797,112284591957845
782,7.820000000,sine_f1,-0.067220558,2092,112284600086429,112284602026513
783,7.830000000,sine_f1,-0.067519019,2092,112284610084161,112284612031767
784,7.840000000,sine_f1,-0.067800821,2092,112284620085667,112284622043632
785,7.850000000,sine_f1,-0.068065894,2092,112284630083868,112284632028992
786,7.860000000,sine_f1,-0.068314173,2093,112284640083928,112284642031908
787,7.870000000,sine_f1,-0.068545597,2093,112284650088585,112284652030385
788,7.880000000,sine_f1,-0.068760108,2093,112284660091874,112284662032117
789,7.890000000,sine_f1,-0.068957653,2093,112284670084215,112284672039833
790,7.900000000,sine_f1,-0.069138184,2093,112284680084561,112284682034916
791,7.910000000,sine_f1,-0.069301656,2093,112284690084441,112284692028531
792,7.920000000,sine_f1,-0.069448029,2093,112284700086454,112284702027895
793,7.930000000,sine_f1,-0.069577267,2093,112284710083895,112284712036050
794,7.940000000,sine_f1,-0.069689338,2093,112284720086265,112284722030964
795,7.950000000,sine_f1,-0.069784213,2093,112284730084449,112284732035152
796,7.960000000,sine_f1,-0.069861871,2094,112284740095888,112284742041845
797,7.970000000,sine_f1,-0.069922291,2094,112284750101087,112284752037582
798,7.980000000,sine_f1,-0.069965459,2094,112284760089704,112284762032486
799,7.990000000,sine_f1,-0.069991364,2094,112284770089553,112284772044574
800,8.000000000,sine_f1,-0.070000000,2094,112284780088910,112284782025933
801,8.010000000,sine_f1,-0.069991364,2094,112284790084837,112284792014019
802,8.020000000,sine_f1,-0.069965459,2094,112284800083962,112284802012816
803,8.030000000,sine_f1,-0.069922291,2094,112284810098574,112284811996428
804,8.040000000,sine_f1,-0.069861871,2094,112284820088641,112284822017499
805,8.050000000,sine_f1,-0.069784213,2093,112284830096957,112284832010785
806,8.060000000,sine_f1,-0.069689338,2093,112284840092061,112284842007635
807,8.070000000,sine_f1,-0.069577267,2093,112284850082611,112284852015194
808,8.080000000,sine_f1,-0.069448029,2093,112284860089466,112284862005542
809,8.090000000,sine_f1,-0.069301656,2093,112284870085483,112284872017690
810,8.100000000,sine_f1,-0.069138184,2093,112284880086523,112284882019377
811,8.110000000,sine_f1,-0.068957653,2093,112284890092545,112284892005819
812,8.120000000,sine_f1,-0.068760108,2093,112284900091675,112284902011234
813,8.130000000,sine_f1,-0.068545597,2093,112284910084650,112284912128849
814,8.140000000,sine_f1,-0.068314173,2093,112284920010112,112284922050403
815,8.150000000,sine_f1,-0.068065894,2092,112284930009032,112284931990342
816,8.160000000,sine_f1,-0.067800821,2092,112284940007181,112284941990308
817,8.170000000,sine_f1,-0.067519019,2092,112284950006486,112284951989456
818,8.180000000,sine_f1,-0.067220558,2092,112284960006953,112284961989448
819,8.190000000,sine_f1,-0.066905511,2092,112284970009248,112284971992182
820,8.200000000,sine_f1,-0.066573956,2091,112284980013159,112284981996676
821,8.210000000,sine_f1,-0.066225975,2091,112284990010415,112284991987138
822,8.220000000,sine_f1,-0.065861654,2091,112285000006692,112285001985310
823,8.230000000,sine_f1,-0.065481082,2091,112285010013399,112285011991329
824,8.240000000,sine_f1,-0.065084354,2090,112285020011000,112285021996082
825,8.250000000,sine_f1,-0.064671567,2090,112285030006953,112285031988562
826,8.260000000,sine_f1,-0.064242824,2090,112285040006508,112285041984633
827,8.270000000,sine_f1,-0.063798229,2090,112285050006352,112285051987642
828,8.280000000,sine_f1,-0.063337894,2089,112285060007390,112285061990841
829,8.290000000,sine_f1,-0.062861930,2089,112285070008349,112285071995675
830,8.300000000,sine_f1,-0.062370457,2089,112285080016959,112285081989321
831,8.310000000,sine_f1,-0.061863594,2088,112285090006912,112285091991763
832,8.320000000,sine_f1,-0.061341468,2088,112285100006065,112285101989998
833,8.330000000,sine_f1,-0.060804206,2088,112285110012651,112285111988596
834,8.340000000,sine_f1,-0.060251942,2087,112285120006505,112285121991508
835,8.350000000,sine_f1,-0.059684812,2087,112285130006401,112285131984252
836,8.360000000,sine_f1,-0.059102955,2087,112285140006705,112285141986591
837,8.370000000,sine_f1,-0.058506515,2086,112285150006438,112285151990987
838,8.380000000,sine_f1,-0.057895640,2086,112285160006993,112285161932774
839,8.390000000,sine_f1,-0.057270480,2085,112285170006921,112285171941278
840,8.400000000,sine_f1,-0.056631190,2085,112285180014823,112285181987601
841,8.410000000,sine_f1,-0.055977926,2084,112285190009219,112285191965432
842,8.420000000,sine_f1,-0.055310851,2084,112285200008189,112285201973340
843,8.430000000,sine_f1,-0.054630129,2084,112285209990900,112285211971088
844,8.440000000,sine_f1,-0.053935927,2083,112285220007237,112285221964393
845,8.450000000,sine_f1,-0.053228418,2083,112285230006153,112285231969030
846,8.460000000,sine_f1,-0.052507775,2082,112285240006029,112285241975541
847,8.470000000,sine_f1,-0.051774177,2082,112285250006698,112285251966774
848,8.480000000,sine_f1,-0.051027804,2081,112285260007199,112285261969838
849,8.490000000,sine_f1,-0.050268841,2081,112285270006575,112285271971033
850,8.500000000,sine_f1,-0.049497475,2080,112285280016585,112285281965993
851,8.510000000,sine_f1,-0.048713896,2080,112285290007056,112285291957982
852,8.520000000,sine_f1,-0.047918297,2079,112285300006820,112285301963327
853,8.530000000,sine_f1,-0.047110876,2079,112285310019512,112285311969788
854,8.540000000,sine_f1,-0.046291831,2078,112285320009748,112285321968877
855,8.550000000,sine_f1,-0.045461363,2078,112285330084268,112285332110195
856,8.560000000,sine_f1,-0.044619679,2077,112285340083991,112285342116590
857,8.570000000,sine_f1,-0.043766986,2077,112285350084238,112285352114801
858,8.580000000,sine_f1,-0.042903494,2076,112285360086774,112285362125731
859,8.590000000,sine_f1,-0.042029416,2075,112285370089871,112285372105144
860,8.600000000,sine_f1,-0.041144968,2075,112285380091982,112285381992288
861,8.610000000,sine_f1,-0.040250368,2074,112285390087207,112285392111774
862,8.620000000,sine_f1,-0.039345836,2074,112285400092472,112285401981400
863,8.630000000,sine_f1,-0.038431597,2073,112285410083574,112285411983834
864,8.640000000,sine_f1,-0.037507876,2072,112285420088281,112285422116007
865,8.650000000,sine_f1,-0.036574900,2072,112285430090467,112285431982591
866,8.660000000,sine_f1,-0.035632899,2071,112285440088920,112285441979257
867,8.670000000,sine_f1,-0.034682107,2071,112285450091113,112285452105559
868,8.680000000,sine_f1,-0.033722757,2070,112285460029373,112285461916842
869,8.690000000,sine_f1,-0.032755087,2069,112285470009589,112285471904179
870,8.700000000,sine_f1,-0.031779335,2069,112285480009814,112285481902499
871,8.710000000,sine_f1,-0.030795742,2068,112285490007999,112285491901340
872,8.720000000,sine_f1,-0.029804550,2067,112285500010616,112285501923163
873,8.730000000,sine_f1,-0.028806005,2067,112285510006695,112285511898305
874,8.740000000,sine_f1,-0.027800352,2066,112285520011946,112285521904420
875,8.750000000,sine_f1,-0.026787840,2065,112285530030605,112285531913769
876,8.760000000,sine_f1,-0.025768719,2065,112285540083391,112285541915975
877,8.770000000,sine_f1,-0.024743239,2064,112285550082823,112285551930956
878,8.780000000,sine_f1,-0.023711654,2063,112285560032478,112285561919021
879,8.790000000,sine_f1,-0.022674219,2063,112285570083337,112285571916304
880,8.800000000,sine_f1,-0.021631190,2062,112285580079830,112285581914384
881,8.810000000,sine_f1,-0.020582823,2061,112285590093337,112285591923741
882,8.820000000,sine_f1,-0.019529377,2061,112285600093433,112285601913091
883,8.830000000,sine_f1,-0.018471113,2060,112285610084126,112285611912933
884,8.840000000,sine_f1,-0.017408292,2059,112285620082709,112285621913928
885,8.850000000,sine_f1,-0.016341175,2059,112285630029517,112285631913373
886,8.860000000,sine_f1,-0.015270027,2058,112285640097050,112285641911701
887,8.870000000,sine_f1,-0.014195111,2057,112285650090285,112285651916216
888,8.880000000,sine_f1,-0.013116692,2057,112285660032844,112285661892871
889,8.890000000,sine_f1,-0.012035037,2056,112285670082995,112285671898698
890,8.900000000,sine_f1,-0.010950413,2055,112285680090982,112285681896224
891,8.910000000,sine_f1,-0.009863086,2054,112285690082909,112285691893866
892,8.920000000,sine_f1,-0.008773326,2054,112285700088091,112285701896045
893,8.930000000,sine_f1,-0.007681402,2053,112285710093776,112285711906802
894,8.940000000,sine_f1,-0.006587582,2052,112285720084492,112285721894432
895,8.950000000,sine_f1,-0.005492137,2052,112285730085350,112285731897258
896,8.960000000,sine_f1,-0.004395336,2051,112285740083104,112285741897829
897,8.970000000,sine_f1,-0.003297452,2050,112285750089123,112285751889891
898,8.980000000,sine_f1,-0.002198753,2049,112285760099914,112285761893520
899,8.990000000,sine_f1,-0.001099512,2049,112285770095985,112285771898073
900,9.000000000,sine_f1,-0.000000000,2048,112285780089816,112285781893957
901,9.010000000,sine_f1,0.001099512,2047,112285790080361,112285791894822
902,9.020000000,sine_f1,0.002198753,2047,112285800095169,112285801895081
903,9.030000000,sine_f1,0.003297452,2046,112285810087459,112285811908755
904,9.040000000,sine_f1,0.004395336,2045,112285820082768,112285821898063
905,9.050000000,sine_f1,0.005492137,2044,112285830009039,112285831949620
906,9.060000000,sine_f1,0.006587582,2044,112285840009492,112285841961684
907,9.070000000,sine_f1,0.007681402,2043,112285850008510,112285851945913
908,9.080000000,sine_f1,0.008773326,2042,112285860006838,112285861950162
909,9.090000000,sine_f1,0.009863086,2042,112285870006710,112285871950143
910,9.100000000,sine_f1,0.010950413,2041,112285880006515,112285881938481
911,9.110000000,sine_f1,0.012035037,2040,112285890009505,112285891938256
912,9.120000000,sine_f1,0.013116692,2039,112285900008697,112285901947267
913,9.130000000,sine_f1,0.014195111,2039,112285910006658,112285911951554
914,9.140000000,sine_f1,0.015270027,2038,112285920006922,112285921953898
915,9.150000000,sine_f1,0.016341175,2037,112285930006762,112285931942205
916,9.160000000,sine_f1,0.017408292,2037,112285940006948,112285941949213
917,9.170000000,sine_f1,0.018471113,2036,112285950007309,112285951950492
918,9.180000000,sine_f1,0.019529377,2035,112285960006449,112285961940232
919,9.190000000,sine_f1,0.020582823,2035,112285970006417,112285971953287
920,9.200000000,sine_f1,0.021631190,2034,112285980006501,112285981948511
921,9.210000000,sine_f1,0.022674219,2033,112285990006851,112285991942647
922,9.220000000,sine_f1,0.023711654,2033,112286000006749,112286001945368
923,9.230000000,sine_f1,0.024743239,2032,112286010009371,112286011941093
924,9.240000000,sine_f1,0.025768719,2031,112286020006332,112286021948106
925,9.250000000,sine_f1,0.026787840,2031,112286030007090,112286031950599
926,9.260000000,sine_f1,0.027800352,2030,112286040006436,112286041950064
927,9.270000000,sine_f1,0.028806005,2029,112286050006807,112286051936332
928,9.280000000,sine_f1,0.029804550,2029,112286060006900,112286061924903
929,9.290000000,sine_f1,0.030795742,2028,112286070006527,112286071925632
930,9.300000000,sine_f1,0.031779335,2027,112286080006501,112286081925498
931,9.310000000,sine_f1,0.032755087,2027,112286090006777,112286091921088
932,9.320000000,sine_f1,0.033722757,2026,112286100006395,112286101924548
933,9.330000000,sine_f1,0.034682107,2025,112286110008434,112286111923871
934,9.340000000,sine_f1,0.035632899,2025,112286120008272,112286121924035
935,9.350000000,sine_f1,0.036574900,2024,112286130006214,112286131924696
936,9.360000000,sine_f1,0.037507876,2024,112286140007262,112286141922048
937,9.370000000,sine_f1,0.038431597,2023,112286150007111,112286151922809
938,9.380000000,sine_f1,0.039345836,2022,112286160006917,112286161918509
939,9.390000000,sine_f1,0.040250368,2022,112286170006449,112286171923444
940,9.400000000,sine_f1,0.041144968,2021,112286180006465,112286181923387
941,9.410000000,sine_f1,0.042029416,2021,112286190006364,112286191919770
942,9.420000000,sine_f1,0.042903494,2020,112286200009521,112286201925517
943,9.430000000,sine_f1,0.043766986,2019,112286210008437,112286211921896
944,9.440000000,sine_f1,0.044619679,2019,112286220005928,112286221932002
945,9.450000000,sine_f1,0.045461363,2018,112286230006715,112286231924435
946,9.460000000,sine_f1,0.046291831,2018,112286240006691,112286241921635
947,9.470000000,sine_f1,0.047110876,2017,112286250006657,112286251922985
948,9.480000000,sine_f1,0.047918297,2017,112286260006915,112286261920237
949,9.490000000,sine_f1,0.048713896,2016,112286270006743,112286271935281
950,9.500000000,sine_f1,0.049497475,2016,112286280006303,112286281935511
951,9.510000000,sine_f1,0.050268841,2015,112286290006121,112286291924120
952,9.520000000,sine_f1,0.051027804,2015,112286300006259,112286301929768
953,9.530000000,sine_f1,0.051774177,2014,112286310006590,112286311923287
954,9.540000000,sine_f1,0.052507775,2014,112286320008075,112286321926448
955,9.550000000,sine_f1,0.053228418,2013,112286330005953,112286331920972
956,9.560000000,sine_f1,0.053935927,2013,112286340006729,112286341925484
957,9.570000000,sine_f1,0.054630129,2012,112286350006545,112286351924849
958,9.580000000,sine_f1,0.055310851,2012,112286360007213,112286361920816
959,9.590000000,sine_f1,0.055977926,2012,112286370006070,112286371931013
960,9.600000000,sine_f1,0.056631190,2011,112286380009651,112286381924172
961,9.610000000,sine_f1,0.057270480,2011,112286390007613,112286391933347
962,9.620000000,sine_f1,0.057895640,2010,112286400006552,112286401920042
963,9.630000000,sine_f1,0.058506515,2010,112286410007206,112286411927870
964,9.640000000,sine_f1,0.059102955,2009,112286420007047,112286421922287
965,9.650000000,sine_f1,0.059684812,2009,112286430008664,112286431921911
966,9.660000000,sine_f1,0.060251942,2009,112286440006269,112286441924558
967,9.670000000,sine_f1,0.060804206,2008,112286450007463,112286451931526
968,9.680000000,sine_f1,0.061341468,2008,112286460006630,112286461922418
969,9.690000000,sine_f1,0.061863594,2008,112286470006755,112286471931034
970,9.700000000,sine_f1,0.062370457,2007,112286480006237,112286481903130
971,9.710000000,sine_f1,0.062861930,2007,112286490006361,112286491909984
972,9.720000000,sine_f1,0.063337894,2007,112286500006473,112286501905119
973,9.730000000,sine_f1,0.063798229,2006,112286510006460,112286511905218
974,9.740000000,sine_f1,0.064242824,2006,112286520006252,112286521905093
975,9.750000000,sine_f1,0.064671567,2006,112286530006890,112286531906955
976,9.760000000,sine_f1,0.065084354,2006,112286540008146,112286541904478
977,9.770000000,sine_f1,0.065481082,2005,112286550006577,112286551904253
978,9.780000000,sine_f1,0.065861654,2005,112286560007577,112286561896492
979,9.790000000,sine_f1,0.066225975,2005,112286570006727,112286571906473
980,9.800000000,sine_f1,0.066573956,2005,112286580009318,112286581898341
981,9.810000000,sine_f1,0.066905511,2004,112286590006113,112286591904976
982,9.820000000,sine_f1,0.067220558,2004,112286600006307,112286601905249
983,9.830000000,sine_f1,0.067519019,2004,112286610006740,112286611909305
984,9.840000000,sine_f1,0.067800821,2004,112286620007332,112286621901442
985,9.850000000,sine_f1,0.068065894,2004,112286630009428,112286631905804
986,9.860000000,sine_f1,0.068314173,2003,112286640007013,112286641922846
987,9.870000000,sine_f1,0.068545597,2003,112286650006585,112286651901520
988,9.880000000,sine_f1,0.068760108,2003,112286660006621,112286661897812
989,9.890000000,sine_f1,0.068957653,2003,112286670006919,112286671908564
990,9.900000000,sine_f1,0.069138184,2003,112286680009129,112286681898990
991,9.910000000,sine_f1,0.069301656,2003,112286690006316,112286691904085
992,9.920000000,sine_f1,0.069448029,2003,112286700006928,112286701902260
993,9.930000000,sine_f1,0.069577267,2003,112286710006811,112286711904687
994,9.940000000,sine_f1,0.069689338,2003,112286720007031,112286721908129
995,9.950000000,sine_f1,0.069784213,2003,112286730007638,112286731904534
996,9.960000000,sine_f1,0.069861871,2002,112286740009067,112286741901466
997,9.970000000,sine_f1,0.069922291,2002,112286750006913,112286751901616
998,9.980000000,sine_f1,0.069965459,2002,112286760007361,112286761901871
999,9.990000000,sine_f1,0.069991364,2002,112286770006977,112286771899103
1000,10.000000000,sine_f1,0.070000000,2002,112286780006095,112286781904470
1001,10.010000000,sine_f1,0.069991364,2002,112286790006741,112286791903523
1002,10.020000000,sine_f1,0.069965459,2002,112286800007149,112286801907012
1003,10.030000000,sine_f1,0.069922291,2002,112286810006754,112286811905149
1004,10.040000000,sine_f1,0.069861871,2002,112286820006684,112286821904384
1005,10.050000000,sine_f1,0.069784213,2003,112286830006457,112286831895255
1006,10.060000000,sine_f1,0.069689338,2003,112286840007011,112286841903249
1007,10.070000000,sine_f1,0.069577267,2003,112286850012110,112286851900492
1008,10.080000000,sine_f1,0.069448029,2003,112286860007082,112286861898301
1009,10.090000000,sine_f1,0.069301656,2003,112286870006576,112286871898946
1010,10.100000000,sine_f1,0.069138184,2003,112286880006415,112286881890538
1011,10.110000000,sine_f1,0.068957653,2003,112286890006342,112286891886411
1012,10.120000000,sine_f1,0.068760108,2003,112286900009178,112286901881589
1013,10.130000000,sine_f1,0.068545597,2003,112286910007188,112286911880287
1014,10.140000000,sine_f1,0.068314173,2003,112286920006706,112286921886961
1015,10.150000000,sine_f1,0.068065894,2004,112286930012618,112286931885816
1016,10.160000000,sine_f1,0.067800821,2004,112286940007767,112286941884631
1017,10.170000000,sine_f1,0.067519019,2004,112286950010039,112286951876164
1018,10.180000000,sine_f1,0.067220558,2004,112286960006735,112286961874493
1019,10.190000000,sine_f1,0.066905511,2004,112286970006351,112286971885282
1020,10.200000000,sine_f1,0.066573956,2005,112286980010485,112286981882157
1021,10.210000000,sine_f1,0.066225975,2005,112286990007617,112286991881393
1022,10.220000000,sine_f1,0.065861654,2005,112287000006756,112287001880274
1023,10.230000000,sine_f1,0.065481082,2005,112287010007230,112287011883802
1024,10.240000000,sine_f1,0.065084354,2006,112287020006888,112287021879096
1025,10.250000000,sine_f1,0.064671567,2006,112287030007169,112287031882752
1026,10.260000000,sine_f1,0.064242824,2006,112287040009354,112287041881068
1027,10.270000000,sine_f1,0.063798229,2006,112287050007360,112287051879277
1028,10.280000000,sine_f1,0.063337894,2007,112287060010390,112287061881933
1029,10.290000000,sine_f1,0.062861930,2007,112287070006657,112287071889938
1030,10.300000000,sine_f1,0.062370457,2007,112287080007386,112287081882474
1031,10.310000000,sine_f1,0.061863594,2008,112287090006653,112287091877469
1032,10.320000000,sine_f1,0.061341468,2008,112287100007028,112287101883112
1033,10.330000000,sine_f1,0.060804206,2008,112287110010149,112287111884921
1034,10.340000000,sine_f1,0.060251942,2009,112287120007091,112287121881209
1035,10.350000000,sine_f1,0.059684812,2009,112287130006997,112287131878336
1036,10.360000000,sine_f1,0.059102955,2009,112287140007929,112287141887047
1037,10.370000000,sine_f1,0.058506515,2010,112287149998164,112287151844438
1038,10.380000000,sine_f1,0.057895640,2010,112287160003567,112287161865322
1039,10.390000000,sine_f1,0.057270480,2011,112287170013014,112287171889012
1040,10.400000000,sine_f1,0.056631190,2011,112287180006282,112287181882174
1041,10.410000000,sine_f1,0.055977926,2012,112287190006323,112287191878210
1042,10.420000000,sine_f1,0.055310851,2012,112287200006196,112287201883002
1043,10.430000000,sine_f1,0.054630129,2012,112287210007252,112287211879786
1044,10.440000000,sine_f1,0.053935927,2013,112287220006903,112287221881851
1045,10.450000000,sine_f1,0.053228418,2013,112287230014708,112287231880414
1046,10.460000000,sine_f1,0.052507775,2014,112287240006977,112287241885826
1047,10.470000000,sine_f1,0.051774177,2014,112287250006973,112287251876705
1048,10.480000000,sine_f1,0.051027804,2015,112287260007323,112287261858786
1049,10.490000000,sine_f1,0.050268841,2015,112287270006596,112287271877909
1050,10.500000000,sine_f1,0.049497475,2016,112287280006200,112287281881802
1051,10.510000000,sine_f1,0.048713896,2016,112287290006763,112287291860093
1052,10.520000000,sine_f1,0.047918297,2017,112287300006854,112287301877920
1053,10.530000000,sine_f1,0.047110876,2017,112287310006929,112287311867107
1054,10.540000000,sine_f1,0.046291831,2018,112287320006604,112287321797173
1055,10.550000000,sine_f1,0.045461363,2018,112287330007129,112287331796924
1056,10.560000000,sine_f1,0.044619679,2019,112287340007072,112287341798361
1057,10.570000000,sine_f1,0.043766986,2019,112287350007368,112287351798137
1058,10.580000000,sine_f1,0.042903494,2020,112287360007694,112287361801501
1059,10.590000000,sine_f1,0.042029416,2021,112287370007290,112287371802030
1060,10.600000000,sine_f1,0.041144968,2021,112287380009283,112287381800075
1061,10.610000000,sine_f1,0.040250368,2022,112287390006730,112287391800075
1062,10.620000000,sine_f1,0.039345836,2022,112287400006454,112287401806665
1063,10.630000000,sine_f1,0.038431597,2023,112287410006327,112287411800090
1064,10.640000000,sine_f1,0.037507876,2024,112287420006465,112287421800405
1065,10.650000000,sine_f1,0.036574900,2024,112287430006470,112287431799494
1066,10.660000000,sine_f1,0.035632899,2025,112287440007025,112287441799782
1067,10.670000000,sine_f1,0.034682107,2025,112287450006999,112287451800483
1068,10.680000000,sine_f1,0.033722757,2026,112287460008030,112287461809912
1069,10.690000000,sine_f1,0.032755087,2027,112287470008860,112287471803787
1070,10.700000000,sine_f1,0.031779335,2027,112287480009442,112287481801704
1071,10.710000000,sine_f1,0.030795742,2028,112287490006470,112287491801053
1072,10.720000000,sine_f1,0.029804550,2029,112287500006886,112287501800865
1073,10.730000000,sine_f1,0.028806005,2029,112287510006946,112287511804212
1074,10.740000000,sine_f1,0.027800352,2030,112287520013282,112287521806552
1075,10.750000000,sine_f1,0.026787840,2031,112287530006818,112287531798649
1076,10.760000000,sine_f1,0.025768719,2031,112287540006876,112287541799965
1077,10.770000000,sine_f1,0.024743239,2032,112287550006417,112287551798985
1078,10.780000000,sine_f1,0.023711654,2033,112287560006626,112287561797999
1079,10.790000000,sine_f1,0.022674219,2033,112287570006398,112287571797477
1080,10.800000000,sine_f1,0.021631190,2034,112287580013846,112287581804355
1081,10.810000000,sine_f1,0.020582823,2035,112287590009386,112287591800037
1082,10.820000000,sine_f1,0.019529377,2035,112287600006459,112287601802890
1083,10.830000000,sine_f1,0.018471113,2036,112287610006967,112287611799198
1084,10.840000000,sine_f1,0.017408292,2037,112287620007375,112287621801741
1085,10.850000000,sine_f1,0.016341175,2037,112287630006863,112287631798344
1086,10.860000000,sine_f1,0.015270027,2038,112287640006739,112287641799092
1087,10.870000000,sine_f1,0.014195111,2039,112287650006456,112287651799646
1088,10.880000000,sine_f1,0.013116692,2039,112287660006410,112287661800014
1089,10.890000000,sine_f1,0.012035037,2040,112287670006578,112287671802201
1090,10.900000000,sine_f1,0.010950413,2041,112287680006293,112287681800080
1091,10.910000000,sine_f1,0.009863086,2042,112287690006477,112287691797724
1092,10.920000000,sine_f1,0.008773326,2042,112287700008661,112287701803065
1093,10.930000000,sine_f1,0.007681402,2043,112287710006078,112287711804327
1094,10.940000000,sine_f1,0.006587582,2044,112287720007295,112287721780287
1095,10.950000000,sine_f1,0.005492137,2044,112287730006330,112287731782946
1096,10.960000000,sine_f1,0.004395336,2045,112287740006156,112287741777693
1097,10.970000000,sine_f1,0.003297452,2046,112287750006607,112287751770479
1098,10.980000000,sine_f1,0.002198753,2047,112287760006592,112287761779743
1099,10.990000000,sine_f1,0.001099512,2047,112287770006417,112287771777575
1100,11.000000000,sine_f1,0.000000000,2048,112287780006462,112287781773425
1101,11.010000000,sine_f1,-0.001099512,2049,112287790006940,112287791778325
1102,11.020000000,sine_f1,-0.002198753,2049,112287800007458,112287801801078
1103,11.030000000,sine_f1,-0.003297452,2050,112287810010305,112287811837739
1104,11.040000000,sine_f1,-0.004395336,2051,112287820006618,112287821833636
1105,11.050000000,sine_f1,-0.005492137,2052,112287830006615,112287831839437
1106,11.060000000,sine_f1,-0.006587582,2052,112287840006937,112287841835431
1107,11.070000000,sine_f1,-0.007681402,2053,112287850006442,112287851835568
1108,11.080000000,sine_f1,-0.008773326,2054,112287860006494,112287861836265
1109,11.090000000,sine_f1,-0.009863086,2054,112287870052362,112287871837588
1110,11.100000000,sine_f1,-0.010950413,2055,112287880007466,112287881836849
1111,11.110000000,sine_f1,-0.012035037,2056,112287890007354,112287891842900
1112,11.120000000,sine_f1,-0.013116692,2057,112287900007536,112287901834578
1113,11.130000000,sine_f1,-0.014195111,2057,112287909997786,112287911802855
1114,11.140000000,sine_f1,-0.015270027,2058,112287919996829,112287921798043
1115,11.150000000,sine_f1,-0.016341175,2059,112287930009839,112287931821863
1116,11.160000000,sine_f1,-0.017408292,2059,112287940006574,112287941839146
1117,11.170000000,sine_f1,-0.018471113,2060,112287950009118,112287951827431
1118,11.180000000,sine_f1,-0.019529377,2061,112287960005921,112287961828679
1119,11.190000000,sine_f1,-0.020582823,2061,112287970006622,112287971835713
1120,11.200000000,sine_f1,-0.021631190,2062,112287980006367,112287981834508
1121,11.210000000,sine_f1,-0.022674219,2063,112287990006799,112287991835201
1122,11.220000000,sine_f1,-0.023711654,2063,112288000006290,112288001839137
1123,11.230000000,sine_f1,-0.024743239,2064,112288010007050,112288011845950
1124,11.240000000,sine_f1,-0.025768719,2065,112288020008196,112288021838559
1125,11.250000000,sine_f1,-0.026787840,2065,112288030006015,112288031836502
1126,11.260000000,sine_f1,-0.027800352,2066,112288040006622,112288041836749
1127,11.270000000,sine_f1,-0.028806005,2067,112288050006487,112288051840924
1128,11.280000000,sine_f1,-0.029804550,2067,112288060006389,112288061843088
1129,11.290000000,sine_f1,-0.030795742,2068,112288070011505,112288071781117
1130,11.300000000,sine_f1,-0.031779335,2069,112288080010512,112288081781851
1131,11.310000000,sine_f1,-0.032755087,2069,112288090007353,112288091780999
1132,11.320000000,sine_f1,-0.033722757,2070,112288100006397,112288101761207
1133,11.330000000,sine_f1,-0.034682107,2071,112288110007747,112288111781243
1134,11.340000000,sine_f1,-0.035632899,2071,112288120010095,112288121781233
1135,11.350000000,sine_f1,-0.036574900,2072,112288130007035,112288131779462
1136,11.360000000,sine_f1,-0.037507876,2072,112288140007294,112288141764027
1137,11.370000000,sine_f1,-0.038431597,2073,112288150007043,112288151758482
1138,11.380000000,sine_f1,-0.039345836,2074,112288160006696,112288161760576
1139,11.390000000,sine_f1,-0.040250368,2074,112288170007434,112288171758363
1140,11.400000000,sine_f1,-0.041144968,2075,112288180012647,112288181766731
1141,11.410000000,sine_f1,-0.042029416,2075,112288190008397,112288191760160
1142,11.420000000,sine_f1,-0.042903494,2076,112288200007723,112288201757256
1143,11.430000000,sine_f1,-0.043766986,2077,112288210009585,112288211757775
1144,11.440000000,sine_f1,-0.044619679,2077,112288220006314,112288221757873
1145,11.450000000,sine_f1,-0.045461363,2078,112288230006784,112288231759696
1146,11.460000000,sine_f1,-0.046291831,2078,112288240006131,112288241761649
1147,11.470000000,sine_f1,-0.047110876,2079,112288250006226,112288251757595
1148,11.480000000,sine_f1,-0.047918297,2079,112288260007212,112288261758752
1149,11.490000000,sine_f1,-0.048713896,2080,112288270007074,112288271757222
1150,11.500000000,sine_f1,-0.049497475,2080,112288280007184,112288281761032
1151,11.510000000,sine_f1,-0.050268841,2081,112288290006805,112288291757933
1152,11.520000000,sine_f1,-0.051027804,2081,112288300006933,112288301762138
1153,11.530000000,sine_f1,-0.051774177,2082,112288310007199,112288311759298
1154,11.540000000,sine_f1,-0.052507775,2082,112288320009103,112288321760467
1155,11.550000000,sine_f1,-0.053228418,2083,112288330006367,112288331763654
1156,11.560000000,sine_f1,-0.053935927,2083,112288340006531,112288341762788
1157,11.570000000,sine_f1,-0.054630129,2084,112288350006583,112288351759287
1158,11.580000000,sine_f1,-0.055310851,2084,112288360008724,112288361758427
1159,11.590000000,sine_f1,-0.055977926,2084,112288370007373,112288371756665
1160,11.600000000,sine_f1,-0.056631190,2085,112288380006643,112288381757075
1161,11.610000000,sine_f1,-0.057270480,2085,112288390084949,112288391776427
1162,11.620000000,sine_f1,-0.057895640,2086,112288400084157,112288401773313
1163,11.630000000,sine_f1,-0.058506515,2086,112288410084755,112288411770615
1164,11.640000000,sine_f1,-0.059102955,2087,112288420082794,112288421778475
1165,11.650000000,sine_f1,-0.059684812,2087,112288430083020,112288431769679
1166,11.660000000,sine_f1,-0.060251942,2087,112288440090716,112288441771724
1167,11.670000000,sine_f1,-0.060804206,2088,112288450089959,112288451778495
1168,11.680000000,sine_f1,-0.061341468,2088,112288460085178,112288461774357
1169,11.690000000,sine_f1,-0.061863594,2088,112288470085112,112288471776586
1170,11.700000000,sine_f1,-0.062370457,2089,112288480077336,112288481754625
1171,11.710000000,sine_f1,-0.062861930,2089,112288490089843,112288491751565
1172,11.720000000,sine_f1,-0.063337894,2089,112288500084443,112288501753040
1173,11.730000000,sine_f1,-0.063798229,2090,112288510091824,112288511753346
1174,11.740000000,sine_f1,-0.064242824,2090,112288520090995,112288521754763
1175,11.750000000,sine_f1,-0.064671567,2090,112288530084669,112288531767533
1176,11.760000000,sine_f1,-0.065084354,2090,112288540081137,112288541752208
1177,11.770000000,sine_f1,-0.065481082,2091,112288550087385,112288551769198
1178,11.780000000,sine_f1,-0.065861654,2091,112288560085912,112288561769651
1179,11.790000000,sine_f1,-0.066225975,2091,112288570091212,112288571746182
1180,11.800000000,sine_f1,-0.066573956,2091,112288580080669,112288581746420
1181,11.810000000,sine_f1,-0.066905511,2092,112288590088724,112288591749252
1182,11.820000000,sine_f1,-0.067220558,2092,112288600090801,112288601746518
1183,11.830000000,sine_f1,-0.067519019,2092,112288610089434,112288611752331
1184,11.840000000,sine_f1,-0.067800821,2092,112288620093580,112288621752266
1185,11.850000000,sine_f1,-0.068065894,2092,112288630085469,112288631752067
1186,11.860000000,sine_f1,-0.068314173,2093,112288640089616,112288641753898
1187,11.870000000,sine_f1,-0.068545597,2093,112288650099471,112288651748653
1188,11.880000000,sine_f1,-0.068760108,2093,112288660083006,112288661752479
1189,11.890000000,sine_f1,-0.068957653,2093,112288670085669,112288671755196
1190,11.900000000,sine_f1,-0.069138184,2093,112288680083802,112288681751439
1191,11.910000000,sine_f1,-0.069301656,2093,112288690083548,112288691753965
1192,11.920000000,sine_f1,-0.069448029,2093,112288700084552,112288701754206
1193,11.930000000,sine_f1,-0.069577267,2093,112288710085962,112288711747956
1194,11.940000000,sine_f1,-0.069689338,2093,112288720086061,112288721746950
1195,11.950000000,sine_f1,-0.069784213,2093,112288730087218,112288731747770
1196,11.960000000,sine_f1,-0.069861871,2094,112288740088481,112288741754806
1197,11.970000000,sine_f1,-0.069922291,2094,112288750085726,112288751753947
1198,11.980000000,sine_f1,-0.069965459,2094,112288760033829,112288761751881
1199,11.990000000,sine_f1,-0.069991364,2094,112288770091706,112288771751209
1200,12.000000000,sine_f1,-0.070000000,2094,112288780046022,112288781747150
1201,12.010000000,sine_f1,-0.069991364,2094,112288790083835,112288791750963
1202,12.020000000,sine_f1,-0.069965459,2094,112288800090929,112288801755561
1203,12.030000000,sine_f1,-0.069922291,2094,112288810091443,112288811750687
1204,12.040000000,sine_f1,-0.069861871,2094,112288820094192,112288821773634
1205,12.050000000,sine_f1,-0.069784213,2093,112288830055494,112288831815644
1206,12.060000000,sine_f1,-0.069689338,2093,112288840021158,112288841800709
1207,12.070000000,sine_f1,-0.069577267,2093,112288850009137,112288851797532
1208,12.080000000,sine_f1,-0.069448029,2093,112288860007379,112288861803772
1209,12.090000000,sine_f1,-0.069301656,2093,112288870006569,112288871792311
1210,12.100000000,sine_f1,-0.069138184,2093,112288880006520,112288881794441
1211,12.110000000,sine_f1,-0.068957653,2093,112288890009978,112288891797864
1212,12.120000000,sine_f1,-0.068760108,2093,112288900007670,112288901792462
1213,12.130000000,sine_f1,-0.068545597,2093,112288910007738,112288911802566
1214,12.140000000,sine_f1,-0.068314173,2093,112288920007232,112288921803391
1215,12.150000000,sine_f1,-0.068065894,2092,112288930009516,112288931800416
1216,12.160000000,sine_f1,-0.067800821,2092,112288940007186,112288941798235
1217,12.170000000,sine_f1,-0.067519019,2092,112288950009327,112288951799040
1218,12.180000000,sine_f1,-0.067220558,2092,112288960007660,112288961798708
1219,12.190000000,sine_f1,-0.066905511,2092,112288970006785,112288971778619
1220,12.200000000,sine_f1,-0.066573956,2091,112288980006993,112288981779618
1221,12.210000000,sine_f1,-0.066225975,2091,112288990007413,112288991782209
1222,12.220000000,sine_f1,-0.065861654,2091,112289000006724,112289001770162
1223,12.230000000,sine_f1,-0.065481082,2091,112289010007469,112289011777720
1224,12.240000000,sine_f1,-0.065084354,2090,112289020006836,112289021774445
1225,12.250000000,sine_f1,-0.064671567,2090,112289030007201,112289031779983
1226,12.260000000,sine_f1,-0.064242824,2090,112289040006872,112289041771516
1227,12.270000000,sine_f1,-0.063798229,2090,112289050006864,112289051773180
1228,12.280000000,sine_f1,-0.063337894,2089,112289060008944,112289061775279
1229,12.290000000,sine_f1,-0.062861930,2089,112289070006880,112289071773900
1230,12.300000000,sine_f1,-0.062370457,2089,112289080010764,112289081781464
1231,12.310000000,sine_f1,-0.061863594,2088,112289090007183,112289091774284
1232,12.320000000,sine_f1,-0.061341468,2088,112289100007323,112289101773859
1233,12.330000000,sine_f1,-0.060804206,2088,112289110007170,112289111778903
1234,12.340000000,sine_f1,-0.060251942,2087,112289120006763,112289121782464
1235,12.350000000,sine_f1,-0.059684812,2087,112289130006758,112289131773625
1236,12.360000000,sine_f1,-0.059102955,2087,112289140007196,112289141778208
1237,12.370000000,sine_f1,-0.058506515,2086,112289150006758,112289151767878
1238,12.380000000,sine_f1,-0.057895640,2086,112289160009302,112289161774771
1239,12.390000000,sine_f1,-0.057270480,2085,112289170007144,112289171774544
1240,12.400000000,sine_f1,-0.056631190,2085,112289180006597,112289181775984
1241,12.410000000,sine_f1,-0.055977926,2084,112289190007422,112289191775332
1242,12.420000000,sine_f1,-0.055310851,2084,112289200006522,112289201780690
1243,12.430000000,sine_f1,-0.054630129,2084,112289210006883,112289211771214
1244,12.440000000,sine_f1,-0.053935927,2083,112289220006953,112289221773510
1245,12.450000000,sine_f1,-0.053228418,2083,112289230007391,112289231772765
1246,12.460000000,sine_f1,-0.052507775,2082,112289240007096,112289241779119
1247,12.470000000,sine_f1,-0.051774177,2082,112289250006757,112289251770968
1248,12.480000000,sine_f1,-0.051027804,2081,112289260008833,112289261775571
1249,12.490000000,sine_f1,-0.050268841,2081,112289270006969,112289271773286
1250,12.500000000,sine_f1,-0.049497475,2080,112289280006837,112289281773559
1251,12.510000000,sine_f1,-0.048713896,2080,112289290007385,112289291775109
1252,12.520000000,sine_f1,-0.047918297,2079,112289300006767,112289301773518
1253,12.530000000,sine_f1,-0.047110876,2079,112289310007628,112289311777062
1254,12.540000000,sine_f1,-0.046291831,2078,112289320006708,112289321783736
1255,12.550000000,sine_f1,-0.045461363,2078,112289330006856,112289331776783
1256,12.560000000,sine_f1,-0.044619679,2077,112289340006882,112289341757439
1257,12.570000000,sine_f1,-0.043766986,2077,112289350006794,112289351773043
1258,12.580000000,sine_f1,-0.042903494,2076,112289360007686,112289361775352
1259,12.590000000,sine_f1,-0.042029416,2075,112289370006970,112289371771658
1260,12.600000000,sine_f1,-0.041144968,2075,112289380007512,112289381802174
1261,12.610000000,sine_f1,-0.040250368,2074,112289390011335,112289391778835
1262,12.620000000,sine_f1,-0.039345836,2074,112289400007035,112289401755694
1263,12.630000000,sine_f1,-0.038431597,2073,112289410006812,112289411751400
1264,12.640000000,sine_f1,-0.037507876,2072,112289420011789,112289421753060
1265,12.650000000,sine_f1,-0.036574900,2072,112289430006952,112289431756293
1266,12.660000000,sine_f1,-0.035632899,2071,112289440006926,112289441752979
1267,12.670000000,sine_f1,-0.034682107,2071,112289450006443,112289451763285
1268,12.680000000,sine_f1,-0.033722757,2070,112289460007491,112289461759564
1269,12.690000000,sine_f1,-0.032755087,2069,112289470017733,112289471704807
1270,12.700000000,sine_f1,-0.031779335,2069,112289480009808,112289481696447
1271,12.710000000,sine_f1,-0.030795742,2068,112289490008905,112289491696091
1272,12.720000000,sine_f1,-0.029804550,2067,112289500007443,112289501759522
1273,12.730000000,sine_f1,-0.028806005,2067,112289510006926,112289511753526
1274,12.740000000,sine_f1,-0.027800352,2066,112289520008780,112289521765410
1275,12.750000000,sine_f1,-0.026787840,2065,112289530006652,112289531756566
1276,12.760000000,sine_f1,-0.025768719,2065,112289540006462,112289541755658
1277,12.770000000,sine_f1,-0.024743239,2064,112289550006727,112289551817220
1278,12.780000000,sine_f1,-0.023711654,2063,112289560111314,112289561711621
1279,12.790000000,sine_f1,-0.022674219,2063,112289570097184,112289571708566
1280,12.800000000,sine_f1,-0.021631190,2062,112289580089990,112289581710342
1281,12.810000000,sine_f1,-0.020582823,2061,112289590096253,112289591715662
1282,12.820000000,sine_f1,-0.019529377,2061,112289600089517,112289601710722
1283,12.830000000,sine_f1,-0.018471113,2060,112289610088083,112289611710258
1284,12.840000000,sine_f1,-0.017408292,2059,112289620088655,112289621711852
1285,12.850000000,sine_f1,-0.016341175,2059,112289630093756,112289631714126
1286,12.860000000,sine_f1,-0.015270027,2058,112289640096246,112289641703331
1287,12.870000000,sine_f1,-0.014195111,2057,112289650085999,112289651710613
1288,12.880000000,sine_f1,-0.013116692,2057,112289660091417,112289661711884
1289,12.890000000,sine_f1,-0.012035037,2056,112289670094816,112289671713467
1290,12.900000000,sine_f1,-0.010950413,2055,112289680083251,112289681709676
1291,12.910000000,sine_f1,-0.009863086,2054,112289690086160,112289691709352
1292,12.920000000,sine_f1,-0.008773326,2054,112289700089225,112289701710115
1293,12.930000000,sine_f1,-0.007681402,2053,112289710087210,112289711716360
1294,12.940000000,sine_f1,-0.006587582,2052,112289720087966,112289721710932
1295,12.950000000,sine_f1,-0.005492137,2052,112289730088180,112289731689776
1296,12.960000000,sine_f1,-0.004395336,2051,112289740092159,112289741688626
1297,12.970000000,sine_f1,-0.003297452,2050,112289750094256,112289751701383
1298,12.980000000,sine_f1,-0.002198753,2049,112289760086261,112289761692203
1299,12.990000000,sine_f1,-0.001099512,2049,112289770098883,112289771706643
1300,13.000000000,sine_f1,-0.000000000,2048,112289780085680,112289781694330
1301,13.010000000,sine_f1,0.001099512,2047,112289790084019,112289791691174
1302,13.020000000,sine_f1,0.002198753,2047,112289800040427,112289801704750
1303,13.030000000,sine_f1,0.003297452,2046,112289810086490,112289811689078
1304,13.040000000,sine_f1,0.004395336,2045,112289820089703,112289821688589
1305,13.050000000,sine_f1,0.005492137,2044,112289830086967,112289831688661
1306,13.060000000,sine_f1,0.006587582,2044,112289840085254,112289841690985
1307,13.070000000,sine_f1,0.007681402,2043,112289850084631,112289851687121
1308,13.080000000,sine_f1,0.008773326,2042,112289860086838,112289861705544
1309,13.090000000,sine_f1,0.009863086,2042,112289870011283,112289871746078
1310,13.100000000,sine_f1,0.010950413,2041,112289880009494,112289881745354
1311,13.110000000,sine_f1,0.012035037,2040,112289890007719,112289891729807
1312,13.120000000,sine_f1,0.013116692,2039,112289900009385,112289901675951
1313,13.130000000,sine_f1,0.014195111,2039,112289910007346,112289911681755
1314,13.140000000,sine_f1,0.015270027,2038,112289920010272,112289921674022
1315,13.150000000,sine_f1,0.016341175,2037,112289930009458,112289931684609
1316,13.160000000,sine_f1,0.017408292,2037,112289940007796,112289941675891
1317,13.170000000,sine_f1,0.018471113,2036,112289950012007,112289951677770
1318,13.180000000,sine_f1,0.019529377,2035,112289960007945,112289961677386
1319,13.190000000,sine_f1,0.020582823,2035,112289970006727,112289971679578
1320,13.200000000,sine_f1,0.021631190,2034,112289980006025,112289981692414
1321,13.210000000,sine_f1,0.022674219,2033,112289990008937,112289991679585
1322,13.220000000,sine_f1,0.023711654,2033,112290000008866,112290001680752
1323,13.230000000,sine_f1,0.024743239,2032,112290010006017,112290011680726
1324,13.240000000,sine_f1,0.025768719,2031,112290020011934,112290021677476
1325,13.250000000,sine_f1,0.026787840,2031,112290030006807,112290031677762
1326,13.260000000,sine_f1,0.027800352,2030,112290040006767,112290041677723
1327,13.270000000,sine_f1,0.028806005,2029,112290050006398,112290051673942
1328,13.280000000,sine_f1,0.029804550,2029,112290060006531,112290061673403
1329,13.290000000,sine_f1,0.030795742,2028,112290070006777,112290071674036
1330,13.300000000,sine_f1,0.031779335,2027,112290080010374,112290081676816
1331,13.310000000,sine_f1,0.032755087,2027,112290090006831,112290091674497
1332,13.320000000,sine_f1,0.033722757,2026,112290100008922,112290101676258
1333,13.330000000,sine_f1,0.034682107,2025,112290110006614,112290111680216
1334,13.340000000,sine_f1,0.035632899,2025,112290120006541,112290121672426
1335,13.350000000,sine_f1,0.036574900,2024,112290130006655,112290131674931
1336,13.360000000,sine_f1,0.037507876,2024,112290140006858,112290141672936
1337,13.370000000,sine_f1,0.038431597,2023,112290150006316,112290151677687
1338,13.380000000,sine_f1,0.039345836,2022,112290160007074,112290161676264
1339,13.390000000,sine_f1,0.040250368,2022,112290170006267,112290171674070
1340,13.400000000,sine_f1,0.041144968,2021,112290180006759,112290181675113
1341,13.410000000,sine_f1,0.042029416,2021,112290190012449,112290191677192
1342,13.420000000,sine_f1,0.042903494,2020,112290200009965,112290201676910
1343,13.430000000,sine_f1,0.043766986,2019,112290210006708,112290211678777
1344,13.440000000,sine_f1,0.044619679,2019,112290220007006,112290221674024
1345,13.450000000,sine_f1,0.045461363,2018,112290230006496,112290231653108
1346,13.460000000,sine_f1,0.046291831,2018,112290240006806,112290241656746
1347,13.470000000,sine_f1,0.047110876,2017,112290250006147,112290251655528
1348,13.480000000,sine_f1,0.047918297,2017,112290260006348,112290261666147
1349,13.490000000,sine_f1,0.048713896,2016,112290270006251,112290271679063
1350,13.500000000,sine_f1,0.049497475,2016,112290280006068,112290281653728
1351,13.510000000,sine_f1,0.050268841,2015,112290290006355,112290291656954
1352,13.520000000,sine_f1,0.051027804,2015,112290300007712,112290301656001
1353,13.530000000,sine_f1,0.051774177,2014,112290310008884,112290311658550
1354,13.540000000,sine_f1,0.052507775,2014,112290320006146,112290321653767
1355,13.550000000,sine_f1,0.053228418,2013,112290330006821,112290331654549
1356,13.560000000,sine_f1,0.053935927,2013,112290340006494,112290341653099
1357,13.570000000,sine_f1,0.054630129,2012,112290350006566,112290351658819
1358,13.580000000,sine_f1,0.055310851,2012,112290360006883,112290361662323
1359,13.590000000,sine_f1,0.055977926,2012,112290370006914,112290371653036
1360,13.600000000,sine_f1,0.056631190,2011,112290380007025,112290381675015
1361,13.610000000,sine_f1,0.057270480,2011,112290390007638,112290391654992
1362,13.620000000,sine_f1,0.057895640,2010,112290400007318,112290401660837
1363,13.630000000,sine_f1,0.058506515,2010,112290410009118,112290411656973
1364,13.640000000,sine_f1,0.059102955,2009,112290420006471,112290421645773
1365,13.650000000,sine_f1,0.059684812,2009,112290430127061,112290431669818
1366,13.660000000,sine_f1,0.060251942,2009,112290440095078,112290441670241
1367,13.670000000,sine_f1,0.060804206,2008,112290450088354,112290451664770
1368,13.680000000,sine_f1,0.061341468,2008,112290460090776,112290461666833
1369,13.690000000,sine_f1,0.061863594,2008,112290470093302,112290471684368
1370,13.700000000,sine_f1,0.062370457,2007,112290480086818,112290481668732
1371,13.710000000,sine_f1,0.062861930,2007,112290490088061,112290491666836
1372,13.720000000,sine_f1,0.063337894,2007,112290500088190,112290501676797
1373,13.730000000,sine_f1,0.063798229,2006,112290510085922,112290511688950
1374,13.740000000,sine_f1,0.064242824,2006,112290520088112,112290521674378
1375,13.750000000,sine_f1,0.064671567,2006,112290530087745,112290531668067
1376,13.760000000,sine_f1,0.065084354,2006,112290540093076,112290541674470
1377,13.770000000,sine_f1,0.065481082,2005,112290550087508,112290551669218
1378,13.780000000,sine_f1,0.065861654,2005,112290560089811,112290561681295
1379,13.790000000,sine_f1,0.066225975,2005,112290570042594,112290571648810
1380,13.800000000,sine_f1,0.066573956,2005,112290580084786,112290581646783
1381,13.810000000,sine_f1,0.066905511,2004,112290590094407,112290591649447
1382,13.820000000,sine_f1,0.067220558,2004,112290600086404,112290601652882
1383,13.830000000,sine_f1,0.067519019,2004,112290610090056,112290611649427
1384,13.840000000,sine_f1,0.067800821,2004,112290620101204,112290621670188
1385,13.850000000,sine_f1,0.068065894,2004,112290630087465,112290631647732
1386,13.860000000,sine_f1,0.068314173,2003,112290640087956,112290641647630
1387,13.870000000,sine_f1,0.068545597,2003,112290650087569,112290651648013
1388,13.880000000,sine_f1,0.068760108,2003,112290660087734,112290661647284
1389,13.890000000,sine_f1,0.068957653,2003,112290670034823,112290671648220
1390,13.900000000,sine_f1,0.069138184,2003,112290680086410,112290681647478
1391,13.910000000,sine_f1,0.069301656,2003,112290690088912,112290691645437
1392,13.920000000,sine_f1,0.069448029,2003,112290700086970,112290701648773
1393,13.930000000,sine_f1,0.069577267,2003,112290710086171,112290711664377
1394,13.940000000,sine_f1,0.069689338,2003,112290720088422,112290721647994
1395,13.950000000,sine_f1,0.069784213,2003,112290730086177,112290731649221
1396,13.960000000,sine_f1,0.069861871,2002,112290740093309,112290741645259
1397,13.970000000,sine_f1,0.069922291,2002,112290750092557,112290751650212
1398,13.980000000,sine_f1,0.069965459,2002,112290760091223,112290761650598
1399,13.990000000,sine_f1,0.069991364,2002,112290770039907,112290771641460
1400,14.000000000,sine_f1,0.070000000,2002,112290780092749,112290781646856
1401,14.010000000,sine_f1,0.069991364,2002,112290790092585,112290791645311
1402,14.020000000,sine_f1,0.069965459,2002,112290800094426,112290801646341
1403,14.030000000,sine_f1,0.069922291,2002,112290810086571,112290811648176
1404,14.040000000,sine_f1,0.069861871,2002,112290820092163,112290821646773
1405,14.050000000,sine_f1,0.069784213,2003,112290830086092,112290831651535
1406,14.060000000,sine_f1,0.069689338,2003,112290840083392,112290841648029
1407,14.070000000,sine_f1,0.069577267,2003,112290850085155,112290851648086
1408,14.080000000,sine_f1,0.069448029,2003,112290860090168,112290861652568
1409,14.090000000,sine_f1,0.069301656,2003,112290870040044,112290871647072
1410,14.100000000,sine_f1,0.069138184,2003,112290880091549,112290881644868
1411,14.110000000,sine_f1,0.068957653,2003,112290890095903,112290891643052
1412,14.120000000,sine_f1,0.068760108,2003,112290900087837,112290901645246
1413,14.130000000,sine_f1,0.068545597,2003,112290910088195,112290911650241
1414,14.140000000,sine_f1,0.068314173,2003,112290920088898,112290921645319
1415,14.150000000,sine_f1,0.068065894,2004,112290930087739,112290931645475
1416,14.160000000,sine_f1,0.067800821,2004,112290940087412,112290941649113
1417,14.170000000,sine_f1,0.067519019,2004,112290950100610,112290951644944
1418,14.180000000,sine_f1,0.067220558,2004,112290960091743,112290961665188
1419,14.190000000,sine_f1,0.066905511,2004,112290970095936,112290971652550
1420,14.200000000,sine_f1,0.066573956,2005,112290980090167,112290981628305
1421,14.210000000,sine_f1,0.066225975,2005,112290990086720,112290991625831
1422,14.220000000,sine_f1,0.065861654,2005,112291000087164,112291001630603
1423,14.230000000,sine_f1,0.065481082,2005,112291010086933,112291011643207
1424,14.240000000,sine_f1,0.065084354,2006,112291020035239,112291021623653
1425,14.250000000,sine_f1,0.064671567,2006,112291030092742,112291031632615
1426,14.260000000,sine_f1,0.064242824,2006,112291040088808,112291041643391
1427,14.270000000,sine_f1,0.063798229,2006,112291050096205,112291051624151
1428,14.280000000,sine_f1,0.063337894,2007,112291060089872,112291061625826
1429,14.290000000,sine_f1,0.062861930,2007,112291070043534,112291071623262
1430,14.300000000,sine_f1,0.062370457,2007,112291080015097,112291081605256
1431,14.310000000,sine_f1,0.061863594,2008,112291090087881,112291091623513
1432,14.320000000,sine_f1,0.061341468,2008,112291100091274,112291101623764
1433,14.330000000,sine_f1,0.060804206,2008,112291110087452,112291111623690
1434,14.340000000,sine_f1,0.060251942,2009,112291120091319,112291121628842
1435,14.350000000,sine_f1,0.059684812,2009,112291130090251,112291131624431
1436,14.360000000,sine_f1,0.059102955,2009,112291140087003,112291141631910
1437,14.370000000,sine_f1,0.058506515,2010,112291150084024,112291151626781
1438,14.380000000,sine_f1,0.057895640,2010,112291160091514,112291161625829
1439,14.390000000,sine_f1,0.057270480,2011,112291170037492,112291171630401
1440,14.400000000,sine_f1,0.056631190,2011,112291180093125,112291181633729
1441,14.410000000,sine_f1,0.055977926,2012,112291190089548,112291191626280
1442,14.420000000,sine_f1,0.055310851,2012,112291200037927,112291201622591
1443,14.430000000,sine_f1,0.054630129,2012,112291210031221,112291211641216
1444,14.440000000,sine_f1,0.053935927,2013,112291220092126,112291221624948
1445,14.450000000,sine_f1,0.053228418,2013,112291230088994,112291231625187
1446,14.460000000,sine_f1,0.052507775,2014,112291240086745,112291241626716
1447,14.470000000,sine_f1,0.051774177,2014,112291250092744,112291251626615
1448,14.480000000,sine_f1,0.051027804,2015,112291260096344,112291261629826
1449,14.490000000,sine_f1,0.050268841,2015,112291270010208,112291271621045
1450,14.500000000,sine_f1,0.049497475,2016,112291280006701,112291281611541
1451,14.510000000,sine_f1,0.048713896,2016,112291290006789,112291291616690
1452,14.520000000,sine_f1,0.047918297,2017,112291300006969,112291301615086
1453,14.530000000,sine_f1,0.047110876,2017,112291310006710,112291311612809
1454,14.540000000,sine_f1,0.046291831,2018,112291320007210,112291321613588
1455,14.550000000,sine_f1,0.045461363,2018,112291330006709,112291331621645
1456,14.560000000,sine_f1,0.044619679,2019,112291340007407,112291341617713
1457,14.570000000,sine_f1,0.043766986,2019,112291350008048,112291351617396
1458,14.580000000,sine_f1,0.042903494,2020,112291360009372,112291361613356
1459,14.590000000,sine_f1,0.042029416,2021,112291370006771,112291371618831
1460,14.600000000,sine_f1,0.041144968,2021,112291380006337,112291381612776
1461,14.610000000,sine_f1,0.040250368,2022,112291390009528,112291391617843
1462,14.620000000,sine_f1,0.039345836,2022,112291400007679,112291401614715
1463,14.630000000,sine_f1,0.038431597,2023,112291410006707,112291411610942
1464,14.640000000,sine_f1,0.037507876,2024,112291420006923,112291421595781
1465,14.650000000,sine_f1,0.036574900,2024,112291430006658,112291431595968
1466,14.660000000,sine_f1,0.035632899,2025,112291440006804,112291441596892
1467,14.670000000,sine_f1,0.034682107,2025,112291450009690,112291451613500
1468,14.680000000,sine_f1,0.033722757,2026,112291460009239,112291461616754
1469,14.690000000,sine_f1,0.032755087,2027,112291470008684,112291471615707
1470,14.700000000,sine_f1,0.031779335,2027,112291480006637,112291481593962
1471,14.710000000,sine_f1,0.030795742,2028,112291490006926,112291491582847
1472,14.720000000,sine_f1,0.029804550,2029,112291500006864,112291501595885
1473,14.730000000,sine_f1,0.028806005,2029,112291510007379,112291511593910
1474,14.740000000,sine_f1,0.027800352,2030,112291520006540,112291521591568
1475,14.750000000,sine_f1,0.026787840,2031,112291530007035,112291531651573
1476,14.760000000,sine_f1,0.025768719,2031,112291540006957,112291541654293
1477,14.770000000,sine_f1,0.024743239,2032,112291550007071,112291551648049
1478,14.780000000,sine_f1,0.023711654,2033,112291560010142,112291561649561
1479,14.790000000,sine_f1,0.022674219,2033,112291570008069,112291571651970
1480,14.800000000,sine_f1,0.021631190,2034,112291580011053,112291581659584
1481,14.810000000,sine_f1,0.020582823,2035,112291590007162,112291591649357
1482,14.820000000,sine_f1,0.019529377,2035,112291600007827,112291601658121
1483,14.830000000,sine_f1,0.018471113,2036,112291610007072,112291611655000
1484,14.840000000,sine_f1,0.017408292,2037,112291620006734,112291621658436
1485,14.850000000,sine_f1,0.016341175,2037,112291630006402,112291631651258
1486,14.860000000,sine_f1,0.015270027,2038,112291640006494,112291641651348
1487,14.870000000,sine_f1,0.014195111,2039,112291650007176,112291651649963
1488,14.880000000,sine_f1,0.013116692,2039,112291660009188,112291661657660
1489,14.890000000,sine_f1,0.012035037,2040,112291670006877,112291671661130
1490,14.900000000,sine_f1,0.010950413,2041,112291680006631,112291681653954
1491,14.910000000,sine_f1,0.009863086,2042,112291690006437,112291691655583
1492,14.920000000,sine_f1,0.008773326,2042,112291700006732,112291701649123
1493,14.930000000,sine_f1,0.007681402,2043,112291710006909,112291711665230
1494,14.940000000,sine_f1,0.006587582,2044,112291720006636,112291721653662
1495,14.950000000,sine_f1,0.005492137,2044,112291730006623,112291731655806
1496,14.960000000,sine_f1,0.004395336,2045,112291740006645,112291741651538
1497,14.970000000,sine_f1,0.003297452,2046,112291750007267,112291751644764
1498,14.980000000,sine_f1,0.002198753,2047,112291760008568,112291761648214
1499,14.990000000,sine_f1,0.001099512,2047,112291770006451,112291771659899
1500,15.000000000,sine_f1,0.000000000,2048,112291780006240,112291781651569
1501,15.010000000,sine_f1,-0.001099512,2049,112291790011460,112291791659993
1502,15.020000000,sine_f1,-0.002198753,2049,112291800007039,112291801659934
1503,15.030000000,sine_f1,-0.003297452,2050,112291810010255,112291811652867
1504,15.040000000,sine_f1,-0.004395336,2051,112291820006899,112291821638035
1505,15.050000000,sine_f1,-0.005492137,2052,112291830006728,112291831639057
1506,15.060000000,sine_f1,-0.006587582,2052,112291840006834,112291841633318
1507,15.070000000,sine_f1,-0.007681402,2053,112291850006870,112291851656536
1508,15.080000000,sine_f1,-0.008773326,2054,112291860007770,112291861652651
1509,15.090000000,sine_f1,-0.009863086,2054,112291870009448,112291871649578
1510,15.100000000,sine_f1,-0.010950413,2055,112291880006643,112291881657898
1511,15.110000000,sine_f1,-0.012035037,2056,112291890006902,112291891632351
1512,15.120000000,sine_f1,-0.013116692,2057,112291900006534,112291901633442
1513,15.130000000,sine_f1,-0.014195111,2057,112291910010292,112291911630349
1514,15.140000000,sine_f1,-0.015270027,2058,112291920010004,112291921574149
1515,15.150000000,sine_f1,-0.016341175,2059,112291930007026,112291931570802
1516,15.160000000,sine_f1,-0.017408292,2059,112291940006830,112291941629060
1517,15.170000000,sine_f1,-0.018471113,2060,112291950006928,112291951634656
1518,15.180000000,sine_f1,-0.019529377,2061,112291960007518,112291961637172
1519,15.190000000,sine_f1,-0.020582823,2061,112291970011104,112291971629800
1520,15.200000000,sine_f1,-0.021631190,2062,112291980006390,112291981628808
1521,15.210000000,sine_f1,-0.022674219,2063,112291990006805,112291991628126
1522,15.220000000,sine_f1,-0.023711654,2063,112292000006752,112292001634968
1523,15.230000000,sine_f1,-0.024743239,2064,112292010006341,112292011627045
1524,15.240000000,sine_f1,-0.025768719,2065,112292020006529,112292021638060
1525,15.250000000,sine_f1,-0.026787840,2065,112292030005951,112292031641185
1526,15.260000000,sine_f1,-0.027800352,2066,112292040005996,112292041632433
1527,15.270000000,sine_f1,-0.028806005,2067,112292050006314,112292051631200
1528,15.280000000,sine_f1,-0.029804550,2067,112292060006791,112292061630917
1529,15.290000000,sine_f1,-0.030795742,2068,112292070007215,112292071636278
1530,15.300000000,sine_f1,-0.031779335,2069,112292080009608,112292081629696
1531,15.310000000,sine_f1,-0.032755087,2069,112292090006523,112292091633942
1532,15.320000000,sine_f1,-0.033722757,2070,112292100006465,112292101639173
1533,15.330000000,sine_f1,-0.034682107,2071,112292110006808,112292111635143
1534,15.340000000,sine_f1,-0.035632899,2071,112292120006623,112292121636256
1535,15.350000000,sine_f1,-0.036574900,2072,112292130009033,112292131629629
1536,15.360000000,sine_f1,-0.037507876,2072,112292140007458,112292141640526
1537,15.370000000,sine_f1,-0.038431597,2073,112292150007103,112292151637975
1538,15.380000000,sine_f1,-0.039345836,2074,112292160010070,112292161629936
1539,15.390000000,sine_f1,-0.040250368,2074,112292170007285,112292171634358
1540,15.400000000,sine_f1,-0.041144968,2075,112292180007153,112292181632856
1541,15.410000000,sine_f1,-0.042029416,2075,112292190009519,112292191627817
1542,15.420000000,sine_f1,-0.042903494,2076,112292200006445,112292201631790
1543,15.430000000,sine_f1,-0.043766986,2077,112292210007093,112292211629174
1544,15.440000000,sine_f1,-0.044619679,2077,112292220006772,112292221629982
1545,15.450000000,sine_f1,-0.045461363,2078,112292230007051,112292231628825
1546,15.460000000,sine_f1,-0.046291831,2078,112292240006751,112292241628382
1547,15.470000000,sine_f1,-0.047110876,2079,112292250007050,112292251628313
1548,15.480000000,sine_f1,-0.047918297,2079,112292260007096,112292261611020
1549,15.490000000,sine_f1,-0.048713896,2080,112292270007039,112292271637415
1550,15.500000000,sine_f1,-0.049497475,2080,112292280007415,112292281630291
1551,15.510000000,sine_f1,-0.050268841,2081,112292290007029,112292291628876
1552,15.520000000,sine_f1,-0.051027804,2081,112292300008816,112292301628832
1553,15.530000000,sine_f1,-0.051774177,2082,112292310006905,112292311617597
1554,15.540000000,sine_f1,-0.052507775,2082,112292320006428,112292321609053
1555,15.550000000,sine_f1,-0.053228418,2083,112292330006404,112292331624194
1556,15.560000000,sine_f1,-0.053935927,2083,112292340006897,112292341611645
1557,15.570000000,sine_f1,-0.054630129,2084,112292350008876,112292351607493
1558,15.580000000,sine_f1,-0.055310851,2084,112292360006690,112292361607478
1559,15.590000000,sine_f1,-0.055977926,2084,112292370007798,112292371609399
1560,15.600000000,sine_f1,-0.056631190,2085,112292380006514,112292381612493
1561,15.610000000,sine_f1,-0.057270480,2085,112292390011215,112292391609011
1562,15.620000000,sine_f1,-0.057895640,2086,112292400007441,112292401606001
1563,15.630000000,sine_f1,-0.058506515,2086,112292410009016,112292411603436
1564,15.640000000,sine_f1,-0.059102955,2087,112292420007725,112292421608407
1565,15.650000000,sine_f1,-0.059684812,2087,112292430006503,112292431608907
1566,15.660000000,sine_f1,-0.060251942,2087,112292440006966,112292441608052
1567,15.670000000,sine_f1,-0.060804206,2088,112292450006434,112292451612701
1568,15.680000000,sine_f1,-0.061341468,2088,112292460007061,112292461606527
1569,15.690000000,sine_f1,-0.061863594,2088,112292470007245,112292471614636
1570,15.700000000,sine_f1,-0.062370457,2089,112292480009276,112292481609341
1571,15.710000000,sine_f1,-0.062861930,2089,112292490009219,112292491609341
1572,15.720000000,sine_f1,-0.063337894,2089,112292500006376,112292501618234
1573,15.730000000,sine_f1,-0.063798229,2090,112292510006257,112292511612982
1574,15.740000000,sine_f1,-0.064242824,2090,112292520011636,112292521551769
1575,15.750000000,sine_f1,-0.064671567,2090,112292530007492,112292531544769
1576,15.760000000,sine_f1,-0.065084354,2090,112292540009372,112292541542154
1577,15.770000000,sine_f1,-0.065481082,2091,112292550007529,112292551538420
1578,15.780000000,sine_f1,-0.065861654,2091,112292560006795,112292561607964
1579,15.790000000,sine_f1,-0.066225975,2091,112292570006893,112292571609850
1580,15.800000000,sine_f1,-0.066573956,2091,112292580011631,112292581611883
1581,15.810000000,sine_f1,-0.066905511,2092,112292590007511,112292591607321
1582,15.820000000,sine_f1,-0.067220558,2092,112292600008823,112292601607039
1583,15.830000000,sine_f1,-0.067519019,2092,112292610007809,112292611610794
1584,15.840000000,sine_f1,-0.067800821,2092,112292620006927,112292621613768
1585,15.850000000,sine_f1,-0.068065894,2092,112292630006543,112292631607557
1586,15.860000000,sine_f1,-0.068314173,2093,112292640006717,112292641608216
1587,15.870000000,sine_f1,-0.068545597,2093,112292650006987,112292651609827
1588,15.880000000,sine_f1,-0.068760108,2093,112292660006987,112292661608851
1589,15.890000000,sine_f1,-0.068957653,2093,112292670007058,112292671609256
1590,15.900000000,sine_f1,-0.069138184,2093,112292680010273,112292681608839
1591,15.910000000,sine_f1,-0.069301656,2093,112292690008839,112292691610471
1592,15.920000000,sine_f1,-0.069448029,2093,112292700006328,112292701602825
1593,15.930000000,sine_f1,-0.069577267,2093,112292710006560,112292711588720
1594,15.940000000,sine_f1,-0.069689338,2093,112292720007164,112292721589521
1595,15.950000000,sine_f1,-0.069784213,2093,112292730006544,112292731609791
1596,15.960000000,sine_f1,-0.069861871,2094,112292740009464,112292741609135
1597,15.970000000,sine_f1,-0.069922291,2094,112292750006951,112292751610572
1598,15.980000000,sine_f1,-0.069965459,2094,112292760006931,112292761617314
1599,15.990000000,sine_f1,-0.069991364,2094,112292770007009,112292771612525
1600,16.000000000,sine_f1,-0.070000000,2094,112292780006788,112292781587439
1601,16.010000000,sine_f1,-0.069991364,2094,112292790007209,112292791609177
1602,16.020000000,sine_f1,-0.069965459,2094,112292800009425,112292801612309
1603,16.030000000,sine_f1,-0.069922291,2094,112292810006326,112292811590997
1604,16.040000000,sine_f1,-0.069861871,2094,112292820006571,112292821590928
1605,16.050000000,sine_f1,-0.069784213,2093,112292830006710,112292831591612
1606,16.060000000,sine_f1,-0.069689338,2093,112292840006506,112292841585952
1607,16.070000000,sine_f1,-0.069577267,2093,112292850006557,112292851606718
1608,16.080000000,sine_f1,-0.069448029,2093,112292860006830,112292861616478
1609,16.090000000,sine_f1,-0.069301656,2093,112292870006981,112292871592240
1610,16.100000000,sine_f1,-0.069138184,2093,112292880006819,112292881589629
1611,16.110000000,sine_f1,-0.068957653,2093,112292890006853,112292891594157
1612,16.120000000,sine_f1,-0.068760108,2093,112292900007191,112292901603734
1613,16.130000000,sine_f1,-0.068545597,2093,112292910008602,112292911606307
1614,16.140000000,sine_f1,-0.068314173,2093,112292920006377,112292921594457
1615,16.150000000,sine_f1,-0.068065894,2092,112292930007057,112292931608075
1616,16.160000000,sine_f1,-0.067800821,2092,112292940006683,112292941607315
1617,16.170000000,sine_f1,-0.067519019,2092,112292950007202,112292951612682
1618,16.180000000,sine_f1,-0.067220558,2092,112292960007251,112292961615207
1619,16.190000000,sine_f1,-0.066905511,2092,112292970008636,112292971607438
1620,16.200000000,sine_f1,-0.066573956,2091,112292980007337,112292981593340
1621,16.210000000,sine_f1,-0.066225975,2091,112292990017627,112292991595042
1622,16.220000000,sine_f1,-0.065861654,2091,112293000009512,112293001614816
1623,16.230000000,sine_f1,-0.065481082,2091,112293010011566,112293011602117
1624,16.240000000,sine_f1,-0.065084354,2090,112293020007025,112293021585491
1625,16.250000000,sine_f1,-0.064671567,2090,112293030006562,112293031606079
1626,16.260000000,sine_f1,-0.064242824,2090,112293040009718,112293041569280
1627,16.270000000,sine_f1,-0.063798229,2090,112293050007230,112293051569507
1628,16.280000000,sine_f1,-0.063337894,2089,112293060006673,112293061569422
1629,16.290000000,sine_f1,-0.062861930,2089,112293070006803,112293071569672
1630,16.300000000,sine_f1,-0.062370457,2089,112293080010240,112293081570037
1631,16.310000000,sine_f1,-0.061863594,2088,112293090008108,112293091572308
1632,16.320000000,sine_f1,-0.061341468,2088,112293100008880,112293101573769
1633,16.330000000,sine_f1,-0.060804206,2088,112293110006354,112293111568714
1634,16.340000000,sine_f1,-0.060251942,2087,112293120006415,112293121567959
1635,16.350000000,sine_f1,-0.059684812,2087,112293130006313,112293131570652
1636,16.360000000,sine_f1,-0.059102955,2087,112293140006847,112293141578440
1637,16.370000000,sine_f1,-0.058506515,2086,112293150009846,112293151570271
1638,16.380000000,sine_f1,-0.057895640,2086,112293160007449,112293161580229
1639,16.390000000,sine_f1,-0.057270480,2085,112293170007506,112293171578564
1640,16.400000000,sine_f1,-0.056631190,2085,112293180006726,112293181564377
1641,16.410000000,sine_f1,-0.055977926,2084,112293190006858,112293191569052
1642,16.420000000,sine_f1,-0.055310851,2084,112293200009045,112293201567568
1643,16.430000000,sine_f1,-0.054630129,2084,112293210006402,112293211573891
1644,16.440000000,sine_f1,-0.053935927,2083,112293220006474,112293221566995
1645,16.450000000,sine_f1,-0.053228418,2083,112293230006786,112293231575972
1646,16.460000000,sine_f1,-0.052507775,2082,112293240006477,112293241573505
1647,16.470000000,sine_f1,-0.051774177,2082,112293250010065,112293251569924
1648,16.480000000,sine_f1,-0.051027804,2081,112293260007099,112293261570765
1649,16.490000000,sine_f1,-0.050268841,2081,112293270006916,112293271573668
1650,16.500000000,sine_f1,-0.049497475,2080,112293280006560,112293281564121
1651,16.510000000,sine_f1,-0.048713896,2080,112293290007393,112293291571615
1652,16.520000000,sine_f1,-0.047918297,2079,112293300007105,112293301568492
1653,16.530000000,sine_f1,-0.047110876,2079,112293310009857,112293311570088
1654,16.540000000,sine_f1,-0.046291831,2078,112293320006768,112293321571500
1655,16.550000000,sine_f1,-0.045461363,2078,112293330006335,112293331569605
1656,16.560000000,sine_f1,-0.044619679,2077,112293340006441,112293341573464
1657,16.570000000,sine_f1,-0.043766986,2077,112293350006379,112293351565299
1658,16.580000000,sine_f1,-0.042903494,2076,112293360006872,112293361565406
1659,16.590000000,sine_f1,-0.042029416,2075,112293370007463,112293371570614
1660,16.600000000,sine_f1,-0.041144968,2075,112293380006722,112293381570562
1661,16.610000000,sine_f1,-0.040250368,2074,112293390006896,112293391568595
1662,16.620000000,sine_f1,-0.039345836,2074,112293400007352,112293401569631
1663,16.630000000,sine_f1,-0.038431597,2073,112293410008747,112293411568385
1664,16.640000000,sine_f1,-0.037507876,2072,112293420007448,112293421571024
1665,16.650000000,sine_f1,-0.036574900,2072,112293430006800,112293431568693
1666,16.660000000,sine_f1,-0.035632899,2071,112293440010919,112293441582168
1667,16.670000000,sine_f1,-0.034682107,2071,112293450007153,112293451576950
1668,16.680000000,sine_f1,-0.033722757,2070,112293460006650,112293461545913
1669,16.690000000,sine_f1,-0.032755087,2069,112293470006832,112293471549671
1670,16.700000000,sine_f1,-0.031779335,2069,112293480013514,112293481562960
1671,16.710000000,sine_f1,-0.030795742,2068,112293490008305,112293491555123
1672,16.720000000,sine_f1,-0.029804550,2067,112293500008999,112293501551095
1673,16.730000000,sine_f1,-0.028806005,2067,112293510007143,112293511553001
1674,16.740000000,sine_f1,-0.027800352,2066,112293520006559,112293521556256
1675,16.750000000,sine_f1,-0.026787840,2065,112293530006440,112293531561785
1676,16.760000000,sine_f1,-0.025768719,2065,112293540006679,112293541556163
1677,16.770000000,sine_f1,-0.024743239,2064,112293550008842,112293551544853
1678,16.780000000,sine_f1,-0.023711654,2063,112293560006837,112293561546368
1679,16.790000000,sine_f1,-0.022674219,2063,112293570007206,112293571550122
1680,16.800000000,sine_f1,-0.021631190,2062,112293580010301,112293581549186
1681,16.810000000,sine_f1,-0.020582823,2061,112293590012071,112293591562240
1682,16.820000000,sine_f1,-0.019529377,2061,112293600008487,112293601549863
1683,16.830000000,sine_f1,-0.018471113,2060,112293610010100,112293611551056
1684,16.840000000,sine_f1,-0.017408292,2059,112293620006687,112293621542004
1685,16.850000000,sine_f1,-0.016341175,2059,112293630006580,112293631552628
1686,16.860000000,sine_f1,-0.015270027,2058,112293640006544,112293641548380
1687,16.870000000,sine_f1,-0.014195111,2057,112293650006632,112293651546996
1688,16.880000000,sine_f1,-0.013116692,2057,112293660007387,112293661542344
1689,16.890000000,sine_f1,-0.012035037,2056,112293670007663,112293671546719
1690,16.900000000,sine_f1,-0.010950413,2055,112293680007488,112293681549499
1691,16.910000000,sine_f1,-0.009863086,2054,112293690006452,112293691555225
1692,16.920000000,sine_f1,-0.008773326,2054,112293700007305,112293701551517
1693,16.930000000,sine_f1,-0.007681402,2053,112293710010653,112293711550303
1694,16.940000000,sine_f1,-0.006587582,2052,112293720006348,112293721557045
1695,16.950000000,sine_f1,-0.005492137,2052,112293730006457,112293731548286
1696,16.960000000,sine_f1,-0.004395336,2051,112293740006320,112293741545756
1697,16.970000000,sine_f1,-0.003297452,2050,112293750006511,112293751547696
1698,16.980000000,sine_f1,-0.002198753,2049,112293760009753,112293761546193
1699,16.990000000,sine_f1,-0.001099512,2049,112293770006665,112293771545671
1700,17.000000000,sine_f1,-0.000000000,2048,112293780006529,112293781542611
1701,17.010000000,sine_f1,0.001099512,2047,112293790006659,112293791558885
1702,17.020000000,sine_f1,0.002198753,2047,112293800006230,112293801544701
1703,17.030000000,sine_f1,0.003297452,2046,112293810007023,112293811543060
1704,17.040000000,sine_f1,0.004395336,2045,112293820008879,112293821542225
1705,17.050000000,sine_f1,0.005492137,2044,112293830006823,112293831556081
1706,17.060000000,sine_f1,0.006587582,2044,112293840006478,112293841547520
1707,17.070000000,sine_f1,0.007681402,2043,112293850007311,112293851547876
1708,17.080000000,sine_f1,0.008773326,2042,112293860006449,112293861546784
1709,17.090000000,sine_f1,0.009863086,2042,112293870009570,112293871555456
1710,17.100000000,sine_f1,0.010950413,2041,112293880006992,112293881552086
1711,17.110000000,sine_f1,0.012035037,2040,112293890006971,112293891526269
1712,17.120000000,sine_f1,0.013116692,2039,112293900007044,112293901530117
1713,17.130000000,sine_f1,0.014195111,2039,112293910007287,112293911530810
1714,17.140000000,sine_f1,0.015270027,2038,112293920007200,112293921544596
1715,17.150000000,sine_f1,0.016341175,2037,112293930011686,112293931541385
1716,17.160000000,sine_f1,0.017408292,2037,112293940006758,112293941554015
1717,17.170000000,sine_f1,0.018471113,2036,112293950007579,112293951533183
1718,17.180000000,sine_f1,0.019529377,2035,112293960006836,112293961527210
1719,17.190000000,sine_f1,0.020582823,2035,112293970009537,112293971543224
1720,17.200000000,sine_f1,0.021631190,2034,112293980007053,112293981527089
1721,17.210000000,sine_f1,0.022674219,2033,112293990006871,112293991526862
1722,17.220000000,sine_f1,0.023711654,2033,112294000007203,112294001524557
1723,17.230000000,sine_f1,0.024743239,2032,112294010006809,112294011525859
1724,17.240000000,sine_f1,0.025768719,2031,112294020007470,112294021530995
1725,17.250000000,sine_f1,0.026787840,2031,112294030008870,112294031535077
1726,17.260000000,sine_f1,0.027800352,2030,112294040006790,112294041524478
1727,17.270000000,sine_f1,0.028806005,2029,112294050006228,112294051528088
1728,17.280000000,sine_f1,0.029804550,2029,112294060006596,112294061521358
1729,17.290000000,sine_f1,0.030795742,2028,112294070007252,112294071529622
1730,17.300000000,sine_f1,0.031779335,2027,112294080010922,112294081520552
1731,17.310000000,sine_f1,0.032755087,2027,112294090007165,112294091522330
1732,17.320000000,sine_f1,0.033722757,2026,112294100006322,112294101528708
1733,17.330000000,sine_f1,0.034682107,2025,112294110006340,112294111530988
1734,17.340000000,sine_f1,0.035632899,2025,112294120007128,112294121527437
1735,17.350000000,sine_f1,0.036574900,2024,112294130008117,112294131526880
1736,17.360000000,sine_f1,0.037507876,2024,112294140006158,112294141531132
1737,17.370000000,sine_f1,0.038431597,2023,112294150006604,112294151526477
1738,17.380000000,sine_f1,0.039345836,2022,112294160007062,112294161526354
1739,17.390000000,sine_f1,0.040250368,2022,112294170006768,112294171536530
1740,17.400000000,sine_f1,0.041144968,2021,112294180006400,112294181526939
1741,17.410000000,sine_f1,0.042029416,2021,112294190012526,112294191544772
1742,17.420000000,sine_f1,0.042903494,2020,112294200007017,112294201531835
1743,17.430000000,sine_f1,0.043766986,2019,112294210006489,112294211530910
1744,17.440000000,sine_f1,0.044619679,2019,112294220011688,112294221529291
1745,17.450000000,sine_f1,0.045461363,2018,112294230007793,112294231524478
1746,17.460000000,sine_f1,0.046291831,2018,112294240010124,112294241531512
1747,17.470000000,sine_f1,0.047110876,2017,112294250006911,112294251526922
1748,17.480000000,sine_f1,0.047918297,2017,112294260007041,112294261526170
1749,17.490000000,sine_f1,0.048713896,2016,112294270006697,112294271535057
1750,17.500000000,sine_f1,0.049497475,2016,112294280006881,112294281528509
1751,17.510000000,sine_f1,0.050268841,2015,112294290009770,112294291540715
1752,17.520000000,sine_f1,0.051027804,2015,112294300007254,112294301508670
1753,17.530000000,sine_f1,0.051774177,2014,112294310007046,112294311529119
1754,17.540000000,sine_f1,0.052507775,2014,112294320006868,112294321504259
1755,17.550000000,sine_f1,0.053228418,2013,112294330007296,112294331511152
1756,17.560000000,sine_f1,0.053935927,2013,112294340007000,112294341508691
1757,17.570000000,sine_f1,0.054630129,2012,112294350009189,112294351523218
1758,17.580000000,sine_f1,0.055310851,2012,112294360006631,112294361514715
1759,17.590000000,sine_f1,0.055977926,2012,112294370006842,112294371504858
1760,17.600000000,sine_f1,0.056631190,2011,112294380006629,112294381498520
1761,17.610000000,sine_f1,0.057270480,2011,112294390006495,112294391502941
1762,17.620000000,sine_f1,0.057895640,2010,112294400010206,112294401513391
1763,17.630000000,sine_f1,0.058506515,2010,112294410006708,112294411509119
1764,17.640000000,sine_f1,0.059102955,2009,112294420007128,112294421510040
1765,17.650000000,sine_f1,0.059684812,2009,112294430007358,112294431516721
1766,17.660000000,sine_f1,0.060251942,2009,112294440006990,112294441508902
1767,17.670000000,sine_f1,0.060804206,2008,112294450007359,112294451506200
1768,17.680000000,sine_f1,0.061341468,2008,112294460009402,112294461511508
1769,17.690000000,sine_f1,0.061863594,2008,112294470006733,112294471514470
1770,17.700000000,sine_f1,0.062370457,2007,112294480006921,112294481504477
1771,17.710000000,sine_f1,0.062861930,2007,112294490006801,112294491510766
1772,17.720000000,sine_f1,0.063337894,2007,112294500006677,112294501505186
1773,17.730000000,sine_f1,0.063798229,2006,112294510006475,112294511499633
1774,17.740000000,sine_f1,0.064242824,2006,112294520006775,112294521508910
1775,17.750000000,sine_f1,0.064671567,2006,112294530006448,112294531510688
1776,17.760000000,sine_f1,0.065084354,2006,112294540006644,112294541507328
1777,17.770000000,sine_f1,0.065481082,2005,112294550006827,112294551507880
1778,17.780000000,sine_f1,0.065861654,2005,112294560007212,112294561515349
1779,17.790000000,sine_f1,0.066225975,2005,112294570009421,112294571508464
1780,17.800000000,sine_f1,0.066573956,2005,112294580006521,112294581512331
1781,17.810000000,sine_f1,0.066905511,2004,112294590006911,112294591508633
1782,17.820000000,sine_f1,0.067220558,2004,112294600006156,112294601506488
1783,17.830000000,sine_f1,0.067519019,2004,112294610006680,112294611508801
1784,17.840000000,sine_f1,0.067800821,2004,112294620006836,112294621509623
1785,17.850000000,sine_f1,0.068065894,2004,112294630006424,112294631510868
1786,17.860000000,sine_f1,0.068314173,2003,112294640006608,112294641507123
1787,17.870000000,sine_f1,0.068545597,2003,112294650006776,112294651508591
1788,17.880000000,sine_f1,0.068760108,2003,112294660007207,112294661515791
1789,17.890000000,sine_f1,0.068957653,2003,112294670007972,112294671506677
1790,17.900000000,sine_f1,0.069138184,2003,112294680006471,112294681502979
1791,17.910000000,sine_f1,0.069301656,2003,112294690006792,112294691504570
1792,17.920000000,sine_f1,0.069448029,2003,112294700006461,112294701505244
1793,17.930000000,sine_f1,0.069577267,2003,112294710006307,112294711515583
1794,17.940000000,sine_f1,0.069689338,2003,112294720006219,112294721516732
1795,17.950000000,sine_f1,0.069784213,2003,112294730009653,112294731486260
1796,17.960000000,sine_f1,0.069861871,2002,112294740006767,112294741501182
1797,17.970000000,sine_f1,0.069922291,2002,112294750006390,112294751506596
1798,17.980000000,sine_f1,0.069965459,2002,112294760006591,112294761488161
1799,17.990000000,sine_f1,0.069991364,2002,112294770007067,112294771485643
1800,18.000000000,sine_f1,0.070000000,2002,112294780007278,112294781501010
1801,18.010000000,sine_f1,0.069991364,2002,112294790009238,112294791508328
1802,18.020000000,sine_f1,0.069965459,2002,112294800012263,112294801502801
1803,18.030000000,sine_f1,0.069922291,2002,112294810007799,112294811481419
1804,18.040000000,sine_f1,0.069861871,2002,112294820006624,112294821487294
1805,18.050000000,sine_f1,0.069784213,2003,112294830006601,112294831482035
1806,18.060000000,sine_f1,0.069689338,2003,112294840006614,112294841480981
1807,18.070000000,sine_f1,0.069577267,2003,112294850006930,112294851483759
1808,18.080000000,sine_f1,0.069448029,2003,112294860007607,112294861489488
1809,18.090000000,sine_f1,0.069301656,2003,112294870007535,112294871478712
1810,18.100000000,sine_f1,0.069138184,2003,112294880006832,112294881485315
1811,18.110000000,sine_f1,0.068957653,2003,112294890007122,112294891481780
1812,18.120000000,sine_f1,0.068760108,2003,112294900009371,112294901497439
1813,18.130000000,sine_f1,0.068545597,2003,112294910006513,112294911484420
1814,18.140000000,sine_f1,0.068314173,2003,112294920006272,112294921484775
1815,18.150000000,sine_f1,0.068065894,2004,112294930007030,112294931482646
1816,18.160000000,sine_f1,0.067800821,2004,112294940006226,112294941493290
1817,18.170000000,sine_f1,0.067519019,2004,112294950009332,112294951480712
1818,18.180000000,sine_f1,0.067220558,2004,112294960006684,112294961482264
1819,18.190000000,sine_f1,0.066905511,2004,112294970013151,112294971489097
1820,18.200000000,sine_f1,0.066573956,2005,112294980007379,112294981482621
1821,18.210000000,sine_f1,0.066225975,2005,112294990006441,112294991484608
1822,18.220000000,sine_f1,0.065861654,2005,112295000006965,112295001481659
1823,18.230000000,sine_f1,0.065481082,2005,112295010009175,112295011479423
1824,18.240000000,sine_f1,0.065084354,2006,112295020014156,112295021483667
1825,18.250000000,sine_f1,0.064671567,2006,112295030006311,112295031491659
1826,18.260000000,sine_f1,0.064242824,2006,112295040009872,112295041483752
1827,18.270000000,sine_f1,0.063798229,2006,112295050007238,112295051481024
1828,18.280000000,sine_f1,0.063337894,2007,112295060006584,112295061478449
1829,18.290000000,sine_f1,0.062861930,2007,112295070007046,112295071488330
1830,18.300000000,sine_f1,0.062370457,2007,112295080009373,112295081487469
1831,18.310000000,sine_f1,0.061863594,2008,112295090007329,112295091479585
1832,18.320000000,sine_f1,0.061341468,2008,112295100007251,112295101492790
1833,18.330000000,sine_f1,0.060804206,2008,112295110008967,112295111478973
1834,18.340000000,sine_f1,0.060251942,2009,112295120006499,112295121480047
1835,18.350000000,sine_f1,0.059684812,2009,112295130006431,112295131483436
1836,18.360000000,sine_f1,0.059102955,2009,112295140006868,112295141494334
1837,18.370000000,sine_f1,0.058506515,2010,112295150006746,112295151481486
1838,18.380000000,sine_f1,0.057895640,2010,112295160007803,112295161474123
1839,18.390000000,sine_f1,0.057270480,2011,112295170007300,112295171465185
1840,18.400000000,sine_f1,0.056631190,2011,112295180006787,112295181481487
1841,18.410000000,sine_f1,0.055977926,2012,112295190006658,112295191482589
1842,18.420000000,sine_f1,0.055310851,2012,112295200006954,112295201464513
1843,18.430000000,sine_f1,0.054630129,2012,112295210006857,112295211465141
1844,18.440000000,sine_f1,0.053935927,2013,112295220008924,112295221468888
1845,18.450000000,sine_f1,0.053228418,2013,112295230008966,112295231467346
1846,18.460000000,sine_f1,0.052507775,2014,112295240006551,112295241465541
1847,18.470000000,sine_f1,0.051774177,2014,112295250006342,112295251466354
1848,18.480000000,sine_f1,0.051027804,2015,112295260007361,112295261464799
1849,18.490000000,sine_f1,0.050268841,2015,112295270006669,112295271464949
1850,18.500000000,sine_f1,0.049497475,2016,112295280007112,112295281460693
1851,18.510000000,sine_f1,0.048713896,2016,112295290006767,112295291465992
1852,18.520000000,sine_f1,0.047918297,2017,112295300007001,112295301473635
1853,18.530000000,sine_f1,0.047110876,2017,112295310007494,112295311464625
1854,18.540000000,sine_f1,0.046291831,2018,112295320006903,112295321463674
1855,18.550000000,sine_f1,0.045461363,2018,112295330008526,112295331466034
1856,18.560000000,sine_f1,0.044619679,2019,112295340006443,112295341465509
1857,18.570000000,sine_f1,0.043766986,2019,112295350006457,112295351467448
1858,18.580000000,sine_f1,0.042903494,2020,112295360006487,112295361471946
1859,18.590000000,sine_f1,0.042029416,2021,112295370006544,112295371465463
1860,18.600000000,sine_f1,0.041144968,2021,112295380009617,112295381476823
1861,18.610000000,sine_f1,0.040250368,2022,112295390006576,112295391466740
1862,18.620000000,sine_f1,0.039345836,2022,112295400009191,112295401475266
1863,18.630000000,sine_f1,0.038431597,2023,112295410006960,112295411459963
1864,18.640000000,sine_f1,0.037507876,2024,112295420006939,112295421464361
1865,18.650000000,sine_f1,0.036574900,2024,112295430007276,112295431474148
1866,18.660000000,sine_f1,0.035632899,2025,112295440008687,112295441474455
1867,18.670000000,sine_f1,0.034682107,2025,112295450006677,112295451463410
1868,18.680000000,sine_f1,0.033722757,2026,112295460006564,112295461464148
1869,18.690000000,sine_f1,0.032755087,2027,112295470006281,112295471470111
1870,18.700000000,sine_f1,0.031779335,2027,112295480007351,112295481423897
1871,18.710000000,sine_f1,0.030795742,2028,112295490012305,112295491409183
1872,18.720000000,sine_f1,0.029804550,2029,112295500008351,112295501407072
1873,18.730000000,sine_f1,0.028806005,2029,112295510007734,112295511409470
1874,18.740000000,sine_f1,0.027800352,2030,112295520006802,112295521406193
1875,18.750000000,sine_f1,0.026787840,2031,112295530007075,112295531411237
1876,18.760000000,sine_f1,0.025768719,2031,112295540007189,112295541411108
1877,18.770000000,sine_f1,0.024743239,2032,112295550009157,112295551409054
1878,18.780000000,sine_f1,0.023711654,2033,112295560006434,112295561393096
1879,18.790000000,sine_f1,0.022674219,2033,112295570006533,112295571386214
1880,18.800000000,sine_f1,0.021631190,2034,112295580006590,112295581386803
1881,18.810000000,sine_f1,0.020582823,2035,112295590009902,112295591388659
1882,18.820000000,sine_f1,0.019529377,2035,112295600006950,112295601387343
1883,18.830000000,sine_f1,0.018471113,2036,112295610006928,112295611391940
1884,18.840000000,sine_f1,0.017408292,2037,112295620006811,112295621385756
1885,18.850000000,sine_f1,0.016341175,2037,112295630006702,112295631387767
1886,18.860000000,sine_f1,0.015270027,2038,112295640009526,112295641394616
1887,18.870000000,sine_f1,0.014195111,2039,112295650009163,112295651387715
1888,18.880000000,sine_f1,0.013116692,2039,112295660006549,112295661386816
1889,18.890000000,sine_f1,0.012035037,2040,112295670088945,112295672397871
1890,18.900000000,sine_f1,0.010950413,2041,112295680087386,112295682397817
1891,18.910000000,sine_f1,0.009863086,2042,112295690089166,112295692394656
1892,18.920000000,sine_f1,0.008773326,2042,112295700088452,112295702398738
1893,18.930000000,sine_f1,0.007681402,2043,112295710094159,112295712400113
1894,18.940000000,sine_f1,0.006587582,2044,112295720091855,112295722413066
1895,18.950000000,sine_f1,0.005492137,2044,112295730086731,112295732397965
1896,18.960000000,sine_f1,0.004395336,2045,112295740084420,112295742396843
1897,18.970000000,sine_f1,0.003297452,2046,112295750087126,112295752397569
1898,18.980000000,sine_f1,0.002198753,2047,112295760091126,112295762418173
1899,18.990000000,sine_f1,0.001099512,2047,112295770091941,112295772401715
1900,19.000000000,sine_f1,0.000000000,2048,112295780085388,112295782397766
1901,19.010000000,sine_f1,-0.001099512,2049,112295790083946,112295792395331
1902,19.020000000,sine_f1,-0.002198753,2049,112295800085040,112295802409719
1903,19.030000000,sine_f1,-0.003297452,2050,112295810034228,112295811405984
1904,19.040000000,sine_f1,-0.004395336,2051,112295820086282,112295822398952
1905,19.050000000,sine_f1,-0.005492137,2052,112295830095098,112295832401649
1906,19.060000000,sine_f1,-0.006587582,2052,112295840085041,112295842397518
1907,19.070000000,sine_f1,-0.007681402,2053,112295850090261,112295852396794
1908,19.080000000,sine_f1,-0.008773326,2054,112295860081224,112295862394857
1909,19.090000000,sine_f1,-0.009863086,2054,112295870089556,112295872413892
1910,19.100000000,sine_f1,-0.010950413,2055,112295880086462,112295882402253
1911,19.110000000,sine_f1,-0.012035037,2056,112295890085825,112295892398905
1912,19.120000000,sine_f1,-0.013116692,2057,112295900085773,112295902395917
1913,19.130000000,sine_f1,-0.014195111,2057,112295910038599,112295911406315
1914,19.140000000,sine_f1,-0.015270027,2058,112295920084035,112295922398740
1915,19.150000000,sine_f1,-0.016341175,2059,112295930092010,112295932395181
1916,19.160000000,sine_f1,-0.017408292,2059,112295940090934,112295942398333
1917,19.170000000,sine_f1,-0.018471113,2060,112295950083924,112295952396722
1918,19.180000000,sine_f1,-0.019529377,2061,112295960087909,112295962396667
1919,19.190000000,sine_f1,-0.020582823,2061,112295970082687,112295972377912
1920,19.200000000,sine_f1,-0.021631190,2062,112295980087135,112295982375169
1921,19.210000000,sine_f1,-0.022674219,2063,112295990092340,112295992382770
1922,19.220000000,sine_f1,-0.023711654,2063,112296000102926,112296002439255
1923,19.230000000,sine_f1,-0.024743239,2064,112296010039075,112296011457630
1924,19.240000000,sine_f1,-0.025768719,2065,112296020010687,112296021442752
1925,19.250000000,sine_f1,-0.026787840,2065,112296030007274,112296031422029
1926,19.260000000,sine_f1,-0.027800352,2066,112296040089573,112296042441416
1927,19.270000000,sine_f1,-0.028806005,2067,112296050084098,112296052440998
1928,19.280000000,sine_f1,-0.029804550,2067,112296060084628,112296062438540
1929,19.290000000,sine_f1,-0.030795742,2068,112296070102094,112296072455877
1930,19.300000000,sine_f1,-0.031779335,2069,112296080088468,112296082439190
1931,19.310000000,sine_f1,-0.032755087,2069,112296090083793,112296092556137
1932,19.320000000,sine_f1,-0.033722757,2070,112296100094695,112296102457911
1933,19.330000000,sine_f1,-0.034682107,2071,112296110089301,112296112438544
1934,19.340000000,sine_f1,-0.035632899,2071,112296120036560,112296122544399
1935,19.350000000,sine_f1,-0.036574900,2072,112296130084073,112296132552356
1936,19.360000000,sine_f1,-0.037507876,2072,112296140083606,112296142438139
1937,19.370000000,sine_f1,-0.038431597,2073,112296150090650,112296152439200
1938,19.380000000,sine_f1,-0.039345836,2074,112296160040427,112296161377564
1939,19.390000000,sine_f1,-0.040250368,2074,112296170084724,112296172379522
1940,19.400000000,sine_f1,-0.041144968,2075,112296180088520,112296182378211
1941,19.410000000,sine_f1,-0.042029416,2075,112296190112999,112296192443220
1942,19.420000000,sine_f1,-0.042903494,2076,112296200010282,112296201440800
1943,19.430000000,sine_f1,-0.043766986,2077,112296210008601,112296211421171
1944,19.440000000,sine_f1,-0.044619679,2077,112296220008046,112296221426046
1945,19.450000000,sine_f1,-0.045461363,2078,112296230007686,112296231425968
1946,19.460000000,sine_f1,-0.046291831,2078,112296240006934,112296241424856
1947,19.470000000,sine_f1,-0.047110876,2079,112296250006665,112296251424104
1948,19.480000000,sine_f1,-0.047918297,2079,112296260006596,112296261422523
1949,19.490000000,sine_f1,-0.048713896,2080,112296270007160,112296271421952
1950,19.500000000,sine_f1,-0.049497475,2080,112296280009038,112296281422990
1951,19.510000000,sine_f1,-0.050268841,2081,112296290006590,112296291421096
1952,19.520000000,sine_f1,-0.051027804,2081,112296300006569,112296301419860
1953,19.530000000,sine_f1,-0.051774177,2082,112296310007165,112296311425840
1954,19.540000000,sine_f1,-0.052507775,2082,112296320007043,112296321429684
1955,19.550000000,sine_f1,-0.053228418,2083,112296330006423,112296331424373
1956,19.560000000,sine_f1,-0.053935927,2083,112296340006379,112296341423280
1957,19.570000000,sine_f1,-0.054630129,2084,112296350006794,112296351421965
1958,19.580000000,sine_f1,-0.055310851,2084,112296360007912,112296361424220
1959,19.590000000,sine_f1,-0.055977926,2084,112296370006833,112296371422425
1960,19.600000000,sine_f1,-0.056631190,2085,112296380006965,112296381419543
1961,19.610000000,sine_f1,-0.057270480,2085,112296390008814,112296391408514
1962,19.620000000,sine_f1,-0.057895640,2086,112296400006548,112296401420789
1963,19.630000000,sine_f1,-0.058506515,2086,112296410006318,112296411419785
1964,19.640000000,sine_f1,-0.059102955,2087,112296420006583,112296421401499
1965,19.650000000,sine_f1,-0.059684812,2087,112296430006860,112296431398027
1966,19.660000000,sine_f1,-0.060251942,2087,112296440006808,112296441404508
1967,19.670000000,sine_f1,-0.060804206,2088,112296450006774,112296451408289
1968,19.680000000,sine_f1,-0.061341468,2088,112296460007095,112296461405021
1969,19.690000000,sine_f1,-0.061863594,2088,112296470007290,112296471408366
1970,19.700000000,sine_f1,-0.062370457,2089,112296480006959,112296481399441
1971,19.710000000,sine_f1,-0.062861930,2089,112296490008613,112296491399755
1972,19.720000000,sine_f1,-0.063337894,2089,112296500007454,112296501403251
1973,19.730000000,sine_f1,-0.063798229,2090,112296510006951,112296511406144
1974,19.740000000,sine_f1,-0.064242824,2090,112296520006585,112296521402262
1975,19.750000000,sine_f1,-0.064671567,2090,112296530006809,112296531403730
1976,19.760000000,sine_f1,-0.065084354,2090,112296540007136,112296541400348
1977,19.770000000,sine_f1,-0.065481082,2091,112296550006674,112296551400717
1978,19.780000000,sine_f1,-0.065861654,2091,112296560006909,112296561402350
1979,19.790000000,sine_f1,-0.066225975,2091,112296570006774,112296571401985
1980,19.800000000,sine_f1,-0.066573956,2091,112296580006708,112296581407060
1981,19.810000000,sine_f1,-0.066905511,2092,112296590008212,112296591406253
1982,19.820000000,sine_f1,-0.067220558,2092,112296600013438,112296601406864
1983,19.830000000,sine_f1,-0.067519019,2092,112296610011277,112296611402789
1984,19.840000000,sine_f1,-0.067800821,2092,112296620007008,112296621401550
1985,19.850000000,sine_f1,-0.068065894,2092,112296630006659,112296631400819
1986,19.860000000,sine_f1,-0.068314173,2093,112296640007034,112296641405513
1987,19.870000000,sine_f1,-0.068545597,2093,112296650006361,112296651406921
1988,19.880000000,sine_f1,-0.068760108,2093,112296660007040,112296661402784
1989,19.890000000,sine_f1,-0.068957653,2093,112296670007060,112296671412841
1990,19.900000000,sine_f1,-0.069138184,2093,112296680007601,112296681406955
1991,19.910000000,sine_f1,-0.069301656,2093,112296690008899,112296691397060
1992,19.920000000,sine_f1,-0.069448029,2093,112296700006633,112296701399958
1993,19.930000000,sine_f1,-0.069577267,2093,112296710007216,112296711408231
1994,19.940000000,sine_f1,-0.069689338,2093,112296720006450,112296721399310
1995,19.950000000,sine_f1,-0.069784213,2093,112296730006245,112296731409003
1996,19.960000000,sine_f1,-0.069861871,2094,112296740006188,112296741402106
1997,19.970000000,sine_f1,-0.069922291,2094,112296750006921,112296751401133
1998,19.980000000,sine_f1,-0.069965459,2094,112296760006620,112296761403828
1999,19.990000000,sine_f1,-0.069991364,2094,112296770006768,112296771399448
2000,20.000000000,sine_f1,-0.070000000,2094,112296780006851,112296781400622
2001,20.010000000,sine_f1,-0.069991364,2094,112296790007363,112296791405861
2002,20.020000000,sine_f1,-0.069965459,2094,112296800009137,112296801402469
2003,20.030000000,sine_f1,-0.069922291,2094,112296810006541,112296811377726
2004,20.040000000,sine_f1,-0.069861871,2094,112296820006380,112296821382072
2005,20.050000000,sine_f1,-0.069784213,2093,112296830006419,112296831380031
2006,20.060000000,sine_f1,-0.069689338,2093,112296840006706,112296841378648
2007,20.070000000,sine_f1,-0.069577267,2093,112296850007297,112296851397772
2008,20.080000000,sine_f1,-0.069448029,2093,112296860006588,112296861380296
2009,20.090000000,sine_f1,-0.069301656,2093,112296870006520,112296871383136
2010,20.100000000,sine_f1,-0.069138184,2093,112296880006393,112296881384793
2011,20.110000000,sine_f1,-0.068957653,2093,112296890006836,112296891386733
2012,20.120000000,sine_f1,-0.068760108,2093,112296900008794,112296901387052
2013,20.130000000,sine_f1,-0.068545597,2093,112296910006134,112296911379871
2014,20.140000000,sine_f1,-0.068314173,2093,112296920006263,112296921382225
2015,20.150000000,sine_f1,-0.068065894,2092,112296930006334,112296931380812
2016,20.160000000,sine_f1,-0.067800821,2092,112296940006762,112296941384103
2017,20.170000000,sine_f1,-0.067519019,2092,112296950006883,112296951379389
2018,20.180000000,sine_f1,-0.067220558,2092,112296960011337,112296961333709
2019,20.190000000,sine_f1,-0.066905511,2092,112296970013256,112296971323072
2020,20.200000000,sine_f1,-0.066573956,2091,112296980008230,112296981287016
2021,20.210000000,sine_f1,-0.066225975,2091,112296990012449,112296991279649
2022,20.220000000,sine_f1,-0.065861654,2091,112297000015058,112297001285614
2023,20.230000000,sine_f1,-0.065481082,2091,112297010009005,112297011307408
2024,20.240000000,sine_f1,-0.065084354,2090,112297020006754,112297021313360
2025,20.250000000,sine_f1,-0.064671567,2090,112297030011037,112297031324770
2026,20.260000000,sine_f1,-0.064242824,2090,112297040088738,112297042338840
2027,20.270000000,sine_f1,-0.063798229,2090,112297050094350,112297052354049
2028,20.280000000,sine_f1,-0.063337894,2089,112297060086212,112297062510538
2029,20.290000000,sine_f1,-0.062861930,2089,112297070087551,112297072385326
2030,20.300000000,sine_f1,-0.062370457,2089,112297080086480,112297082515548
2031,20.310000000,sine_f1,-0.061863594,2088,112297090084961,112297092515326
2032,20.320000000,sine_f1,-0.061341468,2088,112297100091862,112297102515481
2033,20.330000000,sine_f1,-0.060804206,2088,112297110082349,112297112510723
2034,20.340000000,sine_f1,-0.060251942,2087,112297120092413,112297122515447
2035,20.350000000,sine_f1,-0.059684812,2087,112297130086415,112297132517499
2036,20.360000000,sine_f1,-0.059102955,2087,112297140086283,112297142397717
2037,20.370000000,sine_f1,-0.058506515,2086,112297150085027,112297152504961
2038,20.380000000,sine_f1,-0.057895640,2086,112297160085243,112297162515347
2039,20.390000000,sine_f1,-0.057270480,2085,112297170093104,112297172388771
2040,20.400000000,sine_f1,-0.056631190,2085,112297180103568,112297182508571
2041,20.410000000,sine_f1,-0.055977926,2084,112297190089271,112297192514696
2042,20.420000000,sine_f1,-0.055310851,2084,112297200105701,112297202509134
2043,20.430000000,sine_f1,-0.054630129,2084,112297210083776,112297212500174
2044,20.440000000,sine_f1,-0.053935927,2083,112297220092578,112297222403407
2045,20.450000000,sine_f1,-0.053228418,2083,112297230083334,112297232489873
2046,20.460000000,sine_f1,-0.052507775,2082,112297240085330,112297242501055
2047,20.470000000,sine_f1,-0.051774177,2082,112297250085614,112297252377856
2048,20.480000000,sine_f1,-0.051027804,2081,112297260090576,112297262492041
2049,20.490000000,sine_f1,-0.050268841,2081,112297270099723,112297272511287
2050,20.500000000,sine_f1,-0.049497475,2080,112297280032280,112297282395385
2051,20.510000000,sine_f1,-0.048713896,2080,112297290086152,112297292481828
2052,20.520000000,sine_f1,-0.047918297,2079,112297300092086,112297302491855
2053,20.530000000,sine_f1,-0.047110876,2079,112297310096661,112297312483838
2054,20.540000000,sine_f1,-0.046291831,2078,112297320089479,112297322487911
2055,20.550000000,sine_f1,-0.045461363,2078,112297330086823,112297332484412
2056,20.560000000,sine_f1,-0.044619679,2077,112297340085758,112297342492169
2057,20.570000000,sine_f1,-0.043766986,2077,112297350086067,112297352378463
2058,20.580000000,sine_f1,-0.042903494,2076,112297360085047,112297362376984
2059,20.590000000,sine_f1,-0.042029416,2075,112297370090000,112297372488289
2060,20.600000000,sine_f1,-0.041144968,2075,112297380084758,112297382378951
2061,20.610000000,sine_f1,-0.040250368,2074,112297390086645,112297392497154
2062,20.620000000,sine_f1,-0.039345836,2074,112297400087407,112297402489330
2063,20.630000000,sine_f1,-0.038431597,2073,112297410084404,112297412485924
2064,20.640000000,sine_f1,-0.037507876,2072,112297420035797,112297422482953
2065,20.650000000,sine_f1,-0.036574900,2072,112297430085950,112297432489687
2066,20.660000000,sine_f1,-0.035632899,2071,112297440085019,112297442375701
2067,20.670000000,sine_f1,-0.034682107,2071,112297450092919,112297452490512
2068,20.680000000,sine_f1,-0.033722757,2070,112297460085880,112297462381216
2069,20.690000000,sine_f1,-0.032755087,2069,112297470084394,112297472377619
2070,20.700000000,sine_f1,-0.031779335,2069,112297480094286,112297482483492
2071,20.710000000,sine_f1,-0.030795742,2068,112297490023775,112297492307510
2072,20.720000000,sine_f1,-0.029804550,2067,112297500009758,112297501290103
2073,20.730000000,sine_f1,-0.028806005,2067,112297510008749,112297511295784
2074,20.740000000,sine_f1,-0.027800352,2066,112297520006905,112297521309213
2075,20.750000000,sine_f1,-0.026787840,2065,112297530086574,112297532312082
2076,20.760000000,sine_f1,-0.025768719,2065,112297540090228,112297542314564
2077,20.770000000,sine_f1,-0.024743239,2064,112297550084486,112297552318174
2078,20.780000000,sine_f1,-0.023711654,2063,112297560092754,112297562311124
2079,20.790000000,sine_f1,-0.022674219,2063,112297570089502,112297572380930
2080,20.800000000,sine_f1,-0.021631190,2062,112297580085406,112297582382160
2081,20.810000000,sine_f1,-0.020582823,2061,112297590091623,112297592486773
2082,20.820000000,sine_f1,-0.019529377,2061,112297600085510,112297602378796
2083,20.830000000,sine_f1,-0.018471113,2060,112297610084143,112297612487565
2084,20.840000000,sine_f1,-0.017408292,2059,112297620023202,112297622374814
2085,20.850000000,sine_f1,-0.016341175,2059,112297630031226,112297632379159
2086,20.860000000,sine_f1,-0.015270027,2058,112297640085054,112297642354933
2087,20.870000000,sine_f1,-0.014195111,2057,112297650081467,112297652354930
2088,20.880000000,sine_f1,-0.013116692,2057,112297660083469,112297662484894
2089,20.890000000,sine_f1,-0.012035037,2056,112297670084269,112297672359429
2090,20.900000000,sine_f1,-0.010950413,2055,112297680084538,112297682383846
2091,20.910000000,sine_f1,-0.009863086,2054,112297690089946,112297692369930
2092,20.920000000,sine_f1,-0.008773326,2054,112297700037241,112297702354386
2093,20.930000000,sine_f1,-0.007681402,2053,112297710088496,112297712355397
2094,20.940000000,sine_f1,-0.006587582,2052,112297720090129,112297722356379
2095,20.950000000,sine_f1,-0.005492137,2052,112297730086463,112297732357707
2096,20.960000000,sine_f1,-0.004395336,2051,112297740085224,112297742355616
2097,20.970000000,sine_f1,-0.003297452,2050,112297750084720,112297752357054
2098,20.980000000,sine_f1,-0.002198753,2049,112297760084910,112297762494819
2099,20.990000000,sine_f1,-0.001099512,2049,112297770085314,112297772368292
2100,21.000000000,sine_f1,-0.000000000,2048,112297780090423,112297782366326
2101,21.010000000,center_after_f1,0.000000000,2048,112297790094210,112297792464008
2102,21.020000000,center_after_f1,0.000000000,2048,112297800097439,112297802462889
2103,21.030000000,center_after_f1,0.000000000,2048,112297810031101,112297812358396
2104,21.040000000,center_after_f1,0.000000000,2048,112297820086746,112297822356827
2105,21.050000000,center_after_f1,0.000000000,2048,112297830085271,112297832359752
2106,21.060000000,center_after_f1,0.000000000,2048,112297840085701,112297842359783
2107,21.070000000,center_after_f1,0.000000000,2048,112297850084181,112297852354776
2108,21.080000000,center_after_f1,0.000000000,2048,112297860088409,112297862356228
2109,21.090000000,center_after_f1,0.000000000,2048,112297870090875,112297872466065
2110,21.100000000,center_after_f1,0.000000000,2048,112297880084378,112297882357084
2111,21.110000000,center_after_f1,0.000000000,2048,112297890084251,112297892372232
2112,21.120000000,center_after_f1,0.000000000,2048,112297900089980,112297902469701
2113,21.130000000,center_after_f1,0.000000000,2048,112297910086451,112297912462524
2114,21.140000000,center_after_f1,0.000000000,2048,112297920031545,112297922363690
2115,21.150000000,center_after_f1,0.000000000,2048,112297930082383,112297932353375
2116,21.160000000,center_after_f1,0.000000000,2048,112297940089893,112297942356490
2117,21.170000000,center_after_f1,0.000000000,2048,112297950086623,112297952358329
2118,21.180000000,center_after_f1,0.000000000,2048,112297960088386,112297962355318
2119,21.190000000,center_after_f1,0.000000000,2048,112297970084164,112297972359281
2120,21.200000000,center_after_f1,0.000000000,2048,112297980090438,112297982356604
2121,21.210000000,center_after_f1,0.000000000,2048,112297990091413,112297992364092
2122,21.220000000,center_after_f1,0.000000000,2048,112298000083077,112298002362974
2123,21.230000000,center_after_f1,0.000000000,2048,112298010085575,112298012464419
2124,21.240000000,center_after_f1,0.000000000,2048,112298020089016,112298022462516
2125,21.250000000,center_after_f1,0.000000000,2048,112298030032740,112298032360990
2126,21.260000000,center_after_f1,0.000000000,2048,112298040091716,112298042487227
2127,21.270000000,center_after_f1,0.000000000,2048,112298050032127,112298052276919
2128,21.280000000,center_after_f1,0.000000000,2048,112298060082840,112298062291862
2129,21.290000000,center_after_f1,0.000000000,2048,112298070086825,112298072273906
2130,21.300000000,center_after_f1,0.000000000,2048,112298080080684,112298082277002
2131,21.310000000,center_after_f1,0.000000000,2048,112298090081733,112298092293794
2132,21.320000000,center_after_f1,0.000000000,2048,112298100083130,112298102280990
2133,21.330000000,center_after_f1,0.000000000,2048,112298110080920,112298112289543
2134,21.340000000,center_after_f1,0.000000000,2048,112298120083213,112298122273245
2135,21.350000000,center_after_f1,0.000000000,2048,112298130084007,112298132285179
2136,21.360000000,center_after_f1,0.000000000,2048,112298140032179,112298142272516
2137,21.370000000,center_after_f1,0.000000000,2048,112298150083018,112298152271663
2138,21.380000000,center_after_f1,0.000000000,2048,112298160082528,112298162271499
2139,21.390000000,center_after_f1,0.000000000,2048,112298170082563,112298172267568
2140,21.400000000,center_after_f1,0.000000000,2048,112298180081782,112298182273922
2141,21.410000000,center_after_f1,0.000000000,2048,112298190088694,112298192273512
2142,21.420000000,center_after_f1,0.000000000,2048,112298200091650,112298202280830
2143,21.430000000,center_after_f1,0.000000000,2048,112298210083867,112298212289960
2144,21.440000000,center_after_f1,0.000000000,2048,112298220085099,112298222283385
2145,21.450000000,center_after_f1,0.000000000,2048,112298230085113,112298232288359
2146,21.460000000,center_after_f1,0.000000000,2048,112298240085859,112298242275734
2147,21.470000000,center_after_f1,0.000000000,2048,112298250032262,112298252272716
2148,21.480000000,center_after_f1,0.000000000,2048,112298260084488,112298262263836
2149,21.490000000,center_after_f1,0.000000000,2048,112298270083090,112298272274963
2150,21.500000000,center_after_f1,0.000000000,2048,112298280088528,112298282268095
2151,21.510000000,center_after_f1,0.000000000,2048,112298290089501,112298292271969
2152,21.520000000,center_after_f1,0.000000000,2048,112298300079973,112298302274846
2153,21.530000000,center_after_f1,0.000000000,2048,112298310023001,112298312277188
2154,21.540000000,center_after_f1,0.000000000,2048,112298320009114,112298321242187
2155,21.550000000,center_after_f1,0.000000000,2048,112298330007184,112298331262782
2156,21.560000000,center_after_f1,0.000000000,2048,112298340006871,112298341261578
2157,21.570000000,center_after_f1,0.000000000,2048,112298350010036,112298351268218
2158,21.580000000,center_after_f1,0.000000000,2048,112298360006994,112298361263022
2159,21.590000000,center_after_f1,0.000000000,2048,112298370006916,112298371260941
2160,21.600000000,center_after_f1,0.000000000,2048,112298380007230,112298381266200
2161,21.610000000,center_after_f1,0.000000000,2048,112298390007198,112298391264071
2162,21.620000000,center_after_f1,0.000000000,2048,112298400012598,112298402269973
2163,21.630000000,center_after_f1,0.000000000,2048,112298410007787,112298411265975
2164,21.640000000,center_after_f1,0.000000000,2048,112298420006358,112298421260472
2165,21.650000000,center_after_f1,0.000000000,2048,112298430007014,112298431268780
2166,21.660000000,center_after_f1,0.000000000,2048,112298440006934,112298441261734
2167,21.670000000,center_after_f1,0.000000000,2048,112298450007061,112298451255751
2168,21.680000000,center_after_f1,0.000000000,2048,112298460006853,112298461261213
2169,21.690000000,center_after_f1,0.000000000,2048,112298470007069,112298471262464
2170,21.700000000,center_after_f1,0.000000000,2048,112298480006691,112298481268132
2171,21.710000000,center_after_f1,0.000000000,2048,112298490007012,112298492258199
2172,21.720000000,center_after_f1,0.000000000,2048,112298500009779,112298502258107
2173,21.730000000,center_after_f1,0.000000000,2048,112298510010337,112298511242782
2174,21.740000000,center_after_f1,0.000000000,2048,112298520006376,112298521261253
2175,21.750000000,center_after_f1,0.000000000,2048,112298530006356,112298531244363
2176,21.760000000,center_after_f1,0.000000000,2048,112298540006081,112298541236436
2177,21.770000000,center_after_f1,0.000000000,2048,112298550009878,112298551240636
2178,21.780000000,center_after_f1,0.000000000,2048,112298560006766,112298561236600
2179,21.790000000,center_after_f1,0.000000000,2048,112298570006829,112298571236922
2180,21.800000000,center_after_f1,0.000000000,2048,112298580007267,112298582235273
2181,21.810000000,center_after_f1,0.000000000,2048,112298590010864,112298592240918
2182,21.820000000,center_after_f1,0.000000000,2048,112298600007261,112298601240294
2183,21.830000000,center_after_f1,0.000000000,2048,112298610009682,112298612240457
2184,21.840000000,center_after_f1,0.000000000,2048,112298620010745,112298622240227
2185,21.850000000,center_after_f1,0.000000000,2048,112298630006578,112298632239555
2186,21.860000000,center_after_f1,0.000000000,2048,112298640006581,112298642239975
2187,21.870000000,center_after_f1,0.000000000,2048,112298650006349,112298652235706
2188,21.880000000,center_after_f1,0.000000000,2048,112298660007563,112298662238344
2189,21.890000000,center_after_f1,0.000000000,2048,112298670006613,112298672235639
2190,21.900000000,center_after_f1,0.000000000,2048,112298680006772,112298682239701
2191,21.910000000,center_after_f1,0.000000000,2048,112298690006519,112298692240261
2192,21.920000000,center_after_f1,0.000000000,2048,112298700006682,112298702236060
2193,21.930000000,center_after_f1,0.000000000,2048,112298710007187,112298712242481
2194,21.940000000,center_after_f1,0.000000000,2048,112298720008690,112298722240404
2195,21.950000000,center_after_f1,0.000000000,2048,112298730010027,112298732235429
2196,21.960000000,center_after_f1,0.000000000,2048,112298740006226,112298742240455
2197,21.970000000,center_after_f1,0.000000000,2048,112298750005977,112298752240437
2198,21.980000000,center_after_f1,0.000000000,2048,112298760007182,112298762238228
2199,21.990000000,center_after_f1,0.000000000,2048,112298770009552,112298772237393
2200,22.000000000,center_after_f1,0.000000000,2048,112298780006132,112298782236794
2201,22.010000000,sine_f2,0.000000000,2048,112298790006716,112298792237435
2202,22.020000000,sine_f2,0.001884646,2047,112298800006576,112298802240761
2203,22.030000000,sine_f2,0.003767431,2046,112298810006807,112298812236088
2204,22.040000000,sine_f2,0.005646499,2044,112298820006991,112298822248892
2205,22.050000000,sine_f2,0.007519994,2043,112298830009864,112298832238588
2206,22.060000000,sine_f2,0.009386068,2042,112298840010109,112298842235515
2207,22.070000000,sine_f2,0.011242879,2041,112298850006799,112298852238458
2208,22.080000000,sine_f2,0.013088594,2039,112298860007149,112298862240757
2209,22.090000000,sine_f2,0.014921393,2038,112298870006275,112298872219061
2210,22.100000000,sine_f2,0.016739466,2037,112298880009580,112298882238591
2211,22.110000000,sine_f2,0.018541020,2036,112298890008952,112298892236992
2212,22.120000000,sine_f2,0.020324275,2035,112298900006776,112298902220527
2213,22.130000000,sine_f2,0.022087473,2034,112298910006753,112298912235501
2214,22.140000000,sine_f2,0.023828873,2032,112298920006690,112298922240186
2215,22.150000000,sine_f2,0.025546757,2031,112298930006872,112298932237754
2216,22.160000000,sine_f2,0.027239430,2030,112298940008542,112298942234890
2217,22.170000000,sine_f2,0.028905220,2029,112298950007267,112298952219025
2218,22.180000000,sine_f2,0.030542485,2028,112298960006388,112298962218611
2219,22.190000000,sine_f2,0.032149608,2027,112298970011544,112298972226816
2220,22.200000000,sine_f2,0.033725003,2026,112298980006859,112298982221764
2221,22.210000000,sine_f2,0.035267115,2025,112298990009748,112298992224564
2222,22.220000000,sine_f2,0.036774423,2024,112299000009310,112299002219023
2223,22.230000000,sine_f2,0.038245439,2023,112299010008044,112299012218007
2224,22.240000000,sine_f2,0.039678712,2022,112299020006408,112299022216556
2225,22.250000000,sine_f2,0.041072826,2021,112299030006920,112299032217996
2226,22.260000000,sine_f2,0.042426407,2020,112299040007097,112299042219915
2227,22.270000000,sine_f2,0.043738118,2019,112299050009113,112299052215027
2228,22.280000000,sine_f2,0.045006664,2019,112299060008943,112299062219819
2229,22.290000000,sine_f2,0.046230795,2018,112299070006520,112299072218300
2230,22.300000000,sine_f2,0.047409301,2017,112299080006524,112299082213684
2231,22.310000000,sine_f2,0.048541020,2016,112299090010654,112299092214137
2232,22.320000000,sine_f2,0.049624834,2016,112299100006697,112299102218405
2233,22.330000000,sine_f2,0.050659676,2015,112299110009111,112299112213894
2234,22.340000000,sine_f2,0.051644522,2014,112299120006731,112299122214793
2235,22.350000000,sine_f2,0.052578401,2014,112299130007132,112299132220882
2236,22.360000000,sine_f2,0.053460391,2013,112299140007084,112299142219298
2237,22.370000000,sine_f2,0.054289623,2013,112299150009163,112299152219003
2238,22.380000000,sine_f2,0.055065278,2012,112299160009967,112299162219215
2239,22.390000000,sine_f2,0.055786589,2012,112299170006511,112299172223899
2240,22.400000000,sine_f2,0.056452846,2011,112299180006816,112299182218581
2241,22.410000000,sine_f2,0.057063391,2011,112299190009055,112299192218092
2242,22.420000000,sine_f2,0.057617621,2010,112299200008051,112299202216350
2243,22.430000000,sine_f2,0.058114990,2010,112299210006770,112299212213516
2244,22.440000000,sine_f2,0.058555006,2010,112299220006496,112299222215481
2245,22.450000000,sine_f2,0.058937235,2010,112299230006845,112299232218020
2246,22.460000000,sine_f2,0.059261300,2009,112299240006555,112299242219766
2247,22.470000000,sine_f2,0.059526882,2009,112299250009498,112299252214333
2248,22.480000000,sine_f2,0.059733718,2009,112299260009120,112299262217365
2249,22.490000000,sine_f2,0.059881604,2009,112299270006359,112299272221441
2250,22.500000000,sine_f2,0.059970394,2009,112299280006366,112299282219740
2251,22.510000000,sine_f2,0.060000000,2009,112299290006172,112299292218425
2252,22.520000000,sine_f2,0.059970394,2009,112299300006384,112299302220947
2253,22.530000000,sine_f2,0.059881604,2009,112299310006280,112299312215663
2254,22.540000000,sine_f2,0.059733718,2009,112299320008387,112299322215872
2255,22.550000000,sine_f2,0.059526882,2009,112299330006826,112299332215887
2256,22.560000000,sine_f2,0.059261300,2009,112299340006844,112299342217420
2257,22.570000000,sine_f2,0.058937235,2010,112299350006652,112299352215143
2258,22.580000000,sine_f2,0.058555006,2010,112299360006685,112299362213929
2259,22.590000000,sine_f2,0.058114990,2010,112299370009146,112299372218198
2260,22.600000000,sine_f2,0.057617621,2010,112299380009974,112299382219032
2261,22.610000000,sine_f2,0.057063391,2011,112299390006118,112299392201711
2262,22.620000000,sine_f2,0.056452846,2011,112299400005955,112299402198820
2263,22.630000000,sine_f2,0.055786589,2012,112299410006383,112299412199769
2264,22.640000000,sine_f2,0.055065278,2012,112299420006320,112299422200203
2265,22.650000000,sine_f2,0.054289623,2013,112299430010096,112299432196380
2266,22.660000000,sine_f2,0.053460391,2013,112299440006815,112299442193657
2267,22.670000000,sine_f2,0.052578401,2014,112299450006600,112299452196424
2268,22.680000000,sine_f2,0.051644522,2014,112299460006509,112299462198190
2269,22.690000000,sine_f2,0.050659676,2015,112299470006678,112299472198943
2270,22.700000000,sine_f2,0.049624834,2016,112299480009353,112299482194361
2271,22.710000000,sine_f2,0.048541020,2016,112299490016018,112299492203541
2272,22.720000000,sine_f2,0.047409301,2017,112299500008929,112299502197918
2273,22.730000000,sine_f2,0.046230795,2018,112299510006346,112299512198552
2274,22.740000000,sine_f2,0.045006664,2019,112299520006167,112299522200685
2275,22.750000000,sine_f2,0.043738118,2019,112299530008715,112299532196656
2276,22.760000000,sine_f2,0.042426407,2020,112299540006463,112299542196861
2277,22.770000000,sine_f2,0.041072826,2021,112299550006819,112299552194614
2278,22.780000000,sine_f2,0.039678712,2022,112299560006726,112299562197660
2279,22.790000000,sine_f2,0.038245439,2023,112299570006502,112299572194010
2280,22.800000000,sine_f2,0.036774423,2024,112299580009431,112299582194892
2281,22.810000000,sine_f2,0.035267115,2025,112299590009968,112299592195497
2282,22.820000000,sine_f2,0.033725003,2026,112299600006306,112299602201033
2283,22.830000000,sine_f2,0.032149608,2027,112299610008090,112299612255632
2284,22.840000000,sine_f2,0.030542485,2028,112299620006710,112299622256970
2285,22.850000000,sine_f2,0.028905220,2029,112299630006566,112299632258975
2286,22.860000000,sine_f2,0.027239430,2030,112299640008765,112299642254242
2287,22.870000000,sine_f2,0.025546757,2031,112299650006885,112299652255590
2288,22.880000000,sine_f2,0.023828873,2032,112299660007007,112299662252191
2289,22.890000000,sine_f2,0.022087473,2034,112299670007269,112299672262380
2290,22.900000000,sine_f2,0.020324275,2035,112299680009855,112299682252603
2291,22.910000000,sine_f2,0.018541020,2036,112299690006280,112299692251356
2292,22.920000000,sine_f2,0.016739466,2037,112299700006234,112299702253890
2293,22.930000000,sine_f2,0.014921393,2038,112299710006203,112299712259255
2294,22.940000000,sine_f2,0.013088594,2039,112299720006439,112299722250051
2295,22.950000000,sine_f2,0.011242879,2041,112299730006762,112299732249968
2296,22.960000000,sine_f2,0.009386068,2042,112299740006620,112299742254069
2297,22.970000000,sine_f2,0.007519994,2043,112299750009087,112299752256782
2298,22.980000000,sine_f2,0.005646499,2044,112299760007004,112299762252733
2299,22.990000000,sine_f2,0.003767431,2046,112299770006882,112299772257725
2300,23.000000000,sine_f2,0.001884646,2047,112299780007454,112299782257145
2301,23.010000000,sine_f2,0.000000000,2048,112299790007498,112299792238822
2302,23.020000000,sine_f2,-0.001884646,2049,112299800009095,112299802240407
2303,23.030000000,sine_f2,-0.003767431,2050,112299810006348,112299812238276
2304,23.040000000,sine_f2,-0.005646499,2052,112299820006271,112299822254053
2305,23.050000000,sine_f2,-0.007519994,2053,112299830006707,112299832251584
2306,23.060000000,sine_f2,-0.009386068,2054,112299840006754,112299842231017
2307,23.070000000,sine_f2,-0.011242879,2055,112299850009427,112299852238048
2308,23.080000000,sine_f2,-0.013088594,2057,112299860007225,112299862237381
2309,23.090000000,sine_f2,-0.014921393,2058,112299870009912,112299872197389
2310,23.100000000,sine_f2,-0.016739466,2059,112299880006928,112299882234188
2311,23.110000000,sine_f2,-0.018541020,2060,112299890006624,112299892233382
2312,23.120000000,sine_f2,-0.020324275,2061,112299900007145,112299902244264
2313,23.130000000,sine_f2,-0.022087473,2062,112299910008401,112299912245853
2314,23.140000000,sine_f2,-0.023828873,2064,112299920006360,112299922195847
2315,23.150000000,sine_f2,-0.025546757,2065,112299930006998,112299932227062
2316,23.160000000,sine_f2,-0.027239430,2066,112299940006608,112299942250693
2317,23.170000000,sine_f2,-0.028905220,2067,112299950010683,112299952232740
2318,23.180000000,sine_f2,-0.030542485,2068,112299960006321,112299962231044
2319,23.190000000,sine_f2,-0.032149608,2069,112299970009592,112299972245873
2320,23.200000000,sine_f2,-0.033725003,2070,112299980006651,112299982232813
2321,23.210000000,sine_f2,-0.035267115,2071,112299990006938,112299992240453
2322,23.220000000,sine_f2,-0.036774423,2072,112300000006851,112300002233551
2323,23.230000000,sine_f2,-0.038245439,2073,112300010008381,112300012236829
2324,23.240000000,sine_f2,-0.039678712,2074,112300020005629,112300022186396
2325,23.250000000,sine_f2,-0.041072826,2075,112300030006752,112300032229060
2326,23.260000000,sine_f2,-0.042426407,2076,112300040006586,112300042233674
2327,23.270000000,sine_f2,-0.043738118,2077,112300050006630,112300052232987
2328,23.280000000,sine_f2,-0.045006664,2077,112300060009268,112300062236708
2329,23.290000000,sine_f2,-0.046230795,2078,112300070006399,112300072247857
2330,23.300000000,sine_f2,-0.047409301,2079,112300080006415,112300082245041
2331,23.310000000,sine_f2,-0.048541020,2080,112300090010093,112300092186859
2332,23.320000000,sine_f2,-0.049624834,2080,112300100006468,112300102178218
2333,23.330000000,sine_f2,-0.050659676,2081,112300110010005,112300112180359
2334,23.340000000,sine_f2,-0.051644522,2082,112300120009156,112300122175875
2335,23.350000000,sine_f2,-0.052578401,2082,112300130006333,112300132175484
2336,23.360000000,sine_f2,-0.053460391,2083,112300140006377,112300142157958
2337,23.370000000,sine_f2,-0.054289623,2083,112300150006669,112300152172792
2338,23.380000000,sine_f2,-0.055065278,2084,112300160010519,112300162236727
2339,23.390000000,sine_f2,-0.055786589,2084,112300170007093,112300172201102
2340,23.400000000,sine_f2,-0.056452846,2085,112300180010093,112300182184628
2341,23.410000000,sine_f2,-0.057063391,2085,112300190007456,112300192224017
2342,23.420000000,sine_f2,-0.057617621,2086,112300200007028,112300202215635
2343,23.430000000,sine_f2,-0.058114990,2086,112300210008465,112300212216304
2344,23.440000000,sine_f2,-0.058555006,2086,112300220010710,112300222225619
2345,23.450000000,sine_f2,-0.058937235,2086,112300230009424,112300232220921
2346,23.460000000,sine_f2,-0.059261300,2087,112300240006893,112300242220830
2347,23.470000000,sine_f2,-0.059526882,2087,112300250006644,112300252214477
2348,23.480000000,sine_f2,-0.059733718,2087,112300260006395,112300262216922
2349,23.490000000,sine_f2,-0.059881604,2087,112300270006447,112300272169121
2350,23.500000000,sine_f2,-0.059970394,2087,112300280006741,112300282213690
2351,23.510000000,sine_f2,-0.060000000,2087,112300290009111,112300292217924
2352,23.520000000,sine_f2,-0.059970394,2087,112300300006968,112300302215517
2353,23.530000000,sine_f2,-0.059881604,2087,112300310006546,112300312225309
2354,23.540000000,sine_f2,-0.059733718,2087,112300320006953,112300322168426
2355,23.550000000,sine_f2,-0.059526882,2087,112300330009850,112300332221048
2356,23.560000000,sine_f2,-0.059261300,2087,112300340009155,112300342164552
2357,23.570000000,sine_f2,-0.058937235,2086,112300350006473,112300352215266
2358,23.580000000,sine_f2,-0.058555006,2086,112300360006411,112300362223160
2359,23.590000000,sine_f2,-0.058114990,2086,112300370006642,112300372169598
2360,23.600000000,sine_f2,-0.057617621,2086,112300380006525,112300382220291
2361,23.610000000,sine_f2,-0.057063391,2085,112300390008701,112300392217677
2362,23.620000000,sine_f2,-0.056452846,2085,112300400006861,112300402217206
2363,23.630000000,sine_f2,-0.055786589,2084,112300410006676,112300412215883
2364,23.640000000,sine_f2,-0.055065278,2084,112300420006721,112300422230955
2365,23.650000000,sine_f2,-0.054289623,2083,112300430007214,112300432220564
2366,23.660000000,sine_f2,-0.053460391,2083,112300440007280,112300442224164
2367,23.670000000,sine_f2,-0.052578401,2082,112300450009220,112300452212213
2368,23.680000000,sine_f2,-0.051644522,2082,112300460006475,112300462216816
2369,23.690000000,sine_f2,-0.050659676,2081,112300470006658,112300472169683
2370,23.700000000,sine_f2,-0.049624834,2080,112300480006658,112300482217056
2371,23.710000000,sine_f2,-0.048541020,2080,112300490006513,112300492230886
2372,23.720000000,sine_f2,-0.047409301,2079,112300500007753,112300502215751
2373,23.730000000,sine_f2,-0.046230795,2078,112300510009389,112300512214278
2374,23.740000000,sine_f2,-0.045006664,2077,112300520006285,112300522167238
2375,23.750000000,sine_f2,-0.043738118,2077,112300530006701,112300532217102
2376,23.760000000,sine_f2,-0.042426407,2076,112300540007246,112300542196766
2377,23.770000000,sine_f2,-0.041072826,2075,112300550007019,112300552196687
2378,23.780000000,sine_f2,-0.039678712,2074,112300560009141,112300562197413
2379,23.790000000,sine_f2,-0.038245439,2073,112300570006550,112300572165721
2380,23.800000000,sine_f2,-0.036774423,2072,112300580006543,112300582152826
2381,23.810000000,sine_f2,-0.035267115,2071,112300590012137,112300592168698
2382,23.820000000,sine_f2,-0.033725003,2070,112300600009222,112300602198298
2383,23.830000000,sine_f2,-0.032149608,2069,112300610006673,112300612196571
2384,23.840000000,sine_f2,-0.030542485,2068,112300620007045,112300622145449
2385,23.850000000,sine_f2,-0.028905220,2067,112300630006740,112300632193857
2386,23.860000000,sine_f2,-0.027239430,2066,112300640009761,112300642196722
2387,23.870000000,sine_f2,-0.025546757,2065,112300650008718,112300652202689
2388,23.880000000,sine_f2,-0.023828873,2064,112300660006779,112300662198079
2389,23.890000000,sine_f2,-0.022087473,2062,112300670006492,112300672155664
2390,23.900000000,sine_f2,-0.020324275,2061,112300680006751,112300682150599
2391,23.910000000,sine_f2,-0.018541020,2060,112300690006699,112300692152826
2392,23.920000000,sine_f2,-0.016739466,2059,112300700009214,112300702198698
2393,23.930000000,sine_f2,-0.014921393,2058,112300710007166,112300712195381
2394,23.940000000,sine_f2,-0.013088594,2057,112300720007357,112300722198808
2395,23.950000000,sine_f2,-0.011242879,2055,112300730007391,112300732195735
2396,23.960000000,sine_f2,-0.009386068,2054,112300740007532,112300742157085
2397,23.970000000,sine_f2,-0.007519994,2053,112300750009180,112300752194288
2398,23.980000000,sine_f2,-0.005646499,2052,112300760006331,112300762196627
2399,23.990000000,sine_f2,-0.003767431,2050,112300770006455,112300772196167
2400,24.000000000,sine_f2,-0.001884646,2049,112300780006375,112300782202089
2401,24.010000000,sine_f2,-0.000000000,2048,112300790006687,112300792198976
2402,24.020000000,sine_f2,0.001884646,2047,112300800009082,112300802195937
2403,24.030000000,sine_f2,0.003767431,2046,112300810010948,112300812159700
2404,24.040000000,sine_f2,0.005646499,2044,112300820007434,112300822138300
2405,24.050000000,sine_f2,0.007519994,2043,112300830007096,112300832136855
2406,24.060000000,sine_f2,0.009386068,2042,112300840006859,112300842139247
2407,24.070000000,sine_f2,0.011242879,2041,112300850007591,112300852141606
2408,24.080000000,sine_f2,0.013088594,2039,112300860009521,112300862138533
2409,24.090000000,sine_f2,0.014921393,2038,112300870006274,112300872139356
2410,24.100000000,sine_f2,0.016739466,2037,112300880006435,112300882137572
2411,24.110000000,sine_f2,0.018541020,2036,112300890006508,112300892139350
2412,24.120000000,sine_f2,0.020324275,2035,112300900006205,112300902139651
2413,24.130000000,sine_f2,0.022087473,2034,112300910006236,112300912135033
2414,24.140000000,sine_f2,0.023828873,2032,112300920009273,112300922135652
2415,24.150000000,sine_f2,0.025546757,2031,112300930006957,112300932135980
2416,24.160000000,sine_f2,0.027239430,2030,112300940006713,112300942139776
2417,24.170000000,sine_f2,0.028905220,2029,112300950010194,112300952138516
2418,24.180000000,sine_f2,0.030542485,2028,112300960009483,112300962118319
2419,24.190000000,sine_f2,0.032149608,2027,112300970007119,112300972163156
2420,24.200000000,sine_f2,0.033725003,2026,112300980007616,112300982068000
2421,24.210000000,sine_f2,0.035267115,2025,112300990014546,112300992069386
2422,24.220000000,sine_f2,0.036774423,2024,112301000011566,112301002072801
2423,24.230000000,sine_f2,0.038245439,2023,112301010011743,112301012079291
2424,24.240000000,sine_f2,0.039678712,2022,112301020010440,112301022080915
2425,24.250000000,sine_f2,0.041072826,2021,112301030006861,112301032083539
2426,24.260000000,sine_f2,0.042426407,2020,112301040010428,112301042083360
2427,24.270000000,sine_f2,0.043738118,2019,112301050013410,112301052092204
2428,24.280000000,sine_f2,0.045006664,2019,112301060086612,112301062131395
2429,24.290000000,sine_f2,0.046230795,2018,112301070087127,112301072146530
2430,24.300000000,sine_f2,0.047409301,2017,112301080084074,112301082125604
2431,24.310000000,sine_f2,0.048541020,2016,112301090090202,112301092138040
2432,24.320000000,sine_f2,0.049624834,2016,112301100083488,112301102140334
2433,24.330000000,sine_f2,0.050659676,2015,112301110083688,112301112125162
2434,24.340000000,sine_f2,0.051644522,2014,112301120084303,112301122127150
2435,24.350000000,sine_f2,0.052578401,2014,112301130090506,112301132126737
2436,24.360000000,sine_f2,0.053460391,2013,112301140083952,112301142139842
2437,24.370000000,sine_f2,0.054289623,2013,112301150090884,112301152123639
2438,24.380000000,sine_f2,0.055065278,2012,112301160087147,112301162124834
2439,24.390000000,sine_f2,0.055786589,2012,112301170088509,112301172123544
2440,24.400000000,sine_f2,0.056452846,2011,112301180083357,112301182144308
2441,24.410000000,sine_f2,0.057063391,2011,112301190084016,112301192140834
2442,24.420000000,sine_f2,0.057617621,2010,112301200092889,112301202123566
2443,24.430000000,sine_f2,0.058114990,2010,112301210084630,112301212124134
2444,24.440000000,sine_f2,0.058555006,2010,112301220085149,112301222137735
2445,24.450000000,sine_f2,0.058937235,2010,112301230085576,112301232122587
2446,24.460000000,sine_f2,0.059261300,2009,112301240081957,112301242124195
2447,24.470000000,sine_f2,0.059526882,2009,112301250086305,112301252143201
2448,24.480000000,sine_f2,0.059733718,2009,112301260091879,112301262144311
2449,24.490000000,sine_f2,0.059881604,2009,112301270092104,112301272125357
2450,24.500000000,sine_f2,0.059970394,2009,112301280090735,112301282140915
2451,24.510000000,sine_f2,0.060000000,2009,112301290083865,112301292134548
2452,24.520000000,sine_f2,0.059970394,2009,112301300084264,112301302121563
2453,24.530000000,sine_f2,0.059881604,2009,112301310104110,112301312124412
2454,24.540000000,sine_f2,0.059733718,2009,112301320090772,112301322125128
2455,24.550000000,sine_f2,0.059526882,2009,112301330092374,112301332123902
2456,24.560000000,sine_f2,0.059261300,2009,112301340085844,112301342126365
2457,24.570000000,sine_f2,0.058937235,2010,112301350082563,112301352147323
2458,24.580000000,sine_f2,0.058555006,2010,112301360091371,112301362123430
2459,24.590000000,sine_f2,0.058114990,2010,112301370083993,112301372190472
2460,24.600000000,sine_f2,0.057617621,2010,112301380084727,112301382192172
2461,24.610000000,sine_f2,0.057063391,2011,112301390102517,112301392184675
2462,24.620000000,sine_f2,0.056452846,2011,112301400008318,112301402153173
2463,24.630000000,sine_f2,0.055786589,2012,112301410016346,112301412176052
2464,24.640000000,sine_f2,0.055065278,2012,112301420007492,112301422101221
2465,24.650000000,sine_f2,0.054289623,2013,112301430007557,112301432133143
2466,24.660000000,sine_f2,0.053460391,2013,112301440007310,112301442156307
2467,24.670000000,sine_f2,0.052578401,2014,112301450007471,112301452154680
2468,24.680000000,sine_f2,0.051644522,2014,112301460009841,112301462151768
2469,24.690000000,sine_f2,0.050659676,2015,112301470006748,112301472139050
2470,24.700000000,sine_f2,0.049624834,2016,112301480006750,112301482155503
2471,24.710000000,sine_f2,0.048541020,2016,112301490006833,112301492166486
2472,24.720000000,sine_f2,0.047409301,2017,112301500009779,112301502096924
2473,24.730000000,sine_f2,0.046230795,2018,112301510010003,112301512095096
2474,24.740000000,sine_f2,0.045006664,2019,112301520007005,112301522098451
2475,24.750000000,sine_f2,0.043738118,2019,112301530007119,112301532095304
2476,24.760000000,sine_f2,0.042426407,2020,112301540006826,112301542098068
2477,24.770000000,sine_f2,0.041072826,2021,112301550009560,112301552092744
2478,24.780000000,sine_f2,0.039678712,2022,112301560009580,112301562097573
2479,24.790000000,sine_f2,0.038245439,2023,112301570006437,112301572095346
2480,24.800000000,sine_f2,0.036774423,2024,112301580007921,112301582098603
2481,24.810000000,sine_f2,0.035267115,2025,112301590013595,112301592095947
2482,24.820000000,sine_f2,0.033725003,2026,112301600007018,112301602098903
2483,24.830000000,sine_f2,0.032149608,2027,112301610006862,112301612096586
2484,24.840000000,sine_f2,0.030542485,2028,112301620009252,112301622095003
2485,24.850000000,sine_f2,0.028905220,2029,112301630007392,112301632094026
2486,24.860000000,sine_f2,0.027239430,2030,112301640007065,112301642095239
2487,24.870000000,sine_f2,0.025546757,2031,112301650006920,112301652094339
2488,24.880000000,sine_f2,0.023828873,2032,112301660007024,112301662095059
2489,24.890000000,sine_f2,0.022087473,2034,112301670009166,112301672096285
2490,24.900000000,sine_f2,0.020324275,2035,112301680007127,112301682099783
2491,24.910000000,sine_f2,0.018541020,2036,112301690009457,112301692096030
2492,24.920000000,sine_f2,0.016739466,2037,112301700006663,112301702096064
2493,24.930000000,sine_f2,0.014921393,2038,112301710006734,112301712097197
2494,24.940000000,sine_f2,0.013088594,2039,112301720006667,112301722093710
2495,24.950000000,sine_f2,0.011242879,2041,112301730008549,112301732096467
2496,24.960000000,sine_f2,0.009386068,2042,112301740007152,112301742091903
2497,24.970000000,sine_f2,0.007519994,2043,112301750007549,112301752095686
2498,24.980000000,sine_f2,0.005646499,2044,112301760007035,112301762096845
2499,24.990000000,sine_f2,0.003767431,2046,112301770007022,112301772096889
2500,25.000000000,sine_f2,0.001884646,2047,112301780009097,112301782095835
2501,25.010000000,sine_f2,0.000000000,2048,112301790006613,112301792096415
2502,25.020000000,sine_f2,-0.001884646,2049,112301800006817,112301802073832
2503,25.030000000,sine_f2,-0.003767431,2050,112301810006792,112301812071848
2504,25.040000000,sine_f2,-0.005646499,2052,112301820006483,112301822074092
2505,25.050000000,sine_f2,-0.007519994,2053,112301830007040,112301832073542
2506,25.060000000,sine_f2,-0.009386068,2054,112301840009090,112301842077824
2507,25.070000000,sine_f2,-0.011242879,2055,112301850006874,112301852076953
2508,25.080000000,sine_f2,-0.013088594,2057,112301860007769,112301862075729
2509,25.090000000,sine_f2,-0.014921393,2058,112301870007321,112301872075383
2510,25.100000000,sine_f2,-0.016739466,2059,112301880010021,112301882079191
2511,25.110000000,sine_f2,-0.018541020,2060,112301890009129,112301892077525
2512,25.120000000,sine_f2,-0.020324275,2061,112301900006970,112301902075337
2513,25.130000000,sine_f2,-0.022087473,2062,112301910007014,112301912075998
2514,25.140000000,sine_f2,-0.023828873,2064,112301920006951,112301922074707
2515,25.150000000,sine_f2,-0.025546757,2065,112301930009969,112301932078613
2516,25.160000000,sine_f2,-0.027239430,2066,112301940006909,112301942076487
2517,25.170000000,sine_f2,-0.028905220,2067,112301950010021,112301952071590
2518,25.180000000,sine_f2,-0.030542485,2068,112301960007445,112301962073480
2519,25.190000000,sine_f2,-0.032149608,2069,112301970006844,112301972074364
2520,25.200000000,sine_f2,-0.033725003,2070,112301980008587,112301982076173
2521,25.210000000,sine_f2,-0.035267115,2071,112301990008483,112301992074777
2522,25.220000000,sine_f2,-0.036774423,2072,112302000006824,112302002072938
2523,25.230000000,sine_f2,-0.038245439,2073,112302010015901,112302012079826
2524,25.240000000,sine_f2,-0.039678712,2074,112302020006909,112302022076159
2525,25.250000000,sine_f2,-0.041072826,2075,112302030007159,112302032074500
2526,25.260000000,sine_f2,-0.042426407,2076,112302040007329,112302042076907
2527,25.270000000,sine_f2,-0.043738118,2077,112302050010328,112302052073576
2528,25.280000000,sine_f2,-0.045006664,2077,112302060006941,112302062072893
2529,25.290000000,sine_f2,-0.046230795,2078,112302070007835,112302072075379
2530,25.300000000,sine_f2,-0.047409301,2079,112302080007309,112302082076102
2531,25.310000000,sine_f2,-0.048541020,2080,112302090010938,112302092075294
2532,25.320000000,sine_f2,-0.049624834,2080,112302100007091,112302102074438
2533,25.330000000,sine_f2,-0.050659676,2081,112302110007099,112302112076466
2534,25.340000000,sine_f2,-0.051644522,2082,112302120007045,112302122070903
2535,25.350000000,sine_f2,-0.052578401,2082,112302130006570,112302132072407
2536,25.360000000,sine_f2,-0.053460391,2083,112302140006658,112302142073899
2537,25.370000000,sine_f2,-0.054289623,2083,112302150006685,112302152074420
2538,25.380000000,sine_f2,-0.055065278,2084,112302160011252,112302162073819
2539,25.390000000,sine_f2,-0.055786589,2084,112302170006882,112302172077976
2540,25.400000000,sine_f2,-0.056452846,2085,112302180007123,112302182072702
2541,25.410000000,sine_f2,-0.057063391,2085,112302190007862,112302192075422
2542,25.420000000,sine_f2,-0.057617621,2086,112302200007335,112302202077396
2543,25.430000000,sine_f2,-0.058114990,2086,112302210009539,112302212046809
2544,25.440000000,sine_f2,-0.058555006,2086,112302220010313,112302222055824
2545,25.450000000,sine_f2,-0.058937235,2086,112302230008026,112302232056719
2546,25.460000000,sine_f2,-0.059261300,2087,112302240007699,112302242069955
2547,25.470000000,sine_f2,-0.059526882,2087,112302250009620,112302252055357
2548,25.480000000,sine_f2,-0.059733718,2087,112302260010223,112302262072188
2549,25.490000000,sine_f2,-0.059881604,2087,112302270011092,112302272047082
2550,25.500000000,sine_f2,-0.059970394,2087,112302280009676,112302282047995
2551,25.510000000,sine_f2,-0.060000000,2087,112302290011099,112302292053674
2552,25.520000000,sine_f2,-0.059970394,2087,112302300010043,112302302046063
2553,25.530000000,sine_f2,-0.059881604,2087,112302310010104,112302312053477
2554,25.540000000,sine_f2,-0.059733718,2087,112302320009583,112302322052840
2555,25.550000000,sine_f2,-0.059526882,2087,112302330009767,112302332066589
2556,25.560000000,sine_f2,-0.059261300,2087,112302340010184,112302342052917
2557,25.570000000,sine_f2,-0.058937235,2086,112302350009702,112302352064955
2558,25.580000000,sine_f2,-0.058555006,2086,112302360010518,112302362069751
2559,25.590000000,sine_f2,-0.058114990,2086,112302370009611,112302372046531
2560,25.600000000,sine_f2,-0.057617621,2086,112302380009914,112302382051821
2561,25.610000000,sine_f2,-0.057063391,2085,112302390009359,112302392057109
2562,25.620000000,sine_f2,-0.056452846,2085,112302400010903,112302402058079
2563,25.630000000,sine_f2,-0.055786589,2084,112302410010117,112302412053421
2564,25.640000000,sine_f2,-0.055065278,2084,112302420010169,112302422056442
2565,25.650000000,sine_f2,-0.054289623,2083,112302430009139,112302432052522
2566,25.660000000,sine_f2,-0.053460391,2083,112302440009564,112302442069958
2567,25.670000000,sine_f2,-0.052578401,2082,112302450010356,112302452068157
2568,25.680000000,sine_f2,-0.051644522,2082,112302460010223,112302462073947
2569,25.690000000,sine_f2,-0.050659676,2081,112302470009848,112302472055136
2570,25.700000000,sine_f2,-0.049624834,2080,112302480009259,112302482048842
2571,25.710000000,sine_f2,-0.048541020,2080,112302490010662,112302492047324
2572,25.720000000,sine_f2,-0.047409301,2079,112302500011077,112302502052395
2573,25.730000000,sine_f2,-0.046230795,2078,112302510009798,112302512054832
2574,25.740000000,sine_f2,-0.045006664,2077,112302520009417,112302522046853
2575,25.750000000,sine_f2,-0.043738118,2077,112302530009772,112302532057093
2576,25.760000000,sine_f2,-0.042426407,2076,112302540009147,112302542065296
2577,25.770000000,sine_f2,-0.041072826,2075,112302550009772,112302552058360
2578,25.780000000,sine_f2,-0.039678712,2074,112302560009806,112302562070610
2579,25.790000000,sine_f2,-0.038245439,2073,112302570010006,112302572064068
2580,25.800000000,sine_f2,-0.036774423,2072,112302580010637,112302582052790
2581,25.810000000,sine_f2,-0.035267115,2071,112302590011562,112302592065629
2582,25.820000000,sine_f2,-0.033725003,2070,112302600011086,112302602053157
2583,25.830000000,sine_f2,-0.032149608,2069,112302610013597,112302612063571
2584,25.840000000,sine_f2,-0.030542485,2068,112302620010452,112302622054784
2585,25.850000000,sine_f2,-0.028905220,2067,112302630010233,112302632060243
2586,25.860000000,sine_f2,-0.027239430,2066,112302640006452,112302642038573
2587,25.870000000,sine_f2,-0.025546757,2065,112302650006498,112302652067198
2588,25.880000000,sine_f2,-0.023828873,2064,112302660007180,112302662041395
2589,25.890000000,sine_f2,-0.022087473,2062,112302670006870,112302672043599
2590,25.900000000,sine_f2,-0.020324275,2061,112302680006833,112302682039670
2591,25.910000000,sine_f2,-0.018541020,2060,112302690006884,112302692037797
2592,25.920000000,sine_f2,-0.016739466,2059,112302700006693,112302702037408
2593,25.930000000,sine_f2,-0.014921393,2058,112302710008659,112302712040321
2594,25.940000000,sine_f2,-0.013088594,2057,112302720006703,112302722040630
2595,25.950000000,sine_f2,-0.011242879,2055,112302730006502,112302732039149
2596,25.960000000,sine_f2,-0.009386068,2054,112302740007368,112302742037985
2597,25.970000000,sine_f2,-0.007519994,2053,112302750007054,112302752040712
2598,25.980000000,sine_f2,-0.005646499,2052,112302760007201,112302762043998
2599,25.990000000,sine_f2,-0.003767431,2050,112302770007126,112302772039855
2600,26.000000000,sine_f2,-0.001884646,2049,112302780006510,112302782051626
2601,26.010000000,sine_f2,-0.000000000,2048,112302790007158,112302792042184
2602,26.020000000,sine_f2,0.001884646,2047,112302800007233,112302802038390
2603,26.030000000,sine_f2,0.003767431,2046,112302810009435,112302812041580
2604,26.040000000,sine_f2,0.005646499,2044,112302820006722,112302822035897
2605,26.050000000,sine_f2,0.007519994,2043,112302830006362,112302832042863
2606,26.060000000,sine_f2,0.009386068,2042,112302840006523,112302842044321
2607,26.070000000,sine_f2,0.011242879,2041,112302850006411,112302852037029
2608,26.080000000,sine_f2,0.013088594,2039,112302860010242,112302862041339
2609,26.090000000,sine_f2,0.014921393,2038,112302870006776,112302872043421
2610,26.100000000,sine_f2,0.016739466,2037,112302880006971,112302882040792
2611,26.110000000,sine_f2,0.018541020,2036,112302890006743,112302892039881
2612,26.120000000,sine_f2,0.020324275,2035,112302900006549,112302902032854
2613,26.130000000,sine_f2,0.022087473,2034,112302910006865,112302912036255
2614,26.140000000,sine_f2,0.023828873,2032,112302920008674,112302922044249
2615,26.150000000,sine_f2,0.025546757,2031,112302930006489,112302932037263
2616,26.160000000,sine_f2,0.027239430,2030,112302940007023,112302942044747
2617,26.170000000,sine_f2,0.028905220,2029,112302950007351,112302952038715
2618,26.180000000,sine_f2,0.030542485,2028,112302960006411,112302962036414
2619,26.190000000,sine_f2,0.032149608,2027,112302970006254,112302972041754
2620,26.200000000,sine_f2,0.033725003,2026,112302980006463,112302982058390
2621,26.210000000,sine_f2,0.035267115,2025,112302990006404,112302992041430
2622,26.220000000,sine_f2,0.036774423,2024,112303000006967,112303002038013
2623,26.230000000,sine_f2,0.038245439,2023,112303010013396,112303012044869
2624,26.240000000,sine_f2,0.039678712,2022,112303020007569,112303022034309
2625,26.250000000,sine_f2,0.041072826,2021,112303030008757,112303032043814
2626,26.260000000,sine_f2,0.042426407,2020,112303040009067,112303042035489
2627,26.270000000,sine_f2,0.043738118,2019,112303050006332,112303052023606
2628,26.280000000,sine_f2,0.045006664,2019,112303060006524,112303062039096
2629,26.290000000,sine_f2,0.046230795,2018,112303070006524,112303072036965
2630,26.300000000,sine_f2,0.047409301,2017,112303080006773,112303082043002
2631,26.310000000,sine_f2,0.048541020,2016,112303090011006,112303092024906
2632,26.320000000,sine_f2,0.049624834,2016,112303100007113,112303102022360
2633,26.330000000,sine_f2,0.050659676,2015,112303110006791,112303112013910
2634,26.340000000,sine_f2,0.051644522,2014,112303120007004,112303122016154
2635,26.350000000,sine_f2,0.052578401,2014,112303130009170,112303132017902
2636,26.360000000,sine_f2,0.053460391,2013,112303140006394,112303142019968
2637,26.370000000,sine_f2,0.054289623,2013,112303150006696,112303152024411
2638,26.380000000,sine_f2,0.055065278,2012,112303160006592,112303162018247
2639,26.390000000,sine_f2,0.055786589,2012,112303170008268,112303172027746
2640,26.400000000,sine_f2,0.056452846,2011,112303180006740,112303182016540
2641,26.410000000,sine_f2,0.057063391,2011,112303190011447,112303192023780
2642,26.420000000,sine_f2,0.057617621,2010,112303200006898,112303202024847
2643,26.430000000,sine_f2,0.058114990,2010,112303210006636,112303212091227
2644,26.440000000,sine_f2,0.058555006,2010,112303220007998,112303222078792
2645,26.450000000,sine_f2,0.058937235,2010,112303230059476,112303232091194
2646,26.460000000,sine_f2,0.059261300,2009,112303240007142,112303242074399
2647,26.470000000,sine_f2,0.059526882,2009,112303250006269,112303252080238
2648,26.480000000,sine_f2,0.059733718,2009,112303260006733,112303262080250
2649,26.490000000,sine_f2,0.059881604,2009,112303270009012,112303272078147
2650,26.500000000,sine_f2,0.059970394,2009,112303280006566,112303282081178
2651,26.510000000,sine_f2,0.060000000,2009,112303290006378,112303292093574
2652,26.520000000,sine_f2,0.059970394,2009,112303300006530,112303302077610
2653,26.530000000,sine_f2,0.059881604,2009,112303310009438,112303312081826
2654,26.540000000,sine_f2,0.059733718,2009,112303320006689,112303322077321
2655,26.550000000,sine_f2,0.059526882,2009,112303330006710,112303332088857
2656,26.560000000,sine_f2,0.059261300,2009,112303340008857,112303342084821
2657,26.570000000,sine_f2,0.058937235,2010,112303350005958,112303352081311
2658,26.580000000,sine_f2,0.058555006,2010,112303360006337,112303362075330
2659,26.590000000,sine_f2,0.058114990,2010,112303370006324,112303372075107
2660,26.600000000,sine_f2,0.057617621,2010,112303380006764,112303382079518
2661,26.610000000,sine_f2,0.057063391,2011,112303390006956,112303392093305
2662,26.620000000,sine_f2,0.056452846,2011,112303400006956,112303402084594
2663,26.630000000,sine_f2,0.055786589,2012,112303410006554,112303412085536
2664,26.640000000,sine_f2,0.055065278,2012,112303420006469,112303422038368
2665,26.650000000,sine_f2,0.054289623,2013,112303430007612,112303432088709
2666,26.660000000,sine_f2,0.053460391,2013,112303440009577,112303442076783
2667,26.670000000,sine_f2,0.052578401,2014,112303450006236,112303452082216
2668,26.680000000,sine_f2,0.051644522,2014,112303460006638,112303462065865
2669,26.690000000,sine_f2,0.050659676,2015,112303470006334,112303472027581
2670,26.700000000,sine_f2,0.049624834,2016,112303480006335,112303482063694
2671,26.710000000,sine_f2,0.048541020,2016,112303490006452,112303492074459
2672,26.720000000,sine_f2,0.047409301,2017,112303500010107,112303501993075
2673,26.730000000,sine_f2,0.046230795,2018,112303510006859,112303511989099
2674,26.740000000,sine_f2,0.045006664,2019,112303520006643,112303521982037
2675,26.750000000,sine_f2,0.043738118,2019,112303530009284,112303532073627
2676,26.760000000,sine_f2,0.042426407,2020,112303540008912,112303542070067
2677,26.770000000,sine_f2,0.041072826,2021,112303550006078,112303552070900
2678,26.780000000,sine_f2,0.039678712,2022,112303560006304,112303562066740
2679,26.790000000,sine_f2,0.038245439,2023,112303570006434,112303572029234
2680,26.800000000,sine_f2,0.036774423,2024,112303580006265,112303582070762
2681,26.810000000,sine_f2,0.035267115,2025,112303590010143,112303592074189
2682,26.820000000,sine_f2,0.033725003,2026,112303600006773,112303602072590
2683,26.830000000,sine_f2,0.032149608,2027,112303610006890,112303612064898
2684,26.840000000,sine_f2,0.030542485,2028,112303620006512,112303621998068
2685,26.850000000,sine_f2,0.028905220,2029,112303630007088,112303632049578
2686,26.860000000,sine_f2,0.027239430,2030,112303640008939,112303642068525
2687,26.870000000,sine_f2,0.025546757,2031,112303650006392,112303652072523
2688,26.880000000,sine_f2,0.023828873,2032,112303660006603,112303662062720
2689,26.890000000,sine_f2,0.022087473,2034,112303670006502,112303672023450
2690,26.900000000,sine_f2,0.020324275,2035,112303680009150,112303681995255
2691,26.910000000,sine_f2,0.018541020,2036,112303690013283,112303691995048
2692,26.920000000,sine_f2,0.016739466,2037,112303700006447,112303701987675
2693,26.930000000,sine_f2,0.014921393,2038,112303710006455,112303711987502
2694,26.940000000,sine_f2,0.013088594,2039,112303720006564,112303721989871
2695,26.950000000,sine_f2,0.011242879,2041,112303730006469,112303731988517
2696,26.960000000,sine_f2,0.009386068,2042,112303740006902,112303741993214
2697,26.970000000,sine_f2,0.007519994,2043,112303750008830,112303751988876
2698,26.980000000,sine_f2,0.005646499,2044,112303760006850,112303761991981
2699,26.990000000,sine_f2,0.003767431,2046,112303770006355,112303771988829
2700,27.000000000,sine_f2,0.001884646,2047,112303780006583,112303781983536
2701,27.010000000,sine_f2,0.000000000,2048,112303790009239,112303791991642
2702,27.020000000,sine_f2,-0.001884646,2049,112303800007052,112303801992916
2703,27.030000000,sine_f2,-0.003767431,2050,112303810006941,112303811990939
2704,27.040000000,sine_f2,-0.005646499,2052,112303820008728,112303821992605
2705,27.050000000,sine_f2,-0.007519994,2053,112303830007058,112303831987026
2706,27.060000000,sine_f2,-0.009386068,2054,112303840007270,112303841990965
2707,27.070000000,sine_f2,-0.011242879,2055,112303850007140,112303851991121
2708,27.080000000,sine_f2,-0.013088594,2057,112303860009682,112303861991541
2709,27.090000000,sine_f2,-0.014921393,2058,112303870007973,112303871992839
2710,27.100000000,sine_f2,-0.016739466,2059,112303880006830,112303881989565
2711,27.110000000,sine_f2,-0.018541020,2060,112303890006661,112303891969415
2712,27.120000000,sine_f2,-0.020324275,2061,112303900006563,112303901987600
2713,27.130000000,sine_f2,-0.022087473,2062,112303910009968,112303911966934
2714,27.140000000,sine_f2,-0.023828873,2064,112303920006605,112303921987631
2715,27.150000000,sine_f2,-0.025546757,2065,112303930006641,112303931988030
2716,27.160000000,sine_f2,-0.027239430,2066,112303940007969,112303941971719
2717,27.170000000,sine_f2,-0.028905220,2067,112303950010012,112303951969245
2718,27.180000000,sine_f2,-0.030542485,2068,112303960006615,112303961970148
2719,27.190000000,sine_f2,-0.032149608,2069,112303970009193,112303971968646
2720,27.200000000,sine_f2,-0.033725003,2070,112303980006970,112303981967337
2721,27.210000000,sine_f2,-0.035267115,2071,112303990006641,112303991969551
2722,27.220000000,sine_f2,-0.036774423,2072,112304000007084,112304001969245
2723,27.230000000,sine_f2,-0.038245439,2073,112304010010514,112304011973322
2724,27.240000000,sine_f2,-0.039678712,2074,112304020006696,112304021965125
2725,27.250000000,sine_f2,-0.041072826,2075,112304030006219,112304031968780
2726,27.260000000,sine_f2,-0.042426407,2076,112304040006491,112304041970449
2727,27.270000000,sine_f2,-0.043738118,2077,112304050006797,112304051967651
2728,27.280000000,sine_f2,-0.045006664,2077,112304060008970,112304061973047
2729,27.290000000,sine_f2,-0.046230795,2078,112304070006971,112304071973014
2730,27.300000000,sine_f2,-0.047409301,2079,112304080006673,112304081967196
2731,27.310000000,sine_f2,-0.048541020,2080,112304090006436,112304091969463
2732,27.320000000,sine_f2,-0.049624834,2080,112304100009176,112304101972135
2733,27.330000000,sine_f2,-0.050659676,2081,112304110008914,112304111967378
2734,27.340000000,sine_f2,-0.051644522,2082,112304120007357,112304121971868
2735,27.350000000,sine_f2,-0.052578401,2082,112304130007332,112304131966224
2736,27.360000000,sine_f2,-0.053460391,2083,112304140006894,112304141970417
2737,27.370000000,sine_f2,-0.054289623,2083,112304150007422,112304151972308
2738,27.380000000,sine_f2,-0.055065278,2084,112304160010175,112304161973807
2739,27.390000000,sine_f2,-0.055786589,2084,112304170006484,112304171969763
2740,27.400000000,sine_f2,-0.056452846,2085,112304180006866,112304181968883
2741,27.410000000,sine_f2,-0.057063391,2085,112304190007251,112304191975859
2742,27.420000000,sine_f2,-0.057617621,2086,112304200006852,112304201970559
2743,27.430000000,sine_f2,-0.058114990,2086,112304210006826,112304211970468
2744,27.440000000,sine_f2,-0.058555006,2086,112304220006666,112304221970279
2745,27.450000000,sine_f2,-0.058937235,2086,112304230007672,112304231973790
2746,27.460000000,sine_f2,-0.059261300,2087,112304240007315,112304241973834
2747,27.470000000,sine_f2,-0.059526882,2087,112304250009412,112304251970533
2748,27.480000000,sine_f2,-0.059733718,2087,112304260006895,112304261969363
2749,27.490000000,sine_f2,-0.059881604,2087,112304270006755,112304271966744
2750,27.500000000,sine_f2,-0.059970394,2087,112304280012639,112304281971874
2751,27.510000000,sine_f2,-0.060000000,2087,112304290007660,112304291969280
2752,27.520000000,sine_f2,-0.059970394,2087,112304300009602,112304301969415
2753,27.530000000,sine_f2,-0.059881604,2087,112304310009623,112304311945315
2754,27.540000000,sine_f2,-0.059733718,2087,112304320007128,112304321947390
2755,27.550000000,sine_f2,-0.059526882,2087,112304330007066,112304331967760
2756,27.560000000,sine_f2,-0.059261300,2087,112304340006768,112304341966518
2757,27.570000000,sine_f2,-0.058937235,2086,112304350007442,112304351949135
2758,27.580000000,sine_f2,-0.058555006,2086,112304360009582,112304361951148
2759,27.590000000,sine_f2,-0.058114990,2086,112304370006752,112304371947823
2760,27.600000000,sine_f2,-0.057617621,2086,112304380006461,112304381948137
2761,27.610000000,sine_f2,-0.057063391,2085,112304390006678,112304391948410
2762,27.620000000,sine_f2,-0.056452846,2085,112304400009045,112304401947554
2763,27.630000000,sine_f2,-0.055786589,2084,112304410007310,112304411952199
2764,27.640000000,sine_f2,-0.055065278,2084,112304420010129,112304421951457
2765,27.650000000,sine_f2,-0.054289623,2083,112304430007421,112304431950689
2766,27.660000000,sine_f2,-0.053460391,2083,112304440008010,112304441951442
2767,27.670000000,sine_f2,-0.052578401,2082,112304450007395,112304451947450
2768,27.680000000,sine_f2,-0.051644522,2082,112304460009440,112304461951392
2769,27.690000000,sine_f2,-0.050659676,2081,112304470006711,112304471949783
2770,27.700000000,sine_f2,-0.049624834,2080,112304480006715,112304481945846
2771,27.710000000,sine_f2,-0.048541020,2080,112304490006841,112304491945041
2772,27.720000000,sine_f2,-0.047409301,2079,112304500007327,112304501951222
2773,27.730000000,sine_f2,-0.046230795,2078,112304510006553,112304511946538
2774,27.740000000,sine_f2,-0.045006664,2077,112304520006764,112304521943807
2775,27.750000000,sine_f2,-0.043738118,2077,112304530006880,112304531953097
2776,27.760000000,sine_f2,-0.042426407,2076,112304540006816,112304541946105
2777,27.770000000,sine_f2,-0.041072826,2075,112304550006855,112304551950410
2778,27.780000000,sine_f2,-0.039678712,2074,112304560007387,112304561949354
2779,27.790000000,sine_f2,-0.038245439,2073,112304570010275,112304571947018
2780,27.800000000,sine_f2,-0.036774423,2072,112304580006717,112304581939731
2781,27.810000000,sine_f2,-0.035267115,2071,112304590007082,112304591948130
2782,27.820000000,sine_f2,-0.033725003,2070,112304600010271,112304601951814
2783,27.830000000,sine_f2,-0.032149608,2069,112304610006743,112304611946831
2784,27.840000000,sine_f2,-0.030542485,2068,112304620006660,112304621943920
2785,27.850000000,sine_f2,-0.028905220,2067,112304630006710,112304631944680
2786,27.860000000,sine_f2,-0.027239430,2066,112304640006861,112304641943170
2787,27.870000000,sine_f2,-0.025546757,2065,112304650006925,112304651948341
2788,27.880000000,sine_f2,-0.023828873,2064,112304660006899,112304661947941
2789,27.890000000,sine_f2,-0.022087473,2062,112304670006956,112304671951233
2790,27.900000000,sine_f2,-0.020324275,2061,112304680009309,112304681946897
2791,27.910000000,sine_f2,-0.018541020,2060,112304690007107,112304691945029
2792,27.920000000,sine_f2,-0.016739466,2059,112304700006243,112304701948442
2793,27.930000000,sine_f2,-0.014921393,2058,112304710006410,112304711947203
2794,27.940000000,sine_f2,-0.013088594,2057,112304720006547,112304721944875
2795,27.950000000,sine_f2,-0.011242879,2055,112304730006694,112304731927886
2796,27.960000000,sine_f2,-0.009386068,2054,112304740007035,112304741927763
2797,27.970000000,sine_f2,-0.007519994,2053,112304750006830,112304751928279
2798,27.980000000,sine_f2,-0.005646499,2052,112304760007037,112304761949385
2799,27.990000000,sine_f2,-0.003767431,2050,112304770009695,112304771929724
2800,28.000000000,sine_f2,-0.001884646,2049,112304780006109,112304781922813
2801,28.010000000,sine_f2,-0.000000000,2048,112304790006951,112304791924079
2802,28.020000000,sine_f2,0.001884646,2047,112304800006801,112304801926117
2803,28.030000000,sine_f2,0.003767431,2046,112304810007826,112304811930435
2804,28.040000000,sine_f2,0.005646499,2044,112304820006940,112304821925756
2805,28.050000000,sine_f2,0.007519994,2043,112304830009567,112304832123065
2806,28.060000000,sine_f2,0.009386068,2042,112304840086963,112304841935552
2807,28.070000000,sine_f2,0.011242879,2041,112304850095537,112304851939320
2808,28.080000000,sine_f2,0.013088594,2039,112304860084053,112304861933999
2809,28.090000000,sine_f2,0.014921393,2038,112304870091151,112304871936021
2810,28.100000000,sine_f2,0.016739466,2037,112304880087717,112304881936693
2811,28.110000000,sine_f2,0.018541020,2036,112304890087594,112304891935635
2812,28.120000000,sine_f2,0.020324275,2035,112304900093789,112304901935632
2813,28.130000000,sine_f2,0.022087473,2034,112304910037492,112304911935313
2814,28.140000000,sine_f2,0.023828873,2032,112304920092020,112304921932700
2815,28.150000000,sine_f2,0.025546757,2031,112304930099936,112304931936429
2816,28.160000000,sine_f2,0.027239430,2030,112304940090861,112304941938913
2817,28.170000000,sine_f2,0.028905220,2029,112304950091707,112304951934940
2818,28.180000000,sine_f2,0.030542485,2028,112304960083700,112304961935425
2819,28.190000000,sine_f2,0.032149608,2027,112304970085724,112304971937067
2820,28.200000000,sine_f2,0.033725003,2026,112304980086051,112304981935319
2821,28.210000000,sine_f2,0.035267115,2025,112304990084429,112304991937861
2822,28.220000000,sine_f2,0.036774423,2024,112305000086349,112305001935299
2823,28.230000000,sine_f2,0.038245439,2023,112305010031453,112305011936025
2824,28.240000000,sine_f2,0.039678712,2022,112305020042718,112305021937404
2825,28.250000000,sine_f2,0.041072826,2021,112305030087158,112305031938050
2826,28.260000000,sine_f2,0.042426407,2020,112305040089866,112305041934744
2827,28.270000000,sine_f2,0.043738118,2019,112305050091591,112305051934236
2828,28.280000000,sine_f2,0.045006664,2019,112305060082348,112305061942197
2829,28.290000000,sine_f2,0.046230795,2018,112305070091161,112305071934104
2830,28.300000000,sine_f2,0.047409301,2017,112305080091708,112305081935426
2831,28.310000000,sine_f2,0.048541020,2016,112305090084596,112305091936564
2832,28.320000000,sine_f2,0.049624834,2016,112305100089540,112305101935934
2833,28.330000000,sine_f2,0.050659676,2015,112305110032898,112305111937288
2834,28.340000000,sine_f2,0.051644522,2014,112305120037887,112305121938741
2835,28.350000000,sine_f2,0.052578401,2014,112305130092253,112305131937556
2836,28.360000000,sine_f2,0.053460391,2013,112305140086194,112305141939111
2837,28.370000000,sine_f2,0.054289623,2013,112305150085647,112305151935699
2838,28.380000000,sine_f2,0.055065278,2012,112305160029906,112305161916562
2839,28.390000000,sine_f2,0.055786589,2012,112305170008635,112305171910699
2840,28.400000000,sine_f2,0.056452846,2011,112305180012222,112305181931277
2841,28.410000000,sine_f2,0.057063391,2011,112305190007216,112305191905911
2842,28.420000000,sine_f2,0.057617621,2010,112305200007447,112305201907340
2843,28.430000000,sine_f2,0.058114990,2010,112305210006757,112305211903661
2844,28.440000000,sine_f2,0.058555006,2010,112305220009250,112305221910416
2845,28.450000000,sine_f2,0.058937235,2010,112305230006776,112305231911083
2846,28.460000000,sine_f2,0.059261300,2009,112305240006670,112305241903985
2847,28.470000000,sine_f2,0.059526882,2009,112305250006822,112305251905728
2848,28.480000000,sine_f2,0.059733718,2009,112305260007186,112305261909343
2849,28.490000000,sine_f2,0.059881604,2009,112305270009518,112305271907775
2850,28.500000000,sine_f2,0.059970394,2009,112305280012964,112305281908688
2851,28.510000000,sine_f2,0.060000000,2009,112305290007525,112305291909543
2852,28.520000000,sine_f2,0.059970394,2009,112305300006579,112305301906009
2853,28.530000000,sine_f2,0.059881604,2009,112305310007339,112305311908099
2854,28.540000000,sine_f2,0.059733718,2009,112305320008952,112305321899634
2855,28.550000000,sine_f2,0.059526882,2009,112305330006818,112305331902495
2856,28.560000000,sine_f2,0.059261300,2009,112305340006214,112305341905047
2857,28.570000000,sine_f2,0.058937235,2010,112305350082996,112305351917303
2858,28.580000000,sine_f2,0.058555006,2010,112305360087355,112305361915256
2859,28.590000000,sine_f2,0.058114990,2010,112305370091852,112305371927611
2860,28.600000000,sine_f2,0.057617621,2010,112305380082834,112305381919526
2861,28.610000000,sine_f2,0.057063391,2011,112305390084928,112305391917651
2862,28.620000000,sine_f2,0.056452846,2011,112305400086261,112305401914925
2863,28.630000000,sine_f2,0.055786589,2012,112305410094378,112305411977464
2864,28.640000000,sine_f2,0.055065278,2012,112305420010171,112305421937568
2865,28.650000000,sine_f2,0.054289623,2013,112305430010014,112305431966206
2866,28.660000000,sine_f2,0.053460391,2013,112305440007391,112305441969588
2867,28.670000000,sine_f2,0.052578401,2014,112305450007081,112305451964389
2868,28.680000000,sine_f2,0.051644522,2014,112305460006271,112305461965792
2869,28.690000000,sine_f2,0.050659676,2015,112305470006581,112305471933341
2870,28.700000000,sine_f2,0.049624834,2016,112305480006930,112305481964352
2871,28.710000000,sine_f2,0.048541020,2016,112305490009304,112305491967605
2872,28.720000000,sine_f2,0.047409301,2017,112305500006461,112305501920104
2873,28.730000000,sine_f2,0.046230795,2018,112305510012625,112305511909534
2874,28.740000000,sine_f2,0.045006664,2019,112305520010125,112305521904701
2875,28.750000000,sine_f2,0.043738118,2019,112305530006453,112305531885909
2876,28.760000000,sine_f2,0.042426407,2020,112305540006601,112305541906824
2877,28.770000000,sine_f2,0.041072826,2021,112305550006305,112305551902279
2878,28.780000000,sine_f2,0.039678712,2022,112305560006557,112305561904516
2879,28.790000000,sine_f2,0.038245439,2023,112305570006851,112305571904942
2880,28.800000000,sine_f2,0.036774423,2024,112305580007061,112305581905328
2881,28.810000000,sine_f2,0.035267115,2025,112305590009177,112305591887932
2882,28.820000000,sine_f2,0.033725003,2026,112305600011039,112305601891296
2883,28.830000000,sine_f2,0.032149608,2027,112305610009130,112305611885964
2884,28.840000000,sine_f2,0.030542485,2028,112305620008588,112305621887867
2885,28.850000000,sine_f2,0.028905220,2029,112305630009543,112305631884885
2886,28.860000000,sine_f2,0.027239430,2030,112305640006739,112305641883426
2887,28.870000000,sine_f2,0.025546757,2031,112305650008835,112305651885925
2888,28.880000000,sine_f2,0.023828873,2032,112305660006921,112305661889161
2889,28.890000000,sine_f2,0.022087473,2034,112305670006924,112305671889533
2890,28.900000000,sine_f2,0.020324275,2035,112305680007393,112305681887870
2891,28.910000000,sine_f2,0.018541020,2036,112305690007557,112305691886062
2892,28.920000000,sine_f2,0.016739466,2037,112305700009187,112305701884831
2893,28.930000000,sine_f2,0.014921393,2038,112305710006773,112305711886833
2894,28.940000000,sine_f2,0.013088594,2039,112305720007119,112305721882862
2895,28.950000000,sine_f2,0.011242879,2041,112305730006699,112305731885187
2896,28.960000000,sine_f2,0.009386068,2042,112305740006520,112305741882279
2897,28.970000000,sine_f2,0.007519994,2043,112305750006519,112305751880685
2898,28.980000000,sine_f2,0.005646499,2044,112305760006945,112305761883869
2899,28.990000000,sine_f2,0.003767431,2046,112305770006791,112305771888345
2900,29.000000000,sine_f2,0.001884646,2047,112305780006686,112305781889196
2901,29.010000000,sine_f2,0.000000000,2048,112305790006777,112305791885129
2902,29.020000000,sine_f2,-0.001884646,2049,112305800006841,112305801884832
2903,29.030000000,sine_f2,-0.003767431,2050,112305810014559,112305811890500
2904,29.040000000,sine_f2,-0.005646499,2052,112305820006426,112305821885115
2905,29.050000000,sine_f2,-0.007519994,2053,112305830006884,112305831887544
2906,29.060000000,sine_f2,-0.009386068,2054,112305840008852,112305841885470
2907,29.070000000,sine_f2,-0.011242879,2055,112305850006259,112305851887249
2908,29.080000000,sine_f2,-0.013088594,2057,112305860009525,112305861884293
2909,29.090000000,sine_f2,-0.014921393,2058,112305870009450,112305871883209
2910,29.100000000,sine_f2,-0.016739466,2059,112305880006875,112305881885760
2911,29.110000000,sine_f2,-0.018541020,2060,112305890006998,112305891888301
2912,29.120000000,sine_f2,-0.020324275,2061,112305900006608,112305901885064
2913,29.130000000,sine_f2,-0.022087473,2062,112305910009778,112305911890030
2914,29.140000000,sine_f2,-0.023828873,2064,112305920012314,112305921887656
2915,29.150000000,sine_f2,-0.025546757,2065,112305930006634,112305931885393
2916,29.160000000,sine_f2,-0.027239430,2066,112305940007149,112305941882096
2917,29.170000000,sine_f2,-0.028905220,2067,112305950089088,112305951894811
2918,29.180000000,sine_f2,-0.030542485,2068,112305960093840,112305961896706
2919,29.190000000,sine_f2,-0.032149608,2069,112305970089970,112305971895950
2920,29.200000000,sine_f2,-0.033725003,2070,112305980086563,112305981897820
2921,29.210000000,sine_f2,-0.035267115,2071,112305990095844,112305991896170
2922,29.220000000,sine_f2,-0.036774423,2072,112306000093347,112306001895045
2923,29.230000000,sine_f2,-0.038245439,2073,112306010025305,112306011876868
2924,29.240000000,sine_f2,-0.039678712,2074,112306020007341,112306021867017
2925,29.250000000,sine_f2,-0.041072826,2075,112306030006153,112306031866605
2926,29.260000000,sine_f2,-0.042426407,2076,112306040006820,112306041863594
2927,29.270000000,sine_f2,-0.043738118,2077,112306050006998,112306051868017
2928,29.280000000,sine_f2,-0.045006664,2077,112306060006667,112306061866490
2929,29.290000000,sine_f2,-0.046230795,2078,112306070006312,112306071864654
2930,29.300000000,sine_f2,-0.047409301,2079,112306080006648,112306081861214
2931,29.310000000,sine_f2,-0.048541020,2080,112306090006978,112306091862543
2932,29.320000000,sine_f2,-0.049624834,2080,112306100006991,112306101867407
2933,29.330000000,sine_f2,-0.050659676,2081,112306110008625,112306111869673
2934,29.340000000,sine_f2,-0.051644522,2082,112306120007336,112306121868259
2935,29.350000000,sine_f2,-0.052578401,2082,112306130009006,112306131863910
2936,29.360000000,sine_f2,-0.053460391,2083,112306140006252,112306141865620
2937,29.370000000,sine_f2,-0.054289623,2083,112306150006633,112306151866737
2938,29.380000000,sine_f2,-0.055065278,2084,112306160007230,112306161865051
2939,29.390000000,sine_f2,-0.055786589,2084,112306170007118,112306171861860
2940,29.400000000,sine_f2,-0.056452846,2085,112306180009347,112306181862101
2941,29.410000000,sine_f2,-0.057063391,2085,112306190007349,112306191862192
2942,29.420000000,sine_f2,-0.057617621,2086,112306200006639,112306201867038
2943,29.430000000,sine_f2,-0.058114990,2086,112306210009951,112306211883906
2944,29.440000000,sine_f2,-0.058555006,2086,112306220008924,112306221868494
2945,29.450000000,sine_f2,-0.058937235,2086,112306230007238,112306231863924
2946,29.460000000,sine_f2,-0.059261300,2087,112306240009669,112306241863475
2947,29.470000000,sine_f2,-0.059526882,2087,112306250006675,112306251865781
2948,29.480000000,sine_f2,-0.059733718,2087,112306260006398,112306261865628
2949,29.490000000,sine_f2,-0.059881604,2087,112306270006385,112306271865755
2950,29.500000000,sine_f2,-0.059970394,2087,112306280006795,112306281860690
2951,29.510000000,sine_f2,-0.060000000,2087,112306290009419,112306291862049
2952,29.520000000,sine_f2,-0.059970394,2087,112306300006977,112306301863574
2953,29.530000000,sine_f2,-0.059881604,2087,112306310095029,112306311877583
2954,29.540000000,sine_f2,-0.059733718,2087,112306320086831,112306321876209
2955,29.550000000,sine_f2,-0.059526882,2087,112306330087830,112306331874734
2956,29.560000000,sine_f2,-0.059261300,2087,112306340095479,112306341887265
2957,29.570000000,sine_f2,-0.058937235,2086,112306350086137,112306351893250
2958,29.580000000,sine_f2,-0.058555006,2086,112306360101057,112306361881332
2959,29.590000000,sine_f2,-0.058114990,2086,112306370095216,112306371857721
2960,29.600000000,sine_f2,-0.057617621,2086,112306380089366,112306381890906
2961,29.610000000,sine_f2,-0.057063391,2085,112306390089952,112306391874143
2962,29.620000000,sine_f2,-0.056452846,2085,112306400096103,112306401855520
2963,29.630000000,sine_f2,-0.055786589,2084,112306410094226,112306411887211
2964,29.640000000,sine_f2,-0.055065278,2084,112306420085442,112306421875624
2965,29.650000000,sine_f2,-0.054289623,2083,112306430109714,112306431915911
2966,29.660000000,sine_f2,-0.053460391,2083,112306440008879,112306441903448
2967,29.670000000,sine_f2,-0.052578401,2082,112306450010479,112306451899757
2968,29.680000000,sine_f2,-0.051644522,2082,112306460015356,112306461900286
2969,29.690000000,sine_f2,-0.050659676,2081,112306470007335,112306471909008
2970,29.700000000,sine_f2,-0.049624834,2080,112306480007172,112306481901293
2971,29.710000000,sine_f2,-0.048541020,2080,112306490006442,112306491906973
2972,29.720000000,sine_f2,-0.047409301,2079,112306500006111,112306501904574
2973,29.730000000,sine_f2,-0.046230795,2078,112306510011345,112306511909605
2974,29.740000000,sine_f2,-0.045006664,2077,112306520006812,112306521906358
2975,29.750000000,sine_f2,-0.043738118,2077,112306530006994,112306531902478
2976,29.760000000,sine_f2,-0.042426407,2076,112306540007455,112306541907863
2977,29.770000000,sine_f2,-0.041072826,2075,112306550006822,112306551904678
2978,29.780000000,sine_f2,-0.039678712,2074,112306560008991,112306561905078
2979,29.790000000,sine_f2,-0.038245439,2073,112306570009305,112306571908882
2980,29.800000000,sine_f2,-0.036774423,2072,112306580006345,112306581900978
2981,29.810000000,sine_f2,-0.035267115,2071,112306590006927,112306591904313
2982,29.820000000,sine_f2,-0.033725003,2070,112306600006883,112306601904561
2983,29.830000000,sine_f2,-0.032149608,2069,112306610012572,112306611912230
2984,29.840000000,sine_f2,-0.030542485,2068,112306620006709,112306621903184
2985,29.850000000,sine_f2,-0.028905220,2067,112306630006478,112306631902803
2986,29.860000000,sine_f2,-0.027239430,2066,112306640006253,112306641914808
2987,29.870000000,sine_f2,-0.025546757,2065,112306650006359,112306651906996
2988,29.880000000,sine_f2,-0.023828873,2064,112306660006598,112306661897243
2989,29.890000000,sine_f2,-0.022087473,2062,112306670008245,112306671901595
2990,29.900000000,sine_f2,-0.020324275,2061,112306680005908,112306681901251
2991,29.910000000,sine_f2,-0.018541020,2060,112306690007249,112306691901465
2992,29.920000000,sine_f2,-0.016739466,2059,112306700006657,112306701909091
2993,29.930000000,sine_f2,-0.014921393,2058,112306710011228,112306711901920
2994,29.940000000,sine_f2,-0.013088594,2057,112306720007224,112306721901321
2995,29.950000000,sine_f2,-0.011242879,2055,112306730006990,112306731902690
2996,29.960000000,sine_f2,-0.009386068,2054,112306740006720,112306741912734
2997,29.970000000,sine_f2,-0.007519994,2053,112306750006878,112306751905470
2998,29.980000000,sine_f2,-0.005646499,2052,112306760007334,112306761904964
2999,29.990000000,sine_f2,-0.003767431,2050,112306770009420,112306771905315
3000,30.000000000,sine_f2,-0.001884646,2049,112306780006448,112306781898780
3001,30.010000000,sine_f2,-0.000000000,2048,112306790006726,112306791901661
3002,30.020000000,sine_f2,0.001884646,2047,112306800006573,112306801904417
3003,30.030000000,sine_f2,0.003767431,2046,112306810011009,112306811907395
3004,30.040000000,sine_f2,0.005646499,2044,112306820007942,112306821908622
3005,30.050000000,sine_f2,0.007519994,2043,112306830006716,112306831904353
3006,30.060000000,sine_f2,0.009386068,2042,112306840006656,112306841905295
3007,30.070000000,sine_f2,0.011242879,2041,112306850006637,112306851880823
3008,30.080000000,sine_f2,0.013088594,2039,112306860006493,112306861888707
3009,30.090000000,sine_f2,0.014921393,2038,112306870006581,112306871881995
3010,30.100000000,sine_f2,0.016739466,2037,112306880008314,112306881881461
3011,30.110000000,sine_f2,0.018541020,2036,112306890006448,112306891884748
3012,30.120000000,sine_f2,0.020324275,2035,112306900006675,112306901879426
3013,30.130000000,sine_f2,0.022087473,2034,112306910009094,112306911892352
3014,30.140000000,sine_f2,0.023828873,2032,112306920006672,112306921879537
3015,30.150000000,sine_f2,0.025546757,2031,112306930006195,112306931880915
3016,30.160000000,sine_f2,0.027239430,2030,112306940007870,112306941882567
3017,30.170000000,sine_f2,0.028905220,2029,112306950007196,112306951877437
3018,30.180000000,sine_f2,0.030542485,2028,112306960007092,112306961879681
3019,30.190000000,sine_f2,0.032149608,2027,112306970009344,112306971876960
3020,30.200000000,sine_f2,0.033725003,2026,112306980008049,112306981878153
3021,30.210000000,sine_f2,0.035267115,2025,112306990006751,112306991881388
3022,30.220000000,sine_f2,0.036774423,2024,112307000007196,112307001882336
3023,30.230000000,sine_f2,0.038245439,2023,112307010009567,112307011893931
3024,30.240000000,sine_f2,0.039678712,2022,112307020007378,112307021893609
3025,30.250000000,sine_f2,0.041072826,2021,112307030006310,112307031880739
3026,30.260000000,sine_f2,0.042426407,2020,112307040006297,112307041888055
3027,30.270000000,sine_f2,0.043738118,2019,112307050006227,112307051878247
3028,30.280000000,sine_f2,0.045006664,2019,112307060006187,112307061882192
3029,30.290000000,sine_f2,0.046230795,2018,112307070007451,112307071886510
3030,30.300000000,sine_f2,0.047409301,2017,112307080010080,112307081881056
3031,30.310000000,sine_f2,0.048541020,2016,112307090009384,112307091881356
3032,30.320000000,sine_f2,0.049624834,2016,112307100009515,112307101889477
3033,30.330000000,sine_f2,0.050659676,2015,112307110011546,112307111882124
3034,30.340000000,sine_f2,0.051644522,2014,112307120007106,112307121886120
3035,30.350000000,sine_f2,0.052578401,2014,112307130007080,112307131881064
3036,30.360000000,sine_f2,0.053460391,2013,112307140007028,112307141879468
3037,30.370000000,sine_f2,0.054289623,2013,112307150006792,112307151878738
3038,30.380000000,sine_f2,0.055065278,2012,112307160007534,112307161889200
3039,30.390000000,sine_f2,0.055786589,2012,112307170006915,112307171875639
3040,30.400000000,sine_f2,0.056452846,2011,112307180007104,112307181882962
3041,30.410000000,sine_f2,0.057063391,2011,112307190008232,112307191882653
3042,30.420000000,sine_f2,0.057617621,2010,112307200011505,112307201881684
3043,30.430000000,sine_f2,0.058114990,2010,112307210010978,112307211889485
3044,30.440000000,sine_f2,0.058555006,2010,112307220006889,112307221880955
3045,30.450000000,sine_f2,0.058937235,2010,112307230006759,112307231887753
3046,30.460000000,sine_f2,0.059261300,2009,112307240006634,112307241891316
3047,30.470000000,sine_f2,0.059526882,2009,112307250009163,112307251884051
3048,30.480000000,sine_f2,0.059733718,2009,112307260006767,112307261880502
3049,30.490000000,sine_f2,0.059881604,2009,112307270006847,112307271862012
3050,30.500000000,sine_f2,0.059970394,2009,112307280006528,112307281861004
3051,30.510000000,sine_f2,0.060000000,2009,112307290006394,112307291863075
3052,30.520000000,sine_f2,0.059970394,2009,112307300006459,112307301858673
3053,30.530000000,sine_f2,0.059881604,2009,112307310014136,112307311861602
3054,30.540000000,sine_f2,0.059733718,2009,112307320007219,112307321869538
3055,30.550000000,sine_f2,0.059526882,2009,112307330007257,112307331863806
3056,30.560000000,sine_f2,0.059261300,2009,112307340007045,112307341855764
3057,30.570000000,sine_f2,0.058937235,2010,112307350006736,112307351865359
3058,30.580000000,sine_f2,0.058555006,2010,112307360009221,112307361866843
3059,30.590000000,sine_f2,0.058114990,2010,112307370006695,112307371861877
3060,30.600000000,sine_f2,0.057617621,2010,112307380006506,112307381860829
3061,30.610000000,sine_f2,0.057063391,2011,112307390006646,112307391857972
3062,30.620000000,sine_f2,0.056452846,2011,112307400006368,112307401859089
3063,30.630000000,sine_f2,0.055786589,2012,112307410010863,112307411867246
3064,30.640000000,sine_f2,0.055065278,2012,112307420009628,112307421867435
3065,30.650000000,sine_f2,0.054289623,2013,112307430006478,112307431866896
3066,30.660000000,sine_f2,0.053460391,2013,112307440007448,112307441862917
3067,30.670000000,sine_f2,0.052578401,2014,112307450006527,112307451861446
3068,30.680000000,sine_f2,0.051644522,2014,112307460007087,112307461866803
3069,30.690000000,sine_f2,0.050659676,2015,112307470006530,112307471859753
3070,30.700000000,sine_f2,0.049624834,2016,112307480006906,112307481866196
3071,30.710000000,sine_f2,0.048541020,2016,112307490007023,112307491866686
3072,30.720000000,sine_f2,0.047409301,2017,112307500006712,112307501872117
3073,30.730000000,sine_f2,0.046230795,2018,112307510019560,112307511875001
3074,30.740000000,sine_f2,0.045006664,2019,112307520009271,112307521802702
3075,30.750000000,sine_f2,0.043738118,2019,112307530011787,112307531803971
3076,30.760000000,sine_f2,0.042426407,2020,112307540007760,112307541799214
3077,30.770000000,sine_f2,0.041072826,2021,112307550006549,112307551796943
3078,30.780000000,sine_f2,0.039678712,2022,112307560007269,112307561865285
3079,30.790000000,sine_f2,0.038245439,2023,112307570006516,112307571853541
3080,30.800000000,sine_f2,0.036774423,2024,112307580006878,112307581861732
3081,30.810000000,sine_f2,0.035267115,2025,112307590006533,112307591865688
3082,30.820000000,sine_f2,0.033725003,2026,112307600007428,112307601796121
3083,30.830000000,sine_f2,0.032149608,2027,112307610014147,112307611806093
3084,30.840000000,sine_f2,0.030542485,2028,112307620009273,112307621863279
3085,30.850000000,sine_f2,0.028905220,2029,112307630006995,112307631867265
3086,30.860000000,sine_f2,0.027239430,2030,112307640014999,112307641869459
3087,30.870000000,sine_f2,0.025546757,2031,112307650006791,112307651840024
3088,30.880000000,sine_f2,0.023828873,2032,112307660006710,112307661866656
3089,30.890000000,sine_f2,0.022087473,2034,112307670006321,112307671856799
3090,30.900000000,sine_f2,0.020324275,2035,112307680006581,112307681859825
3091,30.910000000,sine_f2,0.018541020,2036,112307690007018,112307691844980
3092,30.920000000,sine_f2,0.016739466,2037,112307700014654,112307701840177
3093,30.930000000,sine_f2,0.014921393,2038,112307710011638,112307711843385
3094,30.940000000,sine_f2,0.013088594,2039,112307720009000,112307721843622
3095,30.950000000,sine_f2,0.011242879,2041,112307730011963,112307731847689
3096,30.960000000,sine_f2,0.009386068,2042,112307740007030,112307741842981
3097,30.970000000,sine_f2,0.007519994,2043,112307750007136,112307751839734
3098,30.980000000,sine_f2,0.005646499,2044,112307760006913,112307761838625
3099,30.990000000,sine_f2,0.003767431,2046,112307770009444,112307771836750
3100,31.000000000,sine_f2,0.001884646,2047,112307780006408,112307781843528
3101,31.010000000,sine_f2,0.000000000,2048,112307790006822,112307791842583
3102,31.020000000,sine_f2,-0.001884646,2049,112307800006210,112307801840386
3103,31.030000000,sine_f2,-0.003767431,2050,112307810015541,112307811840803
3104,31.040000000,sine_f2,-0.005646499,2052,112307820009426,112307821846071
3105,31.050000000,sine_f2,-0.007519994,2053,112307830007240,112307831845604
3106,31.060000000,sine_f2,-0.009386068,2054,112307840007683,112307841844160
3107,31.070000000,sine_f2,-0.011242879,2055,112307850006678,112307851835695
3108,31.080000000,sine_f2,-0.013088594,2057,112307860006317,112307861849312
3109,31.090000000,sine_f2,-0.014921393,2058,112307870008431,112307871845715
3110,31.100000000,sine_f2,-0.016739466,2059,112307880007393,112307881850212
3111,31.110000000,sine_f2,-0.018541020,2060,112307890007059,112307891837210
3112,31.120000000,sine_f2,-0.020324275,2061,112307900006605,112307901840983
3113,31.130000000,sine_f2,-0.022087473,2062,112307910011678,112307911851012
3114,31.140000000,sine_f2,-0.023828873,2064,112307920008241,112307921850832
3115,31.150000000,sine_f2,-0.025546757,2065,112307930009640,112307931840223
3116,31.160000000,sine_f2,-0.027239430,2066,112307940007095,112307941840194
3117,31.170000000,sine_f2,-0.028905220,2067,112307950006893,112307951862264
3118,31.180000000,sine_f2,-0.030542485,2068,112307960006880,112307961840793
3119,31.190000000,sine_f2,-0.032149608,2069,112307970006600,112307971848753
3120,31.200000000,sine_f2,-0.033725003,2070,112307980006614,112307981838520
3121,31.210000000,sine_f2,-0.035267115,2071,112307990006787,112307991843351
3122,31.220000000,sine_f2,-0.036774423,2072,112308000006548,112308001842649
3123,31.230000000,sine_f2,-0.038245439,2073,112308010010891,112308011869155
3124,31.240000000,sine_f2,-0.039678712,2074,112308020010721,112308021794121
3125,31.250000000,sine_f2,-0.041072826,2075,112308030008240,112308031844640
3126,31.260000000,sine_f2,-0.042426407,2076,112308040007094,112308041838673
3127,31.270000000,sine_f2,-0.043738118,2077,112308050006499,112308051836962
3128,31.280000000,sine_f2,-0.045006664,2077,112308060006586,112308061842045
3129,31.290000000,sine_f2,-0.046230795,2078,112308070007706,112308071838712
3130,31.300000000,sine_f2,-0.047409301,2079,112308080007040,112308081820024
3131,31.310000000,sine_f2,-0.048541020,2080,112308090007277,112308091849394
3132,31.320000000,sine_f2,-0.049624834,2080,112308100010584,112308101758064
3133,31.330000000,sine_f2,-0.050659676,2081,112308110011554,112308111762180
3134,31.340000000,sine_f2,-0.051644522,2082,112308120007853,112308121820108
3135,31.350000000,sine_f2,-0.052578401,2082,112308130009548,112308131817393
3136,31.360000000,sine_f2,-0.053460391,2083,112308140007079,112308141828383
3137,31.370000000,sine_f2,-0.054289623,2083,112308150006840,112308151819594
3138,31.380000000,sine_f2,-0.055065278,2084,112308160009620,112308161824014
3139,31.390000000,sine_f2,-0.055786589,2084,112308170006724,112308171820982
3140,31.400000000,sine_f2,-0.056452846,2085,112308180006124,112308181822302
3141,31.410000000,sine_f2,-0.057063391,2085,112308190006828,112308191825083
3142,31.420000000,sine_f2,-0.057617621,2086,112308200006358,112308201827595
3143,31.430000000,sine_f2,-0.058114990,2086,112308210011125,112308211832315
3144,31.440000000,sine_f2,-0.058555006,2086,112308220007240,112308221825181
3145,31.450000000,sine_f2,-0.058937235,2086,112308230008693,112308231817035
3146,31.460000000,sine_f2,-0.059261300,2087,112308240006607,112308241826356
3147,31.470000000,sine_f2,-0.059526882,2087,112308250006364,112308251824362
3148,31.480000000,sine_f2,-0.059733718,2087,112308260006550,112308261823721
3149,31.490000000,sine_f2,-0.059881604,2087,112308270006602,112308271834255
3150,31.500000000,sine_f2,-0.059970394,2087,112308280008630,112308281818174
3151,31.510000000,sine_f2,-0.060000000,2087,112308290006509,112308291817339
3152,31.520000000,sine_f2,-0.059970394,2087,112308300006255,112308301814787
3153,31.530000000,sine_f2,-0.059881604,2087,112308310010695,112308311825635
3154,31.540000000,sine_f2,-0.059733718,2087,112308320006768,112308321820410
3155,31.550000000,sine_f2,-0.059526882,2087,112308330007230,112308331819305
3156,31.560000000,sine_f2,-0.059261300,2087,112308340008675,112308341819909
3157,31.570000000,sine_f2,-0.058937235,2086,112308350054471,112308351825177
3158,31.580000000,sine_f2,-0.058555006,2086,112308360006758,112308361818408
3159,31.590000000,sine_f2,-0.058114990,2086,112308370006520,112308371819001
3160,31.600000000,sine_f2,-0.057617621,2086,112308380006370,112308381823239
3161,31.610000000,sine_f2,-0.057063391,2085,112308390010537,112308391830363
3162,31.620000000,sine_f2,-0.056452846,2085,112308400006883,112308401820338
3163,31.630000000,sine_f2,-0.055786589,2084,112308410010595,112308411823135
3164,31.640000000,sine_f2,-0.055065278,2084,112308420006816,112308421820784
3165,31.650000000,sine_f2,-0.054289623,2083,112308430006871,112308431821575
3166,31.660000000,sine_f2,-0.053460391,2083,112308440006159,112308441823323
3167,31.670000000,sine_f2,-0.052578401,2082,112308450006223,112308451816087
3168,31.680000000,sine_f2,-0.051644522,2082,112308460006461,112308461817750
3169,31.690000000,sine_f2,-0.050659676,2081,112308470006822,112308471815794
3170,31.700000000,sine_f2,-0.049624834,2080,112308480006882,112308481818265
3171,31.710000000,sine_f2,-0.048541020,2080,112308490008492,112308491815281
3172,31.720000000,sine_f2,-0.047409301,2079,112308500006988,112308501818414
3173,31.730000000,sine_f2,-0.046230795,2078,112308510011285,112308511807571
3174,31.740000000,sine_f2,-0.045006664,2077,112308520006415,112308521798879
3175,31.750000000,sine_f2,-0.043738118,2077,112308530006910,112308531802018
3176,31.760000000,sine_f2,-0.042426407,2076,112308540008700,112308541794801
3177,31.770000000,sine_f2,-0.041072826,2075,112308550006129,112308551799169
3178,31.780000000,sine_f2,-0.039678712,2074,112308560006366,112308561802052
3179,31.790000000,sine_f2,-0.038245439,2073,112308570006824,112308571792763
3180,31.800000000,sine_f2,-0.036774423,2072,112308580006767,112308581800832
3181,31.810000000,sine_f2,-0.035267115,2071,112308590006272,112308591805139
3182,31.820000000,sine_f2,-0.033725003,2070,112308600011415,112308601753319
3183,31.830000000,sine_f2,-0.032149608,2069,112308610010875,112308611739338
3184,31.840000000,sine_f2,-0.030542485,2068,112308620007053,112308621795696
3185,31.850000000,sine_f2,-0.028905220,2067,112308630007499,112308631804483
3186,31.860000000,sine_f2,-0.027239430,2066,112308640008368,112308641799924
3187,31.870000000,sine_f2,-0.025546757,2065,112308650006088,112308651800080
3188,31.880000000,sine_f2,-0.023828873,2064,112308660006288,112308661803707
3189,31.890000000,sine_f2,-0.022087473,2062,112308670006350,112308671794864
3190,31.900000000,sine_f2,-0.020324275,2061,112308680006657,112308681805130
3191,31.910000000,sine_f2,-0.018541020,2060,112308690006311,112308691797751
3192,31.920000000,sine_f2,-0.016739466,2059,112308700006259,112308701802821
3193,31.930000000,sine_f2,-0.014921393,2058,112308710011701,112308711806519
3194,31.940000000,sine_f2,-0.013088594,2057,112308720006986,112308721797121
3195,31.950000000,sine_f2,-0.011242879,2055,112308730008303,112308731796035
3196,31.960000000,sine_f2,-0.009386068,2054,112308740006149,112308741797175
3197,31.970000000,sine_f2,-0.007519994,2053,112308750006574,112308751802873
3198,31.980000000,sine_f2,-0.005646499,2052,112308760006449,112308761803909
3199,31.990000000,sine_f2,-0.003767431,2050,112308770006551,112308771795868
3200,32.000000000,sine_f2,-0.001884646,2049,112308780005900,112308781797503
3201,32.010000000,sine_f2,-0.000000000,2048,112308790006400,112308791808345
3202,32.020000000,center_after_f2,0.000000000,2048,112308800006971,112308801798805
3203,32.030000000,center_after_f2,0.000000000,2048,112308810010986,112308811807654
3204,32.040000000,center_after_f2,0.000000000,2048,112308820007199,112308821802925
3205,32.050000000,center_after_f2,0.000000000,2048,112308830008159,112308831803706
3206,32.060000000,center_after_f2,0.000000000,2048,112308840006440,112308841800327
3207,32.070000000,center_after_f2,0.000000000,2048,112308850006678,112308851803345
3208,32.080000000,center_after_f2,0.000000000,2048,112308860007772,112308861754318
3209,32.090000000,center_after_f2,0.000000000,2048,112308870011310,112308871745706
3210,32.100000000,center_after_f2,0.000000000,2048,112308880009800,112308881727887
3211,32.110000000,center_after_f2,0.000000000,2048,112308890006570,112308891734954
3212,32.120000000,center_after_f2,0.000000000,2048,112308900006297,112308901728128
3213,32.130000000,center_after_f2,0.000000000,2048,112308910011712,112308911738748
3214,32.140000000,center_after_f2,0.000000000,2048,112308920008251,112308921771073
3215,32.150000000,center_after_f2,0.000000000,2048,112308930006303,112308931779397
3216,32.160000000,center_after_f2,0.000000000,2048,112308940006765,112308941780043
3217,32.170000000,center_after_f2,0.000000000,2048,112308950007117,112308951773709
3218,32.180000000,center_after_f2,0.000000000,2048,112308960006607,112308961776822
3219,32.190000000,center_after_f2,0.000000000,2048,112308970006336,112308971775893
3220,32.200000000,center_after_f2,0.000000000,2048,112308980006838,112308981776370
3221,32.210000000,center_after_f2,0.000000000,2048,112308990009435,112308991784735
3222,32.220000000,center_after_f2,0.000000000,2048,112309000006291,112309001776614
3223,32.230000000,center_after_f2,0.000000000,2048,112309010011939,112309011780637
3224,32.240000000,center_after_f2,0.000000000,2048,112309020008687,112309021780668
3225,32.250000000,center_after_f2,0.000000000,2048,112309030006212,112309031776117
3226,32.260000000,center_after_f2,0.000000000,2048,112309040006542,112309041776908
3227,32.270000000,center_after_f2,0.000000000,2048,112309050006641,112309051778016
3228,32.280000000,center_after_f2,0.000000000,2048,112309060006573,112309061775666
3229,32.290000000,center_after_f2,0.000000000,2048,112309070009756,112309071775398
3230,32.300000000,center_after_f2,0.000000000,2048,112309080006630,112309081775324
3231,32.310000000,center_after_f2,0.000000000,2048,112309090006893,112309091776153
3232,32.320000000,center_after_f2,0.000000000,2048,112309100014033,112309101733400
3233,32.330000000,center_after_f2,0.000000000,2048,112309110012437,112309111710135
3234,32.340000000,center_after_f2,0.000000000,2048,112309120008019,112309121774903
3235,32.350000000,center_after_f2,0.000000000,2048,112309130008908,112309131774265
3236,32.360000000,center_after_f2,0.000000000,2048,112309140006302,112309141778825
3237,32.370000000,center_after_f2,0.000000000,2048,112309150006663,112309151785588
3238,32.380000000,center_after_f2,0.000000000,2048,112309160006452,112309161783073
3239,32.390000000,center_after_f2,0.000000000,2048,112309170006678,112309171784564
3240,32.400000000,center_after_f2,0.000000000,2048,112309180008833,112309181779434
3241,32.410000000,center_after_f2,0.000000000,2048,112309190007573,112309191773887
3242,32.420000000,center_after_f2,0.000000000,2048,112309200007305,112309201777103
3243,32.430000000,center_after_f2,0.000000000,2048,112309210010775,112309211778431
3244,32.440000000,center_after_f2,0.000000000,2048,112309220010304,112309221774028
3245,32.450000000,center_after_f2,0.000000000,2048,112309230009069,112309231776144
3246,32.460000000,center_after_f2,0.000000000,2048,112309240006182,112309241780298
3247,32.470000000,center_after_f2,0.000000000,2048,112309250006474,112309251777252
3248,32.480000000,center_after_f2,0.000000000,2048,112309260007058,112309261786043
3249,32.490000000,center_after_f2,0.000000000,2048,112309270006489,112309271771468
3250,32.500000000,center_after_f2,0.000000000,2048,112309280010913,112309281780742
3251,32.510000000,center_after_f2,0.000000000,2048,112309290006953,112309291782516
3252,32.520000000,center_after_f2,0.000000000,2048,112309300006702,112309301777980
3253,32.530000000,center_after_f2,0.000000000,2048,112309310015013,112309311776503
3254,32.540000000,center_after_f2,0.000000000,2048,112309320007622,112309321780123
3255,32.550000000,center_after_f2,0.000000000,2048,112309330007407,112309331778886
3256,32.560000000,center_after_f2,0.000000000,2048,112309340009459,112309341753279
3257,32.570000000,center_after_f2,0.000000000,2048,112309350006425,112309351755854
3258,32.580000000,center_after_f2,0.000000000,2048,112309360006451,112309361755091
3259,32.590000000,center_after_f2,0.000000000,2048,112309370006562,112309371750281
3260,32.600000000,center_after_f2,0.000000000,2048,112309380006526,112309381755423
3261,32.610000000,center_after_f2,0.000000000,2048,112309390008902,112309391754329
3262,32.620000000,center_after_f2,0.000000000,2048,112309400006368,112309401753311
3263,32.630000000,center_after_f2,0.000000000,2048,112309410011575,112309411756889
3264,32.640000000,center_after_f2,0.000000000,2048,112309420007324,112309421750880
3265,32.650000000,center_after_f2,0.000000000,2048,112309430006680,112309431762076
3266,32.660000000,center_after_f2,0.000000000,2048,112309440006628,112309441752388
3267,32.670000000,center_after_f2,0.000000000,2048,112309450008378,112309451758827
3268,32.680000000,center_after_f2,0.000000000,2048,112309460006132,112309461756238
3269,32.690000000,center_after_f2,0.000000000,2048,112309470006740,112309471760660
3270,32.700000000,center_after_f2,0.000000000,2048,112309480006185,112309481756438
3271,32.710000000,center_after_f2,0.000000000,2048,112309490006874,112309491756881
3272,32.720000000,center_after_f2,0.000000000,2048,112309500006164,112309501758788
3273,32.730000000,center_after_f2,0.000000000,2048,112309510010813,112309511762886
3274,32.740000000,center_after_f2,0.000000000,2048,112309520011140,112309521763319
3275,32.750000000,center_after_f2,0.000000000,2048,112309530007300,112309531702557
3276,32.760000000,center_after_f2,0.000000000,2048,112309540008213,112309541759891
3277,32.770000000,center_after_f2,0.000000000,2048,112309550006094,112309551755559
3278,32.780000000,center_after_f2,0.000000000,2048,112309560006420,112309561754102
3279,32.790000000,center_after_f2,0.000000000,2048,112309570006646,112309571754087
3280,32.800000000,center_after_f2,0.000000000,2048,112309580006478,112309581764484
3281,32.810000000,center_after_f2,0.000000000,2048,112309590006366,112309591768462
3282,32.820000000,center_after_f2,0.000000000,2048,112309600009834,112309601749510
3283,32.830000000,center_after_f2,0.000000000,2048,112309610010487,112309611759336
3284,32.840000000,center_after_f2,0.000000000,2048,112309620007104,112309621757179
3285,32.850000000,center_after_f2,0.000000000,2048,112309630008930,112309631752882
3286,32.860000000,center_after_f2,0.000000000,2048,112309640009852,112309641759964
3287,32.870000000,center_after_f2,0.000000000,2048,112309650005884,112309651759596
3288,32.880000000,center_after_f2,0.000000000,2048,112309660006385,112309661753729
3289,32.890000000,center_after_f2,0.000000000,2048,112309670006613,112309671757622
3290,32.900000000,center_after_f2,0.000000000,2048,112309680007050,112309681755675
3291,32.910000000,center_after_f2,0.000000000,2048,112309690009008,112309691751393
3292,32.920000000,center_after_f2,0.000000000,2048,112309700006583,112309701752536
3293,32.930000000,center_after_f2,0.000000000,2048,112309710011528,112309711756831
3294,32.940000000,center_after_f2,0.000000000,2048,112309720006067,112309721755507
3295,32.950000000,center_after_f2,0.000000000,2048,112309730006805,112309731737050
3296,32.960000000,center_after_f2,0.000000000,2048,112309740007197,112309741733191
3297,32.970000000,center_after_f2,0.000000000,2048,112309750008185,112309751753092
3298,32.980000000,center_after_f2,0.000000000,2048,112309760005831,112309761734872
3299,32.990000000,center_after_f2,0.000000000,2048,112309770006554,112309771727534
3300,33.000000000,center_after_f2,0.000000000,2048,112309780006072,112309781728071
3301,33.010000000,center_after_f2,0.000000000,2048,112309790006461,112309791730867
3302,33.020000000,sine_f3,0.000000000,2048,112309800006008,112309801737737
3303,33.030000000,sine_f3,0.002825573,2046,112309810010916,112309811735760
3304,33.040000000,sine_f3,0.005639996,2044,112309820007149,112309821732343
3305,33.050000000,sine_f3,0.008432159,2043,112309830007698,112309831746072
3306,33.060000000,sine_f3,0.011191045,2041,112309840006908,112309841732947
3307,33.070000000,sine_f3,0.013905765,2039,112309850008664,112309851733223
3308,33.080000000,sine_f3,0.016565605,2037,112309860006957,112309861732504
3309,33.090000000,sine_f3,0.019160068,2036,112309870006322,112309871737309
3310,33.100000000,sine_f3,0.021678915,2034,112309880006892,112309881739315
3311,33.110000000,sine_f3,0.024112206,2032,112309890006749,112309891733181
3312,33.120000000,sine_f3,0.026450336,2031,112309900006202,112309901731983
3313,33.130000000,sine_f3,0.028684080,2029,112309910010580,112309911735134
3314,33.140000000,sine_f3,0.030804620,2028,112309920006781,112309921733793
3315,33.150000000,sine_f3,0.032803588,2027,112309930006046,112309931732982
3316,33.160000000,sine_f3,0.034673096,2025,112309940006481,112309941735467
3317,33.170000000,sine_f3,0.036405765,2024,112309950007512,112309951736462
3318,33.180000000,sine_f3,0.037994757,2023,112309960008181,112309961730554
3319,33.190000000,sine_f3,0.039433801,2022,112309970005811,112309971744952
3320,33.200000000,sine_f3,0.040717217,2021,112309980006579,112309981731752
3321,33.210000000,sine_f3,0.041839942,2021,112309990006639,112309991732946
3322,33.220000000,sine_f3,0.042797543,2020,112310000006717,112310001733337
3323,33.230000000,sine_f3,0.043586242,2020,112310010010832,112310011738434
3324,33.240000000,sine_f3,0.044202926,2019,112310020007002,112310021736618
3325,33.250000000,sine_f3,0.044645162,2019,112310030009730,112310031740023
3326,33.260000000,sine_f3,0.044911203,2019,112310040007386,112310041733027
3327,33.270000000,sine_f3,0.045000000,2019,112310050007360,112310051735687
3328,33.280000000,sine_f3,0.044911203,2019,112310060007601,112310061731398
3329,33.290000000,sine_f3,0.044645162,2019,112310070008610,112310071731450
3330,33.300000000,sine_f3,0.044202926,2019,112310080008973,112310081735247
3331,33.310000000,sine_f3,0.043586242,2020,112310090008211,112310091739941
3332,33.320000000,sine_f3,0.042797543,2020,112310100014617,112310101735514
3333,33.330000000,sine_f3,0.041839942,2021,112310110011613,112310111740661
3334,33.340000000,sine_f3,0.040717217,2021,112310120007392,112310121734313
3335,33.350000000,sine_f3,0.039433801,2022,112310130006881,112310131733322
3336,33.360000000,sine_f3,0.037994757,2023,112310140006622,112310141737929
3337,33.370000000,sine_f3,0.036405765,2024,112310150006611,112310151719300
3338,33.380000000,sine_f3,0.034673096,2025,112310160006676,112310161739199
3339,33.390000000,sine_f3,0.032803588,2027,112310170008496,112310171733199
3340,33.400000000,sine_f3,0.030804620,2028,112310180005821,112310181720128
3341,33.410000000,sine_f3,0.028684080,2029,112310190006629,112310191731438
3342,33.420000000,sine_f3,0.026450336,2031,112310200006725,112310201741227
3343,33.430000000,sine_f3,0.024112206,2032,112310210013071,112310211712626
3344,33.440000000,sine_f3,0.021678915,2034,112310220007089,112310221743194
3345,33.450000000,sine_f3,0.019160068,2036,112310230006915,112310231708185
3346,33.460000000,sine_f3,0.016565605,2037,112310240006969,112310241724117
3347,33.470000000,sine_f3,0.013905765,2039,112310250006842,112310251721104
3348,33.480000000,sine_f3,0.011191045,2041,112310260006643,112310261707169
3349,33.490000000,sine_f3,0.008432159,2043,112310270007384,112310271710294
3350,33.500000000,sine_f3,0.005639996,2044,112310280010940,112310281714519
3351,33.510000000,sine_f3,0.002825573,2046,112310290006273,112310291721908
3352,33.520000000,sine_f3,0.000000000,2048,112310300006631,112310301729870
3353,33.530000000,sine_f3,-0.002825573,2050,112310310012772,112310311734950
3354,33.540000000,sine_f3,-0.005639996,2052,112310320006711,112310321717860
3355,33.550000000,sine_f3,-0.008432159,2053,112310330006304,112310331716695
3356,33.560000000,sine_f3,-0.011191045,2055,112310340006916,112310341741377
3357,33.570000000,sine_f3,-0.013905765,2057,112310350006806,112310351731296
3358,33.580000000,sine_f3,-0.016565605,2059,112310360006929,112310361712839
3359,33.590000000,sine_f3,-0.019160068,2060,112310370006480,112310371711771
3360,33.600000000,sine_f3,-0.021678915,2062,112310380007089,112310381707043
3361,33.610000000,sine_f3,-0.024112206,2064,112310390008968,112310391715856
3362,33.620000000,sine_f3,-0.026450336,2065,112310400008921,112310401711721
3363,33.630000000,sine_f3,-0.028684080,2067,112310410013454,112310411716468
3364,33.640000000,sine_f3,-0.030804620,2068,112310420006887,112310421708518
3365,33.650000000,sine_f3,-0.032803588,2069,112310430007570,112310431716599
3366,33.660000000,sine_f3,-0.034673096,2071,112310440008989,112310441711890
3367,33.670000000,sine_f3,-0.036405765,2072,112310450006528,112310451713044
3368,33.680000000,sine_f3,-0.037994757,2073,112310460006637,112310461731107
3369,33.690000000,sine_f3,-0.039433801,2074,112310470006141,112310471720143
3370,33.700000000,sine_f3,-0.040717217,2075,112310480005998,112310481732866
3371,33.710000000,sine_f3,-0.041839942,2075,112310490006603,112310491716698
3372,33.720000000,sine_f3,-0.042797543,2076,112310500008260,112310501716006
3373,33.730000000,sine_f3,-0.043586242,2076,112310510012638,112310511716445
3374,33.740000000,sine_f3,-0.044202926,2077,112310520006517,112310521700538
3375,33.750000000,sine_f3,-0.044645162,2077,112310530006330,112310531704471
3376,33.760000000,sine_f3,-0.044911203,2077,112310540006199,112310541694155
3377,33.770000000,sine_f3,-0.045000000,2077,112310550006315,112310551701948
3378,33.780000000,sine_f3,-0.044911203,2077,112310560005994,112310561691473
3379,33.790000000,sine_f3,-0.044645162,2077,112310570006491,112310571709012
3380,33.800000000,sine_f3,-0.044202926,2077,112310580005934,112310581689918
3381,33.810000000,sine_f3,-0.043586242,2076,112310590007001,112310591691350
3382,33.820000000,sine_f3,-0.042797543,2076,112310600010475,112310601692752
3383,33.830000000,sine_f3,-0.041839942,2075,112310610019671,112310611696543
3384,33.840000000,sine_f3,-0.040717217,2075,112310620006401,112310621689741
3385,33.850000000,sine_f3,-0.039433801,2074,112310630006884,112310631695034
3386,33.860000000,sine_f3,-0.037994757,2073,112310640006588,112310641692306
3387,33.870000000,sine_f3,-0.036405765,2072,112310650006733,112310651691098
3388,33.880000000,sine_f3,-0.034673096,2071,112310660009267,112310661687782
3389,33.890000000,sine_f3,-0.032803588,2069,112310670006202,112310671704311
3390,33.900000000,sine_f3,-0.030804620,2068,112310680005965,112310681694721
3391,33.910000000,sine_f3,-0.028684080,2067,112310690006254,112310691699298
3392,33.920000000,sine_f3,-0.026450336,2065,112310700006713,112310701700165
3393,33.930000000,sine_f3,-0.024112206,2064,112310710013442,112310711699903
3394,33.940000000,sine_f3,-0.021678915,2062,112310720008757,112310721689662
3395,33.950000000,sine_f3,-0.019160068,2060,112310730005951,112310731702933
3396,33.960000000,sine_f3,-0.016565605,2059,112310740006436,112310741698433
3397,33.970000000,sine_f3,-0.013905765,2057,112310750006402,112310751700775
3398,33.980000000,sine_f3,-0.011191045,2055,112310760006511,112310761692522
3399,33.990000000,sine_f3,-0.008432159,2053,112310770009133,112310771695290
3400,34.000000000,sine_f3,-0.005639996,2052,112310780005951,112310781690157
3401,34.010000000,sine_f3,-0.002825573,2050,112310790006329,112310791691130
3402,34.020000000,sine_f3,-0.000000000,2048,112310800006254,112310801693111
3403,34.030000000,sine_f3,0.002825573,2046,112310810016618,112310811698915
3404,34.040000000,sine_f3,0.005639996,2044,112310820006883,112310821689102
3405,34.050000000,sine_f3,0.008432159,2043,112310830008365,112310831697245
3406,34.060000000,sine_f3,0.011191045,2041,112310840005975,112310841694647
3407,34.070000000,sine_f3,0.013905765,2039,112310850006943,112310851694818
3408,34.080000000,sine_f3,0.016565605,2037,112310860006688,112310861695775
3409,34.090000000,sine_f3,0.019160068,2036,112310870006618,112310871702144
3410,34.100000000,sine_f3,0.021678915,2034,112310880008904,112310881689610
3411,34.110000000,sine_f3,0.024112206,2032,112310890006647,112310891694836
3412,34.120000000,sine_f3,0.026450336,2031,112310900006781,112310901694401
3413,34.130000000,sine_f3,0.028684080,2029,112310910012344,112310911691956
3414,34.140000000,sine_f3,0.030804620,2028,112310920006436,112310921691979
3415,34.150000000,sine_f3,0.032803588,2027,112310930006629,112310931692165
3416,34.160000000,sine_f3,0.034673096,2025,112310940008476,112310941705837
3417,34.170000000,sine_f3,0.036405765,2024,112310950007041,112310951686693
3418,34.180000000,sine_f3,0.037994757,2023,112310960006683,112310961677378
3419,34.190000000,sine_f3,0.039433801,2022,112310970006670,112310971673862
3420,34.200000000,sine_f3,0.040717217,2021,112310980006302,112310981688991
3421,34.210000000,sine_f3,0.041839942,2021,112310990006155,112310991672422
3422,34.220000000,sine_f3,0.042797543,2020,112311000006473,112311001674287
3423,34.230000000,sine_f3,0.043586242,2020,112311010012894,112311011677882
3424,34.240000000,sine_f3,0.044202926,2019,112311020006409,112311021667369
3425,34.250000000,sine_f3,0.044645162,2019,112311030006756,112311031675675
3426,34.260000000,sine_f3,0.044911203,2019,112311040006666,112311041670862
3427,34.270000000,sine_f3,0.045000000,2019,112311050005947,112311051668943
3428,34.280000000,sine_f3,0.044911203,2019,112311060006383,112311061668203
3429,34.290000000,sine_f3,0.044645162,2019,112311070006474,112311071673144
3430,34.300000000,sine_f3,0.044202926,2019,112311080006583,112311081671000
3431,34.310000000,sine_f3,0.043586242,2020,112311090009695,112311091672258
3432,34.320000000,sine_f3,0.042797543,2020,112311100009776,112311101670333
3433,34.330000000,sine_f3,0.041839942,2021,112311110013788,112311111677063
3434,34.340000000,sine_f3,0.040717217,2021,112311120008046,112311121674459
3435,34.350000000,sine_f3,0.039433801,2022,112311130007385,112311131672328
3436,34.360000000,sine_f3,0.037994757,2023,112311140008666,112311141668762
3437,34.370000000,sine_f3,0.036405765,2024,112311150006021,112311151675836
3438,34.380000000,sine_f3,0.034673096,2025,112311160006548,112311161675982
3439,34.390000000,sine_f3,0.032803588,2027,112311170006293,112311171675095
3440,34.400000000,sine_f3,0.030804620,2028,112311180006431,112311181666840
3441,34.410000000,sine_f3,0.028684080,2029,112311190009237,112311191674270
3442,34.420000000,sine_f3,0.026450336,2031,112311200006646,112311201664916
3443,34.430000000,sine_f3,0.024112206,2032,112311210012167,112311211675038
3444,34.440000000,sine_f3,0.021678915,2034,112311220006614,112311221675997
3445,34.450000000,sine_f3,0.019160068,2036,112311230017624,112311231671047
3446,34.460000000,sine_f3,0.016565605,2037,112311240006379,112311241680966
3447,34.470000000,sine_f3,0.013905765,2039,112311250008526,112311251668462
3448,34.480000000,sine_f3,0.011191045,2041,112311260005913,112311261677806
3449,34.490000000,sine_f3,0.008432159,2043,112311270006726,112311271667259
3450,34.500000000,sine_f3,0.005639996,2044,112311280006582,112311281668714
3451,34.510000000,sine_f3,0.002825573,2046,112311290006418,112311291671680
3452,34.520000000,sine_f3,0.000000000,2048,112311300006538,112311301677357
3453,34.530000000,sine_f3,-0.002825573,2050,112311310012473,112311311682920
3454,34.540000000,sine_f3,-0.005639996,2052,112311320006330,112311321672438
3455,34.550000000,sine_f3,-0.008432159,2053,112311330006301,112311331666808
3456,34.560000000,sine_f3,-0.011191045,2055,112311340006118,112311341669504
3457,34.570000000,sine_f3,-0.013905765,2057,112311350006131,112311351669241
3458,34.580000000,sine_f3,-0.016565605,2059,112311360008483,112311361670039
3459,34.590000000,sine_f3,-0.019160068,2060,112311370005740,112311371668419
3460,34.600000000,sine_f3,-0.021678915,2062,112311380006442,112311381676304
3461,34.610000000,sine_f3,-0.024112206,2064,112311390006894,112311391661175
3462,34.620000000,sine_f3,-0.026450336,2065,112311400006220,112311401668473
3463,34.630000000,sine_f3,-0.028684080,2067,112311410011886,112311411660353
3464,34.640000000,sine_f3,-0.030804620,2068,112311420007667,112311421666964
3465,34.650000000,sine_f3,-0.032803588,2069,112311430010389,112311431664308
3466,34.660000000,sine_f3,-0.034673096,2071,112311440006970,112311441650337
3467,34.670000000,sine_f3,-0.036405765,2072,112311450006813,112311451651256
3468,34.680000000,sine_f3,-0.037994757,2073,112311460006829,112311461655294
3469,34.690000000,sine_f3,-0.039433801,2074,112311470008398,112311471647569
3470,34.700000000,sine_f3,-0.040717217,2075,112311480005939,112311481660224
3471,34.710000000,sine_f3,-0.041839942,2075,112311490007036,112311491653305
3472,34.720000000,sine_f3,-0.042797543,2076,112311500006497,112311501654259
3473,34.730000000,sine_f3,-0.043586242,2076,112311510013084,112311511655097
3474,34.740000000,sine_f3,-0.044202926,2077,112311520015898,112311521596829
3475,34.750000000,sine_f3,-0.044645162,2077,112311530008707,112311531590048
3476,34.760000000,sine_f3,-0.044911203,2077,112311540006956,112311541580058
3477,34.770000000,sine_f3,-0.045000000,2077,112311550006300,112311551652595
3478,34.780000000,sine_f3,-0.044911203,2077,112311560006959,112311561654255
3479,34.790000000,sine_f3,-0.044645162,2077,112311570006539,112311571661690
3480,34.800000000,sine_f3,-0.044202926,2077,112311580008311,112311581651788
3481,34.810000000,sine_f3,-0.043586242,2076,112311590006068,112311591665727
3482,34.820000000,sine_f3,-0.042797543,2076,112311600009867,112311601645128
3483,34.830000000,sine_f3,-0.041839942,2075,112311610013148,112311611655793
3484,34.840000000,sine_f3,-0.040717217,2075,112311620007110,112311621663044
3485,34.850000000,sine_f3,-0.039433801,2074,112311630006977,112311631652810
3486,34.860000000,sine_f3,-0.037994757,2073,112311640006465,112311641652118
3487,34.870000000,sine_f3,-0.036405765,2072,112311650006358,112311651655523
3488,34.880000000,sine_f3,-0.034673096,2071,112311660005764,112311661658357
3489,34.890000000,sine_f3,-0.032803588,2069,112311670006216,112311671647119
3490,34.900000000,sine_f3,-0.030804620,2068,112311680008002,112311681648304
3491,34.910000000,sine_f3,-0.028684080,2067,112311690005448,112311691650897
3492,34.920000000,sine_f3,-0.026450336,2065,112311700006825,112311701646825
3493,34.930000000,sine_f3,-0.024112206,2064,112311710011901,112311711594443
3494,34.940000000,sine_f3,-0.021678915,2062,112311720006716,112311721651351
3495,34.950000000,sine_f3,-0.019160068,2060,112311730007028,112311731655094
3496,34.960000000,sine_f3,-0.016565605,2059,112311740006657,112311741646896
3497,34.970000000,sine_f3,-0.013905765,2057,112311750006709,112311751659105
3498,34.980000000,sine_f3,-0.011191045,2055,112311760006852,112311761658839
3499,34.990000000,sine_f3,-0.008432159,2053,112311770007289,112311771647855
3500,35.000000000,sine_f3,-0.005639996,2052,112311780008323,112311781655205
3501,35.010000000,sine_f3,-0.002825573,2050,112311790006264,112311791657497
3502,35.020000000,sine_f3,-0.000000000,2048,112311800007269,112311801652575
3503,35.030000000,sine_f3,0.002825573,2046,112311810007109,112311811646025
3504,35.040000000,sine_f3,0.005639996,2044,112311820006624,112311821652601
3505,35.050000000,sine_f3,0.008432159,2043,112311830009565,112311831640719
3506,35.060000000,sine_f3,0.011191045,2041,112311840006564,112311841659085
3507,35.070000000,sine_f3,0.013905765,2039,112311850006476,112311851640527
3508,35.080000000,sine_f3,0.016565605,2037,112311860007592,112311861637583
3509,35.090000000,sine_f3,0.019160068,2036,112311870010301,112311871628541
3510,35.100000000,sine_f3,0.021678915,2034,112311880007002,112311881639430
3511,35.110000000,sine_f3,0.024112206,2032,112311890008998,112311891636175
3512,35.120000000,sine_f3,0.026450336,2031,112311900006936,112311901627960
3513,35.130000000,sine_f3,0.028684080,2029,112311910006502,112311911631980
3514,35.140000000,sine_f3,0.030804620,2028,112311920006760,112311921628937
3515,35.150000000,sine_f3,0.032803588,2027,112311930006429,112311931633051
3516,35.160000000,sine_f3,0.034673096,2025,112311940006801,112311941635673
3517,35.170000000,sine_f3,0.036405765,2024,112311950007106,112311951629501
3518,35.180000000,sine_f3,0.037994757,2023,112311960007027,112311961578720
3519,35.190000000,sine_f3,0.039433801,2022,112311970006801,112311971637390
3520,35.200000000,sine_f3,0.040717217,2021,112311980007079,112311981638824
3521,35.210000000,sine_f3,0.041839942,2021,112311990008524,112311991639897
3522,35.220000000,sine_f3,0.042797543,2020,112312000009869,112312001626871
3523,35.230000000,sine_f3,0.043586242,2020,112312010006848,112312011626485
3524,35.240000000,sine_f3,0.044202926,2019,112312020006395,112312021641604
3525,35.250000000,sine_f3,0.044645162,2019,112312030006532,112312031639851
3526,35.260000000,sine_f3,0.044911203,2019,112312040007562,112312041634548
3527,35.270000000,sine_f3,0.045000000,2019,112312050007274,112312051626957
3528,35.280000000,sine_f3,0.044911203,2019,112312060006545,112312061627108
3529,35.290000000,sine_f3,0.044645162,2019,112312070009431,112312071631303
3530,35.300000000,sine_f3,0.044202926,2019,112312080007108,112312081626449
3531,35.310000000,sine_f3,0.043586242,2020,112312090007176,112312091625228
3532,35.320000000,sine_f3,0.042797543,2020,112312100009938,112312101643776
3533,35.330000000,sine_f3,0.041839942,2021,112312110007272,112312111634139
3534,35.340000000,sine_f3,0.040717217,2021,112312120011318,112312121638746
3535,35.350000000,sine_f3,0.039433801,2022,112312130007469,112312131638589
3536,35.360000000,sine_f3,0.037994757,2023,112312140006542,112312141631471
3537,35.370000000,sine_f3,0.036405765,2024,112312150009826,112312151626822
3538,35.380000000,sine_f3,0.034673096,2025,112312160006605,112312161626376
3539,35.390000000,sine_f3,0.032803588,2027,112312170006392,112312171630472
3540,35.400000000,sine_f3,0.030804620,2028,112312180006668,112312181629800
3541,35.410000000,sine_f3,0.028684080,2029,112312190009670,112312191744573
3542,35.420000000,sine_f3,0.026450336,2031,112312200093260,112312201567502
3543,35.430000000,sine_f3,0.024112206,2032,112312210092117,112312211567495
3544,35.440000000,sine_f3,0.021678915,2034,112312220090262,112312221569839
3545,35.450000000,sine_f3,0.019160068,2036,112312230028232,112312231581115
3546,35.460000000,sine_f3,0.016565605,2037,112312240087703,112312241566388
3547,35.470000000,sine_f3,0.013905765,2039,112312250095607,112312251565011
3548,35.480000000,sine_f3,0.011191045,2041,112312260088748,112312261561610
3549,35.490000000,sine_f3,0.008432159,2043,112312270085478,112312271561811
3550,35.500000000,sine_f3,0.005639996,2044,112312280040237,112312281581129
3551,35.510000000,sine_f3,0.002825573,2046,112312290036453,112312291566053
3552,35.520000000,sine_f3,0.000000000,2048,112312300088922,112312301583641
3553,35.530000000,sine_f3,-0.002825573,2050,112312310095273,112312311561251
3554,35.540000000,sine_f3,-0.005639996,2052,112312320098235,112312321559859
3555,35.550000000,sine_f3,-0.008432159,2053,112312330088120,112312331563956
3556,35.560000000,sine_f3,-0.011191045,2055,112312340096570,112312341559285
3557,35.570000000,sine_f3,-0.013905765,2057,112312350094768,112312351560175
3558,35.580000000,sine_f3,-0.016565605,2059,112312360090600,112312361574500
3559,35.590000000,sine_f3,-0.019160068,2060,112312370094519,112312371558700
3560,35.600000000,sine_f3,-0.021678915,2062,112312380087999,112312381564280
3561,35.610000000,sine_f3,-0.024112206,2064,112312390087289,112312391562092
3562,35.620000000,sine_f3,-0.026450336,2065,112312400087870,112312401563951
3563,35.630000000,sine_f3,-0.028684080,2067,112312410049327,112312411563588
3564,35.640000000,sine_f3,-0.030804620,2068,112312420084281,112312421559643
3565,35.650000000,sine_f3,-0.032803588,2069,112312430092182,112312431561413
3566,35.660000000,sine_f3,-0.034673096,2071,112312440091602,112312441565499
3567,35.670000000,sine_f3,-0.036405765,2072,112312450087509,112312451570096
3568,35.680000000,sine_f3,-0.037994757,2073,112312460092012,112312461564294
3569,35.690000000,sine_f3,-0.039433801,2074,112312470089069,112312471563908
3570,35.700000000,sine_f3,-0.040717217,2075,112312480088114,112312481563625
3571,35.710000000,sine_f3,-0.041839942,2075,112312490086716,112312491560271
3572,35.720000000,sine_f3,-0.042797543,2076,112312500086263,112312501560194
3573,35.730000000,sine_f3,-0.043586242,2076,112312510088044,112312511561722
3574,35.740000000,sine_f3,-0.044202926,2077,112312520084838,112312521563373
3575,35.750000000,sine_f3,-0.044645162,2077,112312530025339,112312531560845
3576,35.760000000,sine_f3,-0.044911203,2077,112312540010411,112312541545788
3577,35.770000000,sine_f3,-0.045000000,2077,112312550007606,112312551544580
3578,35.780000000,sine_f3,-0.044911203,2077,112312560017018,112312561552518
3579,35.790000000,sine_f3,-0.044645162,2077,112312570008379,112312571545150
3580,35.800000000,sine_f3,-0.044202926,2077,112312580086374,112312581563692
3581,35.810000000,sine_f3,-0.043586242,2076,112312590092679,112312591567640
3582,35.820000000,sine_f3,-0.042797543,2076,112312600085231,112312601562259
3583,35.830000000,sine_f3,-0.041839942,2075,112312610086546,112312611565960
3584,35.840000000,sine_f3,-0.040717217,2075,112312620038171,112312621558724
3585,35.850000000,sine_f3,-0.039433801,2074,112312630088848,112312631560924
3586,35.860000000,sine_f3,-0.037994757,2073,112312640091424,112312641541090
3587,35.870000000,sine_f3,-0.036405765,2072,112312650095387,112312651563473
3588,35.880000000,sine_f3,-0.034673096,2071,112312660086728,112312661539907
3589,35.890000000,sine_f3,-0.032803588,2069,112312670092689,112312671546738
3590,35.900000000,sine_f3,-0.030804620,2068,112312680087892,112312681546587
3591,35.910000000,sine_f3,-0.028684080,2067,112312690092682,112312691538385
3592,35.920000000,sine_f3,-0.026450336,2065,112312700095268,112312701539194
3593,35.930000000,sine_f3,-0.024112206,2064,112312710093058,112312711540149
3594,35.940000000,sine_f3,-0.021678915,2062,112312720093704,112312721541785
3595,35.950000000,sine_f3,-0.019160068,2060,112312730089036,112312731542193
3596,35.960000000,sine_f3,-0.016565605,2059,112312740086347,112312741540149
3597,35.970000000,sine_f3,-0.013905765,2057,112312750086585,112312751549788
3598,35.980000000,sine_f3,-0.011191045,2055,112312760091347,112312762554895
3599,35.990000000,sine_f3,-0.008432159,2053,112312770089736,112312771533967
3600,36.000000000,sine_f3,-0.005639996,2052,112312780086446,112312781543411
3601,36.010000000,sine_f3,-0.002825573,2050,112312790093682,112312791537831
3602,36.020000000,sine_f3,-0.000000000,2048,112312800087577,112312801541347
3603,36.030000000,sine_f3,0.002825573,2046,112312810087597,112312811544114
3604,36.040000000,sine_f3,0.005639996,2044,112312820090142,112312821545444
3605,36.050000000,sine_f3,0.008432159,2043,112312830041169,112312831613915
3606,36.060000000,sine_f3,0.011191045,2041,112312840019563,112312841590709
3607,36.070000000,sine_f3,0.013905765,2039,112312850009584,112312851610653
3608,36.080000000,sine_f3,0.016565605,2037,112312860006824,112312861606946
3609,36.090000000,sine_f3,0.019160068,2036,112312870007154,112312871609426
3610,36.100000000,sine_f3,0.021678915,2034,112312880006555,112312881598703
3611,36.110000000,sine_f3,0.024112206,2032,112312890006711,112312891609322
3612,36.120000000,sine_f3,0.026450336,2031,112312900007014,112312901609214
3613,36.130000000,sine_f3,0.028684080,2029,112312910006529,112312911608144
3614,36.140000000,sine_f3,0.030804620,2028,112312920006752,112312921608295
3615,36.150000000,sine_f3,0.032803588,2027,112312930007001,112312931598464
3616,36.160000000,sine_f3,0.034673096,2025,112312940007652,112312941609289
3617,36.170000000,sine_f3,0.036405765,2024,112312950009357,112312951588669
3618,36.180000000,sine_f3,0.037994757,2023,112312960006737,112312961546268
3619,36.190000000,sine_f3,0.039433801,2022,112312970006428,112312971549550
3620,36.200000000,sine_f3,0.040717217,2021,112312980006315,112312981597344
3621,36.210000000,sine_f3,0.041839942,2021,112312990006503,112312991569704
3622,36.220000000,sine_f3,0.042797543,2020,112313000007002,112313001589458
3623,36.230000000,sine_f3,0.043586242,2020,112313010007508,112313011576164
3624,36.240000000,sine_f3,0.044202926,2019,112313020007154,112313021578208
3625,36.250000000,sine_f3,0.044645162,2019,112313030007331,112313031566027
3626,36.260000000,sine_f3,0.044911203,2019,112313040006924,112313041578714
3627,36.270000000,sine_f3,0.045000000,2019,112313050007518,112313051572157
3628,36.280000000,sine_f3,0.044911203,2019,112313060009373,112313061571989
3629,36.290000000,sine_f3,0.044645162,2019,112313070006789,112313071573206
3630,36.300000000,sine_f3,0.044202926,2019,112313080006930,112313081567509
3631,36.310000000,sine_f3,0.043586242,2020,112313090006653,112313091569179
3632,36.320000000,sine_f3,0.042797543,2020,112313100010132,112313101581037
3633,36.330000000,sine_f3,0.041839942,2021,112313110006982,112313111580005
3634,36.340000000,sine_f3,0.040717217,2021,112313120010338,112313121578989
3635,36.350000000,sine_f3,0.039433801,2022,112313130006835,112313131542198
3636,36.360000000,sine_f3,0.037994757,2023,112313140007250,112313141568195
3637,36.370000000,sine_f3,0.036405765,2024,112313150008833,112313151570781
3638,36.380000000,sine_f3,0.034673096,2025,112313160006687,112313161569825
3639,36.390000000,sine_f3,0.032803588,2027,112313170006665,112313171571505
3640,36.400000000,sine_f3,0.030804620,2028,112313180006606,112313181570447
3641,36.410000000,sine_f3,0.028684080,2029,112313190006283,112313191566580
3642,36.420000000,sine_f3,0.026450336,2031,112313200007026,112313201564895
3643,36.430000000,sine_f3,0.024112206,2032,112313210006923,112313211568884
3644,36.440000000,sine_f3,0.021678915,2034,112313220007146,112313221579063
3645,36.450000000,sine_f3,0.019160068,2036,112313230006944,112313231566398
3646,36.460000000,sine_f3,0.016565605,2037,112313240006869,112313241581734
3647,36.470000000,sine_f3,0.013905765,2039,112313250007161,112313251570733
3648,36.480000000,sine_f3,0.011191045,2041,112313260008703,112313261569822
3649,36.490000000,sine_f3,0.008432159,2043,112313270006514,112313271568246
3650,36.500000000,sine_f3,0.005639996,2044,112313280007121,112313281568734
3651,36.510000000,sine_f3,0.002825573,2046,112313290006781,112313291572017
3652,36.520000000,sine_f3,0.000000000,2048,112313300007239,112313301573380
3653,36.530000000,sine_f3,-0.002825573,2050,112313310009672,112313311573246
3654,36.540000000,sine_f3,-0.005639996,2052,112313320007115,112313321577242
3655,36.550000000,sine_f3,-0.008432159,2053,112313330007335,112313331565928
3656,36.560000000,sine_f3,-0.011191045,2055,112313340007022,112313341569340
3657,36.570000000,sine_f3,-0.013905765,2057,112313350006866,112313351570391
3658,36.580000000,sine_f3,-0.016565605,2059,112313360007338,112313361567228
3659,36.590000000,sine_f3,-0.019160068,2060,112313370008746,112313371569660
3660,36.600000000,sine_f3,-0.021678915,2062,112313380006652,112313381569864
3661,36.610000000,sine_f3,-0.024112206,2064,112313390008519,112313391569636
3662,36.620000000,sine_f3,-0.026450336,2065,112313400006970,112313401581319
3663,36.630000000,sine_f3,-0.028684080,2067,112313410007113,112313411556252
3664,36.640000000,sine_f3,-0.030804620,2068,112313420007744,112313421573168
3665,36.650000000,sine_f3,-0.032803588,2069,112313430007196,112313431549291
3666,36.660000000,sine_f3,-0.034673096,2071,112313440006673,112313441561978
3667,36.670000000,sine_f3,-0.036405765,2072,112313450007158,112313451544391
3668,36.680000000,sine_f3,-0.037994757,2073,112313460007121,112313461552524
3669,36.690000000,sine_f3,-0.039433801,2074,112313470055628,112313471550855
3670,36.700000000,sine_f3,-0.040717217,2075,112313480006895,112313481550016
3671,36.710000000,sine_f3,-0.041839942,2075,112313490006248,112313491546999
3672,36.720000000,sine_f3,-0.042797543,2076,112313500006255,112313501554267
3673,36.730000000,sine_f3,-0.043586242,2076,112313510006683,112313511550094
3674,36.740000000,sine_f3,-0.044202926,2077,112313520010945,112313521580289
3675,36.750000000,sine_f3,-0.044645162,2077,112313530008499,112313531545101
3676,36.760000000,sine_f3,-0.044911203,2077,112313540007145,112313541551025
3677,36.770000000,sine_f3,-0.045000000,2077,112313550007332,112313551556041
3678,36.780000000,sine_f3,-0.044911203,2077,112313560008047,112313561552866
3679,36.790000000,sine_f3,-0.044645162,2077,112313570007421,112313571550641
3680,36.800000000,sine_f3,-0.044202926,2077,112313580008774,112313581549646
3681,36.810000000,sine_f3,-0.043586242,2076,112313590006657,112313591547123
3682,36.820000000,sine_f3,-0.042797543,2076,112313600010157,112313601554298
3683,36.830000000,sine_f3,-0.041839942,2075,112313610006787,112313611554742
3684,36.840000000,sine_f3,-0.040717217,2075,112313620006899,112313621555198
3685,36.850000000,sine_f3,-0.039433801,2074,112313630007533,112313631501454
3686,36.860000000,sine_f3,-0.037994757,2073,112313640006790,112313641542958
3687,36.870000000,sine_f3,-0.036405765,2072,112313650006839,112313651545081
3688,36.880000000,sine_f3,-0.034673096,2071,112313660007203,112313661543505
3689,36.890000000,sine_f3,-0.032803588,2069,112313670007724,112313671545331
3690,36.900000000,sine_f3,-0.030804620,2068,112313680008943,112313681553643
3691,36.910000000,sine_f3,-0.028684080,2067,112313690006308,112313691559363
3692,36.920000000,sine_f3,-0.026450336,2065,112313700007167,112313701553682
3693,36.930000000,sine_f3,-0.024112206,2064,112313710006773,112313711551495
3694,36.940000000,sine_f3,-0.021678915,2062,112313720008401,112313721560139
3695,36.950000000,sine_f3,-0.019160068,2060,112313730007906,112313731556995
3696,36.960000000,sine_f3,-0.016565605,2059,112313740007081,112313741555491
3697,36.970000000,sine_f3,-0.013905765,2057,112313750006740,112313751543072
3698,36.980000000,sine_f3,-0.011191045,2055,112313760006954,112313761558062
3699,36.990000000,sine_f3,-0.008432159,2053,112313770007354,112313771549916
3700,37.000000000,sine_f3,-0.005639996,2052,112313780008436,112313781545111
3701,37.010000000,sine_f3,-0.002825573,2050,112313790006179,112313791553262
3702,37.020000000,sine_f3,-0.000000000,2048,112313800009253,112313801544276
3703,37.030000000,sine_f3,0.002825573,2046,112313810006877,112313811542899
3704,37.040000000,sine_f3,0.005639996,2044,112313820006872,112313821547474
3705,37.050000000,sine_f3,0.008432159,2043,112313830010253,112313831528505
3706,37.060000000,sine_f3,0.011191045,2041,112313840006699,112313841555057
3707,37.070000000,sine_f3,0.013905765,2039,112313850006555,112313851531584
3708,37.080000000,sine_f3,0.016565605,2037,112313860007252,112313861538895
3709,37.090000000,sine_f3,0.019160068,2036,112313870007419,112313871529539
3710,37.100000000,sine_f3,0.021678915,2034,112313880009807,112313881529744
3711,37.110000000,sine_f3,0.024112206,2032,112313890006507,112313891537049
3712,37.120000000,sine_f3,0.026450336,2031,112313900006331,112313901533452
3713,37.130000000,sine_f3,0.028684080,2029,112313910006492,112313911538898
3714,37.140000000,sine_f3,0.030804620,2028,112313920009806,112313921549445
3715,37.150000000,sine_f3,0.032803588,2027,112313930006502,112313931528781
3716,37.160000000,sine_f3,0.034673096,2025,112313940006535,112313941536150
3717,37.170000000,sine_f3,0.036405765,2024,112313950007716,112313951532817
3718,37.180000000,sine_f3,0.037994757,2023,112313960006850,112313961528279
3719,37.190000000,sine_f3,0.039433801,2022,112313970007025,112313971526767
3720,37.200000000,sine_f3,0.040717217,2021,112313980006984,112313981528771
3721,37.210000000,sine_f3,0.041839942,2021,112313990009468,112313991526850
3722,37.220000000,sine_f3,0.042797543,2020,112314000006352,112314001528921
3723,37.230000000,sine_f3,0.043586242,2020,112314010006367,112314011527254
3724,37.240000000,sine_f3,0.044202926,2019,112314020006620,112314021528899
3725,37.250000000,sine_f3,0.044645162,2019,112314030006429,112314031531288
3726,37.260000000,sine_f3,0.044911203,2019,112314040006477,112314041529471
3727,37.270000000,sine_f3,0.045000000,2019,112314050009135,112314051527169
3728,37.280000000,sine_f3,0.044911203,2019,112314060006554,112314061523412
3729,37.290000000,sine_f3,0.044645162,2019,112314070006672,112314071539337
3730,37.300000000,sine_f3,0.044202926,2019,112314080007319,112314081534866
3731,37.310000000,sine_f3,0.043586242,2020,112314090009408,112314091534460
3732,37.320000000,sine_f3,0.042797543,2020,112314100006701,112314101536570
3733,37.330000000,sine_f3,0.041839942,2021,112314110007071,112314111535308
3734,37.340000000,sine_f3,0.040717217,2021,112314120010144,112314121539304
3735,37.350000000,sine_f3,0.039433801,2022,112314130009656,112314131537299
3736,37.360000000,sine_f3,0.037994757,2023,112314140006099,112314141531931
3737,37.370000000,sine_f3,0.036405765,2024,112314150007040,112314151522170
3738,37.380000000,sine_f3,0.034673096,2025,112314160006506,112314161537867
3739,37.390000000,sine_f3,0.032803588,2027,112314170007110,112314171526721
3740,37.400000000,sine_f3,0.030804620,2028,112314180006059,112314181529753
3741,37.410000000,sine_f3,0.028684080,2029,112314190006091,112314191537976
3742,37.420000000,sine_f3,0.026450336,2031,112314200006932,112314201529200
3743,37.430000000,sine_f3,0.024112206,2032,112314210006569,112314211528548
3744,37.440000000,sine_f3,0.021678915,2034,112314220006128,112314221536392
3745,37.450000000,sine_f3,0.019160068,2036,112314230006143,112314231531330
3746,37.460000000,sine_f3,0.016565605,2037,112314240006550,112314241530847
3747,37.470000000,sine_f3,0.013905765,2039,112314250005840,112314251526758
3748,37.480000000,sine_f3,0.011191045,2041,112314260006027,112314261515013
3749,37.490000000,sine_f3,0.008432159,2043,112314270006753,112314271507990
3750,37.500000000,sine_f3,0.005639996,2044,112314280016439,112314281515698
3751,37.510000000,sine_f3,0.002825573,2046,112314290007142,112314291508854
3752,37.520000000,sine_f3,0.000000000,2048,112314300006704,112314301511419
3753,37.530000000,sine_f3,-0.002825573,2050,112314310006240,112314311506055
3754,37.540000000,sine_f3,-0.005639996,2052,112314320088003,112314321658823
3755,37.550000000,sine_f3,-0.008432159,2053,112314330103945,112314331642292
3756,37.560000000,sine_f3,-0.011191045,2055,112314340093123,112314341640905
3757,37.570000000,sine_f3,-0.013905765,2057,112314350088224,112314351638594
3758,37.580000000,sine_f3,-0.016565605,2059,112314360093626,112314361638914
3759,37.590000000,sine_f3,-0.019160068,2060,112314370088037,112314371640312
3760,37.600000000,sine_f3,-0.021678915,2062,112314380089987,112314381639271
3761,37.610000000,sine_f3,-0.024112206,2064,112314390085735,112314391638581
3762,37.620000000,sine_f3,-0.026450336,2065,112314400086951,112314401524661
3763,37.630000000,sine_f3,-0.028684080,2067,112314410088992,112314411523457
3764,37.640000000,sine_f3,-0.030804620,2068,112314420088333,112314421520021
3765,37.650000000,sine_f3,-0.032803588,2069,112314430108448,112314431517207
3766,37.660000000,sine_f3,-0.034673096,2071,112314440009913,112314441508622
3767,37.670000000,sine_f3,-0.036405765,2072,112314450008832,112314451514850
3768,37.680000000,sine_f3,-0.037994757,2073,112314460006847,112314461514589
3769,37.690000000,sine_f3,-0.039433801,2074,112314470007136,112314471508691
3770,37.700000000,sine_f3,-0.040717217,2075,112314480006471,112314481505742
3771,37.710000000,sine_f3,-0.041839942,2075,112314490007044,112314491512460
3772,37.720000000,sine_f3,-0.042797543,2076,112314500009021,112314501517867
3773,37.730000000,sine_f3,-0.043586242,2076,112314510006410,112314511510872
3774,37.740000000,sine_f3,-0.044202926,2077,112314520006822,112314521512281
3775,37.750000000,sine_f3,-0.044645162,2077,112314530006523,112314531510995
3776,37.760000000,sine_f3,-0.044911203,2077,112314540006387,112314541512864
3777,37.770000000,sine_f3,-0.045000000,2077,112314550009677,112314551511765
3778,37.780000000,sine_f3,-0.044911203,2077,112314560006781,112314561516054
3779,37.790000000,sine_f3,-0.044645162,2077,112314570006583,112314571506708
3780,37.800000000,sine_f3,-0.044202926,2077,112314580006583,112314581512497
3781,37.810000000,sine_f3,-0.043586242,2076,112314590007102,112314591500619
3782,37.820000000,sine_f3,-0.042797543,2076,112314600007479,112314601506216
3783,37.830000000,sine_f3,-0.041839942,2075,112314610009244,112314611504289
3784,37.840000000,sine_f3,-0.040717217,2075,112314620006010,112314621505897
3785,37.850000000,sine_f3,-0.039433801,2074,112314630006945,112314631507536
3786,37.860000000,sine_f3,-0.037994757,2073,112314640006320,112314641505481
3787,37.870000000,sine_f3,-0.036405765,2072,112314650006397,112314651512590
3788,37.880000000,sine_f3,-0.034673096,2071,112314660006594,112314661504999
3789,37.890000000,sine_f3,-0.032803588,2069,112314670007059,112314671486867
3790,37.900000000,sine_f3,-0.030804620,2068,112314680006947,112314681503918
3791,37.910000000,sine_f3,-0.028684080,2067,112314690007393,112314691483208
3792,37.920000000,sine_f3,-0.026450336,2065,112314700009361,112314701485845
3793,37.930000000,sine_f3,-0.024112206,2064,112314710009046,112314711488579
3794,37.940000000,sine_f3,-0.021678915,2062,112314720006221,112314721487804
3795,37.950000000,sine_f3,-0.019160068,2060,112314730006562,112314731503374
3796,37.960000000,sine_f3,-0.016565605,2059,112314740006585,112314741502622
3797,37.970000000,sine_f3,-0.013905765,2057,112314750006689,112314751494395
3798,37.980000000,sine_f3,-0.011191045,2055,112314760009543,112314761483688
3799,37.990000000,sine_f3,-0.008432159,2053,112314770006606,112314771486860
3800,38.000000000,sine_f3,-0.005639996,2052,112314780006844,112314781484603
3801,38.010000000,sine_f3,-0.002825573,2050,112314790006574,112314791487275
3802,38.020000000,sine_f3,-0.000000000,2048,112314800006426,112314801478761
3803,38.030000000,center_after_f3,0.000000000,2048,112314810007218,112314811489543
3804,38.040000000,center_after_f3,0.000000000,2048,112314820008865,112314821481124
3805,38.050000000,center_after_f3,0.000000000,2048,112314830006463,112314831485696
3806,38.060000000,center_after_f3,0.000000000,2048,112314840006339,112314841492628
3807,38.070000000,center_after_f3,0.000000000,2048,112314850006372,112314851487991
3808,38.080000000,center_after_f3,0.000000000,2048,112314860006548,112314861480335
3809,38.090000000,center_after_f3,0.000000000,2048,112314870007146,112314871480836
3810,38.100000000,center_after_f3,0.000000000,2048,112314880008959,112314881489098
3811,38.110000000,center_after_f3,0.000000000,2048,112314890007205,112314891482146
3812,38.120000000,center_after_f3,0.000000000,2048,112314900006912,112314901486365
3813,38.130000000,center_after_f3,0.000000000,2048,112314910006704,112314911478352
3814,38.140000000,center_after_f3,0.000000000,2048,112314920008123,112314921480155
3815,38.150000000,center_after_f3,0.000000000,2048,112314930005915,112314931482672
3816,38.160000000,center_after_f3,0.000000000,2048,112314940006313,112314941483036
3817,38.170000000,center_after_f3,0.000000000,2048,112314950008061,112314951475219
3818,38.180000000,center_after_f3,0.000000000,2048,112314960006482,112314961494508
3819,38.190000000,center_after_f3,0.000000000,2048,112314970006716,112314971481410
3820,38.200000000,center_after_f3,0.000000000,2048,112314980006928,112314981457750
3821,38.210000000,center_after_f3,0.000000000,2048,112314990006895,112314991478399
3822,38.220000000,center_after_f3,0.000000000,2048,112315000006618,112315001485696
3823,38.230000000,center_after_f3,0.000000000,2048,112315010006693,112315011442410
3824,38.240000000,center_after_f3,0.000000000,2048,112315020007128,112315021428620
3825,38.250000000,center_after_f3,0.000000000,2048,112315030012745,112315031428977
3826,38.260000000,center_after_f3,0.000000000,2048,112315040009672,112315041426693
3827,38.270000000,center_after_f3,0.000000000,2048,112315050006818,112315051430167
3828,38.280000000,center_after_f3,0.000000000,2048,112315060006555,112315061430386
3829,38.290000000,center_after_f3,0.000000000,2048,112315070009120,112315071425003
3830,38.300000000,center_after_f3,0.000000000,2048,112315080007198,112315081423732
3831,38.310000000,center_after_f3,0.000000000,2048,112315090006615,112315091421446
3832,38.320000000,center_after_f3,0.000000000,2048,112315100006706,112315101421403
3833,38.330000000,center_after_f3,0.000000000,2048,112315110007648,112315111424748
3834,38.340000000,center_after_f3,0.000000000,2048,112315120006698,112315121430200
3835,38.350000000,center_after_f3,0.000000000,2048,112315130007279,112315131425702
3836,38.360000000,center_after_f3,0.000000000,2048,112315140008846,112315141424190
3837,38.370000000,center_after_f3,0.000000000,2048,112315150006820,112315151410786
3838,38.380000000,center_after_f3,0.000000000,2048,112315160006538,112315161405386
3839,38.390000000,center_after_f3,0.000000000,2048,112315170011971,112315171415412
3840,38.400000000,center_after_f3,0.000000000,2048,112315180007096,112315181410164
3841,38.410000000,center_after_f3,0.000000000,2048,112315190006544,112315191400288
3842,38.420000000,center_after_f3,0.000000000,2048,112315200011942,112315201406774
3843,38.430000000,center_after_f3,0.000000000,2048,112315210006663,112315211408354
3844,38.440000000,center_after_f3,0.000000000,2048,112315220006702,112315221408525
3845,38.450000000,center_after_f3,0.000000000,2048,112315230007127,112315231404653
3846,38.460000000,center_after_f3,0.000000000,2048,112315240009196,112315241406473
3847,38.470000000,center_after_f3,0.000000000,2048,112315250006806,112315251408671
3848,38.480000000,center_after_f3,0.000000000,2048,112315260006572,112315261408109
3849,38.490000000,center_after_f3,0.000000000,2048,112315270006606,112315271410760
3850,38.500000000,center_after_f3,0.000000000,2048,112315280006220,112315281429244
3851,38.510000000,center_after_f3,0.000000000,2048,112315290006691,112315291408601
3852,38.520000000,center_after_f3,0.000000000,2048,112315300006793,112315301405540
3853,38.530000000,center_after_f3,0.000000000,2048,112315310006770,112315311407236
3854,38.540000000,center_after_f3,0.000000000,2048,112315320006952,112315321407660
3855,38.550000000,center_after_f3,0.000000000,2048,112315330006944,112315331409879
3856,38.560000000,center_after_f3,0.000000000,2048,112315340007226,112315341409350
3857,38.570000000,center_after_f3,0.000000000,2048,112315350009192,112315351408570
3858,38.580000000,center_after_f3,0.000000000,2048,112315360006194,112315361411023
3859,38.590000000,center_after_f3,0.000000000,2048,112315370006389,112315371407867
3860,38.600000000,center_after_f3,0.000000000,2048,112315380006340,112315381405587
3861,38.610000000,center_after_f3,0.000000000,2048,112315390006247,112315391409325
3862,38.620000000,center_after_f3,0.000000000,2048,112315400006163,112315401405225
3863,38.630000000,center_after_f3,0.000000000,2048,112315410006519,112315411409052
3864,38.640000000,center_after_f3,0.000000000,2048,112315420006197,112315421407139
3865,38.650000000,center_after_f3,0.000000000,2048,112315430006610,112315431406597
3866,38.660000000,center_after_f3,0.000000000,2048,112315440007196,112315441407720
3867,38.670000000,center_after_f3,0.000000000,2048,112315450007121,112315451408186
3868,38.680000000,center_after_f3,0.000000000,2048,112315460010168,112315461408681
3869,38.690000000,center_after_f3,0.000000000,2048,112315470086762,112315472408194
3870,38.700000000,center_after_f3,0.000000000,2048,112315480086571,112315482438701
3871,38.710000000,center_after_f3,0.000000000,2048,112315490087330,112315492410321
3872,38.720000000,center_after_f3,0.000000000,2048,112315500088244,112315502417590
3873,38.730000000,center_after_f3,0.000000000,2048,112315510033290,112315511425998
3874,38.740000000,center_after_f3,0.000000000,2048,112315520087090,112315522389704
3875,38.750000000,center_after_f3,0.000000000,2048,112315530025363,112315531411122
3876,38.760000000,center_after_f3,0.000000000,2048,112315540012095,112315541384220
3877,38.770000000,center_after_f3,0.000000000,2048,112315550007549,112315551383586
3878,38.780000000,center_after_f3,0.000000000,2048,112315560011405,112315561384540
3879,38.790000000,center_after_f3,0.000000000,2048,112315570007671,112315571393830
3880,38.800000000,center_after_f3,0.000000000,2048,112315580007142,112315581382412
3881,38.810000000,center_after_f3,0.000000000,2048,112315590083472,112315592388915
3882,38.820000000,center_after_f3,0.000000000,2048,112315600085902,112315602387628
3883,38.830000000,center_after_f3,0.000000000,2048,112315610039313,112315611395399
3884,38.840000000,center_after_f3,0.000000000,2048,112315620091242,112315622395989
3885,38.850000000,center_after_f3,0.000000000,2048,112315630085527,112315632391994
3886,38.860000000,center_after_f3,0.000000000,2048,112315640035011,112315641393927
3887,38.870000000,center_after_f3,0.000000000,2048,112315650090486,112315652397319
3888,38.880000000,center_after_f3,0.000000000,2048,112315660086302,112315662409767
3889,38.890000000,center_after_f3,0.000000000,2048,112315670084630,112315672399350
3890,38.900000000,center_after_f3,0.000000000,2048,112315680087723,112315682396001
3891,38.910000000,center_after_f3,0.000000000,2048,112315690084085,112315692414094
3892,38.920000000,center_after_f3,0.000000000,2048,112315700086850,112315702397329
3893,38.930000000,center_after_f3,0.000000000,2048,112315710084890,112315712397519
3894,38.940000000,center_after_f3,0.000000000,2048,112315720092120,112315722400102
3895,38.950000000,center_after_f3,0.000000000,2048,112315730084152,112315732397278
3896,38.960000000,center_after_f3,0.000000000,2048,112315740032068,112315741410086
3897,38.970000000,center_after_f3,0.000000000,2048,112315750090458,112315752394773
3898,38.980000000,center_after_f3,0.000000000,2048,112315760087039,112315762394530
3899,38.990000000,center_after_f3,0.000000000,2048,112315770085633,112315772397615
3900,39.000000000,center_after_f3,0.000000000,2048,112315780085514,112315782398800
3901,39.010000000,center_after_f3,0.000000000,2048,112315790082257,112315792395419
3902,39.020000000,center_after_f3,0.000000000,2048,112315800089368,112315802415089
3903,39.030000000,sine_f4,0.000000000,2048,112315810038005,112315812387025
3904,39.040000000,sine_f4,0.003133331,2046,112315820092271,112315822394599
3905,39.050000000,sine_f4,0.006217247,2044,112315830092273,112315832398289
3906,39.060000000,sine_f4,0.009203114,2042,112315840021108,112315842401330
3907,39.070000000,sine_f4,0.012043842,2040,112315850008795,112315851381374
3908,39.080000000,sine_f4,0.014694631,2038,112315860009039,112315861384200
3909,39.090000000,sine_f4,0.017113678,2037,112315870008772,112315871387351
3910,39.100000000,sine_f4,0.019262831,2035,112315880012533,112315881379781
3911,39.110000000,sine_f4,0.021108198,2034,112315890007546,112315891383106
3912,39.120000000,sine_f4,0.022620676,2033,112315900006895,112315901382663
3913,39.130000000,sine_f4,0.023776413,2033,112315910007365,112315911377788
3914,39.140000000,sine_f4,0.024557181,2032,112315920092367,112315922397829
3915,39.150000000,sine_f4,0.024950668,2032,112315930087682,112315932398119
3916,39.160000000,sine_f4,0.024950668,2032,112315940090298,112315942374139
3917,39.170000000,sine_f4,0.024557181,2032,112315950091668,112315952375389
3918,39.180000000,sine_f4,0.023776413,2033,112315960086023,112315962374531
3919,39.190000000,sine_f4,0.022620676,2033,112315970085140,112315972378526
3920,39.200000000,sine_f4,0.021108198,2034,112315980091058,112315982375423
3921,39.210000000,sine_f4,0.019262831,2035,112315990089608,112315992375050
3922,39.220000000,sine_f4,0.017113678,2037,112316000087189,112316002380267
3923,39.230000000,sine_f4,0.014694631,2038,112316010036449,112316012363848
3924,39.240000000,sine_f4,0.012043842,2040,112316020089955,112316022376711
3925,39.250000000,sine_f4,0.009203114,2042,112316030089923,112316032392397
3926,39.260000000,sine_f4,0.006217247,2044,112316040033803,112316042388885
3927,39.270000000,sine_f4,0.003133331,2046,112316050032184,112316051377895
3928,39.280000000,sine_f4,0.000000000,2048,112316060084124,112316062374723
3929,39.290000000,sine_f4,-0.003133331,2050,112316070092414,112316072374954
3930,39.300000000,sine_f4,-0.006217247,2052,112316080086824,112316082374349
3931,39.310000000,sine_f4,-0.009203114,2054,112316090091315,112316092386286
3932,39.320000000,sine_f4,-0.012043842,2056,112316100011684,112316101368668
3933,39.330000000,sine_f4,-0.014694631,2058,112316110008320,112316111370319
3934,39.340000000,sine_f4,-0.017113678,2059,112316120006731,112316121368032
3935,39.350000000,sine_f4,-0.019262831,2061,112316130006637,112316131366725
3936,39.360000000,sine_f4,-0.021108198,2062,112316140007099,112316141363048
3937,39.370000000,sine_f4,-0.022620676,2063,112316150006533,112316151363491
3938,39.380000000,sine_f4,-0.023776413,2063,112316160006894,112316161370585
3939,39.390000000,sine_f4,-0.024557181,2064,112316170009449,112316171370222
3940,39.400000000,sine_f4,-0.024950668,2064,112316180006736,112316181367509
3941,39.410000000,sine_f4,-0.024950668,2064,112316190007682,112316191367761
3942,39.420000000,sine_f4,-0.024557181,2064,112316200006796,112316201367905
3943,39.430000000,sine_f4,-0.023776413,2063,112316210009527,112316211371041
3944,39.440000000,sine_f4,-0.022620676,2063,112316220006267,112316221363525
3945,39.450000000,sine_f4,-0.021108198,2062,112316230006863,112316231365530
3946,39.460000000,sine_f4,-0.019262831,2061,112316240006633,112316241368557
3947,39.470000000,sine_f4,-0.017113678,2059,112316250006526,112316251366477
3948,39.480000000,sine_f4,-0.014694631,2058,112316260006519,112316261365985
3949,39.490000000,sine_f4,-0.012043842,2056,112316270006542,112316271367245
3950,39.500000000,sine_f4,-0.009203114,2054,112316280006698,112316281361496
3951,39.510000000,sine_f4,-0.006217247,2052,112316290006846,112316291363697
3952,39.520000000,sine_f4,-0.003133331,2050,112316300006788,112316301363822
3953,39.530000000,sine_f4,-0.000000000,2048,112316310007118,112316311367857
3954,39.540000000,sine_f4,0.003133331,2046,112316320009471,112316321366407
3955,39.550000000,sine_f4,0.006217247,2044,112316330006268,112316331363693
3956,39.560000000,sine_f4,0.009203114,2042,112316340006263,112316341367196
3957,39.570000000,sine_f4,0.012043842,2040,112316350005985,112316351347930
3958,39.580000000,sine_f4,0.014694631,2038,112316360006241,112316361365200
3959,39.590000000,sine_f4,0.017113678,2037,112316370006457,112316371344307
3960,39.600000000,sine_f4,0.019262831,2035,112316380006634,112316381361472
3961,39.610000000,sine_f4,0.021108198,2034,112316390007461,112316391346177
3962,39.620000000,sine_f4,0.022620676,2033,112316400007284,112316401345637
3963,39.630000000,sine_f4,0.023776413,2033,112316410006782,112316411348250
3964,39.640000000,sine_f4,0.024557181,2032,112316420007127,112316421345228
3965,39.650000000,sine_f4,0.024950668,2032,112316430009162,112316431347161
3966,39.660000000,sine_f4,0.024950668,2032,112316440006681,112316441341821
3967,39.670000000,sine_f4,0.024557181,2032,112316450006149,112316451347310
3968,39.680000000,sine_f4,0.023776413,2033,112316460008469,112316461347438
3969,39.690000000,sine_f4,0.022620676,2033,112316470006660,112316471344771
3970,39.700000000,sine_f4,0.021108198,2034,112316480012833,112316481344595
3971,39.710000000,sine_f4,0.019262831,2035,112316490006964,112316491340760
3972,39.720000000,sine_f4,0.017113678,2037,112316500006792,112316501340202
3973,39.730000000,sine_f4,0.014694631,2038,112316510007218,112316511341609
3974,39.740000000,sine_f4,0.012043842,2040,112316520006919,112316521348494
3975,39.750000000,sine_f4,0.009203114,2042,112316530006961,112316531346909
3976,39.760000000,sine_f4,0.006217247,2044,112316540009487,112316541344944
3977,39.770000000,sine_f4,0.003133331,2046,112316550007268,112316551348217
3978,39.780000000,sine_f4,0.000000000,2048,112316560006560,112316561345569
3979,39.790000000,sine_f4,-0.003133331,2050,112316570006736,112316571339685
3980,39.800000000,sine_f4,-0.006217247,2052,112316580006656,112316581339690
3981,39.810000000,sine_f4,-0.009203114,2054,112316590009687,112316591347192
3982,39.820000000,sine_f4,-0.012043842,2056,112316600006570,112316601344536
3983,39.830000000,sine_f4,-0.014694631,2058,112316610006534,112316611345206
3984,39.840000000,sine_f4,-0.017113678,2059,112316620007623,112316621348310
3985,39.850000000,sine_f4,-0.019262831,2061,112316630007629,112316631345924
3986,39.860000000,sine_f4,-0.021108198,2062,112316640010374,112316641343062
3987,39.870000000,sine_f4,-0.022620676,2063,112316650006541,112316651345063
3988,39.880000000,sine_f4,-0.023776413,2063,112316660009015,112316661345167
3989,39.890000000,sine_f4,-0.024557181,2064,112316670006288,112316671348168
3990,39.900000000,sine_f4,-0.024950668,2064,112316680006160,112316681348957
3991,39.910000000,sine_f4,-0.024950668,2064,112316690006534,112316691348598
3992,39.920000000,sine_f4,-0.024557181,2064,112316700006856,112316701344138
3993,39.930000000,sine_f4,-0.023776413,2063,112316710006889,112316711349796
3994,39.940000000,sine_f4,-0.022620676,2063,112316720006482,112316721344145
3995,39.950000000,sine_f4,-0.021108198,2062,112316730010181,112316731348793
3996,39.960000000,sine_f4,-0.019262831,2061,112316740008835,112316741342895
3997,39.970000000,sine_f4,-0.017113678,2059,112316750006358,112316751333676
3998,39.980000000,sine_f4,-0.014694631,2058,112316760006013,112316761325882
3999,39.990000000,sine_f4,-0.012043842,2056,112316770006278,112316771326275
4000,40.000000000,sine_f4,-0.009203114,2054,112316780006079,112316781338644
4001,40.010000000,sine_f4,-0.006217247,2052,112316790009327,112316791322793
4002,40.020000000,sine_f4,-0.003133331,2050,112316800006457,112316801323650
4003,40.030000000,sine_f4,-0.000000000,2048,112316810006514,112316811323920
4004,40.040000000,sine_f4,0.003133331,2046,112316820006429,112316821321540
4005,40.050000000,sine_f4,0.006217247,2044,112316830010293,112316831325667
4006,40.060000000,sine_f4,0.009203114,2042,112316840008998,112316841324369
4007,40.070000000,sine_f4,0.012043842,2040,112316850006379,112316851325091
4008,40.080000000,sine_f4,0.014694631,2038,112316860006078,112316861322399
4009,40.090000000,sine_f4,0.017113678,2037,112316870092640,112316872332503
4010,40.100000000,sine_f4,0.019262831,2035,112316880084577,112316882333415
4011,40.110000000,sine_f4,0.021108198,2034,112316890086358,112316892335254
4012,40.120000000,sine_f4,0.022620676,2033,112316900085801,112316902334525
4013,40.130000000,sine_f4,0.023776413,2033,112316910085955,112316912332173
4014,40.140000000,sine_f4,0.024557181,2032,112316920088221,112316922334811
4015,40.150000000,sine_f4,0.024950668,2032,112316930088354,112316932342925
4016,40.160000000,sine_f4,0.024950668,2032,112316940089682,112316942334590
4017,40.170000000,sine_f4,0.024557181,2032,112316950088066,112316952336923
4018,40.180000000,sine_f4,0.023776413,2033,112316960092283,112316962345921
4019,40.190000000,sine_f4,0.022620676,2033,112316970086473,112316972333247
4020,40.200000000,sine_f4,0.021108198,2034,112316980090524,112316982335568
4021,40.210000000,sine_f4,0.019262831,2035,112316990082565,112316992334043
4022,40.220000000,sine_f4,0.017113678,2037,112317000097514,112317002333188
4023,40.230000000,sine_f4,0.014694631,2038,112317010083766,112317012347615
4024,40.240000000,sine_f4,0.012043842,2040,112317020036023,112317022345372
4025,40.250000000,sine_f4,0.009203114,2042,112317030009096,112317031319625
4026,40.260000000,sine_f4,0.006217247,2044,112317040083417,112317042332050
4027,40.270000000,sine_f4,0.003133331,2046,112317050084169,112317052336482
4028,40.280000000,sine_f4,0.000000000,2048,112317060087138,112317062333596
4029,40.290000000,sine_f4,-0.003133331,2050,112317070086279,112317072346417
4030,40.300000000,sine_f4,-0.006217247,2052,112317080033344,112317082333865
4031,40.310000000,sine_f4,-0.009203114,2054,112317090086881,112317092333310
4032,40.320000000,sine_f4,-0.012043842,2056,112317100094237,112317102336028
4033,40.330000000,sine_f4,-0.014694631,2058,112317110031624,112317112331420
4034,40.340000000,sine_f4,-0.017113678,2059,112317120085412,112317122344164
4035,40.350000000,sine_f4,-0.019262831,2061,112317130088511,112317132334247
4036,40.360000000,sine_f4,-0.021108198,2062,112317140085216,112317142342417
4037,40.370000000,sine_f4,-0.022620676,2063,112317150082769,112317152331820
4038,40.380000000,sine_f4,-0.023776413,2063,112317160086256,112317162336256
4039,40.390000000,sine_f4,-0.024557181,2064,112317170030930,112317172338296
4040,40.400000000,sine_f4,-0.024950668,2064,112317180084174,112317182314906
4041,40.410000000,sine_f4,-0.024950668,2064,112317190090860,112317192324914
4042,40.420000000,sine_f4,-0.024557181,2064,112317200087494,112317202322950
4043,40.430000000,sine_f4,-0.023776413,2063,112317210034474,112317212331698
4044,40.440000000,sine_f4,-0.022620676,2063,112317220086605,112317222314704
4045,40.450000000,sine_f4,-0.021108198,2062,112317230090406,112317232315776
4046,40.460000000,sine_f4,-0.019262831,2061,112317240090682,112317242312650
4047,40.470000000,sine_f4,-0.017113678,2059,112317250099460,112317252319462
4048,40.480000000,sine_f4,-0.014694631,2058,112317260089875,112317262312207
4049,40.490000000,sine_f4,-0.012043842,2056,112317270083252,112317272314578
4050,40.500000000,sine_f4,-0.009203114,2054,112317280091631,112317282313417
4051,40.510000000,sine_f4,-0.006217247,2052,112317290084121,112317292314850
4052,40.520000000,sine_f4,-0.003133331,2050,112317300090698,112317302314533
4053,40.530000000,sine_f4,-0.000000000,2048,112317310106245,112317312327349
4054,40.540000000,sine_f4,0.003133331,2046,112317320032933,112317322311266
4055,40.550000000,sine_f4,0.006217247,2044,112317330084513,112317332310659
4056,40.560000000,sine_f4,0.009203114,2042,112317340034207,112317342311290
4057,40.570000000,sine_f4,0.012043842,2040,112317350085783,112317352313439
4058,40.580000000,sine_f4,0.014694631,2038,112317360083901,112317362312371
4059,40.590000000,sine_f4,0.017113678,2037,112317370082365,112317372317215
4060,40.600000000,sine_f4,0.019262831,2035,112317380082482,112317382311471
4061,40.610000000,sine_f4,0.021108198,2034,112317390091323,112317392315586
4062,40.620000000,sine_f4,0.022620676,2033,112317400090457,112317402311375
4063,40.630000000,sine_f4,0.023776413,2033,112317410086543,112317412323751
4064,40.640000000,sine_f4,0.024557181,2032,112317420086255,112317422310956
4065,40.650000000,sine_f4,0.024950668,2032,112317430094785,112317432315501
4066,40.660000000,sine_f4,0.024950668,2032,112317440095506,112317442312215
4067,40.670000000,sine_f4,0.024557181,2032,112317450092441,112317452308455
4068,40.680000000,sine_f4,0.023776413,2033,112317460084298,112317462313074
4069,40.690000000,sine_f4,0.022620676,2033,112317470091984,112317472310867
4070,40.700000000,sine_f4,0.021108198,2034,112317480095522,112317482313155
4071,40.710000000,sine_f4,0.019262831,2035,112317490082379,112317492312968
4072,40.720000000,sine_f4,0.017113678,2037,112317500091694,112317502334571
4073,40.730000000,sine_f4,0.014694631,2038,112317510008432,112317511306656
4074,40.740000000,sine_f4,0.012043842,2040,112317520007069,112317521303870
4075,40.750000000,sine_f4,0.009203114,2042,112317530017275,112317531317113
4076,40.760000000,sine_f4,0.006217247,2044,112317540008676,112317541306441
4077,40.770000000,sine_f4,0.003133331,2046,112317550007221,112317551305613
4078,40.780000000,sine_f4,0.000000000,2048,112317560007009,112317561304677
4079,40.790000000,sine_f4,-0.003133331,2050,112317570012865,112317571306645
4080,40.800000000,sine_f4,-0.006217247,2052,112317580009122,112317581312199
4081,40.810000000,sine_f4,-0.009203114,2054,112317590005975,112317591302209
4082,40.820000000,sine_f4,-0.012043842,2056,112317600006630,112317601298025
4083,40.830000000,sine_f4,-0.014694631,2058,112317610010793,112317611280899
4084,40.840000000,sine_f4,-0.017113678,2059,112317620006530,112317621282422
4085,40.850000000,sine_f4,-0.019262831,2061,112317630007388,112317631282943
4086,40.860000000,sine_f4,-0.021108198,2062,112317640006245,112317641280884
4087,40.870000000,sine_f4,-0.022620676,2063,112317650006306,112317651281003
4088,40.880000000,sine_f4,-0.023776413,2063,112317660006433,112317661300860
4089,40.890000000,sine_f4,-0.024557181,2064,112317670008555,112317671283086
4090,40.900000000,sine_f4,-0.024950668,2064,112317680005606,112317681284019
4091,40.910000000,sine_f4,-0.024950668,2064,112317690006686,112317691281758
4092,40.920000000,sine_f4,-0.024557181,2064,112317700006465,112317701286019
4093,40.930000000,sine_f4,-0.023776413,2063,112317710007100,112317711280808
4094,40.940000000,sine_f4,-0.022620676,2063,112317720009250,112317721280108
4095,40.950000000,sine_f4,-0.021108198,2062,112317730009694,112317731280045
4096,40.960000000,sine_f4,-0.019262831,2061,112317740006673,112317741278524
4097,40.970000000,sine_f4,-0.017113678,2059,112317750006466,112317751283196
4098,40.980000000,sine_f4,-0.014694631,2058,112317760007274,112317761285221
4099,40.990000000,sine_f4,-0.012043842,2056,112317770006878,112317771278802
4100,41.000000000,sine_f4,-0.009203114,2054,112317780009193,112317781277988
4101,41.010000000,sine_f4,-0.006217247,2052,112317790006588,112317791280905
4102,41.020000000,sine_f4,-0.003133331,2050,112317800006484,112317801277169
4103,41.030000000,sine_f4,-0.000000000,2048,112317810006930,112317811280592
4104,41.040000000,sine_f4,0.003133331,2046,112317820006391,112317821281334
4105,41.050000000,sine_f4,0.006217247,2044,112317830094848,112317832297625
4106,41.060000000,sine_f4,0.009203114,2042,112317840007125,112317841281696
4107,41.070000000,sine_f4,0.012043842,2040,112317850007109,112317851283805
4108,41.080000000,sine_f4,0.014694631,2038,112317860006800,112317861299305
4109,41.090000000,sine_f4,0.017113678,2037,112317870007125,112317871281936
4110,41.100000000,sine_f4,0.019262831,2035,112317880007122,112317881301098
4111,41.110000000,sine_f4,0.021108198,2034,112317890009094,112317891280367
4112,41.120000000,sine_f4,0.022620676,2033,112317900006179,112317901284490
4113,41.130000000,sine_f4,0.023776413,2033,112317910006354,112317911283326
4114,41.140000000,sine_f4,0.024557181,2032,112317920007039,112317921283076
4115,41.150000000,sine_f4,0.024950668,2032,112317930007034,112317931280784
4116,41.160000000,sine_f4,0.024950668,2032,112317940006666,112317941272296
4117,41.170000000,sine_f4,0.024557181,2032,112317950007385,112317951282581
4118,41.180000000,sine_f4,0.023776413,2033,112317960006869,112317961277411
4119,41.190000000,sine_f4,0.022620676,2033,112317970006568,112317971302055
4120,41.200000000,sine_f4,0.021108198,2034,112317980009577,112317981283163
4121,41.210000000,sine_f4,0.019262831,2035,112317990009019,112317991288228
4122,41.220000000,sine_f4,0.017113678,2037,112318000007336,112318001261249
4123,41.230000000,sine_f4,0.014694631,2038,112318010006239,112318011280757
4124,41.240000000,sine_f4,0.012043842,2040,112318020006695,112318021263031
4125,41.250000000,sine_f4,0.009203114,2042,112318030006372,112318031279634
4126,41.260000000,sine_f4,0.006217247,2044,112318040006184,112318041279102
4127,41.270000000,sine_f4,0.003133331,2046,112318050006343,112318051259296
4128,41.280000000,sine_f4,0.000000000,2048,112318060006242,112318061259598
4129,41.290000000,sine_f4,-0.003133331,2050,112318070010361,112318071261014
4130,41.300000000,sine_f4,-0.006217247,2052,112318080007333,112318081263176
4131,41.310000000,sine_f4,-0.009203114,2054,112318090010051,112318091263775
4132,41.320000000,sine_f4,-0.012043842,2056,112318100009769,112318101262332
4133,41.330000000,sine_f4,-0.014694631,2058,112318110010513,112318111261799
4134,41.340000000,sine_f4,-0.017113678,2059,112318120006691,112318121264377
4135,41.350000000,sine_f4,-0.019262831,2061,112318130007087,112318131259517
4136,41.360000000,sine_f4,-0.021108198,2062,112318140006519,112318141257707
4137,41.370000000,sine_f4,-0.022620676,2063,112318150006450,112318151260850
4138,41.380000000,sine_f4,-0.023776413,2063,112318160006491,112318161260264
4139,41.390000000,sine_f4,-0.024557181,2064,112318170007207,112318171268285
4140,41.400000000,sine_f4,-0.024950668,2064,112318180007072,112318181257752
4141,41.410000000,sine_f4,-0.024950668,2064,112318190006645,112318191258481
4142,41.420000000,sine_f4,-0.024557181,2064,112318200007108,112318201262545
4143,41.430000000,sine_f4,-0.023776413,2063,112318210009412,112318211262902
4144,41.440000000,sine_f4,-0.022620676,2063,112318220007140,112318221264298
4145,41.450000000,sine_f4,-0.021108198,2062,112318230006457,112318231259305
4146,41.460000000,sine_f4,-0.019262831,2061,112318240006539,112318241258097
4147,41.470000000,sine_f4,-0.017113678,2059,112318250006394,112318251264163
4148,41.480000000,sine_f4,-0.014694631,2058,112318260006472,112318261262249
4149,41.490000000,sine_f4,-0.012043842,2056,112318270006671,112318271260942
4150,41.500000000,sine_f4,-0.009203114,2054,112318280006655,112318281261985
4151,41.510000000,sine_f4,-0.006217247,2052,112318290006814,112318291259959
4152,41.520000000,sine_f4,-0.003133331,2050,112318300007131,112318301264269
4153,41.530000000,sine_f4,-0.000000000,2048,112318310006876,112318311260694
4154,41.540000000,center_after_f4,0.000000000,2048,112318320008829,112318321262351
4155,41.550000000,center_after_f4,0.000000000,2048,112318330006528,112318331259827
4156,41.560000000,center_after_f4,0.000000000,2048,112318340006555,112318341258826
4157,41.570000000,center_after_f4,0.000000000,2048,112318350006907,112318351259832
4158,41.580000000,center_after_f4,0.000000000,2048,112318360006428,112318361249963
4159,41.590000000,center_after_f4,0.000000000,2048,112318370010074,112318371265999
4160,41.600000000,center_after_f4,0.000000000,2048,112318380006837,112318381403065
4161,41.610000000,center_after_f4,0.000000000,2048,112318390088904,112318392272847
4162,41.620000000,center_after_f4,0.000000000,2048,112318400034385,112318402266833
4163,41.630000000,center_after_f4,0.000000000,2048,112318410099068,112318412275855
4164,41.640000000,center_after_f4,0.000000000,2048,112318420091384,112318422276866
4165,41.650000000,center_after_f4,0.000000000,2048,112318430087405,112318432252836
4166,41.660000000,center_after_f4,0.000000000,2048,112318440084665,112318442252570
4167,41.670000000,center_after_f4,0.000000000,2048,112318450037888,112318452277360
4168,41.680000000,center_after_f4,0.000000000,2048,112318460085142,112318462268161
4169,41.690000000,center_after_f4,0.000000000,2048,112318470007087,112318472262984
4170,41.700000000,center_after_f4,0.000000000,2048,112318480007041,112318482239945
4171,41.710000000,center_after_f4,0.000000000,2048,112318490007360,112318491239528
4172,41.720000000,center_after_f4,0.000000000,2048,112318500008008,112318501239607
4173,41.730000000,center_after_f4,0.000000000,2048,112318510006742,112318512239510
4174,41.740000000,center_after_f4,0.000000000,2048,112318520007318,112318522238766
4175,41.750000000,center_after_f4,0.000000000,2048,112318530009151,112318532296169
4176,41.760000000,center_after_f4,0.000000000,2048,112318540006325,112318541302614
4177,41.770000000,center_after_f4,0.000000000,2048,112318550006338,112318551294417
4178,41.780000000,center_after_f4,0.000000000,2048,112318560006722,112318561298372
4179,41.790000000,center_after_f4,0.000000000,2048,112318570006385,112318572291748
4180,41.800000000,center_after_f4,0.000000000,2048,112318580006455,112318582297698
4181,41.810000000,center_after_f4,0.000000000,2048,112318590045404,112318592307041
4182,41.820000000,center_after_f4,0.000000000,2048,112318600007321,112318602296344
4183,41.830000000,center_after_f4,0.000000000,2048,112318610010083,112318612295298
4184,41.840000000,center_after_f4,0.000000000,2048,112318620006593,112318622302435
4185,41.850000000,center_after_f4,0.000000000,2048,112318630007322,112318632297866
4186,41.860000000,center_after_f4,0.000000000,2048,112318640009167,112318642298148
4187,41.870000000,center_after_f4,0.000000000,2048,112318650006533,112318652299684
4188,41.880000000,center_after_f4,0.000000000,2048,112318660006510,112318662303434
4189,41.890000000,center_after_f4,0.000000000,2048,112318670006481,112318672297229
4190,41.900000000,center_after_f4,0.000000000,2048,112318680006401,112318682307695
4191,41.910000000,center_after_f4,0.000000000,2048,112318690009573,112318692292916
4192,41.920000000,center_after_f4,0.000000000,2048,112318700010218,112318702294007
4193,41.930000000,center_after_f4,0.000000000,2048,112318710007054,112318712300073
4194,41.940000000,center_after_f4,0.000000000,2048,112318720007298,112318722295605
4195,41.950000000,center_after_f4,0.000000000,2048,112318730006969,112318732296240
4196,41.960000000,center_after_f4,0.000000000,2048,112318740008932,112318742294417
4197,41.970000000,center_after_f4,0.000000000,2048,112318750005966,112318752305968
4198,41.980000000,center_after_f4,0.000000000,2048,112318760006429,112318762298408
4199,41.990000000,center_after_f4,0.000000000,2048,112318770006249,112318772299641
4200,42.000000000,center_after_f4,0.000000000,2048,112318780006119,112318782298329
4201,42.010000000,center_after_f4,0.000000000,2048,112318790006462,112318792299929
4202,42.020000000,center_after_f4,0.000000000,2048,112318800009426,112318802300556
4203,42.030000000,center_after_f4,0.000000000,2048,112318810006498,112318812300115
4204,42.040000000,center_after_f4,0.000000000,2048,112318820006830,112318822296168
4205,42.050000000,center_after_f4,0.000000000,2048,112318830007262,112318832296801
4206,42.060000000,center_after_f4,0.000000000,2048,112318840007322,112318842292818
4207,42.070000000,center_after_f4,0.000000000,2048,112318850008550,112318852290103
4208,42.080000000,center_after_f4,0.000000000,2048,112318860007271,112318862298121
4209,42.090000000,center_after_f4,0.000000000,2048,112318870006436,112318872277273
4210,42.100000000,center_after_f4,0.000000000,2048,112318880006447,112318882275196
4211,42.110000000,center_after_f4,0.000000000,2048,112318890006558,112318892277037
4212,42.120000000,center_after_f4,0.000000000,2048,112318900009084,112318902272320
4213,42.130000000,center_after_f4,0.000000000,2048,112318910008705,112318912279188
4214,42.140000000,center_after_f4,0.000000000,2048,112318920006923,112318922277741
4215,42.150000000,center_after_f4,0.000000000,2048,112318930007443,112318932280949
4216,42.160000000,center_after_f4,0.000000000,2048,112318940007332,112318942282515
4217,42.170000000,center_after_f4,0.000000000,2048,112318950008806,112318952250157
4218,42.180000000,center_after_f4,0.000000000,2048,112318960007684,112318962261541
4219,42.190000000,center_after_f4,0.000000000,2048,112318970006525,112318972262844
4220,42.200000000,center_after_f4,0.000000000,2048,112318980006089,112318982270901
4221,42.210000000,center_after_f4,0.000000000,2048,112318990005933,112318992271050
4222,42.220000000,center_after_f4,0.000000000,2048,112319000006056,112319002279930
4223,42.230000000,center_after_f4,0.000000000,2048,112319010008602,112319012275228
4224,42.240000000,center_after_f4,0.000000000,2048,112319020007087,112319022282879
4225,42.250000000,center_after_f4,0.000000000,2048,112319030007321,112319032284035
4226,42.260000000,center_after_f4,0.000000000,2048,112319040006558,112319042285750
4227,42.270000000,center_after_f4,0.000000000,2048,112319050008235,112319052277912
4228,42.280000000,center_after_f4,0.000000000,2048,112319060007360,112319062275553
4229,42.290000000,center_after_f4,0.000000000,2048,112319070008844,112319072282215
4230,42.300000000,center_after_f4,0.000000000,2048,112319080006969,112319082281167
4231,42.310000000,center_after_f4,0.000000000,2048,112319090006430,112319092275509
4232,42.320000000,center_after_f4,0.000000000,2048,112319100007182,112319102276015
4233,42.330000000,center_after_f4,0.000000000,2048,112319110010490,112319112285605
4234,42.340000000,center_after_f4,0.000000000,2048,112319120008784,112319122278774
4235,42.350000000,center_after_f4,0.000000000,2048,112319130006821,112319132280740
4236,42.360000000,center_after_f4,0.000000000,2048,112319140006609,112319142282451
4237,42.370000000,center_after_f4,0.000000000,2048,112319150006904,112319152280873
4238,42.380000000,center_after_f4,0.000000000,2048,112319160007716,112319162274832
4239,42.390000000,center_after_f4,0.000000000,2048,112319170008979,112319172286935
4240,42.400000000,center_after_f4,0.000000000,2048,112319180008224,112319182279332
4241,42.410000000,center_after_f4,0.000000000,2048,112319190006643,112319192281088
4242,42.420000000,center_after_f4,0.000000000,2048,112319200006573,112319202280081
4243,42.430000000,center_after_f4,0.000000000,2048,112319210006583,112319212277397
4244,42.440000000,center_after_f4,0.000000000,2048,112319220009247,112319222276666
4245,42.450000000,center_after_f4,0.000000000,2048,112319230009263,112319232272510
4246,42.460000000,center_after_f4,0.000000000,2048,112319240006349,112319242275930
4247,42.470000000,center_after_f4,0.000000000,2048,112319250007240,112319252282006
4248,42.480000000,center_after_f4,0.000000000,2048,112319260006609,112319262272768
4249,42.490000000,center_after_f4,0.000000000,2048,112319270008344,112319272274377
4250,42.500000000,center_after_f4,0.000000000,2048,112319280010753,112319282278108
4251,42.510000000,center_after_f4,0.000000000,2048,112319290006805,112319292263322
4252,42.520000000,center_after_f4,0.000000000,2048,112319300006270,112319302256150
4253,42.530000000,center_after_f4,0.000000000,2048,112319310006472,112319312257453
