host_time_ns,tx_start_ns,tx_end_ns,rx_end_ns,cycle_index,time_s,phase,acquisition_kind,overrun_ns,q_cmd_rad,goal_position_tick,q_present_rad,present_position_tick,dq_present_rad_s,present_velocity_raw,current_A_joint,present_current_raw,pwm_percent,present_pwm_raw,position_trajectory_rad,position_trajectory_tick,velocity_trajectory_rad_s,velocity_trajectory_raw,input_voltage_V,temperature_C,realtime_tick_ms,moving,moving_status,hardware_error
112276783482272,112276779947656,112276781412985,112276783482272,0,0.000000000,center,state,0,0.000000000,2048,0.000000000,2048,0.000000000,0,-0.003360000,1,-0.791000,7,0.000000000,2048,0.000000000,0,12.500,38,3956,0,1,
112276793495467,112276790017313,112276791406641,112276793495467,1,0.010000000,center,state,0,0.000000000,2048,0.001533981,2047,0.000000000,0,-0.003360000,1,-0.678000,6,0.000000000,2048,0.000000000,0,12.500,38,3966,0,1,
112276803486084,112276800007347,112276801403516,112276803486084,2,0.020000000,center,state,0,0.000000000,2048,0.001533981,2047,0.000000000,0,-0.003360000,1,-0.678000,6,0.000000000,2048,0.000000000,0,12.500,38,3976,0,1,
112276813484383,112276810007318,112276811406139,112276813484383,3,0.030000000,center,state,0,0.000000000,2048,0.001533981,2047,0.000000000,0,-0.006720000,2,-0.678000,6,0.000000000,2048,0.000000000,0,12.500,38,3986,0,1,
112276823481500,112276820006683,112276821404873,112276823481500,4,0.040000000,center,state,0,0.000000000,2048,0.001533981,2047,0.000000000,0,-0.003360000,1,-0.791000,7,0.000000000,2048,0.000000000,0,12.500,38,3996,0,1,
112276833486925,112276830006549,112276831410901,112276833486925,5,0.050000000,center,state,0,0.000000000,2048,0.001533981,2047,0.000000000,0,-0.003360000,1,-0.452000,4,0.000000000,2048,0.000000000,0,12.500,38,4006,0,1,
112276843483372,112276840009544,112276841402318,112276843483372,6,0.060000000,center,state,0,0.000000000,2048,0.001533981,2047,0.000000000,0,-0.003360000,1,-0.791000,7,0.000000000,2048,0.000000000,0,12.500,38,4016,0,1,
112276853479183,112276850006540,112276851407951,112276853479183,7,0.070000000,center,state,0,0.000000000,2048,0.001533981,2047,0.000000000,0,-0.006720000,2,-0.791000,7,0.000000000,2048,0.000000000,0,12.500,38,4026,0,1,
112276863490356,112276860007540,112276861385467,112276863490356,8,0.080000000,center,state,0,0.000000000,2048,0.001533981,2047,0.000000000,0,-0.006720000,2,-0.904000,8,0.000000000,2048,0.000000000,0,12.500,38,4036,0,1,
112276873471031,112276870006936,112276871386992,112276873471031,9,0.090000000,center,state,0,0.000000000,2048,0.001533981,2047,0.000000000,0,-0.003360000,1,-0.791000,7,0.000000000,2048,0.000000000,0,12.500,38,4046,0,1,
112276883503841,112276880007031,112276881409982,112276883503841,10,0.100000000,center,state,0,0.000000000,2048,0.001533981,2047,0.000000000,0,-0.006720000,2,-0.791000,7,0.000000000,2048,0.000000000,0,12.500,38,4056,0,1,
112276893468151,112276890008067,112276891382946,112276893468151,11,0.110000000,center,state,0,0.000000000,2048,0.001533981,2047,0.000000000,0,-0.006720000,2,-0.904000,8,0.000000000,2048,0.000000000,0,12.500,38,4066,0,1,
112276903464130,112276900009231,112276901383261,112276903464130,12,0.120000000,center,state,0,0.000000000,2048,0.001533981,2047,0.000000000,0,-0.006720000,2,-0.791000,7,0.000000000,2048,0.000000000,0,12.500,38,4076,0,1,
112276913465937,112276910006837,112276911386791,112276913465937,13,0.130000000,center,state,0,0.000000000,2048,0.001533981,2047,0.000000000,0,-0.006720000,2,-0.678000,6,0.000000000,2048,0.000000000,0,12.500,38,4086,0,1,
112276923467643,112276920006302,112276921381161,112276923467643,14,0.140000000,center,state,0,0.000000000,2048,0.001533981,2047,0.000000000,0,-0.006720000,2,-0.678000,6,0.000000000,2048,0.000000000,0,12.500,38,4096,0,1,
112276933468995,112276930006114,112276931382508,112276933468995,15,0.150000000,center,state,0,0.000000000,2048,0.001533981,2047,0.000000000,0,0.000000000,0,-0.565000,5,0.000000000,2048,0.000000000,0,12.500,38,4106,0,1,
112276943466070,112276940006581,112276941381083,112276943466070,16,0.160000000,center,state,0,0.000000000,2048,0.000000000,2048,0.000000000,0,-0.006720000,2,-0.791000,7,0.000000000,2048,0.000000000,0,12.500,38,4116,0,1,
112276953464400,112276950006790,112276951382880,112276953464400,17,0.170000000,center,state,0,0.000000000,2048,0.001533981,2047,0.000000000,0,-0.006720000,2,-0.904000,8,0.000000000,2048,0.000000000,0,12.500,38,4126,0,1,
112276963469010,112276960006916,112276961377099,112276963469010,18,0.180000000,center,state,0,0.000000000,2048,0.000000000,2048,0.000000000,0,-0.003360000,1,-0.678000,6,0.000000000,2048,0.000000000,0,12.500,38,4136,0,1,
112276973460481,112276970006734,112276971380393,112276973460481,19,0.190000000,center,state,0,0.000000000,2048,0.001533981,2047,0.000000000,0,-0.003360000,1,-0.452000,4,0.000000000,2048,0.000000000,0,12.500,38,4146,0,1,
112276983458874,112276980006967,112276981376028,112276983458874,20,0.200000000,center,state,0,0.000000000,2048,0.001533981,2047,0.000000000,0,-0.003360000,1,-0.791000,7,0.000000000,2048,0.000000000,0,12.500,38,4156,0,1,
112276993466853,112276990009612,112276991378119,112276993466853,21,0.210000000,center,state,0,0.000000000,2048,0.001533981,2047,0.000000000,0,-0.003360000,1,-0.791000,7,0.000000000,2048,0.000000000,0,12.500,38,4166,0,1,
112277003461666,112277000009010,112277001382633,112277003461666,22,0.220000000,center,state,0,0.000000000,2048,0.001533981,2047,0.000000000,0,-0.003360000,1,-0.791000,7,0.000000000,2048,0.000000000,0,12.500,38,4176,0,1,
112277013468492,112277010007447,112277011377942,112277013468492,23,0.230000000,center,state,0,0.000000000,2048,0.001533981,2047,0.000000000,0,-0.006720000,2,-0.791000,7,0.000000000,2048,0.000000000,0,12.500,38,4186,0,1,
112277023460435,112277020006536,112277021381861,112277023460435,24,0.240000000,center,state,0,0.000000000,2048,0.000000000,2048,0.000000000,0,-0.003360000,1,-0.226000,2,0.000000000,2048,0.000000000,0,12.500,38,4196,0,1,
112277033462603,112277030006228,112277031376926,112277033462603,25,0.250000000,center,state,0,0.000000000,2048,0.001533981,2047,0.000000000,0,-0.003360000,1,-0.226000,2,0.000000000,2048,0.000000000,0,12.500,38,4206,0,1,
112277043461848,112277040006464,112277041376340,112277043461848,26,0.260000000,center,state,0,0.000000000,2048,0.001533981,2047,0.000000000,0,-0.003360000,1,-0.226000,2,0.000000000,2048,0.000000000,0,12.500,38,4216,0,1,
112277053474947,112277050010009,112277051383925,112277053474947,27,0.270000000,center,state,0,0.000000000,2048,0.001533981,2047,0.000000000,0,-0.006720000,2,-0.791000,7,0.000000000,2048,0.000000000,0,12.500,38,4226,0,1,
112277063476372,112277060007570,112277061385300,112277063476372,28,0.280000000,center,state,0,0.000000000,2048,0.001533981,2047,0.000000000,0,-0.006720000,2,-0.678000,6,0.000000000,2048,0.000000000,0,12.500,38,4236,0,1,
112277073459213,112277070007647,112277071389100,112277073459213,29,0.290000000,center,state,0,0.000000000,2048,0.000000000,2048,0.000000000,0,0.000000000,0,-0.791000,7,0.000000000,2048,0.000000000,0,12.500,38,4246,0,1,
112277083466372,112277080006801,112277081382476,112277083466372,30,0.300000000,center,state,0,0.000000000,2048,0.001533981,2047,0.000000000,0,-0.003360000,1,-0.791000,7,0.000000000,2048,0.000000000,0,12.500,38,4256,0,1,
112277093460173,112277090006275,112277091380293,112277093460173,31,0.310000000,center,state,0,0.000000000,2048,0.001533981,2047,0.000000000,0,-0.003360000,1,-0.678000,6,0.000000000,2048,0.000000000,0,12.500,38,4266,0,1,
112277103461436,112277100006970,112277101388866,112277103461436,32,0.320000000,center,state,0,0.000000000,2048,0.000000000,2048,0.000000000,0,-0.006720000,2,-0.791000,7,0.000000000,2048,0.000000000,0,12.500,38,4276,0,1,
112277113471945,112277110009035,112277111383117,112277113471945,33,0.330000000,center,state,0,0.000000000,2048,0.001533981,2047,0.000000000,0,-0.003360000,1,-0.791000,7,0.000000000,2048,0.000000000,0,12.500,38,4286,0,1,
112277123477530,112277120006843,112277121387512,112277123477530,34,0.340000000,center,state,0,0.000000000,2048,0.001533981,2047,0.000000000,0,-0.003360000,1,-0.565000,5,0.000000000,2048,0.000000000,0,12.500,38,4296,0,1,
112277133464004,112277130006758,112277131381660,112277133464004,35,0.350000000,center,state,0,0.000000000,2048,0.001533981,2047,0.000000000,0,-0.003360000,1,-0.791000,7,0.000000000,2048,0.000000000,0,12.500,38,4306,0,1,
112277143460641,112277140007115,112277141380682,112277143460641,36,0.360000000,center,state,0,0.000000000,2048,0.001533981,2047,0.000000000,0,-0.003360000,1,-0.791000,7,0.000000000,2048,0.000000000,0,12.500,38,4316,0,1,
112277153468024,112277150007075,112277151386499,112277153468024,37,0.370000000,center,state,0,0.000000000,2048,0.001533981,2047,0.000000000,0,-0.006720000,2,-0.678000,6,0.000000000,2048,0.000000000,0,12.500,38,4326,0,1,
112277163461372,112277160006856,112277161348425,112277163461372,38,0.380000000,center,state,0,0.000000000,2048,0.001533981,2047,0.000000000,0,-0.003360000,1,-0.791000,7,0.000000000,2048,0.000000000,0,12.500,38,4336,0,1,
112277173460062,112277170007085,112277171386860,112277173460062,39,0.390000000,center,state,0,0.000000000,2048,0.001533981,2047,0.000000000,0,-0.006720000,2,-0.678000,6,0.000000000,2048,0.000000000,0,12.500,38,4346,0,1,
112277183467519,112277180006491,112277181380382,112277183467519,40,0.400000000,center,state,0,0.000000000,2048,0.001533981,2047,0.000000000,0,0.000000000,0,-0.904000,8,0.000000000,2048,0.000000000,0,12.500,38,4356,0,1,
112277193472570,112277190006945,112277191379767,112277193472570,41,0.410000000,center,state,0,0.000000000,2048,0.001533981,2047,0.000000000,0,0.000000000,0,-0.678000,6,0.000000000,2048,0.000000000,0,12.500,38,4366,0,1,
112277203460044,112277200007062,112277201380218,112277203460044,42,0.420000000,center,state,0,0.000000000,2048,0.001533981,2047,0.000000000,0,-0.006720000,2,-0.791000,7,0.000000000,2048,0.000000000,0,12.500,38,4376,0,1,
112277213463288,112277210007440,112277211382993,112277213463288,43,0.430000000,center,state,0,0.000000000,2048,0.001533981,2047,0.000000000,0,-0.003360000,1,-0.791000,7,0.000000000,2048,0.000000000,0,12.500,38,4386,0,1,
112277223461533,112277220009189,112277221383069,112277223461533,44,0.440000000,center,state,0,0.000000000,2048,0.001533981,2047,0.000000000,0,-0.006720000,2,-0.678000,6,0.000000000,2048,0.000000000,0,12.500,38,4396,0,1,
112277233459014,112277230006600,112277231378221,112277233459014,45,0.450000000,center,state,0,0.000000000,2048,0.001533981,2047,0.000000000,0,-0.003360000,1,-0.678000,6,0.000000000,2048,0.000000000,0,12.500,38,4406,0,1,
112277243463748,112277240006543,112277241381911,112277243463748,46,0.460000000,center,state,0,0.000000000,2048,0.001533981,2047,0.000000000,0,-0.003360000,1,-0.791000,7,0.000000000,2048,0.000000000,0,12.500,38,4416,0,1,
112277253458974,112277250006543,112277251378815,112277253458974,47,0.470000000,center,state,0,0.000000000,2048,0.001533981,2047,0.000000000,0,-0.006720000,2,-0.678000,6,0.000000000,2048,0.000000000,0,12.500,38,4426,0,1,
112277263468533,112277260006829,112277261373540,112277263468533,48,0.480000000,center,state,0,0.000000000,2048,0.001533981,2047,0.000000000,0,-0.003360000,1,-0.791000,7,0.000000000,2048,0.000000000,0,12.500,38,4436,0,1,
112277273464824,112277270006658,112277271388496,112277273464824,49,0.490000000,center,state,0,0.000000000,2048,0.001533981,2047,0.000000000,0,-0.003360000,1,-0.678000,6,0.000000000,2048,0.000000000,0,12.500,38,4446,0,1,
112277283456897,112277280006889,112277281360089,112277283456897,50,0.500000000,center,state,0,0.000000000,2048,0.001533981,2047,0.000000000,0,-0.006720000,2,-0.678000,6,0.000000000,2048,0.000000000,0,12.500,38,4456,0,1,
112277293465551,112277290006767,112277291365389,112277293465551,51,0.510000000,center,state,0,0.000000000,2048,0.001533981,2047,0.000000000,0,-0.006720000,2,-0.678000,6,0.000000000,2048,0.000000000,0,12.500,38,4466,0,1,
112277303460652,112277300006751,112277301372920,112277303460652,52,0.520000000,center,state,0,0.000000000,2048,0.001533981,2047,0.000000000,0,-0.003360000,1,-0.452000,4,0.000000000,2048,0.000000000,0,12.500,38,4476,0,1,
112277313466793,112277310007410,112277311367991,112277313466793,53,0.530000000,center,state,0,0.000000000,2048,0.001533981,2047,0.000000000,0,-0.006720000,2,-0.678000,6,0.000000000,2048,0.000000000,0,12.500,38,4486,0,1,
112277323446264,112277320007133,112277321358439,112277323446264,54,0.540000000,center,state,0,0.000000000,2048,0.001533981,2047,0.000000000,0,-0.006720000,2,-0.904000,8,0.000000000,2048,0.000000000,0,12.500,38,4496,0,1,
112277333445893,112277330008741,112277331365994,112277333445893,55,0.550000000,center,state,0,0.000000000,2048,0.001533981,2047,0.000000000,0,-0.006720000,2,-0.678000,6,0.000000000,2048,0.000000000,0,12.500,38,4506,0,1,
112277343442770,112277340006567,112277341367597,112277343442770,56,0.560000000,center,state,0,0.000000000,2048,0.001533981,2047,0.000000000,0,0.000000000,0,-0.791000,7,0.000000000,2048,0.000000000,0,12.500,38,4516,0,1,
112277353458826,112277350006456,112277351366014,112277353458826,57,0.570000000,center,state,0,0.000000000,2048,0.000000000,2048,0.000000000,0,-0.003360000,1,-0.904000,8,0.000000000,2048,0.000000000,0,12.500,38,4526,0,1,
112277363442898,112277360007804,112277361364868,112277363442898,58,0.580000000,center,state,0,0.000000000,2048,0.001533981,2047,0.000000000,0,-0.003360000,1,-0.904000,8,0.000000000,2048,0.000000000,0,12.500,38,4536,0,1,
112277373447848,112277370006847,112277371361513,112277373447848,59,0.590000000,center,state,0,0.000000000,2048,0.001533981,2047,0.000000000,0,-0.003360000,1,-0.452000,4,0.000000000,2048,0.000000000,0,12.500,38,4546,0,1,
112277383453253,112277380007431,112277381360595,112277383453253,60,0.600000000,center,state,0,0.000000000,2048,0.001533981,2047,0.000000000,0,-0.003360000,1,-0.565000,5,0.000000000,2048,0.000000000,0,12.500,38,4556,0,1,
112277393444771,112277390006777,112277391360844,112277393444771,61,0.610000000,center,state,0,0.000000000,2048,0.001533981,2047,0.000000000,0,-0.006720000,2,-0.904000,8,0.000000000,2048,0.000000000,0,12.500,38,4566,0,1,
112277403446103,112277400007413,112277401362820,112277403446103,62,0.620000000,center,state,0,0.000000000,2048,0.001533981,2047,0.000000000,0,-0.006720000,2,-0.791000,7,0.000000000,2048,0.000000000,0,12.500,38,4576,0,1,
112277413441202,112277410007263,112277411358780,112277413441202,63,0.630000000,center,state,0,0.000000000,2048,0.001533981,2047,0.000000000,0,-0.003360000,1,-0.904000,8,0.000000000,2048,0.000000000,0,12.500,38,4586,0,1,
112277423453227,112277420006867,112277421358730,112277423453227,64,0.640000000,center,state,0,0.000000000,2048,0.001533981,2047,0.000000000,0,-0.006720000,2,-0.904000,8,0.000000000,2048,0.000000000,0,12.500,38,4596,0,1,
112277433457419,112277430007190,112277431364534,112277433457419,65,0.650000000,center,state,0,0.000000000,2048,0.001533981,2047,0.000000000,0,-0.003360000,1,-0.791000,7,0.000000000,2048,0.000000000,0,12.500,38,4606,0,1,
112277444464546,112277440041584,112277442372292,112277444464546,66,0.660000000,center,state,0,0.000000000,2048,0.001533981,2047,0.000000000,0,-0.003360000,1,-0.904000,8,0.000000000,2048,0.000000000,0,12.500,38,4617,0,1,
112277453475277,112277450010398,112277451366155,112277453475277,67,0.670000000,center,state,0,0.000000000,2048,0.001533981,2047,0.000000000,0,-0.003360000,1,-0.678000,6,0.000000000,2048,0.000000000,0,12.500,38,4626,0,1,
112277463451701,112277460007865,112277461369485,112277463451701,68,0.680000000,center,state,0,0.000000000,2048,0.001533981,2047,0.000000000,0,-0.003360000,1,-0.678000,6,0.000000000,2048,0.000000000,0,12.500,38,4636,0,1,
112277473441177,112277470006970,112277471367613,112277473441177,69,0.690000000,center,state,0,0.000000000,2048,0.001533981,2047,0.000000000,0,-0.006720000,2,-0.678000,6,0.000000000,2048,0.000000000,0,12.500,38,4646,0,1,
112277483439607,112277480006794,112277481369685,112277483439607,70,0.700000000,center,state,0,0.000000000,2048,0.001533981,2047,0.000000000,0,-0.003360000,1,-0.678000,6,0.000000000,2048,0.000000000,0,12.500,38,4656,0,1,
112277493448845,112277490006840,112277491358959,112277493448845,71,0.710000000,center,state,0,0.000000000,2048,0.001533981,2047,0.000000000,0,-0.003360000,1,-0.791000,7,0.000000000,2048,0.000000000,0,12.500,38,4666,0,1,
112277503446325,112277500006820,112277501360194,112277503446325,72,0.720000000,center,state,0,0.000000000,2048,0.001533981,2047,0.000000000,0,-0.003360000,1,-0.791000,7,0.000000000,2048,0.000000000,0,12.500,38,4676,0,1,
112277513382154,112277510008646,112277511322228,112277513382154,73,0.730000000,center,state,0,0.000000000,2048,0.000000000,2048,0.000000000,0,-0.003360000,1,-0.791000,7,0.000000000,2048,0.000000000,0,12.500,38,4686,0,1,
112277523391159,112277520007349,112277521306294,112277523391159,74,0.740000000,center,state,0,0.000000000,2048,0.001533981,2047,0.000000000,0,-0.003360000,1,-0.791000,7,0.000000000,2048,0.000000000,0,12.500,38,4696,0,1,
112277533387855,112277530006846,112277531302126,112277533387855,75,0.750000000,center,state,0,0.000000000,2048,0.001533981,2047,0.000000000,0,-0.003360000,1,-0.678000,6,0.000000000,2048,0.000000000,0,12.500,38,4706,0,1,
112277543385689,112277540007204,112277541300401,112277543385689,76,0.760000000,center,state,0,0.000000000,2048,0.000000000,2048,0.000000000,0,-0.006720000,2,-0.678000,6,0.000000000,2048,0.000000000,0,12.500,38,4716,0,1,
112277553385674,112277550009639,112277551305127,112277553385674,77,0.770000000,center,state,0,0.000000000,2048,0.001533981,2047,0.000000000,0,-0.003360000,1,-0.678000,6,0.000000000,2048,0.000000000,0,12.500,38,4726,0,1,
112277563384245,112277560006831,112277561303042,112277563384245,78,0.780000000,center,state,0,0.000000000,2048,0.001533981,2047,0.000000000,0,-0.003360000,1,-0.791000,7,0.000000000,2048,0.000000000,0,12.500,38,4736,0,1,
112277573450293,112277570010961,112277571360443,112277573450293,79,0.790000000,center,state,0,0.000000000,2048,0.001533981,2047,0.000000000,0,-0.003360000,1,-0.791000,7,0.000000000,2048,0.000000000,0,12.500,38,4746,0,1,
112277583446263,112277580007276,112277581366146,112277583446263,80,0.800000000,center,state,0,0.000000000,2048,0.001533981,2047,0.000000000,0,-0.006720000,2,-0.791000,7,0.000000000,2048,0.000000000,0,12.500,38,4756,0,1,
112277593438965,112277590006771,112277591357810,112277593438965,81,0.810000000,center,state,0,0.000000000,2048,0.001533981,2047,0.000000000,0,-0.006720000,2,-0.678000,6,0.000000000,2048,0.000000000,0,12.500,38,4766,0,1,
112277603451323,112277600006906,112277601366610,112277603451323,82,0.820000000,center,state,0,0.000000000,2048,0.001533981,2047,0.000000000,0,-0.003360000,1,-0.791000,7,0.000000000,2048,0.000000000,0,12.500,38,4776,0,1,
112277613443779,112277610007432,112277611356370,112277613443779,83,0.830000000,center,state,0,0.000000000,2048,0.000000000,2048,0.000000000,0,-0.003360000,1,-0.791000,7,0.000000000,2048,0.000000000,0,12.500,38,4786,0,1,
112277623444766,112277620006735,112277621369596,112277623444766,84,0.840000000,center,state,0,0.000000000,2048,0.000000000,2048,0.000000000,0,-0.006720000,2,-0.791000,7,0.000000000,2048,0.000000000,0,12.500,38,4796,0,1,
112277633444590,112277630009502,112277631362044,112277633444590,85,0.850000000,center,state,0,0.000000000,2048,0.001533981,2047,0.000000000,0,-0.003360000,1,-0.791000,7,0.000000000,2048,0.000000000,0,12.500,38,4806,0,1,
112277643447900,112277640007288,112277641355575,112277643447900,86,0.860000000,center,state,0,0.000000000,2048,0.001533981,2047,0.000000000,0,-0.006720000,2,-0.678000,6,0.000000000,2048,0.000000000,0,12.500,38,4816,0,1,
112277653446136,112277650008799,112277651360496,112277653446136,87,0.870000000,center,state,0,0.000000000,2048,0.001533981,2047,0.000000000,0,-0.006720000,2,-0.791000,7,0.000000000,2048,0.000000000,0,12.500,38,4826,0,1,
112277663446802,112277660006668,112277661358218,112277663446802,88,0.880000000,center,state,0,0.000000000,2048,0.001533981,2047,0.000000000,0,-0.006720000,2,-0.113000,1,0.000000000,2048,0.000000000,0,12.500,38,4836,0,1,
112277673447949,112277670006593,112277671359464,112277673447949,89,0.890000000,center,state,0,0.000000000,2048,0.001533981,2047,0.000000000,0,-0.006720000,2,-0.791000,7,0.000000000,2048,0.000000000,0,12.500,38,4846,0,1,
112277683445522,112277680006768,112277681339643,112277683445522,90,0.900000000,center,state,0,0.000000000,2048,0.001533981,2047,0.000000000,0,-0.003360000,1,-0.678000,6,0.000000000,2048,0.000000000,0,12.500,38,4856,0,1,
112277693421969,112277690006715,112277691359554,112277693421969,91,0.910000000,center,state,0,0.000000000,2048,0.001533981,2047,0.000000000,0,-0.003360000,1,-0.904000,8,0.000000000,2048,0.000000000,0,12.500,38,4866,0,1,
112277703422413,112277700009788,112277701338115,112277703422413,92,0.920000000,center,state,0,0.000000000,2048,0.001533981,2047,0.000000000,0,-0.003360000,1,-0.791000,7,0.000000000,2048,0.000000000,0,12.500,38,4876,0,1,
112277713420892,112277710007739,112277711337672,112277713420892,93,0.930000000,center,state,0,0.000000000,2048,0.001533981,2047,0.000000000,0,-0.006720000,2,-0.678000,6,0.000000000,2048,0.000000000,0,12.500,38,4886,0,1,
112277723420403,112277720007091,112277721357314,112277723420403,94,0.940000000,center,state,0,0.000000000,2048,0.001533981,2047,0.000000000,0,-0.006720000,2,-0.791000,7,0.000000000,2048,0.000000000,0,12.500,38,4896,0,1,
112277733417861,112277730007034,112277731356907,112277733417861,95,0.950000000,center,state,0,0.000000000,2048,0.001533981,2047,0.000000000,0,-0.003360000,1,-0.791000,7,0.000000000,2048,0.000000000,0,12.500,38,4906,0,1,
112277743421694,112277740006531,112277741336168,112277743421694,96,0.960000000,center,state,0,0.000000000,2048,0.001533981,2047,0.000000000,0,-0.003360000,1,-0.791000,7,0.000000000,2048,0.000000000,0,12.500,38,4916,0,1,
112277753421875,112277750007054,112277751338198,112277753421875,97,0.970000000,center,state,0,0.000000000,2048,0.001533981,2047,0.000000000,0,-0.006720000,2,-0.791000,7,0.000000000,2048,0.000000000,0,12.500,38,4926,0,1,
112277763420328,112277760006474,112277761333877,112277763420328,98,0.980000000,center,state,0,0.000000000,2048,0.001533981,2047,0.000000000,0,-0.006720000,2,-0.678000,6,0.000000000,2048,0.000000000,0,12.500,38,4936,0,1,
112277773359418,112277770006573,112277771338754,112277773359418,99,0.990000000,center,hardware_error,0,0.000000000,2048,,,,,,,,,,,,,,,,,,0
112277783428181,112277780006303,112277781330162,112277783428181,100,1.000000000,sine_f1,state,0,0.000000000,2048,0.001533981,2047,0.000000000,0,-0.006720000,2,-0.791000,7,0.000000000,2048,0.000000000,0,12.500,38,4956,0,1,
112277793431225,112277790006755,112277791340740,112277793431225,101,1.010000000,sine_f1,state,0,0.001099512,2047,0.001533981,2047,0.000000000,0,-0.006720000,2,-0.791000,7,0.001533981,2047,0.000000000,0,12.500,38,4966,0,1,
112277803428935,112277800006305,112277801343437,112277803428935,102,1.020000000,sine_f1,state,0,0.002198753,2047,0.001533981,2047,0.000000000,0,0.000000000,0,0.113000,-1,0.001533981,2047,0.000000000,0,12.500,38,4976,0,1,
112277813427411,112277810009664,112277811339695,112277813427411,103,1.030000000,sine_f1,state,0,0.003297452,2046,0.001533981,2047,0.000000000,0,0.000000000,0,0.113000,-1,0.003067962,2046,0.000000000,0,12.500,38,4986,0,1,
112277823432724,112277820007040,112277821342963,112277823432724,104,1.040000000,sine_f1,state,0,0.004395336,2045,0.001533981,2047,0.000000000,0,0.003360000,-1,2.034000,-18,0.004601942,2045,0.000000000,0,12.500,38,4996,0,1,
112277833422672,112277830007014,112277831334335,112277833422672,105,1.050000000,sine_f1,state,0,0.005492137,2044,0.001533981,2047,0.000000000,0,0.020160000,-6,3.051000,-27,0.006135923,2044,0.000000000,0,12.500,38,5006,0,1,
112277843423697,112277840007377,112277841338710,112277843423697,106,1.060000000,sine_f1,state,0,0.006587582,2044,0.001533981,2047,0.000000000,0,0.023520000,-7,3.164000,-28,0.006135923,2044,0.000000000,0,12.500,38,5016,0,1,
112277853428536,112277850006674,112277851344947,112277853428536,107,1.070000000,sine_f1,state,0,0.007681402,2043,0.003067962,2046,0.000000000,0,0.020160000,-6,3.164000,-28,0.007669904,2043,0.000000000,0,12.500,38,5026,0,1,
112277863417222,112277860007372,112277861340562,112277863417222,108,1.080000000,sine_f1,state,0,0.008773326,2042,0.004601942,2045,0.000000000,0,0.016800000,-5,2.938000,-26,0.009203885,2042,0.000000000,0,12.500,38,5036,0,1,
112277873420530,112277870008853,112277871344201,112277873420530,109,1.090000000,sine_f1,state,0,0.009863086,2042,0.006135923,2044,0.023980824,-1,0.023520000,-7,3.277000,-29,0.009203885,2042,0.000000000,0,12.500,38,5046,0,1,
112277883454100,112277880006835,112277881371130,112277883454100,110,1.100000000,sine_f1,state,0,0.010950413,2041,0.006135923,2044,0.023980824,-1,0.013440000,-4,3.164000,-28,0.010737866,2041,0.000000000,0,12.500,38,5056,0,1,
112277893427405,112277890007751,112277891339814,112277893427405,111,1.110000000,sine_f1,state,0,0.012035037,2040,0.007669904,2043,0.047961648,-2,0.016800000,-5,3.051000,-27,0.012271846,2040,0.000000000,0,12.500,38,5066,0,1,
112277903423671,112277900008011,112277901338749,112277903423671,112,1.120000000,sine_f1,state,0,0.013116692,2039,0.007669904,2043,0.071942472,-3,0.030240000,-9,3.051000,-27,0.013805827,2039,0.000000000,0,12.500,38,5076,0,1,
112277913436525,112277910007307,112277911337152,112277913436525,113,1.130000000,sine_f1,state,0,0.014195111,2039,0.009203885,2042,0.071942472,-3,0.030240000,-9,3.051000,-27,0.013805827,2039,0.000000000,0,12.500,38,5086,0,1,
112277923424533,112277920006758,112277921337634,112277923424533,114,1.140000000,sine_f1,state,0,0.015270027,2038,0.010737866,2041,0.071942472,-3,0.016800000,-5,2.712000,-24,0.015339808,2038,0.000000000,0,12.500,38,5096,0,1,
112277933422273,112277930006634,112277931338153,112277933422273,115,1.150000000,sine_f1,state,0,0.016341175,2037,0.012271846,2040,0.071942472,-3,0.026880000,-8,2.825000,-25,0.016873789,2037,0.000000000,0,12.500,38,5106,0,1,
112277943420962,112277940006882,112277941338459,112277943420962,116,1.160000000,sine_f1,state,0,0.017408292,2037,0.013805827,2039,0.095923296,-4,0.030240000,-9,3.051000,-27,0.016873789,2037,0.000000000,0,12.500,38,5116,0,1,
112277953447124,112277950009100,112277951339657,112277953447124,117,1.170000000,sine_f1,state,0,0.018471113,2036,0.013805827,2039,0.095923296,-4,0.013440000,-4,3.051000,-27,0.018407769,2036,0.000000000,0,12.500,38,5126,0,1,
112277963456532,112277960010725,112277961341032,112277963456532,118,1.180000000,sine_f1,state,0,0.019529377,2035,0.015339808,2038,0.095923296,-4,0.023520000,-7,2.938000,-26,0.019941750,2035,0.000000000,0,12.500,38,5136,0,1,
112277973429011,112277970009305,112277971339117,112277973429011,119,1.190000000,sine_f1,state,0,0.020582823,2035,0.015339808,2038,0.095923296,-4,0.026880000,-8,3.164000,-28,0.019941750,2035,0.000000000,0,12.500,38,5146,0,1,
112277983426740,112277980006994,112277981340347,112277983426740,120,1.200000000,sine_f1,state,0,0.021631190,2034,0.016873789,2037,0.095923296,-4,0.020160000,-6,3.051000,-27,0.021475731,2034,0.000000000,0,12.500,38,5156,0,1,
112277993434364,112277990006852,112277991342191,112277993434364,121,1.210000000,sine_f1,state,0,0.022674219,2033,0.016873789,2037,0.095923296,-4,0.030240000,-9,2.825000,-25,0.023009712,2033,0.000000000,0,12.500,38,5166,0,1,
112278003418618,112278000006774,112278001338415,112278003418618,122,1.220000000,sine_f1,state,0,0.023711654,2033,0.018407769,2036,0.095923296,-4,0.030240000,-9,3.164000,-28,0.023009712,2033,0.000000000,0,12.500,38,5176,0,1,
112278013431402,112278010006665,112278011333910,112278013431402,123,1.230000000,sine_f1,state,0,0.024743239,2032,0.019941750,2035,0.095923296,-4,0.020160000,-6,3.051000,-27,0.024543693,2032,0.000000000,0,12.400,38,5186,0,1,
112278023423433,112278020009678,112278021338042,112278023423433,124,1.240000000,sine_f1,state,0,0.025768719,2031,0.019941750,2035,0.095923296,-4,0.023520000,-7,2.938000,-26,0.026077673,2031,0.000000000,0,12.500,38,5196,0,1,
112278033426714,112278030007124,112278031339188,112278033426714,125,1.250000000,sine_f1,state,0,0.026787840,2031,0.021475731,2034,0.095923296,-4,0.030240000,-9,3.277000,-29,0.026077673,2031,0.000000000,0,12.500,38,5206,0,1,
112278043433862,112278040006826,112278041337920,112278043433862,126,1.260000000,sine_f1,state,0,0.027800352,2030,0.023009712,2033,0.095923296,-4,0.016800000,-5,3.051000,-27,0.027611654,2030,0.000000000,0,12.500,38,5216,0,1,
112278053432150,112278050007053,112278051346532,112278053432150,127,1.270000000,sine_f1,state,0,0.028806005,2029,0.024543693,2032,0.095923296,-4,0.020160000,-6,3.051000,-27,0.029145635,2029,0.000000000,0,12.500,38,5226,0,1,
112278063416878,112278060008214,112278061346309,112278063416878,128,1.280000000,sine_f1,state,0,0.029804550,2029,0.024543693,2032,0.095923296,-4,0.023520000,-7,3.277000,-29,0.029145635,2029,0.000000000,0,12.500,38,5236,0,1,
112278073427495,112278070011427,112278071344715,112278073427495,129,1.290000000,sine_f1,state,0,0.030795742,2028,0.026077673,2031,0.095923296,-4,0.016800000,-5,3.164000,-28,0.030679616,2028,0.000000000,0,12.500,38,5246,0,1,
112278083435991,112278080006904,112278081343639,112278083435991,130,1.300000000,sine_f1,state,0,0.031779335,2027,0.027611654,2030,0.095923296,-4,0.030240000,-9,3.051000,-27,0.032213597,2027,0.000000000,0,12.500,38,5256,0,1,
112278093425490,112278090006487,112278091343384,112278093425490,131,1.310000000,sine_f1,state,0,0.032755087,2027,0.027611654,2030,0.095923296,-4,0.033600000,-10,2.825000,-25,0.032213597,2027,0.000000000,0,12.500,38,5266,0,1,
112278103422316,112278100006395,112278101334565,112278103422316,132,1.320000000,sine_f1,state,0,0.033722757,2026,0.029145635,2029,0.095923296,-4,0.016800000,-5,2.938000,-26,0.033747577,2026,0.000000000,0,12.500,38,5276,0,1,
112278113429583,112278110007076,112278111316149,112278113429583,133,1.330000000,sine_f1,state,0,0.034682107,2025,0.030679616,2028,0.095923296,-4,0.023520000,-7,2.825000,-25,0.035281558,2025,0.000000000,0,12.500,38,5286,0,1,
112278123367807,112278120009078,112278121278359,112278123367807,134,1.340000000,sine_f1,state,0,0.035632899,2025,0.032213597,2027,0.095923296,-4,0.030240000,-9,2.147000,-19,0.035281558,2025,0.000000000,0,12.500,38,5296,0,1,
112278133351618,112278130006688,112278131261053,112278133351618,135,1.350000000,sine_f1,state,0,0.036574900,2024,0.032213597,2027,0.095923296,-4,0.013440000,-4,3.051000,-27,0.036815539,2024,0.000000000,0,12.500,38,5306,0,1,
112278143368113,112278140007037,112278141281141,112278143368113,136,1.360000000,sine_f1,state,0,0.037507876,2024,0.033747577,2026,0.095923296,-4,0.020160000,-6,2.825000,-25,0.036815539,2024,0.000000000,0,12.500,38,5316,0,1,
112278153345561,112278150007176,112278151281779,112278153345561,137,1.370000000,sine_f1,state,0,0.038431597,2023,0.035281558,2025,0.095923296,-4,0.023520000,-7,2.599000,-23,0.038349520,2023,0.000000000,0,12.500,38,5326,0,1,
112278163349851,112278160007123,112278161261240,112278163349851,138,1.380000000,sine_f1,state,0,0.039345836,2022,0.035281558,2025,0.095923296,-4,0.023520000,-7,2.938000,-26,0.039883500,2022,0.000000000,0,12.500,38,5336,0,1,
112278173346109,112278170009604,112278171264628,112278173346109,139,1.390000000,sine_f1,state,0,0.040250368,2022,0.036815539,2024,0.095923296,-4,0.020160000,-6,2.938000,-26,0.039883500,2022,0.000000000,0,12.500,38,5346,0,1,
112278183348406,112278180006570,112278181265300,112278183348406,140,1.400000000,sine_f1,state,0,0.041144968,2021,0.036815539,2024,0.095923296,-4,0.020160000,-6,2.712000,-24,0.041417481,2021,0.000000000,0,12.500,38,5356,0,1,
112278193350597,112278190006734,112278191262307,112278193350597,141,1.410000000,sine_f1,state,0,0.042029416,2021,0.038349520,2023,0.095923296,-4,0.016800000,-5,2.938000,-26,0.041417481,2021,0.000000000,0,12.500,38,5366,0,1,
112278203345429,112278200006565,112278201248735,112278203345429,142,1.420000000,sine_f1,state,0,0.042903494,2020,0.039883500,2022,0.095923296,-4,0.013440000,-4,2.486000,-22,0.042951462,2020,0.000000000,0,12.500,38,5376,0,1,
112278213341352,112278210008930,112278211262625,112278213341352,143,1.430000000,sine_f1,state,0,0.043766986,2019,0.041417481,2021,0.095923296,-4,0.016800000,-5,2.599000,-23,0.044485443,2019,0.000000000,0,12.500,38,5386,0,1,
112278223340620,112278220006982,112278221263466,112278223340620,144,1.440000000,sine_f1,state,0,0.044619679,2019,0.041417481,2021,0.095923296,-4,0.016800000,-5,3.164000,-28,0.044485443,2019,0.000000000,0,12.500,38,5396,0,1,
112278233350646,112278230007071,112278231258139,112278233350646,145,1.450000000,sine_f1,state,0,0.045461363,2018,0.042951462,2020,0.095923296,-4,0.003360000,-1,3.051000,-27,0.046019424,2018,0.000000000,0,12.500,38,5406,0,1,
112278243341467,112278240006778,112278241262315,112278243341467,146,1.460000000,sine_f1,state,0,0.046291831,2018,0.042951462,2020,0.095923296,-4,0.016800000,-5,2.712000,-24,0.046019424,2018,0.000000000,0,12.500,38,5416,0,1,
112278253340735,112278250007218,112278251264581,112278253340735,147,1.470000000,sine_f1,state,0,0.047110876,2017,0.044485443,2019,0.095923296,-4,0.003360000,-1,3.164000,-28,0.047553404,2017,0.000000000,0,12.500,38,5426,0,1,
112278263346453,112278260007424,112278261263184,112278263346453,148,1.480000000,sine_f1,state,0,0.047918297,2017,0.046019424,2018,0.095923296,-4,0.010080000,-3,2.825000,-25,0.047553404,2017,0.000000000,0,12.500,38,5436,0,1,
112278273348664,112278270006951,112278271259807,112278273348664,149,1.490000000,sine_f1,state,0,0.048713896,2016,0.047553404,2017,0.095923296,-4,0.010080000,-3,2.599000,-23,0.049087385,2016,0.000000000,0,12.500,38,5446,0,1,
112278283352286,112278280009202,112278281260658,112278283352286,150,1.500000000,sine_f1,state,0,0.049497475,2016,0.047553404,2017,0.095923296,-4,0.010080000,-3,2.938000,-26,0.049087385,2016,0.000000000,0,12.500,38,5456,0,1,
112278293350697,112278290006687,112278291260253,112278293350697,151,1.510000000,sine_f1,state,0,0.050268841,2015,0.049087385,2016,0.095923296,-4,0.003360000,-1,1.808000,-16,0.050621366,2015,0.000000000,0,12.500,38,5466,0,1,
112278303350125,112278300006130,112278301262416,112278303350125,152,1.520000000,sine_f1,state,0,0.051027804,2015,0.049087385,2016,0.095923296,-4,0.006720000,-2,3.051000,-27,0.050621366,2015,0.000000000,0,12.500,38,5476,0,1,
112278313347481,112278310007315,112278311261531,112278313347481,153,1.530000000,sine_f1,state,0,0.051774177,2014,0.050621366,2015,0.095923296,-4,0.003360000,-1,2.260000,-20,0.052155347,2014,0.000000000,0,12.500,38,5486,0,1,
112278323346820,112278320006752,112278321260402,112278323346820,154,1.540000000,sine_f1,state,0,0.052507775,2014,0.052155347,2014,0.095923296,-4,0.003360000,-1,3.051000,-27,0.052155347,2014,0.000000000,0,12.500,38,5496,0,1,
112278333343122,112278330006146,112278331260577,112278333343122,155,1.550000000,sine_f1,state,0,0.053228418,2013,0.052155347,2014,0.095923296,-4,0.003360000,-1,1.469000,-13,0.053689328,2013,0.000000000,0,12.500,38,5506,0,1,
112278343345025,112278340006664,112278341258002,112278343345025,156,1.560000000,sine_f1,state,0,0.053935927,2013,0.052155347,2014,0.071942472,-3,0.003360000,-1,2.938000,-26,0.053689328,2013,0.000000000,0,12.500,38,5516,0,1,
112278353346146,112278350007294,112278351261539,112278353346146,157,1.570000000,sine_f1,state,0,0.054630129,2012,0.053689328,2013,0.071942472,-3,0.003360000,-1,1.808000,-16,0.055223308,2012,0.000000000,0,12.500,38,5526,0,1,
112278363342351,112278360007058,112278361263851,112278363342351,158,1.580000000,sine_f1,state,0,0.055310851,2012,0.055223308,2012,0.071942472,-3,0.003360000,-1,2.938000,-26,0.055223308,2012,0.000000000,0,12.500,38,5536,0,1,
112278373347624,112278370006836,112278371265150,112278373347624,159,1.590000000,sine_f1,state,0,0.055977926,2012,0.055223308,2012,0.071942472,-3,0.000000000,0,1.695000,-15,0.055223308,2012,0.000000000,0,12.500,38,5546,0,1,
112278383340586,112278380006872,112278381263360,112278383340586,160,1.600000000,sine_f1,state,0,0.056631190,2011,0.055223308,2012,0.071942472,-3,-0.003360000,1,0.000000,0,0.056757289,2011,0.000000000,0,12.500,38,5556,0,1,
112278393351838,112278390009356,112278391259921,112278393351838,161,1.610000000,sine_f1,state,0,0.057270480,2011,0.056757289,2011,0.071942472,-3,0.000000000,0,0.791000,-7,0.056757289,2011,0.000000000,0,12.500,38,5566,0,1,
112278403342897,112278400006908,112278401259239,112278403342897,162,1.620000000,sine_f1,state,0,0.057895640,2010,0.056757289,2011,0.071942472,-3,0.006720000,-2,1.356000,-12,0.058291270,2010,0.000000000,0,12.500,38,5576,0,1,
112278413351973,112278410006530,112278411262214,112278413351973,163,1.630000000,sine_f1,state,0,0.058506515,2010,0.055223308,2012,0.047961648,-2,0.003360000,-1,2.712000,-24,0.058291270,2010,0.000000000,0,12.500,38,5586,0,1,
112278423350580,112278420006817,112278421259520,112278423350580,164,1.640000000,sine_f1,state,0,0.059102955,2009,0.056757289,2011,0.047961648,-2,0.006720000,-2,3.164000,-28,0.059825251,2009,0.000000000,0,12.500,38,5596,0,1,
112278433347370,112278430006486,112278431258001,112278433347370,165,1.650000000,sine_f1,state,0,0.059684812,2009,0.058291270,2010,0.047961648,-2,0.013440000,-4,2.938000,-26,0.059825251,2009,0.000000000,0,12.500,38,5606,0,1,
112278443347529,112278440007424,112278441256888,112278443347529,166,1.660000000,sine_f1,state,0,0.060251942,2009,0.058291270,2010,0.047961648,-2,0.006720000,-2,2.938000,-26,0.059825251,2009,0.000000000,0,12.500,38,5616,0,1,
112278453346442,112278450006691,112278451264512,112278453346442,167,1.670000000,sine_f1,state,0,0.060804206,2008,0.059825251,2009,0.023980824,-1,0.000000000,0,1.582000,-14,0.061359232,2008,0.000000000,0,12.500,38,5626,0,1,
112278463348076,112278460007158,112278461259655,112278463348076,168,1.680000000,sine_f1,state,0,0.061341468,2008,0.059825251,2009,0.023980824,-1,0.010080000,-3,3.051000,-27,0.061359232,2008,0.000000000,0,12.500,38,5636,0,1,
112278473350215,112278470006601,112278471261390,112278473350215,169,1.690000000,sine_f1,state,0,0.061863594,2008,0.061359232,2008,0.047961648,-2,0.003360000,-1,2.034000,-18,0.061359232,2008,0.000000000,0,12.400,38,5646,0,1,
112278483342150,112278480006807,112278481263761,112278483342150,170,1.700000000,sine_f1,state,0,0.062370457,2007,0.061359232,2008,0.047961648,-2,0.000000000,0,1.017000,-9,0.062893212,2007,0.000000000,0,12.500,38,5656,0,1,
112278493343239,112278490008958,112278491261408,112278493343239,171,1.710000000,sine_f1,state,0,0.062861930,2007,0.062893212,2007,0.047961648,-2,0.003360000,-1,3.051000,-27,0.062893212,2007,0.000000000,0,12.500,38,5666,0,1,
112278503333704,112278500006431,112278501258830,112278503333704,172,1.720000000,sine_f1,state,0,0.063337894,2007,0.062893212,2007,0.047961648,-2,0.003360000,-1,1.808000,-16,0.062893212,2007,0.000000000,0,12.500,38,5676,0,1,
112278513343947,112278510006452,112278511263774,112278513343947,173,1.730000000,sine_f1,state,0,0.063798229,2006,0.062893212,2007,0.047961648,-2,0.000000000,0,0.565000,-5,0.064427193,2006,0.000000000,0,12.500,38,5686,0,1,
112278523345872,112278520006551,112278521243237,112278523345872,174,1.740000000,sine_f1,state,0,0.064242824,2006,0.062893212,2007,0.047961648,-2,0.003360000,-1,2.825000,-25,0.064427193,2006,0.000000000,0,12.500,38,5696,0,1,
112278533341941,112278530006320,112278531242184,112278533341941,175,1.750000000,sine_f1,state,0,0.064671567,2006,0.064427193,2006,0.047961648,-2,0.003360000,-1,2.260000,-20,0.064427193,2006,0.000000000,0,12.500,38,5706,0,1,
112278543322402,112278540009837,112278541239603,112278543322402,176,1.760000000,sine_f1,state,0,0.065084354,2006,0.064427193,2006,0.047961648,-2,0.000000000,0,1.017000,-9,0.064427193,2006,0.000000000,0,12.500,38,5716,0,1,
112278553327218,112278550007137,112278551260999,112278553327218,177,1.770000000,sine_f1,state,0,0.065481082,2005,0.064427193,2006,0.047961648,-2,0.000000000,0,0.000000,0,0.065961174,2005,0.000000000,0,12.500,38,5726,0,1,
112278564343727,112278560010337,112278562256464,112278564343727,178,1.780000000,sine_f1,state,0,0.065861654,2005,0.064427193,2006,0.023980824,-1,0.006720000,-2,2.373000,-21,0.065961174,2005,0.000000000,0,12.500,38,5737,0,1,
112278574330729,112278570010934,112278572260579,112278574330729,179,1.790000000,sine_f1,state,0,0.066225975,2005,0.065961174,2005,0.023980824,-1,0.003360000,-1,2.712000,-24,0.065961174,2005,0.000000000,0,12.500,38,5747,0,1,
112278583324043,112278580007368,112278581243803,112278583324043,180,1.800000000,sine_f1,state,0,0.066573956,2005,0.065961174,2005,0.023980824,-1,0.003360000,-1,1.921000,-17,0.065961174,2005,0.000000000,0,12.500,38,5756,0,1,
112278594327939,112278590009772,112278592238320,112278594327939,181,1.810000000,sine_f1,state,0,0.066905511,2004,0.065961174,2005,0.023980824,-1,0.000000000,0,0.678000,-6,0.067495155,2004,0.000000000,0,12.500,38,5767,0,1,
112278604321085,112278600009480,112278602238587,112278604321085,182,1.820000000,sine_f1,state,0,0.067220558,2004,0.067495155,2004,0.023980824,-1,0.003360000,-1,2.599000,-23,0.067495155,2004,0.000000000,0,12.500,38,5777,0,1,
112278613328346,112278610006795,112278611240022,112278613328346,183,1.830000000,sine_f1,state,0,0.067519019,2004,0.067495155,2004,0.023980824,-1,0.000000000,0,1.582000,-14,0.067495155,2004,0.000000000,0,12.500,38,5786,0,1,
112278624323318,112278620007345,112278622235704,112278624323318,184,1.840000000,sine_f1,state,0,0.067800821,2004,0.067495155,2004,0.023980824,-1,0.000000000,0,0.452000,-4,0.067495155,2004,0.000000000,0,12.500,38,5797,0,1,
112278633325494,112278630006616,112278631237861,112278633325494,185,1.850000000,sine_f1,state,0,0.068065894,2004,0.067495155,2004,0.023980824,-1,0.000000000,0,0.000000,0,0.067495155,2004,0.000000000,0,12.500,38,5806,0,1,
112278643330657,112278640007141,112278641240764,112278643330657,186,1.860000000,sine_f1,state,0,0.068314173,2003,0.067495155,2004,0.023980824,-1,0.000000000,0,0.226000,-2,0.069029135,2003,0.000000000,0,12.500,38,5816,0,1,
112278654323899,112278650007470,112278652235110,112278654323899,187,1.870000000,sine_f1,state,0,0.068545597,2003,0.067495155,2004,0.023980824,-1,0.003360000,-1,2.147000,-19,0.069029135,2003,0.000000000,0,12.500,38,5827,0,1,
112278664325269,112278660008580,112278662235647,112278664325269,188,1.880000000,sine_f1,state,0,0.068760108,2003,0.067495155,2004,0.000000000,0,0.006720000,-2,3.051000,-27,0.069029135,2003,0.000000000,0,12.500,38,5837,0,1,
112278674317561,112278670007343,112278672234513,112278674317561,189,1.890000000,sine_f1,state,0,0.068957653,2003,0.069029135,2003,0.000000000,0,0.003360000,-1,2.486000,-22,0.069029135,2003,0.000000000,0,12.500,38,5847,0,1,
112278684316262,112278680009797,112278682234688,112278684316262,190,1.900000000,sine_f1,state,0,0.069138184,2003,0.069029135,2003,0.000000000,0,0.000000000,0,1.356000,-12,0.069029135,2003,0.000000000,0,12.500,38,5857,0,1,
112278694322014,112278690009075,112278692240033,112278694322014,191,1.910000000,sine_f1,state,0,0.069301656,2003,0.069029135,2003,0.000000000,0,0.000000000,0,0.452000,-4,0.069029135,2003,0.000000000,0,12.500,38,5867,0,1,
112278704314758,112278700005881,112278702237475,112278704314758,192,1.920000000,sine_f1,state,0,0.069448029,2003,0.069029135,2003,0.000000000,0,0.000000000,0,0.000000,0,0.069029135,2003,0.000000000,0,12.500,38,5877,0,1,
112278714315414,112278710007154,112278712239107,112278714315414,193,1.930000000,sine_f1,state,0,0.069577267,2003,0.069029135,2003,0.000000000,0,0.003360000,-1,0.226000,-2,0.069029135,2003,0.000000000,0,12.500,38,5887,0,1,
112278724318508,112278720006581,112278722240469,112278724318508,194,1.940000000,sine_f1,state,0,0.069689338,2003,0.069029135,2003,0.000000000,0,0.003360000,-1,0.113000,-1,0.069029135,2003,0.000000000,0,12.500,38,5897,0,1,
112278734304967,112278730006363,112278732238957,112278734304967,195,1.950000000,sine_f1,state,0,0.069784213,2003,0.069029135,2003,0.000000000,0,0.000000000,0,0.000000,0,0.069029135,2003,0.000000000,0,12.500,38,5907,0,1,
112278744306054,112278740009636,112278742234841,112278744306054,196,1.960000000,sine_f1,state,0,0.069861871,2002,0.069029135,2003,0.000000000,0,0.000000000,0,0.452000,-4,0.070563116,2002,0.000000000,0,12.500,38,5917,0,1,
112278754304372,112278750009114,112278752238489,112278754304372,197,1.970000000,sine_f1,state,0,0.069922291,2002,0.069029135,2003,0.000000000,0,0.006720000,-2,2.712000,-24,0.070563116,2002,0.000000000,0,12.500,38,5927,0,1,
112278764308316,112278760006493,112278762233184,112278764308316,198,1.980000000,sine_f1,state,0,0.069965459,2002,0.070563116,2002,0.000000000,0,0.010080000,-3,3.051000,-27,0.070563116,2002,0.000000000,0,12.500,38,5937,0,1,
112278774251719,112278770006418,112278772232720,112278774251719,199,1.990000000,sine_f1,hardware_error,0,0.069991364,2002,,,,,,,,,,,,,,,,,,0
112278784359927,112278780006150,112278782405570,112278784359927,200,2.000000000,sine_f1,state,0,0.070000000,2002,0.072097097,2001,0.000000000,0,0.000000000,0,0.565000,-5,0.070563116,2002,0.000000000,0,12.500,38,5957,0,1,
112278794359296,112278790095035,112278792269387,112278794359296,201,2.010000000,sine_f1,state,0,0.069991364,2002,0.070563116,2002,0.000000000,0,-0.003360000,1,-0.113000,1,0.070563116,2002,0.000000000,0,12.500,38,5967,0,1,
112278804357603,112278800083838,112278802247583,112278804357603,202,2.020000000,sine_f1,state,0,0.069965459,2002,0.072097097,2001,0.000000000,0,0.000000000,0,0.113000,-1,0.070563116,2002,0.000000000,0,12.500,38,5977,0,1,
112278814353534,112278810090391,112278812251718,112278814353534,203,2.030000000,sine_f1,state,0,0.069922291,2002,0.072097097,2001,0.023980824,-1,-0.003360000,1,-0.113000,1,0.070563116,2002,0.000000000,0,12.500,38,5987,0,1,
112278824579118,112278820089709,112278822263300,112278824579118,204,2.040000000,sine_f1,state,0,0.069861871,2002,0.070563116,2002,0.023980824,-1,0.000000000,0,0.000000,0,0.070563116,2002,0.000000000,0,12.500,38,5997,0,1,
112278834557245,112278830086975,112278832450721,112278834557245,205,2.050000000,sine_f1,state,0,0.069784213,2003,0.070563116,2002,0.000000000,0,-0.003360000,1,-0.113000,1,0.069029135,2003,0.000000000,0,12.500,38,6007,0,1,
112278844428084,112278840085826,112278842444071,112278844428084,206,2.060000000,sine_f1,state,0,0.069689338,2003,0.070563116,2002,0.000000000,0,-0.006720000,2,-0.791000,7,0.069029135,2003,0.000000000,0,12.500,38,6017,0,1,
112278854349813,112278850083835,112278852426626,112278854349813,207,2.070000000,sine_f1,state,0,0.069577267,2003,0.070563116,2002,0.000000000,0,-0.010080000,3,-0.791000,7,0.069029135,2003,0.000000000,0,12.500,38,6027,0,1,
112278864347552,112278860091567,112278862263922,112278864347552,208,2.080000000,sine_f1,state,0,0.069448029,2003,0.072097097,2001,0.000000000,0,-0.006720000,2,-0.904000,8,0.069029135,2003,0.000000000,0,12.500,38,6037,0,1,
112278874345062,112278870084453,112278872250495,112278874345062,209,2.090000000,sine_f1,state,0,0.069301656,2003,0.072097097,2001,0.000000000,0,-0.006720000,2,-1.017000,9,0.069029135,2003,0.000000000,0,12.500,38,6047,0,1,
112278884329059,112278880083781,112278882257396,112278884329059,210,2.100000000,sine_f1,state,0,0.069138184,2003,0.070563116,2002,0.000000000,0,-0.006720000,2,-0.791000,7,0.069029135,2003,0.000000000,0,12.500,38,6057,0,1,
112278894353885,112278890084901,112278892267866,112278894353885,211,2.110000000,sine_f1,state,0,0.068957653,2003,0.070563116,2002,0.000000000,0,-0.006720000,2,-0.678000,6,0.069029135,2003,0.000000000,0,12.500,38,6067,0,1,
112278904347435,112278900103599,112278902246865,112278904347435,212,2.120000000,sine_f1,state,0,0.068760108,2003,0.072097097,2001,0.000000000,0,-0.013440000,4,-0.791000,7,0.069029135,2003,0.000000000,0,12.500,38,6077,0,1,
112278914351520,112278910105063,112278912269500,112278914351520,213,2.130000000,sine_f1,state,0,0.068545597,2003,0.070563116,2002,0.000000000,0,-0.013440000,4,-0.904000,8,0.069029135,2003,0.000000000,0,12.500,38,6087,0,1,
112278924397782,112278920035911,112278922250706,112278924397782,214,2.140000000,sine_f1,state,0,0.068314173,2003,0.070563116,2002,0.000000000,0,-0.010080000,3,-1.017000,9,0.069029135,2003,0.000000000,0,12.500,38,6097,0,1,
112278934349593,112278930094495,112278932258221,112278934349593,215,2.150000000,sine_f1,state,0,0.068065894,2004,0.072097097,2001,0.000000000,0,-0.010080000,3,-0.791000,7,0.067495155,2004,0.000000000,0,12.500,38,6107,0,1,
112278944344878,112278940084406,112278942246701,112278944344878,216,2.160000000,sine_f1,state,0,0.067800821,2004,0.070563116,2002,0.000000000,0,-0.023520000,7,-1.130000,10,0.067495155,2004,0.000000000,0,12.500,38,6117,0,1,
112278954340428,112278950084974,112278952231294,112278954340428,217,2.170000000,sine_f1,state,0,0.067519019,2004,0.070563116,2002,0.000000000,0,-0.013440000,4,-1.017000,9,0.067495155,2004,0.000000000,0,12.500,38,6127,0,1,
112278964340773,112278960084417,112278962227934,112278964340773,218,2.180000000,sine_f1,state,0,0.067220558,2004,0.072097097,2001,0.000000000,0,-0.023520000,7,-1.017000,9,0.067495155,2004,0.000000000,0,12.500,38,6137,0,1,
112278974407796,112278970084791,112278972230057,112278974407796,219,2.190000000,sine_f1,state,0,0.066905511,2004,0.072097097,2001,0.000000000,0,-0.023520000,7,-1.130000,10,0.067495155,2004,0.000000000,0,12.500,38,6147,0,1,
112278984312976,112278980012325,112278982230476,112278984312976,220,2.200000000,sine_f1,state,0,0.066573956,2005,0.070563116,2002,0.000000000,0,-0.023520000,7,-1.243000,11,0.065961174,2005,0.000000000,0,12.500,38,6157,0,1,
112278994305812,112278990007804,112278992243152,112278994305812,221,2.210000000,sine_f1,state,0,0.066225975,2005,0.072097097,2001,0.000000000,0,-0.026880000,8,-1.017000,9,0.065961174,2005,0.000000000,0,12.500,38,6167,0,1,
112279004320519,112279000008888,112279002220009,112279004320519,222,2.220000000,sine_f1,state,0,0.065861654,2005,0.072097097,2001,0.000000000,0,-0.026880000,8,-1.130000,10,0.065961174,2005,0.000000000,0,12.500,38,6177,0,1,
112279014300271,112279010009708,112279012220836,112279014300271,223,2.230000000,sine_f1,state,0,0.065481082,2005,0.072097097,2001,0.000000000,0,-0.026880000,8,-1.130000,10,0.065961174,2005,0.000000000,0,12.500,38,6187,0,1,
112279024306178,112279020007734,112279022223448,112279024306178,224,2.240000000,sine_f1,state,0,0.065084354,2006,0.072097097,2001,0.000000000,0,-0.030240000,9,-1.130000,10,0.064427193,2006,0.000000000,0,12.500,38,6197,0,1,
112279034303657,112279030006262,112279032219536,112279034303657,225,2.250000000,sine_f1,state,0,0.064671567,2006,0.072097097,2001,0.000000000,0,-0.036960000,11,-1.695000,15,0.064427193,2006,0.000000000,0,12.500,38,6207,0,1,
112279044304737,112279040006674,112279042222219,112279044304737,226,2.260000000,sine_f1,state,0,0.064242824,2006,0.070563116,2002,0.000000000,0,-0.026880000,8,-1.808000,16,0.064427193,2006,0.000000000,0,12.500,38,6217,0,1,
112279054304995,112279050010263,112279052216259,112279054304995,227,2.270000000,sine_f1,state,0,0.063798229,2006,0.070563116,2002,0.000000000,0,-0.033600000,10,-1.582000,14,0.064427193,2006,0.000000000,0,12.500,38,6227,0,1,
112279064304970,112279060009137,112279062217763,112279064304970,228,2.280000000,sine_f1,state,0,0.063337894,2007,0.070563116,2002,0.000000000,0,-0.030240000,9,-2.260000,20,0.062893212,2007,0.000000000,0,12.500,38,6237,0,1,
112279074287307,112279070011092,112279072224999,112279074287307,229,2.290000000,sine_f1,state,0,0.062861930,2007,0.070563116,2002,0.000000000,0,-0.040320000,12,-3.729000,33,0.062893212,2007,0.000000000,0,12.500,38,6247,0,1,
112279084296589,112279080006593,112279082219534,112279084296589,230,2.300000000,sine_f1,state,0,0.062370457,2007,0.069029135,2003,0.000000000,0,-0.026880000,8,-6.102000,54,0.062893212,2007,0.000000000,0,12.500,38,6257,0,1,
112279094286293,112279090006166,112279092221103,112279094286293,231,2.310000000,sine_f1,state,0,0.061863594,2008,0.067495155,2004,-0.023980824,1,-0.023520000,7,-9.492000,84,0.061359232,2008,0.000000000,0,12.500,38,6267,0,1,
112279104296233,112279100008966,112279102290782,112279104296233,232,2.320000000,sine_f1,state,0,0.061341468,2008,0.062893212,2007,-0.047961648,2,-0.016800000,5,-11.074000,98,0.061359232,2008,0.000000000,0,12.300,38,6277,0,1,
112279114297369,112279110011046,112279112216630,112279114297369,233,2.330000000,sine_f1,state,0,0.060804206,2008,0.059825251,2009,-0.071942472,3,-0.006720000,2,-8.814000,78,0.061359232,2008,0.000000000,0,12.600,38,6287,0,1,
112279124289710,112279120007146,112279122219301,112279124289710,234,2.340000000,sine_f1,state,0,0.060251942,2009,0.055223308,2012,-0.119904120,5,0.020160000,-6,0.226000,-2,0.059825251,2009,0.000000000,0,12.600,38,6297,0,1,
112279134289646,112279130006721,112279132221208,112279134289646,235,2.350000000,sine_f1,state,0,0.059684812,2009,0.053689328,2013,-0.167865767,7,0.023520000,-7,0.000000,0,0.059825251,2009,0.000000000,0,12.600,38,6307,0,1,
112279144299496,112279140006723,112279142216884,112279144299496,236,2.360000000,sine_f1,state,0,0.059102955,2009,0.053689328,2013,-0.215827415,9,0.030240000,-9,3.051000,-27,0.059825251,2009,0.000000000,0,12.600,38,6317,0,1,
112279154304201,112279150010411,112279152219309,112279154304201,237,2.370000000,sine_f1,state,0,0.058506515,2010,0.055223308,2012,-0.215827415,9,0.026880000,-8,3.164000,-28,0.058291270,2010,0.000000000,0,12.500,38,6327,0,1,
112279164295417,112279160011866,112279162223591,112279164295417,238,2.380000000,sine_f1,state,0,0.057895640,2010,0.055223308,2012,-0.191846591,8,0.020160000,-6,3.051000,-27,0.058291270,2010,0.000000000,0,12.500,38,6337,0,1,
112279174290326,112279170008650,112279172222876,112279174290326,239,2.390000000,sine_f1,state,0,0.057270480,2011,0.056757289,2011,-0.167865767,7,0.013440000,-4,2.825000,-25,0.056757289,2011,0.000000000,0,12.500,38,6347,0,1,
112279184297767,112279180007196,112279182213291,112279184297767,240,2.400000000,sine_f1,state,0,0.056631190,2011,0.056757289,2011,-0.095923296,4,0.000000000,0,1.130000,-10,0.056757289,2011,0.000000000,0,12.500,38,6357,0,1,
112279194289652,112279190006475,112279192216687,112279194289652,241,2.410000000,sine_f1,state,0,0.055977926,2012,0.056757289,2011,-0.047961648,2,0.000000000,0,0.000000,0,0.055223308,2012,0.000000000,0,12.500,38,6367,0,1,
112279204285647,112279200006509,112279202209906,112279204285647,242,2.420000000,sine_f1,state,0,0.055310851,2012,0.056757289,2011,0.000000000,0,-0.003360000,1,-0.678000,6,0.055223308,2012,0.000000000,0,12.500,38,6377,0,1,
112279214281750,112279210007264,112279212219501,112279214281750,243,2.430000000,sine_f1,state,0,0.054630129,2012,0.056757289,2011,0.000000000,0,-0.006720000,2,-0.791000,7,0.055223308,2012,0.000000000,0,12.500,38,6387,0,1,
112279224293648,112279220014750,112279222226768,112279224293648,244,2.440000000,sine_f1,state,0,0.053935927,2013,0.056757289,2011,0.000000000,0,-0.006720000,2,-0.904000,8,0.053689328,2013,0.000000000,0,12.500,38,6397,0,1,
112279234288659,112279230010359,112279232219331,112279234288659,245,2.450000000,sine_f1,state,0,0.053228418,2013,0.056757289,2011,0.000000000,0,-0.016800000,5,-1.017000,9,0.053689328,2013,0.000000000,0,12.500,38,6407,0,1,
112279244288428,112279240006744,112279242219808,112279244288428,246,2.460000000,sine_f1,state,0,0.052507775,2014,0.056757289,2011,0.000000000,0,-0.016800000,5,-1.017000,9,0.052155347,2014,0.000000000,0,12.500,38,6417,0,1,
112279254289989,112279250006551,112279252216455,112279254289989,247,2.470000000,sine_f1,state,0,0.051774177,2014,0.056757289,2011,0.000000000,0,-0.026880000,8,-1.017000,9,0.052155347,2014,0.000000000,0,12.500,38,6427,0,1,
112279264294659,112279260006400,112279262216084,112279264294659,248,2.480000000,sine_f1,state,0,0.051027804,2015,0.056757289,2011,0.000000000,0,-0.026880000,8,-1.243000,11,0.050621366,2015,0.000000000,0,12.500,38,6437,0,1,
112279274292186,112279270006787,112279272223584,112279274292186,249,2.490000000,sine_f1,state,0,0.050268841,2015,0.056757289,2011,0.000000000,0,-0.030240000,9,-1.017000,9,0.050621366,2015,0.000000000,0,12.500,38,6447,0,1,
112279284284789,112279280009793,112279282214564,112279284284789,250,2.500000000,sine_f1,state,0,0.049497475,2016,0.056757289,2011,0.000000000,0,-0.036960000,11,-1.469000,13,0.049087385,2016,0.000000000,0,12.500,38,6457,0,1,
112279294295711,112279290006808,112279292213358,112279294295711,251,2.510000000,sine_f1,state,0,0.048713896,2016,0.056757289,2011,0.000000000,0,-0.036960000,11,-1.808000,16,0.049087385,2016,0.000000000,0,12.500,38,6467,0,1,
112279304293416,112279300006904,112279302215313,112279304293416,252,2.520000000,sine_f1,state,0,0.047918297,2017,0.056757289,2011,0.000000000,0,-0.040320000,12,-2.034000,18,0.047553404,2017,0.000000000,0,12.500,38,6477,0,1,
112279314293766,112279310021418,112279312220072,112279314293766,253,2.530000000,sine_f1,state,0,0.047110876,2017,0.056757289,2011,0.000000000,0,-0.040320000,12,-4.068000,36,0.047553404,2017,0.000000000,0,12.500,38,6487,0,1,
112279324283906,112279320007188,112279322221301,112279324283906,254,2.540000000,sine_f1,state,0,0.046291831,2018,0.055223308,2012,0.000000000,0,-0.023520000,7,-8.588000,76,0.046019424,2018,0.000000000,0,12.500,38,6497,0,1,
112279334285156,112279330009243,112279332212881,112279334285156,255,2.550000000,sine_f1,state,0,0.045461363,2018,0.053689328,2013,0.000000000,0,-0.036960000,11,-10.848000,96,0.046019424,2018,0.000000000,0,12.500,38,6507,0,1,
112279344288037,112279340009907,112279342219155,112279344288037,256,2.560000000,sine_f1,state,0,0.044619679,2019,0.049087385,2016,-0.023980824,1,-0.016800000,5,-11.413000,101,0.044485443,2019,0.000000000,0,12.600,38,6517,0,1,
112279354298405,112279350006605,112279352201274,112279354298405,257,2.570000000,sine_f1,state,0,0.043766986,2019,0.044485443,2019,-0.071942472,3,-0.003360000,1,-11.074000,98,0.044485443,2019,0.000000000,0,12.600,38,6527,0,1,
112279364309834,112279360007366,112279362201400,112279364309834,258,2.580000000,sine_f1,state,0,0.042903494,2020,0.038349520,2023,-0.143884944,6,0.097440000,-29,-0.565000,5,0.042951462,2020,0.000000000,0,12.600,38,6537,0,1,
112279374292848,112279370006697,112279372219832,112279374292848,259,2.590000000,sine_f1,state,0,0.042029416,2021,0.036815539,2024,-0.215827415,9,0.020160000,-6,0.000000,0,0.041417481,2021,0.000000000,0,12.600,38,6547,0,1,
112279384285980,112279380006383,112279382200277,112279384285980,260,2.600000000,sine_f1,state,0,0.041144968,2021,0.036815539,2024,-0.239808239,10,0.020160000,-6,1.582000,-14,0.041417481,2021,0.000000000,0,12.600,38,6557,0,1,
112279394296087,112279390009157,112279392217008,112279394296087,261,2.610000000,sine_f1,state,0,0.040250368,2022,0.036815539,2024,-0.263789063,11,0.020160000,-6,3.164000,-28,0.039883500,2022,0.000000000,0,12.600,38,6567,1,1,
112279404265251,112279400006870,112279402214326,112279404265251,262,2.620000000,sine_f1,state,0,0.039345836,2022,0.036815539,2024,-0.239808239,10,0.013440000,-4,3.390000,-30,0.039883500,2022,0.000000000,0,12.600,38,6577,0,1,
112279414278966,112279410006946,112279412196404,112279414278966,263,2.630000000,sine_f1,state,0,0.038431597,2023,0.038349520,2023,-0.215827415,9,0.013440000,-4,2.486000,-22,0.038349520,2023,0.000000000,0,12.600,38,6587,0,1,
112279424280670,112279420006634,112279422216657,112279424280670,264,2.640000000,sine_f1,state,0,0.037507876,2024,0.038349520,2023,-0.143884944,6,0.000000000,0,0.565000,-5,0.036815539,2024,0.000000000,0,12.600,38,6597,0,1,
112279434278823,112279430007045,112279432193688,112279434278823,265,2.650000000,sine_f1,state,0,0.036574900,2024,0.038349520,2023,-0.095923296,4,-0.003360000,1,-0.565000,5,0.036815539,2024,0.000000000,0,12.600,38,6607,0,1,
112279444290530,112279440009113,112279442199290,112279444290530,266,2.660000000,sine_f1,state,0,0.035632899,2025,0.038349520,2023,-0.047961648,2,-0.006720000,2,-1.017000,9,0.035281558,2025,0.000000000,0,12.600,38,6617,0,1,
112279454268362,112279450014117,112279452201542,112279454268362,267,2.670000000,sine_f1,state,0,0.034682107,2025,0.039883500,2022,-0.023980824,1,-0.013440000,4,-1.017000,9,0.035281558,2025,0.000000000,0,12.600,38,6627,0,1,
112279464269635,112279460007034,112279462199552,112279464269635,268,2.680000000,sine_f1,state,0,0.033722757,2026,0.038349520,2023,0.000000000,0,-0.020160000,6,-1.130000,10,0.033747577,2026,0.000000000,0,12.600,38,6637,0,1,
112279474272880,112279470009005,112279472200183,112279474272880,269,2.690000000,sine_f1,state,0,0.032755087,2027,0.038349520,2023,0.000000000,0,-0.026880000,8,-1.243000,11,0.032213597,2027,0.000000000,0,12.600,38,6647,0,1,
112279484268873,112279480005977,112279482197683,112279484268873,270,2.700000000,sine_f1,state,0,0.031779335,2027,0.038349520,2023,0.000000000,0,-0.033600000,10,-1.356000,12,0.032213597,2027,0.000000000,0,12.500,38,6657,0,1,
112279494286231,112279490008800,112279492199825,112279494286231,271,2.710000000,sine_f1,state,0,0.030795742,2028,0.038349520,2023,0.000000000,0,-0.036960000,11,-1.695000,15,0.030679616,2028,0.000000000,0,12.500,38,6667,0,1,
112279504282468,112279500008705,112279502195126,112279504282468,272,2.720000000,sine_f1,state,0,0.029804550,2029,0.038349520,2023,0.000000000,0,-0.043680000,13,-2.260000,20,0.029145635,2029,0.000000000,0,12.500,38,6677,0,1,
112279514278674,112279510006529,112279512195583,112279514278674,273,2.730000000,sine_f1,state,0,0.028806005,2029,0.036815539,2024,0.000000000,0,-0.050400000,15,-4.520000,40,0.029145635,2029,0.000000000,0,12.500,38,6687,0,1,
112279524276871,112279520006573,112279522198302,112279524276871,274,2.740000000,sine_f1,state,0,0.027800352,2030,0.036815539,2024,0.000000000,0,-0.026880000,8,-7.571000,67,0.027611654,2030,0.000000000,0,12.500,38,6697,0,1,
112279534275984,112279530006378,112279532193420,112279534275984,275,2.750000000,sine_f1,state,0,0.026787840,2031,0.033747577,2026,0.000000000,0,-0.047040000,14,-11.074000,98,0.026077673,2031,0.000000000,0,12.500,38,6707,0,1,
112279544269421,112279540006617,112279542200443,112279544269421,276,2.760000000,sine_f1,state,0,0.025768719,2031,0.029145635,2029,-0.047961648,2,-0.016800000,5,-11.413000,101,0.026077673,2031,0.000000000,0,12.500,38,6717,0,1,
112279554274474,112279550009055,112279552196205,112279554274474,277,2.770000000,sine_f1,state,0,0.024743239,2032,0.024543693,2032,-0.095923296,4,-0.006720000,2,-9.944000,88,0.024543693,2032,0.000000000,0,12.500,38,6727,0,1,
112279564272034,112279560008119,112279562198539,112279564272034,278,2.780000000,sine_f1,state,0,0.023711654,2033,0.019941750,2035,-0.167865767,7,-0.006720000,2,-0.339000,3,0.023009712,2033,0.000000000,0,12.500,38,6737,0,1,
112279574265080,112279570010346,112279572197177,112279574265080,279,2.790000000,sine_f1,state,0,0.022674219,2033,0.016873789,2037,-0.215827415,9,0.063840000,-19,-0.113000,1,0.023009712,2033,0.000000000,0,12.500,38,6747,0,1,
112279584270696,112279580006685,112279582202854,112279584270696,280,2.800000000,sine_f1,state,0,0.021631190,2034,0.016873789,2037,-0.263789063,11,0.026880000,-8,2.712000,-24,0.021475731,2034,0.000000000,0,12.500,38,6757,1,1,
112279594270103,112279590006013,112279592195388,112279594270103,281,2.810000000,sine_f1,state,0,0.020582823,2035,0.018407769,2036,-0.287769887,12,0.023520000,-7,3.164000,-28,0.019941750,2035,0.000000000,0,12.500,38,6767,1,1,
112279604273200,112279600008777,112279602192831,112279604273200,282,2.820000000,sine_f1,state,0,0.019529377,2035,0.018407769,2036,-0.263789063,11,0.010080000,-3,2.938000,-26,0.019941750,2035,0.000000000,0,12.500,38,6777,1,1,
112279614280344,112279610007142,112279612195775,112279614280344,283,2.830000000,sine_f1,state,0,0.018471113,2036,0.019941750,2035,-0.215827415,9,0.006720000,-2,1.469000,-13,0.018407769,2036,0.000000000,0,12.500,38,6787,0,1,
112279624291249,112279620009743,112279622196459,112279624291249,284,2.840000000,sine_f1,state,0,0.017408292,2037,0.019941750,2035,-0.143884944,6,-0.006720000,2,-0.113000,1,0.016873789,2037,0.000000000,0,12.500,38,6797,0,1,
112279634283349,112279630007175,112279632195731,112279634283349,285,2.850000000,sine_f1,state,0,0.016341175,2037,0.019941750,2035,-0.071942472,3,-0.013440000,4,-1.017000,9,0.016873789,2037,0.000000000,0,12.500,38,6807,0,1,
112279644278375,112279640008837,112279642198640,112279644278375,286,2.860000000,sine_f1,state,0,0.015270027,2038,0.019941750,2035,-0.023980824,1,-0.023520000,7,-1.017000,9,0.015339808,2038,0.000000000,0,12.500,38,6817,0,1,
112279654271595,112279650009758,112279652206174,112279654271595,287,2.870000000,sine_f1,state,0,0.014195111,2039,0.019941750,2035,0.000000000,0,-0.030240000,9,-1.243000,11,0.013805827,2039,0.000000000,0,12.500,38,6827,0,1,
112279664286916,112279660006491,112279662193827,112279664286916,288,2.880000000,sine_f1,state,0,0.013116692,2039,0.019941750,2035,0.000000000,0,-0.033600000,10,-1.243000,11,0.013805827,2039,0.000000000,0,12.500,38,6837,0,1,
112279674272837,112279670006348,112279672196283,112279674272837,289,2.890000000,sine_f1,state,0,0.012035037,2040,0.018407769,2036,0.000000000,0,-0.033600000,10,-1.356000,12,0.012271846,2040,0.000000000,0,12.500,38,6847,0,1,
112279684276161,112279680008895,112279682203664,112279684276161,290,2.900000000,sine_f1,state,0,0.010950413,2041,0.019941750,2035,0.000000000,0,-0.050400000,15,-1.582000,14,0.010737866,2041,0.000000000,0,12.500,38,6857,0,1,
112279694271856,112279690006388,112279692197416,112279694271856,291,2.910000000,sine_f1,state,0,0.009863086,2042,0.019941750,2035,0.000000000,0,-0.050400000,15,-3.616000,32,0.009203885,2042,0.000000000,0,12.500,38,6867,0,1,
112279704277404,112279700008456,112279702193192,112279704277404,292,2.920000000,sine_f1,state,0,0.008773326,2042,0.018407769,2036,0.000000000,0,-0.047040000,14,-6.554000,58,0.009203885,2042,0.000000000,0,12.500,38,6877,0,1,
112279714279852,112279710006831,112279712191997,112279714279852,293,2.930000000,sine_f1,state,0,0.007681402,2043,0.015339808,2038,0.000000000,0,-0.043680000,13,-11.074000,98,0.007669904,2043,0.000000000,0,12.500,38,6887,0,1,
112279724269909,112279720006432,112279722192679,112279724269909,294,2.940000000,sine_f1,state,0,0.006587582,2044,0.012271846,2040,-0.023980824,1,-0.030240000,9,-11.526000,102,0.006135923,2044,0.000000000,0,12.500,38,6897,0,1,
112279734277246,112279730006592,112279732201463,112279734277246,295,2.950000000,sine_f1,state,0,0.005492137,2044,0.006135923,2044,-0.071942472,3,-0.006720000,2,-11.639000,103,0.006135923,2044,0.000000000,0,12.600,38,6907,0,1,
112279744284631,112279740006585,112279742197671,112279744284631,296,2.960000000,sine_f1,state,0,0.004395336,2045,0.001533981,2047,-0.143884944,6,0.040320000,-12,-3.503000,31,0.004601942,2045,0.000000000,0,12.500,38,6917,0,1,
112279754278935,112279750009754,112279752200657,112279754278935,297,2.970000000,sine_f1,state,0,0.003297452,2046,-0.001533981,2049,-0.215827415,9,0.016800000,-5,0.000000,0,0.003067962,2046,0.000000000,0,12.500,38,6927,0,1,
112279764273635,112279760016282,112279762186893,112279764273635,298,2.980000000,sine_f1,state,0,0.002198753,2047,-0.001533981,2049,-0.263789063,11,0.023520000,-7,1.243000,-11,0.001533981,2047,0.000000000,0,12.500,38,6937,1,1,
112279774210614,112279770006461,112279772199911,112279774210614,299,2.990000000,sine_f1,hardware_error,0,0.001099512,2047,,,,,,,,,,,,,,,,,,0
112279784260285,112279780012215,112279782185073,112279784260285,300,3.000000000,sine_f1,state,0,0.000000000,2048,-0.001533981,2049,-0.287769887,12,0.013440000,-4,3.051000,-27,0.000000000,2048,0.000000000,0,12.500,38,6957,1,1,
112279794251916,112279790007090,112279792197046,112279794251916,301,3.010000000,sine_f1,state,0,-0.001099512,2049,-0.001533981,2049,-0.239808239,10,0.006720000,-2,1.695000,-15,-0.001533981,2049,0.000000000,0,12.500,38,6967,0,1,
112279804250535,112279800008504,112279802198421,112279804250535,302,3.020000000,sine_f1,state,0,-0.002198753,2049,0.000000000,2048,-0.167865767,7,0.000000000,0,-0.113000,1,-0.001533981,2049,0.000000000,0,12.500,38,6977,0,1,
112279814261890,112279810006858,112279812196017,112279814261890,303,3.030000000,sine_f1,state,0,-0.003297452,2050,0.000000000,2048,-0.095923296,4,-0.003360000,1,-0.904000,8,-0.003067962,2050,0.000000000,0,12.500,38,6987,0,1,
112279824259002,112279820007044,112279822197340,112279824259002,304,3.040000000,sine_f1,state,0,-0.004395336,2051,0.000000000,2048,-0.047961648,2,-0.013440000,4,-1.130000,10,-0.004601942,2051,0.000000000,0,12.500,38,6997,0,1,
112279834259840,112279830006896,112279832198743,112279834259840,305,3.050000000,sine_f1,state,0,-0.005492137,2052,0.000000000,2048,0.000000000,0,-0.026880000,8,-1.243000,11,-0.006135923,2052,0.000000000,0,12.500,38,7007,0,1,
112279844263166,112279840007150,112279842177763,112279844263166,306,3.060000000,sine_f1,state,0,-0.006587582,2052,0.000000000,2048,0.000000000,0,-0.030240000,9,-1.356000,12,-0.006135923,2052,0.000000000,0,12.500,38,7017,0,1,
112279854269630,112279850006940,112279852177700,112279854269630,307,3.070000000,sine_f1,state,0,-0.007681402,2053,0.000000000,2048,0.000000000,0,-0.033600000,10,-1.582000,14,-0.007669904,2053,0.000000000,0,12.500,38,7027,0,1,
112279864265528,112279860009252,112279862183012,112279864265528,308,3.080000000,sine_f1,state,0,-0.008773326,2054,0.000000000,2048,0.000000000,0,-0.040320000,12,-1.808000,16,-0.009203885,2054,0.000000000,0,12.500,38,7037,0,1,
112279874324413,112279870018226,112279872249389,112279874324413,309,3.090000000,sine_f1,state,0,-0.009863086,2054,0.000000000,2048,0.000000000,0,-0.040320000,12,-4.181000,37,-0.009203885,2054,0.000000000,0,12.500,38,7047,0,1,
112279884319393,112279880008030,112279882234041,112279884319393,310,3.100000000,sine_f1,state,0,-0.010950413,2055,-0.003067962,2050,0.000000000,0,-0.033600000,10,-7.006000,62,-0.010737866,2055,0.000000000,0,12.500,38,7057,0,1,
112279894339041,112279890009562,112279892246119,112279894339041,311,3.110000000,sine_f1,state,0,-0.012035037,2056,-0.004601942,2051,0.000000000,0,-0.033600000,10,-10.848000,96,-0.012271846,2056,0.000000000,0,12.500,38,7067,0,1,
112279904327918,112279900007848,112279902236945,112279904327918,312,3.120000000,sine_f1,state,0,-0.013116692,2057,-0.009203885,2054,-0.047961648,2,-0.026880000,8,-11.526000,102,-0.013805827,2057,0.000000000,0,12.500,38,7077,0,1,
112279914319296,112279910008915,112279912233551,112279914319296,313,3.130000000,sine_f1,state,0,-0.014195111,2057,-0.013805827,2057,-0.095923296,4,-0.003360000,1,-11.300000,100,-0.013805827,2057,0.000000000,0,12.500,38,7087,0,1,
112279924314739,112279920010035,112279922251894,112279924314739,314,3.140000000,sine_f1,state,0,-0.015270027,2058,-0.019941750,2061,-0.167865767,7,-0.030240000,9,0.113000,-1,-0.015339808,2058,0.000000000,0,12.500,38,7097,0,1,
112279934320613,112279930006409,112279932232947,112279934320613,315,3.150000000,sine_f1,state,0,-0.016341175,2059,-0.021475731,2062,-0.239808239,10,0.013440000,-4,0.000000,0,-0.016873789,2059,0.000000000,0,12.500,38,7107,0,1,
112279944321432,112279940006176,112279942233868,112279944321432,316,3.160000000,sine_f1,state,0,-0.017408292,2059,-0.021475731,2062,-0.263789063,11,0.023520000,-7,1.582000,-14,-0.016873789,2059,0.000000000,0,12.500,38,7117,1,1,
112279954317798,112279950009462,112279952244431,112279954317798,317,3.170000000,sine_f1,state,0,-0.018471113,2060,-0.023009712,2063,-0.287769887,12,0.030240000,-9,3.051000,-27,-0.018407769,2060,0.000000000,0,12.500,38,7127,1,1,
112279964322299,112279960008460,112279962232219,112279964322299,318,3.180000000,sine_f1,state,0,-0.019529377,2061,-0.021475731,2062,-0.263789063,11,0.013440000,-4,3.051000,-27,-0.019941750,2061,0.000000000,0,12.500,38,7137,1,1,
112279974320824,112279970006117,112279972193038,112279974320824,319,3.190000000,sine_f1,state,0,-0.020582823,2061,-0.019941750,2061,-0.239808239,10,0.003360000,-1,2.486000,-22,-0.019941750,2061,0.000000000,0,12.500,38,7147,0,1,
112279984327868,112279980009760,112279982244548,112279984327868,320,3.200000000,sine_f1,state,0,-0.021631190,2062,-0.019941750,2061,-0.167865767,7,0.000000000,0,1.243000,-11,-0.021475731,2062,0.000000000,0,12.500,38,7157,0,1,
112279994318503,112279990006565,112279992235305,112279994318503,321,3.210000000,sine_f1,state,0,-0.022674219,2063,-0.019941750,2061,-0.095923296,4,-0.010080000,3,-1.130000,10,-0.023009712,2063,0.000000000,0,12.500,38,7167,0,1,
112280004318368,112280000006544,112280002233835,112280004318368,322,3.220000000,sine_f1,state,0,-0.023711654,2063,-0.018407769,2060,-0.023980824,1,-0.020160000,6,-0.791000,7,-0.023009712,2063,0.000000000,0,12.500,38,7177,0,1,
112280014270977,112280010006949,112280012182673,112280014270977,323,3.230000000,sine_f1,state,0,-0.024743239,2064,-0.018407769,2060,0.000000000,0,-0.023520000,7,-0.904000,8,-0.024543693,2064,0.000000000,0,12.500,38,7187,0,1,
112280024330876,112280020009192,112280022238116,112280024330876,324,3.240000000,sine_f1,state,0,-0.025768719,2065,-0.019941750,2061,0.000000000,0,-0.033600000,10,-1.356000,12,-0.026077673,2065,0.000000000,0,12.500,38,7197,0,1,
112280034322556,112280030006638,112280032232165,112280034322556,325,3.250000000,sine_f1,state,0,-0.026787840,2065,-0.018407769,2060,0.000000000,0,-0.036960000,11,-1.243000,11,-0.026077673,2065,0.000000000,0,12.500,38,7207,0,1,
112280044321332,112280040006472,112280042241094,112280044321332,326,3.260000000,sine_f1,state,0,-0.027800352,2066,-0.018407769,2060,0.000000000,0,-0.033600000,10,-1.582000,14,-0.027611654,2066,0.000000000,0,12.500,38,7217,0,1,
112280054326569,112280050006212,112280052234383,112280054326569,327,3.270000000,sine_f1,state,0,-0.028806005,2067,-0.019941750,2061,0.000000000,0,-0.043680000,13,-2.260000,20,-0.029145635,2067,0.000000000,0,12.500,38,7227,0,1,
112280064321111,112280060007243,112280062185442,112280064321111,328,3.280000000,sine_f1,state,0,-0.029804550,2067,-0.019941750,2061,0.000000000,0,-0.043680000,13,-4.633000,41,-0.029145635,2067,0.000000000,0,12.500,38,7237,0,1,
112280074320282,112280070010262,112280072245560,112280074320282,329,3.290000000,sine_f1,state,0,-0.030795742,2068,-0.021475731,2062,0.000000000,0,-0.026880000,8,-9.831000,87,-0.030679616,2068,0.000000000,0,12.500,38,7247,0,1,
112280084326897,112280080008868,112280082244024,112280084326897,330,3.300000000,sine_f1,state,0,-0.031779335,2069,-0.026077673,2065,-0.023980824,1,-0.030240000,9,-11.300000,100,-0.032213597,2069,0.000000000,0,12.500,38,7257,0,1,
112280094325795,112280090006400,112280092236276,112280094325795,331,3.310000000,sine_f1,state,0,-0.032755087,2069,-0.029145635,2067,-0.047961648,2,-0.016800000,5,-11.526000,102,-0.032213597,2069,0.000000000,0,12.500,38,7267,0,1,
112280104329305,112280100008840,112280102232543,112280104329305,332,3.320000000,sine_f1,state,0,-0.033722757,2070,-0.035281558,2071,-0.119904120,5,-0.016800000,5,-7.458000,66,-0.033747577,2070,0.000000000,0,12.500,38,7277,0,1,
112280114323269,112280110007137,112280112233824,112280114323269,333,3.330000000,sine_f1,state,0,-0.034682107,2071,-0.039883500,2074,-0.191846591,8,0.016800000,-5,0.000000,0,-0.035281558,2071,0.000000000,0,12.500,38,7287,0,1,
112280124311888,112280120008828,112280122196693,112280124311888,334,3.340000000,sine_f1,state,0,-0.035632899,2071,-0.039883500,2074,-0.239808239,10,0.050400000,-15,0.000000,0,-0.035281558,2071,0.000000000,0,12.500,38,7297,0,1,
112280134325430,112280130007100,112280132234344,112280134325430,335,3.350000000,sine_f1,state,0,-0.036574900,2072,-0.039883500,2074,-0.263789063,11,0.026880000,-8,2.712000,-24,-0.036815539,2072,0.000000000,0,12.500,38,7307,1,1,
112280144328477,112280140006722,112280142235161,112280144328477,336,3.360000000,sine_f1,state,0,-0.037507876,2072,-0.039883500,2074,-0.263789063,11,0.016800000,-5,3.277000,-29,-0.036815539,2072,0.000000000,0,12.500,38,7317,1,1,
112280154318633,112280150006680,112280152240812,112280154318633,337,3.370000000,sine_f1,state,0,-0.038431597,2073,-0.039883500,2074,-0.239808239,10,0.016800000,-5,2.825000,-25,-0.038349520,2073,0.000000000,0,12.500,38,7327,0,1,
112280164318898,112280160009084,112280162239050,112280164318898,338,3.380000000,sine_f1,state,0,-0.039345836,2074,-0.038349520,2073,-0.191846591,8,0.006720000,-2,2.034000,-18,-0.039883500,2074,0.000000000,0,12.500,38,7337,0,1,
112280174324219,112280170006164,112280172239782,112280174324219,339,3.390000000,sine_f1,state,0,-0.040250368,2074,-0.038349520,2073,-0.119904120,5,-0.006720000,2,0.000000,0,-0.039883500,2074,0.000000000,0,12.500,38,7347,0,1,
112280184309504,112280180010923,112280182236784,112280184309504,340,3.400000000,sine_f1,state,0,-0.041144968,2075,-0.038349520,2073,-0.071942472,3,-0.003360000,1,-0.791000,7,-0.041417481,2075,0.000000000,0,12.500,38,7357,0,1,
112280194311862,112280190007091,112280192214157,112280194311862,341,3.410000000,sine_f1,state,0,-0.042029416,2075,-0.038349520,2073,-0.023980824,1,-0.010080000,3,-0.904000,8,-0.041417481,2075,0.000000000,0,12.500,38,7367,0,1,
112280204303782,112280200006636,112280202230378,112280204303782,342,3.420000000,sine_f1,state,0,-0.042903494,2076,-0.038349520,2073,0.000000000,0,-0.016800000,5,-1.130000,10,-0.042951462,2076,0.000000000,0,12.500,38,7377,0,1,
112280214298714,112280210006527,112280212217357,112280214298714,343,3.430000000,sine_f1,state,0,-0.043766986,2077,-0.038349520,2073,0.000000000,0,-0.026880000,8,-1.130000,10,-0.044485443,2077,0.000000000,0,12.500,38,7387,0,1,
112280224303096,112280220009297,112280222232344,112280224303096,344,3.440000000,sine_f1,state,0,-0.044619679,2077,-0.038349520,2073,0.000000000,0,-0.030240000,9,-1.130000,10,-0.044485443,2077,0.000000000,0,12.500,38,7397,0,1,
112280234300698,112280230006017,112280232212103,112280234300698,345,3.450000000,sine_f1,state,0,-0.045461363,2078,-0.038349520,2073,0.000000000,0,-0.036960000,11,-1.356000,12,-0.046019424,2078,0.000000000,0,12.500,38,7407,0,1,
112280244305099,112280240006087,112280242237078,112280244305099,346,3.460000000,sine_f1,state,0,-0.046291831,2078,-0.038349520,2073,0.000000000,0,-0.043680000,13,-1.695000,15,-0.046019424,2078,0.000000000,0,12.500,38,7417,0,1,
112280254291539,112280250006202,112280252213896,112280254291539,347,3.470000000,sine_f1,state,0,-0.047110876,2079,-0.038349520,2073,0.000000000,0,-0.040320000,12,-2.034000,18,-0.047553404,2079,0.000000000,0,12.500,38,7427,0,1,
112280264297918,112280260007305,112280262216761,112280264297918,348,3.480000000,sine_f1,state,0,-0.047918297,2079,-0.038349520,2073,0.000000000,0,-0.047040000,14,-4.181000,37,-0.047553404,2079,0.000000000,0,12.500,38,7437,0,1,
112280274304132,112280270008222,112280272214925,112280274304132,349,3.490000000,sine_f1,state,0,-0.048713896,2080,-0.039883500,2074,0.000000000,0,-0.033600000,10,-8.475000,75,-0.049087385,2080,0.000000000,0,12.500,38,7447,0,1,
112280284314096,112280280008862,112280282222415,112280284314096,350,3.500000000,sine_f1,state,0,-0.049497475,2080,-0.042951462,2076,0.000000000,0,-0.033600000,10,-11.074000,98,-0.049087385,2080,0.000000000,0,12.300,38,7457,0,1,
112280294301123,112280290007435,112280292217236,112280294301123,351,3.510000000,sine_f1,state,0,-0.050268841,2081,-0.047553404,2079,-0.047961648,2,-0.016800000,5,-11.413000,101,-0.050621366,2081,0.000000000,0,12.600,38,7467,0,1,
112280304301497,112280300006412,112280302212825,112280304301497,352,3.520000000,sine_f1,state,0,-0.051027804,2081,-0.052155347,2082,-0.095923296,4,-0.013440000,4,-8.362000,74,-0.050621366,2081,0.000000000,0,12.600,38,7477,0,1,
112280314296736,112280310006401,112280312212949,112280314296736,353,3.530000000,sine_f1,state,0,-0.051774177,2082,-0.058291270,2086,-0.167865767,7,-0.057120000,17,-1.356000,12,-0.052155347,2082,0.000000000,0,12.600,38,7487,0,1,
112280324298886,112280320008662,112280322214125,112280324298886,354,3.540000000,sine_f1,state,0,-0.052507775,2082,-0.059825251,2087,-0.239808239,10,0.050400000,-15,0.339000,-3,-0.052155347,2082,0.000000000,0,12.600,38,7497,0,1,
112280334301269,112280330006510,112280332218806,112280334301269,355,3.550000000,sine_f1,state,0,-0.053228418,2083,-0.059825251,2087,-0.263789063,11,0.036960000,-11,3.051000,-27,-0.053689328,2083,0.000000000,0,12.600,38,7507,1,1,
112280344260533,112280340006357,112280342210968,112280344260533,356,3.560000000,sine_f1,state,0,-0.053935927,2083,-0.058291270,2086,-0.263789063,11,0.026880000,-8,3.277000,-29,-0.053689328,2083,0.000000000,0,12.600,38,7517,1,1,
112280354301653,112280350006266,112280352228406,112280354301653,357,3.570000000,sine_f1,state,0,-0.054630129,2084,-0.058291270,2086,-0.239808239,10,0.013440000,-4,2.938000,-26,-0.055223308,2084,0.000000000,0,12.600,38,7527,0,1,
112280364293258,112280360014486,112280362220520,112280364293258,358,3.580000000,sine_f1,state,0,-0.055310851,2084,-0.056757289,2085,-0.191846591,8,0.003360000,-1,3.051000,-27,-0.055223308,2084,0.000000000,0,12.600,38,7537,0,1,
112280374309293,112280370007545,112280372221866,112280374309293,359,3.590000000,sine_f1,state,0,-0.055977926,2084,-0.056757289,2085,-0.119904120,5,0.003360000,-1,2.825000,-25,-0.055223308,2084,0.000000000,0,12.600,38,7547,0,1,
112280384311518,112280380015022,112280382160589,112280384311518,360,3.600000000,sine_f1,state,0,-0.056631190,2085,-0.053689328,2083,-0.047961648,2,0.000000000,0,1.469000,-13,-0.056757289,2085,0.000000000,0,12.500,38,7557,0,1,
112280394302732,112280390006765,112280392223705,112280394302732,361,3.610000000,sine_f1,state,0,-0.057270480,2085,-0.055223308,2084,0.000000000,0,-0.010080000,3,-0.339000,3,-0.056757289,2085,0.000000000,0,12.500,38,7567,0,1,
112280404302721,112280400006471,112280402171925,112280404302721,362,3.620000000,sine_f1,state,0,-0.057895640,2086,-0.053689328,2083,0.023980824,-1,-0.013440000,4,-1.017000,9,-0.058291270,2086,0.000000000,0,12.500,38,7577,0,1,
112280414303124,112280410006638,112280412211292,112280414303124,363,3.630000000,sine_f1,state,0,-0.058506515,2086,-0.053689328,2083,0.047961648,-2,-0.023520000,7,-0.904000,8,-0.058291270,2086,0.000000000,0,12.500,38,7587,0,1,
112280424305064,112280420006465,112280422222304,112280424305064,364,3.640000000,sine_f1,state,0,-0.059102955,2087,-0.053689328,2083,0.047961648,-2,-0.026880000,8,-1.243000,11,-0.059825251,2087,0.000000000,0,12.500,38,7597,0,1,
112280434300722,112280430006371,112280432224596,112280434300722,365,3.650000000,sine_f1,state,0,-0.059684812,2087,-0.055223308,2084,0.023980824,-1,-0.026880000,8,-1.130000,10,-0.059825251,2087,0.000000000,0,12.500,38,7607,0,1,
112280444298069,112280440008931,112280442214057,112280444298069,366,3.660000000,sine_f1,state,0,-0.060251942,2087,-0.053689328,2083,0.023980824,-1,-0.026880000,8,-0.904000,8,-0.059825251,2087,0.000000000,0,12.500,38,7617,0,1,
112280454296335,112280450005989,112280452213554,112280454296335,367,3.670000000,sine_f1,state,0,-0.060804206,2088,-0.055223308,2084,0.000000000,0,-0.033600000,10,-1.243000,11,-0.061359232,2088,0.000000000,0,12.500,38,7627,0,1,
112280464295678,112280460006913,112280462213760,112280464295678,368,3.680000000,sine_f1,state,0,-0.061341468,2088,-0.055223308,2084,0.000000000,0,-0.036960000,11,-1.469000,13,-0.061359232,2088,0.000000000,0,12.500,38,7637,0,1,
112280474301976,112280470006151,112280472214107,112280474301976,369,3.690000000,sine_f1,state,0,-0.061863594,2088,-0.055223308,2084,0.000000000,0,-0.030240000,9,-1.695000,15,-0.061359232,2088,0.000000000,0,12.500,38,7647,0,1,
112280484301088,112280480010917,112280482221651,112280484301088,370,3.700000000,sine_f1,state,0,-0.062370457,2089,-0.055223308,2084,0.000000000,0,-0.047040000,14,-2.034000,18,-0.062893212,2089,0.000000000,0,12.500,38,7657,0,1,
112280494302152,112280490009569,112280492213573,112280494302152,371,3.710000000,sine_f1,state,0,-0.062861930,2089,-0.055223308,2084,0.000000000,0,-0.036960000,11,-3.842000,34,-0.062893212,2089,0.000000000,0,12.500,38,7667,0,1,
112280504304543,112280500006036,112280502213752,112280504304543,372,3.720000000,sine_f1,state,0,-0.063337894,2089,-0.056757289,2085,0.000000000,0,-0.030240000,9,-6.328000,56,-0.062893212,2089,0.000000000,0,12.500,38,7677,0,1,
112280514302395,112280510007064,112280512166503,112280514302395,373,3.730000000,sine_f1,state,0,-0.063798229,2090,-0.059825251,2087,-0.023980824,1,-0.020160000,6,-9.379000,83,-0.064427193,2090,0.000000000,0,12.300,38,7687,0,1,
112280524295340,112280520006626,112280522224439,112280524295340,374,3.740000000,sine_f1,state,0,-0.064242824,2090,-0.061359232,2088,-0.047961648,2,-0.010080000,3,-11.074000,98,-0.064427193,2090,0.000000000,0,12.600,38,7697,0,1,
112280534304152,112280530006742,112280532209608,112280534304152,375,3.750000000,sine_f1,state,0,-0.064671567,2090,-0.067495155,2092,-0.095923296,4,-0.020160000,6,-3.390000,30,-0.064427193,2090,0.000000000,0,12.500,38,7707,0,1,
112280544300715,112280540006567,112280542212219,112280544300715,376,3.760000000,sine_f1,state,0,-0.065084354,2090,-0.070563116,2094,-0.143884944,6,0.033600000,-10,0.226000,-2,-0.064427193,2090,0.000000000,0,12.500,38,7717,0,1,
112280554300015,112280550008788,112280552217033,112280554300015,377,3.770000000,sine_f1,state,0,-0.065481082,2091,-0.072097097,2095,-0.191846591,8,0.033600000,-10,1.130000,-10,-0.065961174,2091,0.000000000,0,12.500,38,7727,0,1,
112280564302959,112280560006196,112280562227119,112280564302959,378,3.780000000,sine_f1,state,0,-0.065861654,2091,-0.072097097,2095,-0.215827415,9,0.036960000,-11,3.164000,-28,-0.065961174,2091,0.000000000,0,12.500,38,7737,0,1,
112280574305158,112280570010376,112280572169908,112280574305158,379,3.790000000,sine_f1,state,0,-0.066225975,2091,-0.070563116,2094,-0.215827415,9,0.033600000,-10,3.277000,-29,-0.065961174,2091,0.000000000,0,12.400,38,7747,0,1,
112280584251392,112280580012069,112280582167850,112280584251392,380,3.800000000,sine_f1,state,0,-0.066573956,2091,-0.070563116,2094,-0.191846591,8,0.026880000,-8,2.938000,-26,-0.065961174,2091,0.000000000,0,12.500,38,7757,0,1,
112280594241634,112280590006530,112280592128921,112280594241634,381,3.810000000,sine_f1,state,0,-0.066905511,2092,-0.069029135,2093,-0.143884944,6,0.013440000,-4,2.938000,-26,-0.067495155,2092,0.000000000,0,12.500,38,7767,0,1,
112280604218299,112280600008421,112280602136574,112280604218299,382,3.820000000,sine_f1,state,0,-0.067220558,2092,-0.067495155,2092,-0.071942472,3,0.003360000,-1,2.260000,-20,-0.067495155,2092,0.000000000,0,12.500,38,7777,0,1,
112280614295176,112280610006214,112280612157158,112280614295176,383,3.830000000,sine_f1,state,0,-0.067519019,2092,-0.067495155,2092,-0.023980824,1,0.000000000,0,1.017000,-9,-0.067495155,2092,0.000000000,0,12.500,38,7787,0,1,
112280624311738,112280620006618,112280622216007,112280624311738,384,3.840000000,sine_f1,state,0,-0.067800821,2092,-0.065961174,2091,0.000000000,0,0.000000000,0,-0.113000,1,-0.067495155,2092,0.000000000,0,12.500,38,7797,0,1,
112280634295588,112280630006756,112280632201287,112280634295588,385,3.850000000,sine_f1,state,0,-0.068065894,2092,-0.067495155,2092,0.023980824,-1,0.000000000,0,0.000000,0,-0.067495155,2092,0.000000000,0,12.500,38,7807,0,1,
112280644308247,112280640007420,112280642206059,112280644308247,386,3.860000000,sine_f1,state,0,-0.068314173,2093,-0.067495155,2092,0.023980824,-1,-0.003360000,1,-0.113000,1,-0.069029135,2093,0.000000000,0,12.500,38,7817,0,1,
112280654289285,112280650008965,112280652159041,112280654289285,387,3.870000000,sine_f1,state,0,-0.068545597,2093,-0.067495155,2092,0.023980824,-1,-0.006720000,2,-0.791000,7,-0.069029135,2093,0.000000000,0,12.500,38,7827,0,1,
112280664281964,112280660006176,112280662210041,112280664281964,388,3.880000000,sine_f1,state,0,-0.068760108,2093,-0.067495155,2092,0.023980824,-1,-0.013440000,4,-0.904000,8,-0.069029135,2093,0.000000000,0,12.500,38,7837,0,1,
112280674281176,112280670006131,112280672218883,112280674281176,389,3.890000000,sine_f1,state,0,-0.068957653,2093,-0.067495155,2092,0.000000000,0,-0.013440000,4,-1.017000,9,-0.069029135,2093,0.000000000,0,12.500,38,7847,0,1,
112280684279783,112280680010923,112280682204543,112280684279783,390,3.900000000,sine_f1,state,0,-0.069138184,2093,-0.067495155,2092,0.000000000,0,-0.006720000,2,-0.791000,7,-0.069029135,2093,0.000000000,0,12.500,38,7857,0,1,
112280694277234,112280690007552,112280692200127,112280694277234,391,3.910000000,sine_f1,state,0,-0.069301656,2093,-0.067495155,2092,0.000000000,0,-0.010080000,3,-1.017000,9,-0.069029135,2093,0.000000000,0,12.500,38,7867,0,1,
112280704291453,112280700006860,112280702204090,112280704291453,392,3.920000000,sine_f1,state,0,-0.069448029,2093,-0.067495155,2092,0.000000000,0,-0.010080000,3,-0.791000,7,-0.069029135,2093,0.000000000,0,12.500,38,7877,0,1,
112280714291923,112280710009067,112280712199936,112280714291923,393,3.930000000,sine_f1,state,0,-0.069577267,2093,-0.065961174,2091,0.000000000,0,-0.010080000,3,-0.791000,7,-0.069029135,2093,0.000000000,0,12.500,38,7887,0,1,
112280724275149,112280720006254,112280722208813,112280724275149,394,3.940000000,sine_f1,state,0,-0.069689338,2093,-0.067495155,2092,0.000000000,0,-0.006720000,2,-0.904000,8,-0.069029135,2093,0.000000000,0,12.500,38,7897,0,1,
112280734282729,112280730006600,112280732198312,112280734282729,395,3.950000000,sine_f1,state,0,-0.069784213,2093,-0.067495155,2092,0.000000000,0,-0.006720000,2,-0.791000,7,-0.069029135,2093,0.000000000,0,12.500,38,7907,0,1,
112280744281827,112280740006482,112280742199441,112280744281827,396,3.960000000,sine_f1,state,0,-0.069861871,2094,-0.065961174,2091,0.000000000,0,-0.006720000,2,-1.017000,9,-0.070563116,2094,0.000000000,0,12.500,38,7917,0,1,
112280754286616,112280750007124,112280752194155,112280754286616,397,3.970000000,sine_f1,state,0,-0.069922291,2094,-0.065961174,2091,0.000000000,0,-0.020160000,6,-0.904000,8,-0.070563116,2094,0.000000000,0,12.500,38,7927,0,1,
112280764279449,112280760008517,112280762195275,112280764279449,398,3.980000000,sine_f1,state,0,-0.069965459,2094,-0.067495155,2092,0.000000000,0,-0.016800000,5,-1.017000,9,-0.070563116,2094,0.000000000,0,12.500,38,7937,0,1,
112280774217514,112280770006079,112280772206105,112280774217514,399,3.990000000,sine_f1,hardware_error,0,-0.069991364,2094,,,,,,,,,,,,,,,,,,0
112280784292042,112280780010558,112280782203118,112280784292042,400,4.000000000,sine_f1,state,0,-0.070000000,2094,-0.067495155,2092,0.000000000,0,-0.013440000,4,-0.904000,8,-0.070563116,2094,0.000000000,0,12.500,38,7957,0,1,
112280794282885,112280790006669,112280792202182,112280794282885,401,4.010000000,sine_f1,state,0,-0.069991364,2094,-0.065961174,2091,0.000000000,0,-0.016800000,5,-0.904000,8,-0.070563116,2094,0.000000000,0,12.500,38,7967,0,1,
112280804280802,112280800008995,112280802206498,112280804280802,402,4.020000000,sine_f1,state,0,-0.069965459,2094,-0.067495155,2092,0.000000000,0,-0.020160000,6,-1.130000,10,-0.070563116,2094,0.000000000,0,12.500,38,7977,0,1,
112280814284698,112280810008058,112280812196730,112280814284698,403,4.030000000,sine_f1,state,0,-0.069922291,2094,-0.065961174,2091,0.000000000,0,-0.020160000,6,-0.904000,8,-0.070563116,2094,0.000000000,0,12.500,38,7987,0,1,
112280824273586,112280820005714,112280822206645,112280824273586,404,4.040000000,sine_f1,state,0,-0.069861871,2094,-0.065961174,2091,0.000000000,0,-0.016800000,5,-1.017000,9,-0.070563116,2094,0.000000000,0,12.500,38,7997,0,1,
112280834227141,112280830006472,112280832148217,112280834227141,405,4.050000000,sine_f1,state,0,-0.069784213,2093,-0.067495155,2092,0.000000000,0,-0.016800000,5,-1.017000,9,-0.069029135,2093,0.000000000,0,12.500,38,8007,0,1,
112280844281632,112280840006487,112280842155069,112280844281632,406,4.060000000,sine_f1,state,0,-0.069689338,2093,-0.067495155,2092,0.000000000,0,-0.010080000,3,-1.017000,9,-0.069029135,2093,0.000000000,0,12.500,38,8017,0,1,
112280854282146,112280850006389,112280852203077,112280854282146,407,4.070000000,sine_f1,state,0,-0.069577267,2093,-0.065961174,2091,0.000000000,0,-0.003360000,1,-0.791000,7,-0.069029135,2093,0.000000000,0,12.500,38,8027,0,1,
112280864279255,112280860006690,112280862197321,112280864279255,408,4.080000000,sine_f1,state,0,-0.069448029,2093,-0.065961174,2091,0.000000000,0,-0.006720000,2,-0.791000,7,-0.069029135,2093,0.000000000,0,12.500,38,8037,0,1,
112280874285209,112280870009066,112280872196135,112280874285209,409,4.090000000,sine_f1,state,0,-0.069301656,2093,-0.067495155,2092,0.000000000,0,-0.006720000,2,-0.904000,8,-0.069029135,2093,0.000000000,0,12.500,38,8047,0,1,
112280884289644,112280880010609,112280882208806,112280884289644,410,4.100000000,sine_f1,state,0,-0.069138184,2093,-0.065961174,2091,0.000000000,0,-0.006720000,2,-0.791000,7,-0.069029135,2093,0.000000000,0,12.500,38,8057,0,1,
112280894275785,112280890006999,112280892204058,112280894275785,411,4.110000000,sine_f1,state,0,-0.068957653,2093,-0.067495155,2092,0.000000000,0,-0.013440000,4,-1.017000,9,-0.069029135,2093,0.000000000,0,12.500,38,8067,0,1,
112280904242888,112280900007007,112280902152071,112280904242888,412,4.120000000,sine_f1,state,0,-0.068760108,2093,-0.067495155,2092,0.000000000,0,-0.010080000,3,-0.678000,6,-0.069029135,2093,0.000000000,0,12.500,38,8077,0,1,
112280914277279,112280910008801,112280912197914,112280914277279,413,4.130000000,sine_f1,state,0,-0.068545597,2093,-0.065961174,2091,0.000000000,0,-0.006720000,2,-0.678000,6,-0.069029135,2093,0.000000000,0,12.500,38,8087,0,1,
112280924297575,112280920013790,112280922210544,112280924297575,414,4.140000000,sine_f1,state,0,-0.068314173,2093,-0.065961174,2091,0.000000000,0,-0.006720000,2,-0.904000,8,-0.069029135,2093,0.000000000,0,12.500,38,8097,0,1,
112280934277901,112280930007206,112280932201706,112280934277901,415,4.150000000,sine_f1,state,0,-0.068065894,2092,-0.067495155,2092,0.000000000,0,-0.006720000,2,-0.565000,5,-0.067495155,2092,0.000000000,0,12.500,38,8107,0,1,
112280944235723,112280940006327,112280942192404,112280944235723,416,4.160000000,sine_f1,state,0,-0.067800821,2092,-0.067495155,2092,0.000000000,0,-0.003360000,1,-0.113000,1,-0.067495155,2092,0.000000000,0,12.500,38,8117,0,1,
112280954240661,112280950006260,112280952201963,112280954240661,417,4.170000000,sine_f1,state,0,-0.067519019,2092,-0.067495155,2092,0.000000000,0,-0.003360000,1,0.000000,0,-0.067495155,2092,0.000000000,0,12.500,38,8127,0,1,
112280964283819,112280960011455,112280962216768,112280964283819,418,4.180000000,sine_f1,state,0,-0.067220558,2092,-0.067495155,2092,0.000000000,0,0.000000000,0,0.000000,0,-0.067495155,2092,0.000000000,0,12.500,38,8137,0,1,
112280974279684,112280970007019,112280972154388,112280974279684,419,4.190000000,sine_f1,state,0,-0.066905511,2092,-0.067495155,2092,0.000000000,0,0.000000000,0,0.113000,-1,-0.067495155,2092,0.000000000,0,12.500,38,8147,0,1,
112280984282797,112280980010732,112280982202634,112280984282797,420,4.200000000,sine_f1,state,0,-0.066573956,2091,-0.067495155,2092,0.000000000,0,0.000000000,0,0.226000,-2,-0.065961174,2091,0.000000000,0,12.500,38,8157,0,1,
112280994235479,112280990007858,112280992196997,112280994235479,421,4.210000000,sine_f1,state,0,-0.066225975,2091,-0.067495155,2092,0.000000000,0,0.006720000,-2,1.695000,-15,-0.065961174,2091,0.000000000,0,12.500,38,8167,0,1,
112281004282409,112281000006716,112281002196618,112281004282409,422,4.220000000,sine_f1,state,0,-0.065861654,2091,-0.065961174,2091,0.000000000,0,0.003360000,-1,2.486000,-22,-0.065961174,2091,0.000000000,0,12.500,38,8177,0,1,
112281014263800,112281010007659,112281012160395,112281014263800,423,4.230000000,sine_f1,state,0,-0.065481082,2091,-0.065961174,2091,0.000000000,0,0.000000000,0,1.582000,-14,-0.065961174,2091,0.000000000,0,12.500,38,8187,0,1,
112281024268042,112281020006442,112281022316138,112281024268042,424,4.240000000,sine_f1,state,0,-0.065084354,2090,-0.065961174,2091,0.000000000,0,0.000000000,0,0.678000,-6,-0.064427193,2090,0.000000000,0,12.500,38,8197,0,1,
112281034258701,112281030084932,112281032146030,112281034258701,425,4.250000000,sine_f1,state,0,-0.064671567,2090,-0.065961174,2091,0.000000000,0,0.003360000,-1,2.147000,-19,-0.064427193,2090,0.000000000,0,12.500,38,8207,0,1,
112281044230915,112281040083890,112281042130065,112281044230915,426,4.260000000,sine_f1,state,0,-0.064242824,2090,-0.064427193,2090,0.000000000,0,0.006720000,-2,3.051000,-27,-0.064427193,2090,0.000000000,0,12.500,38,8217,0,1,
112281054244354,112281050083981,112281052161976,112281054244354,427,4.270000000,sine_f1,state,0,-0.063798229,2090,-0.064427193,2090,0.000000000,0,0.003360000,-1,1.808000,-16,-0.064427193,2090,0.000000000,0,12.500,38,8227,0,1,
112281064248473,112281060083471,112281062145098,112281064248473,428,4.280000000,sine_f1,state,0,-0.063337894,2089,-0.064427193,2090,0.023980824,-1,0.000000000,0,1.017000,-9,-0.062893212,2089,0.000000000,0,12.500,38,8237,0,1,
112281074237244,112281070083343,112281072147187,112281074237244,429,4.290000000,sine_f1,state,0,-0.062861930,2089,-0.064427193,2090,0.023980824,-1,0.003360000,-1,2.938000,-26,-0.062893212,2089,0.000000000,0,12.500,38,8247,0,1,
112281084270804,112281080086138,112281082125322,112281084270804,430,4.300000000,sine_f1,state,0,-0.062370457,2089,-0.062893212,2089,0.023980824,-1,0.003360000,-1,2.599000,-23,-0.062893212,2089,0.000000000,0,12.500,38,8257,0,1,
112281094228229,112281090090036,112281092123047,112281094228229,431,4.310000000,sine_f1,state,0,-0.061863594,2088,-0.062893212,2089,0.023980824,-1,0.000000000,0,1.695000,-15,-0.061359232,2088,0.000000000,0,12.500,38,8267,0,1,
112281104235078,112281100084653,112281102124142,112281104235078,432,4.320000000,sine_f1,state,0,-0.061341468,2088,-0.061359232,2088,0.023980824,-1,0.000000000,0,2.938000,-26,-0.061359232,2088,0.000000000,0,12.500,38,8277,0,1,
112281114232093,112281110086885,112281112122939,112281114232093,433,4.330000000,sine_f1,state,0,-0.060804206,2088,-0.061359232,2088,0.047961648,-2,0.003360000,-1,1.582000,-14,-0.061359232,2088,0.000000000,0,12.500,38,8287,0,1,
112281124229865,112281120101784,112281122126762,112281124229865,434,4.340000000,sine_f1,state,0,-0.060251942,2087,-0.061359232,2088,0.047961648,-2,0.000000000,0,0.791000,-7,-0.059825251,2087,0.000000000,0,12.500,38,8297,0,1,
112281134244254,112281130087614,112281132124635,112281134244254,435,4.350000000,sine_f1,state,0,-0.059684812,2087,-0.061359232,2088,0.047961648,-2,0.006720000,-2,2.599000,-23,-0.059825251,2087,0.000000000,0,12.500,38,8307,0,1,
112281144235554,112281140084284,112281142122003,112281144235554,436,4.360000000,sine_f1,state,0,-0.059102955,2087,-0.061359232,2088,0.023980824,-1,0.010080000,-3,3.164000,-28,-0.059825251,2087,0.000000000,0,12.500,38,8317,0,1,
112281154224648,112281150083142,112281152128377,112281154224648,437,4.370000000,sine_f1,state,0,-0.058506515,2086,-0.059825251,2087,0.023980824,-1,0.003360000,-1,3.164000,-28,-0.058291270,2086,0.000000000,0,12.500,38,8327,0,1,
112281164222134,112281160034884,112281162129000,112281164222134,438,4.380000000,sine_f1,state,0,-0.057895640,2086,-0.059825251,2087,0.023980824,-1,0.003360000,-1,3.164000,-28,-0.058291270,2086,0.000000000,0,12.500,38,8337,0,1,
112281174218979,112281170082864,112281172130392,112281174218979,439,4.390000000,sine_f1,state,0,-0.057270480,2085,-0.058291270,2086,0.023980824,-1,0.000000000,0,1.921000,-17,-0.056757289,2085,0.000000000,0,12.500,38,8347,0,1,
112281184237507,112281180087346,112281182121289,112281184237507,440,4.400000000,sine_f1,state,0,-0.056631190,2085,-0.058291270,2086,0.023980824,-1,0.003360000,-1,2.825000,-25,-0.056757289,2085,0.000000000,0,12.500,38,8357,0,1,
112281194230722,112281190093907,112281192134965,112281194230722,441,4.410000000,sine_f1,state,0,-0.055977926,2084,-0.056757289,2085,0.047961648,-2,0.003360000,-1,2.147000,-19,-0.055223308,2084,0.000000000,0,12.500,38,8367,0,1,
112281204231982,112281200083180,112281202141865,112281204231982,442,4.420000000,sine_f1,state,0,-0.055310851,2084,-0.055223308,2084,0.047961648,-2,0.006720000,-2,2.825000,-25,-0.055223308,2084,0.000000000,0,12.500,38,8377,0,1,
112281214237673,112281210085466,112281212140869,112281214237673,443,4.430000000,sine_f1,state,0,-0.054630129,2084,-0.055223308,2084,0.071942472,-3,0.000000000,0,1.582000,-14,-0.055223308,2084,0.000000000,0,12.500,38,8387,0,1,
112281224243809,112281220085585,112281222126397,112281224243809,444,4.440000000,sine_f1,state,0,-0.053935927,2083,-0.055223308,2084,0.071942472,-3,0.003360000,-1,0.452000,-4,-0.053689328,2083,0.000000000,0,12.500,38,8397,0,1,
112281234242418,112281230090806,112281232125348,112281234242418,445,4.450000000,sine_f1,state,0,-0.053228418,2083,-0.053689328,2083,0.071942472,-3,0.003360000,-1,2.260000,-20,-0.053689328,2083,0.000000000,0,12.500,38,8407,0,1,
112281244224931,112281240084273,112281242124518,112281244224931,446,4.460000000,sine_f1,state,0,-0.052507775,2082,-0.053689328,2083,0.071942472,-3,0.000000000,0,1.921000,-17,-0.052155347,2082,0.000000000,0,12.500,38,8417,0,1,
112281254234242,112281250031601,112281252126007,112281254234242,447,4.470000000,sine_f1,state,0,-0.051774177,2082,-0.053689328,2083,0.047961648,-2,0.010080000,-3,3.051000,-27,-0.052155347,2082,0.000000000,0,12.500,38,8427,0,1,
112281264222183,112281260023139,112281262131794,112281264222183,448,4.480000000,sine_f1,state,0,-0.051027804,2081,-0.052155347,2082,0.047961648,-2,0.013440000,-4,3.051000,-27,-0.050621366,2081,0.000000000,0,12.500,38,8437,0,1,
112281274227356,112281270083590,112281272144091,112281274227356,449,4.490000000,sine_f1,state,0,-0.050268841,2081,-0.052155347,2082,0.047961648,-2,0.010080000,-3,2.599000,-23,-0.050621366,2081,0.000000000,0,12.500,38,8447,0,1,
112281284444735,112281280032229,112281282321503,112281284444735,450,4.500000000,sine_f1,state,0,-0.049497475,2080,-0.050621366,2081,0.047961648,-2,0.003360000,-1,2.486000,-22,-0.049087385,2080,0.000000000,0,12.500,38,8457,0,1,
112281294422318,112281290084540,112281292316970,112281294422318,451,4.510000000,sine_f1,state,0,-0.048713896,2080,-0.050621366,2081,0.047961648,-2,0.010080000,-3,3.164000,-28,-0.049087385,2080,0.000000000,0,12.500,38,8467,0,1,
112281304441819,112281300084075,112281302303212,112281304441819,452,4.520000000,sine_f1,state,0,-0.047918297,2079,-0.049087385,2080,0.047961648,-2,0.006720000,-2,2.034000,-18,-0.047553404,2079,0.000000000,0,12.500,38,8477,0,1,
112281314418004,112281310085118,112281312304315,112281314418004,453,4.530000000,sine_f1,state,0,-0.047110876,2079,-0.049087385,2080,0.047961648,-2,0.010080000,-3,3.051000,-27,-0.047553404,2079,0.000000000,0,12.500,38,8487,0,1,
112281324461792,112281320086797,112281322166161,112281324461792,454,4.540000000,sine_f1,state,0,-0.046291831,2078,-0.047553404,2079,0.071942472,-3,0.003360000,-1,2.599000,-23,-0.046019424,2078,0.000000000,0,12.500,38,8497,0,1,
112281334295367,112281330086838,112281332143231,112281334295367,455,4.550000000,sine_f1,state,0,-0.045461363,2078,-0.047553404,2079,0.071942472,-3,0.003360000,-1,2.373000,-21,-0.046019424,2078,0.000000000,0,12.500,38,8507,0,1,
112281344450894,112281340088811,112281342299752,112281344450894,456,4.560000000,sine_f1,state,0,-0.044619679,2077,-0.046019424,2078,0.071942472,-3,0.003360000,-1,1.243000,-11,-0.044485443,2077,0.000000000,0,12.500,38,8517,0,1,
112281354451512,112281350085066,112281352193788,112281354451512,457,4.570000000,sine_f1,state,0,-0.043766986,2077,-0.046019424,2078,0.071942472,-3,0.010080000,-3,3.051000,-27,-0.044485443,2077,0.000000000,0,12.400,38,8527,0,1,
112281364287876,112281360088021,112281362137574,112281364287876,458,4.580000000,sine_f1,state,0,-0.042903494,2076,-0.044485443,2077,0.071942472,-3,0.003360000,-1,2.260000,-20,-0.042951462,2076,0.000000000,0,12.500,38,8537,0,1,
112281374441066,112281370093693,112281372278889,112281374441066,459,4.590000000,sine_f1,state,0,-0.042029416,2075,-0.042951462,2076,0.071942472,-3,0.003360000,-1,3.051000,-27,-0.041417481,2075,0.000000000,0,12.500,38,8547,0,1,
112281384280455,112281380023134,112281382295243,112281384280455,460,4.600000000,sine_f1,state,0,-0.041144968,2075,-0.042951462,2076,0.071942472,-3,0.006720000,-2,3.051000,-27,-0.041417481,2075,0.000000000,0,12.500,38,8557,0,1,
112281394286141,112281390086777,112281392188275,112281394286141,461,4.610000000,sine_f1,state,0,-0.040250368,2074,-0.041417481,2075,0.071942472,-3,0.000000000,0,1.921000,-17,-0.039883500,2074,0.000000000,0,12.500,38,8567,0,1,
112281404292189,112281400083740,112281402195142,112281404292189,462,4.620000000,sine_f1,state,0,-0.039345836,2074,-0.039883500,2074,0.071942472,-3,0.003360000,-1,3.164000,-28,-0.039883500,2074,0.000000000,0,12.500,38,8577,0,1,
112281414287266,112281410089831,112281412190736,112281414287266,463,4.630000000,sine_f1,state,0,-0.038431597,2073,-0.039883500,2074,0.071942472,-3,0.000000000,0,1.921000,-17,-0.038349520,2073,0.000000000,0,12.500,38,8587,0,1,
112281424288688,112281420087782,112281422151268,112281424288688,464,4.640000000,sine_f1,state,0,-0.037507876,2072,-0.039883500,2074,0.071942472,-3,0.006720000,-2,3.051000,-27,-0.036815539,2072,0.000000000,0,12.500,38,8597,0,1,
112281434447717,112281430084960,112281432300597,112281434447717,465,4.650000000,sine_f1,state,0,-0.036574900,2072,-0.038349520,2073,0.071942472,-3,0.006720000,-2,3.051000,-27,-0.036815539,2072,0.000000000,0,12.500,38,8607,0,1,
112281444446991,112281440087863,112281442301865,112281444446991,466,4.660000000,sine_f1,state,0,-0.035632899,2071,-0.036815539,2072,0.071942472,-3,0.006720000,-2,1.921000,-17,-0.035281558,2071,0.000000000,0,12.500,38,8617,0,1,
112281454205158,112281450025459,112281452132769,112281454205158,467,4.670000000,sine_f1,state,0,-0.034682107,2071,-0.036815539,2072,0.071942472,-3,0.010080000,-3,2.938000,-26,-0.035281558,2071,0.000000000,0,12.400,38,8627,0,1,
112281464169421,112281460010840,112281462094502,112281464169421,468,4.680000000,sine_f1,state,0,-0.033722757,2070,-0.035281558,2071,0.071942472,-3,0.003360000,-1,2.147000,-19,-0.033747577,2070,0.000000000,0,12.500,38,8637,0,1,
112281474174149,112281470007656,112281472093034,112281474174149,469,4.690000000,sine_f1,state,0,-0.032755087,2069,-0.033747577,2070,0.071942472,-3,0.003360000,-1,3.051000,-27,-0.032213597,2069,0.000000000,0,12.500,38,8647,0,1,
112281484230975,112281480031374,112281482102095,112281484230975,470,4.700000000,sine_f1,state,0,-0.031779335,2069,-0.033747577,2070,0.071942472,-3,0.006720000,-2,2.599000,-23,-0.032213597,2069,0.000000000,0,12.500,38,8657,0,1,
112281494231190,112281490102873,112281492121089,112281494231190,471,4.710000000,sine_f1,state,0,-0.030795742,2068,-0.032213597,2069,0.095923296,-4,0.000000000,0,1.921000,-17,-0.030679616,2068,0.000000000,0,12.500,38,8667,0,1,
112281504420615,112281500031927,112281502172645,112281504420615,472,4.720000000,sine_f1,state,0,-0.029804550,2067,-0.030679616,2068,0.095923296,-4,0.003360000,-1,2.938000,-26,-0.029145635,2067,0.000000000,0,12.500,38,8677,0,1,
112281514266907,112281510089088,112281512165493,112281514266907,473,4.730000000,sine_f1,state,0,-0.028806005,2067,-0.030679616,2068,0.095923296,-4,0.006720000,-2,3.051000,-27,-0.029145635,2067,0.000000000,0,12.400,38,8687,0,1,
112281524262910,112281520080920,112281522145459,112281524262910,474,4.740000000,sine_f1,state,0,-0.027800352,2066,-0.029145635,2067,0.095923296,-4,0.003360000,-1,1.356000,-12,-0.027611654,2066,0.000000000,0,12.500,38,8697,0,1,
112281534198354,112281530084791,112281532107638,112281534198354,475,4.750000000,sine_f1,state,0,-0.026787840,2065,-0.029145635,2067,0.095923296,-4,0.013440000,-4,3.277000,-29,-0.026077673,2065,0.000000000,0,12.500,38,8707,0,1,
112281544199728,112281540082482,112281542104520,112281544199728,476,4.760000000,sine_f1,state,0,-0.025768719,2065,-0.027611654,2066,0.071942472,-3,0.016800000,-5,3.051000,-27,-0.026077673,2065,0.000000000,0,12.500,38,8717,0,1,
112281554209221,112281550082378,112281552096935,112281554209221,477,4.770000000,sine_f1,state,0,-0.024743239,2064,-0.027611654,2066,0.071942472,-3,0.003360000,-1,3.051000,-27,-0.024543693,2064,0.000000000,0,12.500,38,8727,0,1,
112281564222879,112281560081056,112281562108349,112281564222879,478,4.780000000,sine_f1,state,0,-0.023711654,2063,-0.026077673,2065,0.071942472,-3,0.013440000,-4,3.164000,-28,-0.023009712,2063,0.000000000,0,12.500,38,8737,0,1,
112281574218727,112281570084158,112281572106316,112281574218727,479,4.790000000,sine_f1,state,0,-0.022674219,2063,-0.024543693,2064,0.071942472,-3,0.010080000,-3,2.825000,-25,-0.023009712,2063,0.000000000,0,12.500,38,8747,0,1,
112281584205198,112281580085605,112281582103439,112281584205198,480,4.800000000,sine_f1,state,0,-0.021631190,2062,-0.024543693,2064,0.071942472,-3,0.010080000,-3,3.277000,-29,-0.021475731,2062,0.000000000,0,12.500,38,8757,0,1,
112281594205912,112281590099279,112281592105305,112281594205912,481,4.810000000,sine_f1,state,0,-0.020582823,2061,-0.023009712,2063,0.071942472,-3,0.010080000,-3,3.051000,-27,-0.019941750,2061,0.000000000,0,12.500,38,8767,0,1,
112281604205935,112281600080711,112281602102963,112281604205935,482,4.820000000,sine_f1,state,0,-0.019529377,2061,-0.021475731,2062,0.071942472,-3,0.010080000,-3,2.825000,-25,-0.019941750,2061,0.000000000,0,12.500,38,8777,0,1,
112281614206170,112281610082237,112281612104767,112281614206170,483,4.830000000,sine_f1,state,0,-0.018471113,2060,-0.021475731,2062,0.071942472,-3,0.003360000,-1,2.825000,-25,-0.018407769,2060,0.000000000,0,12.500,38,8787,0,1,
112281624203692,112281620090676,112281622097849,112281624203692,484,4.840000000,sine_f1,state,0,-0.017408292,2059,-0.019941750,2061,0.071942472,-3,0.010080000,-3,3.164000,-28,-0.016873789,2059,0.000000000,0,12.500,38,8797,0,1,
112281634208153,112281630087514,112281632105357,112281634208153,485,4.850000000,sine_f1,state,0,-0.016341175,2059,-0.018407769,2060,0.095923296,-4,0.010080000,-3,2.825000,-25,-0.016873789,2059,0.000000000,0,12.500,38,8807,0,1,
112281644206622,112281640084304,112281642102226,112281644206622,486,4.860000000,sine_f1,state,0,-0.015270027,2058,-0.016873789,2059,0.095923296,-4,0.003360000,-1,2.034000,-18,-0.015339808,2058,0.000000000,0,12.500,38,8817,0,1,
112281654209161,112281650081961,112281652104065,112281654209161,487,4.870000000,sine_f1,state,0,-0.014195111,2057,-0.016873789,2059,0.095923296,-4,0.016800000,-5,3.277000,-29,-0.013805827,2057,0.000000000,0,12.500,38,8827,0,1,
112281664221539,112281660080758,112281662151042,112281664221539,488,4.880000000,sine_f1,state,0,-0.013116692,2057,-0.016873789,2059,0.095923296,-4,0.016800000,-5,2.938000,-26,-0.013805827,2057,0.000000000,0,12.500,38,8837,0,1,
112281674193637,112281670008585,112281672106334,112281674193637,489,4.890000000,sine_f1,state,0,-0.012035037,2056,-0.015339808,2058,0.095923296,-4,0.003360000,-1,2.034000,-18,-0.012271846,2056,0.000000000,0,12.500,38,8847,0,1,
112281684186612,112281680011563,112281682098630,112281684186612,490,4.900000000,sine_f1,state,0,-0.010950413,2055,-0.013805827,2057,0.095923296,-4,0.006720000,-2,3.277000,-29,-0.010737866,2055,0.000000000,0,12.500,38,8857,0,1,
112281694188013,112281690007794,112281692099472,112281694188013,491,4.910000000,sine_f1,state,0,-0.009863086,2054,-0.012271846,2056,0.095923296,-4,0.006720000,-2,2.712000,-24,-0.009203885,2054,0.000000000,0,12.500,38,8867,0,1,
112281704183788,112281700007039,112281702095904,112281704183788,492,4.920000000,sine_f1,state,0,-0.008773326,2054,-0.012271846,2056,0.095923296,-4,0.020160000,-6,2.938000,-26,-0.009203885,2054,0.000000000,0,12.500,38,8877,0,1,
112281714179993,112281710007385,112281712094960,112281714179993,493,4.930000000,sine_f1,state,0,-0.007681402,2053,-0.010737866,2055,0.095923296,-4,0.010080000,-3,3.277000,-29,-0.007669904,2053,0.000000000,0,12.500,38,8887,0,1,
112281724166781,112281720007255,112281722096986,112281724166781,494,4.940000000,sine_f1,state,0,-0.006587582,2052,-0.009203885,2054,0.095923296,-4,0.013440000,-4,3.051000,-27,-0.006135923,2052,0.000000000,0,12.500,38,8897,0,1,
112281734179047,112281730010354,112281732096570,112281734179047,495,4.950000000,sine_f1,state,0,-0.005492137,2052,-0.009203885,2054,0.095923296,-4,0.020160000,-6,2.260000,-20,-0.006135923,2052,0.000000000,0,12.500,38,8907,0,1,
112281744180051,112281740009608,112281742101039,112281744180051,496,4.960000000,sine_f1,state,0,-0.004395336,2051,-0.007669904,2053,0.095923296,-4,0.013440000,-4,3.051000,-27,-0.004601942,2051,0.000000000,0,12.500,38,8917,0,1,
112281754186556,112281750007474,112281752096537,112281754186556,497,4.970000000,sine_f1,state,0,-0.003297452,2050,-0.006135923,2052,0.095923296,-4,0.013440000,-4,3.051000,-27,-0.003067962,2050,0.000000000,0,12.500,38,8927,0,1,
112281764180554,112281760007032,112281762101622,112281764180554,498,4.980000000,sine_f1,state,0,-0.002198753,2049,-0.006135923,2052,0.095923296,-4,0.023520000,-7,3.051000,-27,-0.001533981,2049,0.000000000,0,12.500,38,8937,0,1,
112281774117354,112281770007282,112281772098106,112281774117354,499,4.990000000,sine_f1,hardware_error,0,-0.001099512,2049,,,,,,,,,,,,,,,,,,0
112281784186999,112281780011263,112281782100241,112281784186999,500,5.000000000,sine_f1,state,0,-0.000000000,2048,-0.004601942,2051,0.095923296,-4,0.020160000,-6,3.164000,-28,0.000000000,2048,0.000000000,0,12.500,38,8957,0,1,
112281794183192,112281790007077,112281792101049,112281794183192,501,5.010000000,sine_f1,state,0,0.001099512,2047,-0.003067962,2050,0.095923296,-4,0.020160000,-6,2.825000,-25,0.001533981,2047,0.000000000,0,12.500,38,8967,0,1,
112281804173843,112281800009025,112281802095982,112281804173843,502,5.020000000,sine_f1,state,0,0.002198753,2047,-0.001533981,2049,0.095923296,-4,0.020160000,-6,2.938000,-26,0.001533981,2047,0.000000000,0,12.500,38,8977,0,1,
112281814181122,112281810006830,112281812098021,112281814181122,503,5.030000000,sine_f1,state,0,0.003297452,2046,0.000000000,2048,0.095923296,-4,0.020160000,-6,3.051000,-27,0.003067962,2046,0.000000000,0,12.500,38,8987,0,1,
112281824175360,112281820006693,112281822098091,112281824175360,504,5.040000000,sine_f1,state,0,0.004395336,2045,0.001533981,2047,0.095923296,-4,0.023520000,-7,2.486000,-22,0.004601942,2045,0.000000000,0,12.500,38,8997,0,1,
112281834183073,112281830006219,112281832100085,112281834183073,505,5.050000000,sine_f1,state,0,0.005492137,2044,0.001533981,2047,0.095923296,-4,0.023520000,-7,3.164000,-28,0.006135923,2044,0.000000000,0,12.500,38,9007,0,1,
112281844175921,112281840006641,112281842096426,112281844175921,506,5.060000000,sine_f1,state,0,0.006587582,2044,0.003067962,2046,0.095923296,-4,0.023520000,-7,2.825000,-25,0.006135923,2044,0.000000000,0,12.500,38,9017,0,1,
112281854185283,112281850008504,112281852076101,112281854185283,507,5.070000000,sine_f1,state,0,0.007681402,2043,0.004601942,2045,0.095923296,-4,0.020160000,-6,2.147000,-19,0.007669904,2043,0.000000000,0,12.500,38,9026,0,1,
112281864183013,112281860007341,112281862086239,112281864183013,508,5.080000000,sine_f1,state,0,0.008773326,2042,0.004601942,2045,0.095923296,-4,0.020160000,-6,3.164000,-28,0.009203885,2042,0.000000000,0,12.500,38,9037,0,1,
112281874178864,112281870006738,112281872076348,112281874178864,509,5.090000000,sine_f1,state,0,0.009863086,2042,0.006135923,2044,0.095923296,-4,0.030240000,-9,3.051000,-27,0.009203885,2042,0.000000000,0,12.500,38,9046,0,1,
112281884160226,112281880011055,112281882081012,112281884160226,510,5.100000000,sine_f1,state,0,0.010950413,2041,0.006135923,2044,0.095923296,-4,0.020160000,-6,3.164000,-28,0.010737866,2041,0.000000000,0,12.500,38,9057,0,1,
112281894158541,112281890007533,112281892076958,112281894158541,511,5.110000000,sine_f1,state,0,0.012035037,2040,0.007669904,2043,0.095923296,-4,0.023520000,-7,3.051000,-27,0.012271846,2040,0.000000000,0,12.500,38,9067,0,1,
112281904176491,112281900006862,112281902074460,112281904176491,512,5.120000000,sine_f1,state,0,0.013116692,2039,0.009203885,2042,0.095923296,-4,0.023520000,-7,3.164000,-28,0.013805827,2039,0.000000000,0,12.500,38,9077,0,1,
112281914158201,112281910010142,112281912078561,112281914158201,513,5.130000000,sine_f1,state,0,0.014195111,2039,0.009203885,2042,0.095923296,-4,0.023520000,-7,2.825000,-25,0.013805827,2039,0.000000000,0,12.500,38,9087,0,1,
112281924162160,112281920011642,112281922076562,112281924162160,514,5.140000000,sine_f1,state,0,0.015270027,2038,0.010737866,2041,0.095923296,-4,0.020160000,-6,2.938000,-26,0.015339808,2038,0.000000000,0,12.400,38,9096,0,1,
112281934160218,112281930006728,112281932076274,112281934160218,515,5.150000000,sine_f1,state,0,0.016341175,2037,0.012271846,2040,0.095923296,-4,0.013440000,-4,3.051000,-27,0.016873789,2037,0.000000000,0,12.500,38,9106,0,1,
112281944160135,112281940006974,112281942065343,112281944160135,516,5.160000000,sine_f1,state,0,0.017408292,2037,0.013805827,2039,0.095923296,-4,0.006720000,-2,3.164000,-28,0.016873789,2037,0.000000000,0,12.500,38,9116,0,1,
112281954159671,112281950007096,112281952076611,112281954159671,517,5.170000000,sine_f1,state,0,0.018471113,2036,0.015339808,2038,0.095923296,-4,0.016800000,-5,2.260000,-20,0.018407769,2036,0.000000000,0,12.500,38,9126,0,1,
112281964164228,112281960009720,112281962073366,112281964164228,518,5.180000000,sine_f1,state,0,0.019529377,2035,0.015339808,2038,0.095923296,-4,0.020160000,-6,3.277000,-29,0.019941750,2035,0.000000000,0,12.500,38,9137,0,1,
112281974156312,112281970006922,112281972076256,112281974156312,519,5.190000000,sine_f1,state,0,0.020582823,2035,0.016873789,2037,0.095923296,-4,0.020160000,-6,2.034000,-18,0.019941750,2035,0.000000000,0,12.500,38,9146,0,1,
112281984166162,112281980012197,112281982076754,112281984166162,520,5.200000000,sine_f1,state,0,0.021631190,2034,0.016873789,2037,0.095923296,-4,0.016800000,-5,3.051000,-27,0.021475731,2034,0.000000000,0,12.500,38,9156,0,1,
112281994156264,112281990007081,112281992075140,112281994156264,521,5.210000000,sine_f1,state,0,0.022674219,2033,0.018407769,2036,0.095923296,-4,0.016800000,-5,3.164000,-28,0.023009712,2033,0.000000000,0,12.500,38,9166,0,1,
112282004160319,112282000006796,112282002077031,112282004160319,522,5.220000000,sine_f1,state,0,0.023711654,2033,0.019941750,2035,0.095923296,-4,0.020160000,-6,3.277000,-29,0.023009712,2033,0.000000000,0,12.500,38,9177,0,1,
112282014160618,112282010007741,112282012080293,112282014160618,523,5.230000000,sine_f1,state,0,0.024743239,2032,0.019941750,2035,0.095923296,-4,0.013440000,-4,3.051000,-27,0.024543693,2032,0.000000000,0,12.500,38,9186,0,1,
112282024159109,112282020009907,112282022073429,112282024159109,524,5.240000000,sine_f1,state,0,0.025768719,2031,0.021475731,2034,0.095923296,-4,0.016800000,-5,2.938000,-26,0.026077673,2031,0.000000000,0,12.500,38,9196,0,1,
112282034155722,112282030006528,112282032075105,112282034155722,525,5.250000000,sine_f1,state,0,0.026787840,2031,0.023009712,2033,0.095923296,-4,0.016800000,-5,3.051000,-27,0.026077673,2031,0.000000000,0,12.500,38,9206,0,1,
112282044157194,112282040006585,112282042072130,112282044157194,526,5.260000000,sine_f1,state,0,0.027800352,2030,0.024543693,2032,0.095923296,-4,0.013440000,-4,2.938000,-26,0.027611654,2030,0.000000000,0,12.500,38,9216,0,1,
112282054165356,112282050006733,112282052074700,112282054165356,527,5.270000000,sine_f1,state,0,0.028806005,2029,0.024543693,2032,0.095923296,-4,0.020160000,-6,3.277000,-29,0.029145635,2029,0.000000000,0,12.500,38,9227,0,1,
112282064159127,112282060009472,112282062074381,112282064159127,528,5.280000000,sine_f1,state,0,0.029804550,2029,0.026077673,2031,0.095923296,-4,0.016800000,-5,3.164000,-28,0.029145635,2029,0.000000000,0,12.500,38,9236,0,1,
112282074167097,112282070010768,112282072076405,112282074167097,529,5.290000000,sine_f1,state,0,0.030795742,2028,0.027611654,2030,0.095923296,-4,0.020160000,-6,3.164000,-28,0.030679616,2028,0.000000000,0,12.500,38,9247,0,1,
112282084167616,112282080013290,112282082075832,112282084167616,530,5.300000000,sine_f1,state,0,0.031779335,2027,0.027611654,2030,0.095923296,-4,0.023520000,-7,3.051000,-27,0.032213597,2027,0.000000000,0,12.500,38,9257,0,1,
112282094161894,112282090007280,112282092076025,112282094161894,531,5.310000000,sine_f1,state,0,0.032755087,2027,0.029145635,2029,0.095923296,-4,0.013440000,-4,3.164000,-28,0.032213597,2027,0.000000000,0,12.500,38,9266,0,1,
112282104164884,112282100006796,112282102074228,112282104164884,532,5.320000000,sine_f1,state,0,0.033722757,2026,0.030679616,2028,0.095923296,-4,0.013440000,-4,3.051000,-27,0.033747577,2026,0.000000000,0,12.500,38,9276,0,1,
112282114194940,112282110009921,112282112220449,112282114194940,533,5.330000000,sine_f1,state,0,0.034682107,2025,0.032213597,2027,0.095923296,-4,0.020160000,-6,3.277000,-29,0.035281558,2025,0.000000000,0,12.500,38,9287,0,1,
112282124190821,112282120082838,112282122088816,112282124190821,534,5.340000000,sine_f1,state,0,0.035632899,2025,0.032213597,2027,0.095923296,-4,0.016800000,-5,3.164000,-28,0.035281558,2025,0.000000000,0,12.500,38,9297,0,1,
112282134198394,112282130087260,112282132097707,112282134198394,535,5.350000000,sine_f1,state,0,0.036574900,2024,0.033747577,2026,0.095923296,-4,0.006720000,-2,3.164000,-28,0.036815539,2024,0.000000000,0,12.500,38,9307,0,1,
112282144185754,112282140083043,112282142076586,112282144185754,536,5.360000000,sine_f1,state,0,0.037507876,2024,0.033747577,2026,0.095923296,-4,0.020160000,-6,3.051000,-27,0.036815539,2024,0.000000000,0,12.500,38,9317,0,1,
112282154202099,112282150089802,112282152084459,112282154202099,537,5.370000000,sine_f1,state,0,0.038431597,2023,0.035281558,2025,0.095923296,-4,0.010080000,-3,3.164000,-28,0.038349520,2023,0.000000000,0,12.500,38,9327,0,1,
112282164193733,112282160033678,112282162087986,112282164193733,538,5.380000000,sine_f1,state,0,0.039345836,2022,0.036815539,2024,0.095923296,-4,0.016800000,-5,3.051000,-27,0.039883500,2022,0.000000000,0,12.500,38,9337,0,1,
112282174200259,112282170093495,112282172085469,112282174200259,539,5.390000000,sine_f1,state,0,0.040250368,2022,0.036815539,2024,0.095923296,-4,0.020160000,-6,3.051000,-27,0.039883500,2022,0.000000000,0,12.500,38,9347,0,1,
112282184204580,112282180081563,112282182085694,112282184204580,540,5.400000000,sine_f1,state,0,0.041144968,2021,0.038349520,2023,0.095923296,-4,0.013440000,-4,3.390000,-30,0.041417481,2021,0.000000000,0,12.500,38,9357,0,1,
112282194188116,112282190036060,112282192085103,112282194188116,541,5.410000000,sine_f1,state,0,0.042029416,2021,0.039883500,2022,0.095923296,-4,0.016800000,-5,1.921000,-17,0.041417481,2021,0.000000000,0,12.500,38,9367,0,1,
112282204193176,112282200082349,112282202098872,112282204193176,542,5.420000000,sine_f1,state,0,0.042903494,2020,0.039883500,2022,0.095923296,-4,0.013440000,-4,3.277000,-29,0.042951462,2020,0.000000000,0,12.500,38,9377,0,1,
112282214189105,112282210082110,112282212082951,112282214189105,543,5.430000000,sine_f1,state,0,0.043766986,2019,0.041417481,2021,0.095923296,-4,0.006720000,-2,2.147000,-19,0.044485443,2019,0.000000000,0,12.500,38,9387,0,1,
112282224177832,112282220086872,112282222083755,112282224177832,544,5.440000000,sine_f1,state,0,0.044619679,2019,0.041417481,2021,0.095923296,-4,0.013440000,-4,2.825000,-25,0.044485443,2019,0.000000000,0,12.500,38,9397,0,1,
112282234183249,112282230080495,112282232082401,112282234183249,545,5.450000000,sine_f1,state,0,0.045461363,2018,0.042951462,2020,0.095923296,-4,0.010080000,-3,3.164000,-28,0.046019424,2018,0.000000000,0,12.500,38,9407,0,1,
112282244175451,112282240081594,112282242084930,112282244175451,546,5.460000000,sine_f1,state,0,0.046291831,2018,0.044485443,2019,0.095923296,-4,0.003360000,-1,2.373000,-21,0.046019424,2018,0.000000000,0,12.500,38,9417,0,1,
112282254197928,112282250085191,112282252079427,112282254197928,547,5.470000000,sine_f1,state,0,0.047110876,2017,0.046019424,2018,0.095923296,-4,0.010080000,-3,3.051000,-27,0.047553404,2017,0.000000000,0,12.500,38,9427,0,1,
112282264190946,112282260029639,112282262085230,112282264190946,548,5.480000000,sine_f1,state,0,0.047918297,2017,0.046019424,2018,0.095923296,-4,0.010080000,-3,2.938000,-26,0.047553404,2017,0.000000000,0,12.500,38,9437,0,1,
112282274187284,112282270086110,112282272084771,112282274187284,549,5.490000000,sine_f1,state,0,0.048713896,2016,0.047553404,2017,0.095923296,-4,0.003360000,-1,1.356000,-12,0.049087385,2016,0.000000000,0,12.500,38,9447,0,1,
112282284168260,112282280085825,112282282080292,112282284168260,550,5.500000000,sine_f1,state,0,0.049497475,2016,0.047553404,2017,0.095923296,-4,0.003360000,-1,3.277000,-29,0.049087385,2016,0.000000000,0,12.500,38,9457,0,1,
112282294168677,112282290091390,112282292079551,112282294168677,551,5.510000000,sine_f1,state,0,0.050268841,2015,0.049087385,2016,0.095923296,-4,0.003360000,-1,2.712000,-24,0.050621366,2015,0.000000000,0,12.500,38,9467,0,1,
112282304175562,112282300084956,112282302077795,112282304175562,552,5.520000000,sine_f1,state,0,0.051027804,2015,0.049087385,2016,0.095923296,-4,0.003360000,-1,2.825000,-25,0.050621366,2015,0.000000000,0,12.500,38,9476,0,1,
112282314196654,112282310091247,112282312098833,112282314196654,553,5.530000000,sine_f1,state,0,0.051774177,2014,0.050621366,2015,0.095923296,-4,0.000000000,0,1.695000,-15,0.052155347,2014,0.000000000,0,12.500,38,9487,0,1,
112282324185495,112282320081693,112282322059448,112282324185495,554,5.540000000,sine_f1,state,0,0.052507775,2014,0.052155347,2014,0.071942472,-3,0.003360000,-1,2.938000,-26,0.052155347,2014,0.000000000,0,12.500,38,9497,0,1,
112282334174510,112282330084315,112282332067791,112282334174510,555,5.550000000,sine_f1,state,0,0.053228418,2013,0.052155347,2014,0.071942472,-3,0.003360000,-1,2.260000,-20,0.053689328,2013,0.000000000,0,12.500,38,9507,0,1,
112282344178533,112282340082443,112282342061224,112282344178533,556,5.560000000,sine_f1,state,0,0.053935927,2013,0.053689328,2013,0.071942472,-3,0.003360000,-1,2.825000,-25,0.053689328,2013,0.000000000,0,12.500,38,9516,0,1,
112282354164696,112282350084962,112282352059797,112282354164696,557,5.570000000,sine_f1,state,0,0.054630129,2012,0.053689328,2013,0.071942472,-3,0.000000000,0,1.582000,-14,0.055223308,2012,0.000000000,0,12.500,38,9526,0,1,
112282364171339,112282360092347,112282362082375,112282364171339,558,5.580000000,sine_f1,state,0,0.055310851,2012,0.055223308,2012,0.071942472,-3,0.000000000,0,1.808000,-16,0.055223308,2012,0.000000000,0,12.500,38,9537,0,1,
112282374172859,112282370091883,112282372069232,112282374172859,559,5.590000000,sine_f1,state,0,0.055977926,2012,0.055223308,2012,0.071942472,-3,0.000000000,0,1.017000,-9,0.055223308,2012,0.000000000,0,12.500,38,9547,0,1,
112282384174768,112282380028849,112282382066315,112282384174768,560,5.600000000,sine_f1,state,0,0.056631190,2011,0.055223308,2012,0.071942472,-3,0.000000000,0,0.339000,-3,0.056757289,2011,0.000000000,0,12.500,38,9556,0,1,
112282394170299,112282390104979,112282392077968,112282394170299,561,5.610000000,sine_f1,state,0,0.057270480,2011,0.055223308,2012,0.047961648,-2,0.006720000,-2,2.260000,-20,0.056757289,2011,0.000000000,0,12.500,38,9567,0,1,
112282404174679,112282400094785,112282402069357,112282404174679,562,5.620000000,sine_f1,state,0,0.057895640,2010,0.055223308,2012,0.047961648,-2,0.010080000,-3,3.051000,-27,0.058291270,2010,0.000000000,0,12.500,38,9576,0,1,
112282414177107,112282410104257,112282412068247,112282414177107,563,5.630000000,sine_f1,state,0,0.058506515,2010,0.056757289,2011,0.047961648,-2,0.010080000,-3,2.938000,-26,0.058291270,2010,0.000000000,0,12.500,38,9587,0,1,
112282424175979,112282420084458,112282422071802,112282424175979,564,5.640000000,sine_f1,state,0,0.059102955,2009,0.058291270,2010,0.047961648,-2,0.000000000,0,2.147000,-19,0.059825251,2009,0.000000000,0,12.500,38,9597,0,1,
112282434165100,112282430084060,112282432073554,112282434165100,565,5.650000000,sine_f1,state,0,0.059684812,2009,0.058291270,2010,0.047961648,-2,0.006720000,-2,3.277000,-29,0.059825251,2009,0.000000000,0,12.500,38,9606,0,1,
112282444186764,112282440091749,112282442071681,112282444186764,566,5.660000000,sine_f1,state,0,0.060251942,2009,0.059825251,2009,0.047961648,-2,0.006720000,-2,1.469000,-13,0.059825251,2009,0.000000000,0,12.500,38,9617,0,1,
112282454170042,112282450082105,112282452070812,112282454170042,567,5.670000000,sine_f1,state,0,0.060804206,2008,0.059825251,2009,0.047961648,-2,0.000000000,0,0.339000,-3,0.061359232,2008,0.000000000,0,12.500,38,9627,0,1,
112282464153634,112282460094545,112282462071987,112282464153634,568,5.680000000,sine_f1,state,0,0.061341468,2008,0.059825251,2009,0.047961648,-2,0.010080000,-3,1.921000,-17,0.061359232,2008,0.000000000,0,12.500,38,9636,0,1,
112282474164477,112282470083388,112282472081337,112282474164477,569,5.690000000,sine_f1,state,0,0.061863594,2008,0.059825251,2009,0.047961648,-2,0.006720000,-2,2.825000,-25,0.061359232,2008,0.000000000,0,12.500,38,9646,0,1,
112282484161857,112282480095855,112282482071311,112282484161857,570,5.700000000,sine_f1,state,0,0.062370457,2007,0.061359232,2008,0.047961648,-2,0.003360000,-1,1.921000,-17,0.062893212,2007,0.000000000,0,12.500,38,9656,0,1,
112282494171949,112282490092675,112282492070623,112282494171949,571,5.710000000,sine_f1,state,0,0.062861930,2007,0.061359232,2008,0.047961648,-2,0.006720000,-2,3.051000,-27,0.062893212,2007,0.000000000,0,12.500,38,9666,0,1,
112282504174840,112282500084184,112282502068159,112282504174840,572,5.720000000,sine_f1,state,0,0.063337894,2007,0.062893212,2007,0.047961648,-2,0.003360000,-1,2.260000,-20,0.062893212,2007,0.000000000,0,12.500,38,9677,0,1,
112282514178223,112282510084825,112282512068949,112282514178223,573,5.730000000,sine_f1,state,0,0.063798229,2006,0.064427193,2006,0.047961648,-2,0.003360000,-1,1.356000,-12,0.064427193,2006,0.000000000,0,12.500,38,9686,0,1,
112282524176415,112282520091135,112282522059626,112282524176415,574,5.740000000,sine_f1,state,0,0.064242824,2006,0.064427193,2006,0.047961648,-2,0.000000000,0,1.356000,-12,0.064427193,2006,0.000000000,0,12.500,38,9696,0,1,
112282534172986,112282530092104,112282532077341,112282534172986,575,5.750000000,sine_f1,state,0,0.064671567,2006,0.064427193,2006,0.047961648,-2,0.000000000,0,1.469000,-13,0.064427193,2006,0.000000000,0,12.500,38,9706,0,1,
112282544178982,112282540088111,112282542066382,112282544178982,576,5.760000000,sine_f1,state,0,0.065084354,2006,0.064427193,2006,0.047961648,-2,0.000000000,0,1.582000,-14,0.064427193,2006,0.000000000,0,12.500,38,9717,0,1,
112282554177826,112282550103428,112282552072283,112282554177826,577,5.770000000,sine_f1,state,0,0.065481082,2005,0.064427193,2006,0.047961648,-2,0.000000000,0,1.808000,-16,0.065961174,2005,0.000000000,0,12.500,38,9727,0,1,
112282564221428,112282560086685,112282562057212,112282564221428,578,5.780000000,sine_f1,state,0,0.065861654,2005,0.064427193,2006,0.047961648,-2,0.006720000,-2,2.938000,-26,0.065961174,2005,0.000000000,0,12.500,38,9736,0,1,
112282574191638,112282570080845,112282572058708,112282574191638,579,5.790000000,sine_f1,state,0,0.066225975,2005,0.065961174,2005,0.023980824,-1,0.003360000,-1,2.373000,-21,0.065961174,2005,0.000000000,0,12.500,38,9747,0,1,
112282584161132,112282580085479,112282582075606,112282584161132,580,5.800000000,sine_f1,state,0,0.066573956,2005,0.065961174,2005,0.023980824,-1,0.000000000,0,1.017000,-9,0.065961174,2005,0.000000000,0,12.500,38,9757,0,1,
112282594172437,112282590086512,112282592067043,112282594172437,581,5.810000000,sine_f1,state,0,0.066905511,2004,0.065961174,2005,0.023980824,-1,-0.006720000,2,0.113000,-1,0.067495155,2004,0.000000000,0,12.500,38,9766,0,1,
112282604184156,112282600093275,112282602068889,112282604184156,582,5.820000000,sine_f1,state,0,0.067220558,2004,0.067495155,2004,0.023980824,-1,0.003360000,-1,1.582000,-14,0.067495155,2004,0.000000000,0,12.500,38,9776,0,1,
112282614190770,112282610088606,112282612069087,112282614190770,583,5.830000000,sine_f1,state,0,0.067519019,2004,0.067495155,2004,0.023980824,-1,0.000000000,0,1.695000,-15,0.067495155,2004,0.000000000,0,12.500,38,9786,0,1,
112282624187030,112282620036512,112282622061455,112282624187030,584,5.840000000,sine_f1,state,0,0.067800821,2004,0.067495155,2004,0.023980824,-1,0.000000000,0,2.147000,-19,0.067495155,2004,0.000000000,0,12.500,38,9796,0,1,
112282634170850,112282630086818,112282632067764,112282634170850,585,5.850000000,sine_f1,state,0,0.068065894,2004,0.067495155,2004,0.023980824,-1,0.000000000,0,1.469000,-13,0.067495155,2004,0.000000000,0,12.500,38,9806,0,1,
112282644178827,112282640091911,112282642068488,112282644178827,586,5.860000000,sine_f1,state,0,0.068314173,2003,0.067495155,2004,0.023980824,-1,0.000000000,0,0.678000,-6,0.069029135,2003,0.000000000,0,12.500,38,9816,0,1,
112282654170499,112282650084867,112282652068575,112282654170499,587,5.870000000,sine_f1,state,0,0.068545597,2003,0.067495155,2004,0.023980824,-1,0.003360000,-1,1.921000,-17,0.069029135,2003,0.000000000,0,12.500,38,9826,0,1,
112282664170882,112282660025433,112282662081942,112282664170882,588,5.880000000,sine_f1,state,0,0.068760108,2003,0.067495155,2004,0.000000000,0,0.006720000,-2,2.825000,-25,0.069029135,2003,0.000000000,0,12.500,38,9836,0,1,
112282674172842,112282670091957,112282672071794,112282674172842,589,5.890000000,sine_f1,state,0,0.068957653,2003,0.069029135,2003,0.000000000,0,0.003360000,-1,2.373000,-21,0.069029135,2003,0.000000000,0,12.500,38,9846,0,1,
112282684147004,112282680085137,112282682067233,112282684147004,590,5.900000000,sine_f1,state,0,0.069138184,2003,0.069029135,2003,0.000000000,0,0.000000000,0,1.356000,-12,0.069029135,2003,0.000000000,0,12.500,38,9856,0,1,
112282694382601,112282690085238,112282692242367,112282694382601,591,5.910000000,sine_f1,state,0,0.069301656,2003,0.069029135,2003,0.000000000,0,0.000000000,0,0.339000,-3,0.069029135,2003,0.000000000,0,12.500,38,9867,0,1,
112282704380915,112282700098290,112282702220710,112282704380915,592,5.920000000,sine_f1,state,0,0.069448029,2003,0.069029135,2003,0.000000000,0,0.000000000,0,0.113000,-1,0.069029135,2003,0.000000000,0,12.500,38,9877,0,1,
112282714405368,112282710087116,112282712232871,112282714405368,593,5.930000000,sine_f1,state,0,0.069577267,2003,0.069029135,2003,0.000000000,0,0.000000000,0,0.113000,-1,0.069029135,2003,0.000000000,0,12.500,38,9887,0,1,
112282724371431,112282720084111,112282722253109,112282724371431,594,5.940000000,sine_f1,state,0,0.069689338,2003,0.069029135,2003,0.000000000,0,0.000000000,0,0.113000,-1,0.069029135,2003,0.000000000,0,12.500,38,9897,0,1,
112282734383913,112282730086605,112282732234092,112282734383913,595,5.950000000,sine_f1,state,0,0.069784213,2003,0.069029135,2003,0.000000000,0,0.000000000,0,0.113000,-1,0.069029135,2003,0.000000000,0,12.500,38,9907,0,1,
112282744354173,112282740092321,112282742225924,112282744354173,596,5.960000000,sine_f1,state,0,0.069861871,2002,0.069029135,2003,0.000000000,0,0.000000000,0,0.339000,-3,0.070563116,2002,0.000000000,0,12.500,38,9917,0,1,
112282754360954,112282750083114,112282752235316,112282754360954,597,5.970000000,sine_f1,state,0,0.069922291,2002,0.069029135,2003,0.000000000,0,0.003360000,-1,1.808000,-16,0.070563116,2002,0.000000000,0,12.500,38,9927,0,1,
112282764328783,112282760085804,112282762221603,112282764328783,598,5.980000000,sine_f1,state,0,0.069965459,2002,0.069029135,2003,0.000000000,0,0.006720000,-2,2.938000,-26,0.070563116,2002,0.000000000,0,12.500,38,9937,0,1,
112282774084866,112282770084230,112282772240830,112282774084866,599,5.990000000,sine_f1,hardware_error,0,0.069991364,2002,,,,,,,,,,,,,,,,,,0
112282784380747,112282780087593,112282782220766,112282784380747,600,6.000000000,sine_f1,state,0,0.070000000,2002,0.072097097,2001,0.000000000,0,0.000000000,0,1.017000,-9,0.070563116,2002,0.000000000,0,12.500,38,9957,0,1,
112282794359928,112282790087863,112282792231986,112282794359928,601,6.010000000,sine_f1,state,0,0.069991364,2002,0.070563116,2002,0.000000000,0,0.000000000,0,0.000000,0,0.070563116,2002,0.000000000,0,12.500,38,9967,0,1,
112282804374040,112282800085628,112282802131816,112282804374040,602,6.020000000,sine_f1,state,0,0.069965459,2002,0.072097097,2001,0.000000000,0,-0.003360000,1,0.113000,-1,0.070563116,2002,0.000000000,0,12.500,38,9977,0,1,
112282814408992,112282810086430,112282812224144,112282814408992,603,6.030000000,sine_f1,state,0,0.069922291,2002,0.070563116,2002,0.000000000,0,-0.003360000,1,0.113000,-1,0.070563116,2002,0.000000000,0,12.500,38,9987,0,1,
112282824207376,112282820084051,112282822231312,112282824207376,604,6.040000000,sine_f1,state,0,0.069861871,2002,0.070563116,2002,0.000000000,0,0.000000000,0,0.113000,-1,0.070563116,2002,0.000000000,0,12.500,38,9997,0,1,
112282834354591,112282830090402,112282832215979,112282834354591,605,6.050000000,sine_f1,state,0,0.069784213,2003,0.070563116,2002,0.000000000,0,0.003360000,-1,0.113000,-1,0.069029135,2003,0.000000000,0,12.500,38,10007,0,1,
112282844370860,112282840084402,112282842221899,112282844370860,606,6.060000000,sine_f1,state,0,0.069689338,2003,0.070563116,2002,0.000000000,0,-0.010080000,3,-1.017000,9,0.069029135,2003,0.000000000,0,12.500,38,10017,0,1,
112282854356264,112282850097846,112282852223110,112282854356264,607,6.070000000,sine_f1,state,0,0.069577267,2003,0.070563116,2002,0.000000000,0,-0.010080000,3,-0.678000,6,0.069029135,2003,0.000000000,0,12.500,38,10027,0,1,
112282864377657,112282860091372,112282862226282,112282864377657,608,6.080000000,sine_f1,state,0,0.069448029,2003,0.070563116,2002,0.000000000,0,-0.006720000,2,-0.678000,6,0.069029135,2003,0.000000000,0,12.500,38,10037,0,1,
112282874363548,112282870090224,112282872228539,112282874363548,609,6.090000000,sine_f1,state,0,0.069301656,2003,0.070563116,2002,0.000000000,0,-0.006720000,2,-0.791000,7,0.069029135,2003,0.000000000,0,12.500,38,10047,0,1,
112282884353154,112282880083850,112282882235475,112282884353154,610,6.100000000,sine_f1,state,0,0.069138184,2003,0.070563116,2002,0.000000000,0,-0.006720000,2,-0.791000,7,0.069029135,2003,0.000000000,0,12.500,38,10057,0,1,
112282894193237,112282890089703,112282892212278,112282894193237,611,6.110000000,sine_f1,state,0,0.068957653,2003,0.070563116,2002,0.000000000,0,-0.006720000,2,-0.791000,7,0.069029135,2003,0.000000000,0,12.500,38,10067,0,1,
112282904377857,112282900087266,112282902223097,112282904377857,612,6.120000000,sine_f1,state,0,0.068760108,2003,0.070563116,2002,0.000000000,0,-0.003360000,1,-0.904000,8,0.069029135,2003,0.000000000,0,12.500,38,10077,0,1,
112282914364350,112282910084417,112282912242613,112282914364350,613,6.130000000,sine_f1,state,0,0.068545597,2003,0.070563116,2002,0.000000000,0,-0.006720000,2,-0.678000,6,0.069029135,2003,0.000000000,0,12.500,38,10087,0,1,
112282924355046,112282920090588,112282922242130,112282924355046,614,6.140000000,sine_f1,state,0,0.068314173,2003,0.070563116,2002,0.000000000,0,-0.006720000,2,-0.678000,6,0.069029135,2003,0.000000000,0,12.500,38,10097,0,1,
112282934343775,112282930085562,112282932220287,112282934343775,615,6.150000000,sine_f1,state,0,0.068065894,2004,0.070563116,2002,0.000000000,0,-0.010080000,3,-0.904000,8,0.067495155,2004,0.000000000,0,12.500,38,10107,0,1,
112282944334989,112282940090322,112282942213393,112282944334989,616,6.160000000,sine_f1,state,0,0.067800821,2004,0.072097097,2001,0.000000000,0,-0.020160000,6,-0.791000,7,0.067495155,2004,0.000000000,0,12.500,38,10117,0,1,
112282954356104,112282950084758,112282952217763,112282954356104,617,6.170000000,sine_f1,state,0,0.067519019,2004,0.070563116,2002,0.000000000,0,-0.023520000,7,-1.017000,9,0.067495155,2004,0.000000000,0,12.500,38,10127,0,1,
112282964230487,112282960084703,112282962221253,112282964230487,618,6.180000000,sine_f1,state,0,0.067220558,2004,0.070563116,2002,0.000000000,0,-0.016800000,5,-0.904000,8,0.067495155,2004,0.000000000,0,12.500,38,10137,0,1,
112282974356220,112282970086786,112282972233083,112282974356220,619,6.190000000,sine_f1,state,0,0.066905511,2004,0.070563116,2002,0.000000000,0,-0.013440000,4,-1.017000,9,0.067495155,2004,0.000000000,0,12.500,38,10147,0,1,
112282984355315,112282980081703,112282982228964,112282984355315,620,6.200000000,sine_f1,state,0,0.066573956,2005,0.070563116,2002,0.000000000,0,-0.020160000,6,-1.017000,9,0.065961174,2005,0.000000000,0,12.500,38,10157,0,1,
112282994359032,112282990093035,112282992233655,112282994359032,621,6.210000000,sine_f1,state,0,0.066225975,2005,0.070563116,2002,0.000000000,0,-0.030240000,9,-1.017000,9,0.065961174,2005,0.000000000,0,12.500,38,10167,0,1,
112283004365067,112283000085360,112283002231513,112283004365067,622,6.220000000,sine_f1,state,0,0.065861654,2005,0.072097097,2001,0.000000000,0,-0.026880000,8,-1.130000,10,0.065961174,2005,0.000000000,0,12.500,38,10177,0,1,
112283014362434,112283010090298,112283012213464,112283014362434,623,6.230000000,sine_f1,state,0,0.065481082,2005,0.072097097,2001,0.000000000,0,-0.026880000,8,-1.017000,9,0.065961174,2005,0.000000000,0,12.500,38,10187,0,1,
112283024365917,112283020086198,112283022228336,112283024365917,624,6.240000000,sine_f1,state,0,0.065084354,2006,0.070563116,2002,0.000000000,0,-0.030240000,9,-1.130000,10,0.064427193,2006,0.000000000,0,12.500,38,10197,0,1,
112283034348381,112283030095093,112283032219950,112283034348381,625,6.250000000,sine_f1,state,0,0.064671567,2006,0.070563116,2002,0.000000000,0,-0.030240000,9,-1.130000,10,0.064427193,2006,0.000000000,0,12.500,38,10207,0,1,
112283044353177,112283040092159,112283042227780,112283044353177,626,6.260000000,sine_f1,state,0,0.064242824,2006,0.072097097,2001,0.000000000,0,-0.030240000,9,-1.130000,10,0.064427193,2006,0.000000000,0,12.500,38,10217,0,1,
112283054348921,112283050092072,112283052238643,112283054348921,627,6.270000000,sine_f1,state,0,0.063798229,2006,0.070563116,2002,0.000000000,0,-0.033600000,10,-1.130000,10,0.064427193,2006,0.000000000,0,12.500,38,10227,0,1,
112283064359540,112283060106608,112283062105020,112283064359540,628,6.280000000,sine_f1,state,0,0.063337894,2007,0.070563116,2002,0.000000000,0,-0.036960000,11,-1.243000,11,0.062893212,2007,0.000000000,0,12.500,38,10236,0,1,
112283074192157,112283070089292,112283072230396,112283074192157,629,6.290000000,sine_f1,state,0,0.062861930,2007,0.070563116,2002,0.000000000,0,-0.043680000,13,-1.695000,15,0.062893212,2007,0.000000000,0,12.500,38,10247,0,1,
112283084333163,112283080083509,112283082217930,112283084333163,630,6.300000000,sine_f1,state,0,0.062370457,2007,0.070563116,2002,0.000000000,0,-0.040320000,12,-2.712000,24,0.062893212,2007,0.000000000,0,12.500,38,10257,0,1,
112283094354344,112283090089111,112283092223057,112283094354344,631,6.310000000,sine_f1,state,0,0.061863594,2008,0.070563116,2002,0.000000000,0,-0.036960000,11,-4.520000,40,0.061359232,2008,0.000000000,0,12.500,38,10267,0,1,
112283104380601,112283100085869,112283102224825,112283104380601,632,6.320000000,sine_f1,state,0,0.061341468,2008,0.069029135,2003,0.000000000,0,-0.033600000,10,-8.136000,72,0.061359232,2008,0.000000000,0,12.500,38,10277,0,1,
112283114370327,112283110085747,112283112237734,112283114370327,633,6.330000000,sine_f1,state,0,0.060804206,2008,0.067495155,2004,-0.023980824,1,-0.026880000,8,-10.848000,96,0.061359232,2008,0.000000000,0,12.500,38,10287,0,1,
112283124368229,112283120084221,112283122219924,112283124368229,634,6.340000000,sine_f1,state,0,0.060251942,2009,0.062893212,2007,-0.047961648,2,-0.006720000,2,-11.187000,99,0.059825251,2009,0.000000000,0,12.400,38,10297,0,1,
112283134371890,112283130085776,112283132220523,112283134371890,635,6.350000000,sine_f1,state,0,0.059684812,2009,0.058291270,2010,-0.095923296,4,-0.020160000,6,-7.119000,63,0.059825251,2009,0.000000000,0,12.600,38,10307,0,1,
112283144356450,112283140085132,112283142202103,112283144356450,636,6.360000000,sine_f1,state,0,0.059102955,2009,0.053689328,2013,-0.143884944,6,0.040320000,-12,0.000000,0,0.059825251,2009,0.000000000,0,12.600,38,10317,0,1,
112283154363726,112283150093439,112283152203771,112283154363726,637,6.370000000,sine_f1,state,0,0.058506515,2010,0.052155347,2014,-0.215827415,9,0.053760000,-16,0.000000,0,0.058291270,2010,0.000000000,0,12.600,38,10327,0,1,
112283164124647,112283160034146,112283162075783,112283164124647,638,6.380000000,sine_f1,state,0,0.057895640,2010,0.052155347,2014,-0.239808239,10,0.030240000,-9,2.938000,-26,0.058291270,2010,0.000000000,0,12.600,38,10336,0,1,
112283174128841,112283170089458,112283172214302,112283174128841,639,6.390000000,sine_f1,state,0,0.057270480,2011,0.052155347,2014,-0.239808239,10,0.026880000,-8,3.277000,-29,0.056757289,2011,0.000000000,0,12.600,38,10347,0,1,
112283184127847,112283180097679,112283182030470,112283184127847,640,6.400000000,sine_f1,state,0,0.056631190,2011,0.053689328,2013,-0.215827415,9,0.026880000,-8,3.277000,-29,0.056757289,2011,0.000000000,0,12.600,38,10356,0,1,
112283194125355,112283190091200,112283192028361,112283194125355,641,6.410000000,sine_f1,state,0,0.055977926,2012,0.053689328,2013,-0.191846591,8,0.020160000,-6,3.051000,-27,0.055223308,2012,0.000000000,0,12.600,38,10366,0,1,
112283204130470,112283200034292,112283202036533,112283204130470,642,6.420000000,sine_f1,state,0,0.055310851,2012,0.055223308,2012,-0.119904120,5,0.000000000,0,1.017000,-9,0.055223308,2012,0.000000000,0,12.600,38,10376,0,1,
112283214125158,112283210086470,112283212029852,112283214125158,643,6.430000000,sine_f1,state,0,0.054630129,2012,0.055223308,2012,-0.047961648,2,0.003360000,-1,0.113000,-1,0.055223308,2012,0.000000000,0,12.600,38,10386,0,1,
112283224121811,112283220098911,112283222045304,112283224121811,644,6.440000000,sine_f1,state,0,0.053935927,2013,0.055223308,2012,0.000000000,0,0.000000000,0,0.113000,-1,0.053689328,2013,0.000000000,0,12.600,38,10396,0,1,
112283234114163,112283230089786,112283232025783,112283234114163,645,6.450000000,sine_f1,state,0,0.053228418,2013,0.055223308,2012,0.000000000,0,-0.006720000,2,-0.339000,3,0.053689328,2013,0.000000000,0,12.600,38,10406,0,1,
112283244194507,112283240094318,112283242218064,112283244194507,646,6.460000000,sine_f1,state,0,0.052507775,2014,0.055223308,2012,0.023980824,-1,-0.010080000,3,-1.017000,9,0.052155347,2014,0.000000000,0,12.600,38,10417,0,1,
112283254343182,112283250083781,112283252200548,112283254343182,647,6.470000000,sine_f1,state,0,0.051774177,2014,0.055223308,2012,0.023980824,-1,-0.013440000,4,-1.017000,9,0.052155347,2014,0.000000000,0,12.600,38,10427,0,1,
112283264368346,112283260030984,112283262235273,112283264368346,648,6.480000000,sine_f1,state,0,0.051027804,2015,0.055223308,2012,0.023980824,-1,-0.020160000,6,-1.130000,10,0.050621366,2015,0.000000000,0,12.600,38,10437,0,1,
112283274355005,112283270083758,112283272213546,112283274355005,649,6.490000000,sine_f1,state,0,0.050268841,2015,0.055223308,2012,0.000000000,0,-0.023520000,7,-1.130000,10,0.050621366,2015,0.000000000,0,12.600,38,10447,0,1,
112283284337194,112283280089291,112283282119371,112283284337194,650,6.500000000,sine_f1,state,0,0.049497475,2016,0.055223308,2012,0.000000000,0,-0.023520000,7,-1.130000,10,0.049087385,2016,0.000000000,0,12.600,38,10456,0,1,
112283294269111,112283290085724,112283292225603,112283294269111,651,6.510000000,sine_f1,state,0,0.048713896,2016,0.055223308,2012,0.000000000,0,-0.033600000,10,-1.243000,11,0.049087385,2016,0.000000000,0,12.600,38,10467,0,1,
112283304184204,112283300009414,112283302104939,112283304184204,652,6.520000000,sine_f1,state,0,0.047918297,2017,0.055223308,2012,0.000000000,0,-0.033600000,10,-1.243000,11,0.047553404,2017,0.000000000,0,12.600,38,10476,0,1,
112283314176225,112283310009057,112283312080216,112283314176225,653,6.530000000,sine_f1,state,0,0.047110876,2017,0.055223308,2012,0.000000000,0,-0.036960000,11,-1.695000,15,0.047553404,2017,0.000000000,0,12.500,38,10486,0,1,
112283324172494,112283320006477,112283322096585,112283324172494,654,6.540000000,sine_f1,state,0,0.046291831,2018,0.055223308,2012,0.000000000,0,-0.040320000,12,-1.921000,17,0.046019424,2018,0.000000000,0,12.500,38,10496,0,1,
112283334151944,112283330006681,112283332073395,112283334151944,655,6.550000000,sine_f1,state,0,0.045461363,2018,0.053689328,2013,0.000000000,0,-0.033600000,10,-4.407000,39,0.046019424,2018,0.000000000,0,12.500,38,10506,0,1,
112283344159584,112283340006264,112283342086834,112283344159584,656,6.560000000,sine_f1,state,0,0.044619679,2019,0.053689328,2013,0.000000000,0,-0.040320000,12,-6.780000,60,0.044485443,2019,0.000000000,0,12.500,38,10516,0,1,
112283354172364,112283350006801,112283352079986,112283354172364,657,6.570000000,sine_f1,state,0,0.043766986,2019,0.050621366,2015,-0.023980824,1,-0.030240000,9,-10.735000,95,0.044485443,2019,0.000000000,0,12.500,38,10526,0,1,
112283364168131,112283360008217,112283362084835,112283364168131,658,6.580000000,sine_f1,state,0,0.042903494,2020,0.047553404,2017,-0.047961648,2,-0.010080000,3,-11.300000,100,0.042951462,2020,0.000000000,0,12.500,38,10536,0,1,
112283374191519,112283370011017,112283372090808,112283374191519,659,6.590000000,sine_f1,state,0,0.042029416,2021,0.041417481,2021,-0.095923296,4,-0.003360000,1,-10.396000,92,0.041417481,2021,0.000000000,0,12.600,38,10546,0,1,
112283384120460,112283380013212,112283382094588,112283384120460,660,6.600000000,sine_f1,state,0,0.041144968,2021,0.036815539,2024,-0.167865767,7,0.000000000,0,0.226000,-2,0.041417481,2021,0.000000000,0,12.600,38,10556,0,1,
112283394178342,112283390006645,112283392079087,112283394178342,661,6.610000000,sine_f1,state,0,0.040250368,2022,0.033747577,2026,-0.215827415,9,0.016800000,-5,0.339000,-3,0.039883500,2022,0.000000000,0,12.600,38,10566,0,1,
112283404187097,112283400006876,112283402093358,112283404187097,662,6.620000000,sine_f1,state,0,0.039345836,2022,0.033747577,2026,-0.263789063,11,0.030240000,-9,1.695000,-15,0.039883500,2022,0.000000000,0,12.600,38,10576,1,1,
112283414172546,112283410008446,112283412072869,112283414172546,663,6.630000000,sine_f1,state,0,0.038431597,2023,0.035281558,2025,-0.263789063,11,0.030240000,-9,3.277000,-29,0.038349520,2023,0.000000000,0,12.600,38,10586,1,1,
112283424162917,112283420006101,112283422075959,112283424162917,664,6.640000000,sine_f1,state,0,0.037507876,2024,0.035281558,2025,-0.263789063,11,0.016800000,-5,3.164000,-28,0.036815539,2024,0.000000000,0,12.600,38,10596,1,1,
112283434162724,112283430006945,112283432088152,112283434162724,665,6.650000000,sine_f1,state,0,0.036574900,2024,0.035281558,2025,-0.215827415,9,0.006720000,-2,2.825000,-25,0.036815539,2024,0.000000000,0,12.600,38,10606,0,1,
112283444119727,112283440006791,112283442093147,112283444119727,666,6.660000000,sine_f1,state,0,0.035632899,2025,0.036815539,2024,-0.143884944,6,0.003360000,-1,1.921000,-17,0.035281558,2025,0.000000000,0,12.600,38,10616,0,1,
112283454125354,112283450006796,112283452034187,112283454125354,667,6.670000000,sine_f1,state,0,0.034682107,2025,0.036815539,2024,-0.071942472,3,0.006720000,-2,0.113000,-1,0.035281558,2025,0.000000000,0,12.600,38,10626,0,1,
112283464088477,112283460010131,112283462020629,112283464088477,668,6.680000000,sine_f1,state,0,0.033722757,2026,0.036815539,2024,-0.023980824,1,-0.003360000,1,-0.226000,2,0.033747577,2026,0.000000000,0,12.600,38,10636,0,1,
112283474108549,112283470006296,112283472019949,112283474108549,669,6.690000000,sine_f1,state,0,0.032755087,2027,0.036815539,2024,0.000000000,0,-0.016800000,5,-0.791000,7,0.032213597,2027,0.000000000,0,12.600,38,10646,0,1,
112283484107650,112283480011835,112283481995332,112283484107650,670,6.700000000,sine_f1,state,0,0.031779335,2027,0.036815539,2024,0.000000000,0,-0.023520000,7,-1.130000,10,0.032213597,2027,0.000000000,0,12.600,38,10656,0,1,
112283494094074,112283490006493,112283492017162,112283494094074,671,6.710000000,sine_f1,state,0,0.030795742,2028,0.036815539,2024,0.000000000,0,-0.026880000,8,-1.017000,9,0.030679616,2028,0.000000000,0,12.500,38,10666,0,1,
112283504097129,112283500006198,112283502019159,112283504097129,672,6.720000000,sine_f1,state,0,0.029804550,2029,0.036815539,2024,0.000000000,0,-0.033600000,10,-1.243000,11,0.029145635,2029,0.000000000,0,12.500,38,10676,0,1,
112283514097647,112283510006719,112283512014961,112283514097647,673,6.730000000,sine_f1,state,0,0.028806005,2029,0.036815539,2024,0.000000000,0,-0.040320000,12,-1.808000,16,0.029145635,2029,0.000000000,0,12.500,38,10686,0,1,
112283524149880,112283520008024,112283522006185,112283524149880,674,6.740000000,sine_f1,state,0,0.027800352,2030,0.036815539,2024,0.000000000,0,-0.040320000,12,-2.147000,19,0.027611654,2030,0.000000000,0,12.500,38,10696,0,1,
112283534183204,112283530006068,112283532090469,112283534183204,675,6.750000000,sine_f1,state,0,0.026787840,2031,0.036815539,2024,0.000000000,0,-0.053760000,16,-4.520000,40,0.026077673,2031,0.000000000,0,12.500,38,10706,0,1,
112283544149172,112283540006532,112283542066804,112283544149172,676,6.760000000,sine_f1,state,0,0.025768719,2031,0.035281558,2025,0.000000000,0,-0.033600000,10,-9.379000,83,0.026077673,2031,0.000000000,0,12.500,38,10716,0,1,
112283554169011,112283550005625,112283552075780,112283554169011,677,6.770000000,sine_f1,state,0,0.024743239,2032,0.032213597,2027,0.000000000,0,-0.033600000,10,-11.187000,99,0.024543693,2032,0.000000000,0,12.500,38,10726,0,1,
112283564150980,112283560006862,112283562070425,112283564150980,678,6.780000000,sine_f1,state,0,0.023711654,2033,0.026077673,2031,-0.047961648,2,-0.010080000,3,-11.526000,102,0.023009712,2033,0.000000000,0,12.500,38,10736,0,1,
112283574092070,112283570009505,112283572073716,112283574092070,679,6.790000000,sine_f1,state,0,0.022674219,2033,0.021475731,2034,-0.119904120,5,-0.003360000,1,-10.396000,92,0.023009712,2033,0.000000000,0,12.600,38,10746,0,1,
112283584158662,112283580011485,112283582075646,112283584158662,680,6.800000000,sine_f1,state,0,0.021631190,2034,0.016873789,2037,-0.167865767,7,0.047040000,-14,-0.113000,1,0.021475731,2034,0.000000000,0,12.500,38,10756,0,1,
112283594160192,112283590006364,112283592070344,112283594160192,681,6.810000000,sine_f1,state,0,0.020582823,2035,0.015339808,2038,-0.239808239,10,0.003360000,-1,0.339000,-3,0.019941750,2035,0.000000000,0,12.500,38,10766,0,1,
112283604159751,112283600006258,112283602068988,112283604159751,682,6.820000000,sine_f1,state,0,0.019529377,2035,0.013805827,2039,-0.287769887,12,0.030240000,-9,2.599000,-23,0.019941750,2035,0.000000000,0,12.500,38,10776,1,1,
112283614307607,112283610006279,112283612218628,112283614307607,683,6.830000000,sine_f1,state,0,0.018471113,2036,0.015339808,2038,-0.287769887,12,0.023520000,-7,3.277000,-29,0.018407769,2036,0.000000000,0,12.500,38,10787,1,1,
112283624339225,112283620081569,112283622199271,112283624339225,684,6.840000000,sine_f1,state,0,0.017408292,2037,0.015339808,2038,-0.263789063,11,0.016800000,-5,3.051000,-27,0.016873789,2037,0.000000000,0,12.500,38,10796,1,1,
112283634334961,112283630082894,112283632192220,112283634334961,685,6.850000000,sine_f1,state,0,0.016341175,2037,0.016873789,2037,-0.215827415,9,0.003360000,-1,2.599000,-23,0.016873789,2037,0.000000000,0,12.500,38,10807,0,1,
112283644335182,112283640088180,112283642196084,112283644335182,686,6.860000000,sine_f1,state,0,0.015270027,2038,0.016873789,2037,-0.143884944,6,0.000000000,0,1.469000,-13,0.015339808,2038,0.000000000,0,12.500,38,10816,0,1,
112283654193352,112283650087272,112283652125748,112283654193352,687,6.870000000,sine_f1,state,0,0.014195111,2039,0.018407769,2036,-0.071942472,3,-0.003360000,1,-0.226000,2,0.013805827,2039,0.000000000,0,12.500,38,10826,0,1,
112283664339253,112283660091518,112283662197417,112283664339253,688,6.880000000,sine_f1,state,0,0.013116692,2039,0.016873789,2037,-0.023980824,1,-0.016800000,5,-1.017000,9,0.013805827,2039,0.000000000,0,12.500,38,10837,0,1,
112283674348727,112283670084990,112283672203582,112283674348727,689,6.890000000,sine_f1,state,0,0.012035037,2040,0.016873789,2037,0.000000000,0,-0.023520000,7,-1.243000,11,0.012271846,2040,0.000000000,0,12.500,38,10847,0,1,
112283684341775,112283680084332,112283682200094,112283684341775,690,6.900000000,sine_f1,state,0,0.010950413,2041,0.016873789,2037,0.000000000,0,-0.023520000,7,-1.130000,10,0.010737866,2041,0.000000000,0,12.500,38,10856,0,1,
112283694333216,112283690092695,112283692197065,112283694333216,691,6.910000000,sine_f1,state,0,0.009863086,2042,0.018407769,2036,0.000000000,0,-0.033600000,10,-1.243000,11,0.009203885,2042,0.000000000,0,12.500,38,10866,0,1,
112283704335169,112283700082146,112283702200195,112283704335169,692,6.920000000,sine_f1,state,0,0.008773326,2042,0.016873789,2037,0.000000000,0,-0.040320000,12,-2.486000,22,0.009203885,2042,0.000000000,0,12.500,38,10877,0,1,
112283714345172,112283710081730,112283712214856,112283714345172,693,6.930000000,sine_f1,state,0,0.007681402,2043,0.016873789,2037,0.000000000,0,-0.040320000,12,-4.520000,40,0.007669904,2043,0.000000000,0,12.500,38,10887,0,1,
112283724352154,112283720100768,112283722125052,112283724352154,694,6.940000000,sine_f1,state,0,0.006587582,2044,0.015339808,2038,0.000000000,0,-0.043680000,13,-6.554000,58,0.006135923,2044,0.000000000,0,12.500,38,10896,0,1,
112283734340016,112283730085984,112283732130722,112283734340016,695,6.950000000,sine_f1,state,0,0.005492137,2044,0.013805827,2039,0.000000000,0,-0.040320000,12,-10.848000,96,0.006135923,2044,0.000000000,0,12.500,38,10906,0,1,
112283744337661,112283740091071,112283742211607,112283744337661,696,6.960000000,sine_f1,state,0,0.004395336,2045,0.007669904,2043,-0.047961648,2,-0.023520000,7,-11.413000,101,0.004601942,2045,0.000000000,0,12.500,38,10917,0,1,
112283754196550,112283750102377,112283752118051,112283754196550,697,6.970000000,sine_f1,state,0,0.003297452,2046,0.003067962,2046,-0.095923296,4,-0.003360000,1,-11.074000,98,0.003067962,2046,0.000000000,0,12.500,38,10926,0,1,
112283764332074,112283760086250,112283762190040,112283764332074,698,6.980000000,sine_f1,state,0,0.002198753,2047,-0.001533981,2049,-0.143884944,6,-0.030240000,9,-5.311000,47,0.001533981,2047,0.000000000,0,12.500,38,10936,0,1,
112283774237276,112283770084150,112283772197447,112283774237276,699,6.990000000,sine_f1,hardware_error,0,0.001099512,2047,,,,,,,,,,,,,,,,,,0
112283784337247,112283780083847,112283782201265,112283784337247,700,7.000000000,sine_f1,state,0,0.000000000,2048,-0.006135923,2052,-0.287769887,12,0.033600000,-10,1.130000,-10,0.000000000,2048,0.000000000,0,12.500,38,10957,1,1,
112283794226653,112283790094070,112283792197057,112283794226653,701,7.010000000,sine_f1,state,0,-0.001099512,2049,-0.006135923,2052,-0.287769887,12,0.030240000,-9,3.277000,-29,-0.001533981,2049,0.000000000,0,12.500,38,10966,1,1,
112283804158791,112283800086692,112283802202777,112283804158791,702,7.020000000,sine_f1,state,0,-0.002198753,2049,-0.004601942,2051,-0.287769887,12,0.020160000,-6,3.277000,-29,-0.001533981,2049,0.000000000,0,12.500,38,10976,1,1,
112283814332942,112283810085906,112283812195138,112283814332942,703,7.030000000,sine_f1,state,0,-0.003297452,2050,-0.004601942,2051,-0.239808239,10,0.020160000,-6,3.051000,-27,-0.003067962,2050,0.000000000,0,12.500,38,10986,0,1,
112283824335867,112283820089884,112283822068801,112283824335867,704,7.040000000,sine_f1,state,0,-0.004395336,2051,-0.003067962,2050,-0.191846591,8,0.003360000,-1,2.147000,-19,-0.004601942,2051,0.000000000,0,12.500,38,10996,0,1,
112283834327416,112283830086290,112283832087712,112283834327416,705,7.050000000,sine_f1,state,0,-0.005492137,2052,-0.003067962,2050,-0.095923296,4,-0.013440000,4,-0.113000,1,-0.006135923,2052,0.000000000,0,12.500,38,11006,0,1,
112283844205383,112283840090688,112283842229603,112283844205383,706,7.060000000,sine_f1,state,0,-0.006587582,2052,-0.003067962,2050,-0.047961648,2,-0.023520000,7,-1.130000,10,-0.006135923,2052,0.000000000,0,12.500,38,11017,0,1,
112283854153560,112283850009874,112283852071028,112283854153560,707,7.070000000,sine_f1,state,0,-0.007681402,2053,-0.003067962,2050,0.000000000,0,-0.013440000,4,-1.017000,9,-0.007669904,2053,0.000000000,0,12.500,38,11026,0,1,
112283864101363,112283860007875,112283862080911,112283864101363,708,7.080000000,sine_f1,state,0,-0.008773326,2054,-0.003067962,2050,0.000000000,0,-0.026880000,8,-1.130000,10,-0.009203885,2054,0.000000000,0,12.500,38,11036,0,1,
112283874147308,112283870008106,112283872074114,112283874147308,709,7.090000000,sine_f1,state,0,-0.009863086,2054,-0.003067962,2050,0.023980824,-1,-0.030240000,9,-1.356000,12,-0.009203885,2054,0.000000000,0,12.500,38,11046,0,1,
112283884149062,112283880012258,112283882086765,112283884149062,710,7.100000000,sine_f1,state,0,-0.010950413,2055,-0.003067962,2050,0.023980824,-1,-0.030240000,9,-1.695000,15,-0.010737866,2055,0.000000000,0,12.500,38,11056,0,1,
112283894145181,112283890007401,112283892076835,112283894145181,711,7.110000000,sine_f1,state,0,-0.012035037,2056,-0.003067962,2050,0.000000000,0,-0.040320000,12,-2.825000,25,-0.012271846,2056,0.000000000,0,12.500,38,11066,0,1,
112283904332421,112283900007692,112283902208332,112283904332421,712,7.120000000,sine_f1,state,0,-0.013116692,2057,-0.004601942,2051,0.000000000,0,-0.033600000,10,-6.667000,59,-0.013805827,2057,0.000000000,0,12.500,38,11077,0,1,
112283914329140,112283910085072,112283912202971,112283914329140,713,7.130000000,sine_f1,state,0,-0.014195111,2057,-0.006135923,2052,0.000000000,0,-0.040320000,12,-10.509000,93,-0.013805827,2057,0.000000000,0,12.500,38,11087,0,1,
112283924330109,112283920039732,112283922196226,112283924330109,714,7.140000000,sine_f1,state,0,-0.015270027,2058,-0.009203885,2054,-0.023980824,1,-0.026880000,8,-11.300000,100,-0.015339808,2058,0.000000000,0,12.600,38,11096,0,1,
112283934329411,112283930090918,112283932200297,112283934329411,715,7.150000000,sine_f1,state,0,-0.016341175,2059,-0.015339808,2058,-0.071942472,3,-0.003360000,1,-11.639000,103,-0.016873789,2059,0.000000000,0,12.600,38,11106,0,1,
112283944333280,112283940097487,112283942087928,112283944333280,716,7.160000000,sine_f1,state,0,-0.017408292,2059,-0.019941750,2061,-0.143884944,6,-0.026880000,8,-4.746000,42,-0.016873789,2059,0.000000000,0,12.500,38,11116,0,1,
112283954226019,112283950083584,112283952156874,112283954226019,717,7.170000000,sine_f1,state,0,-0.018471113,2060,-0.024543693,2064,-0.191846591,8,0.033600000,-10,0.565000,-5,-0.018407769,2060,0.000000000,0,12.500,38,11126,0,1,
112283964193879,112283960084134,112283962053514,112283964193879,718,7.180000000,sine_f1,state,0,-0.019529377,2061,-0.026077673,2065,-0.263789063,11,0.050400000,-15,0.226000,-2,-0.019941750,2061,0.000000000,0,12.500,38,11136,1,1,
112283974327238,112283970092227,112283972127497,112283974327238,719,7.190000000,sine_f1,state,0,-0.020582823,2061,-0.026077673,2065,-0.287769887,12,0.026880000,-8,2.825000,-25,-0.019941750,2061,0.000000000,0,12.500,38,11146,1,1,
112283984344452,112283980086730,112283982158066,112283984344452,720,7.200000000,sine_f1,state,0,-0.021631190,2062,-0.024543693,2064,-0.287769887,12,0.033600000,-10,3.390000,-30,-0.021475731,2062,0.000000000,0,12.500,38,11156,1,1,
112283994298451,112283990086030,112283992162225,112283994298451,721,7.210000000,sine_f1,state,0,-0.022674219,2063,-0.024543693,2064,-0.263789063,11,0.013440000,-4,2.938000,-26,-0.023009712,2063,0.000000000,0,12.500,38,11166,1,1,
112284004292219,112284000085356,112284002161629,112284004292219,722,7.220000000,sine_f1,state,0,-0.023711654,2063,-0.023009712,2063,-0.191846591,8,0.003360000,-1,1.130000,-10,-0.023009712,2063,0.000000000,0,12.500,38,11176,0,1,
112284014291803,112284010084743,112284012159041,112284014291803,723,7.230000000,sine_f1,state,0,-0.024743239,2064,-0.023009712,2063,-0.119904120,5,0.000000000,0,0.226000,-2,-0.024543693,2064,0.000000000,0,12.500,38,11186,0,1,
112284024299565,112284020092645,112284022175065,112284024299565,724,7.240000000,sine_f1,state,0,-0.025768719,2065,-0.023009712,2063,-0.071942472,3,-0.003360000,1,-0.226000,2,-0.026077673,2065,0.000000000,0,12.500,38,11196,0,1,
112284034285757,112284030081893,112284032160486,112284034285757,725,7.250000000,sine_f1,state,0,-0.026787840,2065,-0.023009712,2063,-0.023980824,1,-0.013440000,4,-1.017000,9,-0.026077673,2065,0.000000000,0,12.500,38,11206,0,1,
112284044294165,112284040084142,112284042053566,112284044294165,726,7.260000000,sine_f1,state,0,-0.027800352,2066,-0.023009712,2063,0.000000000,0,-0.013440000,4,-0.904000,8,-0.027611654,2066,0.000000000,0,12.500,38,11216,0,1,
112284054290771,112284050092077,112284052066981,112284054290771,727,7.270000000,sine_f1,state,0,-0.028806005,2067,-0.023009712,2063,0.000000000,0,-0.023520000,7,-1.243000,11,-0.029145635,2067,0.000000000,0,12.500,38,11226,0,1,
112284064288387,112284060101413,112284062158882,112284064288387,728,7.280000000,sine_f1,state,0,-0.029804550,2067,-0.023009712,2063,0.000000000,0,-0.030240000,9,-1.356000,12,-0.029145635,2067,0.000000000,0,12.500,38,11236,0,1,
112284074291324,112284070083665,112284072057345,112284074291324,729,7.290000000,sine_f1,state,0,-0.030795742,2068,-0.023009712,2063,0.000000000,0,-0.033600000,10,-1.469000,13,-0.030679616,2068,0.000000000,0,12.500,38,11246,0,1,
112284084148284,112284080089043,112284082052085,112284084148284,730,7.300000000,sine_f1,state,0,-0.031779335,2069,-0.023009712,2063,0.000000000,0,-0.047040000,14,-1.695000,15,-0.032213597,2069,0.000000000,0,12.500,38,11256,0,1,
112284094287418,112284090085556,112284092082536,112284094287418,731,7.310000000,sine_f1,state,0,-0.032755087,2069,-0.023009712,2063,0.000000000,0,-0.050400000,15,-3.164000,28,-0.032213597,2069,0.000000000,0,12.500,38,11266,0,1,
112284104292120,112284100093421,112284102053479,112284104292120,732,7.320000000,sine_f1,state,0,-0.033722757,2070,-0.024543693,2064,0.000000000,0,-0.036960000,11,-5.650000,50,-0.033747577,2070,0.000000000,0,12.500,38,11276,0,1,
112284114287678,112284110089887,112284112052580,112284114287678,733,7.330000000,sine_f1,state,0,-0.034682107,2071,-0.026077673,2065,0.000000000,0,-0.040320000,12,-9.492000,84,-0.035281558,2071,0.000000000,0,12.400,38,11286,0,1,
112284124154481,112284120085953,112284122052542,112284124154481,734,7.340000000,sine_f1,state,0,-0.035632899,2071,-0.030679616,2068,-0.023980824,1,-0.033600000,10,-11.413000,101,-0.035281558,2071,0.000000000,0,12.600,38,11296,0,1,
112284134146014,112284130083756,112284132052246,112284134146014,735,7.350000000,sine_f1,state,0,-0.036574900,2072,-0.035281558,2071,-0.071942472,3,-0.003360000,1,-11.300000,100,-0.036815539,2072,0.000000000,0,12.600,38,11306,0,1,
112284144293865,112284140090529,112284141983347,112284144293865,736,7.360000000,sine_f1,state,0,-0.037507876,2072,-0.039883500,2074,-0.143884944,6,-0.016800000,5,-3.616000,32,-0.036815539,2072,0.000000000,0,12.500,38,11316,0,1,
112284154109477,112284150085585,112284152061048,112284154109477,737,7.370000000,sine_f1,state,0,-0.038431597,2073,-0.044485443,2077,-0.191846591,8,0.060480000,-18,0.000000,0,-0.038349520,2073,0.000000000,0,12.500,38,11326,0,1,
112284164090462,112284160045597,112284162046236,112284164090462,738,7.380000000,sine_f1,state,0,-0.039345836,2074,-0.046019424,2078,-0.263789063,11,0.047040000,-14,0.000000,0,-0.039883500,2074,0.000000000,0,12.500,38,11336,1,1,
112284174156785,112284170090372,112284172050012,112284174156785,739,7.390000000,sine_f1,state,0,-0.040250368,2074,-0.044485443,2077,-0.287769887,12,0.033600000,-10,3.051000,-27,-0.039883500,2074,0.000000000,0,12.500,38,11346,1,1,
112284184154205,112284180084664,112284182053627,112284184154205,740,7.400000000,sine_f1,state,0,-0.041144968,2075,-0.044485443,2077,-0.287769887,12,0.030240000,-9,3.277000,-29,-0.041417481,2075,0.000000000,0,12.500,38,11356,1,1,
112284194149741,112284190092290,112284192049757,112284194149741,741,7.410000000,sine_f1,state,0,-0.042029416,2075,-0.042951462,2076,-0.263789063,11,0.013440000,-4,2.938000,-26,-0.041417481,2075,0.000000000,0,12.500,38,11366,1,1,
112284204149690,112284200091355,112284202049972,112284204149690,742,7.420000000,sine_f1,state,0,-0.042903494,2076,-0.042951462,2076,-0.191846591,8,0.006720000,-2,3.164000,-28,-0.042951462,2076,0.000000000,0,12.500,38,11376,0,1,
112284214153259,112284210091404,112284212049412,112284214153259,743,7.430000000,sine_f1,state,0,-0.043766986,2077,-0.041417481,2075,-0.119904120,5,0.000000000,0,0.000000,0,-0.044485443,2077,0.000000000,0,12.500,38,11386,0,1,
112284224139277,112284220085935,112284222046769,112284224139277,744,7.440000000,sine_f1,state,0,-0.044619679,2077,-0.041417481,2075,-0.047961648,2,-0.013440000,4,-1.017000,9,-0.044485443,2077,0.000000000,0,12.500,38,11396,0,1,
112284234149763,112284230082639,112284232055597,112284234149763,745,7.450000000,sine_f1,state,0,-0.045461363,2078,-0.041417481,2075,0.000000000,0,-0.016800000,5,-0.904000,8,-0.046019424,2078,0.000000000,0,12.500,38,11406,0,1,
112284244290590,112284240085188,112284242045691,112284244290590,746,7.460000000,sine_f1,state,0,-0.046291831,2078,-0.041417481,2075,0.023980824,-1,-0.026880000,8,-1.017000,9,-0.046019424,2078,0.000000000,0,12.500,38,11416,0,1,
112284254301256,112284250086934,112284252075583,112284254301256,747,7.470000000,sine_f1,state,0,-0.047110876,2079,-0.041417481,2075,0.023980824,-1,-0.023520000,7,-1.017000,9,-0.047553404,2079,0.000000000,0,12.500,38,11426,0,1,
112284264154242,112284260021407,112284261984194,112284264154242,748,7.480000000,sine_f1,state,0,-0.047918297,2079,-0.041417481,2075,0.023980824,-1,-0.033600000,10,-1.243000,11,-0.047553404,2079,0.000000000,0,12.500,38,11436,0,1,
112284274164459,112284270083633,112284272051778,112284274164459,749,7.490000000,sine_f1,state,0,-0.048713896,2080,-0.041417481,2075,0.023980824,-1,-0.033600000,10,-1.243000,11,-0.049087385,2080,0.000000000,0,12.500,38,11446,0,1,
112284284310119,112284280084546,112284282079042,112284284310119,750,7.500000000,sine_f1,state,0,-0.049497475,2080,-0.041417481,2075,0.000000000,0,-0.040320000,12,-1.808000,16,-0.049087385,2080,0.000000000,0,12.500,38,11456,0,1,
112284294297930,112284290087315,112284292154314,112284294297930,751,7.510000000,sine_f1,state,0,-0.050268841,2081,-0.042951462,2076,0.000000000,0,-0.033600000,10,-2.034000,18,-0.050621366,2081,0.000000000,0,12.500,38,11466,0,1,
112284304291273,112284300085938,112284302155814,112284304291273,752,7.520000000,sine_f1,state,0,-0.051027804,2081,-0.042951462,2076,0.000000000,0,-0.040320000,12,-3.616000,32,-0.050621366,2081,0.000000000,0,12.500,38,11476,0,1,
112284314167847,112284310094094,112284312052360,112284314167847,753,7.530000000,sine_f1,state,0,-0.051774177,2082,-0.042951462,2076,0.000000000,0,-0.036960000,11,-6.554000,58,-0.052155347,2082,0.000000000,0,12.500,38,11486,0,1,
112284324289834,112284320086688,112284322171949,112284324289834,754,7.540000000,sine_f1,state,0,-0.052507775,2082,-0.046019424,2078,-0.023980824,1,-0.016800000,5,-10.057000,89,-0.052155347,2082,0.000000000,0,12.500,38,11496,0,1,
112284334276742,112284330085668,112284332156372,112284334276742,755,7.550000000,sine_f1,state,0,-0.053228418,2083,-0.050621366,2081,-0.047961648,2,-0.010080000,3,-10.961000,97,-0.053689328,2083,0.000000000,0,12.500,38,11506,0,1,
112284344171493,112284340082045,112284342158378,112284344171493,756,7.560000000,sine_f1,state,0,-0.053935927,2083,-0.055223308,2084,-0.095923296,4,-0.003360000,1,-10.396000,92,-0.053689328,2083,0.000000000,0,12.400,38,11516,0,1,
112284354289566,112284350082927,112284352055264,112284354289566,757,7.570000000,sine_f1,state,0,-0.054630129,2084,-0.059825251,2087,-0.143884944,6,0.104160000,-31,-0.226000,2,-0.055223308,2084,0.000000000,0,12.500,38,11526,0,1,
112284364294852,112284360084276,112284362059428,112284364294852,758,7.580000000,sine_f1,state,0,-0.055310851,2084,-0.061359232,2088,-0.215827415,9,0.013440000,-4,0.113000,-1,-0.055223308,2084,0.000000000,0,12.500,38,11536,0,1,
112284374309011,112284370085137,112284372171807,112284374309011,759,7.590000000,sine_f1,state,0,-0.055977926,2084,-0.061359232,2088,-0.239808239,10,0.030240000,-9,2.147000,-19,-0.055223308,2084,0.000000000,0,12.500,38,11546,0,1,
112284384159079,112284380029676,112284382054001,112284384159079,760,7.600000000,sine_f1,state,0,-0.056631190,2085,-0.061359232,2088,-0.263789063,11,0.033600000,-10,3.390000,-30,-0.056757289,2085,0.000000000,0,12.500,38,11556,1,1,
112284394155895,112284390084229,112284392037870,112284394155895,761,7.610000000,sine_f1,state,0,-0.057270480,2085,-0.061359232,2088,-0.239808239,10,0.030240000,-9,3.390000,-30,-0.056757289,2085,0.000000000,0,12.500,38,11566,0,1,
112284404131605,112284400090428,112284402030440,112284404131605,762,7.620000000,sine_f1,state,0,-0.057895640,2086,-0.059825251,2087,-0.191846591,8,0.023520000,-7,3.051000,-27,-0.058291270,2086,0.000000000,0,12.500,38,11576,0,1,
112284414140158,112284410088480,112284412040622,112284414140158,763,7.630000000,sine_f1,state,0,-0.058506515,2086,-0.059825251,2087,-0.143884944,6,0.003360000,-1,2.712000,-24,-0.058291270,2086,0.000000000,0,12.500,38,11586,0,1,
112284424137870,112284420084513,112284422033765,112284424137870,764,7.640000000,sine_f1,state,0,-0.059102955,2087,-0.058291270,2086,-0.071942472,3,0.000000000,0,1.243000,-11,-0.059825251,2087,0.000000000,0,12.500,38,11596,0,1,
112284434128617,112284430092295,112284432029022,112284434128617,765,7.650000000,sine_f1,state,0,-0.059684812,2087,-0.058291270,2086,0.000000000,0,-0.003360000,1,-0.113000,1,-0.059825251,2087,0.000000000,0,12.500,38,11606,0,1,
112284444116976,112284440081937,112284442033247,112284444116976,766,7.660000000,sine_f1,state,0,-0.060251942,2087,-0.058291270,2086,0.000000000,0,-0.006720000,2,-0.791000,7,-0.059825251,2087,0.000000000,0,12.500,38,11616,0,1,
112284454285994,112284450083911,112284452035544,112284454285994,767,7.670000000,sine_f1,state,0,-0.060804206,2088,-0.058291270,2086,0.023980824,-1,-0.010080000,3,-0.678000,6,-0.061359232,2088,0.000000000,0,12.500,38,11626,0,1,
112284464128768,112284460085674,112284462051333,112284464128768,768,7.680000000,sine_f1,state,0,-0.061341468,2088,-0.058291270,2086,0.023980824,-1,-0.016800000,5,-0.904000,8,-0.061359232,2088,0.000000000,0,12.500,38,11636,0,1,
112284474130267,112284470085270,112284472033252,112284474130267,769,7.690000000,sine_f1,state,0,-0.061863594,2088,-0.058291270,2086,0.023980824,-1,-0.016800000,5,-1.017000,9,-0.061359232,2088,0.000000000,0,12.500,38,11646,0,1,
112284484150294,112284480085700,112284482029601,112284484150294,770,7.700000000,sine_f1,state,0,-0.062370457,2089,-0.058291270,2086,0.023980824,-1,-0.013440000,4,-1.017000,9,-0.062893212,2089,0.000000000,0,12.500,38,11656,0,1,
112284494124515,112284490095190,112284492031198,112284494124515,771,7.710000000,sine_f1,state,0,-0.062861930,2089,-0.058291270,2086,0.000000000,0,-0.023520000,7,-1.130000,10,-0.062893212,2089,0.000000000,0,12.500,38,11666,0,1,
112284504123799,112284500091330,112284502028024,112284504123799,772,7.720000000,sine_f1,state,0,-0.063337894,2089,-0.058291270,2086,0.000000000,0,-0.023520000,7,-1.130000,10,-0.062893212,2089,0.000000000,0,12.500,38,11676,0,1,
112284514125708,112284510084187,112284512031622,112284514125708,773,7.730000000,sine_f1,state,0,-0.063798229,2090,-0.058291270,2086,0.000000000,0,-0.026880000,8,-1.130000,10,-0.064427193,2090,0.000000000,0,12.500,38,11686,0,1,
112284524121693,112284520099827,112284522033390,112284524121693,774,7.740000000,sine_f1,state,0,-0.064242824,2090,-0.058291270,2086,0.000000000,0,-0.030240000,9,-1.243000,11,-0.064427193,2090,0.000000000,0,12.500,38,11696,0,1,
112284534134638,112284530085651,112284532027783,112284534134638,775,7.750000000,sine_f1,state,0,-0.064671567,2090,-0.058291270,2086,0.000000000,0,-0.033600000,10,-1.130000,10,-0.064427193,2090,0.000000000,0,12.500,38,11706,0,1,
112284544124150,112284540085686,112284542032719,112284544124150,776,7.760000000,sine_f1,state,0,-0.065084354,2090,-0.058291270,2086,0.000000000,0,-0.030240000,9,-1.469000,13,-0.064427193,2090,0.000000000,0,12.500,38,11716,0,1,
112284554134705,112284550090146,112284552036041,112284554134705,777,7.770000000,sine_f1,state,0,-0.065481082,2091,-0.058291270,2086,0.000000000,0,-0.030240000,9,-1.695000,15,-0.065961174,2091,0.000000000,0,12.500,38,11726,0,1,
112284564123580,112284560084067,112284562034433,112284564123580,778,7.780000000,sine_f1,state,0,-0.065861654,2091,-0.058291270,2086,0.000000000,0,-0.043680000,13,-1.808000,16,-0.065961174,2091,0.000000000,0,12.500,38,11736,0,1,
112284574058799,112284570100121,112284571988416,112284574058799,779,7.790000000,sine_f1,state,0,-0.066225975,2091,-0.058291270,2086,0.000000000,0,-0.036960000,11,-3.164000,28,-0.065961174,2091,0.000000000,0,12.500,38,11746,0,1,
112284584078082,112284580089417,112284581956935,112284584078082,780,7.800000000,sine_f1,state,0,-0.066573956,2091,-0.059825251,2087,0.000000000,0,-0.026880000,8,-5.537000,49,-0.065961174,2091,0.000000000,0,12.500,38,11756,0,1,
112284594124566,112284590092797,112284591957845,112284594124566,781,7.810000000,sine_f1,state,0,-0.066905511,2092,-0.061359232,2088,0.000000000,0,-0.016800000,5,-8.927000,79,-0.067495155,2092,0.000000000,0,12.500,38,11766,0,1,
112284604126085,112284600086429,112284602026513,112284604126085,782,7.820000000,sine_f1,state,0,-0.067220558,2092,-0.064427193,2090,-0.023980824,1,-0.013440000,4,-10.848000,96,-0.067495155,2092,0.000000000,0,12.500,38,11776,0,1,
112284614123741,112284610084161,112284612031767,112284614123741,783,7.830000000,sine_f1,state,0,-0.067519019,2092,-0.070563116,2094,-0.071942472,3,-0.010080000,3,-8.136000,72,-0.067495155,2092,0.000000000,0,12.500,38,11786,0,1,
112284624125346,112284620085667,112284622043632,112284624125346,784,7.840000000,sine_f1,state,0,-0.067800821,2092,-0.072097097,2095,-0.119904120,5,0.013440000,-4,0.000000,0,-0.067495155,2092,0.000000000,0,12.500,38,11796,0,1,
112284634125569,112284630083868,112284632028992,112284634125569,785,7.850000000,sine_f1,state,0,-0.068065894,2092,-0.073631078,2096,-0.167865767,7,0.033600000,-10,0.791000,-7,-0.067495155,2092,0.000000000,0,12.500,38,11806,0,1,
112284644122366,112284640083928,112284642031908,112284644122366,786,7.860000000,sine_f1,state,0,-0.068314173,2093,-0.073631078,2096,-0.191846591,8,0.033600000,-10,3.051000,-27,-0.069029135,2093,0.000000000,0,12.500,38,11816,0,1,
112284654126090,112284650088585,112284652030385,112284654126090,787,7.870000000,sine_f1,state,0,-0.068545597,2093,-0.072097097,2095,-0.191846591,8,0.026880000,-8,3.277000,-29,-0.069029135,2093,0.000000000,0,12.500,38,11826,0,1,
112284664127210,112284660091874,112284662032117,112284664127210,788,7.880000000,sine_f1,state,0,-0.068760108,2093,-0.072097097,2095,-0.191846591,8,0.016800000,-5,2.938000,-26,-0.069029135,2093,0.000000000,0,12.500,38,11836,0,1,
112284674122678,112284670084215,112284672039833,112284674122678,789,7.890000000,sine_f1,state,0,-0.068957653,2093,-0.072097097,2095,-0.143884944,6,0.020160000,-6,2.938000,-26,-0.069029135,2093,0.000000000,0,12.500,38,11846,0,1,
112284684149301,112284680084561,112284682034916,112284684149301,790,7.900000000,sine_f1,state,0,-0.069138184,2093,-0.070563116,2094,-0.095923296,4,0.003360000,-1,2.938000,-26,-0.069029135,2093,0.000000000,0,12.500,38,11856,0,1,
112284694124478,112284690084441,112284692028531,112284694124478,791,7.910000000,sine_f1,state,0,-0.069301656,2093,-0.070563116,2094,-0.023980824,1,0.006720000,-2,2.938000,-26,-0.069029135,2093,0.000000000,0,12.500,38,11866,0,1,
112284704129534,112284700086454,112284702027895,112284704129534,792,7.920000000,sine_f1,state,0,-0.069448029,2093,-0.069029135,2093,0.000000000,0,0.000000000,0,1.356000,-12,-0.069029135,2093,0.000000000,0,12.500,38,11876,0,1,
112284714129436,112284710083895,112284712036050,112284714129436,793,7.930000000,sine_f1,state,0,-0.069577267,2093,-0.069029135,2093,0.023980824,-1,0.000000000,0,0.226000,-2,-0.069029135,2093,0.000000000,0,12.500,38,11886,0,1,
112284724133095,112284720086265,112284722030964,112284724133095,794,7.940000000,sine_f1,state,0,-0.069689338,2093,-0.069029135,2093,0.047961648,-2,0.000000000,0,0.113000,-1,-0.069029135,2093,0.000000000,0,12.500,38,11896,0,1,
112284734128002,112284730084449,112284732035152,112284734128002,795,7.950000000,sine_f1,state,0,-0.069784213,2093,-0.069029135,2093,0.047961648,-2,0.003360000,-1,0.226000,-2,-0.069029135,2093,0.000000000,0,12.500,38,11906,0,1,
112284744129203,112284740095888,112284742041845,112284744129203,796,7.960000000,sine_f1,state,0,-0.069861871,2094,-0.069029135,2093,0.023980824,-1,0.000000000,0,0.113000,-1,-0.070563116,2094,0.000000000,0,12.500,38,11916,0,1,
112284754131239,112284750101087,112284752037582,112284754131239,797,7.970000000,sine_f1,state,0,-0.069922291,2094,-0.069029135,2093,0.023980824,-1,-0.003360000,1,-0.678000,6,-0.070563116,2094,0.000000000,0,12.500,38,11926,0,1,
112284764288212,112284760089704,112284762032486,112284764288212,798,7.980000000,sine_f1,state,0,-0.069965459,2094,-0.069029135,2093,0.023980824,-1,-0.006720000,2,-0.678000,6,-0.070563116,2094,0.000000000,0,12.500,38,11936,0,1,
112284774042629,112284770089553,112284772044574,112284774042629,799,7.990000000,sine_f1,hardware_error,0,-0.069991364,2094,,,,,,,,,,,,,,,,,,0
112284784128708,112284780088910,112284782025933,112284784128708,800,8.000000000,sine_f1,state,0,-0.070000000,2094,-0.069029135,2093,0.000000000,0,-0.006720000,2,-0.678000,6,-0.070563116,2094,0.000000000,0,12.500,38,11956,0,1,
112284794147007,112284790084837,112284792014019,112284794147007,801,8.010000000,sine_f1,state,0,-0.069991364,2094,-0.069029135,2093,0.000000000,0,-0.006720000,2,-0.904000,8,-0.070563116,2094,0.000000000,0,12.500,38,11966,0,1,
112284804125550,112284800083962,112284802012816,112284804125550,802,8.020000000,sine_f1,state,0,-0.069965459,2094,-0.069029135,2093,0.000000000,0,-0.006720000,2,-0.791000,7,-0.070563116,2094,0.000000000,0,12.500,38,11976,0,1,
112284814123068,112284810098574,112284811996428,112284814123068,803,8.030000000,sine_f1,state,0,-0.069922291,2094,-0.069029135,2093,0.000000000,0,-0.006720000,2,-0.791000,7,-0.070563116,2094,0.000000000,0,12.500,38,11986,0,1,
112284824103654,112284820088641,112284822017499,112284824103654,804,8.040000000,sine_f1,state,0,-0.069861871,2094,-0.069029135,2093,0.000000000,0,-0.006720000,2,-0.791000,7,-0.070563116,2094,0.000000000,0,12.500,38,11996,0,1,
112284834102586,112284830096957,112284832010785,112284834102586,805,8.050000000,sine_f1,state,0,-0.069784213,2093,-0.069029135,2093,0.000000000,0,-0.003360000,1,-0.791000,7,-0.069029135,2093,0.000000000,0,12.500,38,12006,0,1,
112284844108254,112284840092061,112284842007635,112284844108254,806,8.060000000,sine_f1,state,0,-0.069689338,2093,-0.069029135,2093,0.000000000,0,0.000000000,0,0.113000,-1,-0.069029135,2093,0.000000000,0,12.500,38,12016,0,1,
112284854112499,112284850082611,112284852015194,112284854112499,807,8.070000000,sine_f1,state,0,-0.069577267,2093,-0.069029135,2093,0.000000000,0,0.000000000,0,0.113000,-1,-0.069029135,2093,0.000000000,0,12.500,38,12026,0,1,
112284864106082,112284860089466,112284862005542,112284864106082,808,8.080000000,sine_f1,state,0,-0.069448029,2093,-0.069029135,2093,0.000000000,0,0.000000000,0,0.113000,-1,-0.069029135,2093,0.000000000,0,12.500,38,12036,0,1,
112284874276904,112284870085483,112284872017690,112284874276904,809,8.090000000,sine_f1,state,0,-0.069301656,2093,-0.069029135,2093,0.000000000,0,0.000000000,0,0.113000,-1,-0.069029135,2093,0.000000000,0,12.500,38,12046,0,1,
112284884118652,112284880086523,112284882019377,112284884118652,810,8.100000000,sine_f1,state,0,-0.069138184,2093,-0.069029135,2093,0.000000000,0,0.000000000,0,0.113000,-1,-0.069029135,2093,0.000000000,0,12.500,38,12056,0,1,
112284894114009,112284890092545,112284892005819,112284894114009,811,8.110000000,sine_f1,state,0,-0.068957653,2093,-0.069029135,2093,0.000000000,0,0.000000000,0,0.000000,0,-0.069029135,2093,0.000000000,0,12.500,38,12066,0,1,
112284904120034,112284900091675,112284902011234,112284904120034,812,8.120000000,sine_f1,state,0,-0.068760108,2093,-0.069029135,2093,0.000000000,0,0.000000000,0,0.113000,-1,-0.069029135,2093,0.000000000,0,12.500,38,12076,0,1,
112284914134689,112284910084650,112284912128849,112284914134689,813,8.130000000,sine_f1,state,0,-0.068545597,2093,-0.069029135,2093,0.000000000,0,0.000000000,0,0.113000,-1,-0.069029135,2093,0.000000000,0,12.500,38,12086,0,1,
112284924106883,112284920010112,112284922050403,112284924106883,814,8.140000000,sine_f1,state,0,-0.068314173,2093,-0.069029135,2093,0.000000000,0,0.000000000,0,0.113000,-1,-0.069029135,2093,0.000000000,0,12.500,38,12096,0,1,
112284934088639,112284930009032,112284931990342,112284934088639,815,8.150000000,sine_f1,state,0,-0.068065894,2092,-0.069029135,2093,0.000000000,0,0.000000000,0,0.113000,-1,-0.067495155,2092,0.000000000,0,12.500,38,12106,0,1,
112284944084285,112284940007181,112284941990308,112284944084285,816,8.160000000,sine_f1,state,0,-0.067800821,2092,-0.069029135,2093,0.000000000,0,0.006720000,-2,2.260000,-20,-0.067495155,2092,0.000000000,0,12.500,38,12116,0,1,
112284954076981,112284950006486,112284951989456,112284954076981,817,8.170000000,sine_f1,state,0,-0.067519019,2092,-0.067495155,2092,0.000000000,0,0.003360000,-1,2.825000,-25,-0.067495155,2092,0.000000000,0,12.500,38,12126,0,1,
112284964076619,112284960006953,112284961989448,112284964076619,818,8.180000000,sine_f1,state,0,-0.067220558,2092,-0.067495155,2092,0.000000000,0,0.003360000,-1,1.921000,-17,-0.067495155,2092,0.000000000,0,12.500,38,12136,0,1,
112284974088426,112284970009248,112284971992182,112284974088426,819,8.190000000,sine_f1,state,0,-0.066905511,2092,-0.067495155,2092,0.000000000,0,0.000000000,0,0.791000,-7,-0.067495155,2092,0.000000000,0,12.500,38,12146,0,1,
112284984096648,112284980013159,112284981996676,112284984096648,820,8.200000000,sine_f1,state,0,-0.066573956,2091,-0.065961174,2091,0.000000000,0,0.000000000,0,0.113000,-1,-0.065961174,2091,0.000000000,0,12.500,38,12156,0,1,
112284994075514,112284990010415,112284991987138,112284994075514,821,8.210000000,sine_f1,state,0,-0.066225975,2091,-0.065961174,2091,0.000000000,0,0.006720000,-2,1.582000,-14,-0.065961174,2091,0.000000000,0,12.500,38,12166,0,1,
112285004099638,112285000006692,112285001985310,112285004099638,822,8.220000000,sine_f1,state,0,-0.065861654,2091,-0.067495155,2092,0.000000000,0,0.000000000,0,2.486000,-22,-0.065961174,2091,0.000000000,0,12.500,38,12176,0,1,
112285014080737,112285010013399,112285011991329,112285014080737,823,8.230000000,sine_f1,state,0,-0.065481082,2091,-0.065961174,2091,0.000000000,0,0.003360000,-1,1.695000,-15,-0.065961174,2091,0.000000000,0,12.500,38,12186,0,1,
112285024091951,112285020011000,112285021996082,112285024091951,824,8.240000000,sine_f1,state,0,-0.065084354,2090,-0.065961174,2091,0.023980824,-1,0.003360000,-1,0.565000,-5,-0.064427193,2090,0.000000000,0,12.500,38,12196,0,1,
112285034090292,112285030006953,112285031988562,112285034090292,825,8.250000000,sine_f1,state,0,-0.064671567,2090,-0.065961174,2091,0.023980824,-1,0.006720000,-2,2.712000,-24,-0.064427193,2090,0.000000000,0,12.500,38,12206,0,1,
112285044085255,112285040006508,112285041984633,112285044085255,826,8.260000000,sine_f1,state,0,-0.064242824,2090,-0.065961174,2091,0.023980824,-1,0.006720000,-2,3.051000,-27,-0.064427193,2090,0.000000000,0,12.500,38,12216,0,1,
112285054079330,112285050006352,112285051987642,112285054079330,827,8.270000000,sine_f1,state,0,-0.063798229,2090,-0.064427193,2090,0.023980824,-1,0.003360000,-1,1.808000,-16,-0.064427193,2090,0.000000000,0,12.500,38,12226,0,1,
112285064081375,112285060007390,112285061990841,112285064081375,828,8.280000000,sine_f1,state,0,-0.063337894,2089,-0.064427193,2090,0.023980824,-1,0.003360000,-1,0.565000,-5,-0.062893212,2089,0.000000000,0,12.500,38,12236,0,1,
112285074088281,112285070008349,112285071995675,112285074088281,829,8.290000000,sine_f1,state,0,-0.062861930,2089,-0.062893212,2089,0.023980824,-1,0.003360000,-1,1.921000,-17,-0.062893212,2089,0.000000000,0,12.400,38,12246,0,1,
112285084076456,112285080016959,112285081989321,112285084076456,830,8.300000000,sine_f1,state,0,-0.062370457,2089,-0.062893212,2089,0.023980824,-1,0.000000000,0,1.695000,-15,-0.062893212,2089,0.000000000,0,12.500,38,12256,0,1,
112285094082984,112285090006912,112285091991763,112285094082984,831,8.310000000,sine_f1,state,0,-0.061863594,2088,-0.062893212,2089,0.023980824,-1,0.000000000,0,1.582000,-14,-0.061359232,2088,0.000000000,0,12.500,38,12266,0,1,
112285104089862,112285100006065,112285101989998,112285104089862,832,8.320000000,sine_f1,state,0,-0.061341468,2088,-0.062893212,2089,0.023980824,-1,0.006720000,-2,3.164000,-28,-0.061359232,2088,0.000000000,0,12.500,38,12276,0,1,
112285114094242,112285110012651,112285111988596,112285114094242,833,8.330000000,sine_f1,state,0,-0.060804206,2088,-0.061359232,2088,0.023980824,-1,0.003360000,-1,2.599000,-23,-0.061359232,2088,0.000000000,0,12.500,38,12286,0,1,
112285124087429,112285120006505,112285121991508,112285124087429,834,8.340000000,sine_f1,state,0,-0.060251942,2087,-0.061359232,2088,0.023980824,-1,0.000000000,0,1.469000,-13,-0.059825251,2087,0.000000000,0,12.500,38,12296,0,1,
112285134080943,112285130006401,112285131984252,112285134080943,835,8.350000000,sine_f1,state,0,-0.059684812,2087,-0.061359232,2088,0.023980824,-1,0.006720000,-2,3.051000,-27,-0.059825251,2087,0.000000000,0,12.500,38,12306,0,1,
112285144087242,112285140006705,112285141986591,112285144087242,836,8.360000000,sine_f1,state,0,-0.059102955,2087,-0.061359232,2088,0.023980824,-1,0.010080000,-3,3.051000,-27,-0.059825251,2087,0.000000000,0,12.500,38,12316,0,1,
112285154092481,112285150006438,112285151990987,112285154092481,837,8.370000000,sine_f1,state,0,-0.058506515,2086,-0.059825251,2087,0.023980824,-1,0.003360000,-1,2.147000,-19,-0.058291270,2086,0.000000000,0,12.500,38,12326,0,1,
112285164006843,112285160006993,112285161932774,112285164006843,838,8.380000000,sine_f1,state,0,-0.057895640,2086,-0.058291270,2086,0.023980824,-1,0.006720000,-2,2.825000,-25,-0.058291270,2086,0.000000000,0,12.500,38,12336,0,1,
112285174040762,112285170006921,112285171941278,112285174040762,839,8.390000000,sine_f1,state,0,-0.057270480,2085,-0.058291270,2086,0.047961648,-2,0.000000000,0,1.582000,-14,-0.056757289,2085,0.000000000,0,12.500,38,12346,0,1,
112285184082833,112285180014823,112285181987601,112285184082833,840,8.400000000,sine_f1,state,0,-0.056631190,2085,-0.056757289,2085,0.047961648,-2,0.003360000,-1,2.938000,-26,-0.056757289,2085,0.000000000,0,12.500,38,12356,0,1,
112285194060632,112285190009219,112285191965432,112285194060632,841,8.410000000,sine_f1,state,0,-0.055977926,2084,-0.056757289,2085,0.047961648,-2,0.003360000,-1,2.147000,-19,-0.055223308,2084,0.000000000,0,12.500,38,12366,0,1,
112285204064961,112285200008189,112285201973340,112285204064961,842,8.420000000,sine_f1,state,0,-0.055310851,2084,-0.055223308,2084,0.047961648,-2,0.003360000,-1,2.938000,-26,-0.055223308,2084,0.000000000,0,12.500,38,12376,0,1,
112285214060749,112285209990900,112285211971088,112285214060749,843,8.430000000,sine_f1,state,0,-0.054630129,2084,-0.055223308,2084,0.071942472,-3,0.000000000,0,1.695000,-15,-0.055223308,2084,0.000000000,0,12.500,38,12386,0,1,
112285224085984,112285220007237,112285221964393,112285224085984,844,8.440000000,sine_f1,state,0,-0.053935927,2083,-0.053689328,2083,0.071942472,-3,0.003360000,-1,0.113000,-1,-0.053689328,2083,0.000000000,0,12.500,38,12396,0,1,
112285234070990,112285230006153,112285231969030,112285234070990,845,8.450000000,sine_f1,state,0,-0.053228418,2083,-0.053689328,2083,0.047961648,-2,0.006720000,-2,1.469000,-13,-0.053689328,2083,0.000000000,0,12.500,38,12406,0,1,
112285244067494,112285240006029,112285241975541,112285244067494,846,8.460000000,sine_f1,state,0,-0.052507775,2082,-0.055223308,2084,0.047961648,-2,0.003360000,-1,2.712000,-24,-0.052155347,2082,0.000000000,0,12.500,38,12416,0,1,
112285254068015,112285250006698,112285251966774,112285254068015,847,8.470000000,sine_f1,state,0,-0.051774177,2082,-0.053689328,2083,0.047961648,-2,0.010080000,-3,3.164000,-28,-0.052155347,2082,0.000000000,0,12.500,38,12426,0,1,
112285264067425,112285260007199,112285261969838,112285264067425,848,8.480000000,sine_f1,state,0,-0.051027804,2081,-0.053689328,2083,0.047961648,-2,0.010080000,-3,3.277000,-29,-0.050621366,2081,0.000000000,0,12.500,38,12436,0,1,
112285274064265,112285270006575,112285271971033,112285274064265,849,8.490000000,sine_f1,state,0,-0.050268841,2081,-0.052155347,2082,0.047961648,-2,0.010080000,-3,2.034000,-18,-0.050621366,2081,0.000000000,0,12.500,38,12446,0,1,
112285284059987,112285280016585,112285281965993,112285284059987,850,8.500000000,sine_f1,state,0,-0.049497475,2080,-0.050621366,2081,0.047961648,-2,0.003360000,-1,2.486000,-22,-0.049087385,2080,0.000000000,0,12.500,38,12456,0,1,
112285294060202,112285290007056,112285291957982,112285294060202,851,8.510000000,sine_f1,state,0,-0.048713896,2080,-0.050621366,2081,0.047961648,-2,0.006720000,-2,3.164000,-28,-0.049087385,2080,0.000000000,0,12.500,38,12466,0,1,
112285304064922,112285300006820,112285301963327,112285304064922,852,8.520000000,sine_f1,state,0,-0.047918297,2079,-0.049087385,2080,0.047961648,-2,0.003360000,-1,2.373000,-21,-0.047553404,2079,0.000000000,0,12.500,38,12476,0,1,
112285314068966,112285310019512,112285311969788,112285314068966,853,8.530000000,sine_f1,state,0,-0.047110876,2079,-0.049087385,2080,0.071942472,-3,0.006720000,-2,2.938000,-26,-0.047553404,2079,0.000000000,0,12.500,38,12486,0,1,
112285324267715,112285320009748,112285321968877,112285324267715,854,8.540000000,sine_f1,state,0,-0.046291831,2078,-0.046019424,2078,0.071942472,-3,0.003360000,-1,1.921000,-17,-0.046019424,2078,0.000000000,0,12.500,38,12496,0,1,
112285334251611,112285330084268,112285332110195,112285334251611,855,8.550000000,sine_f1,state,0,-0.045461363,2078,-0.046019424,2078,0.071942472,-3,0.003360000,-1,2.938000,-26,-0.046019424,2078,0.000000000,0,12.500,38,12506,0,1,
112285344250544,112285340083991,112285342116590,112285344250544,856,8.560000000,sine_f1,state,0,-0.044619679,2077,-0.046019424,2078,0.071942472,-3,0.000000000,0,1.582000,-14,-0.044485443,2077,0.000000000,0,12.500,38,12516,0,1,
112285354094746,112285350084238,112285352114801,112285354094746,857,8.570000000,sine_f1,state,0,-0.043766986,2077,-0.044485443,2077,0.071942472,-3,0.000000000,0,2.712000,-24,-0.044485443,2077,0.000000000,0,12.500,38,12526,0,1,
112285364257572,112285360086774,112285362125731,112285364257572,858,8.580000000,sine_f1,state,0,-0.042903494,2076,-0.044485443,2077,0.071942472,-3,0.000000000,0,1.469000,-13,-0.042951462,2076,0.000000000,0,12.500,38,12536,0,1,
112285374251582,112285370089871,112285372105144,112285374251582,859,8.590000000,sine_f1,state,0,-0.042029416,2075,-0.042951462,2076,0.071942472,-3,0.003360000,-1,2.486000,-22,-0.041417481,2075,0.000000000,0,12.500,38,12546,0,1,
112285384094832,112285380091982,112285381992288,112285384094832,860,8.600000000,sine_f1,state,0,-0.041144968,2075,-0.042951462,2076,0.071942472,-3,0.006720000,-2,3.051000,-27,-0.041417481,2075,0.000000000,0,12.500,38,12556,0,1,
112285394099967,112285390087207,112285392111774,112285394099967,861,8.610000000,sine_f1,state,0,-0.040250368,2074,-0.041417481,2075,0.071942472,-3,0.003360000,-1,2.260000,-20,-0.039883500,2074,0.000000000,0,12.500,38,12566,0,1,
112285404257314,112285400092472,112285401981400,112285404257314,862,8.620000000,sine_f1,state,0,-0.039345836,2074,-0.039883500,2074,0.071942472,-3,0.006720000,-2,2.938000,-26,-0.039883500,2074,0.000000000,0,12.500,38,12576,0,1,
112285414254199,112285410083574,112285411983834,112285414254199,863,8.630000000,sine_f1,state,0,-0.038431597,2073,-0.039883500,2074,0.071942472,-3,0.000000000,0,1.695000,-15,-0.038349520,2073,0.000000000,0,12.500,38,12586,0,1,
112285424253222,112285420088281,112285422116007,112285424253222,864,8.640000000,sine_f1,state,0,-0.037507876,2072,-0.038349520,2073,0.071942472,-3,0.010080000,-3,3.277000,-29,-0.036815539,2072,0.000000000,0,12.500,38,12596,0,1,
112285434098725,112285430090467,112285431982591,112285434098725,865,8.650000000,sine_f1,state,0,-0.036574900,2072,-0.038349520,2073,0.071942472,-3,0.010080000,-3,3.164000,-28,-0.036815539,2072,0.000000000,0,12.500,38,12606,0,1,
112285444089641,112285440088920,112285441979257,112285444089641,866,8.660000000,sine_f1,state,0,-0.035632899,2071,-0.036815539,2072,0.071942472,-3,0.006720000,-2,1.921000,-17,-0.035281558,2071,0.000000000,0,12.500,38,12616,0,1,
112285454243126,112285450091113,112285452105559,112285454243126,867,8.670000000,sine_f1,state,0,-0.034682107,2071,-0.035281558,2071,0.071942472,-3,0.003360000,-1,2.825000,-25,-0.035281558,2071,0.000000000,0,12.500,38,12626,0,1,
112285464011197,112285460029373,112285461916842,112285464011197,868,8.680000000,sine_f1,state,0,-0.033722757,2070,-0.035281558,2071,0.071942472,-3,0.003360000,-1,2.034000,-18,-0.033747577,2070,0.000000000,0,12.500,38,12636,0,1,
112285473998951,112285470009589,112285471904179,112285473998951,869,8.690000000,sine_f1,state,0,-0.032755087,2069,-0.033747577,2070,0.071942472,-3,0.006720000,-2,2.825000,-25,-0.032213597,2069,0.000000000,0,12.500,38,12646,0,1,
112285483993085,112285480009814,112285481902499,112285483993085,870,8.700000000,sine_f1,state,0,-0.031779335,2069,-0.033747577,2070,0.071942472,-3,0.010080000,-3,3.051000,-27,-0.032213597,2069,0.000000000,0,12.500,38,12656,0,1,
112285493991568,112285490007999,112285491901340,112285493991568,871,8.710000000,sine_f1,state,0,-0.030795742,2068,-0.032213597,2069,0.071942472,-3,0.003360000,-1,1.808000,-16,-0.030679616,2068,0.000000000,0,12.400,38,12666,0,1,
112285503985460,112285500010616,112285501923163,112285503985460,872,8.720000000,sine_f1,state,0,-0.029804550,2067,-0.030679616,2068,0.071942472,-3,0.003360000,-1,2.599000,-23,-0.029145635,2067,0.000000000,0,12.500,38,12676,0,1,
112285513989351,112285510006695,112285511898305,112285513989351,873,8.730000000,sine_f1,state,0,-0.028806005,2067,-0.030679616,2068,0.095923296,-4,0.010080000,-3,2.938000,-26,-0.029145635,2067,0.000000000,0,12.500,38,12686,0,1,
112285524017331,112285520011946,112285521904420,112285524017331,874,8.740000000,sine_f1,state,0,-0.027800352,2066,-0.029145635,2067,0.095923296,-4,0.000000000,0,1.695000,-15,-0.027611654,2066,0.000000000,0,12.500,38,12696,0,1,
112285534021581,112285530030605,112285531913769,112285534021581,875,8.750000000,sine_f1,state,0,-0.026787840,2065,-0.029145635,2067,0.095923296,-4,0.006720000,-2,3.051000,-27,-0.026077673,2065,0.000000000,0,12.500,38,12706,0,1,
112285544025320,112285540083391,112285541915975,112285544025320,876,8.760000000,sine_f1,state,0,-0.025768719,2065,-0.029145635,2067,0.071942472,-3,0.010080000,-3,2.825000,-25,-0.026077673,2065,0.000000000,0,12.500,38,12716,0,1,
112285554030891,112285550082823,112285551930956,112285554030891,877,8.770000000,sine_f1,state,0,-0.024743239,2064,-0.026077673,2065,0.071942472,-3,0.006720000,-2,3.051000,-27,-0.024543693,2064,0.000000000,0,12.500,38,12726,0,1,
112285564023581,112285560032478,112285561919021,112285564023581,878,8.780000000,sine_f1,state,0,-0.023711654,2063,-0.026077673,2065,0.071942472,-3,0.010080000,-3,2.938000,-26,-0.023009712,2063,0.000000000,0,12.500,38,12736,0,1,
112285574035473,112285570083337,112285571916304,112285574035473,879,8.790000000,sine_f1,state,0,-0.022674219,2063,-0.024543693,2064,0.071942472,-3,0.013440000,-4,2.825000,-25,-0.023009712,2063,0.000000000,0,12.500,38,12746,0,1,
112285584018236,112285580079830,112285581914384,112285584018236,880,8.800000000,sine_f1,state,0,-0.021631190,2062,-0.024543693,2064,0.071942472,-3,0.010080000,-3,2.938000,-26,-0.021475731,2062,0.000000000,0,12.500,38,12756,0,1,
112285594030573,112285590093337,112285591923741,112285594030573,881,8.810000000,sine_f1,state,0,-0.020582823,2061,-0.023009712,2063,0.071942472,-3,0.006720000,-2,2.938000,-26,-0.019941750,2061,0.000000000,0,12.500,38,12766,0,1,
112285604007274,112285600093433,112285601913091,112285604007274,882,8.820000000,sine_f1,state,0,-0.019529377,2061,-0.021475731,2062,0.071942472,-3,0.010080000,-3,3.051000,-27,-0.019941750,2061,0.000000000,0,12.500,38,12776,0,1,
112285614023778,112285610084126,112285611912933,112285614023778,883,8.830000000,sine_f1,state,0,-0.018471113,2060,-0.021475731,2062,0.071942472,-3,0.006720000,-2,3.164000,-28,-0.018407769,2060,0.000000000,0,12.500,38,12786,0,1,
112285624036198,112285620082709,112285621913928,112285624036198,884,8.840000000,sine_f1,state,0,-0.017408292,2059,-0.019941750,2061,0.095923296,-4,0.010080000,-3,3.051000,-27,-0.016873789,2059,0.000000000,0,12.500,38,12796,0,1,
112285634006164,112285630029517,112285631913373,112285634006164,885,8.850000000,sine_f1,state,0,-0.016341175,2059,-0.018407769,2060,0.095923296,-4,0.006720000,-2,3.051000,-27,-0.016873789,2059,0.000000000,0,12.500,38,12806,0,1,
112285643997165,112285640097050,112285641911701,112285643997165,886,8.860000000,sine_f1,state,0,-0.015270027,2058,-0.016873789,2059,0.095923296,-4,0.010080000,-3,2.373000,-21,-0.015339808,2058,0.000000000,0,12.500,38,12816,0,1,
112285653997922,112285650090285,112285651916216,112285653997922,887,8.870000000,sine_f1,state,0,-0.014195111,2057,-0.016873789,2059,0.095923296,-4,0.003360000,-1,3.164000,-28,-0.013805827,2057,0.000000000,0,12.500,38,12826,0,1,
112285663993581,112285660032844,112285661892871,112285663993581,888,8.880000000,sine_f1,state,0,-0.013116692,2057,-0.015339808,2058,0.095923296,-4,0.013440000,-4,2.712000,-24,-0.013805827,2057,0.000000000,0,12.500,38,12836,0,1,
112285673997608,112285670082995,112285671898698,112285673997608,889,8.890000000,sine_f1,state,0,-0.012035037,2056,-0.015339808,2058,0.095923296,-4,0.006720000,-2,2.373000,-21,-0.012271846,2056,0.000000000,0,12.500,38,12846,0,1,
112285683992518,112285680090982,112285681896224,112285683992518,890,8.900000000,sine_f1,state,0,-0.010950413,2055,-0.013805827,2057,0.095923296,-4,0.010080000,-3,3.051000,-27,-0.010737866,2055,0.000000000,0,12.500,38,12856,0,1,
112285693993415,112285690082909,112285691893866,112285693993415,891,8.910000000,sine_f1,state,0,-0.009863086,2054,-0.012271846,2056,0.095923296,-4,0.013440000,-4,2.825000,-25,-0.009203885,2054,0.000000000,0,12.500,38,12866,0,1,
112285704012511,112285700088091,112285701896045,112285704012511,892,8.920000000,sine_f1,state,0,-0.008773326,2054,-0.012271846,2056,0.095923296,-4,0.016800000,-5,2.825000,-25,-0.009203885,2054,0.000000000,0,12.500,38,12876,0,1,
112285713995003,112285710093776,112285711906802,112285713995003,893,8.930000000,sine_f1,state,0,-0.007681402,2053,-0.010737866,2055,0.095923296,-4,0.003360000,-1,3.164000,-28,-0.007669904,2053,0.000000000,0,12.500,38,12886,0,1,
112285723991637,112285720084492,112285721894432,112285723991637,894,8.940000000,sine_f1,state,0,-0.006587582,2052,-0.009203885,2054,0.095923296,-4,0.010080000,-3,2.938000,-26,-0.006135923,2052,0.000000000,0,12.500,38,12896,0,1,
112285733994531,112285730085350,112285731897258,112285733994531,895,8.950000000,sine_f1,state,0,-0.005492137,2052,-0.007669904,2053,0.095923296,-4,0.020160000,-6,2.825000,-25,-0.006135923,2052,0.000000000,0,12.500,38,12906,0,1,
112285743994836,112285740083104,112285741897829,112285743994836,896,8.960000000,sine_f1,state,0,-0.004395336,2051,-0.007669904,2053,0.095923296,-4,0.006720000,-2,3.051000,-27,-0.004601942,2051,0.000000000,0,12.500,38,12916,0,1,
112285753993476,112285750089123,112285751889891,112285753993476,897,8.970000000,sine_f1,state,0,-0.003297452,2050,-0.006135923,2052,0.095923296,-4,0.010080000,-3,2.825000,-25,-0.003067962,2050,0.000000000,0,12.500,38,12926,0,1,
112285763993423,112285760099914,112285761893520,112285763993423,898,8.980000000,sine_f1,state,0,-0.002198753,2049,-0.006135923,2052,0.095923296,-4,0.023520000,-7,3.051000,-27,-0.001533981,2049,0.000000000,0,12.500,38,12936,0,1,
112285773898641,112285770095985,112285771898073,112285773898641,899,8.990000000,sine_f1,hardware_error,0,-0.001099512,2049,,,,,,,,,,,,,,,,,,0
112285784007898,112285780089816,112285781893957,112285784007898,900,9.000000000,sine_f1,state,0,-0.000000000,2048,-0.004601942,2051,0.095923296,-4,0.020160000,-6,3.051000,-27,0.000000000,2048,0.000000000,0,12.500,38,12956,0,1,
112285793995778,112285790080361,112285791894822,112285793995778,901,9.010000000,sine_f1,state,0,0.001099512,2047,-0.003067962,2050,0.071942472,-3,0.023520000,-7,3.051000,-27,0.001533981,2047,0.000000000,0,12.500,38,12966,0,1,
112285804006951,112285800095169,112285801895081,112285804006951,902,9.020000000,sine_f1,state,0,0.002198753,2047,-0.001533981,2049,0.071942472,-3,0.023520000,-7,3.164000,-28,0.001533981,2047,0.000000000,0,12.500,38,12976,0,1,
112285813998655,112285810087459,112285811908755,112285813998655,903,9.030000000,sine_f1,state,0,0.003297452,2046,-0.001533981,2049,0.071942472,-3,0.013440000,-4,3.164000,-28,0.003067962,2046,0.000000000,0,12.500,38,12986,0,1,
112285824089375,112285820082768,112285821898063,112285824089375,904,9.040000000,sine_f1,state,0,0.004395336,2045,0.000000000,2048,0.071942472,-3,0.020160000,-6,2.825000,-25,0.004601942,2045,0.000000000,0,12.500,38,12996,0,1,
112285834044783,112285830009039,112285831949620,112285834044783,905,9.050000000,sine_f1,state,0,0.005492137,2044,0.000000000,2048,0.095923296,-4,0.016800000,-5,3.051000,-27,0.006135923,2044,0.000000000,0,12.500,38,13006,0,1,
112285844058351,112285840009492,112285841961684,112285844058351,906,9.060000000,sine_f1,state,0,0.006587582,2044,0.003067962,2046,0.095923296,-4,0.023520000,-7,2.938000,-26,0.006135923,2044,0.000000000,0,12.500,38,13016,0,1,
112285854044293,112285850008510,112285851945913,112285854044293,907,9.070000000,sine_f1,state,0,0.007681402,2043,0.003067962,2046,0.095923296,-4,0.023520000,-7,2.599000,-23,0.007669904,2043,0.000000000,0,12.500,38,13026,0,1,
112285864045450,112285860006838,112285861950162,112285864045450,908,9.080000000,sine_f1,state,0,0.008773326,2042,0.004601942,2045,0.095923296,-4,0.020160000,-6,3.051000,-27,0.009203885,2042,0.000000000,0,12.500,38,13036,0,1,
112285874047330,112285870006710,112285871950143,112285874047330,909,9.090000000,sine_f1,state,0,0.009863086,2042,0.004601942,2045,0.095923296,-4,0.026880000,-8,2.938000,-26,0.009203885,2042,0.000000000,0,12.500,38,13046,0,1,
112285884046450,112285880006515,112285881938481,112285884046450,910,9.100000000,sine_f1,state,0,0.010950413,2041,0.006135923,2044,0.095923296,-4,0.020160000,-6,2.599000,-23,0.010737866,2041,0.000000000,0,12.500,38,13056,0,1,
112285894048863,112285890009505,112285891938256,112285894048863,911,9.110000000,sine_f1,state,0,0.012035037,2040,0.007669904,2043,0.095923296,-4,0.020160000,-6,2.938000,-26,0.012271846,2040,0.000000000,0,12.500,38,13066,0,1,
112285904035948,112285900008697,112285901947267,112285904035948,912,9.120000000,sine_f1,state,0,0.013116692,2039,0.009203885,2042,0.095923296,-4,0.023520000,-7,2.825000,-25,0.013805827,2039,0.000000000,0,12.500,38,13076,0,1,
112285914039958,112285910006658,112285911951554,112285914039958,913,9.130000000,sine_f1,state,0,0.014195111,2039,0.009203885,2042,0.095923296,-4,0.026880000,-8,2.825000,-25,0.013805827,2039,0.000000000,0,12.500,38,13086,0,1,
112285924057432,112285920006922,112285921953898,112285924057432,914,9.140000000,sine_f1,state,0,0.015270027,2038,0.010737866,2041,0.095923296,-4,0.016800000,-5,3.051000,-27,0.015339808,2038,0.000000000,0,12.500,38,13096,0,1,
112285934042354,112285930006762,112285931942205,112285934042354,915,9.150000000,sine_f1,state,0,0.016341175,2037,0.012271846,2040,0.095923296,-4,0.020160000,-6,2.938000,-26,0.016873789,2037,0.000000000,0,12.500,38,13106,0,1,
112285944044661,112285940006948,112285941949213,112285944044661,916,9.160000000,sine_f1,state,0,0.017408292,2037,0.013805827,2039,0.095923296,-4,0.023520000,-7,3.051000,-27,0.016873789,2037,0.000000000,0,12.500,38,13116,0,1,
112285954045595,112285950007309,112285951950492,112285954045595,917,9.170000000,sine_f1,state,0,0.018471113,2036,0.015339808,2038,0.095923296,-4,0.023520000,-7,3.164000,-28,0.018407769,2036,0.000000000,0,12.500,38,13126,0,1,
112285964048541,112285960006449,112285961940232,112285964048541,918,9.180000000,sine_f1,state,0,0.019529377,2035,0.015339808,2038,0.095923296,-4,0.016800000,-5,3.051000,-27,0.019941750,2035,0.000000000,0,12.500,38,13136,0,1,
112285974037378,112285970006417,112285971953287,112285974037378,919,9.190000000,sine_f1,state,0,0.020582823,2035,0.016873789,2037,0.095923296,-4,0.030240000,-9,3.164000,-28,0.019941750,2035,0.000000000,0,12.500,38,13146,0,1,
112285984046304,112285980006501,112285981948511,112285984046304,920,9.200000000,sine_f1,state,0,0.021631190,2034,0.016873789,2037,0.095923296,-4,0.013440000,-4,3.164000,-28,0.021475731,2034,0.000000000,0,12.500,38,13156,0,1,
112285994044092,112285990006851,112285991942647,112285994044092,921,9.210000000,sine_f1,state,0,0.022674219,2033,0.018407769,2036,0.095923296,-4,0.013440000,-4,3.051000,-27,0.023009712,2033,0.000000000,0,12.500,38,13166,0,1,
112286004035944,112286000006749,112286001945368,112286004035944,922,9.220000000,sine_f1,state,0,0.023711654,2033,0.019941750,2035,0.095923296,-4,0.026880000,-8,2.938000,-26,0.023009712,2033,0.000000000,0,12.500,38,13176,0,1,
112286014038637,112286010009371,112286011941093,112286014038637,923,9.230000000,sine_f1,state,0,0.024743239,2032,0.021475731,2034,0.095923296,-4,0.016800000,-5,3.051000,-27,0.024543693,2032,0.000000000,0,12.500,38,13186,0,1,
112286024031895,112286020006332,112286021948106,112286024031895,924,9.240000000,sine_f1,state,0,0.025768719,2031,0.021475731,2034,0.095923296,-4,0.020160000,-6,3.051000,-27,0.026077673,2031,0.000000000,0,12.500,38,13196,0,1,
112286034035236,112286030007090,112286031950599,112286034035236,925,9.250000000,sine_f1,state,0,0.026787840,2031,0.023009712,2033,0.095923296,-4,0.020160000,-6,3.051000,-27,0.026077673,2031,0.000000000,0,12.500,38,13206,0,1,
112286044034835,112286040006436,112286041950064,112286044034835,926,9.260000000,sine_f1,state,0,0.027800352,2030,0.024543693,2032,0.095923296,-4,0.023520000,-7,3.051000,-27,0.027611654,2030,0.000000000,0,12.500,38,13216,0,1,
112286054038058,112286050006807,112286051936332,112286054038058,927,9.270000000,sine_f1,state,0,0.028806005,2029,0.024543693,2032,0.095923296,-4,0.020160000,-6,2.825000,-25,0.029145635,2029,0.000000000,0,12.500,38,13226,0,1,
112286064024724,112286060006900,112286061924903,112286064024724,928,9.280000000,sine_f1,state,0,0.029804550,2029,0.026077673,2031,0.095923296,-4,0.013440000,-4,2.938000,-26,0.029145635,2029,0.000000000,0,12.500,38,13236,0,1,
112286074030186,112286070006527,112286071925632,112286074030186,929,9.290000000,sine_f1,state,0,0.030795742,2028,0.026077673,2031,0.095923296,-4,0.013440000,-4,2.938000,-26,0.030679616,2028,0.000000000,0,12.500,38,13246,0,1,
112286084018094,112286080006501,112286081925498,112286084018094,930,9.300000000,sine_f1,state,0,0.031779335,2027,0.027611654,2030,0.095923296,-4,0.020160000,-6,3.390000,-30,0.032213597,2027,0.000000000,0,12.500,38,13256,0,1,
112286094022328,112286090006777,112286091921088,112286094022328,931,9.310000000,sine_f1,state,0,0.032755087,2027,0.029145635,2029,0.095923296,-4,0.023520000,-7,2.825000,-25,0.032213597,2027,0.000000000,0,12.500,38,13266,0,1,
112286104013706,112286100006395,112286101924548,112286104013706,932,9.320000000,sine_f1,state,0,0.033722757,2026,0.030679616,2028,0.095923296,-4,0.023520000,-7,3.164000,-28,0.033747577,2026,0.000000000,0,12.500,38,13276,0,1,
112286114012998,112286110008434,112286111923871,112286114012998,933,9.330000000,sine_f1,state,0,0.034682107,2025,0.030679616,2028,0.095923296,-4,0.026880000,-8,3.164000,-28,0.035281558,2025,0.000000000,0,12.500,38,13286,0,1,
112286124013866,112286120008272,112286121924035,112286124013866,934,9.340000000,sine_f1,state,0,0.035632899,2025,0.032213597,2027,0.095923296,-4,0.023520000,-7,3.051000,-27,0.035281558,2025,0.000000000,0,12.500,38,13296,0,1,
112286134012171,112286130006214,112286131924696,112286134012171,935,9.350000000,sine_f1,state,0,0.036574900,2024,0.033747577,2026,0.095923296,-4,0.016800000,-5,3.164000,-28,0.036815539,2024,0.000000000,0,12.500,38,13306,0,1,
112286144021270,112286140007262,112286141922048,112286144021270,936,9.360000000,sine_f1,state,0,0.037507876,2024,0.033747577,2026,0.095923296,-4,0.016800000,-5,2.938000,-26,0.036815539,2024,0.000000000,0,12.500,38,13316,0,1,
112286154017583,112286150007111,112286151922809,112286154017583,937,9.370000000,sine_f1,state,0,0.038431597,2023,0.035281558,2025,0.095923296,-4,0.003360000,-1,3.277000,-29,0.038349520,2023,0.000000000,0,12.500,38,13326,0,1,
112286164027811,112286160006917,112286161918509,112286164027811,938,9.380000000,sine_f1,state,0,0.039345836,2022,0.036815539,2024,0.095923296,-4,0.013440000,-4,3.164000,-28,0.039883500,2022,0.000000000,0,12.500,38,13336,0,1,
112286174016921,112286170006449,112286171923444,112286174016921,939,9.390000000,sine_f1,state,0,0.040250368,2022,0.036815539,2024,0.095923296,-4,0.016800000,-5,3.277000,-29,0.039883500,2022,0.000000000,0,12.500,38,13346,0,1,
112286184019522,112286180006465,112286181923387,112286184019522,940,9.400000000,sine_f1,state,0,0.041144968,2021,0.038349520,2023,0.095923296,-4,0.013440000,-4,2.712000,-24,0.041417481,2021,0.000000000,0,12.500,38,13356,0,1,
112286193969738,112286190006364,112286191919770,112286193969738,941,9.410000000,sine_f1,state,0,0.042029416,2021,0.038349520,2023,0.095923296,-4,0.020160000,-6,2.712000,-24,0.041417481,2021,0.000000000,0,12.500,38,13366,0,1,
112286204011123,112286200009521,112286201925517,112286204011123,942,9.420000000,sine_f1,state,0,0.042903494,2020,0.039883500,2022,0.095923296,-4,0.013440000,-4,3.277000,-29,0.042951462,2020,0.000000000,0,12.500,38,13376,0,1,
112286214010185,112286210008437,112286211921896,112286214010185,943,9.430000000,sine_f1,state,0,0.043766986,2019,0.041417481,2021,0.095923296,-4,0.003360000,-1,2.486000,-22,0.044485443,2019,0.000000000,0,12.500,38,13386,0,1,
112286224012967,112286220005928,112286221932002,112286224012967,944,9.440000000,sine_f1,state,0,0.044619679,2019,0.042951462,2020,0.095923296,-4,0.013440000,-4,2.938000,-26,0.044485443,2019,0.000000000,0,12.500,38,13396,0,1,
112286234011744,112286230006715,112286231924435,112286234011744,945,9.450000000,sine_f1,state,0,0.045461363,2018,0.044485443,2019,0.095923296,-4,0.003360000,-1,2.712000,-24,0.046019424,2018,0.000000000,0,12.500,38,13406,0,1,
112286244016995,112286240006691,112286241921635,112286244016995,946,9.460000000,sine_f1,state,0,0.046291831,2018,0.044485443,2019,0.095923296,-4,0.013440000,-4,1.808000,-16,0.046019424,2018,0.000000000,0,12.500,38,13416,0,1,
112286254016605,112286250006657,112286251922985,112286254016605,947,9.470000000,sine_f1,state,0,0.047110876,2017,0.044485443,2019,0.095923296,-4,0.006720000,-2,3.051000,-27,0.047553404,2017,0.000000000,0,12.500,38,13426,0,1,
112286264013623,112286260006915,112286261920237,112286264013623,948,9.480000000,sine_f1,state,0,0.047918297,2017,0.046019424,2018,0.095923296,-4,0.006720000,-2,2.825000,-25,0.047553404,2017,0.000000000,0,12.500,38,13436,0,1,
112286274026022,112286270006743,112286271935281,112286274026022,949,9.490000000,sine_f1,state,0,0.048713896,2016,0.047553404,2017,0.095923296,-4,0.003360000,-1,1.582000,-14,0.049087385,2016,0.000000000,0,12.500,38,13446,0,1,
112286284026699,112286280006303,112286281935511,112286284026699,950,9.500000000,sine_f1,state,0,0.049497475,2016,0.047553404,2017,0.095923296,-4,0.006720000,-2,2.938000,-26,0.049087385,2016,0.000000000,0,12.500,38,13456,0,1,
112286294016902,112286290006121,112286291924120,112286294016902,951,9.510000000,sine_f1,state,0,0.050268841,2015,0.049087385,2016,0.095923296,-4,0.003360000,-1,2.599000,-23,0.050621366,2015,0.000000000,0,12.500,38,13466,0,1,
112286304019247,112286300006259,112286301929768,112286304019247,952,9.520000000,sine_f1,state,0,0.051027804,2015,0.050621366,2015,0.071942472,-3,0.003360000,-1,2.712000,-24,0.050621366,2015,0.000000000,0,12.500,38,13476,0,1,
112286314018998,112286310006590,112286311923287,112286314018998,953,9.530000000,sine_f1,state,0,0.051774177,2014,0.050621366,2015,0.071942472,-3,0.000000000,0,1.921000,-17,0.052155347,2014,0.000000000,0,12.500,38,13486,0,1,
112286324015948,112286320008075,112286321926448,112286324015948,954,9.540000000,sine_f1,state,0,0.052507775,2014,0.052155347,2014,0.071942472,-3,0.003360000,-1,3.051000,-27,0.052155347,2014,0.000000000,0,12.500,38,13496,0,1,
112286334018682,112286330005953,112286331920972,112286334018682,955,9.550000000,sine_f1,state,0,0.053228418,2013,0.053689328,2013,0.071942472,-3,0.000000000,0,1.808000,-16,0.053689328,2013,0.000000000,0,12.500,38,13506,0,1,
112286344019221,112286340006729,112286341925484,112286344019221,956,9.560000000,sine_f1,state,0,0.053935927,2013,0.053689328,2013,0.071942472,-3,0.003360000,-1,2.599000,-23,0.053689328,2013,0.000000000,0,12.500,38,13516,0,1,
112286354023040,112286350006545,112286351924849,112286354023040,957,9.570000000,sine_f1,state,0,0.054630129,2012,0.053689328,2013,0.071942472,-3,0.000000000,0,1.808000,-16,0.055223308,2012,0.000000000,0,12.500,38,13526,0,1,
112286364018404,112286360007213,112286361920816,112286364018404,958,9.580000000,sine_f1,state,0,0.055310851,2012,0.055223308,2012,0.071942472,-3,0.003360000,-1,2.825000,-25,0.055223308,2012,0.000000000,0,12.500,38,13536,0,1,
112286373998004,112286370006070,112286371931013,112286373998004,959,9.590000000,sine_f1,state,0,0.055977926,2012,0.055223308,2012,0.071942472,-3,0.000000000,0,1.695000,-15,0.055223308,2012,0.000000000,0,12.500,38,13546,0,1,
112286384026286,112286380009651,112286381924172,112286384026286,960,9.600000000,sine_f1,state,0,0.056631190,2011,0.055223308,2012,0.071942472,-3,0.003360000,-1,0.339000,-3,0.056757289,2011,0.000000000,0,12.500,38,13556,0,1,
112286394017284,112286390007613,112286391933347,112286394017284,961,9.610000000,sine_f1,state,0,0.057270480,2011,0.056757289,2011,0.071942472,-3,0.003360000,-1,1.921000,-17,0.056757289,2011,0.000000000,0,12.500,38,13566,0,1,
112286404026042,112286400006552,112286401920042,112286404026042,962,9.620000000,sine_f1,state,0,0.057895640,2010,0.056757289,2011,0.047961648,-2,0.003360000,-1,2.034000,-18,0.058291270,2010,0.000000000,0,12.500,38,13576,0,1,
112286414018394,112286410007206,112286411927870,112286414018394,963,9.630000000,sine_f1,state,0,0.058506515,2010,0.056757289,2011,0.047961648,-2,0.003360000,-1,3.051000,-27,0.058291270,2010,0.000000000,0,12.500,38,13586,0,1,
112286424015953,112286420007047,112286421922287,112286424015953,964,9.640000000,sine_f1,state,0,0.059102955,2009,0.058291270,2010,0.047961648,-2,0.003360000,-1,2.938000,-26,0.059825251,2009,0.000000000,0,12.500,38,13596,0,1,
112286434025180,112286430008664,112286431921911,112286434025180,965,9.650000000,sine_f1,state,0,0.059684812,2009,0.058291270,2010,0.047961648,-2,0.006720000,-2,2.938000,-26,0.059825251,2009,0.000000000,0,12.500,38,13606,0,1,
112286444024948,112286440006269,112286441924558,112286444024948,966,9.660000000,sine_f1,state,0,0.060251942,2009,0.059825251,2009,0.047961648,-2,0.000000000,0,1.130000,-10,0.059825251,2009,0.000000000,0,12.500,38,13616,0,1,
112286454013088,112286450007463,112286451931526,112286454013088,967,9.670000000,sine_f1,state,0,0.060804206,2008,0.059825251,2009,0.047961648,-2,0.000000000,0,0.000000,0,0.061359232,2008,0.000000000,0,12.500,38,13626,0,1,
112286464020080,112286460006630,112286461922418,112286464020080,968,9.680000000,sine_f1,state,0,0.061341468,2008,0.061359232,2008,0.047961648,-2,0.006720000,-2,2.260000,-20,0.061359232,2008,0.000000000,0,12.500,38,13636,0,1,
112286473987698,112286470006755,112286471931034,112286473987698,969,9.690000000,sine_f1,state,0,0.061863594,2008,0.061359232,2008,0.047961648,-2,0.003360000,-1,2.712000,-24,0.061359232,2008,0.000000000,0,12.500,38,13646,0,1,
112286483993096,112286480006237,112286481903130,112286483993096,970,9.700000000,sine_f1,state,0,0.062370457,2007,0.061359232,2008,0.047961648,-2,0.003360000,-1,2.486000,-22,0.062893212,2007,0.000000000,0,12.500,38,13656,0,1,
112286493988166,112286490006361,112286491909984,112286493988166,971,9.710000000,sine_f1,state,0,0.062861930,2007,0.061359232,2008,0.047961648,-2,0.010080000,-3,3.277000,-29,0.062893212,2007,0.000000000,0,12.500,38,13666,0,1,
112286503986390,112286500006473,112286501905119,112286503986390,972,9.720000000,sine_f1,state,0,0.063337894,2007,0.062893212,2007,0.047961648,-2,0.003360000,-1,2.034000,-18,0.062893212,2007,0.000000000,0,12.500,38,13676,0,1,
112286513984921,112286510006460,112286511905218,112286513984921,973,9.730000000,sine_f1,state,0,0.063798229,2006,0.062893212,2007,0.047961648,-2,0.000000000,0,1.356000,-12,0.064427193,2006,0.000000000,0,12.500,38,13686,0,1,
112286523993247,112286520006252,112286521905093,112286523993247,974,9.740000000,sine_f1,state,0,0.064242824,2006,0.064427193,2006,0.047961648,-2,0.000000000,0,1.808000,-16,0.064427193,2006,0.000000000,0,12.500,38,13696,0,1,
112286533986200,112286530006890,112286531906955,112286533986200,975,9.750000000,sine_f1,state,0,0.064671567,2006,0.064427193,2006,0.047961648,-2,0.000000000,0,1.469000,-13,0.064427193,2006,0.000000000,0,12.500,38,13706,0,1,
112286543991724,112286540008146,112286541904478,112286543991724,976,9.760000000,sine_f1,state,0,0.065084354,2006,0.064427193,2006,0.047961648,-2,0.000000000,0,0.565000,-5,0.064427193,2006,0.000000000,0,12.500,38,13716,0,1,
112286553990379,112286550006577,112286551904253,112286553990379,977,9.770000000,sine_f1,state,0,0.065481082,2005,0.064427193,2006,0.047961648,-2,0.000000000,0,0.452000,-4,0.065961174,2005,0.000000000,0,12.500,38,13726,0,1,
112286563990028,112286560007577,112286561896492,112286563990028,978,9.780000000,sine_f1,state,0,0.065861654,2005,0.064427193,2006,0.047961648,-2,0.003360000,-1,2.486000,-22,0.065961174,2005,0.000000000,0,12.500,38,13736,0,1,
112286574019570,112286570006727,112286571906473,112286574019570,979,9.790000000,sine_f1,state,0,0.066225975,2005,0.065961174,2005,0.023980824,-1,0.006720000,-2,2.938000,-26,0.065961174,2005,0.000000000,0,12.500,38,13746,0,1,
112286583987586,112286580009318,112286581898341,112286583987586,980,9.800000000,sine_f1,state,0,0.066573956,2005,0.065961174,2005,0.023980824,-1,0.003360000,-1,2.034000,-18,0.065961174,2005,0.000000000,0,12.500,38,13756,0,1,
112286593990493,112286590006113,112286591904976,112286593990493,981,9.810000000,sine_f1,state,0,0.066905511,2004,0.065961174,2005,0.023980824,-1,0.000000000,0,0.791000,-7,0.067495155,2004,0.000000000,0,12.500,38,13766,0,1,
112286603993198,112286600006307,112286601905249,112286603993198,982,9.820000000,sine_f1,state,0,0.067220558,2004,0.067495155,2004,0.023980824,-1,0.000000000,0,2.147000,-19,0.067495155,2004,0.000000000,0,12.500,38,13776,0,1,
112286613989199,112286610006740,112286611909305,112286613989199,983,9.830000000,sine_f1,state,0,0.067519019,2004,0.067495155,2004,0.023980824,-1,0.000000000,0,1.130000,-10,0.067495155,2004,0.000000000,0,12.500,38,13786,0,1,
112286623982231,112286620007332,112286621901442,112286623982231,984,9.840000000,sine_f1,state,0,0.067800821,2004,0.067495155,2004,0.023980824,-1,0.000000000,0,0.339000,-3,0.067495155,2004,0.000000000,0,12.500,38,13796,0,1,
112286633994192,112286630009428,112286631905804,112286633994192,985,9.850000000,sine_f1,state,0,0.068065894,2004,0.067495155,2004,0.023980824,-1,0.000000000,0,0.000000,0,0.067495155,2004,0.000000000,0,12.500,38,13806,0,1,
112286644010223,112286640007013,112286641922846,112286644010223,986,9.860000000,sine_f1,state,0,0.068314173,2003,0.067495155,2004,0.023980824,-1,0.000000000,0,0.339000,-3,0.069029135,2003,0.000000000,0,12.500,38,13816,0,1,
112286653986336,112286650006585,112286651901520,112286653986336,987,9.870000000,sine_f1,state,0,0.068545597,2003,0.067495155,2004,0.023980824,-1,0.003360000,-1,2.034000,-18,0.069029135,2003,0.000000000,0,12.500,38,13826,0,1,
112286663984865,112286660006621,112286661897812,112286663984865,988,9.880000000,sine_f1,state,0,0.068760108,2003,0.067495155,2004,0.023980824,-1,0.003360000,-1,2.825000,-25,0.069029135,2003,0.000000000,0,12.500,38,13836,0,1,
112286673990530,112286670006919,112286671908564,112286673990530,989,9.890000000,sine_f1,state,0,0.068957653,2003,0.069029135,2003,0.023980824,-1,0.003360000,-1,2.712000,-24,0.069029135,2003,0.000000000,0,12.500,38,13846,0,1,
112286683990275,112286680009129,112286681898990,112286683990275,990,9.900000000,sine_f1,state,0,0.069138184,2003,0.069029135,2003,0.023980824,-1,0.000000000,0,1.469000,-13,0.069029135,2003,0.000000000,0,12.500,38,13856,0,1,
112286693984285,112286690006316,112286691904085,112286693984285,991,9.910000000,sine_f1,state,0,0.069301656,2003,0.069029135,2003,0.023980824,-1,0.000000000,0,0.339000,-3,0.069029135,2003,0.000000000,0,12.500,38,13866,0,1,
112286703990467,112286700006928,112286701902260,112286703990467,992,9.920000000,sine_f1,state,0,0.069448029,2003,0.069029135,2003,0.023980824,-1,0.000000000,0,0.226000,-2,0.069029135,2003,0.000000000,0,12.500,38,13876,0,1,
112286713993846,112286710006811,112286711904687,112286713993846,993,9.930000000,sine_f1,state,0,0.069577267,2003,0.069029135,2003,0.023980824,-1,0.000000000,0,0.113000,-1,0.069029135,2003,0.000000000,0,12.500,38,13886,0,1,
112286723986640,112286720007031,112286721908129,112286723986640,994,9.940000000,sine_f1,state,0,0.069689338,2003,0.069029135,2003,0.023980824,-1,0.000000000,0,0.113000,-1,0.069029135,2003,0.000000000,0,12.500,38,13896,0,1,
112286733987106,112286730007638,112286731904534,112286733987106,995,9.950000000,sine_f1,state,0,0.069784213,2003,0.069029135,2003,0.000000000,0,0.000000000,0,0.113000,-1,0.069029135,2003,0.000000000,0,12.500,38,13906,0,1,
112286743996030,112286740009067,112286741901466,112286743996030,996,9.960000000,sine_f1,state,0,0.069861871,2002,0.069029135,2003,0.000000000,0,0.000000000,0,0.452000,-4,0.070563116,2002,0.000000000,0,12.500,38,13916,0,1,
112286753986830,112286750006913,112286751901616,112286753986830,997,9.970000000,sine_f1,state,0,0.069922291,2002,0.069029135,2003,0.000000000,0,0.006720000,-2,2.486000,-22,0.070563116,2002,0.000000000,0,12.500,38,13926,0,1,
112286763984537,112286760007361,112286761901871,112286763984537,998,9.980000000,sine_f1,state,0,0.069965459,2002,0.070563116,2002,0.000000000,0,0.010080000,-3,2.938000,-26,0.070563116,2002,0.000000000,0,12.500,38,13936,0,1,
112286773925566,112286770006977,112286771899103,112286773925566,999,9.990000000,sine_f1,hardware_error,0,0.069991364,2002,,,,,,,,,,,,,,,,,,0
112286783984389,112286780006095,112286781904470,112286783984389,1000,10.000000000,sine_f1,state,0,0.070000000,2002,0.070563116,2002,0.000000000,0,0.000000000,0,0.226000,-2,0.070563116,2002,0.000000000,0,12.500,38,13956,0,1,
112286793988751,112286790006741,112286791903523,112286793988751,1001,10.010000000,sine_f1,state,0,0.069991364,2002,0.070563116,2002,0.000000000,0,0.000000000,0,0.113000,-1,0.070563116,2002,0.000000000,0,12.500,38,13966,0,1,
112286804011111,112286800007149,112286801907012,112286804011111,1002,10.020000000,sine_f1,state,0,0.069965459,2002,0.070563116,2002,0.000000000,0,0.000000000,0,0.113000,-1,0.070563116,2002,0.000000000,0,12.500,38,13976,0,1,
112286813992919,112286810006754,112286811905149,112286813992919,1003,10.030000000,sine_f1,state,0,0.069922291,2002,0.070563116,2002,0.000000000,0,0.000000000,0,0.000000,0,0.070563116,2002,0.000000000,0,12.500,38,13986,0,1,
112286823990756,112286820006684,112286821904384,112286823990756,1004,10.040000000,sine_f1,state,0,0.069861871,2002,0.070563116,2002,0.000000000,0,0.003360000,-1,0.113000,-1,0.070563116,2002,0.000000000,0,12.500,38,13996,0,1,
112286833984605,112286830006457,112286831895255,112286833984605,1005,10.050000000,sine_f1,state,0,0.069784213,2003,0.070563116,2002,0.000000000,0,0.000000000,0,0.000000,0,0.069029135,2003,0.000000000,0,12.500,38,14006,0,1,
112286843985446,112286840007011,112286841903249,112286843985446,1006,10.060000000,sine_f1,state,0,0.069689338,2003,0.070563116,2002,0.000000000,0,-0.003360000,1,-0.904000,8,0.069029135,2003,0.000000000,0,12.500,38,14016,0,1,
112286853978852,112286850012110,112286851900492,112286853978852,1007,10.070000000,sine_f1,state,0,0.069577267,2003,0.072097097,2001,0.000000000,0,-0.006720000,2,-0.791000,7,0.069029135,2003,0.000000000,0,12.500,38,14026,0,1,
112286863988160,112286860007082,112286861898301,112286863988160,1008,10.080000000,sine_f1,state,0,0.069448029,2003,0.070563116,2002,0.000000000,0,-0.003360000,1,-0.791000,7,0.069029135,2003,0.000000000,0,12.500,38,14036,0,1,
112286873993340,112286870006576,112286871898946,112286873993340,1009,10.090000000,sine_f1,state,0,0.069301656,2003,0.070563116,2002,0.000000000,0,-0.006720000,2,-0.678000,6,0.069029135,2003,0.000000000,0,12.500,38,14046,0,1,
112286883989895,112286880006415,112286881890538,112286883989895,1010,10.100000000,sine_f1,state,0,0.069138184,2003,0.070563116,2002,0.000000000,0,-0.010080000,3,-0.678000,6,0.069029135,2003,0.000000000,0,12.500,38,14056,0,1,
112286893970933,112286890006342,112286891886411,112286893970933,1011,10.110000000,sine_f1,state,0,0.068957653,2003,0.070563116,2002,0.000000000,0,-0.006720000,2,-0.791000,7,0.069029135,2003,0.000000000,0,12.500,38,14066,0,1,
112286903973685,112286900009178,112286901881589,112286903973685,1012,10.120000000,sine_f1,state,0,0.068760108,2003,0.070563116,2002,0.000000000,0,-0.010080000,3,-0.678000,6,0.069029135,2003,0.000000000,0,12.500,38,14076,0,1,
112286913965161,112286910007188,112286911880287,112286913965161,1013,10.130000000,sine_f1,state,0,0.068545597,2003,0.070563116,2002,0.000000000,0,-0.003360000,1,-0.791000,7,0.069029135,2003,0.000000000,0,12.500,38,14086,0,1,
112286923987082,112286920006706,112286921886961,112286923987082,1014,10.140000000,sine_f1,state,0,0.068314173,2003,0.070563116,2002,0.000000000,0,-0.006720000,2,-0.791000,7,0.069029135,2003,0.000000000,0,12.500,38,14096,0,1,
112286933972699,112286930012618,112286931885816,112286933972699,1015,10.150000000,sine_f1,state,0,0.068065894,2004,0.070563116,2002,0.000000000,0,-0.010080000,3,-0.904000,8,0.067495155,2004,0.000000000,0,12.500,38,14106,0,1,
112286943963652,112286940007767,112286941884631,112286943963652,1016,10.160000000,sine_f1,state,0,0.067800821,2004,0.070563116,2002,0.000000000,0,-0.013440000,4,-0.904000,8,0.067495155,2004,0.000000000,0,12.500,38,14116,0,1,
112286953969592,112286950010039,112286951876164,112286953969592,1017,10.170000000,sine_f1,state,0,0.067519019,2004,0.070563116,2002,0.000000000,0,-0.020160000,6,-0.791000,7,0.067495155,2004,0.000000000,0,12.500,38,14126,0,1,
112286963965830,112286960006735,112286961874493,112286963965830,1018,10.180000000,sine_f1,state,0,0.067220558,2004,0.070563116,2002,0.000000000,0,-0.013440000,4,-1.017000,9,0.067495155,2004,0.000000000,0,12.500,38,14136,0,1,
112286973959225,112286970006351,112286971885282,112286973959225,1019,10.190000000,sine_f1,state,0,0.066905511,2004,0.072097097,2001,0.000000000,0,-0.013440000,4,-1.017000,9,0.067495155,2004,0.000000000,0,12.500,38,14146,0,1,
112286983969418,112286980010485,112286981882157,112286983969418,1020,10.200000000,sine_f1,state,0,0.066573956,2005,0.070563116,2002,0.000000000,0,-0.026880000,8,-1.130000,10,0.065961174,2005,0.000000000,0,12.500,38,14156,0,1,
112286993973071,112286990007617,112286991881393,112286993973071,1021,10.210000000,sine_f1,state,0,0.066225975,2005,0.072097097,2001,0.000000000,0,-0.023520000,7,-1.130000,10,0.065961174,2005,0.000000000,0,12.500,38,14166,0,1,
112287003963236,112287000006756,112287001880274,112287003963236,1022,10.220000000,sine_f1,state,0,0.065861654,2005,0.070563116,2002,0.000000000,0,-0.026880000,8,-1.017000,9,0.065961174,2005,0.000000000,0,12.500,38,14176,0,1,
112287013972313,112287010007230,112287011883802,112287013972313,1023,10.230000000,sine_f1,state,0,0.065481082,2005,0.070563116,2002,0.000000000,0,-0.026880000,8,-1.130000,10,0.065961174,2005,0.000000000,0,12.500,38,14186,0,1,
112287023959668,112287020006888,112287021879096,112287023959668,1024,10.240000000,sine_f1,state,0,0.065084354,2006,0.070563116,2002,0.000000000,0,-0.026880000,8,-1.130000,10,0.064427193,2006,0.000000000,0,12.500,38,14196,0,1,
112287033962539,112287030007169,112287031882752,112287033962539,1025,10.250000000,sine_f1,state,0,0.064671567,2006,0.070563116,2002,0.000000000,0,-0.033600000,10,-1.243000,11,0.064427193,2006,0.000000000,0,12.500,38,14206,0,1,
112287043967763,112287040009354,112287041881068,112287043967763,1026,10.260000000,sine_f1,state,0,0.064242824,2006,0.070563116,2002,0.000000000,0,-0.033600000,10,-1.582000,14,0.064427193,2006,0.000000000,0,12.500,38,14216,0,1,
112287053959479,112287050007360,112287051879277,112287053959479,1027,10.270000000,sine_f1,state,0,0.063798229,2006,0.070563116,2002,0.000000000,0,-0.036960000,11,-1.921000,17,0.064427193,2006,0.000000000,0,12.500,38,14226,0,1,
112287063980430,112287060010390,112287061881933,112287063980430,1028,10.280000000,sine_f1,state,0,0.063337894,2007,0.070563116,2002,0.000000000,0,-0.040320000,12,-2.034000,18,0.062893212,2007,0.000000000,0,12.500,38,14236,0,1,
112287073964635,112287070006657,112287071889938,112287073964635,1029,10.290000000,sine_f1,state,0,0.062861930,2007,0.070563116,2002,0.000000000,0,-0.040320000,12,-3.842000,34,0.062893212,2007,0.000000000,0,12.500,38,14246,0,1,
112287083966097,112287080007386,112287081882474,112287083966097,1030,10.300000000,sine_f1,state,0,0.062370457,2007,0.069029135,2003,0.000000000,0,-0.030240000,9,-5.650000,50,0.062893212,2007,0.000000000,0,12.500,38,14256,0,1,
112287093968956,112287090006653,112287091877469,112287093968956,1031,10.310000000,sine_f1,state,0,0.061863594,2008,0.069029135,2003,0.000000000,0,-0.030240000,9,-9.266000,82,0.061359232,2008,0.000000000,0,12.500,38,14266,0,1,
112287103969620,112287100007028,112287101883112,112287103969620,1032,10.320000000,sine_f1,state,0,0.061341468,2008,0.064427193,2006,-0.023980824,1,-0.016800000,5,-11.074000,98,0.061359232,2008,0.000000000,0,12.400,38,14276,0,1,
112287113968697,112287110010149,112287111884921,112287113968697,1033,10.330000000,sine_f1,state,0,0.060804206,2008,0.059825251,2009,-0.047961648,2,-0.003360000,1,-10.509000,93,0.061359232,2008,0.000000000,0,12.600,38,14286,0,1,
112287123963906,112287120007091,112287121881209,112287123963906,1034,10.340000000,sine_f1,state,0,0.060251942,2009,0.056757289,2011,-0.119904120,5,0.020160000,-6,0.000000,0,0.059825251,2009,0.000000000,0,12.600,38,14296,0,1,
112287133967556,112287130006997,112287131878336,112287133967556,1035,10.350000000,sine_f1,state,0,0.059684812,2009,0.053689328,2013,-0.167865767,7,0.057120000,-17,0.000000,0,0.059825251,2009,0.000000000,0,12.600,38,14306,0,1,
112287143971666,112287140007929,112287141887047,112287143971666,1036,10.360000000,sine_f1,state,0,0.059102955,2009,0.053689328,2013,-0.215827415,9,0.026880000,-8,2.260000,-20,0.059825251,2009,0.000000000,0,12.600,38,14316,0,1,
112287153876083,112287149998164,112287151844438,112287153876083,1037,10.370000000,sine_f1,state,0,0.058506515,2010,0.053689328,2013,-0.215827415,9,0.033600000,-10,3.164000,-28,0.058291270,2010,0.000000000,0,12.600,38,14326,0,1,
112287163850136,112287160003567,112287161865322,112287163850136,1038,10.380000000,sine_f1,state,0,0.057895640,2010,0.055223308,2012,-0.215827415,9,0.023520000,-7,3.164000,-28,0.058291270,2010,0.000000000,0,12.500,38,14336,0,1,
112287173925221,112287170013014,112287171889012,112287173925221,1039,10.390000000,sine_f1,state,0,0.057270480,2011,0.056757289,2011,-0.167865767,7,0.016800000,-5,2.938000,-26,0.056757289,2011,0.000000000,0,12.500,38,14346,0,1,
112287183946721,112287180006282,112287181882174,112287183946721,1040,10.400000000,sine_f1,state,0,0.056631190,2011,0.056757289,2011,-0.119904120,5,0.000000000,0,1.582000,-14,0.056757289,2011,0.000000000,0,12.500,38,14356,0,1,
112287193950790,112287190006323,112287191878210,112287193950790,1041,10.410000000,sine_f1,state,0,0.055977926,2012,0.056757289,2011,-0.071942472,3,0.000000000,0,0.452000,-4,0.055223308,2012,0.000000000,0,12.500,38,14366,0,1,
112287203966158,112287200006196,112287201883002,112287203966158,1042,10.420000000,sine_f1,state,0,0.055310851,2012,0.056757289,2011,0.000000000,0,-0.003360000,1,-0.791000,7,0.055223308,2012,0.000000000,0,12.500,38,14376,0,1,
112287213964049,112287210007252,112287211879786,112287213964049,1043,10.430000000,sine_f1,state,0,0.054630129,2012,0.056757289,2011,0.000000000,0,-0.006720000,2,-0.791000,7,0.055223308,2012,0.000000000,0,12.500,38,14386,0,1,
112287223964737,112287220006903,112287221881851,112287223964737,1044,10.440000000,sine_f1,state,0,0.053935927,2013,0.056757289,2011,0.023980824,-1,-0.010080000,3,-1.017000,9,0.053689328,2013,0.000000000,0,12.500,38,14396,0,1,
112287233969594,112287230014708,112287231880414,112287233969594,1045,10.450000000,sine_f1,state,0,0.053228418,2013,0.056757289,2011,0.023980824,-1,-0.013440000,4,-1.017000,9,0.053689328,2013,0.000000000,0,12.500,38,14406,0,1,
112287243973796,112287240006977,112287241885826,112287243973796,1046,10.460000000,sine_f1,state,0,0.052507775,2014,0.056757289,2011,0.000000000,0,-0.016800000,5,-1.017000,9,0.052155347,2014,0.000000000,0,12.500,38,14416,0,1,
112287253973905,112287250006973,112287251876705,112287253973905,1047,10.470000000,sine_f1,state,0,0.051774177,2014,0.056757289,2011,0.000000000,0,-0.026880000,8,-0.904000,8,0.052155347,2014,0.000000000,0,12.500,38,14426,0,1,
112287263964686,112287260007323,112287261858786,112287263964686,1048,10.480000000,sine_f1,state,0,0.051027804,2015,0.056757289,2011,0.000000000,0,-0.026880000,8,-1.130000,10,0.050621366,2015,0.000000000,0,12.500,38,14436,0,1,
112287273946080,112287270006596,112287271877909,112287273946080,1049,10.490000000,sine_f1,state,0,0.050268841,2015,0.058291270,2010,0.000000000,0,-0.030240000,9,-1.243000,11,0.050621366,2015,0.000000000,0,12.500,38,14446,0,1,
112287283947056,112287280006200,112287281881802,112287283947056,1050,10.500000000,sine_f1,state,0,0.049497475,2016,0.056757289,2011,0.000000000,0,-0.033600000,10,-1.243000,11,0.049087385,2016,0.000000000,0,12.500,38,14456,0,1,
112287293940325,112287290006763,112287291860093,112287293940325,1051,10.510000000,sine_f1,state,0,0.048713896,2016,0.056757289,2011,0.000000000,0,-0.040320000,12,-1.695000,15,0.049087385,2016,0.000000000,0,12.500,38,14466,0,1,
112287303948174,112287300006854,112287301877920,112287303948174,1052,10.520000000,sine_f1,state,0,0.047918297,2017,0.056757289,2011,0.000000000,0,-0.043680000,13,-2.599000,23,0.047553404,2017,0.000000000,0,12.500,38,14476,0,1,
112287313906086,112287310006929,112287311867107,112287313906086,1053,10.530000000,sine_f1,state,0,0.047110876,2017,0.055223308,2012,0.000000000,0,-0.047040000,14,-4.520000,40,0.047553404,2017,0.000000000,0,12.500,38,14486,0,1,
112287323887304,112287320006604,112287321797173,112287323887304,1054,10.540000000,sine_f1,state,0,0.046291831,2018,0.053689328,2013,0.000000000,0,-0.030240000,9,-8.588000,76,0.046019424,2018,0.000000000,0,12.500,38,14496,0,1,
112287333888174,112287330007129,112287331796924,112287333888174,1055,10.550000000,sine_f1,state,0,0.045461363,2018,0.052155347,2014,-0.023980824,1,-0.030240000,9,-11.074000,98,0.046019424,2018,0.000000000,0,12.500,38,14506,0,1,
112287343883491,112287340007072,112287341798361,112287343883491,1056,10.560000000,sine_f1,state,0,0.044619679,2019,0.047553404,2017,-0.047961648,2,-0.010080000,3,-11.413000,101,0.044485443,2019,0.000000000,0,12.600,38,14516,0,1,
112287353886607,112287350007368,112287351798137,112287353886607,1057,10.570000000,sine_f1,state,0,0.043766986,2019,0.042951462,2020,-0.095923296,4,-0.006720000,2,-9.379000,83,0.044485443,2019,0.000000000,0,12.600,38,14526,0,1,
112287363890397,112287360007694,112287361801501,112287363890397,1058,10.580000000,sine_f1,state,0,0.042903494,2020,0.038349520,2023,-0.167865767,7,0.023520000,-7,-1.695000,15,0.042951462,2020,0.000000000,0,12.500,38,14536,0,1,
112287373895923,112287370007290,112287371802030,112287373895923,1059,10.590000000,sine_f1,state,0,0.042029416,2021,0.036815539,2024,-0.215827415,9,0.060480000,-18,0.000000,0,0.041417481,2021,0.000000000,0,12.500,38,14546,0,1,
112287383894390,112287380009283,112287381800075,112287383894390,1060,10.600000000,sine_f1,state,0,0.041144968,2021,0.036815539,2024,-0.263789063,11,0.023520000,-7,2.712000,-24,0.041417481,2021,0.000000000,0,12.500,38,14556,1,1,
112287393889245,112287390006730,112287391800075,112287393889245,1061,10.610000000,sine_f1,state,0,0.040250368,2022,0.036815539,2024,-0.263789063,11,0.023520000,-7,3.277000,-29,0.039883500,2022,0.000000000,0,12.500,38,14566,1,1,
112287403884940,112287400006454,112287401806665,112287403884940,1062,10.620000000,sine_f1,state,0,0.039345836,2022,0.036815539,2024,-0.239808239,10,0.016800000,-5,3.277000,-29,0.039883500,2022,0.000000000,0,12.500,38,14576,0,1,
112287413888358,112287410006327,112287411800090,112287413888358,1063,10.630000000,sine_f1,state,0,0.038431597,2023,0.038349520,2023,-0.191846591,8,0.013440000,-4,2.712000,-24,0.038349520,2023,0.000000000,0,12.500,38,14586,0,1,
112287423891170,112287420006465,112287421800405,112287423891170,1064,10.640000000,sine_f1,state,0,0.037507876,2024,0.038349520,2023,-0.143884944,6,0.000000000,0,1.017000,-9,0.036815539,2024,0.000000000,0,12.500,38,14596,0,1,
112287433885064,112287430006470,112287431799494,112287433885064,1065,10.650000000,sine_f1,state,0,0.036574900,2024,0.038349520,2023,-0.071942472,3,-0.003360000,1,-0.565000,5,0.036815539,2024,0.000000000,0,12.500,38,14606,0,1,
112287443886574,112287440007025,112287441799782,112287443886574,1066,10.660000000,sine_f1,state,0,0.035632899,2025,0.038349520,2023,-0.023980824,1,-0.010080000,3,-0.904000,8,0.035281558,2025,0.000000000,0,12.500,38,14616,0,1,
112287453884803,112287450006999,112287451800483,112287453884803,1067,10.670000000,sine_f1,state,0,0.034682107,2025,0.038349520,2023,0.000000000,0,-0.020160000,6,-1.017000,9,0.035281558,2025,0.000000000,0,12.500,38,14626,0,1,
112287463899390,112287460008030,112287461809912,112287463899390,1068,10.680000000,sine_f1,state,0,0.033722757,2026,0.038349520,2023,0.000000000,0,-0.020160000,6,-1.130000,10,0.033747577,2026,0.000000000,0,12.500,38,14636,0,1,
112287473894114,112287470008860,112287471803787,112287473894114,1069,10.690000000,sine_f1,state,0,0.032755087,2027,0.038349520,2023,0.000000000,0,-0.026880000,8,-1.130000,10,0.032213597,2027,0.000000000,0,12.500,38,14646,0,1,
112287483887837,112287480009442,112287481801704,112287483887837,1070,10.700000000,sine_f1,state,0,0.031779335,2027,0.038349520,2023,0.000000000,0,-0.033600000,10,-1.243000,11,0.032213597,2027,0.000000000,0,12.500,38,14656,0,1,
112287493887793,112287490006470,112287491801053,112287493887793,1071,10.710000000,sine_f1,state,0,0.030795742,2028,0.039883500,2022,0.000000000,0,-0.040320000,12,-1.356000,12,0.030679616,2028,0.000000000,0,12.500,38,14666,0,1,
112287503887746,112287500006886,112287501800865,112287503887746,1072,10.720000000,sine_f1,state,0,0.029804550,2029,0.038349520,2023,0.000000000,0,-0.036960000,11,-1.921000,17,0.029145635,2029,0.000000000,0,12.500,38,14676,0,1,
112287513884624,112287510006946,112287511804212,112287513884624,1073,10.730000000,sine_f1,state,0,0.028806005,2029,0.038349520,2023,0.000000000,0,-0.050400000,15,-3.503000,31,0.029145635,2029,0.000000000,0,12.500,38,14686,0,1,
112287523884907,112287520013282,112287521806552,112287523884907,1074,10.740000000,sine_f1,state,0,0.027800352,2030,0.038349520,2023,0.000000000,0,-0.053760000,16,-6.554000,58,0.027611654,2030,0.000000000,0,12.500,38,14696,0,1,
112287533884290,112287530006818,112287531798649,112287533884290,1075,10.750000000,sine_f1,state,0,0.026787840,2031,0.035281558,2025,0.000000000,0,-0.050400000,15,-10.961000,97,0.026077673,2031,0.000000000,0,12.500,38,14706,0,1,
112287543881847,112287540006876,112287541799965,112287543881847,1076,10.760000000,sine_f1,state,0,0.025768719,2031,0.030679616,2028,-0.023980824,1,-0.033600000,10,-11.639000,103,0.026077673,2031,0.000000000,0,12.600,38,14716,0,1,
112287553889137,112287550006417,112287551798985,112287553889137,1077,10.770000000,sine_f1,state,0,0.024743239,2032,0.026077673,2031,-0.071942472,3,-0.003360000,1,-11.413000,101,0.024543693,2032,0.000000000,0,12.500,38,14726,0,1,
112287563882342,112287560006626,112287561797999,112287563882342,1078,10.780000000,sine_f1,state,0,0.023711654,2033,0.019941750,2035,-0.143884944,6,-0.036960000,11,-0.226000,2,0.023009712,2033,0.000000000,0,12.500,38,14736,0,1,
112287573888437,112287570006398,112287571797477,112287573888437,1079,10.790000000,sine_f1,state,0,0.022674219,2033,0.015339808,2038,-0.215827415,9,-0.010080000,3,0.339000,-3,0.023009712,2033,0.000000000,0,12.500,38,14746,0,1,
112287583895629,112287580013846,112287581804355,112287583895629,1080,10.800000000,sine_f1,state,0,0.021631190,2034,0.015339808,2038,-0.263789063,11,0.043680000,-13,0.113000,-1,0.021475731,2034,0.000000000,0,12.500,38,14756,1,1,
112287593890382,112287590009386,112287591800037,112287593890382,1081,10.810000000,sine_f1,state,0,0.020582823,2035,0.015339808,2038,-0.311750711,13,0.030240000,-9,2.938000,-26,0.019941750,2035,0.000000000,0,12.500,38,14766,1,1,
112287603887397,112287600006459,112287601802890,112287603887397,1082,10.820000000,sine_f1,state,0,0.019529377,2035,0.016873789,2037,-0.311750711,13,0.026880000,-8,3.277000,-29,0.019941750,2035,0.000000000,0,12.500,38,14776,1,1,
112287613884623,112287610006967,112287611799198,112287613884623,1083,10.830000000,sine_f1,state,0,0.018471113,2036,0.016873789,2037,-0.263789063,11,0.016800000,-5,2.825000,-25,0.018407769,2036,0.000000000,0,12.500,38,14786,1,1,
112287623887107,112287620007375,112287621801741,112287623887107,1084,10.840000000,sine_f1,state,0,0.017408292,2037,0.016873789,2037,-0.191846591,8,0.006720000,-2,2.486000,-22,0.016873789,2037,0.000000000,0,12.500,38,14796,0,1,
112287633888339,112287630006863,112287631798344,112287633888339,1085,10.850000000,sine_f1,state,0,0.016341175,2037,0.018407769,2036,-0.119904120,5,-0.003360000,1,0.000000,0,0.016873789,2037,0.000000000,0,12.500,38,14806,0,1,
112287643889317,112287640006739,112287641799092,112287643889317,1086,10.860000000,sine_f1,state,0,0.015270027,2038,0.018407769,2036,-0.047961648,2,-0.003360000,1,-0.791000,7,0.015339808,2038,0.000000000,0,12.500,38,14816,0,1,
112287653884848,112287650006456,112287651799646,112287653884848,1087,10.870000000,sine_f1,state,0,0.014195111,2039,0.018407769,2036,0.000000000,0,-0.016800000,5,-1.017000,9,0.013805827,2039,0.000000000,0,12.500,38,14826,0,1,
112287663869464,112287660006410,112287661800014,112287663869464,1088,10.880000000,sine_f1,state,0,0.013116692,2039,0.018407769,2036,0.000000000,0,-0.023520000,7,-1.017000,9,0.013805827,2039,0.000000000,0,12.500,38,14836,0,1,
112287673880401,112287670006578,112287671802201,112287673880401,1089,10.890000000,sine_f1,state,0,0.012035037,2040,0.018407769,2036,0.000000000,0,-0.026880000,8,-1.130000,10,0.012271846,2040,0.000000000,0,12.500,38,14846,0,1,
112287683866265,112287680006293,112287681800080,112287683866265,1090,10.900000000,sine_f1,state,0,0.010950413,2041,0.018407769,2036,0.000000000,0,-0.033600000,10,-1.356000,12,0.010737866,2041,0.000000000,0,12.500,38,14856,0,1,
112287693861947,112287690006477,112287691797724,112287693861947,1091,10.910000000,sine_f1,state,0,0.009863086,2042,0.018407769,2036,0.000000000,0,-0.043680000,13,-1.808000,16,0.009203885,2042,0.000000000,0,12.500,38,14866,0,1,
112287703864633,112287700008661,112287701803065,112287703864633,1092,10.920000000,sine_f1,state,0,0.008773326,2042,0.018407769,2036,0.000000000,0,-0.047040000,14,-3.164000,28,0.009203885,2042,0.000000000,0,12.500,38,14876,0,1,
112287713884821,112287710006078,112287711804327,112287713884821,1093,10.930000000,sine_f1,state,0,0.007681402,2043,0.016873789,2037,0.000000000,0,-0.030240000,9,-6.667000,59,0.007669904,2043,0.000000000,0,12.500,38,14886,0,1,
112287723888500,112287720007295,112287721780287,112287723888500,1094,10.940000000,sine_f1,state,0,0.006587582,2044,0.015339808,2038,0.000000000,0,-0.030240000,9,-10.283000,91,0.006135923,2044,0.000000000,0,12.500,38,14896,0,1,
112287733881890,112287730006330,112287731782946,112287733881890,1095,10.950000000,sine_f1,state,0,0.005492137,2044,0.010737866,2041,-0.023980824,1,-0.033600000,10,-11.413000,101,0.006135923,2044,0.000000000,0,12.500,38,14906,0,1,
112287743882842,112287740006156,112287741777693,112287743882842,1096,10.960000000,sine_f1,state,0,0.004395336,2045,0.006135923,2044,-0.071942472,3,-0.003360000,1,-11.413000,101,0.004601942,2045,0.000000000,0,12.500,38,14916,0,1,
112287753862634,112287750006607,112287751770479,112287753862634,1097,10.970000000,sine_f1,state,0,0.003297452,2046,0.001533981,2047,-0.119904120,5,-0.026880000,8,-4.972000,44,0.003067962,2046,0.000000000,0,12.500,38,14925,0,1,
112287763885326,112287760006592,112287761779743,112287763885326,1098,10.980000000,sine_f1,state,0,0.002198753,2047,-0.003067962,2050,-0.215827415,9,0.033600000,-10,0.113000,-1,0.001533981,2047,0.000000000,0,12.500,38,14936,0,1,
112287773797484,112287770006417,112287771777575,112287773797484,1099,10.990000000,sine_f1,hardware_error,0,0.001099512,2047,,,,,,,,,,,,,,,,,,0
112287783865334,112287780006462,112287781773425,112287783865334,1100,11.000000000,sine_f1,state,0,0.000000000,2048,-0.004601942,2051,-0.287769887,12,0.033600000,-10,3.051000,-27,0.000000000,2048,0.000000000,0,12.500,38,14955,1,1,
112287793863638,112287790006940,112287791778325,112287793863638,1101,11.010000000,sine_f1,state,0,-0.001099512,2049,-0.003067962,2050,-0.287769887,12,0.020160000,-6,3.164000,-28,-0.001533981,2049,0.000000000,0,12.500,38,14966,1,1,
112287803860436,112287800007458,112287801801078,112287803860436,1102,11.020000000,sine_f1,state,0,-0.002198753,2049,-0.003067962,2050,-0.263789063,11,0.010080000,-3,2.938000,-26,-0.001533981,2049,0.000000000,0,12.500,38,14976,1,1,
112287813921128,112287810010305,112287811837739,112287813921128,1103,11.030000000,sine_f1,state,0,-0.003297452,2050,-0.003067962,2050,-0.191846591,8,0.010080000,-3,2.599000,-23,-0.003067962,2050,0.000000000,0,12.500,38,14986,0,1,
112287823924172,112287820006618,112287821833636,112287823924172,1104,11.040000000,sine_f1,state,0,-0.004395336,2051,-0.003067962,2050,-0.119904120,5,0.003360000,-1,0.113000,-1,-0.004601942,2051,0.000000000,0,12.500,38,14996,0,1,
112287833922022,112287830006615,112287831839437,112287833922022,1105,11.050000000,sine_f1,state,0,-0.005492137,2052,-0.001533981,2049,-0.071942472,3,-0.016800000,5,-1.243000,11,-0.006135923,2052,0.000000000,0,12.500,38,15006,0,1,
112287843929214,112287840006937,112287841835431,112287843929214,1106,11.060000000,sine_f1,state,0,-0.006587582,2052,-0.001533981,2049,0.000000000,0,-0.023520000,7,-1.243000,11,-0.006135923,2052,0.000000000,0,12.500,38,15016,0,1,
112287853930908,112287850006442,112287851835568,112287853930908,1107,11.070000000,sine_f1,state,0,-0.007681402,2053,-0.001533981,2049,0.000000000,0,-0.026880000,8,-1.356000,12,-0.007669904,2053,0.000000000,0,12.500,38,15026,0,1,
112287863923610,112287860006494,112287861836265,112287863923610,1108,11.080000000,sine_f1,state,0,-0.008773326,2054,-0.001533981,2049,0.000000000,0,-0.036960000,11,-1.582000,14,-0.009203885,2054,0.000000000,0,12.500,38,15036,0,1,
112287873926130,112287870052362,112287871837588,112287873926130,1109,11.090000000,sine_f1,state,0,-0.009863086,2054,-0.001533981,2049,0.000000000,0,-0.036960000,11,-1.808000,16,-0.009203885,2054,0.000000000,0,12.500,38,15046,0,1,
112287883928900,112287880007466,112287881836849,112287883928900,1110,11.100000000,sine_f1,state,0,-0.010950413,2055,-0.001533981,2049,0.000000000,0,-0.047040000,14,-2.147000,19,-0.010737866,2055,0.000000000,0,12.500,38,15056,0,1,
112287893931810,112287890007354,112287891842900,112287893931810,1111,11.110000000,sine_f1,state,0,-0.012035037,2056,-0.003067962,2050,0.000000000,0,-0.050400000,15,-4.520000,40,-0.012271846,2056,0.000000000,0,12.500,38,15066,0,1,
112287903925200,112287900007536,112287901834578,112287903925200,1112,11.120000000,sine_f1,state,0,-0.013116692,2057,-0.003067962,2050,0.000000000,0,-0.043680000,13,-8.701000,77,-0.013805827,2057,0.000000000,0,12.500,38,15076,0,1,
112287913820845,112287909997786,112287911802855,112287913820845,1113,11.130000000,sine_f1,state,0,-0.014195111,2057,-0.006135923,2052,0.000000000,0,-0.043680000,13,-11.074000,98,-0.013805827,2057,0.000000000,0,12.600,38,15085,0,1,
112287923829333,112287919996829,112287921798043,112287923829333,1114,11.140000000,sine_f1,state,0,-0.015270027,2058,-0.010737866,2055,-0.047961648,2,-0.020160000,6,-11.413000,101,-0.015339808,2058,0.000000000,0,12.600,38,15095,0,1,
112287933862052,112287930009839,112287931821863,112287933862052,1115,11.150000000,sine_f1,state,0,-0.016341175,2059,-0.016873789,2059,-0.095923296,4,-0.003360000,1,-10.509000,93,-0.016873789,2059,0.000000000,0,12.600,38,15105,0,1,
112287943855726,112287940006574,112287941839146,112287943855726,1116,11.160000000,sine_f1,state,0,-0.017408292,2059,-0.021475731,2062,-0.167865767,7,0.000000000,0,-1.469000,13,-0.016873789,2059,0.000000000,0,12.600,38,15116,0,1,
112287953890713,112287950009118,112287951827431,112287953890713,1117,11.170000000,sine_f1,state,0,-0.018471113,2060,-0.023009712,2063,-0.239808239,10,-0.033600000,10,-0.113000,1,-0.018407769,2060,0.000000000,0,12.600,38,15125,0,1,
112287963893153,112287960005921,112287961828679,112287963893153,1118,11.180000000,sine_f1,state,0,-0.019529377,2061,-0.024543693,2064,-0.287769887,12,0.023520000,-7,2.486000,-22,-0.019941750,2061,0.000000000,0,12.600,38,15136,1,1,
112287973906029,112287970006622,112287971835713,112287973906029,1119,11.190000000,sine_f1,state,0,-0.020582823,2061,-0.024543693,2064,-0.287769887,12,0.030240000,-9,3.164000,-28,-0.019941750,2061,0.000000000,0,12.600,38,15146,1,1,
112287983920203,112287980006367,112287981834508,112287983920203,1120,11.200000000,sine_f1,state,0,-0.021631190,2062,-0.023009712,2063,-0.287769887,12,0.013440000,-4,2.938000,-26,-0.021475731,2062,0.000000000,0,12.600,38,15156,1,1,
112287993932517,112287990006799,112287991835201,112287993932517,1121,11.210000000,sine_f1,state,0,-0.022674219,2063,-0.023009712,2063,-0.239808239,10,0.003360000,-1,2.825000,-25,-0.023009712,2063,0.000000000,0,12.600,38,15166,0,1,
112288003930882,112288000006290,112288001839137,112288003930882,1122,11.220000000,sine_f1,state,0,-0.023711654,2063,-0.021475731,2062,-0.143884944,6,0.010080000,-3,0.113000,-1,-0.023009712,2063,0.000000000,0,12.600,38,15176,0,1,
112288013927685,112288010007050,112288011845950,112288013927685,1123,11.230000000,sine_f1,state,0,-0.024743239,2064,-0.021475731,2062,-0.071942472,3,-0.003360000,1,-0.791000,7,-0.024543693,2064,0.000000000,0,12.600,38,15186,0,1,
112288023921585,112288020008196,112288021838559,112288023921585,1124,11.240000000,sine_f1,state,0,-0.025768719,2065,-0.021475731,2062,-0.023980824,1,-0.016800000,5,-1.130000,10,-0.026077673,2065,0.000000000,0,12.600,38,15196,0,1,
112288033921262,112288030006015,112288031836502,112288033921262,1125,11.250000000,sine_f1,state,0,-0.026787840,2065,-0.021475731,2062,0.000000000,0,-0.023520000,7,-1.243000,11,-0.026077673,2065,0.000000000,0,12.600,38,15206,0,1,
112288043923640,112288040006622,112288041836749,112288043923640,1126,11.260000000,sine_f1,state,0,-0.027800352,2066,-0.021475731,2062,0.000000000,0,-0.026880000,8,-1.243000,11,-0.027611654,2066,0.000000000,0,12.600,38,15216,0,1,
112288053923323,112288050006487,112288051840924,112288053923323,1127,11.270000000,sine_f1,state,0,-0.028806005,2067,-0.021475731,2062,0.000000000,0,-0.036960000,11,-1.695000,15,-0.029145635,2067,0.000000000,0,12.600,38,15226,0,1,
112288063880515,112288060006389,112288061843088,112288063880515,1128,11.280000000,sine_f1,state,0,-0.029804550,2067,-0.021475731,2062,0.000000000,0,-0.050400000,15,-1.808000,16,-0.029145635,2067,0.000000000,0,12.600,38,15236,0,1,
112288073846189,112288070011505,112288071781117,112288073846189,1129,11.290000000,sine_f1,state,0,-0.030795742,2068,-0.021475731,2062,0.000000000,0,-0.033600000,10,-3.503000,31,-0.030679616,2068,0.000000000,0,12.600,38,15245,0,1,
112288083860872,112288080010512,112288081781851,112288083860872,1130,11.300000000,sine_f1,state,0,-0.031779335,2069,-0.023009712,2063,0.000000000,0,-0.036960000,11,-4.520000,40,-0.032213597,2069,0.000000000,0,12.600,38,15255,0,1,
112288093838840,112288090007353,112288091780999,112288093838840,1131,11.310000000,sine_f1,state,0,-0.032755087,2069,-0.024543693,2064,0.000000000,0,-0.040320000,12,-9.153000,81,-0.032213597,2069,0.000000000,0,12.600,38,15265,0,1,
112288103848368,112288100006397,112288101761207,112288103848368,1132,11.320000000,sine_f1,state,0,-0.033722757,2070,-0.027611654,2066,-0.023980824,1,-0.023520000,7,-11.187000,99,-0.033747577,2070,0.000000000,0,12.600,38,15275,0,1,
112288113846991,112288110007747,112288111781243,112288113846991,1133,11.330000000,sine_f1,state,0,-0.034682107,2071,-0.032213597,2069,-0.071942472,3,-0.010080000,3,-11.300000,100,-0.035281558,2071,0.000000000,0,12.400,38,15285,0,1,
112288123854857,112288120010095,112288121781233,112288123854857,1134,11.340000000,sine_f1,state,0,-0.035632899,2071,-0.038349520,2073,-0.119904120,5,-0.010080000,3,-8.814000,78,-0.035281558,2071,0.000000000,0,12.500,38,15295,0,1,
112288133847738,112288130007035,112288131779462,112288133847738,1135,11.350000000,sine_f1,state,0,-0.036574900,2072,-0.041417481,2075,-0.191846591,8,0.127680000,-38,-0.678000,6,-0.036815539,2072,0.000000000,0,12.500,38,15305,0,1,
112288143849522,112288140007294,112288141764027,112288143849522,1136,11.360000000,sine_f1,state,0,-0.037507876,2072,-0.044485443,2077,-0.239808239,10,0.010080000,-3,0.000000,0,-0.036815539,2072,0.000000000,0,12.500,38,15315,0,1,
112288153848023,112288150007043,112288151758482,112288153848023,1137,11.370000000,sine_f1,state,0,-0.038431597,2073,-0.042951462,2076,-0.287769887,12,0.036960000,-11,2.938000,-26,-0.038349520,2073,0.000000000,0,12.500,38,15325,1,1,
112288163843519,112288160006696,112288161760576,112288163843519,1138,11.380000000,sine_f1,state,0,-0.039345836,2074,-0.042951462,2076,-0.287769887,12,0.026880000,-8,3.503000,-31,-0.039883500,2074,0.000000000,0,12.500,38,15335,1,1,
112288173852608,112288170007434,112288171758363,112288173852608,1139,11.390000000,sine_f1,state,0,-0.040250368,2074,-0.042951462,2076,-0.263789063,11,0.016800000,-5,3.164000,-28,-0.039883500,2074,0.000000000,0,12.500,38,15345,1,1,
112288183862909,112288180012647,112288181766731,112288183862909,1140,11.400000000,sine_f1,state,0,-0.041144968,2075,-0.041417481,2075,-0.215827415,9,0.010080000,-3,2.938000,-26,-0.041417481,2075,0.000000000,0,12.500,38,15355,0,1,
112288193849836,112288190008397,112288191760160,112288193849836,1141,11.410000000,sine_f1,state,0,-0.042029416,2075,-0.039883500,2074,-0.119904120,5,0.003360000,-1,0.113000,-1,-0.041417481,2075,0.000000000,0,12.500,38,15365,0,1,
112288203845106,112288200007723,112288201757256,112288203845106,1142,11.420000000,sine_f1,state,0,-0.042903494,2076,-0.039883500,2074,-0.047961648,2,-0.006720000,2,-0.226000,2,-0.042951462,2076,0.000000000,0,12.500,38,15375,0,1,
112288213849051,112288210009585,112288211757775,112288213849051,1143,11.430000000,sine_f1,state,0,-0.043766986,2077,-0.039883500,2074,0.000000000,0,-0.013440000,4,-1.017000,9,-0.044485443,2077,0.000000000,0,12.500,38,15385,0,1,
112288223848871,112288220006314,112288221757873,112288223848871,1144,11.440000000,sine_f1,state,0,-0.044619679,2077,-0.041417481,2075,0.000000000,0,-0.026880000,8,-1.130000,10,-0.044485443,2077,0.000000000,0,12.500,38,15395,0,1,
112288233844618,112288230006784,112288231759696,112288233844618,1145,11.450000000,sine_f1,state,0,-0.045461363,2078,-0.039883500,2074,0.023980824,-1,-0.026880000,8,-1.017000,9,-0.046019424,2078,0.000000000,0,12.500,38,15405,0,1,
112288243842535,112288240006131,112288241761649,112288243842535,1146,11.460000000,sine_f1,state,0,-0.046291831,2078,-0.039883500,2074,0.023980824,-1,-0.030240000,9,-1.243000,11,-0.046019424,2078,0.000000000,0,12.500,38,15415,0,1,
112288253842801,112288250006226,112288251757595,112288253842801,1147,11.470000000,sine_f1,state,0,-0.047110876,2079,-0.041417481,2075,0.000000000,0,-0.030240000,9,-1.243000,11,-0.047553404,2079,0.000000000,0,12.500,38,15425,0,1,
112288263839429,112288260007212,112288261758752,112288263839429,1148,11.480000000,sine_f1,state,0,-0.047918297,2079,-0.039883500,2074,0.000000000,0,-0.043680000,13,-1.582000,14,-0.047553404,2079,0.000000000,0,12.500,38,15435,0,1,
112288273839372,112288270007074,112288271757222,112288273839372,1149,11.490000000,sine_f1,state,0,-0.048713896,2080,-0.039883500,2074,0.000000000,0,-0.036960000,11,-1.808000,16,-0.049087385,2080,0.000000000,0,12.500,38,15445,0,1,
112288283847451,112288280007184,112288281761032,112288283847451,1150,11.500000000,sine_f1,state,0,-0.049497475,2080,-0.041417481,2075,0.000000000,0,-0.036960000,11,-2.486000,22,-0.049087385,2080,0.000000000,0,12.500,38,15455,0,1,
112288293848909,112288290006805,112288291757933,112288293848909,1151,11.510000000,sine_f1,state,0,-0.050268841,2081,-0.041417481,2075,0.000000000,0,-0.030240000,9,-4.181000,37,-0.050621366,2081,0.000000000,0,12.500,38,15465,0,1,
112288303844474,112288300006933,112288301762138,112288303844474,1152,11.520000000,sine_f1,state,0,-0.051027804,2081,-0.042951462,2076,0.000000000,0,-0.033600000,10,-7.571000,67,-0.050621366,2081,0.000000000,0,12.500,38,15475,0,1,
112288313842860,112288310007199,112288311759298,112288313842860,1153,11.530000000,sine_f1,state,0,-0.051774177,2082,-0.046019424,2078,-0.023980824,1,-0.020160000,6,-10.622000,94,-0.052155347,2082,0.000000000,0,12.500,38,15485,0,1,
112288323843605,112288320009103,112288321760467,112288323843605,1154,11.540000000,sine_f1,state,0,-0.052507775,2082,-0.050621366,2081,-0.071942472,3,-0.006720000,2,-11.187000,99,-0.052155347,2082,0.000000000,0,12.600,38,15495,0,1,
112288333849883,112288330006367,112288331763654,112288333849883,1155,11.550000000,sine_f1,state,0,-0.053228418,2083,-0.055223308,2084,-0.119904120,5,-0.023520000,7,-4.068000,36,-0.053689328,2083,0.000000000,0,12.600,38,15505,0,1,
112288343852417,112288340006531,112288341762788,112288343852417,1156,11.560000000,sine_f1,state,0,-0.053935927,2083,-0.059825251,2087,-0.167865767,7,0.023520000,-7,0.000000,0,-0.053689328,2083,0.000000000,0,12.600,38,15515,0,1,
112288353844409,112288350006583,112288351759287,112288353844409,1157,11.570000000,sine_f1,state,0,-0.054630129,2084,-0.061359232,2088,-0.215827415,9,0.036960000,-11,0.000000,0,-0.055223308,2084,0.000000000,0,12.600,38,15525,0,1,
112288363842000,112288360008724,112288361758427,112288363842000,1158,11.580000000,sine_f1,state,0,-0.055310851,2084,-0.061359232,2088,-0.263789063,11,0.030240000,-9,3.051000,-27,-0.055223308,2084,0.000000000,0,12.600,38,15535,1,1,
112288373844767,112288370007373,112288371756665,112288373844767,1159,11.590000000,sine_f1,state,0,-0.055977926,2084,-0.059825251,2087,-0.263789063,11,0.030240000,-9,3.277000,-29,-0.055223308,2084,0.000000000,0,12.600,38,15545,1,1,
112288384109754,112288380006643,112288381757075,112288384109754,1160,11.600000000,sine_f1,state,0,-0.056631190,2085,-0.059825251,2087,-0.239808239,10,0.030240000,-9,3.277000,-29,-0.056757289,2085,0.000000000,0,12.600,38,15555,0,1,
112288393874868,112288390084949,112288391776427,112288393874868,1161,11.610000000,sine_f1,state,0,-0.057270480,2085,-0.058291270,2086,-0.167865767,7,0.006720000,-2,3.051000,-27,-0.056757289,2085,0.000000000,0,12.600,38,15565,0,1,
112288403886521,112288400084157,112288401773313,112288403886521,1162,11.620000000,sine_f1,state,0,-0.057895640,2086,-0.056757289,2085,-0.095923296,4,0.003360000,-1,2.599000,-23,-0.058291270,2086,0.000000000,0,12.500,38,15575,0,1,
112288413867378,112288410084755,112288411770615,112288413867378,1163,11.630000000,sine_f1,state,0,-0.058506515,2086,-0.056757289,2085,-0.047961648,2,0.000000000,0,-0.113000,1,-0.058291270,2086,0.000000000,0,12.500,38,15585,0,1,
112288423883692,112288420082794,112288421778475,112288423883692,1164,11.640000000,sine_f1,state,0,-0.059102955,2087,-0.056757289,2085,0.000000000,0,0.000000000,0,-0.791000,7,-0.059825251,2087,0.000000000,0,12.500,38,15595,0,1,
112288433871440,112288430083020,112288431769679,112288433871440,1165,11.650000000,sine_f1,state,0,-0.059684812,2087,-0.056757289,2085,0.023980824,-1,-0.016800000,5,-1.017000,9,-0.059825251,2087,0.000000000,0,12.500,38,15605,0,1,
112288443872242,112288440090716,112288441771724,112288443872242,1166,11.660000000,sine_f1,state,0,-0.060251942,2087,-0.056757289,2085,0.023980824,-1,-0.013440000,4,-1.017000,9,-0.059825251,2087,0.000000000,0,12.500,38,15615,0,1,
112288453869464,112288450089959,112288451778495,112288453869464,1167,11.670000000,sine_f1,state,0,-0.060804206,2088,-0.055223308,2084,0.023980824,-1,-0.013440000,4,-1.017000,9,-0.061359232,2088,0.000000000,0,12.500,38,15625,0,1,
112288463869661,112288460085178,112288461774357,112288463869661,1168,11.680000000,sine_f1,state,0,-0.061341468,2088,-0.056757289,2085,0.023980824,-1,-0.023520000,7,-1.130000,10,-0.061359232,2088,0.000000000,0,12.500,38,15635,0,1,
112288473864252,112288470085112,112288471776586,112288473864252,1169,11.690000000,sine_f1,state,0,-0.061863594,2088,-0.056757289,2085,0.000000000,0,-0.023520000,7,-1.130000,10,-0.061359232,2088,0.000000000,0,12.500,38,15645,0,1,
112288483869674,112288480077336,112288481754625,112288483869674,1170,11.700000000,sine_f1,state,0,-0.062370457,2089,-0.056757289,2085,0.000000000,0,-0.026880000,8,-1.130000,10,-0.062893212,2089,0.000000000,0,12.500,38,15655,0,1,
112288493868254,112288490089843,112288491751565,112288493868254,1171,11.710000000,sine_f1,state,0,-0.062861930,2089,-0.056757289,2085,0.000000000,0,-0.030240000,9,-1.243000,11,-0.062893212,2089,0.000000000,0,12.500,38,15665,0,1,
112288503860229,112288500084443,112288501753040,112288503860229,1172,11.720000000,sine_f1,state,0,-0.063337894,2089,-0.056757289,2085,0.000000000,0,-0.030240000,9,-1.243000,11,-0.062893212,2089,0.000000000,0,12.500,38,15675,0,1,
112288513865570,112288510091824,112288511753346,112288513865570,1173,11.730000000,sine_f1,state,0,-0.063798229,2090,-0.056757289,2085,0.000000000,0,-0.030240000,9,-1.243000,11,-0.064427193,2090,0.000000000,0,12.500,38,15685,0,1,
112288523871169,112288520090995,112288521754763,112288523871169,1174,11.740000000,sine_f1,state,0,-0.064242824,2090,-0.056757289,2085,0.000000000,0,-0.047040000,14,-1.582000,14,-0.064427193,2090,0.000000000,0,12.500,38,15695,0,1,
112288533886073,112288530084669,112288531767533,112288533886073,1175,11.750000000,sine_f1,state,0,-0.064671567,2090,-0.056757289,2085,0.000000000,0,-0.043680000,13,-1.808000,16,-0.064427193,2090,0.000000000,0,12.500,38,15705,0,1,
112288543867955,112288540081137,112288541752208,112288543867955,1176,11.760000000,sine_f1,state,0,-0.065084354,2090,-0.056757289,2085,0.000000000,0,-0.040320000,12,-3.390000,30,-0.064427193,2090,0.000000000,0,12.500,38,15715,0,1,
112288553863695,112288550087385,112288551769198,112288553863695,1177,11.770000000,sine_f1,state,0,-0.065481082,2091,-0.058291270,2086,0.000000000,0,-0.030240000,9,-5.763000,51,-0.065961174,2091,0.000000000,0,12.500,38,15725,0,1,
112288563847624,112288560085912,112288561769651,112288563847624,1178,11.780000000,sine_f1,state,0,-0.065861654,2091,-0.059825251,2087,0.000000000,0,-0.026880000,8,-9.605000,85,-0.065961174,2091,0.000000000,0,12.500,38,15735,0,1,
112288573838646,112288570091212,112288571746182,112288573838646,1179,11.790000000,sine_f1,state,0,-0.066225975,2091,-0.064427193,2090,-0.023980824,1,-0.010080000,3,-10.848000,96,-0.065961174,2091,0.000000000,0,12.500,38,15745,0,1,
112288583841010,112288580080669,112288581746420,112288583841010,1180,11.800000000,sine_f1,state,0,-0.066573956,2091,-0.069029135,2093,-0.071942472,3,-0.013440000,4,-5.763000,51,-0.065961174,2091,0.000000000,0,12.500,38,15755,0,1,
112288593849512,112288590088724,112288591749252,112288593849512,1181,11.810000000,sine_f1,state,0,-0.066905511,2092,-0.072097097,2095,-0.143884944,6,-0.040320000,12,0.339000,-3,-0.067495155,2092,0.000000000,0,12.500,38,15765,0,1,
112288603842985,112288600090801,112288601746518,112288603842985,1182,11.820000000,sine_f1,state,0,-0.067220558,2092,-0.073631078,2096,-0.167865767,7,0.020160000,-6,0.226000,-2,-0.067495155,2092,0.000000000,0,12.500,38,15775,0,1,
112288613843973,112288610089434,112288611752331,112288613843973,1183,11.830000000,sine_f1,state,0,-0.067519019,2092,-0.073631078,2096,-0.215827415,9,0.030240000,-9,3.051000,-27,-0.067495155,2092,0.000000000,0,12.400,38,15785,0,1,
112288623845646,112288620093580,112288621752266,112288623845646,1184,11.840000000,sine_f1,state,0,-0.067800821,2092,-0.072097097,2095,-0.215827415,9,0.026880000,-8,3.390000,-30,-0.067495155,2092,0.000000000,0,12.500,38,15795,0,1,
112288633850306,112288630085469,112288631752067,112288633850306,1185,11.850000000,sine_f1,state,0,-0.068065894,2092,-0.072097097,2095,-0.191846591,8,0.023520000,-7,2.825000,-25,-0.067495155,2092,0.000000000,0,12.500,38,15805,0,1,
112288643852380,112288640089616,112288641753898,112288643852380,1186,11.860000000,sine_f1,state,0,-0.068314173,2093,-0.070563116,2094,-0.143884944,6,0.020160000,-6,3.051000,-27,-0.069029135,2093,0.000000000,0,12.500,38,15815,0,1,
112288653866335,112288650099471,112288651748653,112288653866335,1187,11.870000000,sine_f1,state,0,-0.068545597,2093,-0.069029135,2093,-0.095923296,4,0.003360000,-1,2.034000,-18,-0.069029135,2093,0.000000000,0,12.500,38,15825,0,1,
112288663847181,112288660083006,112288661752479,112288663847181,1188,11.880000000,sine_f1,state,0,-0.068760108,2093,-0.069029135,2093,-0.023980824,1,0.000000000,0,1.243000,-11,-0.069029135,2093,0.000000000,0,12.500,38,15835,0,1,
112288673845158,112288670085669,112288671755196,112288673845158,1189,11.890000000,sine_f1,state,0,-0.068957653,2093,-0.069029135,2093,0.000000000,0,0.000000000,0,0.113000,-1,-0.069029135,2093,0.000000000,0,12.500,38,15845,0,1,
112288683843016,112288680083802,112288681751439,112288683843016,1190,11.900000000,sine_f1,state,0,-0.069138184,2093,-0.069029135,2093,0.023980824,-1,0.000000000,0,0.113000,-1,-0.069029135,2093,0.000000000,0,12.500,38,15855,0,1,
112288693849036,112288690083548,112288691753965,112288693849036,1191,11.910000000,sine_f1,state,0,-0.069301656,2093,-0.069029135,2093,0.023980824,-1,0.000000000,0,0.113000,-1,-0.069029135,2093,0.000000000,0,12.500,38,15865,0,1,
112288703847962,112288700084552,112288701754206,112288703847962,1192,11.920000000,sine_f1,state,0,-0.069448029,2093,-0.069029135,2093,0.023980824,-1,0.000000000,0,0.113000,-1,-0.069029135,2093,0.000000000,0,12.500,38,15875,0,1,
112288713848771,112288710085962,112288711747956,112288713848771,1193,11.930000000,sine_f1,state,0,-0.069577267,2093,-0.069029135,2093,0.023980824,-1,0.000000000,0,0.113000,-1,-0.069029135,2093,0.000000000,0,12.500,38,15885,0,1,
112288723846179,112288720086061,112288721746950,112288723846179,1194,11.940000000,sine_f1,state,0,-0.069689338,2093,-0.069029135,2093,0.000000000,0,0.000000000,0,0.000000,0,-0.069029135,2093,0.000000000,0,12.500,38,15895,0,1,
112288733845892,112288730087218,112288731747770,112288733845892,1195,11.950000000,sine_f1,state,0,-0.069784213,2093,-0.069029135,2093,0.000000000,0,0.000000000,0,0.113000,-1,-0.069029135,2093,0.000000000,0,12.500,38,15905,0,1,
112288743843835,112288740088481,112288741754806,112288743843835,1196,11.960000000,sine_f1,state,0,-0.069861871,2094,-0.069029135,2093,0.000000000,0,0.000000000,0,0.113000,-1,-0.070563116,2094,0.000000000,0,12.500,38,15915,0,1,
112288753859085,112288750085726,112288751753947,112288753859085,1197,11.970000000,sine_f1,state,0,-0.069922291,2094,-0.069029135,2093,0.000000000,0,-0.006720000,2,-0.226000,2,-0.070563116,2094,0.000000000,0,12.500,38,15925,0,1,
112288763845643,112288760033829,112288761751881,112288763845643,1198,11.980000000,sine_f1,state,0,-0.069965459,2094,-0.069029135,2093,0.000000000,0,0.000000000,0,-0.678000,6,-0.070563116,2094,0.000000000,0,12.500,38,15935,0,1,
112288773757090,112288770091706,112288771751209,112288773757090,1199,11.990000000,sine_f1,hardware_error,0,-0.069991364,2094,,,,,,,,,,,,,,,,,,0
112288783842897,112288780046022,112288781747150,112288783842897,1200,12.000000000,sine_f1,state,0,-0.070000000,2094,-0.069029135,2093,0.000000000,0,-0.006720000,2,-0.904000,8,-0.070563116,2094,0.000000000,0,12.500,38,15955,0,1,
112288793836103,112288790083835,112288791750963,112288793836103,1201,12.010000000,sine_f1,state,0,-0.069991364,2094,-0.069029135,2093,0.000000000,0,-0.003360000,1,-0.904000,8,-0.070563116,2094,0.000000000,0,12.500,38,15965,0,1,
112288803839168,112288800090929,112288801755561,112288803839168,1202,12.020000000,sine_f1,state,0,-0.069965459,2094,-0.069029135,2093,0.000000000,0,-0.003360000,1,-0.791000,7,-0.070563116,2094,0.000000000,0,12.500,38,15975,0,1,
112288813841165,112288810091443,112288811750687,112288813841165,1203,12.030000000,sine_f1,state,0,-0.069922291,2094,-0.069029135,2093,0.000000000,0,-0.003360000,1,-0.791000,7,-0.070563116,2094,0.000000000,0,12.500,38,15985,0,1,
112288823856308,112288820094192,112288821773634,112288823856308,1204,12.040000000,sine_f1,state,0,-0.069861871,2094,-0.069029135,2093,0.000000000,0,-0.006720000,2,-0.791000,7,-0.070563116,2094,0.000000000,0,12.500,38,15995,0,1,
112288833898771,112288830055494,112288831815644,112288833898771,1205,12.050000000,sine_f1,state,0,-0.069784213,2093,-0.069029135,2093,0.000000000,0,-0.006720000,2,-0.791000,7,-0.069029135,2093,0.000000000,0,12.500,38,16005,0,1,
112288843888160,112288840021158,112288841800709,112288843888160,1206,12.060000000,sine_f1,state,0,-0.069689338,2093,-0.069029135,2093,0.000000000,0,0.000000000,0,0.113000,-1,-0.069029135,2093,0.000000000,0,12.500,38,16015,0,1,
112288853890188,112288850009137,112288851797532,112288853890188,1207,12.070000000,sine_f1,state,0,-0.069577267,2093,-0.069029135,2093,0.000000000,0,0.000000000,0,0.000000,0,-0.069029135,2093,0.000000000,0,12.500,38,16025,0,1,
112288863884407,112288860007379,112288861803772,112288863884407,1208,12.080000000,sine_f1,state,0,-0.069448029,2093,-0.069029135,2093,0.000000000,0,0.000000000,0,0.113000,-1,-0.069029135,2093,0.000000000,0,12.500,38,16035,0,1,
112288873883806,112288870006569,112288871792311,112288873883806,1209,12.090000000,sine_f1,state,0,-0.069301656,2093,-0.069029135,2093,0.000000000,0,0.000000000,0,0.113000,-1,-0.069029135,2093,0.000000000,0,12.500,38,16045,0,1,
112288883880805,112288880006520,112288881794441,112288883880805,1210,12.100000000,sine_f1,state,0,-0.069138184,2093,-0.069029135,2093,0.000000000,0,0.000000000,0,0.226000,-2,-0.069029135,2093,0.000000000,0,12.500,38,16055,0,1,
112288893887605,112288890009978,112288891797864,112288893887605,1211,12.110000000,sine_f1,state,0,-0.068957653,2093,-0.069029135,2093,0.000000000,0,0.000000000,0,0.113000,-1,-0.069029135,2093,0.000000000,0,12.500,38,16065,0,1,
112288903879765,112288900007670,112288901792462,112288903879765,1212,12.120000000,sine_f1,state,0,-0.068760108,2093,-0.069029135,2093,0.000000000,0,0.000000000,0,0.113000,-1,-0.069029135,2093,0.000000000,0,12.500,38,16075,0,1,
112288913882231,112288910007738,112288911802566,112288913882231,1213,12.130000000,sine_f1,state,0,-0.068545597,2093,-0.067495155,2092,0.000000000,0,0.003360000,-1,0.113000,-1,-0.069029135,2093,0.000000000,0,12.500,38,16085,0,1,
112288923876707,112288920007232,112288921803391,112288923876707,1214,12.140000000,sine_f1,state,0,-0.068314173,2093,-0.069029135,2093,0.000000000,0,0.000000000,0,0.113000,-1,-0.069029135,2093,0.000000000,0,12.500,38,16095,0,1,
112288933874649,112288930009516,112288931800416,112288933874649,1215,12.150000000,sine_f1,state,0,-0.068065894,2092,-0.069029135,2093,0.000000000,0,0.000000000,0,0.113000,-1,-0.067495155,2092,0.000000000,0,12.500,38,16105,0,1,
112288943881656,112288940007186,112288941798235,112288943881656,1216,12.160000000,sine_f1,state,0,-0.067800821,2092,-0.069029135,2093,0.000000000,0,0.003360000,-1,2.486000,-22,-0.067495155,2092,0.000000000,0,12.500,38,16115,0,1,
112288953884303,112288950009327,112288951799040,112288953884303,1217,12.170000000,sine_f1,state,0,-0.067519019,2092,-0.069029135,2093,0.000000000,0,0.003360000,-1,2.825000,-25,-0.067495155,2092,0.000000000,0,12.500,38,16125,0,1,
112288963886819,112288960007660,112288961798708,112288963886819,1218,12.180000000,sine_f1,state,0,-0.067220558,2092,-0.067495155,2092,0.000000000,0,0.003360000,-1,1.921000,-17,-0.067495155,2092,0.000000000,0,12.500,38,16135,0,1,
112288973869271,112288970006785,112288971778619,112288973869271,1219,12.190000000,sine_f1,state,0,-0.066905511,2092,-0.067495155,2092,0.000000000,0,0.000000000,0,0.565000,-5,-0.067495155,2092,0.000000000,0,12.500,38,16145,0,1,
112288983856959,112288980006993,112288981779618,112288983856959,1220,12.200000000,sine_f1,state,0,-0.066573956,2091,-0.067495155,2092,0.000000000,0,0.000000000,0,0.113000,-1,-0.065961174,2091,0.000000000,0,12.500,38,16155,0,1,
112288993872613,112288990007413,112288991782209,112288993872613,1221,12.210000000,sine_f1,state,0,-0.066225975,2091,-0.067495155,2092,0.000000000,0,0.003360000,-1,1.921000,-17,-0.065961174,2091,0.000000000,0,12.500,38,16165,0,1,
112289003865088,112289000006724,112289001770162,112289003865088,1222,12.220000000,sine_f1,state,0,-0.065861654,2091,-0.065961174,2091,0.000000000,0,0.006720000,-2,2.938000,-26,-0.065961174,2091,0.000000000,0,12.500,38,16175,0,1,
112289013854375,112289010007469,112289011777720,112289013854375,1223,12.230000000,sine_f1,state,0,-0.065481082,2091,-0.065961174,2091,0.000000000,0,0.003360000,-1,2.034000,-18,-0.065961174,2091,0.000000000,0,12.500,38,16185,0,1,
112289023864022,112289020006836,112289021774445,112289023864022,1224,12.240000000,sine_f1,state,0,-0.065084354,2090,-0.065961174,2091,0.023980824,-1,0.000000000,0,0.791000,-7,-0.064427193,2090,0.000000000,0,12.500,38,16195,0,1,
112289033867958,112289030007201,112289031779983,112289033867958,1225,12.250000000,sine_f1,state,0,-0.064671567,2090,-0.065961174,2091,0.023980824,-1,0.006720000,-2,2.938000,-26,-0.064427193,2090,0.000000000,0,12.500,38,16205,0,1,
112289043862582,112289040006872,112289041771516,112289043862582,1226,12.260000000,sine_f1,state,0,-0.064242824,2090,-0.064427193,2090,0.023980824,-1,0.003360000,-1,2.599000,-23,-0.064427193,2090,0.000000000,0,12.500,38,16215,0,1,
112289053866331,112289050006864,112289051773180,112289053866331,1227,12.270000000,sine_f1,state,0,-0.063798229,2090,-0.064427193,2090,0.023980824,-1,0.000000000,0,1.130000,-10,-0.064427193,2090,0.000000000,0,12.500,38,16225,0,1,
112289063863485,112289060008944,112289061775279,112289063863485,1228,12.280000000,sine_f1,state,0,-0.063337894,2089,-0.064427193,2090,0.023980824,-1,0.000000000,0,0.452000,-4,-0.062893212,2089,0.000000000,0,12.500,38,16235,0,1,
112289073862198,112289070006880,112289071773900,112289073862198,1229,12.290000000,sine_f1,state,0,-0.062861930,2089,-0.064427193,2090,0.023980824,-1,0.010080000,-3,1.921000,-17,-0.062893212,2089,0.000000000,0,12.500,38,16245,0,1,
112289083865623,112289080010764,112289081781464,112289083865623,1230,12.300000000,sine_f1,state,0,-0.062370457,2089,-0.064427193,2090,0.023980824,-1,0.006720000,-2,2.938000,-26,-0.062893212,2089,0.000000000,0,12.500,38,16255,0,1,
112289093870226,112289090007183,112289091774284,112289093870226,1231,12.310000000,sine_f1,state,0,-0.061863594,2088,-0.062893212,2089,0.023980824,-1,0.003360000,-1,2.599000,-23,-0.061359232,2088,0.000000000,0,12.500,38,16265,0,1,
112289103858810,112289100007323,112289101773859,112289103858810,1232,12.320000000,sine_f1,state,0,-0.061341468,2088,-0.061359232,2088,0.023980824,-1,0.003360000,-1,2.825000,-25,-0.061359232,2088,0.000000000,0,12.500,38,16275,0,1,
112289113856130,112289110007170,112289111778903,112289113856130,1233,12.330000000,sine_f1,state,0,-0.060804206,2088,-0.061359232,2088,0.023980824,-1,0.003360000,-1,1.695000,-15,-0.061359232,2088,0.000000000,0,12.500,38,16285,0,1,
112289123865545,112289120006763,112289121782464,112289123865545,1234,12.340000000,sine_f1,state,0,-0.060251942,2087,-0.061359232,2088,0.023980824,-1,0.000000000,0,0.565000,-5,-0.059825251,2087,0.000000000,0,12.500,38,16295,0,1,
112289133861610,112289130006758,112289131773625,112289133861610,1235,12.350000000,sine_f1,state,0,-0.059684812,2087,-0.061359232,2088,0.023980824,-1,0.006720000,-2,2.938000,-26,-0.059825251,2087,0.000000000,0,12.500,38,16305,0,1,
112289143864670,112289140007196,112289141778208,112289143864670,1236,12.360000000,sine_f1,state,0,-0.059102955,2087,-0.061359232,2088,0.023980824,-1,0.010080000,-3,2.938000,-26,-0.059825251,2087,0.000000000,0,12.500,38,16315,0,1,
112289153864930,112289150006758,112289151767878,112289153864930,1237,12.370000000,sine_f1,state,0,-0.058506515,2086,-0.059825251,2087,0.023980824,-1,0.003360000,-1,2.938000,-26,-0.058291270,2086,0.000000000,0,12.500,38,16325,0,1,
112289163856014,112289160009302,112289161774771,112289163856014,1238,12.380000000,sine_f1,state,0,-0.057895640,2086,-0.059825251,2087,0.023980824,-1,0.006720000,-2,3.051000,-27,-0.058291270,2086,0.000000000,0,12.500,38,16335,0,1,
112289173864998,112289170007144,112289171774544,112289173864998,1239,12.390000000,sine_f1,state,0,-0.057270480,2085,-0.058291270,2086,0.023980824,-1,0.003360000,-1,2.260000,-20,-0.056757289,2085,0.000000000,0,12.500,38,16345,0,1,
112289183861691,112289180006597,112289181775984,112289183861691,1240,12.400000000,sine_f1,state,0,-0.056631190,2085,-0.056757289,2085,0.023980824,-1,0.006720000,-2,3.051000,-27,-0.056757289,2085,0.000000000,0,12.500,38,16355,0,1,
112289193867791,112289190007422,112289191775332,112289193867791,1241,12.410000000,sine_f1,state,0,-0.055977926,2084,-0.056757289,2085,0.047961648,-2,0.003360000,-1,1.808000,-16,-0.055223308,2084,0.000000000,0,12.500,38,16365,0,1,
112289203863655,112289200006522,112289201780690,112289203863655,1242,12.420000000,sine_f1,state,0,-0.055310851,2084,-0.056757289,2085,0.047961648,-2,0.010080000,-3,3.164000,-28,-0.055223308,2084,0.000000000,0,12.500,38,16375,0,1,
112289213875330,112289210006883,112289211771214,112289213875330,1243,12.430000000,sine_f1,state,0,-0.054630129,2084,-0.055223308,2084,0.071942472,-3,0.003360000,-1,1.808000,-16,-0.055223308,2084,0.000000000,0,12.500,38,16385,0,1,
112289223867641,112289220006953,112289221773510,112289223867641,1244,12.440000000,sine_f1,state,0,-0.053935927,2083,-0.055223308,2084,0.071942472,-3,0.000000000,0,0.904000,-8,-0.053689328,2083,0.000000000,0,12.500,38,16395,0,1,
112289233862498,112289230007391,112289231772765,112289233862498,1245,12.450000000,sine_f1,state,0,-0.053228418,2083,-0.055223308,2084,0.071942472,-3,0.000000000,0,2.034000,-18,-0.053689328,2083,0.000000000,0,12.500,38,16405,0,1,
112289243865097,112289240007096,112289241779119,112289243865097,1246,12.460000000,sine_f1,state,0,-0.052507775,2082,-0.055223308,2084,0.071942472,-3,0.000000000,0,1.695000,-15,-0.052155347,2082,0.000000000,0,12.500,38,16415,0,1,
112289253857174,112289250006757,112289251770968,112289253857174,1247,12.470000000,sine_f1,state,0,-0.051774177,2082,-0.053689328,2083,0.047961648,-2,0.006720000,-2,3.164000,-28,-0.052155347,2082,0.000000000,0,12.500,38,16425,0,1,
112289263858279,112289260008833,112289261775571,112289263858279,1248,12.480000000,sine_f1,state,0,-0.051027804,2081,-0.052155347,2082,0.047961648,-2,0.003360000,-1,2.825000,-25,-0.050621366,2081,0.000000000,0,12.500,38,16435,0,1,
112289273849614,112289270006969,112289271773286,112289273849614,1249,12.490000000,sine_f1,state,0,-0.050268841,2081,-0.052155347,2082,0.047961648,-2,0.006720000,-2,2.938000,-26,-0.050621366,2081,0.000000000,0,12.500,38,16445,0,1,
112289283865987,112289280006837,112289281773559,112289283865987,1250,12.500000000,sine_f1,state,0,-0.049497475,2080,-0.050621366,2081,0.047961648,-2,0.003360000,-1,2.260000,-20,-0.049087385,2080,0.000000000,0,12.500,38,16455,0,1,
112289293859432,112289290007385,112289291775109,112289293859432,1251,12.510000000,sine_f1,state,0,-0.048713896,2080,-0.050621366,2081,0.047961648,-2,0.006720000,-2,3.051000,-27,-0.049087385,2080,0.000000000,0,12.500,38,16465,0,1,
112289303865682,112289300006767,112289301773518,112289303865682,1252,12.520000000,sine_f1,state,0,-0.047918297,2079,-0.049087385,2080,0.047961648,-2,0.003360000,-1,2.825000,-25,-0.047553404,2079,0.000000000,0,12.500,38,16475,0,1,
112289313855706,112289310007628,112289311777062,112289313855706,1253,12.530000000,sine_f1,state,0,-0.047110876,2079,-0.049087385,2080,0.047961648,-2,0.006720000,-2,2.938000,-26,-0.047553404,2079,0.000000000,0,12.500,38,16485,0,1,
112289323863364,112289320006708,112289321783736,112289323863364,1254,12.540000000,sine_f1,state,0,-0.046291831,2078,-0.047553404,2079,0.071942472,-3,0.003360000,-1,2.599000,-23,-0.046019424,2078,0.000000000,0,12.500,38,16495,0,1,
112289333864530,112289330006856,112289331776783,112289333864530,1255,12.550000000,sine_f1,state,0,-0.045461363,2078,-0.046019424,2078,0.071942472,-3,0.003360000,-1,2.712000,-24,-0.046019424,2078,0.000000000,0,12.500,38,16505,0,1,
112289343861754,112289340006882,112289341757439,112289343861754,1256,12.560000000,sine_f1,state,0,-0.044619679,2077,-0.046019424,2078,0.071942472,-3,0.000000000,0,1.469000,-13,-0.044485443,2077,0.000000000,0,12.500,38,16515,0,1,
112289353862117,112289350006794,112289351773043,112289353862117,1257,12.570000000,sine_f1,state,0,-0.043766986,2077,-0.044485443,2077,0.071942472,-3,0.003360000,-1,2.938000,-26,-0.044485443,2077,0.000000000,0,12.500,38,16525,0,1,
112289363871202,112289360007686,112289361775352,112289363871202,1258,12.580000000,sine_f1,state,0,-0.042903494,2076,-0.044485443,2077,0.071942472,-3,0.003360000,-1,1.695000,-15,-0.042951462,2076,0.000000000,0,12.500,38,16535,0,1,
112289373861275,112289370006970,112289371771658,112289373861275,1259,12.590000000,sine_f1,state,0,-0.042029416,2075,-0.042951462,2076,0.071942472,-3,0.003360000,-1,2.373000,-21,-0.041417481,2075,0.000000000,0,12.500,38,16545,0,1,
112289383880863,112289380007512,112289381802174,112289383880863,1260,12.600000000,sine_f1,state,0,-0.041144968,2075,-0.042951462,2076,0.071942472,-3,0.010080000,-3,3.277000,-29,-0.041417481,2075,0.000000000,0,12.500,38,16555,0,1,
112289393843324,112289390011335,112289391778835,112289393843324,1261,12.610000000,sine_f1,state,0,-0.040250368,2074,-0.041417481,2075,0.071942472,-3,0.003360000,-1,2.486000,-22,-0.039883500,2074,0.000000000,0,12.500,38,16565,0,1,
112289403850668,112289400007035,112289401755694,112289403850668,1262,12.620000000,sine_f1,state,0,-0.039345836,2074,-0.041417481,2075,0.071942472,-3,0.003360000,-1,2.712000,-24,-0.039883500,2074,0.000000000,0,12.500,38,16575,0,1,
112289413842658,112289410006812,112289411751400,112289413842658,1263,12.630000000,sine_f1,state,0,-0.038431597,2073,-0.039883500,2074,0.071942472,-3,0.000000000,0,1.582000,-14,-0.038349520,2073,0.000000000,0,12.500,38,16585,0,1,
112289423847548,112289420011789,112289421753060,112289423847548,1264,12.640000000,sine_f1,state,0,-0.037507876,2072,-0.039883500,2074,0.071942472,-3,0.010080000,-3,3.051000,-27,-0.036815539,2072,0.000000000,0,12.500,38,16595,0,1,
112289433844318,112289430006952,112289431756293,112289433844318,1265,12.650000000,sine_f1,state,0,-0.036574900,2072,-0.038349520,2073,0.071942472,-3,0.006720000,-2,3.051000,-27,-0.036815539,2072,0.000000000,0,12.500,38,16605,0,1,
112289443847816,112289440006926,112289441752979,112289443847816,1266,12.660000000,sine_f1,state,0,-0.035632899,2071,-0.036815539,2072,0.071942472,-3,0.010080000,-3,2.938000,-26,-0.035281558,2071,0.000000000,0,12.500,38,16615,0,1,
112289453849769,112289450006443,112289451763285,112289453849769,1267,12.670000000,sine_f1,state,0,-0.034682107,2071,-0.036815539,2072,0.071942472,-3,0.006720000,-2,2.938000,-26,-0.035281558,2071,0.000000000,0,12.500,38,16625,0,1,
112289463854684,112289460007491,112289461759564,112289463854684,1268,12.680000000,sine_f1,state,0,-0.033722757,2070,-0.035281558,2071,0.071942472,-3,0.003360000,-1,1.808000,-16,-0.033747577,2070,0.000000000,0,12.500,38,16635,0,1,
112289473790039,112289470017733,112289471704807,112289473790039,1269,12.690000000,sine_f1,state,0,-0.032755087,2069,-0.033747577,2070,0.071942472,-3,0.003360000,-1,2.938000,-26,-0.032213597,2069,0.000000000,0,12.500,38,16645,0,1,
112289483781195,112289480009808,112289481696447,112289483781195,1270,12.700000000,sine_f1,state,0,-0.031779335,2069,-0.033747577,2070,0.071942472,-3,0.003360000,-1,3.051000,-27,-0.032213597,2069,0.000000000,0,12.500,38,16655,0,1,
112289493776161,112289490008905,112289491696091,112289493776161,1271,12.710000000,sine_f1,state,0,-0.030795742,2068,-0.032213597,2069,0.071942472,-3,0.003360000,-1,2.712000,-24,-0.030679616,2068,0.000000000,0,12.500,38,16665,0,1,
112289503848967,112289500007443,112289501759522,112289503848967,1272,12.720000000,sine_f1,state,0,-0.029804550,2067,-0.030679616,2068,0.071942472,-3,0.003360000,-1,2.712000,-24,-0.029145635,2067,0.000000000,0,12.500,38,16675,0,1,
112289513848675,112289510006926,112289511753526,112289513848675,1273,12.730000000,sine_f1,state,0,-0.028806005,2067,-0.030679616,2068,0.095923296,-4,0.010080000,-3,2.825000,-25,-0.029145635,2067,0.000000000,0,12.500,38,16685,0,1,
112289523842403,112289520008780,112289521765410,112289523842403,1274,12.740000000,sine_f1,state,0,-0.027800352,2066,-0.030679616,2068,0.095923296,-4,0.003360000,-1,2.147000,-19,-0.027611654,2066,0.000000000,0,12.500,38,16695,0,1,
112289533838699,112289530006652,112289531756566,112289533838699,1275,12.750000000,sine_f1,state,0,-0.026787840,2065,-0.029145635,2067,0.095923296,-4,0.006720000,-2,3.051000,-27,-0.026077673,2065,0.000000000,0,12.500,38,16705,0,1,
112289543839483,112289540006462,112289541755658,112289543839483,1276,12.760000000,sine_f1,state,0,-0.025768719,2065,-0.027611654,2066,0.095923296,-4,0.013440000,-4,2.825000,-25,-0.026077673,2065,0.000000000,0,12.500,38,16715,0,1,
112289553827899,112289550006727,112289551817220,112289553827899,1277,12.770000000,sine_f1,state,0,-0.024743239,2064,-0.027611654,2066,0.095923296,-4,0.003360000,-1,2.938000,-26,-0.024543693,2064,0.000000000,0,12.500,38,16725,0,1,
112289563827634,112289560111314,112289561711621,112289563827634,1278,12.780000000,sine_f1,state,0,-0.023711654,2063,-0.026077673,2065,0.095923296,-4,0.010080000,-3,3.051000,-27,-0.023009712,2063,0.000000000,0,12.400,38,16735,0,1,
112289573800986,112289570097184,112289571708566,112289573800986,1279,12.790000000,sine_f1,state,0,-0.022674219,2063,-0.024543693,2064,0.095923296,-4,0.006720000,-2,3.164000,-28,-0.023009712,2063,0.000000000,0,12.500,38,16745,0,1,
112289583818590,112289580089990,112289581710342,112289583818590,1280,12.800000000,sine_f1,state,0,-0.021631190,2062,-0.023009712,2063,0.095923296,-4,0.003360000,-1,3.164000,-28,-0.021475731,2062,0.000000000,0,12.500,38,16755,0,1,
112289593811019,112289590096253,112289591715662,112289593811019,1281,12.810000000,sine_f1,state,0,-0.020582823,2061,-0.023009712,2063,0.071942472,-3,0.006720000,-2,3.164000,-28,-0.019941750,2061,0.000000000,0,12.500,38,16765,0,1,
112289603814248,112289600089517,112289601710722,112289603814248,1282,12.820000000,sine_f1,state,0,-0.019529377,2061,-0.021475731,2062,0.071942472,-3,0.016800000,-5,3.051000,-27,-0.019941750,2061,0.000000000,0,12.500,38,16775,0,1,
112289613809684,112289610088083,112289611710258,112289613809684,1283,12.830000000,sine_f1,state,0,-0.018471113,2060,-0.021475731,2062,0.071942472,-3,0.006720000,-2,3.051000,-27,-0.018407769,2060,0.000000000,0,12.500,38,16785,0,1,
112289623808974,112289620088655,112289621711852,112289623808974,1284,12.840000000,sine_f1,state,0,-0.017408292,2059,-0.019941750,2061,0.071942472,-3,0.006720000,-2,2.938000,-26,-0.016873789,2059,0.000000000,0,12.500,38,16795,0,1,
112289633818006,112289630093756,112289631714126,112289633818006,1285,12.850000000,sine_f1,state,0,-0.016341175,2059,-0.018407769,2060,0.071942472,-3,0.010080000,-3,2.825000,-25,-0.016873789,2059,0.000000000,0,12.500,38,16805,0,1,
112289643808948,112289640096246,112289641703331,112289643808948,1286,12.860000000,sine_f1,state,0,-0.015270027,2058,-0.016873789,2059,0.071942472,-3,0.013440000,-4,2.034000,-18,-0.015339808,2058,0.000000000,0,12.500,38,16815,0,1,
112289653807488,112289650085999,112289651710613,112289653807488,1287,12.870000000,sine_f1,state,0,-0.014195111,2057,-0.016873789,2059,0.095923296,-4,0.003360000,-1,3.051000,-27,-0.013805827,2057,0.000000000,0,12.500,38,16825,0,1,
112289663811696,112289660091417,112289661711884,112289663811696,1288,12.880000000,sine_f1,state,0,-0.013116692,2057,-0.015339808,2058,0.095923296,-4,0.013440000,-4,3.164000,-28,-0.013805827,2057,0.000000000,0,12.500,38,16835,0,1,
112289673814573,112289670094816,112289671713467,112289673814573,1289,12.890000000,sine_f1,state,0,-0.012035037,2056,-0.015339808,2058,0.095923296,-4,0.010080000,-3,2.373000,-21,-0.012271846,2056,0.000000000,0,12.500,38,16845,0,1,
112289683809868,112289680083251,112289681709676,112289683809868,1290,12.900000000,sine_f1,state,0,-0.010950413,2055,-0.013805827,2057,0.095923296,-4,0.010080000,-3,2.938000,-26,-0.010737866,2055,0.000000000,0,12.500,38,16855,0,1,
112289693813370,112289690086160,112289691709352,112289693813370,1291,12.910000000,sine_f1,state,0,-0.009863086,2054,-0.012271846,2056,0.095923296,-4,0.006720000,-2,2.938000,-26,-0.009203885,2054,0.000000000,0,12.500,38,16865,0,1,
112289703809547,112289700089225,112289701710115,112289703809547,1292,12.920000000,sine_f1,state,0,-0.008773326,2054,-0.012271846,2056,0.095923296,-4,0.020160000,-6,3.051000,-27,-0.009203885,2054,0.000000000,0,12.500,38,16875,0,1,
112289713809586,112289710087210,112289711716360,112289713809586,1293,12.930000000,sine_f1,state,0,-0.007681402,2053,-0.010737866,2055,0.095923296,-4,0.003360000,-1,2.373000,-21,-0.007669904,2053,0.000000000,0,12.500,38,16885,0,1,
112289723806296,112289720087966,112289721710932,112289723806296,1294,12.940000000,sine_f1,state,0,-0.006587582,2052,-0.009203885,2054,0.095923296,-4,0.013440000,-4,3.051000,-27,-0.006135923,2052,0.000000000,0,12.500,38,16895,0,1,
112289733804830,112289730088180,112289731689776,112289733804830,1295,12.950000000,sine_f1,state,0,-0.005492137,2052,-0.009203885,2054,0.095923296,-4,0.020160000,-6,3.051000,-27,-0.006135923,2052,0.000000000,0,12.500,38,16905,0,1,
112289743808084,112289740092159,112289741688626,112289743808084,1296,12.960000000,sine_f1,state,0,-0.004395336,2051,-0.007669904,2053,0.095923296,-4,0.006720000,-2,3.277000,-29,-0.004601942,2051,0.000000000,0,12.500,38,16915,0,1,
112289753806651,112289750094256,112289751701383,112289753806651,1297,12.970000000,sine_f1,state,0,-0.003297452,2050,-0.006135923,2052,0.095923296,-4,0.010080000,-3,3.051000,-27,-0.003067962,2050,0.000000000,0,12.500,38,16925,0,1,
112289763812509,112289760086261,112289761692203,112289763812509,1298,12.980000000,sine_f1,state,0,-0.002198753,2049,-0.004601942,2051,0.095923296,-4,0.013440000,-4,3.277000,-29,-0.001533981,2049,0.000000000,0,12.500,38,16935,0,1,
112289773696409,112289770098883,112289771706643,112289773696409,1299,12.990000000,sine_f1,hardware_error,0,-0.001099512,2049,,,,,,,,,,,,,,,,,,0
112289783788490,112289780085680,112289781694330,112289783788490,1300,13.000000000,sine_f1,state,0,-0.000000000,2048,-0.004601942,2051,0.095923296,-4,0.020160000,-6,2.938000,-26,0.000000000,2048,0.000000000,0,12.500,38,16955,0,1,
112289793788075,112289790084019,112289791691174,112289793788075,1301,13.010000000,sine_f1,state,0,0.001099512,2047,-0.003067962,2050,0.095923296,-4,0.016800000,-5,3.051000,-27,0.001533981,2047,0.000000000,0,12.500,38,16965,0,1,
112289803782307,112289800040427,112289801704750,112289803782307,1302,13.020000000,sine_f1,state,0,0.002198753,2047,-0.001533981,2049,0.095923296,-4,0.023520000,-7,2.938000,-26,0.001533981,2047,0.000000000,0,12.500,38,16975,0,1,
112289813788690,112289810086490,112289811689078,112289813788690,1303,13.030000000,sine_f1,state,0,0.003297452,2046,0.000000000,2048,0.095923296,-4,0.013440000,-4,2.938000,-26,0.003067962,2046,0.000000000,0,12.500,38,16985,0,1,
112289823791825,112289820089703,112289821688589,112289823791825,1304,13.040000000,sine_f1,state,0,0.004395336,2045,0.000000000,2048,0.095923296,-4,0.020160000,-6,2.825000,-25,0.004601942,2045,0.000000000,0,12.500,38,16995,0,1,
112289833786864,112289830086967,112289831688661,112289833786864,1305,13.050000000,sine_f1,state,0,0.005492137,2044,0.001533981,2047,0.095923296,-4,0.020160000,-6,3.051000,-27,0.006135923,2044,0.000000000,0,12.500,38,17005,0,1,
112289843783825,112289840085254,112289841690985,112289843783825,1306,13.060000000,sine_f1,state,0,0.006587582,2044,0.003067962,2046,0.095923296,-4,0.023520000,-7,3.051000,-27,0.006135923,2044,0.000000000,0,12.500,38,17015,0,1,
112289853781817,112289850084631,112289851687121,112289853781817,1307,13.070000000,sine_f1,state,0,0.007681402,2043,0.003067962,2046,0.095923296,-4,0.020160000,-6,2.712000,-24,0.007669904,2043,0.000000000,0,12.500,38,17025,0,1,
112289863864323,112289860086838,112289861705544,112289863864323,1308,13.080000000,sine_f1,state,0,0.008773326,2042,0.004601942,2045,0.095923296,-4,0.020160000,-6,3.051000,-27,0.009203885,2042,0.000000000,0,12.500,38,17035,0,1,
112289873845767,112289870011283,112289871746078,112289873845767,1309,13.090000000,sine_f1,state,0,0.009863086,2042,0.006135923,2044,0.095923296,-4,0.030240000,-9,3.164000,-28,0.009203885,2042,0.000000000,0,12.400,38,17045,0,1,
112289883841809,112289880009494,112289881745354,112289883841809,1310,13.100000000,sine_f1,state,0,0.010950413,2041,0.006135923,2044,0.095923296,-4,0.023520000,-7,2.712000,-24,0.010737866,2041,0.000000000,0,12.500,38,17055,0,1,
112289893781193,112289890007719,112289891729807,112289893781193,1311,13.110000000,sine_f1,state,0,0.012035037,2040,0.007669904,2043,0.095923296,-4,0.020160000,-6,3.051000,-27,0.012271846,2040,0.000000000,0,12.500,38,17065,0,1,
112289903768638,112289900009385,112289901675951,112289903768638,1312,13.120000000,sine_f1,state,0,0.013116692,2039,0.007669904,2043,0.095923296,-4,0.026880000,-8,3.164000,-28,0.013805827,2039,0.000000000,0,12.500,38,17075,0,1,
112289913771600,112289910007346,112289911681755,112289913771600,1313,13.130000000,sine_f1,state,0,0.014195111,2039,0.009203885,2042,0.095923296,-4,0.030240000,-9,2.938000,-26,0.013805827,2039,0.000000000,0,12.500,38,17085,0,1,
112289923770222,112289920010272,112289921674022,112289923770222,1314,13.140000000,sine_f1,state,0,0.015270027,2038,0.010737866,2041,0.095923296,-4,0.013440000,-4,3.164000,-28,0.015339808,2038,0.000000000,0,12.500,38,17095,0,1,
112289933772782,112289930009458,112289931684609,112289933772782,1315,13.150000000,sine_f1,state,0,0.016341175,2037,0.012271846,2040,0.095923296,-4,0.016800000,-5,3.051000,-27,0.016873789,2037,0.000000000,0,12.500,38,17105,0,1,
112289943762424,112289940007796,112289941675891,112289943762424,1316,13.160000000,sine_f1,state,0,0.017408292,2037,0.013805827,2039,0.095923296,-4,0.023520000,-7,2.825000,-25,0.016873789,2037,0.000000000,0,12.500,38,17115,0,1,
112289953760750,112289950012007,112289951677770,112289953760750,1317,13.170000000,sine_f1,state,0,0.018471113,2036,0.015339808,2038,0.095923296,-4,0.023520000,-7,2.938000,-26,0.018407769,2036,0.000000000,0,12.500,38,17125,0,1,
112289963775609,112289960007945,112289961677386,112289963775609,1318,13.180000000,sine_f1,state,0,0.019529377,2035,0.015339808,2038,0.095923296,-4,0.016800000,-5,2.938000,-26,0.019941750,2035,0.000000000,0,12.500,38,17135,0,1,
112289973762007,112289970006727,112289971679578,112289973762007,1319,13.190000000,sine_f1,state,0,0.020582823,2035,0.016873789,2037,0.095923296,-4,0.026880000,-8,3.164000,-28,0.019941750,2035,0.000000000,0,12.500,38,17145,0,1,
112289983778080,112289980006025,112289981692414,112289983778080,1320,13.200000000,sine_f1,state,0,0.021631190,2034,0.016873789,2037,0.095923296,-4,0.020160000,-6,2.825000,-25,0.021475731,2034,0.000000000,0,12.500,38,17155,0,1,
112289993760682,112289990008937,112289991679585,112289993760682,1321,13.210000000,sine_f1,state,0,0.022674219,2033,0.018407769,2036,0.095923296,-4,0.020160000,-6,2.938000,-26,0.023009712,2033,0.000000000,0,12.500,38,17165,0,1,
112290003761190,112290000008866,112290001680752,112290003761190,1322,13.220000000,sine_f1,state,0,0.023711654,2033,0.019941750,2035,0.095923296,-4,0.023520000,-7,2.373000,-21,0.023009712,2033,0.000000000,0,12.500,38,17175,0,1,
112290013760947,112290010006017,112290011680726,112290013760947,1323,13.230000000,sine_f1,state,0,0.024743239,2032,0.019941750,2035,0.095923296,-4,0.020160000,-6,2.938000,-26,0.024543693,2032,0.000000000,0,12.500,38,17185,0,1,
112290023775869,112290020011934,112290021677476,112290023775869,1324,13.240000000,sine_f1,state,0,0.025768719,2031,0.021475731,2034,0.095923296,-4,0.013440000,-4,3.051000,-27,0.026077673,2031,0.000000000,0,12.500,38,17195,0,1,
112290033768569,112290030006807,112290031677762,112290033768569,1325,13.250000000,sine_f1,state,0,0.026787840,2031,0.023009712,2033,0.095923296,-4,0.020160000,-6,3.051000,-27,0.026077673,2031,0.000000000,0,12.500,38,17205,0,1,
112290043773673,112290040006767,112290041677723,112290043773673,1326,13.260000000,sine_f1,state,0,0.027800352,2030,0.024543693,2032,0.095923296,-4,0.013440000,-4,2.825000,-25,0.027611654,2030,0.000000000,0,12.500,38,17215,0,1,
112290053764403,112290050006398,112290051673942,112290053764403,1327,13.270000000,sine_f1,state,0,0.028806005,2029,0.024543693,2032,0.095923296,-4,0.023520000,-7,2.825000,-25,0.029145635,2029,0.000000000,0,12.500,38,17225,0,1,
112290063761903,112290060006531,112290061673403,112290063761903,1328,13.280000000,sine_f1,state,0,0.029804550,2029,0.026077673,2031,0.095923296,-4,0.020160000,-6,2.486000,-22,0.029145635,2029,0.000000000,0,12.500,38,17235,0,1,
112290073759380,112290070006777,112290071674036,112290073759380,1329,13.290000000,sine_f1,state,0,0.030795742,2028,0.026077673,2031,0.095923296,-4,0.020160000,-6,3.051000,-27,0.030679616,2028,0.000000000,0,12.500,38,17245,0,1,
112290083772404,112290080010374,112290081676816,112290083772404,1330,13.300000000,sine_f1,state,0,0.031779335,2027,0.027611654,2030,0.095923296,-4,0.023520000,-7,3.164000,-28,0.032213597,2027,0.000000000,0,12.500,38,17255,0,1,
112290093760615,112290090006831,112290091674497,112290093760615,1331,13.310000000,sine_f1,state,0,0.032755087,2027,0.029145635,2029,0.095923296,-4,0.010080000,-3,2.599000,-23,0.032213597,2027,0.000000000,0,12.500,38,17265,0,1,
112290103766375,112290100008922,112290101676258,112290103766375,1332,13.320000000,sine_f1,state,0,0.033722757,2026,0.029145635,2029,0.095923296,-4,0.013440000,-4,3.164000,-28,0.033747577,2026,0.000000000,0,12.500,38,17275,0,1,
112290113770053,112290110006614,112290111680216,112290113770053,1333,13.330000000,sine_f1,state,0,0.034682107,2025,0.030679616,2028,0.095923296,-4,0.016800000,-5,3.164000,-28,0.035281558,2025,0.000000000,0,12.500,38,17285,0,1,
112290123766936,112290120006541,112290121672426,112290123766936,1334,13.340000000,sine_f1,state,0,0.035632899,2025,0.032213597,2027,0.095923296,-4,0.016800000,-5,2.938000,-26,0.035281558,2025,0.000000000,0,12.500,38,17295,0,1,
112290133760645,112290130006655,112290131674931,112290133760645,1335,13.350000000,sine_f1,state,0,0.036574900,2024,0.033747577,2026,0.095923296,-4,0.013440000,-4,3.051000,-27,0.036815539,2024,0.000000000,0,12.500,38,17305,0,1,
112290143761324,112290140006858,112290141672936,112290143761324,1336,13.360000000,sine_f1,state,0,0.037507876,2024,0.033747577,2026,0.095923296,-4,0.013440000,-4,3.051000,-27,0.036815539,2024,0.000000000,0,12.500,38,17315,0,1,
112290153761385,112290150006316,112290151677687,112290153761385,1337,13.370000000,sine_f1,state,0,0.038431597,2023,0.035281558,2025,0.095923296,-4,0.003360000,-1,2.712000,-24,0.038349520,2023,0.000000000,0,12.500,38,17325,0,1,
112290163765738,112290160007074,112290161676264,112290163765738,1338,13.380000000,sine_f1,state,0,0.039345836,2022,0.036815539,2024,0.095923296,-4,0.013440000,-4,3.051000,-27,0.039883500,2022,0.000000000,0,12.500,38,17335,0,1,
112290173737459,112290170006267,112290171674070,112290173737459,1339,13.390000000,sine_f1,state,0,0.040250368,2022,0.036815539,2024,0.095923296,-4,0.013440000,-4,3.164000,-28,0.039883500,2022,0.000000000,0,12.500,38,17345,0,1,
112290183745320,112290180006759,112290181675113,112290183745320,1340,13.400000000,sine_f1,state,0,0.041144968,2021,0.038349520,2023,0.095923296,-4,0.010080000,-3,1.695000,-15,0.041417481,2021,0.000000000,0,12.500,38,17355,0,1,
112290193749566,112290190012449,112290191677192,112290193749566,1341,13.410000000,sine_f1,state,0,0.042029416,2021,0.038349520,2023,0.095923296,-4,0.016800000,-5,2.938000,-26,0.041417481,2021,0.000000000,0,12.500,38,17365,0,1,
112290203745015,112290200009965,112290201676910,112290203745015,1342,13.420000000,sine_f1,state,0,0.042903494,2020,0.039883500,2022,0.095923296,-4,0.006720000,-2,2.938000,-26,0.042951462,2020,0.000000000,0,12.500,38,17375,0,1,
112290213762527,112290210006708,112290211678777,112290213762527,1343,13.430000000,sine_f1,state,0,0.043766986,2019,0.041417481,2021,0.095923296,-4,0.010080000,-3,1.695000,-15,0.044485443,2019,0.000000000,0,12.500,38,17385,0,1,
112290223746653,112290220007006,112290221674024,112290223746653,1344,13.440000000,sine_f1,state,0,0.044619679,2019,0.041417481,2021,0.095923296,-4,0.016800000,-5,3.164000,-28,0.044485443,2019,0.000000000,0,12.500,38,17395,0,1,
112290233756706,112290230006496,112290231653108,112290233756706,1345,13.450000000,sine_f1,state,0,0.045461363,2018,0.042951462,2020,0.095923296,-4,0.006720000,-2,2.938000,-26,0.046019424,2018,0.000000000,0,12.500,38,17405,0,1,
112290243766244,112290240006806,112290241656746,112290243766244,1346,13.460000000,sine_f1,state,0,0.046291831,2018,0.044485443,2019,0.095923296,-4,0.013440000,-4,1.695000,-15,0.046019424,2018,0.000000000,0,12.500,38,17415,0,1,
112290253740292,112290250006147,112290251655528,112290253740292,1347,13.470000000,sine_f1,state,0,0.047110876,2017,0.044485443,2019,0.095923296,-4,0.006720000,-2,3.164000,-28,0.047553404,2017,0.000000000,0,12.500,38,17425,0,1,
112290263736697,112290260006348,112290261666147,112290263736697,1348,13.480000000,sine_f1,state,0,0.047918297,2017,0.046019424,2018,0.095923296,-4,0.010080000,-3,3.051000,-27,0.047553404,2017,0.000000000,0,12.500,38,17435,0,1,
112290273746653,112290270006251,112290271679063,112290273746653,1349,13.490000000,sine_f1,state,0,0.048713896,2016,0.047553404,2017,0.095923296,-4,0.006720000,-2,1.582000,-14,0.049087385,2016,0.000000000,0,12.500,38,17445,0,1,
112290283742248,112290280006068,112290281653728,112290283742248,1350,13.500000000,sine_f1,state,0,0.049497475,2016,0.047553404,2017,0.095923296,-4,0.003360000,-1,3.164000,-28,0.049087385,2016,0.000000000,0,12.500,38,17455,0,1,
112290293742023,112290290006355,112290291656954,112290293742023,1351,13.510000000,sine_f1,state,0,0.050268841,2015,0.049087385,2016,0.095923296,-4,0.003360000,-1,2.034000,-18,0.050621366,2015,0.000000000,0,12.500,38,17465,0,1,
112290303739454,112290300007712,112290301656001,112290303739454,1352,13.520000000,sine_f1,state,0,0.051027804,2015,0.050621366,2015,0.095923296,-4,0.006720000,-2,3.051000,-27,0.050621366,2015,0.000000000,0,12.500,38,17475,0,1,
112290313740889,112290310008884,112290311658550,112290313740889,1353,13.530000000,sine_f1,state,0,0.051774177,2014,0.050621366,2015,0.095923296,-4,0.003360000,-1,2.147000,-19,0.052155347,2014,0.000000000,0,12.500,38,17485,0,1,
112290323738563,112290320006146,112290321653767,112290323738563,1354,13.540000000,sine_f1,state,0,0.052507775,2014,0.052155347,2014,0.095923296,-4,0.003360000,-1,3.051000,-27,0.052155347,2014,0.000000000,0,12.500,38,17495,0,1,
112290333741830,112290330006821,112290331654549,112290333741830,1355,13.550000000,sine_f1,state,0,0.053228418,2013,0.052155347,2014,0.095923296,-4,0.000000000,0,1.582000,-14,0.053689328,2013,0.000000000,0,12.500,38,17505,0,1,
112290343745801,112290340006494,112290341653099,112290343745801,1356,13.560000000,sine_f1,state,0,0.053935927,2013,0.053689328,2013,0.071942472,-3,0.003360000,-1,3.051000,-27,0.053689328,2013,0.000000000,0,12.500,38,17515,0,1,
112290353737663,112290350006566,112290351658819,112290353737663,1357,13.570000000,sine_f1,state,0,0.054630129,2012,0.053689328,2013,0.071942472,-3,0.000000000,0,1.695000,-15,0.055223308,2012,0.000000000,0,12.500,38,17525,0,1,
112290363744546,112290360006883,112290361662323,112290363744546,1358,13.580000000,sine_f1,state,0,0.055310851,2012,0.055223308,2012,0.071942472,-3,0.003360000,-1,2.486000,-22,0.055223308,2012,0.000000000,0,12.500,38,17535,0,1,
112290373762770,112290370006914,112290371653036,112290373762770,1359,13.590000000,sine_f1,state,0,0.055977926,2012,0.055223308,2012,0.071942472,-3,0.000000000,0,1.469000,-13,0.055223308,2012,0.000000000,0,12.500,38,17545,0,1,
112290383737222,112290380007025,112290381675015,112290383737222,1360,13.600000000,sine_f1,state,0,0.056631190,2011,0.056757289,2011,0.071942472,-3,0.000000000,0,0.000000,0,0.056757289,2011,0.000000000,0,12.500,38,17555,0,1,
112290393744349,112290390007638,112290391654992,112290393744349,1361,13.610000000,sine_f1,state,0,0.057270480,2011,0.055223308,2012,0.071942472,-3,0.006720000,-2,1.582000,-14,0.056757289,2011,0.000000000,0,12.500,38,17565,0,1,
112290403742534,112290400007318,112290401660837,112290403742534,1362,13.620000000,sine_f1,state,0,0.057895640,2010,0.055223308,2012,0.047961648,-2,0.000000000,0,2.147000,-19,0.058291270,2010,0.000000000,0,12.500,38,17575,0,1,
112290413738675,112290410009118,112290411656973,112290413738675,1363,13.630000000,sine_f1,state,0,0.058506515,2010,0.056757289,2011,0.047961648,-2,0.010080000,-3,3.051000,-27,0.058291270,2010,0.000000000,0,12.500,38,17585,0,1,
112290423958737,112290420006471,112290421645773,112290423958737,1364,13.640000000,sine_f1,state,0,0.059102955,2009,0.056757289,2011,0.047961648,-2,0.010080000,-3,3.164000,-28,0.059825251,2009,0.000000000,0,12.500,38,17595,0,1,
112290433780630,112290430127061,112290431669818,112290433780630,1365,13.650000000,sine_f1,state,0,0.059684812,2009,0.058291270,2010,0.047961648,-2,0.006720000,-2,3.051000,-27,0.059825251,2009,0.000000000,0,12.500,38,17605,0,1,
112290443771465,112290440095078,112290441670241,112290443771465,1366,13.660000000,sine_f1,state,0,0.060251942,2009,0.059825251,2009,0.047961648,-2,0.010080000,-3,1.921000,-17,0.059825251,2009,0.000000000,0,12.500,38,17615,0,1,
112290453800047,112290450088354,112290451664770,112290453800047,1367,13.670000000,sine_f1,state,0,0.060804206,2008,0.059825251,2009,0.047961648,-2,0.000000000,0,1.017000,-9,0.061359232,2008,0.000000000,0,12.500,38,17625,0,1,
112290463773520,112290460090776,112290461666833,112290463773520,1368,13.680000000,sine_f1,state,0,0.061341468,2008,0.061359232,2008,0.047961648,-2,0.003360000,-1,2.825000,-25,0.061359232,2008,0.000000000,0,12.500,38,17635,0,1,
112290473779238,112290470093302,112290471684368,112290473779238,1369,13.690000000,sine_f1,state,0,0.061863594,2008,0.061359232,2008,0.047961648,-2,0.003360000,-1,2.034000,-18,0.061359232,2008,0.000000000,0,12.500,38,17645,0,1,
112290483780859,112290480086818,112290481668732,112290483780859,1370,13.700000000,sine_f1,state,0,0.062370457,2007,0.061359232,2008,0.047961648,-2,0.000000000,0,1.017000,-9,0.062893212,2007,0.000000000,0,12.500,38,17655,0,1,
112290493771546,112290490088061,112290491666836,112290493771546,1371,13.710000000,sine_f1,state,0,0.062861930,2007,0.062893212,2007,0.047961648,-2,0.006720000,-2,2.825000,-25,0.062893212,2007,0.000000000,0,12.500,38,17665,0,1,
112290503765325,112290500088190,112290501676797,112290503765325,1372,13.720000000,sine_f1,state,0,0.063337894,2007,0.062893212,2007,0.047961648,-2,0.003360000,-1,2.599000,-23,0.062893212,2007,0.000000000,0,12.500,38,17675,0,1,
112290513783922,112290510085922,112290511688950,112290513783922,1373,13.730000000,sine_f1,state,0,0.063798229,2006,0.062893212,2007,0.047961648,-2,0.000000000,0,1.130000,-10,0.064427193,2006,0.000000000,0,12.500,38,17685,0,1,
112290523790755,112290520088112,112290521674378,112290523790755,1374,13.740000000,sine_f1,state,0,0.064242824,2006,0.064427193,2006,0.047961648,-2,0.006720000,-2,2.938000,-26,0.064427193,2006,0.000000000,0,12.500,38,17695,0,1,
112290533763029,112290530087745,112290531668067,112290533763029,1375,13.750000000,sine_f1,state,0,0.064671567,2006,0.064427193,2006,0.047961648,-2,0.000000000,0,1.582000,-14,0.064427193,2006,0.000000000,0,12.500,38,17705,0,1,
112290543770963,112290540093076,112290541674470,112290543770963,1376,13.760000000,sine_f1,state,0,0.065084354,2006,0.064427193,2006,0.047961648,-2,0.003360000,-1,0.452000,-4,0.064427193,2006,0.000000000,0,12.500,38,17715,0,1,
112290553764495,112290550087508,112290551669218,112290553764495,1377,13.770000000,sine_f1,state,0,0.065481082,2005,0.064427193,2006,0.047961648,-2,0.000000000,0,0.113000,-1,0.065961174,2005,0.000000000,0,12.500,38,17725,0,1,
112290563775911,112290560089811,112290561681295,112290563775911,1378,13.780000000,sine_f1,state,0,0.065861654,2005,0.064427193,2006,0.047961648,-2,0.003360000,-1,2.599000,-23,0.065961174,2005,0.000000000,0,12.500,38,17735,0,1,
112290573766191,112290570042594,112290571648810,112290573766191,1379,13.790000000,sine_f1,state,0,0.066225975,2005,0.065961174,2005,0.023980824,-1,0.003360000,-1,2.825000,-25,0.065961174,2005,0.000000000,0,12.500,38,17745,0,1,
112290583764166,112290580084786,112290581646783,112290583764166,1380,13.800000000,sine_f1,state,0,0.066573956,2005,0.065961174,2005,0.023980824,-1,0.000000000,0,1.695000,-15,0.065961174,2005,0.000000000,0,12.500,38,17755,0,1,
112290593763333,112290590094407,112290591649447,112290593763333,1381,13.810000000,sine_f1,state,0,0.066905511,2004,0.065961174,2005,0.023980824,-1,0.000000000,0,0.565000,-5,0.067495155,2004,0.000000000,0,12.500,38,17765,0,1,
112290603769457,112290600086404,112290601652882,112290603769457,1382,13.820000000,sine_f1,state,0,0.067220558,2004,0.065961174,2005,0.023980824,-1,0.003360000,-1,1.582000,-14,0.067495155,2004,0.000000000,0,12.500,38,17775,0,1,
112290613775041,112290610090056,112290611649427,112290613775041,1383,13.830000000,sine_f1,state,0,0.067519019,2004,0.067495155,2004,0.023980824,-1,0.003360000,-1,2.260000,-20,0.067495155,2004,0.000000000,0,12.500,38,17785,0,1,
112290623742320,112290620101204,112290621670188,112290623742320,1384,13.840000000,sine_f1,state,0,0.067800821,2004,0.067495155,2004,0.023980824,-1,0.003360000,-1,2.260000,-20,0.067495155,2004,0.000000000,0,12.500,38,17795,0,1,
112290633757458,112290630087465,112290631647732,112290633757458,1385,13.850000000,sine_f1,state,0,0.068065894,2004,0.067495155,2004,0.023980824,-1,0.003360000,-1,0.904000,-8,0.067495155,2004,0.000000000,0,12.500,38,17805,0,1,
112290643740657,112290640087956,112290641647630,112290643740657,1386,13.860000000,sine_f1,state,0,0.068314173,2003,0.067495155,2004,0.023980824,-1,0.000000000,0,0.000000,0,0.069029135,2003,0.000000000,0,12.500,38,17815,0,1,
112290653746264,112290650087569,112290651648013,112290653746264,1387,13.870000000,sine_f1,state,0,0.068545597,2003,0.067495155,2004,0.023980824,-1,0.003360000,-1,2.147000,-19,0.069029135,2003,0.000000000,0,12.500,38,17825,0,1,
112290663745081,112290660087734,112290661647284,112290663745081,1388,13.880000000,sine_f1,state,0,0.068760108,2003,0.067495155,2004,0.023980824,-1,0.003360000,-1,2.599000,-23,0.069029135,2003,0.000000000,0,12.500,38,17835,0,1,
112290673747554,112290670034823,112290671648220,112290673747554,1389,13.890000000,sine_f1,state,0,0.068957653,2003,0.069029135,2003,0.023980824,-1,0.000000000,0,1.582000,-14,0.069029135,2003,0.000000000,0,12.500,38,17845,0,1,
112290683743731,112290680086410,112290681647478,112290683743731,1390,13.900000000,sine_f1,state,0,0.069138184,2003,0.069029135,2003,0.023980824,-1,0.000000000,0,0.565000,-5,0.069029135,2003,0.000000000,0,12.500,38,17855,0,1,
112290693738536,112290690088912,112290691645437,112290693738536,1391,13.910000000,sine_f1,state,0,0.069301656,2003,0.069029135,2003,0.023980824,-1,0.000000000,0,0.226000,-2,0.069029135,2003,0.000000000,0,12.500,38,17865,0,1,
112290703739157,112290700086970,112290701648773,112290703739157,1392,13.920000000,sine_f1,state,0,0.069448029,2003,0.069029135,2003,0.023980824,-1,0.000000000,0,0.000000,0,0.069029135,2003,0.000000000,0,12.500,38,17875,0,1,
112290713752299,112290710086171,112290711664377,112290713752299,1393,13.930000000,sine_f1,state,0,0.069577267,2003,0.069029135,2003,0.023980824,-1,0.003360000,-1,0.226000,-2,0.069029135,2003,0.000000000,0,12.500,38,17885,0,1,
112290723740619,112290720088422,112290721647994,112290723740619,1394,13.940000000,sine_f1,state,0,0.069689338,2003,0.069029135,2003,0.023980824,-1,0.000000000,0,0.113000,-1,0.069029135,2003,0.000000000,0,12.500,38,17895,0,1,
112290733741366,112290730086177,112290731649221,112290733741366,1395,13.950000000,sine_f1,state,0,0.069784213,2003,0.069029135,2003,0.000000000,0,0.000000000,0,0.113000,-1,0.069029135,2003,0.000000000,0,12.500,38,17905,0,1,
112290743740944,112290740093309,112290741645259,112290743740944,1396,13.960000000,sine_f1,state,0,0.069861871,2002,0.069029135,2003,0.000000000,0,0.000000000,0,0.000000,0,0.070563116,2002,0.000000000,0,12.500,38,17915,0,1,
112290753745559,112290750092557,112290751650212,112290753745559,1397,13.970000000,sine_f1,state,0,0.069922291,2002,0.069029135,2003,0.000000000,0,0.006720000,-2,1.582000,-14,0.070563116,2002,0.000000000,0,12.500,38,17925,0,1,
112290763742707,112290760091223,112290761650598,112290763742707,1398,13.980000000,sine_f1,state,0,0.069965459,2002,0.069029135,2003,0.000000000,0,0.006720000,-2,2.712000,-24,0.070563116,2002,0.000000000,0,12.500,38,17935,0,1,
112290773653469,112290770039907,112290771641460,112290773653469,1399,13.990000000,sine_f1,hardware_error,0,0.069991364,2002,,,,,,,,,,,,,,,,,,0
112290783738960,112290780092749,112290781646856,112290783738960,1400,14.000000000,sine_f1,state,0,0.070000000,2002,0.070563116,2002,0.000000000,0,0.003360000,-1,2.147000,-19,0.070563116,2002,0.000000000,0,12.500,38,17955,0,1,
112290793736213,112290790092585,112290791645311,112290793736213,1401,14.010000000,sine_f1,state,0,0.069991364,2002,0.070563116,2002,0.000000000,0,0.000000000,0,1.017000,-9,0.070563116,2002,0.000000000,0,12.500,38,17965,0,1,
112290803737971,112290800094426,112290801646341,112290803737971,1402,14.020000000,sine_f1,state,0,0.069965459,2002,0.070563116,2002,0.000000000,0,-0.006720000,2,-0.113000,1,0.070563116,2002,0.000000000,0,12.500,38,17975,0,1,
112290813734794,112290810086571,112290811648176,112290813734794,1403,14.030000000,sine_f1,state,0,0.069922291,2002,0.072097097,2001,0.000000000,0,0.000000000,0,0.000000,0,0.070563116,2002,0.000000000,0,12.500,38,17985,0,1,
112290823743156,112290820092163,112290821646773,112290823743156,1404,14.040000000,sine_f1,state,0,0.069861871,2002,0.072097097,2001,0.000000000,0,-0.003360000,1,0.000000,0,0.070563116,2002,0.000000000,0,12.500,38,17995,0,1,
112290833739878,112290830086092,112290831651535,112290833739878,1405,14.050000000,sine_f1,state,0,0.069784213,2003,0.072097097,2001,0.023980824,-1,0.000000000,0,0.000000,0,0.069029135,2003,0.000000000,0,12.500,38,18005,0,1,
112290843740650,112290840083392,112290841648029,112290843740650,1406,14.060000000,sine_f1,state,0,0.069689338,2003,0.070563116,2002,0.023980824,-1,-0.010080000,3,-1.017000,9,0.069029135,2003,0.000000000,0,12.500,38,18015,0,1,
112290853745299,112290850085155,112290851648086,112290853745299,1407,14.070000000,sine_f1,state,0,0.069577267,2003,0.070563116,2002,0.000000000,0,-0.013440000,4,-1.017000,9,0.069029135,2003,0.000000000,0,12.500,38,18025,0,1,
112290863741571,112290860090168,112290861652568,112290863741571,1408,14.080000000,sine_f1,state,0,0.069448029,2003,0.070563116,2002,0.000000000,0,-0.013440000,4,-1.017000,9,0.069029135,2003,0.000000000,0,12.500,38,18035,0,1,
112290873747280,112290870040044,112290871647072,112290873747280,1409,14.090000000,sine_f1,state,0,0.069301656,2003,0.072097097,2001,0.000000000,0,-0.010080000,3,-0.904000,8,0.069029135,2003,0.000000000,0,12.500,39,18045,0,1,
112290883743244,112290880091549,112290881644868,112290883743244,1410,14.100000000,sine_f1,state,0,0.069138184,2003,0.072097097,2001,0.000000000,0,-0.010080000,3,-1.017000,9,0.069029135,2003,0.000000000,0,12.500,39,18055,0,1,
112290893746457,112290890095903,112290891643052,112290893746457,1411,14.110000000,sine_f1,state,0,0.068957653,2003,0.072097097,2001,0.000000000,0,-0.016800000,5,-0.791000,7,0.069029135,2003,0.000000000,0,12.500,39,18065,0,1,
112290903735910,112290900087837,112290901645246,112290903735910,1412,14.120000000,sine_f1,state,0,0.068760108,2003,0.072097097,2001,0.000000000,0,-0.010080000,3,-0.904000,8,0.069029135,2003,0.000000000,0,12.500,39,18075,0,1,
112290913746092,112290910088195,112290911650241,112290913746092,1413,14.130000000,sine_f1,state,0,0.068545597,2003,0.072097097,2001,0.000000000,0,-0.013440000,4,-1.017000,9,0.069029135,2003,0.000000000,0,12.500,39,18085,0,1,
112290923737915,112290920088898,112290921645319,112290923737915,1414,14.140000000,sine_f1,state,0,0.068314173,2003,0.070563116,2002,0.000000000,0,-0.010080000,3,-0.904000,8,0.069029135,2003,0.000000000,0,12.500,39,18095,0,1,
112290933739897,112290930087739,112290931645475,112290933739897,1415,14.150000000,sine_f1,state,0,0.068065894,2004,0.072097097,2001,0.000000000,0,-0.013440000,4,-1.017000,9,0.067495155,2004,0.000000000,0,12.500,39,18105,0,1,
112290943740630,112290940087412,112290941649113,112290943740630,1416,14.160000000,sine_f1,state,0,0.067800821,2004,0.070563116,2002,0.000000000,0,-0.020160000,6,-1.130000,10,0.067495155,2004,0.000000000,0,12.500,39,18115,0,1,
112290953738149,112290950100610,112290951644944,112290953738149,1417,14.170000000,sine_f1,state,0,0.067519019,2004,0.072097097,2001,0.000000000,0,-0.023520000,7,-1.130000,10,0.067495155,2004,0.000000000,0,12.500,39,18125,0,1,
112290963749064,112290960091743,112290961665188,112290963749064,1418,14.180000000,sine_f1,state,0,0.067220558,2004,0.072097097,2001,0.000000000,0,-0.016800000,5,-1.017000,9,0.067495155,2004,0.000000000,0,12.500,39,18135,0,1,
112290973755102,112290970095936,112290971652550,112290973755102,1419,14.190000000,sine_f1,state,0,0.066905511,2004,0.070563116,2002,0.000000000,0,-0.020160000,6,-1.130000,10,0.067495155,2004,0.000000000,0,12.500,39,18145,0,1,
112290983736814,112290980090167,112290981628305,112290983736814,1420,14.200000000,sine_f1,state,0,0.066573956,2005,0.070563116,2002,0.000000000,0,-0.023520000,7,-1.356000,12,0.067495155,2004,0.000000000,0,12.500,39,18155,0,1,
112290993741445,112290990086720,112290991625831,112290993741445,1421,14.210000000,sine_f1,state,0,0.066225975,2005,0.070563116,2002,0.000000000,0,-0.026880000,8,-1.243000,11,0.065961174,2005,0.000000000,0,12.500,39,18165,0,1,
112291003735548,112291000087164,112291001630603,112291003735548,1422,14.220000000,sine_f1,state,0,0.065861654,2005,0.070563116,2002,0.000000000,0,-0.030240000,9,-1.243000,11,0.065961174,2005,0.000000000,0,12.500,39,18175,0,1,
112291013728487,112291010086933,112291011643207,112291013728487,1423,14.230000000,sine_f1,state,0,0.065481082,2005,0.072097097,2001,0.000000000,0,-0.030240000,9,-1.243000,11,0.065961174,2005,0.000000000,0,12.500,39,18185,0,1,
112291023734648,112291020035239,112291021623653,112291023734648,1424,14.240000000,sine_f1,state,0,0.065084354,2006,0.070563116,2002,0.000000000,0,-0.030240000,9,-1.356000,12,0.065961174,2005,0.000000000,0,12.500,39,18195,0,1,
112291033738975,112291030092742,112291031632615,112291033738975,1425,14.250000000,sine_f1,state,0,0.064671567,2006,0.072097097,2001,0.000000000,0,-0.036960000,11,-1.356000,12,0.064427193,2006,0.000000000,0,12.500,39,18205,0,1,
112291043735404,112291040088808,112291041643391,112291043735404,1426,14.260000000,sine_f1,state,0,0.064242824,2006,0.070563116,2002,0.000000000,0,-0.030240000,9,-1.808000,16,0.064427193,2006,0.000000000,0,12.500,39,18215,0,1,
112291053739433,112291050096205,112291051624151,112291053739433,1427,14.270000000,sine_f1,state,0,0.063798229,2006,0.070563116,2002,0.000000000,0,-0.026880000,8,-2.034000,18,0.064427193,2006,0.000000000,0,12.500,39,18225,0,1,
112291063729158,112291060089872,112291061625826,112291063729158,1428,14.280000000,sine_f1,state,0,0.063337894,2007,0.070563116,2002,0.000000000,0,-0.030240000,9,-3.616000,32,0.062893212,2007,0.000000000,0,12.500,39,18235,0,1,
112291073724242,112291070043534,112291071623262,112291073724242,1429,14.290000000,sine_f1,state,0,0.062861930,2007,0.069029135,2003,0.000000000,0,-0.023520000,7,-6.441000,57,0.062893212,2007,0.000000000,0,12.500,39,18245,0,1,
112291083699571,112291080015097,112291081605256,112291083699571,1430,14.300000000,sine_f1,state,0,0.062370457,2007,0.069029135,2003,0.000000000,0,-0.026880000,8,-9.040000,80,0.062893212,2007,0.000000000,0,12.500,39,18255,0,1,
112291093712685,112291090087881,112291091623513,112291093712685,1431,14.310000000,sine_f1,state,0,0.061863594,2008,0.065961174,2005,-0.023980824,1,-0.013440000,4,-10.848000,96,0.062893212,2007,0.000000000,0,12.500,39,18265,0,1,
112291103715730,112291100091274,112291101623764,112291103715730,1432,14.320000000,sine_f1,state,0,0.061341468,2008,0.061359232,2008,-0.071942472,3,-0.003360000,1,-10.622000,94,0.061359232,2008,0.000000000,0,12.500,39,18275,0,1,
112291113732427,112291110087452,112291111623690,112291113732427,1433,14.330000000,sine_f1,state,0,0.060804206,2008,0.056757289,2011,-0.119904120,5,0.006720000,-2,-0.226000,2,0.061359232,2008,0.000000000,0,12.500,39,18285,0,1,
112291123716596,112291120091319,112291121628842,112291123716596,1434,14.340000000,sine_f1,state,0,0.060251942,2009,0.053689328,2013,-0.167865767,7,-0.036960000,11,-0.226000,2,0.059825251,2009,0.000000000,0,12.500,39,18295,0,1,
112291133722564,112291130090251,112291131624431,112291133722564,1435,14.350000000,sine_f1,state,0,0.059684812,2009,0.053689328,2013,-0.191846591,8,0.030240000,-9,1.695000,-15,0.059825251,2009,0.000000000,0,12.500,39,18305,0,1,
112291143723130,112291140087003,112291141631910,112291143723130,1436,14.360000000,sine_f1,state,0,0.059102955,2009,0.053689328,2013,-0.215827415,9,0.033600000,-10,3.277000,-29,0.059825251,2009,0.000000000,0,12.500,39,18315,0,1,
112291153720805,112291150084024,112291151626781,112291153720805,1437,14.370000000,sine_f1,state,0,0.058506515,2010,0.055223308,2012,-0.215827415,9,0.023520000,-7,3.390000,-30,0.058291270,2010,0.000000000,0,12.400,39,18325,0,1,
112291163726021,112291160091514,112291161625829,112291163726021,1438,14.380000000,sine_f1,state,0,0.057895640,2010,0.055223308,2012,-0.191846591,8,0.020160000,-6,3.051000,-27,0.058291270,2010,0.000000000,0,12.500,39,18335,0,1,
112291173721058,112291170037492,112291171630401,112291173721058,1439,14.390000000,sine_f1,state,0,0.057270480,2011,0.056757289,2011,-0.119904120,5,0.006720000,-2,3.164000,-28,0.058291270,2010,0.000000000,0,12.500,39,18345,0,1,
112291183731369,112291180093125,112291181633729,112291183731369,1440,14.400000000,sine_f1,state,0,0.056631190,2011,0.056757289,2011,-0.071942472,3,0.000000000,0,1.469000,-13,0.056757289,2011,0.000000000,0,12.500,39,18355,0,1,
112291193725635,112291190089548,112291191626280,112291193725635,1441,14.410000000,sine_f1,state,0,0.055977926,2012,0.058291270,2010,-0.023980824,1,0.000000000,0,0.113000,-1,0.055223308,2012,0.000000000,0,12.500,39,18365,0,1,
112291203723302,112291200037927,112291201622591,112291203723302,1442,14.420000000,sine_f1,state,0,0.055310851,2012,0.056757289,2011,0.000000000,0,-0.003360000,1,-0.904000,8,0.055223308,2012,0.000000000,0,12.500,39,18375,0,1,
112291213726086,112291210031221,112291211641216,112291213726086,1443,14.430000000,sine_f1,state,0,0.054630129,2012,0.056757289,2011,0.023980824,-1,-0.010080000,3,-0.678000,6,0.055223308,2012,0.000000000,0,12.500,39,18385,0,1,
112291223720790,112291220092126,112291221624948,112291223720790,1444,14.440000000,sine_f1,state,0,0.053935927,2013,0.056757289,2011,0.023980824,-1,-0.006720000,2,-0.791000,7,0.055223308,2012,0.000000000,0,12.500,39,18395,0,1,
112291233716786,112291230088994,112291231625187,112291233716786,1445,14.450000000,sine_f1,state,0,0.053228418,2013,0.056757289,2011,0.000000000,0,-0.016800000,5,-0.791000,7,0.053689328,2013,0.000000000,0,12.500,39,18405,0,1,
112291243717747,112291240086745,112291241626716,112291243717747,1446,14.460000000,sine_f1,state,0,0.052507775,2014,0.056757289,2011,0.000000000,0,-0.013440000,4,-1.017000,9,0.053689328,2013,0.000000000,0,12.500,39,18415,0,1,
112291253723721,112291250092744,112291251626615,112291253723721,1447,14.470000000,sine_f1,state,0,0.051774177,2014,0.056757289,2011,0.000000000,0,-0.026880000,8,-1.130000,10,0.052155347,2014,0.000000000,0,12.500,39,18425,0,1,
112291263792783,112291260096344,112291261629826,112291263792783,1448,14.480000000,sine_f1,state,0,0.051027804,2015,0.056757289,2011,0.000000000,0,-0.026880000,8,-1.017000,9,0.052155347,2014,0.000000000,0,12.500,39,18435,0,1,
112291273709063,112291270010208,112291271621045,112291273709063,1449,14.490000000,sine_f1,state,0,0.050268841,2015,0.056757289,2011,0.000000000,0,-0.030240000,9,-1.243000,11,0.050621366,2015,0.000000000,0,12.500,39,18445,0,1,
112291283696242,112291280006701,112291281611541,112291283696242,1450,14.500000000,sine_f1,state,0,0.049497475,2016,0.056757289,2011,0.000000000,0,-0.033600000,10,-1.130000,10,0.049087385,2016,0.000000000,0,12.500,39,18455,0,1,
112291293702010,112291290006789,112291291616690,112291293702010,1451,14.510000000,sine_f1,state,0,0.048713896,2016,0.056757289,2011,0.000000000,0,-0.043680000,13,-1.808000,16,0.049087385,2016,0.000000000,0,12.500,39,18465,0,1,
112291303704020,112291300006969,112291301615086,112291303704020,1452,14.520000000,sine_f1,state,0,0.047918297,2017,0.056757289,2011,0.000000000,0,-0.033600000,10,-2.486000,22,0.047553404,2017,0.000000000,0,12.500,39,18475,0,1,
112291313697794,112291310006710,112291311612809,112291313697794,1453,14.530000000,sine_f1,state,0,0.047110876,2017,0.056757289,2011,0.000000000,0,-0.040320000,12,-5.085000,45,0.047553404,2017,0.000000000,0,12.500,39,18485,0,1,
112291323695915,112291320007210,112291321613588,112291323695915,1454,14.540000000,sine_f1,state,0,0.046291831,2018,0.055223308,2012,0.000000000,0,-0.036960000,11,-9.266000,82,0.046019424,2018,0.000000000,0,12.500,39,18495,0,1,
112291333696649,112291330006709,112291331621645,112291333696649,1455,14.550000000,sine_f1,state,0,0.045461363,2018,0.052155347,2014,0.000000000,0,-0.030240000,9,-11.187000,99,0.046019424,2018,0.000000000,0,12.600,39,18505,0,1,
112291343696169,112291340007407,112291341617713,112291343696169,1456,14.560000000,sine_f1,state,0,0.044619679,2019,0.047553404,2017,-0.047961648,2,-0.010080000,3,-11.413000,101,0.044485443,2019,0.000000000,0,12.600,39,18515,0,1,
112291353694479,112291350008048,112291351617396,112291353694479,1457,14.570000000,sine_f1,state,0,0.043766986,2019,0.042951462,2020,-0.095923296,4,-0.010080000,3,-9.605000,85,0.044485443,2019,0.000000000,0,12.600,39,18525,0,1,
112291363702892,112291360009372,112291361613356,112291363702892,1458,14.580000000,sine_f1,state,0,0.042903494,2020,0.038349520,2023,-0.167865767,7,0.010080000,-3,0.226000,-2,0.042951462,2020,0.000000000,0,12.600,39,18535,0,1,
112291373694314,112291370006771,112291371618831,112291373694314,1459,14.590000000,sine_f1,state,0,0.042029416,2021,0.036815539,2024,-0.215827415,9,0.023520000,-7,0.226000,-2,0.041417481,2021,0.000000000,0,12.600,39,18545,0,1,
112291383699036,112291380006337,112291381612776,112291383699036,1460,14.600000000,sine_f1,state,0,0.041144968,2021,0.036815539,2024,-0.263789063,11,0.026880000,-8,2.599000,-23,0.041417481,2021,0.000000000,0,12.600,39,18555,1,1,
112291393709485,112291390009528,112291391617843,112291393709485,1461,14.610000000,sine_f1,state,0,0.040250368,2022,0.036815539,2024,-0.263789063,11,0.030240000,-9,3.164000,-28,0.039883500,2022,0.000000000,0,12.500,39,18565,1,1,
112291403700323,112291400007679,112291401614715,112291403700323,1462,14.620000000,sine_f1,state,0,0.039345836,2022,0.036815539,2024,-0.239808239,10,0.023520000,-7,3.164000,-28,0.039883500,2022,0.000000000,0,12.500,39,18575,0,1,
112291413691088,112291410006707,112291411610942,112291413691088,1463,14.630000000,sine_f1,state,0,0.038431597,2023,0.036815539,2024,-0.191846591,8,0.010080000,-3,2.938000,-26,0.038349520,2023,0.000000000,0,12.500,39,18585,0,1,
112291423694324,112291420006923,112291421595781,112291423694324,1464,14.640000000,sine_f1,state,0,0.037507876,2024,0.038349520,2023,-0.143884944,6,0.000000000,0,1.582000,-14,0.036815539,2024,0.000000000,0,12.500,39,18595,0,1,
112291433695914,112291430006658,112291431595968,112291433695914,1465,14.650000000,sine_f1,state,0,0.036574900,2024,0.038349520,2023,-0.071942472,3,-0.003360000,1,-0.226000,2,0.036815539,2024,0.000000000,0,12.500,39,18605,0,1,
112291443677926,112291440006804,112291441596892,112291443677926,1466,14.660000000,sine_f1,state,0,0.035632899,2025,0.038349520,2023,-0.023980824,1,-0.010080000,3,-0.904000,8,0.035281558,2025,0.000000000,0,12.500,39,18615,0,1,
112291453679606,112291450009690,112291451613500,112291453679606,1467,14.670000000,sine_f1,state,0,0.034682107,2025,0.038349520,2023,0.000000000,0,-0.020160000,6,-0.904000,8,0.035281558,2025,0.000000000,0,12.500,39,18625,0,1,
112291463679444,112291460009239,112291461616754,112291463679444,1468,14.680000000,sine_f1,state,0,0.033722757,2026,0.038349520,2023,0.000000000,0,-0.013440000,4,-1.017000,9,0.033747577,2026,0.000000000,0,12.500,39,18635,0,1,
112291473693678,112291470008684,112291471615707,112291473693678,1469,14.690000000,sine_f1,state,0,0.032755087,2027,0.038349520,2023,0.000000000,0,-0.030240000,9,-1.017000,9,0.032213597,2027,0.000000000,0,12.500,39,18645,0,1,
112291483673043,112291480006637,112291481593962,112291483673043,1470,14.700000000,sine_f1,state,0,0.031779335,2027,0.039883500,2022,0.000000000,0,-0.033600000,10,-1.243000,11,0.032213597,2027,0.000000000,0,12.500,39,18655,0,1,
112291493682330,112291490006926,112291491582847,112291493682330,1471,14.710000000,sine_f1,state,0,0.030795742,2028,0.038349520,2023,0.000000000,0,-0.030240000,9,-1.356000,12,0.030679616,2028,0.000000000,0,12.500,39,18665,0,1,
112291503671029,112291500006864,112291501595885,112291503671029,1472,14.720000000,sine_f1,state,0,0.029804550,2029,0.039883500,2022,0.000000000,0,-0.047040000,14,-1.808000,16,0.029145635,2029,0.000000000,0,12.500,39,18675,0,1,
112291513676996,112291510007379,112291511593910,112291513676996,1473,14.730000000,sine_f1,state,0,0.028806005,2029,0.038349520,2023,0.000000000,0,-0.043680000,13,-4.068000,36,0.029145635,2029,0.000000000,0,12.500,39,18685,0,1,
112291523668765,112291520006540,112291521591568,112291523668765,1474,14.740000000,sine_f1,state,0,0.027800352,2030,0.036815539,2024,0.000000000,0,-0.036960000,11,-7.684000,68,0.027611654,2030,0.000000000,0,12.500,39,18695,0,1,
112291533732605,112291530007035,112291531651573,112291533732605,1475,14.750000000,sine_f1,state,0,0.026787840,2031,0.035281558,2025,0.000000000,0,-0.043680000,13,-11.187000,99,0.026077673,2031,0.000000000,0,12.400,39,18705,0,1,
112291543741110,112291540006957,112291541654293,112291543741110,1476,14.760000000,sine_f1,state,0,0.025768719,2031,0.030679616,2028,-0.047961648,2,-0.026880000,8,-11.639000,103,0.026077673,2031,0.000000000,0,12.600,39,18715,0,1,
112291553736189,112291550007071,112291551648049,112291553736189,1477,14.770000000,sine_f1,state,0,0.024743239,2032,0.024543693,2032,-0.095923296,4,-0.003360000,1,-10.622000,94,0.024543693,2032,0.000000000,0,12.600,39,18725,0,1,
112291563735845,112291560010142,112291561649561,112291563735845,1478,14.780000000,sine_f1,state,0,0.023711654,2033,0.019941750,2035,-0.167865767,7,0.006720000,-2,-2.147000,19,0.023009712,2033,0.000000000,0,12.500,39,18735,0,1,
112291573748438,112291570008069,112291571651970,112291573748438,1479,14.790000000,sine_f1,state,0,0.022674219,2033,0.016873789,2037,-0.215827415,9,0.036960000,-11,0.113000,-1,0.023009712,2033,0.000000000,0,12.500,39,18745,0,1,
112291583741718,112291580011053,112291581659584,112291583741718,1480,14.800000000,sine_f1,state,0,0.021631190,2034,0.016873789,2037,-0.263789063,11,0.030240000,-9,1.695000,-15,0.021475731,2034,0.000000000,0,12.500,39,18755,1,1,
112291593755155,112291590007162,112291591649357,112291593755155,1481,14.810000000,sine_f1,state,0,0.020582823,2035,0.016873789,2037,-0.287769887,12,0.030240000,-9,3.051000,-27,0.019941750,2035,0.000000000,0,12.500,39,18765,1,1,
112291603749278,112291600007827,112291601658121,112291603749278,1482,14.820000000,sine_f1,state,0,0.019529377,2035,0.016873789,2037,-0.287769887,12,0.016800000,-5,3.164000,-28,0.019941750,2035,0.000000000,0,12.500,39,18775,1,1,
112291613745926,112291610007072,112291611655000,112291613745926,1483,14.830000000,sine_f1,state,0,0.018471113,2036,0.018407769,2036,-0.239808239,10,0.013440000,-4,2.825000,-25,0.018407769,2036,0.000000000,0,12.500,38,18785,0,1,
112291623745261,112291620006734,112291621658436,112291623745261,1484,14.840000000,sine_f1,state,0,0.017408292,2037,0.019941750,2035,-0.167865767,7,0.000000000,0,0.000000,0,0.016873789,2037,0.000000000,0,12.500,38,18795,0,1,
112291633734805,112291630006402,112291631651258,112291633734805,1485,14.850000000,sine_f1,state,0,0.016341175,2037,0.018407769,2036,-0.095923296,4,-0.010080000,3,-1.017000,9,0.016873789,2037,0.000000000,0,12.500,38,18805,0,1,
112291643733654,112291640006494,112291641651348,112291643733654,1486,14.860000000,sine_f1,state,0,0.015270027,2038,0.019941750,2035,-0.047961648,2,-0.003360000,1,-0.904000,8,0.015339808,2038,0.000000000,0,12.500,38,18815,0,1,
112291653747614,112291650007176,112291651649963,112291653747614,1487,14.870000000,sine_f1,state,0,0.014195111,2039,0.018407769,2036,0.000000000,0,-0.020160000,6,-1.130000,10,0.013805827,2039,0.000000000,0,12.500,38,18825,0,1,
112291663735275,112291660009188,112291661657660,112291663735275,1488,14.880000000,sine_f1,state,0,0.013116692,2039,0.019941750,2035,0.000000000,0,-0.026880000,8,-1.130000,10,0.013805827,2039,0.000000000,0,12.500,38,18835,0,1,
112291673734326,112291670006877,112291671661130,112291673734326,1489,14.890000000,sine_f1,state,0,0.012035037,2040,0.018407769,2036,0.000000000,0,-0.030240000,9,-1.130000,10,0.012271846,2040,0.000000000,0,12.500,38,18845,0,1,
112291683738112,112291680006631,112291681653954,112291683738112,1490,14.900000000,sine_f1,state,0,0.010950413,2041,0.018407769,2036,0.000000000,0,-0.036960000,11,-1.469000,13,0.010737866,2041,0.000000000,0,12.500,38,18855,0,1,
112291693744715,112291690006437,112291691655583,112291693744715,1491,14.910000000,sine_f1,state,0,0.009863086,2042,0.018407769,2036,0.000000000,0,-0.060480000,18,-2.147000,19,0.009203885,2042,0.000000000,0,12.500,38,18865,0,1,
112291703738530,112291700006732,112291701649123,112291703738530,1492,14.920000000,sine_f1,state,0,0.008773326,2042,0.018407769,2036,0.000000000,0,-0.047040000,14,-4.520000,40,0.009203885,2042,0.000000000,0,12.500,38,18875,0,1,
112291713734686,112291710006909,112291711665230,112291713734686,1493,14.930000000,sine_f1,state,0,0.007681402,2043,0.016873789,2037,0.000000000,0,-0.033600000,10,-8.814000,78,0.007669904,2043,0.000000000,0,12.500,38,18885,0,1,
112291723740055,112291720006636,112291721653662,112291723740055,1494,14.940000000,sine_f1,state,0,0.006587582,2044,0.015339808,2038,-0.023980824,1,-0.036960000,11,-11.074000,98,0.006135923,2044,0.000000000,0,12.500,38,18895,0,1,
112291733735737,112291730006623,112291731655806,112291733735737,1495,14.950000000,sine_f1,state,0,0.005492137,2044,0.009203885,2042,-0.047961648,2,-0.020160000,6,-11.639000,103,0.006135923,2044,0.000000000,0,12.500,38,18905,0,1,
112291743738940,112291740006645,112291741651538,112291743738940,1496,14.960000000,sine_f1,state,0,0.004395336,2045,0.004601942,2045,-0.095923296,4,-0.010080000,3,-8.249000,73,0.004601942,2045,0.000000000,0,12.600,38,18915,0,1,
112291753730878,112291750007267,112291751644764,112291753730878,1497,14.970000000,sine_f1,state,0,0.003297452,2046,0.000000000,2048,-0.167865767,7,-0.047040000,14,0.226000,-2,0.003067962,2046,0.000000000,0,12.500,38,18925,0,1,
112291763733452,112291760008568,112291761648214,112291763733452,1498,14.980000000,sine_f1,state,0,0.002198753,2047,-0.001533981,2049,-0.239808239,10,0.000000000,0,0.000000,0,0.001533981,2047,0.000000000,0,12.500,38,18935,0,1,
112291773666873,112291770006451,112291771659899,112291773666873,1499,14.990000000,sine_f1,hardware_error,0,0.001099512,2047,,,,,,,,,,,,,,,,,,0
112291783758172,112291780006240,112291781651569,112291783758172,1500,15.000000000,sine_f1,state,0,0.000000000,2048,-0.001533981,2049,-0.263789063,11,0.016800000,-5,3.051000,-27,0.000000000,2048,0.000000000,0,12.500,38,18955,1,1,
112291793749515,112291790011460,112291791659993,112291793749515,1501,15.010000000,sine_f1,state,0,-0.001099512,2049,0.000000000,2048,-0.239808239,10,0.006720000,-2,2.938000,-26,-0.001533981,2049,0.000000000,0,12.500,38,18965,0,1,
112291803733940,112291800007039,112291801659934,112291803733940,1502,15.020000000,sine_f1,state,0,-0.002198753,2049,-0.001533981,2049,-0.191846591,8,0.006720000,-2,0.113000,-1,-0.001533981,2049,0.000000000,0,12.500,38,18975,0,1,
112291813739825,112291810010255,112291811652867,112291813739825,1503,15.030000000,sine_f1,state,0,-0.003297452,2050,-0.001533981,2049,-0.143884944,6,0.000000000,0,-0.113000,1,-0.003067962,2050,0.000000000,0,12.500,38,18985,0,1,
112291823732739,112291820006899,112291821638035,112291823732739,1504,15.040000000,sine_f1,state,0,-0.004395336,2051,0.000000000,2048,-0.071942472,3,-0.006720000,2,-0.791000,7,-0.004601942,2051,0.000000000,0,12.500,38,18995,0,1,
112291833736967,112291830006728,112291831639057,112291833736967,1505,15.050000000,sine_f1,state,0,-0.005492137,2052,0.000000000,2048,-0.023980824,1,-0.016800000,5,-1.017000,9,-0.006135923,2052,0.000000000,0,12.500,38,19005,0,1,
112291843711453,112291840006834,112291841633318,112291843711453,1506,15.060000000,sine_f1,state,0,-0.006587582,2052,-0.001533981,2049,-0.023980824,1,-0.033600000,10,-1.243000,11,-0.006135923,2052,0.000000000,0,12.500,38,19015,0,1,
112291853725691,112291850006870,112291851656536,112291853725691,1507,15.070000000,sine_f1,state,0,-0.007681402,2053,0.000000000,2048,0.000000000,0,-0.030240000,9,-1.130000,10,-0.007669904,2053,0.000000000,0,12.500,38,19025,0,1,
112291863721676,112291860007770,112291861652651,112291863721676,1508,15.080000000,sine_f1,state,0,-0.008773326,2054,-0.001533981,2049,0.000000000,0,-0.040320000,12,-1.582000,14,-0.009203885,2054,0.000000000,0,12.500,38,19035,0,1,
112291873730483,112291870009448,112291871649578,112291873730483,1509,15.090000000,sine_f1,state,0,-0.009863086,2054,0.000000000,2048,0.000000000,0,-0.043680000,13,-2.599000,23,-0.009203885,2054,0.000000000,0,12.500,38,19045,0,1,
112291883718404,112291880006643,112291881657898,112291883718404,1510,15.100000000,sine_f1,state,0,-0.010950413,2055,0.000000000,2048,0.000000000,0,-0.047040000,14,-4.520000,40,-0.010737866,2055,0.000000000,0,12.500,38,19055,0,1,
112291893674263,112291890006902,112291891632351,112291893674263,1511,15.110000000,sine_f1,state,0,-0.012035037,2056,-0.003067962,2050,0.000000000,0,-0.030240000,9,-9.153000,81,-0.012271846,2056,0.000000000,0,12.400,38,19065,0,1,
112291903725229,112291900006534,112291901633442,112291903725229,1512,15.120000000,sine_f1,state,0,-0.013116692,2057,-0.006135923,2052,-0.023980824,1,-0.033600000,10,-11.300000,100,-0.013805827,2057,0.000000000,0,12.600,38,19075,0,1,
112291913716786,112291910010292,112291911630349,112291913716786,1513,15.130000000,sine_f1,state,0,-0.014195111,2057,-0.010737866,2055,-0.047961648,2,-0.013440000,4,-11.639000,103,-0.013805827,2057,0.000000000,0,12.600,38,19085,0,1,
112291923662244,112291920010004,112291921574149,112291923662244,1514,15.140000000,sine_f1,state,0,-0.015270027,2058,-0.016873789,2059,-0.119904120,5,-0.020160000,6,-7.006000,62,-0.015339808,2058,0.000000000,0,12.600,38,19095,0,1,
112291933649255,112291930007026,112291931570802,112291933649255,1515,15.150000000,sine_f1,state,0,-0.016341175,2059,-0.021475731,2062,-0.191846591,8,0.033600000,-10,-0.113000,1,-0.016873789,2059,0.000000000,0,12.500,38,19105,0,1,
112291943725497,112291940006830,112291941629060,112291943725497,1516,15.160000000,sine_f1,state,0,-0.017408292,2059,-0.023009712,2063,-0.239808239,10,0.036960000,-11,0.000000,0,-0.016873789,2059,0.000000000,0,12.500,38,19115,0,1,
112291953718210,112291950006928,112291951634656,112291953718210,1517,15.170000000,sine_f1,state,0,-0.018471113,2060,-0.023009712,2063,-0.287769887,12,0.026880000,-8,2.938000,-26,-0.018407769,2060,0.000000000,0,12.500,38,19125,1,1,
112291963730211,112291960007518,112291961637172,112291963730211,1518,15.180000000,sine_f1,state,0,-0.019529377,2061,-0.021475731,2062,-0.287769887,12,0.020160000,-6,3.164000,-28,-0.019941750,2061,0.000000000,0,12.500,38,19135,1,1,
112291973726669,112291970011104,112291971629800,112291973726669,1519,15.190000000,sine_f1,state,0,-0.020582823,2061,-0.021475731,2062,-0.263789063,11,0.006720000,-2,3.051000,-27,-0.019941750,2061,0.000000000,0,12.500,38,19145,1,1,
112291983717487,112291980006390,112291981628808,112291983717487,1520,15.200000000,sine_f1,state,0,-0.021631190,2062,-0.019941750,2061,-0.215827415,9,0.003360000,-1,2.825000,-25,-0.021475731,2062,0.000000000,0,12.500,38,19155,0,1,
112291993715925,112291990006805,112291991628126,112291993715925,1521,15.210000000,sine_f1,state,0,-0.022674219,2063,-0.019941750,2061,-0.119904120,5,-0.006720000,2,0.000000,0,-0.023009712,2063,0.000000000,0,12.500,38,19165,0,1,
112292003719603,112292000006752,112292001634968,112292003719603,1522,15.220000000,sine_f1,state,0,-0.023711654,2063,-0.019941750,2061,-0.071942472,3,-0.016800000,5,-1.017000,9,-0.023009712,2063,0.000000000,0,12.500,38,19175,0,1,
112292013718622,112292010006341,112292011627045,112292013718622,1523,15.230000000,sine_f1,state,0,-0.024743239,2064,-0.019941750,2061,-0.023980824,1,-0.013440000,4,-0.904000,8,-0.024543693,2064,0.000000000,0,12.500,38,19185,0,1,
112292023713379,112292020006529,112292021638060,112292023713379,1524,15.240000000,sine_f1,state,0,-0.025768719,2065,-0.019941750,2061,0.000000000,0,-0.026880000,8,-1.130000,10,-0.026077673,2065,0.000000000,0,12.500,38,19195,0,1,
112292033718340,112292030005951,112292031641185,112292033718340,1525,15.250000000,sine_f1,state,0,-0.026787840,2065,-0.019941750,2061,0.000000000,0,-0.033600000,10,-1.243000,11,-0.026077673,2065,0.000000000,0,12.500,38,19205,0,1,
112292043722989,112292040005996,112292041632433,112292043722989,1526,15.260000000,sine_f1,state,0,-0.027800352,2066,-0.019941750,2061,0.000000000,0,-0.030240000,9,-1.243000,11,-0.027611654,2066,0.000000000,0,12.500,38,19215,0,1,
112292053710730,112292050006314,112292051631200,112292053710730,1527,15.270000000,sine_f1,state,0,-0.028806005,2067,-0.019941750,2061,0.000000000,0,-0.036960000,11,-1.808000,16,-0.029145635,2067,0.000000000,0,12.500,38,19225,0,1,
112292063716737,112292060006791,112292061630917,112292063716737,1528,15.280000000,sine_f1,state,0,-0.029804550,2067,-0.019941750,2061,0.000000000,0,-0.047040000,14,-4.520000,40,-0.029145635,2067,0.000000000,0,12.500,38,19235,0,1,
112292073711257,112292070007215,112292071636278,112292073711257,1529,15.290000000,sine_f1,state,0,-0.030795742,2068,-0.021475731,2062,0.000000000,0,-0.053760000,16,-6.780000,60,-0.030679616,2068,0.000000000,0,12.500,38,19245,0,1,
112292083706237,112292080009608,112292081629696,112292083706237,1530,15.300000000,sine_f1,state,0,-0.031779335,2069,-0.023009712,2063,0.000000000,0,-0.036960000,11,-10.622000,94,-0.032213597,2069,0.000000000,0,12.600,38,19255,0,1,
112292093709049,112292090006523,112292091633942,112292093709049,1531,15.310000000,sine_f1,state,0,-0.032755087,2069,-0.027611654,2066,-0.023980824,1,-0.026880000,8,-11.526000,102,-0.032213597,2069,0.000000000,0,12.600,38,19265,0,1,
112292103722406,112292100006465,112292101639173,112292103722406,1532,15.320000000,sine_f1,state,0,-0.033722757,2070,-0.032213597,2069,-0.071942472,3,-0.003360000,1,-11.413000,101,-0.033747577,2070,0.000000000,0,12.600,38,19275,0,1,
112292113717554,112292110006808,112292111635143,112292113717554,1533,15.330000000,sine_f1,state,0,-0.034682107,2071,-0.038349520,2073,-0.143884944,6,-0.040320000,12,0.113000,-1,-0.035281558,2071,0.000000000,0,12.400,38,19285,0,1,
112292123719928,112292120006623,112292121636256,112292123719928,1534,15.340000000,sine_f1,state,0,-0.035632899,2071,-0.041417481,2075,-0.215827415,9,-0.063840000,19,0.226000,-2,-0.035281558,2071,0.000000000,0,12.500,38,19295,0,1,
112292133715770,112292130009033,112292131629629,112292133715770,1535,15.350000000,sine_f1,state,0,-0.036574900,2072,-0.041417481,2075,-0.263789063,11,0.030240000,-9,1.017000,-9,-0.036815539,2072,0.000000000,0,12.500,38,19305,1,1,
112292143708377,112292140007458,112292141640526,112292143708377,1536,15.360000000,sine_f1,state,0,-0.037507876,2072,-0.041417481,2075,-0.287769887,12,0.030240000,-9,3.164000,-28,-0.036815539,2072,0.000000000,0,12.500,38,19315,1,1,
112292153716886,112292150007103,112292151637975,112292153716886,1537,15.370000000,sine_f1,state,0,-0.038431597,2073,-0.041417481,2075,-0.287769887,12,0.026880000,-8,3.277000,-29,-0.038349520,2073,0.000000000,0,12.500,38,19325,1,1,
112292163712900,112292160010070,112292161629936,112292163712900,1538,15.380000000,sine_f1,state,0,-0.039345836,2074,-0.039883500,2074,-0.239808239,10,0.016800000,-5,2.712000,-24,-0.039883500,2074,0.000000000,0,12.500,38,19335,0,1,
112292173722715,112292170007285,112292171634358,112292173722715,1539,15.390000000,sine_f1,state,0,-0.040250368,2074,-0.039883500,2074,-0.191846591,8,0.000000000,0,0.565000,-5,-0.039883500,2074,0.000000000,0,12.500,38,19345,0,1,
112292183720885,112292180007153,112292181632856,112292183720885,1540,15.400000000,sine_f1,state,0,-0.041144968,2075,-0.039883500,2074,-0.095923296,4,0.000000000,0,0.000000,0,-0.041417481,2075,0.000000000,0,12.500,38,19355,0,1,
112292193715403,112292190009519,112292191627817,112292193715403,1541,15.410000000,sine_f1,state,0,-0.042029416,2075,-0.039883500,2074,-0.047961648,2,-0.003360000,1,-0.339000,3,-0.041417481,2075,0.000000000,0,12.500,38,19365,0,1,
112292203717921,112292200006445,112292201631790,112292203717921,1542,15.420000000,sine_f1,state,0,-0.042903494,2076,-0.039883500,2074,0.000000000,0,-0.003360000,1,-0.791000,7,-0.042951462,2076,0.000000000,0,12.500,38,19375,0,1,
112292213713209,112292210007093,112292211629174,112292213713209,1543,15.430000000,sine_f1,state,0,-0.043766986,2077,-0.039883500,2074,0.000000000,0,-0.013440000,4,-0.904000,8,-0.044485443,2077,0.000000000,0,12.500,38,19385,0,1,
112292223714660,112292220006772,112292221629982,112292223714660,1544,15.440000000,sine_f1,state,0,-0.044619679,2077,-0.039883500,2074,0.000000000,0,-0.026880000,8,-1.130000,10,-0.044485443,2077,0.000000000,0,12.500,38,19395,0,1,
112292233712441,112292230007051,112292231628825,112292233712441,1545,15.450000000,sine_f1,state,0,-0.045461363,2078,-0.039883500,2074,0.000000000,0,-0.026880000,8,-1.130000,10,-0.046019424,2078,0.000000000,0,12.500,38,19405,0,1,
112292243712449,112292240006751,112292241628382,112292243712449,1546,15.460000000,sine_f1,state,0,-0.046291831,2078,-0.039883500,2074,0.000000000,0,-0.030240000,9,-1.469000,13,-0.046019424,2078,0.000000000,0,12.500,38,19415,0,1,
112292253711866,112292250007050,112292251628313,112292253711866,1547,15.470000000,sine_f1,state,0,-0.047110876,2079,-0.039883500,2074,0.000000000,0,-0.030240000,9,-1.356000,12,-0.047553404,2079,0.000000000,0,12.500,38,19425,0,1,
112292263704759,112292260007096,112292261611020,112292263704759,1548,15.480000000,sine_f1,state,0,-0.047918297,2079,-0.039883500,2074,0.000000000,0,-0.043680000,13,-2.034000,18,-0.047553404,2079,0.000000000,0,12.500,38,19435,0,1,
112292273712340,112292270007039,112292271637415,112292273712340,1549,15.490000000,sine_f1,state,0,-0.048713896,2080,-0.039883500,2074,0.000000000,0,-0.040320000,12,-3.164000,28,-0.049087385,2080,0.000000000,0,12.500,38,19445,0,1,
112292283695395,112292280007415,112292281630291,112292283695395,1550,15.500000000,sine_f1,state,0,-0.049497475,2080,-0.041417481,2075,0.000000000,0,-0.040320000,12,-5.876000,52,-0.049087385,2080,0.000000000,0,12.500,38,19455,0,1,
112292293697936,112292290007029,112292291628876,112292293697936,1551,15.510000000,sine_f1,state,0,-0.050268841,2081,-0.042951462,2076,0.000000000,0,-0.030240000,9,-9.266000,82,-0.050621366,2081,0.000000000,0,12.600,38,19465,0,1,
112292303696908,112292300008816,112292301628832,112292303696908,1552,15.520000000,sine_f1,state,0,-0.051027804,2081,-0.047553404,2079,-0.023980824,1,-0.020160000,6,-11.300000,100,-0.050621366,2081,0.000000000,0,12.600,38,19475,0,1,
112292313649099,112292310006905,112292311617597,112292313649099,1553,15.530000000,sine_f1,state,0,-0.051774177,2082,-0.052155347,2082,-0.071942472,3,-0.003360000,1,-9.379000,83,-0.052155347,2082,0.000000000,0,12.600,38,19485,0,1,
112292323696746,112292320006428,112292321609053,112292323696746,1554,15.540000000,sine_f1,state,0,-0.052507775,2082,-0.056757289,2085,-0.143884944,6,-0.063840000,19,-0.113000,1,-0.052155347,2082,0.000000000,0,12.600,38,19495,0,1,
112292333696459,112292330006404,112292331624194,112292333696459,1555,15.550000000,sine_f1,state,0,-0.053228418,2083,-0.059825251,2087,-0.191846591,8,0.043680000,-13,0.000000,0,-0.053689328,2083,0.000000000,0,12.600,38,19505,0,1,
112292343699667,112292340006897,112292341611645,112292343699667,1556,15.560000000,sine_f1,state,0,-0.053935927,2083,-0.058291270,2086,-0.239808239,10,0.023520000,-7,2.599000,-23,-0.053689328,2083,0.000000000,0,12.600,38,19515,0,1,
112292353694508,112292350008876,112292351607493,112292353694508,1557,15.570000000,sine_f1,state,0,-0.054630129,2084,-0.058291270,2086,-0.239808239,10,0.033600000,-10,3.164000,-28,-0.055223308,2084,0.000000000,0,12.600,38,19525,0,1,
112292363702447,112292360006690,112292361607478,112292363702447,1558,15.580000000,sine_f1,state,0,-0.055310851,2084,-0.056757289,2085,-0.239808239,10,0.013440000,-4,3.277000,-29,-0.055223308,2084,0.000000000,0,12.600,38,19535,0,1,
112292373696816,112292370007798,112292371609399,112292373696816,1559,15.590000000,sine_f1,state,0,-0.055977926,2084,-0.056757289,2085,-0.191846591,8,0.010080000,-3,2.938000,-26,-0.055223308,2084,0.000000000,0,12.600,38,19545,0,1,
112292383705064,112292380006514,112292381612493,112292383705064,1560,15.600000000,sine_f1,state,0,-0.056631190,2085,-0.055223308,2084,-0.119904120,5,0.000000000,0,1.582000,-14,-0.056757289,2085,0.000000000,0,12.600,38,19555,0,1,
112292393702377,112292390011215,112292391609011,112292393702377,1561,15.610000000,sine_f1,state,0,-0.057270480,2085,-0.055223308,2084,-0.047961648,2,-0.006720000,2,0.113000,-1,-0.056757289,2085,0.000000000,0,12.600,38,19565,0,1,
112292403695865,112292400007441,112292401606001,112292403695865,1562,15.620000000,sine_f1,state,0,-0.057895640,2086,-0.055223308,2084,0.000000000,0,-0.003360000,1,-0.791000,7,-0.058291270,2086,0.000000000,0,12.600,38,19575,0,1,
112292413692317,112292410009016,112292411603436,112292413692317,1563,15.630000000,sine_f1,state,0,-0.058506515,2086,-0.055223308,2084,0.000000000,0,-0.016800000,5,-0.904000,8,-0.058291270,2086,0.000000000,0,12.600,38,19585,0,1,
112292423686299,112292420007725,112292421608407,112292423686299,1564,15.640000000,sine_f1,state,0,-0.059102955,2087,-0.055223308,2084,0.023980824,-1,-0.016800000,5,-1.017000,9,-0.059825251,2087,0.000000000,0,12.600,38,19595,0,1,
112292433703599,112292430006503,112292431608907,112292433703599,1565,15.650000000,sine_f1,state,0,-0.059684812,2087,-0.055223308,2084,0.023980824,-1,-0.026880000,8,-1.243000,11,-0.059825251,2087,0.000000000,0,12.600,38,19605,0,1,
112292443698758,112292440006966,112292441608052,112292443698758,1566,15.660000000,sine_f1,state,0,-0.060251942,2087,-0.055223308,2084,0.000000000,0,-0.023520000,7,-1.130000,10,-0.059825251,2087,0.000000000,0,12.600,38,19615,0,1,
112292453694978,112292450006434,112292451612701,112292453694978,1567,15.670000000,sine_f1,state,0,-0.060804206,2088,-0.055223308,2084,0.000000000,0,-0.026880000,8,-1.130000,10,-0.061359232,2088,0.000000000,0,12.500,38,19625,0,1,
112292463696337,112292460007061,112292461606527,112292463696337,1568,15.680000000,sine_f1,state,0,-0.061341468,2088,-0.055223308,2084,0.000000000,0,-0.033600000,10,-1.356000,12,-0.061359232,2088,0.000000000,0,12.500,38,19635,0,1,
112292473701373,112292470007245,112292471614636,112292473701373,1569,15.690000000,sine_f1,state,0,-0.061863594,2088,-0.055223308,2084,0.000000000,0,-0.030240000,9,-1.469000,13,-0.061359232,2088,0.000000000,0,12.500,38,19645,0,1,
112292483706325,112292480009276,112292481609341,112292483706325,1570,15.700000000,sine_f1,state,0,-0.062370457,2089,-0.055223308,2084,0.000000000,0,-0.033600000,10,-1.582000,14,-0.062893212,2089,0.000000000,0,12.500,38,19655,0,1,
112292493701392,112292490009219,112292491609341,112292493701392,1571,15.710000000,sine_f1,state,0,-0.062861930,2089,-0.055223308,2084,0.000000000,0,-0.043680000,13,-1.695000,15,-0.062893212,2089,0.000000000,0,12.500,38,19665,0,1,
112292503695754,112292500006376,112292501618234,112292503695754,1572,15.720000000,sine_f1,state,0,-0.063337894,2089,-0.055223308,2084,0.000000000,0,-0.033600000,10,-2.486000,22,-0.062893212,2089,0.000000000,0,12.500,38,19675,0,1,
112292513692453,112292510006257,112292511612982,112292513692453,1573,15.730000000,sine_f1,state,0,-0.063798229,2090,-0.055223308,2084,0.000000000,0,-0.036960000,11,-4.520000,40,-0.064427193,2090,0.000000000,0,12.500,38,19685,0,1,
112292523627235,112292520011636,112292521551769,112292523627235,1574,15.740000000,sine_f1,state,0,-0.064242824,2090,-0.058291270,2086,0.000000000,0,-0.030240000,9,-7.571000,67,-0.064427193,2090,0.000000000,0,12.500,38,19695,0,1,
112292533633232,112292530007492,112292531544769,112292533633232,1575,15.750000000,sine_f1,state,0,-0.064671567,2090,-0.059825251,2087,-0.023980824,1,-0.023520000,7,-10.735000,95,-0.064427193,2090,0.000000000,0,12.500,38,19705,0,1,
112292543623245,112292540009372,112292541542154,112292543623245,1576,15.760000000,sine_f1,state,0,-0.065084354,2090,-0.064427193,2090,-0.047961648,2,-0.003360000,1,-10.622000,94,-0.064427193,2090,0.000000000,0,12.500,38,19715,0,1,
112292553634178,112292550007529,112292551538420,112292553634178,1577,15.770000000,sine_f1,state,0,-0.065481082,2091,-0.069029135,2093,-0.095923296,4,-0.030240000,9,-1.695000,15,-0.065961174,2091,0.000000000,0,12.500,38,19725,0,1,
112292563698086,112292560006795,112292561607964,112292563698086,1578,15.780000000,sine_f1,state,0,-0.065861654,2091,-0.072097097,2095,-0.143884944,6,0.033600000,-10,0.339000,-3,-0.065961174,2091,0.000000000,0,12.500,38,19735,0,1,
112292573698455,112292570006893,112292571609850,112292573698455,1579,15.790000000,sine_f1,state,0,-0.066225975,2091,-0.072097097,2095,-0.191846591,8,0.026880000,-8,2.599000,-23,-0.065961174,2091,0.000000000,0,12.500,38,19745,0,1,
112292583699536,112292580011631,112292581611883,112292583699536,1580,15.800000000,sine_f1,state,0,-0.066573956,2091,-0.070563116,2094,-0.215827415,9,0.033600000,-10,3.390000,-30,-0.065961174,2091,0.000000000,0,12.500,38,19755,0,1,
112292593707900,112292590007511,112292591607321,112292593707900,1581,15.810000000,sine_f1,state,0,-0.066905511,2092,-0.070563116,2094,-0.215827415,9,0.030240000,-9,3.277000,-29,-0.067495155,2092,0.000000000,0,12.500,38,19765,0,1,
112292603692552,112292600008823,112292601607039,112292603692552,1582,15.820000000,sine_f1,state,0,-0.067220558,2092,-0.070563116,2094,-0.191846591,8,0.023520000,-7,1.695000,-15,-0.067495155,2092,0.000000000,0,12.500,38,19775,0,1,
112292613705148,112292610007809,112292611610794,112292613705148,1583,15.830000000,sine_f1,state,0,-0.067519019,2092,-0.069029135,2093,-0.119904120,5,0.010080000,-3,3.277000,-29,-0.067495155,2092,0.000000000,0,12.500,38,19785,0,1,
112292623691749,112292620006927,112292621613768,112292623691749,1584,15.840000000,sine_f1,state,0,-0.067800821,2092,-0.067495155,2092,-0.071942472,3,0.003360000,-1,2.486000,-22,-0.067495155,2092,0.000000000,0,12.500,38,19795,0,1,
112292633703709,112292630006543,112292631607557,112292633703709,1585,15.850000000,sine_f1,state,0,-0.068065894,2092,-0.067495155,2092,0.000000000,0,0.000000000,0,1.243000,-11,-0.067495155,2092,0.000000000,0,12.500,38,19805,0,1,
112292643701549,112292640006717,112292641608216,112292643701549,1586,15.860000000,sine_f1,state,0,-0.068314173,2093,-0.067495155,2092,0.023980824,-1,0.000000000,0,0.226000,-2,-0.069029135,2093,0.000000000,0,12.500,38,19815,0,1,
112292653698585,112292650006987,112292651609827,112292653698585,1587,15.870000000,sine_f1,state,0,-0.068545597,2093,-0.067495155,2092,0.023980824,-1,-0.006720000,2,-0.791000,7,-0.069029135,2093,0.000000000,0,12.500,38,19825,0,1,
112292663682000,112292660006987,112292661608851,112292663682000,1588,15.880000000,sine_f1,state,0,-0.068760108,2093,-0.065961174,2091,0.023980824,-1,-0.010080000,3,-1.017000,9,-0.069029135,2093,0.000000000,0,12.500,38,19835,0,1,
112292673672356,112292670007058,112292671609256,112292673672356,1589,15.890000000,sine_f1,state,0,-0.068957653,2093,-0.067495155,2092,0.023980824,-1,-0.006720000,2,-0.791000,7,-0.069029135,2093,0.000000000,0,12.500,38,19845,0,1,
112292683683733,112292680010273,112292681608839,112292683683733,1590,15.900000000,sine_f1,state,0,-0.069138184,2093,-0.067495155,2092,0.023980824,-1,-0.010080000,3,-0.791000,7,-0.069029135,2093,0.000000000,0,12.500,38,19855,0,1,
112292693686314,112292690008839,112292691610471,112292693686314,1591,15.910000000,sine_f1,state,0,-0.069301656,2093,-0.067495155,2092,0.000000000,0,-0.010080000,3,-0.904000,8,-0.069029135,2093,0.000000000,0,12.500,38,19865,0,1,
112292703678844,112292700006328,112292701602825,112292703678844,1592,15.920000000,sine_f1,state,0,-0.069448029,2093,-0.067495155,2092,0.000000000,0,-0.010080000,3,-0.904000,8,-0.069029135,2093,0.000000000,0,12.500,38,19875,0,1,
112292713677602,112292710006560,112292711588720,112292713677602,1593,15.930000000,sine_f1,state,0,-0.069577267,2093,-0.067495155,2092,0.000000000,0,-0.016800000,5,-1.017000,9,-0.069029135,2093,0.000000000,0,12.500,38,19885,0,1,
112292723675284,112292720007164,112292721589521,112292723675284,1594,15.940000000,sine_f1,state,0,-0.069689338,2093,-0.067495155,2092,0.000000000,0,-0.010080000,3,-0.791000,7,-0.069029135,2093,0.000000000,0,12.500,38,19895,0,1,
112292733675811,112292730006544,112292731609791,112292733675811,1595,15.950000000,sine_f1,state,0,-0.069784213,2093,-0.065961174,2091,0.000000000,0,-0.003360000,1,-0.791000,7,-0.069029135,2093,0.000000000,0,12.500,38,19905,0,1,
112292743672716,112292740009464,112292741609135,112292743672716,1596,15.960000000,sine_f1,state,0,-0.069861871,2094,-0.067495155,2092,0.000000000,0,-0.006720000,2,-0.791000,7,-0.070563116,2094,0.000000000,0,12.500,38,19915,0,1,
112292753674192,112292750006951,112292751610572,112292753674192,1597,15.970000000,sine_f1,state,0,-0.069922291,2094,-0.065961174,2091,0.000000000,0,-0.016800000,5,-1.017000,9,-0.070563116,2094,0.000000000,0,12.500,38,19925,0,1,
112292763685281,112292760006931,112292761617314,112292763685281,1598,15.980000000,sine_f1,state,0,-0.069965459,2094,-0.065961174,2091,0.000000000,0,-0.016800000,5,-0.904000,8,-0.070563116,2094,0.000000000,0,12.500,38,19935,0,1,
112292773611827,112292770007009,112292771612525,112292773611827,1599,15.990000000,sine_f1,hardware_error,0,-0.069991364,2094,,,,,,,,,,,,,,,,,,0
112292783673689,112292780006788,112292781587439,112292783673689,1600,16.000000000,sine_f1,state,0,-0.070000000,2094,-0.065961174,2091,0.000000000,0,-0.020160000,6,-1.130000,10,-0.070563116,2094,0.000000000,0,12.500,38,19955,0,1,
112292793680155,112292790007209,112292791609177,112292793680155,1601,16.010000000,sine_f1,state,0,-0.069991364,2094,-0.065961174,2091,0.000000000,0,-0.020160000,6,-1.130000,10,-0.070563116,2094,0.000000000,0,12.500,38,19965,0,1,
112292803676270,112292800009425,112292801612309,112292803676270,1602,16.020000000,sine_f1,state,0,-0.069965459,2094,-0.067495155,2092,0.000000000,0,-0.020160000,6,-0.904000,8,-0.070563116,2094,0.000000000,0,12.500,38,19975,0,1,
112292813676801,112292810006326,112292811590997,112292813676801,1603,16.030000000,sine_f1,state,0,-0.069922291,2094,-0.065961174,2091,0.000000000,0,-0.016800000,5,-0.904000,8,-0.070563116,2094,0.000000000,0,12.500,38,19985,0,1,
112292823677257,112292820006571,112292821590928,112292823677257,1604,16.040000000,sine_f1,state,0,-0.069861871,2094,-0.067495155,2092,0.000000000,0,-0.020160000,6,-0.904000,8,-0.070563116,2094,0.000000000,0,12.500,38,19995,0,1,
112292833674921,112292830006710,112292831591612,112292833674921,1605,16.050000000,sine_f1,state,0,-0.069784213,2093,-0.067495155,2092,0.000000000,0,-0.023520000,7,-1.130000,10,-0.069029135,2093,0.000000000,0,12.500,38,20005,0,1,
112292843674125,112292840006506,112292841585952,112292843674125,1606,16.060000000,sine_f1,state,0,-0.069689338,2093,-0.065961174,2091,0.000000000,0,-0.006720000,2,-0.791000,7,-0.069029135,2093,0.000000000,0,12.500,38,20015,0,1,
112292853674452,112292850006557,112292851606718,112292853674452,1607,16.070000000,sine_f1,state,0,-0.069577267,2093,-0.067495155,2092,0.000000000,0,-0.010080000,3,-0.904000,8,-0.069029135,2093,0.000000000,0,12.500,38,20025,0,1,
112292863676980,112292860006830,112292861616478,112292863676980,1608,16.080000000,sine_f1,state,0,-0.069448029,2093,-0.065961174,2091,0.000000000,0,-0.006720000,2,-0.791000,7,-0.069029135,2093,0.000000000,0,12.500,38,20035,0,1,
112292873673643,112292870006981,112292871592240,112292873673643,1609,16.090000000,sine_f1,state,0,-0.069301656,2093,-0.067495155,2092,0.000000000,0,-0.010080000,3,-0.678000,6,-0.069029135,2093,0.000000000,0,12.500,38,20045,0,1,
112292883674371,112292880006819,112292881589629,112292883674371,1610,16.100000000,sine_f1,state,0,-0.069138184,2093,-0.067495155,2092,0.000000000,0,-0.013440000,4,-0.904000,8,-0.069029135,2093,0.000000000,0,12.500,38,20055,0,1,
112292893678689,112292890006853,112292891594157,112292893678689,1611,16.110000000,sine_f1,state,0,-0.068957653,2093,-0.067495155,2092,0.000000000,0,-0.010080000,3,-1.017000,9,-0.069029135,2093,0.000000000,0,12.500,38,20065,0,1,
112292903676753,112292900007191,112292901603734,112292903676753,1612,16.120000000,sine_f1,state,0,-0.068760108,2093,-0.067495155,2092,0.000000000,0,-0.006720000,2,-0.904000,8,-0.069029135,2093,0.000000000,0,12.500,38,20075,0,1,
112292913675204,112292910008602,112292911606307,112292913675204,1613,16.130000000,sine_f1,state,0,-0.068545597,2093,-0.067495155,2092,0.000000000,0,-0.010080000,3,-1.017000,9,-0.069029135,2093,0.000000000,0,12.500,38,20085,0,1,
112292923674593,112292920006377,112292921594457,112292923674593,1614,16.140000000,sine_f1,state,0,-0.068314173,2093,-0.067495155,2092,0.000000000,0,-0.010080000,3,-1.017000,9,-0.069029135,2093,0.000000000,0,12.500,38,20095,0,1,
112292933670467,112292930007057,112292931608075,112292933670467,1615,16.150000000,sine_f1,state,0,-0.068065894,2092,-0.067495155,2092,0.000000000,0,-0.006720000,2,-0.904000,8,-0.067495155,2092,0.000000000,0,12.500,38,20105,0,1,
112292943684183,112292940006683,112292941607315,112292943684183,1616,16.160000000,sine_f1,state,0,-0.067800821,2092,-0.067495155,2092,0.000000000,0,0.000000000,0,0.113000,-1,-0.067495155,2092,0.000000000,0,12.500,38,20115,0,1,
112292953690609,112292950007202,112292951612682,112292953690609,1617,16.170000000,sine_f1,state,0,-0.067519019,2092,-0.067495155,2092,0.000000000,0,-0.003360000,1,-0.113000,1,-0.067495155,2092,0.000000000,0,12.500,38,20125,0,1,
112292963688014,112292960007251,112292961615207,112292963688014,1618,16.180000000,sine_f1,state,0,-0.067220558,2092,-0.067495155,2092,0.000000000,0,0.000000000,0,0.113000,-1,-0.067495155,2092,0.000000000,0,12.500,38,20135,0,1,
112292973669852,112292970008636,112292971607438,112292973669852,1619,16.190000000,sine_f1,state,0,-0.066905511,2092,-0.067495155,2092,0.000000000,0,0.000000000,0,-0.113000,1,-0.067495155,2092,0.000000000,0,12.500,38,20145,0,1,
112292983667887,112292980007337,112292981593340,112292983667887,1620,16.200000000,sine_f1,state,0,-0.066573956,2091,-0.065961174,2091,0.000000000,0,0.000000000,0,0.000000,0,-0.065961174,2091,0.000000000,0,12.500,38,20155,0,1,
112292993681131,112292990017627,112292991595042,112292993681131,1621,16.210000000,sine_f1,state,0,-0.066225975,2091,-0.065961174,2091,0.000000000,0,0.000000000,0,1.356000,-12,-0.065961174,2091,0.000000000,0,12.500,38,20165,0,1,
112293003676546,112293000009512,112293001614816,112293003676546,1622,16.220000000,sine_f1,state,0,-0.065861654,2091,-0.067495155,2092,0.000000000,0,0.003360000,-1,1.582000,-14,-0.065961174,2091,0.000000000,0,12.500,38,20175,0,1,
112293013669604,112293010011566,112293011602117,112293013669604,1623,16.230000000,sine_f1,state,0,-0.065481082,2091,-0.065961174,2091,0.000000000,0,0.000000000,0,1.695000,-15,-0.065961174,2091,0.000000000,0,12.500,38,20185,0,1,
112293023674264,112293020007025,112293021585491,112293023674264,1624,16.240000000,sine_f1,state,0,-0.065084354,2090,-0.065961174,2091,0.000000000,0,0.000000000,0,1.695000,-15,-0.064427193,2090,0.000000000,0,12.500,38,20195,0,1,
112293033684285,112293030006562,112293031606079,112293033684285,1625,16.250000000,sine_f1,state,0,-0.064671567,2090,-0.065961174,2091,0.000000000,0,0.003360000,-1,3.051000,-27,-0.064427193,2090,0.000000000,0,12.500,38,20205,0,1,
112293043676092,112293040009718,112293041569280,112293043676092,1626,16.260000000,sine_f1,state,0,-0.064242824,2090,-0.065961174,2091,0.000000000,0,0.010080000,-3,3.051000,-27,-0.064427193,2090,0.000000000,0,12.500,38,20215,0,1,
112293053668291,112293050007230,112293051569507,112293053668291,1627,16.270000000,sine_f1,state,0,-0.063798229,2090,-0.064427193,2090,0.000000000,0,0.003360000,-1,2.147000,-19,-0.064427193,2090,0.000000000,0,12.500,38,20225,0,1,
112293063679822,112293060006673,112293061569422,112293063679822,1628,16.280000000,sine_f1,state,0,-0.063337894,2089,-0.064427193,2090,0.000000000,0,0.000000000,0,1.130000,-10,-0.062893212,2089,0.000000000,0,12.500,38,20235,0,1,
112293073675641,112293070006803,112293071569672,112293073675641,1629,16.290000000,sine_f1,state,0,-0.062861930,2089,-0.062893212,2089,0.023980824,-1,0.000000000,0,1.356000,-12,-0.062893212,2089,0.000000000,0,12.500,38,20245,0,1,
112293083662916,112293080010240,112293081570037,112293083662916,1630,16.300000000,sine_f1,state,0,-0.062370457,2089,-0.062893212,2089,0.023980824,-1,0.000000000,0,1.808000,-16,-0.062893212,2089,0.000000000,0,12.500,38,20255,0,1,
112293093673440,112293090008108,112293091572308,112293093673440,1631,16.310000000,sine_f1,state,0,-0.061863594,2088,-0.062893212,2089,0.023980824,-1,0.000000000,0,1.695000,-15,-0.061359232,2088,0.000000000,0,12.500,38,20265,0,1,
112293103673974,112293100008880,112293101573769,112293103673974,1632,16.320000000,sine_f1,state,0,-0.061341468,2088,-0.062893212,2089,0.023980824,-1,0.003360000,-1,2.825000,-25,-0.061359232,2088,0.000000000,0,12.500,38,20275,0,1,
112293113671951,112293110006354,112293111568714,112293113671951,1633,16.330000000,sine_f1,state,0,-0.060804206,2088,-0.061359232,2088,0.023980824,-1,0.003360000,-1,2.373000,-21,-0.061359232,2088,0.000000000,0,12.500,38,20285,0,1,
112293123645517,112293120006415,112293121567959,112293123645517,1634,16.340000000,sine_f1,state,0,-0.060251942,2087,-0.061359232,2088,0.023980824,-1,0.000000000,0,1.243000,-11,-0.059825251,2087,0.000000000,0,12.500,38,20295,0,1,
112293133650414,112293130006313,112293131570652,112293133650414,1635,16.350000000,sine_f1,state,0,-0.059684812,2087,-0.061359232,2088,0.023980824,-1,0.010080000,-3,3.051000,-27,-0.059825251,2087,0.000000000,0,12.500,38,20305,0,1,
112293143650188,112293140006847,112293141578440,112293143650188,1636,16.360000000,sine_f1,state,0,-0.059102955,2087,-0.061359232,2088,0.023980824,-1,0.006720000,-2,3.051000,-27,-0.059825251,2087,0.000000000,0,12.500,38,20315,0,1,
112293153659581,112293150009846,112293151570271,112293153659581,1637,16.370000000,sine_f1,state,0,-0.058506515,2086,-0.059825251,2087,0.023980824,-1,0.003360000,-1,2.712000,-24,-0.058291270,2086,0.000000000,0,12.500,38,20325,0,1,
112293163647047,112293160007449,112293161580229,112293163647047,1638,16.380000000,sine_f1,state,0,-0.057895640,2086,-0.058291270,2086,0.023980824,-1,0.010080000,-3,2.825000,-25,-0.058291270,2086,0.000000000,0,12.500,38,20335,0,1,
112293173646896,112293170007506,112293171578564,112293173646896,1639,16.390000000,sine_f1,state,0,-0.057270480,2085,-0.058291270,2086,0.023980824,-1,0.003360000,-1,1.695000,-15,-0.056757289,2085,0.000000000,0,12.500,38,20345,0,1,
112293183649984,112293180006726,112293181564377,112293183649984,1640,16.400000000,sine_f1,state,0,-0.056631190,2085,-0.056757289,2085,0.047961648,-2,0.003360000,-1,3.051000,-27,-0.056757289,2085,0.000000000,0,12.500,38,20355,0,1,
112293193652789,112293190006858,112293191569052,112293193652789,1641,16.410000000,sine_f1,state,0,-0.055977926,2084,-0.056757289,2085,0.047961648,-2,0.000000000,0,1.695000,-15,-0.055223308,2084,0.000000000,0,12.500,38,20365,0,1,
112293203653967,112293200009045,112293201567568,112293203653967,1642,16.420000000,sine_f1,state,0,-0.055310851,2084,-0.056757289,2085,0.047961648,-2,0.003360000,-1,3.051000,-27,-0.055223308,2084,0.000000000,0,12.500,38,20375,0,1,
112293213653219,112293210006402,112293211573891,112293213653219,1643,16.430000000,sine_f1,state,0,-0.054630129,2084,-0.055223308,2084,0.071942472,-3,0.000000000,0,1.695000,-15,-0.055223308,2084,0.000000000,0,12.500,38,20385,0,1,
112293223656612,112293220006474,112293221566995,112293223656612,1644,16.440000000,sine_f1,state,0,-0.053935927,2083,-0.055223308,2084,0.071942472,-3,0.000000000,0,0.113000,-1,-0.053689328,2083,0.000000000,0,12.500,38,20395,0,1,
112293233653126,112293230006786,112293231575972,112293233653126,1645,16.450000000,sine_f1,state,0,-0.053228418,2083,-0.053689328,2083,0.071942472,-3,0.003360000,-1,1.243000,-11,-0.053689328,2083,0.000000000,0,12.500,38,20405,0,1,
112293243650139,112293240006477,112293241573505,112293243650139,1646,16.460000000,sine_f1,state,0,-0.052507775,2082,-0.055223308,2084,0.047961648,-2,0.000000000,0,1.469000,-13,-0.052155347,2082,0.000000000,0,12.500,38,20415,0,1,
112293253654271,112293250010065,112293251569924,112293253654271,1647,16.470000000,sine_f1,state,0,-0.051774177,2082,-0.053689328,2083,0.047961648,-2,0.010080000,-3,3.164000,-28,-0.052155347,2082,0.000000000,0,12.500,38,20425,0,1,
112293263654976,112293260007099,112293261570765,112293263654976,1648,16.480000000,sine_f1,state,0,-0.051027804,2081,-0.053689328,2083,0.047961648,-2,0.010080000,-3,3.277000,-29,-0.050621366,2081,0.000000000,0,12.500,38,20435,0,1,
112293273674042,112293270006916,112293271573668,112293273674042,1649,16.490000000,sine_f1,state,0,-0.050268841,2081,-0.052155347,2082,0.047961648,-2,0.010080000,-3,2.712000,-24,-0.050621366,2081,0.000000000,0,12.500,38,20445,0,1,
112293283657854,112293280006560,112293281564121,112293283657854,1650,16.500000000,sine_f1,state,0,-0.049497475,2080,-0.050621366,2081,0.047961648,-2,0.003360000,-1,2.825000,-25,-0.049087385,2080,0.000000000,0,12.500,38,20455,0,1,
112293293651898,112293290007393,112293291571615,112293293651898,1651,16.510000000,sine_f1,state,0,-0.048713896,2080,-0.050621366,2081,0.047961648,-2,0.010080000,-3,3.051000,-27,-0.049087385,2080,0.000000000,0,12.500,38,20465,0,1,
112293303644078,112293300007105,112293301568492,112293303644078,1652,16.520000000,sine_f1,state,0,-0.047918297,2079,-0.050621366,2081,0.047961648,-2,0.013440000,-4,3.051000,-27,-0.047553404,2079,0.000000000,0,12.500,38,20475,0,1,
112293313650829,112293310009857,112293311570088,112293313650829,1653,16.530000000,sine_f1,state,0,-0.047110876,2079,-0.049087385,2080,0.047961648,-2,0.013440000,-4,2.938000,-26,-0.047553404,2079,0.000000000,0,12.500,38,20485,0,1,
112293323650700,112293320006768,112293321571500,112293323650700,1654,16.540000000,sine_f1,state,0,-0.046291831,2078,-0.049087385,2080,0.047961648,-2,0.006720000,-2,2.825000,-25,-0.046019424,2078,0.000000000,0,12.500,38,20495,0,1,
112293333653498,112293330006335,112293331569605,112293333653498,1655,16.550000000,sine_f1,state,0,-0.045461363,2078,-0.047553404,2079,0.071942472,-3,0.003360000,-1,3.051000,-27,-0.046019424,2078,0.000000000,0,12.500,38,20505,0,1,
112293343654810,112293340006441,112293341573464,112293343654810,1656,16.560000000,sine_f1,state,0,-0.044619679,2077,-0.046019424,2078,0.071942472,-3,0.000000000,0,1.130000,-10,-0.044485443,2077,0.000000000,0,12.500,38,20515,0,1,
112293353661003,112293350006379,112293351565299,112293353661003,1657,16.570000000,sine_f1,state,0,-0.043766986,2077,-0.046019424,2078,0.071942472,-3,0.006720000,-2,3.051000,-27,-0.044485443,2077,0.000000000,0,12.500,38,20525,0,1,
112293363648270,112293360006872,112293361565406,112293363648270,1658,16.580000000,sine_f1,state,0,-0.042903494,2076,-0.044485443,2077,0.071942472,-3,0.003360000,-1,2.147000,-19,-0.042951462,2076,0.000000000,0,12.500,38,20535,0,1,
112293373647801,112293370007463,112293371570614,112293373647801,1659,16.590000000,sine_f1,state,0,-0.042029416,2075,-0.044485443,2077,0.071942472,-3,0.003360000,-1,2.825000,-25,-0.041417481,2075,0.000000000,0,12.500,38,20545,0,1,
112293383659246,112293380006722,112293381570562,112293383659246,1660,16.600000000,sine_f1,state,0,-0.041144968,2075,-0.041417481,2075,0.071942472,-3,0.003360000,-1,2.938000,-26,-0.041417481,2075,0.000000000,0,12.500,38,20555,0,1,
112293393649505,112293390006896,112293391568595,112293393649505,1661,16.610000000,sine_f1,state,0,-0.040250368,2074,-0.041417481,2075,0.071942472,-3,0.003360000,-1,1.808000,-16,-0.039883500,2074,0.000000000,0,12.500,38,20565,0,1,
112293403652521,112293400007352,112293401569631,112293403652521,1662,16.620000000,sine_f1,state,0,-0.039345836,2074,-0.039883500,2074,0.071942472,-3,0.006720000,-2,3.051000,-27,-0.039883500,2074,0.000000000,0,12.500,38,20575,0,1,
112293413649824,112293410008747,112293411568385,112293413649824,1663,16.630000000,sine_f1,state,0,-0.038431597,2073,-0.039883500,2074,0.071942472,-3,0.000000000,0,1.695000,-15,-0.038349520,2073,0.000000000,0,12.500,38,20585,0,1,
112293423648739,112293420007448,112293421571024,112293423648739,1664,16.640000000,sine_f1,state,0,-0.037507876,2072,-0.039883500,2074,0.071942472,-3,0.010080000,-3,3.277000,-29,-0.036815539,2072,0.000000000,0,12.500,38,20595,0,1,
112293433652978,112293430006800,112293431568693,112293433652978,1665,16.650000000,sine_f1,state,0,-0.036574900,2072,-0.038349520,2073,0.071942472,-3,0.010080000,-3,2.938000,-26,-0.036815539,2072,0.000000000,0,12.500,38,20605,0,1,
112293443656221,112293440010919,112293441582168,112293443656221,1666,16.660000000,sine_f1,state,0,-0.035632899,2071,-0.036815539,2072,0.071942472,-3,0.010080000,-3,1.808000,-16,-0.035281558,2071,0.000000000,0,12.500,38,20615,0,1,
112293453662664,112293450007153,112293451576950,112293453662664,1667,16.670000000,sine_f1,state,0,-0.034682107,2071,-0.036815539,2072,0.071942472,-3,0.003360000,-1,3.164000,-28,-0.035281558,2071,0.000000000,0,12.500,38,20625,0,1,
112293463651375,112293460006650,112293461545913,112293463651375,1668,16.680000000,sine_f1,state,0,-0.033722757,2070,-0.035281558,2071,0.071942472,-3,0.003360000,-1,1.808000,-16,-0.033747577,2070,0.000000000,0,12.500,38,20635,0,1,
112293473652384,112293470006832,112293471549671,112293473652384,1669,16.690000000,sine_f1,state,0,-0.032755087,2069,-0.033747577,2070,0.071942472,-3,0.003360000,-1,2.712000,-24,-0.032213597,2069,0.000000000,0,12.500,38,20645,0,1,
112293483663986,112293480013514,112293481562960,112293483663986,1670,16.700000000,sine_f1,state,0,-0.031779335,2069,-0.033747577,2070,0.071942472,-3,0.013440000,-4,3.051000,-27,-0.032213597,2069,0.000000000,0,12.500,38,20655,0,1,
112293493658702,112293490008305,112293491555123,112293493658702,1671,16.710000000,sine_f1,state,0,-0.030795742,2068,-0.032213597,2069,0.071942472,-3,0.003360000,-1,2.034000,-18,-0.030679616,2068,0.000000000,0,12.500,38,20665,0,1,
112293503663261,112293500008999,112293501551095,112293503663261,1672,16.720000000,sine_f1,state,0,-0.029804550,2067,-0.030679616,2068,0.071942472,-3,0.006720000,-2,2.599000,-23,-0.029145635,2067,0.000000000,0,12.500,38,20675,0,1,
112293513647863,112293510007143,112293511553001,112293513647863,1673,16.730000000,sine_f1,state,0,-0.028806005,2067,-0.029145635,2067,0.095923296,-4,0.010080000,-3,2.938000,-26,-0.029145635,2067,0.000000000,0,12.500,38,20685,0,1,
112293523650669,112293520006559,112293521556256,112293523650669,1674,16.740000000,sine_f1,state,0,-0.027800352,2066,-0.029145635,2067,0.095923296,-4,0.003360000,-1,1.921000,-17,-0.027611654,2066,0.000000000,0,12.500,38,20695,0,1,
112293533655643,112293530006440,112293531561785,112293533655643,1675,16.750000000,sine_f1,state,0,-0.026787840,2065,-0.029145635,2067,0.095923296,-4,0.006720000,-2,3.277000,-29,-0.026077673,2065,0.000000000,0,12.500,38,20705,0,1,
112293543628076,112293540006679,112293541556163,112293543628076,1676,16.760000000,sine_f1,state,0,-0.025768719,2065,-0.027611654,2066,0.095923296,-4,0.016800000,-5,2.486000,-22,-0.026077673,2065,0.000000000,0,12.500,38,20715,0,1,
112293553634517,112293550008842,112293551544853,112293553634517,1677,16.770000000,sine_f1,state,0,-0.024743239,2064,-0.026077673,2065,0.095923296,-4,0.003360000,-1,3.164000,-28,-0.024543693,2064,0.000000000,0,12.500,38,20725,0,1,
112293563628142,112293560006837,112293561546368,112293563628142,1678,16.780000000,sine_f1,state,0,-0.023711654,2063,-0.026077673,2065,0.095923296,-4,0.010080000,-3,2.938000,-26,-0.023009712,2063,0.000000000,0,12.500,38,20735,0,1,
112293573636949,112293570007206,112293571550122,112293573636949,1679,16.790000000,sine_f1,state,0,-0.022674219,2063,-0.024543693,2064,0.095923296,-4,0.013440000,-4,2.712000,-24,-0.023009712,2063,0.000000000,0,12.500,38,20745,0,1,
112293583636962,112293580010301,112293581549186,112293583636962,1680,16.800000000,sine_f1,state,0,-0.021631190,2062,-0.023009712,2063,0.095923296,-4,0.003360000,-1,3.051000,-27,-0.021475731,2062,0.000000000,0,12.500,38,20755,0,1,
112293593647384,112293590012071,112293591562240,112293593647384,1681,16.810000000,sine_f1,state,0,-0.020582823,2061,-0.023009712,2063,0.095923296,-4,0.010080000,-3,3.051000,-27,-0.019941750,2061,0.000000000,0,12.500,38,20765,0,1,
112293603650637,112293600008487,112293601549863,112293603650637,1682,16.820000000,sine_f1,state,0,-0.019529377,2061,-0.021475731,2062,0.095923296,-4,0.010080000,-3,3.164000,-28,-0.019941750,2061,0.000000000,0,12.500,38,20775,0,1,
112293613634757,112293610010100,112293611551056,112293613634757,1683,16.830000000,sine_f1,state,0,-0.018471113,2060,-0.021475731,2062,0.095923296,-4,0.006720000,-2,3.164000,-28,-0.018407769,2060,0.000000000,0,12.500,38,20785,0,1,
112293623636550,112293620006687,112293621542004,112293623636550,1684,16.840000000,sine_f1,state,0,-0.017408292,2059,-0.019941750,2061,0.095923296,-4,0.010080000,-3,2.938000,-26,-0.016873789,2059,0.000000000,0,12.500,38,20795,0,1,
112293633626020,112293630006580,112293631552628,112293633626020,1685,16.850000000,sine_f1,state,0,-0.016341175,2059,-0.018407769,2060,0.095923296,-4,0.006720000,-2,3.051000,-27,-0.016873789,2059,0.000000000,0,12.500,38,20805,0,1,
112293643628643,112293640006544,112293641548380,112293643628643,1686,16.860000000,sine_f1,state,0,-0.015270027,2058,-0.016873789,2059,0.095923296,-4,0.006720000,-2,2.147000,-19,-0.015339808,2058,0.000000000,0,12.500,38,20815,0,1,
112293653625977,112293650006632,112293651546996,112293653625977,1687,16.870000000,sine_f1,state,0,-0.014195111,2057,-0.016873789,2059,0.095923296,-4,0.010080000,-3,2.938000,-26,-0.013805827,2057,0.000000000,0,12.400,38,20825,0,1,
112293663635881,112293660007387,112293661542344,112293663635881,1688,16.880000000,sine_f1,state,0,-0.013116692,2057,-0.015339808,2058,0.095923296,-4,0.016800000,-5,3.051000,-27,-0.013805827,2057,0.000000000,0,12.500,38,20835,0,1,
112293673629410,112293670007663,112293671546719,112293673629410,1689,16.890000000,sine_f1,state,0,-0.012035037,2056,-0.013805827,2057,0.095923296,-4,0.003360000,-1,1.582000,-14,-0.012271846,2056,0.000000000,0,12.500,38,20845,0,1,
112293683633168,112293680007488,112293681549499,112293683633168,1690,16.900000000,sine_f1,state,0,-0.010950413,2055,-0.013805827,2057,0.095923296,-4,0.010080000,-3,3.051000,-27,-0.010737866,2055,0.000000000,0,12.500,38,20855,0,1,
112293693635210,112293690006452,112293691555225,112293693635210,1691,16.910000000,sine_f1,state,0,-0.009863086,2054,-0.012271846,2056,0.095923296,-4,0.010080000,-3,2.712000,-24,-0.009203885,2054,0.000000000,0,12.500,38,20865,0,1,
112293703642317,112293700007305,112293701551517,112293703642317,1692,16.920000000,sine_f1,state,0,-0.008773326,2054,-0.012271846,2056,0.095923296,-4,0.016800000,-5,2.938000,-26,-0.009203885,2054,0.000000000,0,12.500,38,20875,0,1,
112293713631120,112293710010653,112293711550303,112293713631120,1693,16.930000000,sine_f1,state,0,-0.007681402,2053,-0.010737866,2055,0.095923296,-4,0.003360000,-1,2.825000,-25,-0.007669904,2053,0.000000000,0,12.500,38,20885,0,1,
112293723622391,112293720006348,112293721557045,112293723622391,1694,16.940000000,sine_f1,state,0,-0.006587582,2052,-0.010737866,2055,0.095923296,-4,0.013440000,-4,2.825000,-25,-0.006135923,2052,0.000000000,0,12.500,38,20895,0,1,
112293733633211,112293730006457,112293731548286,112293733633211,1695,16.950000000,sine_f1,state,0,-0.005492137,2052,-0.009203885,2054,0.095923296,-4,0.020160000,-6,2.825000,-25,-0.006135923,2052,0.000000000,0,12.500,38,20905,0,1,
112293743626381,112293740006320,112293741545756,112293743626381,1696,16.960000000,sine_f1,state,0,-0.004395336,2051,-0.007669904,2053,0.095923296,-4,0.003360000,-1,2.712000,-24,-0.004601942,2051,0.000000000,0,12.500,38,20915,0,1,
112293753629318,112293750006511,112293751547696,112293753629318,1697,16.970000000,sine_f1,state,0,-0.003297452,2050,-0.006135923,2052,0.095923296,-4,0.016800000,-5,2.938000,-26,-0.003067962,2050,0.000000000,0,12.500,38,20925,0,1,
112293763642975,112293760009753,112293761546193,112293763642975,1698,16.980000000,sine_f1,state,0,-0.002198753,2049,-0.006135923,2052,0.095923296,-4,0.016800000,-5,3.051000,-27,-0.001533981,2049,0.000000000,0,12.500,38,20935,0,1,
112293773564058,112293770006665,112293771545671,112293773564058,1699,16.990000000,sine_f1,hardware_error,0,-0.001099512,2049,,,,,,,,,,,,,,,,,,0
112293783628963,112293780006529,112293781542611,112293783628963,1700,17.000000000,sine_f1,state,0,-0.000000000,2048,-0.004601942,2051,0.095923296,-4,0.020160000,-6,2.825000,-25,0.000000000,2048,0.000000000,0,12.500,38,20955,0,1,
112293793634920,112293790006659,112293791558885,112293793634920,1701,17.010000000,sine_f1,state,0,0.001099512,2047,-0.003067962,2050,0.071942472,-3,0.020160000,-6,3.164000,-28,0.001533981,2047,0.000000000,0,12.500,38,20965,0,1,
112293803625402,112293800006230,112293801544701,112293803625402,1702,17.020000000,sine_f1,state,0,0.002198753,2047,-0.001533981,2049,0.095923296,-4,0.016800000,-5,3.164000,-28,0.001533981,2047,0.000000000,0,12.500,38,20975,0,1,
112293813636296,112293810007023,112293811543060,112293813636296,1703,17.030000000,sine_f1,state,0,0.003297452,2046,-0.001533981,2049,0.095923296,-4,0.010080000,-3,3.051000,-27,0.003067962,2046,0.000000000,0,12.500,38,20985,0,1,
112293823623698,112293820008879,112293821542225,112293823623698,1704,17.040000000,sine_f1,state,0,0.004395336,2045,0.000000000,2048,0.095923296,-4,0.020160000,-6,2.938000,-26,0.004601942,2045,0.000000000,0,12.500,38,20995,0,1,
112293833630586,112293830006823,112293831556081,112293833630586,1705,17.050000000,sine_f1,state,0,0.005492137,2044,0.001533981,2047,0.095923296,-4,0.020160000,-6,3.051000,-27,0.006135923,2044,0.000000000,0,12.500,38,21005,0,1,
112293843629694,112293840006478,112293841547520,112293843629694,1706,17.060000000,sine_f1,state,0,0.006587582,2044,0.001533981,2047,0.095923296,-4,0.023520000,-7,2.938000,-26,0.006135923,2044,0.000000000,0,12.500,38,21015,0,1,
112293853631133,112293850007311,112293851547876,112293853631133,1707,17.070000000,sine_f1,state,0,0.007681402,2043,0.004601942,2045,0.095923296,-4,0.023520000,-7,2.712000,-24,0.007669904,2043,0.000000000,0,12.500,38,21025,0,1,
112293863641540,112293860006449,112293861546784,112293863641540,1708,17.080000000,sine_f1,state,0,0.008773326,2042,0.004601942,2045,0.095923296,-4,0.020160000,-6,2.938000,-26,0.009203885,2042,0.000000000,0,12.500,38,21035,0,1,
112293873633878,112293870009570,112293871555456,112293873633878,1709,17.090000000,sine_f1,state,0,0.009863086,2042,0.006135923,2044,0.095923296,-4,0.023520000,-7,3.051000,-27,0.009203885,2042,0.000000000,0,12.500,38,21045,0,1,
112293883629868,112293880006992,112293881552086,112293883629868,1710,17.100000000,sine_f1,state,0,0.010950413,2041,0.006135923,2044,0.095923296,-4,0.020160000,-6,2.712000,-24,0.010737866,2041,0.000000000,0,12.500,38,21055,0,1,
112293893630045,112293890006971,112293891526269,112293893630045,1711,17.110000000,sine_f1,state,0,0.012035037,2040,0.007669904,2043,0.095923296,-4,0.023520000,-7,2.938000,-26,0.012271846,2040,0.000000000,0,12.500,38,21065,0,1,
112293903627033,112293900007044,112293901530117,112293903627033,1712,17.120000000,sine_f1,state,0,0.013116692,2039,0.007669904,2043,0.095923296,-4,0.023520000,-7,3.051000,-27,0.013805827,2039,0.000000000,0,12.400,38,21075,0,1,
112293913630026,112293910007287,112293911530810,112293913630026,1713,17.130000000,sine_f1,state,0,0.014195111,2039,0.009203885,2042,0.095923296,-4,0.030240000,-9,2.712000,-24,0.013805827,2039,0.000000000,0,12.500,38,21085,0,1,
112293923625325,112293920007200,112293921544596,112293923625325,1714,17.140000000,sine_f1,state,0,0.015270027,2038,0.010737866,2041,0.095923296,-4,0.016800000,-5,3.051000,-27,0.015339808,2038,0.000000000,0,12.500,38,21095,0,1,
112293933628821,112293930011686,112293931541385,112293933628821,1715,17.150000000,sine_f1,state,0,0.016341175,2037,0.012271846,2040,0.095923296,-4,0.020160000,-6,2.938000,-26,0.016873789,2037,0.000000000,0,12.500,38,21105,0,1,
112293943612771,112293940006758,112293941554015,112293943612771,1716,17.160000000,sine_f1,state,0,0.017408292,2037,0.013805827,2039,0.095923296,-4,0.026880000,-8,2.486000,-22,0.016873789,2037,0.000000000,0,12.500,38,21115,0,1,
112293953639721,112293950007579,112293951533183,112293953639721,1717,17.170000000,sine_f1,state,0,0.018471113,2036,0.013805827,2039,0.095923296,-4,0.016800000,-5,2.825000,-25,0.018407769,2036,0.000000000,0,12.500,38,21125,0,1,
112293963583271,112293960006836,112293961527210,112293963583271,1718,17.180000000,sine_f1,state,0,0.019529377,2035,0.015339808,2038,0.095923296,-4,0.020160000,-6,3.164000,-28,0.019941750,2035,0.000000000,0,12.500,38,21135,0,1,
112293973612539,112293970009537,112293971543224,112293973612539,1719,17.190000000,sine_f1,state,0,0.020582823,2035,0.015339808,2038,0.095923296,-4,0.026880000,-8,3.164000,-28,0.019941750,2035,0.000000000,0,12.500,38,21145,0,1,
112293983602922,112293980007053,112293981527089,112293983602922,1720,17.200000000,sine_f1,state,0,0.021631190,2034,0.016873789,2037,0.095923296,-4,0.013440000,-4,3.164000,-28,0.021475731,2034,0.000000000,0,12.500,38,21155,0,1,
112293993612503,112293990006871,112293991526862,112293993612503,1721,17.210000000,sine_f1,state,0,0.022674219,2033,0.018407769,2036,0.095923296,-4,0.016800000,-5,3.051000,-27,0.023009712,2033,0.000000000,0,12.500,38,21165,0,1,
112294003606888,112294000007203,112294001524557,112294003606888,1722,17.220000000,sine_f1,state,0,0.023711654,2033,0.018407769,2036,0.095923296,-4,0.026880000,-8,2.599000,-23,0.023009712,2033,0.000000000,0,12.500,38,21174,0,1,
112294013613224,112294010006809,112294011525859,112294013613224,1723,17.230000000,sine_f1,state,0,0.024743239,2032,0.019941750,2035,0.095923296,-4,0.023520000,-7,3.051000,-27,0.023009712,2033,0.000000000,0,12.500,38,21184,0,1,
112294023608619,112294020007470,112294021530995,112294023608619,1724,17.240000000,sine_f1,state,0,0.025768719,2031,0.021475731,2034,0.095923296,-4,0.016800000,-5,3.164000,-28,0.026077673,2031,0.000000000,0,12.500,38,21195,0,1,
112294033614752,112294030008870,112294031535077,112294033614752,1725,17.250000000,sine_f1,state,0,0.026787840,2031,0.023009712,2033,0.095923296,-4,0.020160000,-6,2.825000,-25,0.026077673,2031,0.000000000,0,12.500,38,21204,0,1,
112294043615387,112294040006790,112294041524478,112294043615387,1726,17.260000000,sine_f1,state,0,0.027800352,2030,0.023009712,2033,0.095923296,-4,0.016800000,-5,3.051000,-27,0.027611654,2030,0.000000000,0,12.500,38,21215,0,1,
112294053617815,112294050006228,112294051528088,112294053617815,1727,17.270000000,sine_f1,state,0,0.028806005,2029,0.024543693,2032,0.095923296,-4,0.020160000,-6,2.712000,-24,0.029145635,2029,0.000000000,0,12.500,38,21225,0,1,
112294063613876,112294060006596,112294061521358,112294063613876,1728,17.280000000,sine_f1,state,0,0.029804550,2029,0.026077673,2031,0.095923296,-4,0.023520000,-7,2.599000,-23,0.029145635,2029,0.000000000,0,12.500,38,21234,0,1,
112294073614661,112294070007252,112294071529622,112294073614661,1729,17.290000000,sine_f1,state,0,0.030795742,2028,0.026077673,2031,0.095923296,-4,0.020160000,-6,2.825000,-25,0.029145635,2029,0.000000000,0,12.500,38,21244,0,1,
112294083611960,112294080010922,112294081520552,112294083611960,1730,17.300000000,sine_f1,state,0,0.031779335,2027,0.027611654,2030,0.095923296,-4,0.016800000,-5,2.938000,-26,0.032213597,2027,0.000000000,0,12.500,38,21255,0,1,
112294093607636,112294090007165,112294091522330,112294093607636,1731,17.310000000,sine_f1,state,0,0.032755087,2027,0.027611654,2030,0.095923296,-4,0.013440000,-4,2.712000,-24,0.032213597,2027,0.000000000,0,12.400,38,21265,0,1,
112294103616646,112294100006322,112294101528708,112294103616646,1732,17.320000000,sine_f1,state,0,0.033722757,2026,0.029145635,2029,0.095923296,-4,0.020160000,-6,2.938000,-26,0.032213597,2027,0.000000000,0,12.500,38,21274,0,1,
112294113611197,112294110006340,112294111530988,112294113611197,1733,17.330000000,sine_f1,state,0,0.034682107,2025,0.030679616,2028,0.095923296,-4,0.020160000,-6,3.051000,-27,0.035281558,2025,0.000000000,0,12.500,38,21285,0,1,
112294123611385,112294120007128,112294121527437,112294123611385,1734,17.340000000,sine_f1,state,0,0.035632899,2025,0.030679616,2028,0.095923296,-4,0.020160000,-6,2.825000,-25,0.035281558,2025,0.000000000,0,12.400,38,21294,0,1,
112294133609621,112294130008117,112294131526880,112294133609621,1735,17.350000000,sine_f1,state,0,0.036574900,2024,0.033747577,2026,0.095923296,-4,0.013440000,-4,3.051000,-27,0.035281558,2025,0.000000000,0,12.500,38,21304,0,1,
112294143616765,112294140006158,112294141531132,112294143616765,1736,17.360000000,sine_f1,state,0,0.037507876,2024,0.033747577,2026,0.095923296,-4,0.016800000,-5,3.051000,-27,0.036815539,2024,0.000000000,0,12.500,38,21314,0,1,
112294153605580,112294150006604,112294151526477,112294153605580,1737,17.370000000,sine_f1,state,0,0.038431597,2023,0.035281558,2025,0.095923296,-4,0.003360000,-1,2.938000,-26,0.038349520,2023,0.000000000,0,12.500,38,21325,0,1,
112294163605077,112294160007062,112294161526354,112294163605077,1738,17.380000000,sine_f1,state,0,0.039345836,2022,0.036815539,2024,0.095923296,-4,0.010080000,-3,2.825000,-25,0.038349520,2023,0.000000000,0,12.500,38,21334,0,1,
112294173608127,112294170006768,112294171536530,112294173608127,1739,17.390000000,sine_f1,state,0,0.040250368,2022,0.036815539,2024,0.095923296,-4,0.016800000,-5,2.938000,-26,0.039883500,2022,0.000000000,0,12.500,38,21344,0,1,
112294183611135,112294180006400,112294181526939,112294183611135,1740,17.400000000,sine_f1,state,0,0.041144968,2021,0.036815539,2024,0.095923296,-4,0.023520000,-7,1.808000,-16,0.039883500,2022,0.000000000,0,12.500,38,21354,0,1,
112294193614745,112294190012526,112294191544772,112294193614745,1741,17.410000000,sine_f1,state,0,0.042029416,2021,0.038349520,2023,0.095923296,-4,0.023520000,-7,2.825000,-25,0.041417481,2021,0.000000000,0,12.500,38,21365,0,1,
112294203605163,112294200007017,112294201531835,112294203605163,1742,17.420000000,sine_f1,state,0,0.042903494,2020,0.039883500,2022,0.095923296,-4,0.006720000,-2,3.164000,-28,0.041417481,2021,0.000000000,0,12.500,38,21374,0,1,
112294213605960,112294210006489,112294211530910,112294213605960,1743,17.430000000,sine_f1,state,0,0.043766986,2019,0.041417481,2021,0.095923296,-4,0.013440000,-4,1.921000,-17,0.042951462,2020,0.000000000,0,12.500,38,21384,0,1,
112294223619536,112294220011688,112294221529291,112294223619536,1744,17.440000000,sine_f1,state,0,0.044619679,2019,0.041417481,2021,0.095923296,-4,0.013440000,-4,2.825000,-25,0.044485443,2019,0.000000000,0,12.500,38,21394,0,1,
112294233607420,112294230007793,112294231524478,112294233607420,1745,17.450000000,sine_f1,state,0,0.045461363,2018,0.042951462,2020,0.095923296,-4,0.006720000,-2,3.051000,-27,0.044485443,2019,0.000000000,0,12.500,38,21404,0,1,
112294243607642,112294240010124,112294241531512,112294243607642,1746,17.460000000,sine_f1,state,0,0.046291831,2018,0.044485443,2019,0.095923296,-4,0.010080000,-3,1.695000,-15,0.046019424,2018,0.000000000,0,12.500,38,21414,0,1,
112294253607793,112294250006911,112294251526922,112294253607793,1747,17.470000000,sine_f1,state,0,0.047110876,2017,0.044485443,2019,0.095923296,-4,0.010080000,-3,3.051000,-27,0.046019424,2018,0.000000000,0,12.500,38,21424,0,1,
112294263606113,112294260007041,112294261526170,112294263606113,1748,17.480000000,sine_f1,state,0,0.047918297,2017,0.046019424,2018,0.095923296,-4,0.006720000,-2,2.825000,-25,0.047553404,2017,0.000000000,0,12.500,38,21434,0,1,
112294273607905,112294270006697,112294271535057,112294273607905,1749,17.490000000,sine_f1,state,0,0.048713896,2016,0.047553404,2017,0.095923296,-4,0.003360000,-1,1.469000,-13,0.049087385,2016,0.000000000,0,12.500,38,21445,0,1,
112294283607796,112294280006881,112294281528509,112294283607796,1750,17.500000000,sine_f1,state,0,0.049497475,2016,0.047553404,2017,0.095923296,-4,0.010080000,-3,3.051000,-27,0.049087385,2016,0.000000000,0,12.500,38,21454,0,1,
112294293608493,112294290009770,112294291540715,112294293608493,1751,17.510000000,sine_f1,state,0,0.050268841,2015,0.049087385,2016,0.095923296,-4,0.003360000,-1,2.260000,-20,0.049087385,2016,0.000000000,0,12.500,38,21464,0,1,
112294303611916,112294300007254,112294301508670,112294303611916,1752,17.520000000,sine_f1,state,0,0.051027804,2015,0.049087385,2016,0.095923296,-4,0.003360000,-1,3.051000,-27,0.050621366,2015,0.000000000,0,12.500,38,21474,0,1,
112294313617207,112294310007046,112294311529119,112294313617207,1753,17.530000000,sine_f1,state,0,0.051774177,2014,0.050621366,2015,0.095923296,-4,0.000000000,0,1.695000,-15,0.050621366,2015,0.000000000,0,12.500,38,21484,0,1,
112294323611741,112294320006868,112294321504259,112294323611741,1754,17.540000000,sine_f1,state,0,0.052507775,2014,0.052155347,2014,0.095923296,-4,0.003360000,-1,3.051000,-27,0.052155347,2014,0.000000000,0,12.500,38,21494,0,1,
112294333616287,112294330007296,112294331511152,112294333616287,1755,17.550000000,sine_f1,state,0,0.053228418,2013,0.052155347,2014,0.095923296,-4,0.000000000,0,1.582000,-14,0.052155347,2014,0.000000000,0,12.500,38,21504,0,1,
112294343595641,112294340007000,112294341508691,112294343595641,1756,17.560000000,sine_f1,state,0,0.053935927,2013,0.053689328,2013,0.071942472,-3,0.010080000,-3,2.938000,-26,0.053689328,2013,0.000000000,0,12.500,38,21514,0,1,
112294353620314,112294350009189,112294351523218,112294353620314,1757,17.570000000,sine_f1,state,0,0.054630129,2012,0.053689328,2013,0.071942472,-3,0.003360000,-1,1.921000,-17,0.053689328,2013,0.000000000,0,12.500,38,21524,0,1,
112294363619902,112294360006631,112294361514715,112294363619902,1758,17.580000000,sine_f1,state,0,0.055310851,2012,0.055223308,2012,0.071942472,-3,0.003360000,-1,2.825000,-25,0.055223308,2012,0.000000000,0,12.500,38,21534,0,1,
112294373586020,112294370006842,112294371504858,112294373586020,1759,17.590000000,sine_f1,state,0,0.055977926,2012,0.055223308,2012,0.071942472,-3,0.000000000,0,1.582000,-14,0.055223308,2012,0.000000000,0,12.500,38,21544,0,1,
112294383593559,112294380006629,112294381498520,112294383593559,1760,17.600000000,sine_f1,state,0,0.056631190,2011,0.056757289,2011,0.071942472,-3,0.003360000,-1,0.113000,-1,0.055223308,2012,0.000000000,0,12.500,38,21554,0,1,
112294393588924,112294390006495,112294391502941,112294393588924,1761,17.610000000,sine_f1,state,0,0.057270480,2011,0.055223308,2012,0.071942472,-3,0.000000000,0,1.130000,-10,0.056757289,2011,0.000000000,0,12.500,38,21564,0,1,
112294403588535,112294400010206,112294401513391,112294403588535,1762,17.620000000,sine_f1,state,0,0.057895640,2010,0.055223308,2012,0.047961648,-2,0.000000000,0,1.582000,-14,0.056757289,2011,0.000000000,0,12.500,38,21574,0,1,
112294413593404,112294410006708,112294411509119,112294413593404,1763,17.630000000,sine_f1,state,0,0.058506515,2010,0.056757289,2011,0.047961648,-2,0.006720000,-2,3.164000,-28,0.058291270,2010,0.000000000,0,12.500,38,21584,0,1,
112294423591072,112294420007128,112294421510040,112294423591072,1764,17.640000000,sine_f1,state,0,0.059102955,2009,0.056757289,2011,0.047961648,-2,0.010080000,-3,3.051000,-27,0.058291270,2010,0.000000000,0,12.500,38,21594,0,1,
112294433589693,112294430007358,112294431516721,112294433589693,1765,17.650000000,sine_f1,state,0,0.059684812,2009,0.058291270,2010,0.047961648,-2,0.010080000,-3,2.938000,-26,0.059825251,2009,0.000000000,0,12.500,38,21604,0,1,
112294443592895,112294440006990,112294441508902,112294443592895,1766,17.660000000,sine_f1,state,0,0.060251942,2009,0.058291270,2010,0.047961648,-2,0.010080000,-3,2.938000,-26,0.059825251,2009,0.000000000,0,12.500,38,21614,0,1,
112294453590889,112294450007359,112294451506200,112294453590889,1767,17.670000000,sine_f1,state,0,0.060804206,2008,0.059825251,2009,0.047961648,-2,0.003360000,-1,1.017000,-9,0.061359232,2008,0.000000000,0,12.500,38,21624,0,1,
112294463586041,112294460009402,112294461511508,112294463586041,1768,17.680000000,sine_f1,state,0,0.061341468,2008,0.059825251,2009,0.047961648,-2,0.006720000,-2,2.938000,-26,0.061359232,2008,0.000000000,0,12.500,38,21634,0,1,
112294473588092,112294470006733,112294471514470,112294473588092,1769,17.690000000,sine_f1,state,0,0.061863594,2008,0.061359232,2008,0.047961648,-2,0.003360000,-1,2.260000,-20,0.061359232,2008,0.000000000,0,12.500,38,21644,0,1,
112294483592328,112294480006921,112294481504477,112294483592328,1770,17.700000000,sine_f1,state,0,0.062370457,2007,0.061359232,2008,0.047961648,-2,0.003360000,-1,0.904000,-8,0.062893212,2007,0.000000000,0,12.500,38,21654,0,1,
112294493597208,112294490006801,112294491510766,112294493597208,1771,17.710000000,sine_f1,state,0,0.062861930,2007,0.061359232,2008,0.047961648,-2,0.006720000,-2,2.825000,-25,0.062893212,2007,0.000000000,0,12.500,38,21664,0,1,
112294503590141,112294500006677,112294501505186,112294503590141,1772,17.720000000,sine_f1,state,0,0.063337894,2007,0.062893212,2007,0.047961648,-2,0.003360000,-1,2.599000,-23,0.062893212,2007,0.000000000,0,12.500,38,21674,0,1,
112294513596749,112294510006475,112294511499633,112294513596749,1773,17.730000000,sine_f1,state,0,0.063798229,2006,0.064427193,2006,0.047961648,-2,0.000000000,0,1.356000,-12,0.064427193,2006,0.000000000,0,12.500,38,21684,0,1,
112294523596019,112294520006775,112294521508910,112294523596019,1774,17.740000000,sine_f1,state,0,0.064242824,2006,0.064427193,2006,0.047961648,-2,0.003360000,-1,2.486000,-22,0.064427193,2006,0.000000000,0,12.500,38,21694,0,1,
112294533593199,112294530006448,112294531510688,112294533593199,1775,17.750000000,sine_f1,state,0,0.064671567,2006,0.064427193,2006,0.047961648,-2,0.000000000,0,1.469000,-13,0.064427193,2006,0.000000000,0,12.500,38,21704,0,1,
112294543595591,112294540006644,112294541507328,112294543595591,1776,17.760000000,sine_f1,state,0,0.065084354,2006,0.064427193,2006,0.047961648,-2,0.000000000,0,0.226000,-2,0.064427193,2006,0.000000000,0,12.500,38,21714,0,1,
112294553594102,112294550006827,112294551507880,112294553594102,1777,17.770000000,sine_f1,state,0,0.065481082,2005,0.064427193,2006,0.047961648,-2,0.000000000,0,0.000000,0,0.065961174,2005,0.000000000,0,12.500,38,21724,0,1,
112294563586391,112294560007212,112294561515349,112294563586391,1778,17.780000000,sine_f1,state,0,0.065861654,2005,0.064427193,2006,0.047961648,-2,0.006720000,-2,2.486000,-22,0.065961174,2005,0.000000000,0,12.500,38,21734,0,1,
112294573586252,112294570009421,112294571508464,112294573586252,1779,17.790000000,sine_f1,state,0,0.066225975,2005,0.064427193,2006,0.023980824,-1,0.003360000,-1,2.825000,-25,0.065961174,2005,0.000000000,0,12.500,38,21744,0,1,
112294583597289,112294580006521,112294581512331,112294583597289,1780,17.800000000,sine_f1,state,0,0.066573956,2005,0.065961174,2005,0.023980824,-1,0.003360000,-1,1.695000,-15,0.065961174,2005,0.000000000,0,12.500,38,21754,0,1,
112294593591677,112294590006911,112294591508633,112294593591677,1781,17.810000000,sine_f1,state,0,0.066905511,2004,0.065961174,2005,0.023980824,-1,0.003360000,-1,0.565000,-5,0.067495155,2004,0.000000000,0,12.500,38,21764,0,1,
112294603588659,112294600006156,112294601506488,112294603588659,1782,17.820000000,sine_f1,state,0,0.067220558,2004,0.065961174,2005,0.023980824,-1,0.003360000,-1,1.921000,-17,0.067495155,2004,0.000000000,0,12.500,38,21774,0,1,
112294613598989,112294610006680,112294611508801,112294613598989,1783,17.830000000,sine_f1,state,0,0.067519019,2004,0.067495155,2004,0.023980824,-1,0.003360000,-1,1.921000,-17,0.067495155,2004,0.000000000,0,12.500,38,21784,0,1,
112294623589831,112294620006836,112294621509623,112294623589831,1784,17.840000000,sine_f1,state,0,0.067800821,2004,0.067495155,2004,0.023980824,-1,0.000000000,0,1.356000,-12,0.067495155,2004,0.000000000,0,12.500,38,21794,0,1,
112294633587510,112294630006424,112294631510868,112294633587510,1785,17.850000000,sine_f1,state,0,0.068065894,2004,0.067495155,2004,0.023980824,-1,0.000000000,0,0.904000,-8,0.067495155,2004,0.000000000,0,12.500,38,21804,0,1,
112294643590288,112294640006608,112294641507123,112294643590288,1786,17.860000000,sine_f1,state,0,0.068314173,2003,0.067495155,2004,0.023980824,-1,0.000000000,0,0.113000,-1,0.069029135,2003,0.000000000,0,12.500,38,21814,0,1,
112294653585680,112294650006776,112294651508591,112294653585680,1787,17.870000000,sine_f1,state,0,0.068545597,2003,0.067495155,2004,0.023980824,-1,0.006720000,-2,2.147000,-19,0.069029135,2003,0.000000000,0,12.500,38,21824,0,1,
112294663585698,112294660007207,112294661515791,112294663585698,1788,17.880000000,sine_f1,state,0,0.068760108,2003,0.069029135,2003,0.023980824,-1,0.010080000,-3,2.938000,-26,0.069029135,2003,0.000000000,0,12.500,38,21834,0,1,
112294673599014,112294670007972,112294671506677,112294673599014,1789,17.890000000,sine_f1,state,0,0.068957653,2003,0.069029135,2003,0.000000000,0,0.003360000,-1,2.712000,-24,0.069029135,2003,0.000000000,0,12.500,38,21844,0,1,
112294683594870,112294680006471,112294681502979,112294683594870,1790,17.900000000,sine_f1,state,0,0.069138184,2003,0.069029135,2003,0.000000000,0,0.000000000,0,1.582000,-14,0.069029135,2003,0.000000000,0,12.500,38,21854,0,1,
112294693592822,112294690006792,112294691504570,112294693592822,1791,17.910000000,sine_f1,state,0,0.069301656,2003,0.069029135,2003,0.000000000,0,0.000000000,0,0.452000,-4,0.069029135,2003,0.000000000,0,12.500,38,21864,0,1,
112294703587943,112294700006461,112294701505244,112294703587943,1792,17.920000000,sine_f1,state,0,0.069448029,2003,0.069029135,2003,0.000000000,0,0.000000000,0,0.000000,0,0.069029135,2003,0.000000000,0,12.500,38,21874,0,1,
112294713581916,112294710006307,112294711515583,112294713581916,1793,17.930000000,sine_f1,state,0,0.069577267,2003,0.069029135,2003,0.000000000,0,0.000000000,0,0.113000,-1,0.069029135,2003,0.000000000,0,12.500,38,21884,0,1,
112294723582842,112294720006219,112294721516732,112294723582842,1794,17.940000000,sine_f1,state,0,0.069689338,2003,0.069029135,2003,0.000000000,0,0.000000000,0,0.113000,-1,0.069029135,2003,0.000000000,0,12.500,38,21894,0,1,
112294733570400,112294730009653,112294731486260,112294733570400,1795,17.950000000,sine_f1,state,0,0.069784213,2003,0.069029135,2003,0.000000000,0,0.003360000,-1,0.226000,-2,0.069029135,2003,0.000000000,0,12.500,38,21904,0,1,
112294743597353,112294740006767,112294741501182,112294743597353,1796,17.960000000,sine_f1,state,0,0.069861871,2002,0.069029135,2003,0.000000000,0,0.000000000,0,0.000000,0,0.070563116,2002,0.000000000,0,12.500,38,21914,0,1,
112294753574531,112294750006390,112294751506596,112294753574531,1797,17.970000000,sine_f1,state,0,0.069922291,2002,0.069029135,2003,0.000000000,0,0.003360000,-1,2.373000,-21,0.070563116,2002,0.000000000,0,12.500,38,21924,0,1,
112294763569005,112294760006591,112294761488161,112294763569005,1798,17.980000000,sine_f1,state,0,0.069965459,2002,0.069029135,2003,0.000000000,0,0.006720000,-2,3.051000,-27,0.070563116,2002,0.000000000,0,12.500,38,21934,0,1,
112294773504150,112294770007067,112294771485643,112294773504150,1799,17.990000000,sine_f1,hardware_error,0,0.069991364,2002,,,,,,,,,,,,,,,,,,0
112294783573820,112294780007278,112294781501010,112294783573820,1800,18.000000000,sine_f1,state,0,0.070000000,2002,0.070563116,2002,0.000000000,0,0.000000000,0,0.904000,-8,0.070563116,2002,0.000000000,0,12.500,38,21954,0,1,
112294793572399,112294790009238,112294791508328,112294793572399,1801,18.010000000,sine_f1,state,0,0.069991364,2002,0.070563116,2002,0.000000000,0,0.000000000,0,0.113000,-1,0.070563116,2002,0.000000000,0,12.500,38,21964,0,1,
112294803575589,112294800012263,112294801502801,112294803575589,1802,18.020000000,sine_f1,state,0,0.069965459,2002,0.070563116,2002,0.000000000,0,0.000000000,0,0.113000,-1,0.070563116,2002,0.000000000,0,12.500,38,21974,0,1,
112294813570968,112294810007799,112294811481419,112294813570968,1803,18.030000000,sine_f1,state,0,0.069922291,2002,0.070563116,2002,0.000000000,0,0.000000000,0,0.113000,-1,0.070563116,2002,0.000000000,0,12.500,38,21984,0,1,
112294823559309,112294820006624,112294821487294,112294823559309,1804,18.040000000,sine_f1,state,0,0.069861871,2002,0.070563116,2002,0.000000000,0,0.000000000,0,0.000000,0,0.070563116,2002,0.000000000,0,12.500,38,21994,0,1,
112294833569221,112294830006601,112294831482035,112294833569221,1805,18.050000000,sine_f1,state,0,0.069784213,2003,0.072097097,2001,0.000000000,0,0.000000000,0,0.113000,-1,0.069029135,2003,0.000000000,0,12.500,38,22004,0,1,
112294843573116,112294840006614,112294841480981,112294843573116,1806,18.060000000,sine_f1,state,0,0.069689338,2003,0.070563116,2002,0.000000000,0,-0.006720000,2,-0.791000,7,0.069029135,2003,0.000000000,0,12.500,38,22014,0,1,
112294853570976,112294850006930,112294851483759,112294853570976,1807,18.070000000,sine_f1,state,0,0.069577267,2003,0.070563116,2002,0.000000000,0,-0.006720000,2,-0.791000,7,0.069029135,2003,0.000000000,0,12.500,38,22024,0,1,
112294863578966,112294860007607,112294861489488,112294863578966,1808,18.080000000,sine_f1,state,0,0.069448029,2003,0.072097097,2001,0.000000000,0,-0.003360000,1,-0.791000,7,0.069029135,2003,0.000000000,0,12.500,38,22034,0,1,
112294873579322,112294870007535,112294871478712,112294873579322,1809,18.090000000,sine_f1,state,0,0.069301656,2003,0.070563116,2002,0.000000000,0,-0.006720000,2,-0.791000,7,0.069029135,2003,0.000000000,0,12.500,38,22044,0,1,
112294883583238,112294880006832,112294881485315,112294883583238,1810,18.100000000,sine_f1,state,0,0.069138184,2003,0.070563116,2002,0.000000000,0,-0.006720000,2,-0.791000,7,0.069029135,2003,0.000000000,0,12.500,38,22054,0,1,
112294893565852,112294890007122,112294891481780,112294893565852,1811,18.110000000,sine_f1,state,0,0.068957653,2003,0.070563116,2002,0.000000000,0,-0.006720000,2,-0.791000,7,0.069029135,2003,0.000000000,0,12.500,38,22064,0,1,
112294903564189,112294900009371,112294901497439,112294903564189,1812,18.120000000,sine_f1,state,0,0.068760108,2003,0.070563116,2002,0.000000000,0,-0.013440000,4,-0.904000,8,0.069029135,2003,0.000000000,0,12.500,38,22074,0,1,
112294913565634,112294910006513,112294911484420,112294913565634,1813,18.130000000,sine_f1,state,0,0.068545597,2003,0.070563116,2002,0.000000000,0,-0.006720000,2,-0.791000,7,0.069029135,2003,0.000000000,0,12.500,38,22084,0,1,
112294923576324,112294920006272,112294921484775,112294923576324,1814,18.140000000,sine_f1,state,0,0.068314173,2003,0.072097097,2001,0.000000000,0,-0.010080000,3,-1.017000,9,0.069029135,2003,0.000000000,0,12.500,38,22094,0,1,
112294933564275,112294930007030,112294931482646,112294933564275,1815,18.150000000,sine_f1,state,0,0.068065894,2004,0.070563116,2002,0.000000000,0,-0.003360000,1,-0.791000,7,0.067495155,2004,0.000000000,0,12.500,38,22104,0,1,
112294943565954,112294940006226,112294941493290,112294943565954,1816,18.160000000,sine_f1,state,0,0.067800821,2004,0.072097097,2001,0.000000000,0,-0.020160000,6,-1.130000,10,0.067495155,2004,0.000000000,0,12.500,38,22114,0,1,
112294953565487,112294950009332,112294951480712,112294953565487,1817,18.170000000,sine_f1,state,0,0.067519019,2004,0.072097097,2001,0.000000000,0,-0.020160000,6,-1.130000,10,0.067495155,2004,0.000000000,0,12.500,38,22124,0,1,
112294963565217,112294960006684,112294961482264,112294963565217,1818,18.180000000,sine_f1,state,0,0.067220558,2004,0.070563116,2002,0.000000000,0,-0.020160000,6,-1.130000,10,0.067495155,2004,0.000000000,0,12.500,38,22134,0,1,
112294973569032,112294970013151,112294971489097,112294973569032,1819,18.190000000,sine_f1,state,0,0.066905511,2004,0.072097097,2001,0.000000000,0,-0.016800000,5,-1.017000,9,0.067495155,2004,0.000000000,0,12.500,38,22144,0,1,
112294983564968,112294980007379,112294981482621,112294983564968,1820,18.200000000,sine_f1,state,0,0.066573956,2005,0.070563116,2002,0.000000000,0,-0.020160000,6,-1.130000,10,0.065961174,2005,0.000000000,0,12.500,38,22154,0,1,
112294993571103,112294990006441,112294991484608,112294993571103,1821,18.210000000,sine_f1,state,0,0.066225975,2005,0.070563116,2002,0.000000000,0,-0.026880000,8,-1.130000,10,0.065961174,2005,0.000000000,0,12.500,38,22164,0,1,
112295003568588,112295000006965,112295001481659,112295003568588,1822,18.220000000,sine_f1,state,0,0.065861654,2005,0.072097097,2001,0.000000000,0,-0.026880000,8,-1.243000,11,0.065961174,2005,0.000000000,0,12.500,38,22174,0,1,
112295013575236,112295010009175,112295011479423,112295013575236,1823,18.230000000,sine_f1,state,0,0.065481082,2005,0.070563116,2002,0.000000000,0,-0.030240000,9,-1.243000,11,0.065961174,2005,0.000000000,0,12.500,38,22184,0,1,
112295023572066,112295020014156,112295021483667,112295023572066,1824,18.240000000,sine_f1,state,0,0.065084354,2006,0.070563116,2002,0.000000000,0,-0.026880000,8,-1.130000,10,0.064427193,2006,0.000000000,0,12.500,38,22194,0,1,
112295033567134,112295030006311,112295031491659,112295033567134,1825,18.250000000,sine_f1,state,0,0.064671567,2006,0.072097097,2001,0.000000000,0,-0.033600000,10,-1.243000,11,0.064427193,2006,0.000000000,0,12.500,38,22204,0,1,
112295043576122,112295040009872,112295041483752,112295043576122,1826,18.260000000,sine_f1,state,0,0.064242824,2006,0.070563116,2002,0.000000000,0,-0.036960000,11,-1.469000,13,0.064427193,2006,0.000000000,0,12.500,38,22214,0,1,
112295053565772,112295050007238,112295051481024,112295053565772,1827,18.270000000,sine_f1,state,0,0.063798229,2006,0.070563116,2002,0.000000000,0,-0.036960000,11,-1.695000,15,0.064427193,2006,0.000000000,0,12.500,38,22224,0,1,
112295063563483,112295060006584,112295061478449,112295063563483,1828,18.280000000,sine_f1,state,0,0.063337894,2007,0.070563116,2002,0.000000000,0,-0.030240000,9,-1.808000,16,0.062893212,2007,0.000000000,0,12.500,38,22234,0,1,
112295073561076,112295070007046,112295071488330,112295073561076,1829,18.290000000,sine_f1,state,0,0.062861930,2007,0.070563116,2002,0.000000000,0,-0.040320000,12,-3.390000,30,0.062893212,2007,0.000000000,0,12.500,38,22244,0,1,
112295083569025,112295080009373,112295081487469,112295083569025,1830,18.300000000,sine_f1,state,0,0.062370457,2007,0.069029135,2003,0.000000000,0,-0.033600000,10,-5.311000,47,0.062893212,2007,0.000000000,0,12.500,38,22254,0,1,
112295093568696,112295090007329,112295091479585,112295093568696,1831,18.310000000,sine_f1,state,0,0.061863594,2008,0.069029135,2003,0.000000000,0,-0.020160000,6,-8.701000,77,0.061359232,2008,0.000000000,0,12.300,38,22264,0,1,
112295103570211,112295100007251,112295101492790,112295103570211,1832,18.320000000,sine_f1,state,0,0.061341468,2008,0.065961174,2005,-0.023980824,1,-0.023520000,7,-11.074000,98,0.061359232,2008,0.000000000,0,12.500,38,22274,0,1,
112295113563693,112295110008967,112295111478973,112295113563693,1833,18.330000000,sine_f1,state,0,0.060804206,2008,0.059825251,2009,-0.047961648,2,-0.003360000,1,-10.622000,94,0.061359232,2008,0.000000000,0,12.400,38,22284,0,1,
112295123563022,112295120006499,112295121480047,112295123563022,1834,18.340000000,sine_f1,state,0,0.060251942,2009,0.056757289,2011,-0.119904120,5,0.013440000,-4,-0.904000,8,0.059825251,2009,0.000000000,0,12.500,38,22294,0,1,
112295133579019,112295130006431,112295131483436,112295133579019,1835,18.350000000,sine_f1,state,0,0.059684812,2009,0.053689328,2013,-0.167865767,7,-0.016800000,5,-0.113000,1,0.059825251,2009,0.000000000,0,12.500,38,22304,0,1,
112295143579209,112295140006868,112295141494334,112295143579209,1836,18.360000000,sine_f1,state,0,0.059102955,2009,0.053689328,2013,-0.191846591,8,0.033600000,-10,1.921000,-17,0.059825251,2009,0.000000000,0,12.500,38,22314,0,1,
112295153548271,112295150006746,112295151481486,112295153548271,1837,18.370000000,sine_f1,state,0,0.058506515,2010,0.053689328,2013,-0.215827415,9,0.033600000,-10,3.164000,-28,0.058291270,2010,0.000000000,0,12.500,38,22324,0,1,
112295163548227,112295160007803,112295161474123,112295163548227,1838,18.380000000,sine_f1,state,0,0.057895640,2010,0.055223308,2012,-0.215827415,9,0.023520000,-7,3.051000,-27,0.058291270,2010,0.000000000,0,12.500,38,22334,0,1,
112295173554204,112295170007300,112295171465185,112295173554204,1839,18.390000000,sine_f1,state,0,0.057270480,2011,0.056757289,2011,-0.167865767,7,0.016800000,-5,3.051000,-27,0.056757289,2011,0.000000000,0,12.500,38,22344,0,1,
112295183556196,112295180006787,112295181481487,112295183556196,1840,18.400000000,sine_f1,state,0,0.056631190,2011,0.056757289,2011,-0.119904120,5,0.000000000,0,1.469000,-13,0.056757289,2011,0.000000000,0,12.500,38,22354,0,1,
112295193557158,112295190006658,112295191482589,112295193557158,1841,18.410000000,sine_f1,state,0,0.055977926,2012,0.056757289,2011,-0.071942472,3,0.000000000,0,0.226000,-2,0.055223308,2012,0.000000000,0,12.500,38,22364,0,1,
112295203550224,112295200006954,112295201464513,112295203550224,1842,18.420000000,sine_f1,state,0,0.055310851,2012,0.056757289,2011,0.000000000,0,-0.003360000,1,-0.791000,7,0.055223308,2012,0.000000000,0,12.500,38,22374,0,1,
112295213555221,112295210006857,112295211465141,112295213555221,1843,18.430000000,sine_f1,state,0,0.054630129,2012,0.056757289,2011,0.000000000,0,-0.006720000,2,-0.904000,8,0.055223308,2012,0.000000000,0,12.500,38,22384,0,1,
112295223547120,112295220008924,112295221468888,112295223547120,1844,18.440000000,sine_f1,state,0,0.053935927,2013,0.056757289,2011,0.023980824,-1,-0.006720000,2,-0.678000,6,0.053689328,2013,0.000000000,0,12.500,38,22394,0,1,
112295233558230,112295230008966,112295231467346,112295233558230,1845,18.450000000,sine_f1,state,0,0.053228418,2013,0.056757289,2011,0.023980824,-1,-0.013440000,4,-1.017000,9,0.053689328,2013,0.000000000,0,12.500,38,22404,0,1,
112295243550900,112295240006551,112295241465541,112295243550900,1846,18.460000000,sine_f1,state,0,0.052507775,2014,0.056757289,2011,0.000000000,0,-0.016800000,5,-0.904000,8,0.052155347,2014,0.000000000,0,12.500,38,22414,0,1,
112295253550642,112295250006342,112295251466354,112295253550642,1847,18.470000000,sine_f1,state,0,0.051774177,2014,0.056757289,2011,0.000000000,0,-0.026880000,8,-1.130000,10,0.052155347,2014,0.000000000,0,12.500,38,22424,0,1,
112295263559643,112295260007361,112295261464799,112295263559643,1848,18.480000000,sine_f1,state,0,0.051027804,2015,0.056757289,2011,0.000000000,0,-0.026880000,8,-1.017000,9,0.050621366,2015,0.000000000,0,12.500,38,22434,0,1,
112295273542745,112295270006669,112295271464949,112295273542745,1849,18.490000000,sine_f1,state,0,0.050268841,2015,0.056757289,2011,0.000000000,0,-0.033600000,10,-1.243000,11,0.050621366,2015,0.000000000,0,12.500,38,22444,0,1,
112295283549938,112295280007112,112295281460693,112295283549938,1850,18.500000000,sine_f1,state,0,0.049497475,2016,0.056757289,2011,0.000000000,0,-0.033600000,10,-1.130000,10,0.049087385,2016,0.000000000,0,12.500,38,22454,0,1,
112295293555364,112295290006767,112295291465992,112295293555364,1851,18.510000000,sine_f1,state,0,0.048713896,2016,0.056757289,2011,0.000000000,0,-0.040320000,12,-1.808000,16,0.049087385,2016,0.000000000,0,12.500,38,22464,0,1,
112295303552201,112295300007001,112295301473635,112295303552201,1852,18.520000000,sine_f1,state,0,0.047918297,2017,0.056757289,2011,0.000000000,0,-0.030240000,9,-2.486000,22,0.047553404,2017,0.000000000,0,12.500,38,22474,0,1,
112295313549063,112295310007494,112295311464625,112295313549063,1853,18.530000000,sine_f1,state,0,0.047110876,2017,0.056757289,2011,0.000000000,0,-0.043680000,13,-4.294000,38,0.047553404,2017,0.000000000,0,12.500,38,22484,0,1,
112295323546912,112295320006903,112295321463674,112295323546912,1854,18.540000000,sine_f1,state,0,0.046291831,2018,0.055223308,2012,0.000000000,0,-0.033600000,10,-8.136000,72,0.046019424,2018,0.000000000,0,12.600,38,22494,0,1,
112295333562496,112295330008526,112295331466034,112295333562496,1855,18.550000000,sine_f1,state,0,0.045461363,2018,0.052155347,2014,-0.023980824,1,-0.030240000,9,-10.961000,97,0.046019424,2018,0.000000000,0,12.600,38,22504,0,1,
112295343551114,112295340006443,112295341465509,112295343551114,1856,18.560000000,sine_f1,state,0,0.044619679,2019,0.047553404,2017,-0.047961648,2,-0.006720000,2,-11.300000,100,0.044485443,2019,0.000000000,0,12.400,38,22514,0,1,
112295353551938,112295350006457,112295351467448,112295353551938,1857,18.570000000,sine_f1,state,0,0.043766986,2019,0.042951462,2020,-0.095923296,4,-0.006720000,2,-10.170000,90,0.044485443,2019,0.000000000,0,12.600,38,22524,0,1,
112295363556085,112295360006487,112295361471946,112295363556085,1858,18.580000000,sine_f1,state,0,0.042903494,2020,0.038349520,2023,-0.167865767,7,0.013440000,-4,-0.452000,4,0.042951462,2020,0.000000000,0,12.600,38,22534,0,1,
112295373566478,112295370006544,112295371465463,112295373566478,1859,18.590000000,sine_f1,state,0,0.042029416,2021,0.036815539,2024,-0.215827415,9,0.040320000,-12,0.000000,0,0.041417481,2021,0.000000000,0,12.600,38,22544,0,1,
112295383551946,112295380009617,112295381476823,112295383551946,1860,18.600000000,sine_f1,state,0,0.041144968,2021,0.035281558,2025,-0.263789063,11,0.020160000,-6,2.599000,-23,0.041417481,2021,0.000000000,0,12.600,38,22554,1,1,
112295393568638,112295390006576,112295391466740,112295393568638,1861,18.610000000,sine_f1,state,0,0.040250368,2022,0.036815539,2024,-0.263789063,11,0.030240000,-9,3.164000,-28,0.039883500,2022,0.000000000,0,12.600,38,22564,1,1,
112295403545736,112295400009191,112295401475266,112295403545736,1862,18.620000000,sine_f1,state,0,0.039345836,2022,0.036815539,2024,-0.239808239,10,0.020160000,-6,3.164000,-28,0.039883500,2022,0.000000000,0,12.600,38,22574,0,1,
112295413546387,112295410006960,112295411459963,112295413546387,1863,18.630000000,sine_f1,state,0,0.038431597,2023,0.038349520,2023,-0.191846591,8,0.010080000,-3,2.825000,-25,0.038349520,2023,0.000000000,0,12.600,38,22584,0,1,
112295423548122,112295420006939,112295421464361,112295423548122,1864,18.640000000,sine_f1,state,0,0.037507876,2024,0.038349520,2023,-0.143884944,6,0.000000000,0,1.130000,-10,0.036815539,2024,0.000000000,0,12.600,38,22594,0,1,
112295433543132,112295430007276,112295431474148,112295433543132,1865,18.650000000,sine_f1,state,0,0.036574900,2024,0.038349520,2023,-0.071942472,3,-0.003360000,1,-0.226000,2,0.036815539,2024,0.000000000,0,12.600,38,22604,0,1,
112295443540640,112295440008687,112295441474455,112295443540640,1866,18.660000000,sine_f1,state,0,0.035632899,2025,0.038349520,2023,-0.023980824,1,-0.003360000,1,-0.791000,7,0.035281558,2025,0.000000000,0,12.600,38,22614,0,1,
112295453545835,112295450006677,112295451463410,112295453545835,1867,18.670000000,sine_f1,state,0,0.034682107,2025,0.038349520,2023,-0.023980824,1,-0.016800000,5,-0.904000,8,0.035281558,2025,0.000000000,0,12.600,38,22624,0,1,
112295463544333,112295460006564,112295461464148,112295463544333,1868,18.680000000,sine_f1,state,0,0.033722757,2026,0.038349520,2023,0.000000000,0,-0.016800000,5,-0.904000,8,0.033747577,2026,0.000000000,0,12.600,38,22634,0,1,
112295473548989,112295470006281,112295471470111,112295473548989,1869,18.690000000,sine_f1,state,0,0.032755087,2027,0.038349520,2023,0.000000000,0,-0.026880000,8,-1.130000,10,0.032213597,2027,0.000000000,0,12.500,38,22644,0,1,
112295483491141,112295480007351,112295481423897,112295483491141,1870,18.700000000,sine_f1,state,0,0.031779335,2027,0.038349520,2023,0.000000000,0,-0.033600000,10,-1.130000,10,0.032213597,2027,0.000000000,0,12.500,38,22654,0,1,
112295493487780,112295490012305,112295491409183,112295493487780,1871,18.710000000,sine_f1,state,0,0.030795742,2028,0.038349520,2023,0.000000000,0,-0.030240000,9,-1.130000,10,0.030679616,2028,0.000000000,0,12.500,38,22664,0,1,
112295503481263,112295500008351,112295501407072,112295503481263,1872,18.720000000,sine_f1,state,0,0.029804550,2029,0.038349520,2023,0.000000000,0,-0.040320000,12,-1.582000,14,0.029145635,2029,0.000000000,0,12.500,38,22674,0,1,
112295513484440,112295510007734,112295511409470,112295513484440,1873,18.730000000,sine_f1,state,0,0.028806005,2029,0.038349520,2023,0.000000000,0,-0.047040000,14,-3.277000,29,0.029145635,2029,0.000000000,0,12.500,38,22684,0,1,
112295523485174,112295520006802,112295521406193,112295523485174,1874,18.740000000,sine_f1,state,0,0.027800352,2030,0.038349520,2023,0.000000000,0,-0.033600000,10,-7.119000,63,0.027611654,2030,0.000000000,0,12.500,38,22694,0,1,
112295533491532,112295530007075,112295531411237,112295533491532,1875,18.750000000,sine_f1,state,0,0.026787840,2031,0.036815539,2024,0.000000000,0,-0.040320000,12,-10.735000,95,0.026077673,2031,0.000000000,0,12.300,38,22704,0,1,
112295543491763,112295540007189,112295541411108,112295543491763,1876,18.760000000,sine_f1,state,0,0.025768719,2031,0.032213597,2027,-0.023980824,1,-0.036960000,11,-11.639000,103,0.026077673,2031,0.000000000,0,12.500,38,22714,0,1,
112295553488247,112295550009157,112295551409054,112295553488247,1877,18.770000000,sine_f1,state,0,0.024743239,2032,0.026077673,2031,-0.071942472,3,-0.006720000,2,-11.300000,100,0.024543693,2032,0.000000000,0,12.300,38,22724,0,1,
112295563484163,112295560006434,112295561393096,112295563484163,1878,18.780000000,sine_f1,state,0,0.023711654,2033,0.021475731,2034,-0.119904120,5,-0.020160000,6,-6.780000,60,0.023009712,2033,0.000000000,0,12.500,38,22734,0,1,
112295573470452,112295570006533,112295571386214,112295573470452,1879,18.790000000,sine_f1,state,0,0.022674219,2033,0.016873789,2037,-0.191846591,8,0.036960000,-11,-0.339000,3,0.023009712,2033,0.000000000,0,12.500,38,22744,0,1,
112295583475070,112295580006590,112295581386803,112295583475070,1880,18.800000000,sine_f1,state,0,0.021631190,2034,0.015339808,2038,-0.263789063,11,0.047040000,-14,0.000000,0,0.021475731,2034,0.000000000,0,12.500,38,22754,1,1,
112295593494495,112295590009902,112295591388659,112295593494495,1881,18.810000000,sine_f1,state,0,0.020582823,2035,0.015339808,2038,-0.287769887,12,0.033600000,-10,2.825000,-25,0.019941750,2035,0.000000000,0,12.500,38,22764,1,1,
112295603478932,112295600006950,112295601387343,112295603478932,1882,18.820000000,sine_f1,state,0,0.019529377,2035,0.015339808,2038,-0.311750711,13,0.030240000,-9,3.390000,-30,0.019941750,2035,0.000000000,0,12.500,38,22774,1,1,
112295613467417,112295610006928,112295611391940,112295613467417,1883,18.830000000,sine_f1,state,0,0.018471113,2036,0.016873789,2037,-0.263789063,11,0.016800000,-5,3.164000,-28,0.018407769,2036,0.000000000,0,12.500,38,22784,1,1,
112295623466658,112295620006811,112295621385756,112295623466658,1884,18.840000000,sine_f1,state,0,0.017408292,2037,0.018407769,2036,-0.215827415,9,0.003360000,-1,2.825000,-25,0.016873789,2037,0.000000000,0,12.500,38,22794,0,1,
112295633465371,112295630006702,112295631387767,112295633465371,1885,18.850000000,sine_f1,state,0,0.016341175,2037,0.018407769,2036,-0.119904120,5,-0.003360000,1,-0.113000,1,0.016873789,2037,0.000000000,0,12.500,38,22804,0,1,
112295643460171,112295640009526,112295641394616,112295643460171,1886,18.860000000,sine_f1,state,0,0.015270027,2038,0.018407769,2036,-0.071942472,3,-0.003360000,1,-0.904000,8,0.015339808,2038,0.000000000,0,12.500,38,22814,0,1,
112295653468772,112295650009163,112295651387715,112295653468772,1887,18.870000000,sine_f1,state,0,0.014195111,2039,0.018407769,2036,0.000000000,0,-0.013440000,4,-1.017000,9,0.013805827,2039,0.000000000,0,12.500,38,22824,0,1,
112295663701503,112295660006549,112295661386816,112295663701503,1888,18.880000000,sine_f1,state,0,0.013116692,2039,0.018407769,2036,0.000000000,0,-0.026880000,8,-1.130000,10,0.013805827,2039,0.000000000,0,12.500,38,22834,0,1,
112295674509270,112295670088945,112295672397871,112295674509270,1889,18.890000000,sine_f1,state,0,0.012035037,2040,0.018407769,2036,0.023980824,-1,-0.026880000,8,-1.017000,9,0.012271846,2040,0.000000000,0,12.500,38,22845,0,1,
112295684544895,112295680087386,112295682397817,112295684544895,1890,18.900000000,sine_f1,state,0,0.010950413,2041,0.018407769,2036,0.023980824,-1,-0.033600000,10,-1.243000,11,0.010737866,2041,0.000000000,0,12.500,38,22855,0,1,
112295694490077,112295690089166,112295692394656,112295694490077,1891,18.910000000,sine_f1,state,0,0.009863086,2042,0.018407769,2036,0.000000000,0,-0.043680000,13,-1.582000,14,0.009203885,2042,0.000000000,0,12.500,38,22865,0,1,
112295704498990,112295700088452,112295702398738,112295704498990,1892,18.920000000,sine_f1,state,0,0.008773326,2042,0.016873789,2037,0.000000000,0,-0.047040000,14,-3.277000,29,0.009203885,2042,0.000000000,0,12.500,38,22875,0,1,
112295714494542,112295710094159,112295712400113,112295714494542,1893,18.930000000,sine_f1,state,0,0.007681402,2043,0.016873789,2037,0.000000000,0,-0.030240000,9,-6.102000,54,0.007669904,2043,0.000000000,0,12.500,38,22885,0,1,
112295724505922,112295720091855,112295722413066,112295724505922,1894,18.940000000,sine_f1,state,0,0.006587582,2044,0.015339808,2038,0.000000000,0,-0.040320000,12,-9.492000,84,0.006135923,2044,0.000000000,0,12.500,38,22895,0,1,
112295734503560,112295730086731,112295732397965,112295734503560,1895,18.950000000,sine_f1,state,0,0.005492137,2044,0.012271846,2040,-0.023980824,1,-0.033600000,10,-11.413000,101,0.006135923,2044,0.000000000,0,12.600,38,22905,0,1,
112295744502796,112295740084420,112295742396843,112295744502796,1896,18.960000000,sine_f1,state,0,0.004395336,2045,0.006135923,2044,-0.071942472,3,-0.003360000,1,-11.187000,99,0.004601942,2045,0.000000000,0,12.600,38,22915,0,1,
112295754499057,112295750087126,112295752397569,112295754499057,1897,18.970000000,sine_f1,state,0,0.003297452,2046,0.001533981,2047,-0.143884944,6,-0.026880000,8,-3.729000,33,0.003067962,2046,0.000000000,0,12.600,38,22925,0,1,
112295764504192,112295760091126,112295762418173,112295764504192,1898,18.980000000,sine_f1,state,0,0.002198753,2047,-0.003067962,2050,-0.191846591,8,0.020160000,-6,0.226000,-2,0.001533981,2047,0.000000000,0,12.600,38,22935,0,1,
112295774411256,112295770091941,112295772401715,112295774411256,1899,18.990000000,sine_f1,hardware_error,0,0.001099512,2047,,,,,,,,,,,,,,,,,,0
112295784488214,112295780085388,112295782397766,112295784488214,1900,19.000000000,sine_f1,state,0,0.000000000,2048,-0.004601942,2051,-0.287769887,12,0.030240000,-9,2.938000,-26,0.000000000,2048,0.000000000,0,12.600,38,22955,1,1,
112295794473629,112295790083946,112295792395331,112295794473629,1901,19.010000000,sine_f1,state,0,-0.001099512,2049,-0.004601942,2051,-0.287769887,12,0.026880000,-8,3.277000,-29,-0.001533981,2049,0.000000000,0,12.600,38,22965,1,1,
112295804472974,112295800085040,112295802409719,112295804472974,1902,19.020000000,sine_f1,state,0,-0.002198753,2049,-0.003067962,2050,-0.263789063,11,0.013440000,-4,3.051000,-27,-0.001533981,2049,0.000000000,0,12.600,38,22975,1,1,
112295813511386,112295810034228,112295811405984,112295813511386,1903,19.030000000,sine_f1,state,0,-0.003297452,2050,-0.003067962,2050,-0.215827415,9,0.010080000,-3,2.825000,-25,-0.003067962,2050,0.000000000,0,12.600,38,22984,0,1,
112295824490746,112295820086282,112295822398952,112295824490746,1904,19.040000000,sine_f1,state,0,-0.004395336,2051,-0.003067962,2050,-0.143884944,6,0.000000000,0,0.000000,0,-0.004601942,2051,0.000000000,0,12.600,38,22995,0,1,
112295834532961,112295830095098,112295832401649,112295834532961,1905,19.050000000,sine_f1,state,0,-0.005492137,2052,-0.001533981,2049,-0.071942472,3,-0.013440000,4,-0.904000,8,-0.006135923,2052,0.000000000,0,12.600,38,23005,0,1,
112295844493869,112295840085041,112295842397518,112295844493869,1906,19.060000000,sine_f1,state,0,-0.006587582,2052,-0.001533981,2049,-0.023980824,1,-0.026880000,8,-1.130000,10,-0.006135923,2052,0.000000000,0,12.600,38,23015,0,1,
112295854481265,112295850090261,112295852396794,112295854481265,1907,19.070000000,sine_f1,state,0,-0.007681402,2053,-0.003067962,2050,0.000000000,0,-0.020160000,6,-0.904000,8,-0.007669904,2053,0.000000000,0,12.600,38,23025,0,1,
112295864471389,112295860081224,112295862394857,112295864471389,1908,19.080000000,sine_f1,state,0,-0.008773326,2054,-0.003067962,2050,0.000000000,0,-0.033600000,10,-1.469000,13,-0.009203885,2054,0.000000000,0,12.600,38,23035,0,1,
112295874478217,112295870089556,112295872413892,112295874478217,1909,19.090000000,sine_f1,state,0,-0.009863086,2054,-0.001533981,2049,0.000000000,0,-0.036960000,11,-1.695000,15,-0.009203885,2054,0.000000000,0,12.600,38,23045,0,1,
112295884473863,112295880086462,112295882402253,112295884473863,1910,19.100000000,sine_f1,state,0,-0.010950413,2055,-0.003067962,2050,0.000000000,0,-0.047040000,14,-1.808000,16,-0.010737866,2055,0.000000000,0,12.600,38,23055,0,1,
112295894485715,112295890085825,112295892398905,112295894485715,1911,19.110000000,sine_f1,state,0,-0.012035037,2056,-0.003067962,2050,0.000000000,0,-0.040320000,12,-4.181000,37,-0.012271846,2056,0.000000000,0,12.500,38,23065,0,1,
112295904520900,112295900085773,112295902395917,112295904520900,1912,19.120000000,sine_f1,state,0,-0.013116692,2057,-0.003067962,2050,0.000000000,0,-0.043680000,13,-7.797000,69,-0.013805827,2057,0.000000000,0,12.500,38,23075,0,1,
112295913486665,112295910038599,112295911406315,112295913486665,1913,19.130000000,sine_f1,state,0,-0.014195111,2057,-0.006135923,2052,0.000000000,0,-0.050400000,15,-11.187000,99,-0.013805827,2057,0.000000000,0,12.600,38,23084,0,1,
112295924484393,112295920084035,112295922398740,112295924484393,1914,19.140000000,sine_f1,state,0,-0.015270027,2058,-0.010737866,2055,-0.023980824,1,-0.023520000,7,-11.639000,103,-0.015339808,2058,0.000000000,0,12.500,38,23095,0,1,
112295934482100,112295930092010,112295932395181,112295934482100,1915,19.150000000,sine_f1,state,0,-0.016341175,2059,-0.016873789,2059,-0.095923296,4,-0.003360000,1,-10.848000,96,-0.016873789,2059,0.000000000,0,12.500,38,23105,0,1,
112295944472245,112295940090934,112295942398333,112295944472245,1916,19.160000000,sine_f1,state,0,-0.017408292,2059,-0.021475731,2062,-0.143884944,6,0.013440000,-4,-2.599000,23,-0.016873789,2059,0.000000000,0,12.500,38,23115,0,1,
112295954471450,112295950083924,112295952396722,112295954471450,1917,19.170000000,sine_f1,state,0,-0.018471113,2060,-0.024543693,2064,-0.239808239,10,0.000000000,0,-0.113000,1,-0.018407769,2060,0.000000000,0,12.500,38,23125,0,1,
112295964475615,112295960087909,112295962396667,112295964475615,1918,19.180000000,sine_f1,state,0,-0.019529377,2061,-0.024543693,2064,-0.287769887,12,0.026880000,-8,1.356000,-12,-0.019941750,2061,0.000000000,0,12.500,38,23135,1,1,
112295974474386,112295970082687,112295972377912,112295974474386,1919,19.190000000,sine_f1,state,0,-0.020582823,2061,-0.024543693,2064,-0.287769887,12,0.026880000,-8,3.277000,-29,-0.019941750,2061,0.000000000,0,12.500,38,23145,1,1,
112295984491813,112295980087135,112295982375169,112295984491813,1920,19.200000000,sine_f1,state,0,-0.021631190,2062,-0.024543693,2064,-0.287769887,12,0.023520000,-7,3.164000,-28,-0.021475731,2062,0.000000000,0,12.500,38,23155,1,1,
112295994685955,112295990092340,112295992382770,112295994685955,1921,19.210000000,sine_f1,state,0,-0.022674219,2063,-0.023009712,2063,-0.239808239,10,0.020160000,-6,2.147000,-19,-0.023009712,2063,0.000000000,0,12.500,38,23165,0,1,
112296004662308,112296000102926,112296002439255,112296004662308,1922,19.220000000,sine_f1,state,0,-0.023711654,2063,-0.023009712,2063,-0.167865767,7,0.006720000,-2,0.226000,-2,-0.023009712,2063,0.000000000,0,12.500,38,23175,0,1,
112296013506847,112296010039075,112296011457630,112296013506847,1923,19.230000000,sine_f1,state,0,-0.024743239,2064,-0.023009712,2063,-0.095923296,4,-0.003360000,1,0.000000,0,-0.024543693,2064,0.000000000,0,12.500,38,23184,0,1,
112296023536896,112296020010687,112296021442752,112296023536896,1924,19.240000000,sine_f1,state,0,-0.025768719,2065,-0.023009712,2063,-0.047961648,2,-0.003360000,1,-0.565000,5,-0.026077673,2065,0.000000000,0,12.500,38,23194,0,1,
112296033510815,112296030007274,112296031422029,112296033510815,1925,19.250000000,sine_f1,state,0,-0.026787840,2065,-0.023009712,2063,-0.023980824,1,-0.016800000,5,-1.017000,9,-0.026077673,2065,0.000000000,0,12.500,38,23204,0,1,
112296044527833,112296040089573,112296042441416,112296044527833,1926,19.260000000,sine_f1,state,0,-0.027800352,2066,-0.023009712,2063,0.000000000,0,-0.023520000,7,-1.017000,9,-0.027611654,2066,0.000000000,0,12.500,38,23215,0,1,
112296054534901,112296050084098,112296052440998,112296054534901,1927,19.270000000,sine_f1,state,0,-0.028806005,2067,-0.023009712,2063,0.000000000,0,-0.026880000,8,-1.243000,11,-0.029145635,2067,0.000000000,0,12.500,38,23225,0,1,
112296064527301,112296060084628,112296062438540,112296064527301,1928,19.280000000,sine_f1,state,0,-0.029804550,2067,-0.023009712,2063,0.000000000,0,-0.030240000,9,-1.243000,11,-0.029145635,2067,0.000000000,0,12.500,38,23235,0,1,
112296074524640,112296070102094,112296072455877,112296074524640,1929,19.290000000,sine_f1,state,0,-0.030795742,2068,-0.023009712,2063,0.000000000,0,-0.033600000,10,-1.469000,13,-0.030679616,2068,0.000000000,0,12.500,38,23245,0,1,
112296084533165,112296080088468,112296082439190,112296084533165,1930,19.300000000,sine_f1,state,0,-0.031779335,2069,-0.023009712,2063,0.000000000,0,-0.043680000,13,-1.808000,16,-0.032213597,2069,0.000000000,0,12.500,38,23255,0,1,
112296094668426,112296090083793,112296092556137,112296094668426,1931,19.310000000,sine_f1,state,0,-0.032755087,2069,-0.023009712,2063,0.000000000,0,-0.047040000,14,-2.938000,26,-0.032213597,2069,0.000000000,0,12.500,38,23265,0,1,
112296104684789,112296100094695,112296102457911,112296104684789,1932,19.320000000,sine_f1,state,0,-0.033722757,2070,-0.024543693,2064,0.000000000,0,-0.043680000,13,-4.746000,42,-0.033747577,2070,0.000000000,0,12.500,38,23275,0,1,
112296114657348,112296110089301,112296112438544,112296114657348,1933,19.330000000,sine_f1,state,0,-0.034682107,2071,-0.024543693,2064,0.000000000,0,-0.043680000,13,-9.944000,88,-0.035281558,2071,0.000000000,0,12.500,38,23285,0,1,
112296124514435,112296120036560,112296122544399,112296124514435,1934,19.340000000,sine_f1,state,0,-0.035632899,2071,-0.029145635,2067,-0.023980824,1,-0.033600000,10,-11.413000,101,-0.035281558,2071,0.000000000,0,12.600,38,23295,0,1,
112296134533744,112296130084073,112296132552356,112296134533744,1935,19.350000000,sine_f1,state,0,-0.036574900,2072,-0.033747577,2070,-0.071942472,3,-0.010080000,3,-11.752000,104,-0.036815539,2072,0.000000000,0,12.600,38,23305,0,1,
112296144522862,112296140083606,112296142438139,112296144522862,1936,19.360000000,sine_f1,state,0,-0.037507876,2072,-0.039883500,2074,-0.119904120,5,-0.023520000,7,-7.232000,64,-0.036815539,2072,0.000000000,0,12.600,38,23315,0,1,
112296154516778,112296150090650,112296152439200,112296154516778,1937,19.370000000,sine_f1,state,0,-0.038431597,2073,-0.042951462,2076,-0.191846591,8,0.104160000,-31,-0.339000,3,-0.038349520,2073,0.000000000,0,12.600,38,23325,0,1,
112296163467713,112296160040427,112296161377564,112296163467713,1938,19.380000000,sine_f1,state,0,-0.039345836,2074,-0.046019424,2078,-0.239808239,10,0.016800000,-5,0.339000,-3,-0.039883500,2074,0.000000000,0,12.600,38,23334,0,1,
112296174468894,112296170084724,112296172379522,112296174468894,1939,19.390000000,sine_f1,state,0,-0.040250368,2074,-0.046019424,2078,-0.287769887,12,0.030240000,-9,2.938000,-26,-0.039883500,2074,0.000000000,0,12.600,38,23345,1,1,
112296184481604,112296180088520,112296182378211,112296184481604,1940,19.400000000,sine_f1,state,0,-0.041144968,2075,-0.044485443,2077,-0.287769887,12,0.023520000,-7,3.164000,-28,-0.041417481,2075,0.000000000,0,12.600,38,23355,1,1,
112296194530486,112296190112999,112296192443220,112296194530486,1941,19.410000000,sine_f1,state,0,-0.042029416,2075,-0.044485443,2077,-0.263789063,11,0.016800000,-5,2.938000,-26,-0.041417481,2075,0.000000000,0,12.600,38,23365,1,1,
112296203519734,112296200010282,112296201440800,112296203519734,1942,19.420000000,sine_f1,state,0,-0.042903494,2076,-0.042951462,2076,-0.215827415,9,0.003360000,-1,2.938000,-26,-0.042951462,2076,0.000000000,0,12.500,38,23374,0,1,
112296213510890,112296210008601,112296211421171,112296213510890,1943,19.430000000,sine_f1,state,0,-0.043766986,2077,-0.041417481,2075,-0.143884944,6,0.000000000,0,1.356000,-12,-0.044485443,2077,0.000000000,0,12.500,38,23384,0,1,
112296223515141,112296220008046,112296221426046,112296223515141,1944,19.440000000,sine_f1,state,0,-0.044619679,2077,-0.041417481,2075,-0.071942472,3,-0.006720000,2,-0.791000,7,-0.044485443,2077,0.000000000,0,12.500,38,23394,0,1,
112296233502589,112296230007686,112296231425968,112296233502589,1945,19.450000000,sine_f1,state,0,-0.045461363,2078,-0.041417481,2075,0.000000000,0,-0.006720000,2,-0.904000,8,-0.046019424,2078,0.000000000,0,12.500,38,23404,0,1,
112296243507880,112296240006934,112296241424856,112296243507880,1946,19.460000000,sine_f1,state,0,-0.046291831,2078,-0.041417481,2075,0.023980824,-1,-0.023520000,7,-1.130000,10,-0.046019424,2078,0.000000000,0,12.500,38,23414,0,1,
112296253506814,112296250006665,112296251424104,112296253506814,1947,19.470000000,sine_f1,state,0,-0.047110876,2079,-0.042951462,2076,0.023980824,-1,-0.020160000,6,-0.904000,8,-0.047553404,2079,0.000000000,0,12.500,38,23424,0,1,
112296263513038,112296260006596,112296261422523,112296263513038,1948,19.480000000,sine_f1,state,0,-0.047918297,2079,-0.041417481,2075,0.023980824,-1,-0.033600000,10,-1.130000,10,-0.047553404,2079,0.000000000,0,12.500,38,23434,0,1,
112296273506124,112296270007160,112296271421952,112296273506124,1949,19.490000000,sine_f1,state,0,-0.048713896,2080,-0.041417481,2075,0.023980824,-1,-0.033600000,10,-1.243000,11,-0.049087385,2080,0.000000000,0,12.500,38,23444,0,1,
112296283504652,112296280009038,112296281422990,112296283504652,1950,19.500000000,sine_f1,state,0,-0.049497475,2080,-0.042951462,2076,0.000000000,0,-0.036960000,11,-1.808000,16,-0.049087385,2080,0.000000000,0,12.500,38,23454,0,1,
112296293501605,112296290006590,112296291421096,112296293501605,1951,19.510000000,sine_f1,state,0,-0.050268841,2081,-0.042951462,2076,0.000000000,0,-0.033600000,10,-1.695000,15,-0.050621366,2081,0.000000000,0,12.500,38,23464,0,1,
112296303507767,112296300006569,112296301419860,112296303507767,1952,19.520000000,sine_f1,state,0,-0.051027804,2081,-0.042951462,2076,0.000000000,0,-0.040320000,12,-3.503000,31,-0.050621366,2081,0.000000000,0,12.500,38,23474,0,1,
112296313501976,112296310007165,112296311425840,112296313501976,1953,19.530000000,sine_f1,state,0,-0.051774177,2082,-0.042951462,2076,0.000000000,0,-0.033600000,10,-6.102000,54,-0.052155347,2082,0.000000000,0,12.500,38,23484,0,1,
112296323505335,112296320007043,112296321429684,112296323505335,1954,19.540000000,sine_f1,state,0,-0.052507775,2082,-0.046019424,2078,0.000000000,0,-0.030240000,9,-9.379000,83,-0.052155347,2082,0.000000000,0,12.500,38,23494,0,1,
112296333508343,112296330006423,112296331424373,112296333508343,1955,19.550000000,sine_f1,state,0,-0.053228418,2083,-0.050621366,2081,-0.047961648,2,-0.016800000,5,-11.074000,98,-0.053689328,2083,0.000000000,0,12.600,38,23504,0,1,
112296343505184,112296340006379,112296341423280,112296343505184,1956,19.560000000,sine_f1,state,0,-0.053935927,2083,-0.055223308,2084,-0.095923296,4,-0.003360000,1,-10.961000,97,-0.053689328,2083,0.000000000,0,12.500,38,23514,0,1,
112296353502980,112296350006794,112296351421965,112296353502980,1957,19.570000000,sine_f1,state,0,-0.054630129,2084,-0.059825251,2087,-0.143884944,6,-0.010080000,3,-1.695000,15,-0.055223308,2084,0.000000000,0,12.500,38,23524,0,1,
112296363505733,112296360007912,112296361424220,112296363505733,1958,19.580000000,sine_f1,state,0,-0.055310851,2084,-0.061359232,2088,-0.191846591,8,0.073920000,-22,0.000000,0,-0.055223308,2084,0.000000000,0,12.500,38,23534,0,1,
112296373509346,112296370006833,112296371422425,112296373509346,1959,19.590000000,sine_f1,state,0,-0.055977926,2084,-0.061359232,2088,-0.239808239,10,0.030240000,-9,1.695000,-15,-0.055223308,2084,0.000000000,0,12.500,38,23544,0,1,
112296383503102,112296380006965,112296381419543,112296383503102,1960,19.600000000,sine_f1,state,0,-0.056631190,2085,-0.061359232,2088,-0.239808239,10,0.033600000,-10,3.277000,-29,-0.056757289,2085,0.000000000,0,12.500,38,23554,0,1,
112296393509043,112296390008814,112296391408514,112296393509043,1961,19.610000000,sine_f1,state,0,-0.057270480,2085,-0.061359232,2088,-0.239808239,10,0.030240000,-9,3.277000,-29,-0.056757289,2085,0.000000000,0,12.500,38,23564,0,1,
112296403506813,112296400006548,112296401420789,112296403506813,1962,19.620000000,sine_f1,state,0,-0.057895640,2086,-0.059825251,2087,-0.215827415,9,0.020160000,-6,2.938000,-26,-0.058291270,2086,0.000000000,0,12.500,38,23574,0,1,
112296413512099,112296410006318,112296411419785,112296413512099,1963,19.630000000,sine_f1,state,0,-0.058506515,2086,-0.059825251,2087,-0.143884944,6,0.010080000,-3,2.938000,-26,-0.058291270,2086,0.000000000,0,12.500,38,23584,0,1,
112296423506878,112296420006583,112296421401499,112296423506878,1964,19.640000000,sine_f1,state,0,-0.059102955,2087,-0.058291270,2086,-0.071942472,3,0.003360000,-1,1.243000,-11,-0.059825251,2087,0.000000000,0,12.500,38,23594,0,1,
112296433506100,112296430006860,112296431398027,112296433506100,1965,19.650000000,sine_f1,state,0,-0.059684812,2087,-0.058291270,2086,0.000000000,0,0.000000000,0,-0.113000,1,-0.059825251,2087,0.000000000,0,12.500,38,23604,0,1,
112296443518128,112296440006808,112296441404508,112296443518128,1966,19.660000000,sine_f1,state,0,-0.060251942,2087,-0.058291270,2086,0.000000000,0,-0.003360000,1,-0.791000,7,-0.059825251,2087,0.000000000,0,12.500,38,23614,0,1,
112296453486808,112296450006774,112296451408289,112296453486808,1967,19.670000000,sine_f1,state,0,-0.060804206,2088,-0.058291270,2086,0.023980824,-1,-0.006720000,2,-0.791000,7,-0.061359232,2088,0.000000000,0,12.500,38,23624,0,1,
112296463487799,112296460007095,112296461405021,112296463487799,1968,19.680000000,sine_f1,state,0,-0.061341468,2088,-0.058291270,2086,0.023980824,-1,-0.016800000,5,-1.130000,10,-0.061359232,2088,0.000000000,0,12.500,38,23634,0,1,
112296473494134,112296470007290,112296471408366,112296473494134,1969,19.690000000,sine_f1,state,0,-0.061863594,2088,-0.058291270,2086,0.023980824,-1,-0.013440000,4,-1.130000,10,-0.061359232,2088,0.000000000,0,12.500,38,23644,0,1,
112296483484040,112296480006959,112296481399441,112296483484040,1970,19.700000000,sine_f1,state,0,-0.062370457,2089,-0.058291270,2086,0.023980824,-1,-0.016800000,5,-1.130000,10,-0.062893212,2089,0.000000000,0,12.500,38,23654,0,1,
112296493485032,112296490008613,112296491399755,112296493485032,1971,19.710000000,sine_f1,state,0,-0.062861930,2089,-0.058291270,2086,0.000000000,0,-0.026880000,8,-1.130000,10,-0.062893212,2089,0.000000000,0,12.500,38,23664,0,1,
112296503483486,112296500007454,112296501403251,112296503483486,1972,19.720000000,sine_f1,state,0,-0.063337894,2089,-0.058291270,2086,0.000000000,0,-0.023520000,7,-1.356000,12,-0.062893212,2089,0.000000000,0,12.500,38,23674,0,1,
112296513490725,112296510006951,112296511406144,112296513490725,1973,19.730000000,sine_f1,state,0,-0.063798229,2090,-0.058291270,2086,0.000000000,0,-0.026880000,8,-1.356000,12,-0.064427193,2090,0.000000000,0,12.500,38,23684,0,1,
112296523478800,112296520006585,112296521402262,112296523478800,1974,19.740000000,sine_f1,state,0,-0.064242824,2090,-0.058291270,2086,0.000000000,0,-0.030240000,9,-1.695000,15,-0.064427193,2090,0.000000000,0,12.500,38,23694,0,1,
112296533482618,112296530006809,112296531403730,112296533482618,1975,19.750000000,sine_f1,state,0,-0.064671567,2090,-0.058291270,2086,0.000000000,0,-0.030240000,9,-1.808000,16,-0.064427193,2090,0.000000000,0,12.500,38,23704,0,1,
112296543481539,112296540007136,112296541400348,112296543481539,1976,19.760000000,sine_f1,state,0,-0.065084354,2090,-0.058291270,2086,0.000000000,0,-0.030240000,9,-1.695000,15,-0.064427193,2090,0.000000000,0,12.500,38,23714,0,1,
112296553490211,112296550006674,112296551400717,112296553490211,1977,19.770000000,sine_f1,state,0,-0.065481082,2091,-0.058291270,2086,0.000000000,0,-0.036960000,11,-1.695000,15,-0.065961174,2091,0.000000000,0,12.500,38,23724,0,1,
112296563493399,112296560006909,112296561402350,112296563493399,1978,19.780000000,sine_f1,state,0,-0.065861654,2091,-0.059825251,2087,0.000000000,0,-0.033600000,10,-3.616000,32,-0.065961174,2091,0.000000000,0,12.500,38,23734,0,1,
112296573483608,112296570006774,112296571401985,112296573483608,1979,19.790000000,sine_f1,state,0,-0.066225975,2091,-0.059825251,2087,0.000000000,0,-0.020160000,6,-6.102000,54,-0.065961174,2091,0.000000000,0,12.500,38,23744,0,1,
112296583490567,112296580006708,112296581407060,112296583490567,1980,19.800000000,sine_f1,state,0,-0.066573956,2091,-0.061359232,2088,0.000000000,0,-0.023520000,7,-9.266000,82,-0.065961174,2091,0.000000000,0,12.500,38,23754,0,1,
112296593496721,112296590008212,112296591406253,112296593496721,1981,19.810000000,sine_f1,state,0,-0.066905511,2092,-0.065961174,2091,-0.023980824,1,-0.003360000,1,-9.831000,87,-0.067495155,2092,0.000000000,0,12.500,38,23764,0,1,
112296603493881,112296600013438,112296601406864,112296603493881,1982,19.820000000,sine_f1,state,0,-0.067220558,2092,-0.070563116,2094,-0.071942472,3,-0.013440000,4,-6.328000,56,-0.067495155,2092,0.000000000,0,12.500,38,23774,0,1,
112296613490427,112296610011277,112296611402789,112296613490427,1983,19.830000000,sine_f1,state,0,-0.067519019,2092,-0.072097097,2095,-0.119904120,5,0.023520000,-7,0.000000,0,-0.067495155,2092,0.000000000,0,12.500,38,23784,0,1,
112296623481799,112296620007008,112296621401550,112296623481799,1984,19.840000000,sine_f1,state,0,-0.067800821,2092,-0.073631078,2096,-0.167865767,7,0.030240000,-9,1.017000,-9,-0.067495155,2092,0.000000000,0,12.500,38,23794,0,1,
112296633488122,112296630006659,112296631400819,112296633488122,1985,19.850000000,sine_f1,state,0,-0.068065894,2092,-0.073631078,2096,-0.191846591,8,0.036960000,-11,3.164000,-28,-0.067495155,2092,0.000000000,0,12.500,38,23804,0,1,
112296643485152,112296640007034,112296641405513,112296643485152,1986,19.860000000,sine_f1,state,0,-0.068314173,2093,-0.072097097,2095,-0.191846591,8,0.030240000,-9,3.277000,-29,-0.069029135,2093,0.000000000,0,12.500,38,23814,0,1,
112296653478134,112296650006361,112296651406921,112296653478134,1987,19.870000000,sine_f1,state,0,-0.068545597,2093,-0.072097097,2095,-0.167865767,7,0.020160000,-6,3.051000,-27,-0.069029135,2093,0.000000000,0,12.500,38,23824,0,1,
112296663480979,112296660007040,112296661402784,112296663480979,1988,19.880000000,sine_f1,state,0,-0.068760108,2093,-0.070563116,2094,-0.119904120,5,0.013440000,-4,3.164000,-28,-0.069029135,2093,0.000000000,0,12.500,38,23834,0,1,
112296673480917,112296670007060,112296671412841,112296673480917,1989,19.890000000,sine_f1,state,0,-0.068957653,2093,-0.070563116,2094,-0.071942472,3,0.010080000,-3,3.051000,-27,-0.069029135,2093,0.000000000,0,12.500,38,23844,0,1,
112296683487281,112296680007601,112296681406955,112296683487281,1990,19.900000000,sine_f1,state,0,-0.069138184,2093,-0.069029135,2093,-0.023980824,1,0.003360000,-1,1.130000,-10,-0.069029135,2093,0.000000000,0,12.500,38,23854,0,1,
112296693483487,112296690008899,112296691397060,112296693483487,1991,19.910000000,sine_f1,state,0,-0.069301656,2093,-0.069029135,2093,0.000000000,0,0.000000000,0,0.226000,-2,-0.069029135,2093,0.000000000,0,12.500,38,23864,0,1,
112296703485225,112296700006633,112296701399958,112296703485225,1992,19.920000000,sine_f1,state,0,-0.069448029,2093,-0.069029135,2093,0.023980824,-1,0.000000000,0,0.000000,0,-0.069029135,2093,0.000000000,0,12.500,38,23874,0,1,
112296713483394,112296710007216,112296711408231,112296713483394,1993,19.930000000,sine_f1,state,0,-0.069577267,2093,-0.069029135,2093,0.023980824,-1,0.003360000,-1,0.226000,-2,-0.069029135,2093,0.000000000,0,12.500,38,23884,0,1,
112296723478880,112296720006450,112296721399310,112296723478880,1994,19.940000000,sine_f1,state,0,-0.069689338,2093,-0.069029135,2093,0.023980824,-1,0.000000000,0,0.000000,0,-0.069029135,2093,0.000000000,0,12.500,38,23894,0,1,
112296733488257,112296730006245,112296731409003,112296733488257,1995,19.950000000,sine_f1,state,0,-0.069784213,2093,-0.069029135,2093,0.023980824,-1,0.000000000,0,0.000000,0,-0.069029135,2093,0.000000000,0,12.500,38,23904,0,1,
112296743491024,112296740006188,112296741402106,112296743491024,1996,19.960000000,sine_f1,state,0,-0.069861871,2094,-0.069029135,2093,0.023980824,-1,0.000000000,0,0.000000,0,-0.070563116,2094,0.000000000,0,12.500,38,23914,0,1,
112296753488607,112296750006921,112296751401133,112296753488607,1997,19.970000000,sine_f1,state,0,-0.069922291,2094,-0.069029135,2093,0.000000000,0,-0.003360000,1,-0.565000,5,-0.070563116,2094,0.000000000,0,12.500,38,23924,0,1,
112296763482137,112296760006620,112296761403828,112296763482137,1998,19.980000000,sine_f1,state,0,-0.069965459,2094,-0.069029135,2093,0.000000000,0,-0.003360000,1,-0.791000,7,-0.070563116,2094,0.000000000,0,12.500,38,23934,0,1,
112296773420635,112296770006768,112296771399448,112296773420635,1999,19.990000000,sine_f1,hardware_error,0,-0.069991364,2094,,,,,,,,,,,,,,,,,,0
112296783476903,112296780006851,112296781400622,112296783476903,2000,20.000000000,sine_f1,state,0,-0.070000000,2094,-0.069029135,2093,0.000000000,0,-0.006720000,2,-0.678000,6,-0.070563116,2094,0.000000000,0,12.500,38,23954,0,1,
112296793480191,112296790007363,112296791405861,112296793480191,2001,20.010000000,sine_f1,state,0,-0.069991364,2094,-0.069029135,2093,0.000000000,0,-0.003360000,1,-0.791000,7,-0.070563116,2094,0.000000000,0,12.500,38,23964,0,1,
112296803486624,112296800009137,112296801402469,112296803486624,2002,20.020000000,sine_f1,state,0,-0.069965459,2094,-0.069029135,2093,0.000000000,0,-0.003360000,1,-0.791000,7,-0.070563116,2094,0.000000000,0,12.500,38,23974,0,1,
112296813484683,112296810006541,112296811377726,112296813484683,2003,20.030000000,sine_f1,state,0,-0.069922291,2094,-0.069029135,2093,0.000000000,0,-0.003360000,1,-0.791000,7,-0.070563116,2094,0.000000000,0,12.500,38,23984,0,1,
112296823484644,112296820006380,112296821382072,112296823484644,2004,20.040000000,sine_f1,state,0,-0.069861871,2094,-0.069029135,2093,0.000000000,0,-0.003360000,1,-0.791000,7,-0.070563116,2094,0.000000000,0,12.500,38,23994,0,1,
112296833464809,112296830006419,112296831380031,112296833464809,2005,20.050000000,sine_f1,state,0,-0.069784213,2093,-0.069029135,2093,0.000000000,0,-0.003360000,1,-0.904000,8,-0.069029135,2093,0.000000000,0,12.500,38,24004,0,1,
112296843459246,112296840006706,112296841378648,112296843459246,2006,20.060000000,sine_f1,state,0,-0.069689338,2093,-0.069029135,2093,0.000000000,0,0.000000000,0,0.113000,-1,-0.069029135,2093,0.000000000,0,12.500,38,24014,0,1,
112296853488720,112296850007297,112296851397772,112296853488720,2007,20.070000000,sine_f1,state,0,-0.069577267,2093,-0.069029135,2093,0.000000000,0,0.000000000,0,0.113000,-1,-0.069029135,2093,0.000000000,0,12.500,38,24024,0,1,
112296863475246,112296860006588,112296861380296,112296863475246,2008,20.080000000,sine_f1,state,0,-0.069448029,2093,-0.069029135,2093,0.000000000,0,0.000000000,0,0.113000,-1,-0.069029135,2093,0.000000000,0,12.500,38,24034,0,1,
112296873466022,112296870006520,112296871383136,112296873466022,2009,20.090000000,sine_f1,state,0,-0.069301656,2093,-0.069029135,2093,0.000000000,0,0.000000000,0,0.113000,-1,-0.069029135,2093,0.000000000,0,12.500,38,24044,0,1,
112296883462752,112296880006393,112296881384793,112296883462752,2010,20.100000000,sine_f1,state,0,-0.069138184,2093,-0.069029135,2093,0.000000000,0,0.000000000,0,0.113000,-1,-0.069029135,2093,0.000000000,0,12.500,38,24054,0,1,
112296893465359,112296890006836,112296891386733,112296893465359,2011,20.110000000,sine_f1,state,0,-0.068957653,2093,-0.069029135,2093,0.000000000,0,0.000000000,0,0.000000,0,-0.069029135,2093,0.000000000,0,12.500,38,24064,0,1,
112296903466344,112296900008794,112296901387052,112296903466344,2012,20.120000000,sine_f1,state,0,-0.068760108,2093,-0.069029135,2093,0.000000000,0,0.000000000,0,0.113000,-1,-0.069029135,2093,0.000000000,0,12.500,38,24074,0,1,
112296913460760,112296910006134,112296911379871,112296913460760,2013,20.130000000,sine_f1,state,0,-0.068545597,2093,-0.069029135,2093,0.000000000,0,0.003360000,-1,0.226000,-2,-0.069029135,2093,0.000000000,0,12.500,38,24084,0,1,
112296923466473,112296920006263,112296921382225,112296923466473,2014,20.140000000,sine_f1,state,0,-0.068314173,2093,-0.069029135,2093,0.000000000,0,0.000000000,0,0.113000,-1,-0.069029135,2093,0.000000000,0,12.500,38,24094,0,1,
112296933458953,112296930006334,112296931380812,112296933458953,2015,20.150000000,sine_f1,state,0,-0.068065894,2092,-0.069029135,2093,0.000000000,0,0.000000000,0,0.000000,0,-0.067495155,2092,0.000000000,0,12.500,38,24104,0,1,
112296943460847,112296940006762,112296941384103,112296943460847,2016,20.160000000,sine_f1,state,0,-0.067800821,2092,-0.069029135,2093,0.000000000,0,0.003360000,-1,2.599000,-23,-0.067495155,2092,0.000000000,0,12.500,38,24114,0,1,
112296953464978,112296950006883,112296951379389,112296953464978,2017,20.170000000,sine_f1,state,0,-0.067519019,2092,-0.067495155,2092,0.000000000,0,0.003360000,-1,2.938000,-26,-0.067495155,2092,0.000000000,0,12.500,38,24124,0,1,
112296963413893,112296960011337,112296961333709,112296963413893,2018,20.180000000,sine_f1,state,0,-0.067220558,2092,-0.069029135,2093,0.000000000,0,0.003360000,-1,2.599000,-23,-0.067495155,2092,0.000000000,0,12.500,38,24134,0,1,
112296973422163,112296970013256,112296971323072,112296973422163,2019,20.190000000,sine_f1,state,0,-0.066905511,2092,-0.067495155,2092,0.000000000,0,0.000000000,0,1.356000,-12,-0.067495155,2092,0.000000000,0,12.500,38,24144,0,1,
112296983313952,112296980008230,112296981287016,112296983313952,2020,20.200000000,sine_f1,state,0,-0.066573956,2091,-0.067495155,2092,0.000000000,0,-0.003360000,1,0.113000,-1,-0.067495155,2092,0.000000000,0,12.500,38,24154,0,1,
112296993301457,112296990012449,112296991279649,112296993301457,2021,20.210000000,sine_f1,state,0,-0.066225975,2091,-0.067495155,2092,0.000000000,0,0.003360000,-1,1.808000,-16,-0.065961174,2091,0.000000000,0,12.500,38,24164,0,1,
112297003332881,112297000015058,112297001285614,112297003332881,2022,20.220000000,sine_f1,state,0,-0.065861654,2091,-0.065961174,2091,0.000000000,0,0.003360000,-1,2.373000,-21,-0.065961174,2091,0.000000000,0,12.500,38,24174,0,1,
112297013366972,112297010009005,112297011307408,112297013366972,2023,20.230000000,sine_f1,state,0,-0.065481082,2091,-0.065961174,2091,0.023980824,-1,0.000000000,0,1.582000,-14,-0.065961174,2091,0.000000000,0,12.500,38,24184,0,1,
112297023526489,112297020006754,112297021313360,112297023526489,2024,20.240000000,sine_f1,state,0,-0.065084354,2090,-0.065961174,2091,0.023980824,-1,0.000000000,0,0.565000,-5,-0.065961174,2091,0.000000000,0,12.500,38,24194,0,1,
112297033420116,112297030011037,112297031324770,112297033420116,2025,20.250000000,sine_f1,state,0,-0.064671567,2090,-0.065961174,2091,0.023980824,-1,0.006720000,-2,2.938000,-26,-0.064427193,2090,0.000000000,0,12.500,38,24204,0,1,
112297044434454,112297040088738,112297042338840,112297044434454,2026,20.260000000,sine_f1,state,0,-0.064242824,2090,-0.065961174,2091,0.023980824,-1,0.003360000,-1,2.825000,-25,-0.064427193,2090,0.000000000,0,12.500,38,24215,0,1,
112297054433995,112297050094350,112297052354049,112297054433995,2027,20.270000000,sine_f1,state,0,-0.063798229,2090,-0.064427193,2090,0.023980824,-1,0.003360000,-1,2.034000,-18,-0.064427193,2090,0.000000000,0,12.500,38,24225,0,1,
112297064651124,112297060086212,112297062510538,112297064651124,2028,20.280000000,sine_f1,state,0,-0.063337894,2089,-0.064427193,2090,0.023980824,-1,0.003360000,-1,1.130000,-10,-0.062893212,2089,0.000000000,0,12.500,38,24235,0,1,
112297074659975,112297070087551,112297072385326,112297074659975,2029,20.290000000,sine_f1,state,0,-0.062861930,2089,-0.062893212,2089,0.023980824,-1,0.003360000,-1,2.373000,-21,-0.062893212,2089,0.000000000,0,12.500,38,24245,0,1,
112297084648098,112297080086480,112297082515548,112297084648098,2030,20.300000000,sine_f1,state,0,-0.062370457,2089,-0.062893212,2089,0.023980824,-1,0.003360000,-1,1.582000,-14,-0.062893212,2089,0.000000000,0,12.500,38,24255,0,1,
112297094629564,112297090084961,112297092515326,112297094629564,2031,20.310000000,sine_f1,state,0,-0.061863594,2088,-0.062893212,2089,0.023980824,-1,0.000000000,0,0.452000,-4,-0.061359232,2088,0.000000000,0,12.500,38,24265,0,1,
112297104627087,112297100091862,112297102515481,112297104627087,2032,20.320000000,sine_f1,state,0,-0.061341468,2088,-0.061359232,2088,0.023980824,-1,0.003360000,-1,2.034000,-18,-0.061359232,2088,0.000000000,0,12.500,38,24275,0,1,
112297114633620,112297110082349,112297112510723,112297114633620,2033,20.330000000,sine_f1,state,0,-0.060804206,2088,-0.061359232,2088,0.023980824,-1,0.003360000,-1,2.825000,-25,-0.061359232,2088,0.000000000,0,12.500,38,24285,0,1,
112297124614134,112297120092413,112297122515447,112297124614134,2034,20.340000000,sine_f1,state,0,-0.060251942,2087,-0.061359232,2088,0.023980824,-1,0.000000000,0,1.921000,-17,-0.059825251,2087,0.000000000,0,12.500,38,24295,0,1,
112297134637193,112297130086415,112297132517499,112297134637193,2035,20.350000000,sine_f1,state,0,-0.059684812,2087,-0.061359232,2088,0.023980824,-1,0.010080000,-3,3.164000,-28,-0.059825251,2087,0.000000000,0,12.500,38,24305,0,1,
112297144638443,112297140086283,112297142397717,112297144638443,2036,20.360000000,sine_f1,state,0,-0.059102955,2087,-0.061359232,2088,0.023980824,-1,0.003360000,-1,3.164000,-28,-0.059825251,2087,0.000000000,0,12.500,38,24315,0,1,
112297154636210,112297150085027,112297152504961,112297154636210,2037,20.370000000,sine_f1,state,0,-0.058506515,2086,-0.059825251,2087,0.023980824,-1,0.006720000,-2,3.051000,-27,-0.058291270,2086,0.000000000,0,12.400,38,24325,0,1,
112297164488456,112297160085243,112297162515347,112297164488456,2038,20.380000000,sine_f1,state,0,-0.057895640,2086,-0.059825251,2087,0.023980824,-1,0.006720000,-2,2.938000,-26,-0.058291270,2086,0.000000000,0,12.500,38,24335,0,1,
112297174421730,112297170093104,112297172388771,112297174421730,2039,20.390000000,sine_f1,state,0,-0.057270480,2085,-0.058291270,2086,0.023980824,-1,0.000000000,0,2.034000,-18,-0.056757289,2085,0.000000000,0,12.500,38,24345,0,1,
112297184627049,112297180103568,112297182508571,112297184627049,2040,20.400000000,sine_f1,state,0,-0.056631190,2085,-0.056757289,2085,0.047961648,-2,0.006720000,-2,2.938000,-26,-0.056757289,2085,0.000000000,0,12.500,38,24355,0,1,
112297194626498,112297190089271,112297192514696,112297194626498,2041,20.410000000,sine_f1,state,0,-0.055977926,2084,-0.056757289,2085,0.047961648,-2,0.003360000,-1,2.373000,-21,-0.055223308,2084,0.000000000,0,12.500,38,24365,0,1,
112297204608479,112297200105701,112297202509134,112297204608479,2042,20.420000000,sine_f1,state,0,-0.055310851,2084,-0.056757289,2085,0.047961648,-2,0.010080000,-3,3.051000,-27,-0.055223308,2084,0.000000000,0,12.500,38,24375,0,1,
112297214470510,112297210083776,112297212500174,112297214470510,2043,20.430000000,sine_f1,state,0,-0.054630129,2084,-0.055223308,2084,0.071942472,-3,0.003360000,-1,0.791000,-7,-0.055223308,2084,0.000000000,0,12.500,38,24385,0,1,
112297224486094,112297220092578,112297222403407,112297224486094,2044,20.440000000,sine_f1,state,0,-0.053935927,2083,-0.055223308,2084,0.071942472,-3,0.000000000,0,0.452000,-4,-0.053689328,2083,0.000000000,0,12.500,38,24395,0,1,
112297234615482,112297230083334,112297232489873,112297234615482,2045,20.450000000,sine_f1,state,0,-0.053228418,2083,-0.055223308,2084,0.047961648,-2,0.003360000,-1,2.373000,-21,-0.053689328,2083,0.000000000,0,12.500,38,24405,0,1,
112297244636320,112297240085330,112297242501055,112297244636320,2046,20.460000000,sine_f1,state,0,-0.052507775,2082,-0.053689328,2083,0.047961648,-2,0.003360000,-1,3.051000,-27,-0.052155347,2082,0.000000000,0,12.500,38,24415,0,1,
112297254641470,112297250085614,112297252377856,112297254641470,2047,20.470000000,sine_f1,state,0,-0.051774177,2082,-0.053689328,2083,0.047961648,-2,0.006720000,-2,3.164000,-28,-0.052155347,2082,0.000000000,0,12.500,38,24425,0,1,
112297264643232,112297260090576,112297262492041,112297264643232,2048,20.480000000,sine_f1,state,0,-0.051027804,2081,-0.052155347,2082,0.047961648,-2,0.010080000,-3,2.260000,-20,-0.050621366,2081,0.000000000,0,12.500,38,24435,0,1,
112297274473255,112297270099723,112297272511287,112297274473255,2049,20.490000000,sine_f1,state,0,-0.050268841,2081,-0.052155347,2082,0.047961648,-2,0.010080000,-3,2.938000,-26,-0.050621366,2081,0.000000000,0,12.500,38,24445,0,1,
112297284599206,112297280032280,112297282395385,112297284599206,2050,20.500000000,sine_f1,state,0,-0.049497475,2080,-0.050621366,2081,0.047961648,-2,0.003360000,-1,2.373000,-21,-0.049087385,2080,0.000000000,0,12.400,38,24455,0,1,
112297294585554,112297290086152,112297292481828,112297294585554,2051,20.510000000,sine_f1,state,0,-0.048713896,2080,-0.050621366,2081,0.047961648,-2,0.010080000,-3,3.164000,-28,-0.049087385,2080,0.000000000,0,12.500,38,24465,0,1,
112297304606932,112297300092086,112297302491855,112297304606932,2052,20.520000000,sine_f1,state,0,-0.047918297,2079,-0.049087385,2080,0.047961648,-2,0.003360000,-1,2.486000,-22,-0.047553404,2079,0.000000000,0,12.500,38,24475,0,1,
112297314442038,112297310096661,112297312483838,112297314442038,2053,20.530000000,sine_f1,state,0,-0.047110876,2079,-0.047553404,2079,0.071942472,-3,0.006720000,-2,3.051000,-27,-0.047553404,2079,0.000000000,0,12.500,38,24485,0,1,
112297324610159,112297320089479,112297322487911,112297324610159,2054,20.540000000,sine_f1,state,0,-0.046291831,2078,-0.047553404,2079,0.071942472,-3,0.000000000,0,1.921000,-17,-0.046019424,2078,0.000000000,0,12.500,38,24495,0,1,
112297334589100,112297330086823,112297332484412,112297334589100,2055,20.550000000,sine_f1,state,0,-0.045461363,2078,-0.046019424,2078,0.071942472,-3,0.000000000,0,2.938000,-26,-0.046019424,2078,0.000000000,0,12.500,38,24505,0,1,
112297344617422,112297340085758,112297342492169,112297344617422,2056,20.560000000,sine_f1,state,0,-0.044619679,2077,-0.046019424,2078,0.071942472,-3,0.000000000,0,1.921000,-17,-0.044485443,2077,0.000000000,0,12.500,38,24515,0,1,
112297354610921,112297350086067,112297352378463,112297354610921,2057,20.570000000,sine_f1,state,0,-0.043766986,2077,-0.044485443,2077,0.071942472,-3,0.006720000,-2,3.164000,-28,-0.044485443,2077,0.000000000,0,12.500,38,24525,0,1,
112297364616728,112297360085047,112297362376984,112297364616728,2058,20.580000000,sine_f1,state,0,-0.042903494,2076,-0.044485443,2077,0.071942472,-3,0.000000000,0,2.034000,-18,-0.042951462,2076,0.000000000,0,12.500,38,24535,0,1,
112297374616808,112297370090000,112297372488289,112297374616808,2059,20.590000000,sine_f1,state,0,-0.042029416,2075,-0.042951462,2076,0.071942472,-3,0.000000000,0,2.486000,-22,-0.041417481,2075,0.000000000,0,12.500,38,24545,0,1,
112297384454453,112297380084758,112297382378951,112297384454453,2060,20.600000000,sine_f1,state,0,-0.041144968,2075,-0.042951462,2076,0.071942472,-3,0.010080000,-3,3.164000,-28,-0.041417481,2075,0.000000000,0,12.500,38,24555,0,1,
112297394587361,112297390086645,112297392497154,112297394587361,2061,20.610000000,sine_f1,state,0,-0.040250368,2074,-0.041417481,2075,0.071942472,-3,0.006720000,-2,2.825000,-25,-0.039883500,2074,0.000000000,0,12.500,38,24565,0,1,
112297404588623,112297400087407,112297402489330,112297404588623,2062,20.620000000,sine_f1,state,0,-0.039345836,2074,-0.039883500,2074,0.071942472,-3,0.003360000,-1,2.825000,-25,-0.039883500,2074,0.000000000,0,12.500,38,24575,0,1,
112297414465224,112297410084404,112297412485924,112297414465224,2063,20.630000000,sine_f1,state,0,-0.038431597,2073,-0.039883500,2074,0.071942472,-3,0.003360000,-1,2.034000,-18,-0.038349520,2073,0.000000000,0,12.500,38,24585,0,1,
112297424462526,112297420035797,112297422482953,112297424462526,2064,20.640000000,sine_f1,state,0,-0.037507876,2072,-0.038349520,2073,0.071942472,-3,0.013440000,-4,3.164000,-28,-0.036815539,2072,0.000000000,0,12.500,38,24595,0,1,
112297434614228,112297430085950,112297432489687,112297434614228,2065,20.650000000,sine_f1,state,0,-0.036574900,2072,-0.038349520,2073,0.071942472,-3,0.010080000,-3,2.938000,-26,-0.036815539,2072,0.000000000,0,12.500,38,24605,0,1,
112297444460833,112297440085019,112297442375701,112297444460833,2066,20.660000000,sine_f1,state,0,-0.035632899,2071,-0.036815539,2072,0.071942472,-3,0.006720000,-2,1.695000,-15,-0.035281558,2071,0.000000000,0,12.500,38,24615,0,1,
112297454591718,112297450092919,112297452490512,112297454591718,2067,20.670000000,sine_f1,state,0,-0.034682107,2071,-0.035281558,2071,0.071942472,-3,0.010080000,-3,3.051000,-27,-0.035281558,2071,0.000000000,0,12.500,38,24625,0,1,
112297464621210,112297460085880,112297462381216,112297464621210,2068,20.680000000,sine_f1,state,0,-0.033722757,2070,-0.035281558,2071,0.071942472,-3,0.000000000,0,1.921000,-17,-0.033747577,2070,0.000000000,0,12.500,38,24635,0,1,
112297474614114,112297470084394,112297472377619,112297474614114,2069,20.690000000,sine_f1,state,0,-0.032755087,2069,-0.033747577,2070,0.071942472,-3,0.006720000,-2,3.051000,-27,-0.032213597,2069,0.000000000,0,12.500,38,24645,0,1,
112297484412847,112297480094286,112297482483492,112297484412847,2070,20.700000000,sine_f1,state,0,-0.031779335,2069,-0.033747577,2070,0.071942472,-3,0.006720000,-2,3.164000,-28,-0.032213597,2069,0.000000000,0,12.500,38,24655,0,1,
112297494366265,112297490023775,112297492307510,112297494366265,2071,20.710000000,sine_f1,state,0,-0.030795742,2068,-0.032213597,2069,0.071942472,-3,0.003360000,-1,2.260000,-20,-0.030679616,2068,0.000000000,0,12.500,38,24665,0,1,
112297503379534,112297500009758,112297501290103,112297503379534,2072,20.720000000,sine_f1,state,0,-0.029804550,2067,-0.030679616,2068,0.071942472,-3,0.003360000,-1,2.712000,-24,-0.030679616,2068,0.000000000,0,12.500,38,24674,0,1,
112297513385710,112297510008749,112297511295784,112297513385710,2073,20.730000000,sine_f1,state,0,-0.028806005,2067,-0.030679616,2068,0.071942472,-3,0.013440000,-4,2.825000,-25,-0.029145635,2067,0.000000000,0,12.500,38,24684,0,1,
112297523393205,112297520006905,112297521309213,112297523393205,2074,20.740000000,sine_f1,state,0,-0.027800352,2066,-0.029145635,2067,0.071942472,-3,0.003360000,-1,1.582000,-14,-0.029145635,2067,0.000000000,0,12.500,38,24694,0,1,
112297534409530,112297530086574,112297532312082,112297534409530,2075,20.750000000,sine_f1,state,0,-0.026787840,2065,-0.029145635,2067,0.071942472,-3,0.013440000,-4,3.164000,-28,-0.026077673,2065,0.000000000,0,12.500,38,24705,0,1,
112297544419639,112297540090228,112297542314564,112297544419639,2076,20.760000000,sine_f1,state,0,-0.025768719,2065,-0.027611654,2066,0.071942472,-3,0.013440000,-4,2.938000,-26,-0.026077673,2065,0.000000000,0,12.500,38,24715,0,1,
112297554415471,112297550084486,112297552318174,112297554415471,2077,20.770000000,sine_f1,state,0,-0.024743239,2064,-0.027611654,2066,0.071942472,-3,0.010080000,-3,3.164000,-28,-0.024543693,2064,0.000000000,0,12.500,38,24725,0,1,
112297564421892,112297560092754,112297562311124,112297564421892,2078,20.780000000,sine_f1,state,0,-0.023711654,2063,-0.026077673,2065,0.071942472,-3,0.010080000,-3,3.051000,-27,-0.023009712,2063,0.000000000,0,12.500,38,24735,0,1,
112297574634234,112297570089502,112297572380930,112297574634234,2079,20.790000000,sine_f1,state,0,-0.022674219,2063,-0.024543693,2064,0.071942472,-3,0.006720000,-2,2.938000,-26,-0.023009712,2063,0.000000000,0,12.500,38,24745,0,1,
112297584466870,112297580085406,112297582382160,112297584466870,2080,20.800000000,sine_f1,state,0,-0.021631190,2062,-0.024543693,2064,0.071942472,-3,0.006720000,-2,3.164000,-28,-0.021475731,2062,0.000000000,0,12.500,38,24755,0,1,
112297594470036,112297590091623,112297592486773,112297594470036,2081,20.810000000,sine_f1,state,0,-0.020582823,2061,-0.023009712,2063,0.071942472,-3,0.013440000,-4,3.051000,-27,-0.019941750,2061,0.000000000,0,12.500,38,24765,0,1,
112297604459683,112297600085510,112297602378796,112297604459683,2082,20.820000000,sine_f1,state,0,-0.019529377,2061,-0.021475731,2062,0.071942472,-3,0.013440000,-4,2.938000,-26,-0.019941750,2061,0.000000000,0,12.500,38,24775,0,1,
112297614615955,112297610084143,112297612487565,112297614615955,2083,20.830000000,sine_f1,state,0,-0.018471113,2060,-0.019941750,2061,0.071942472,-3,0.006720000,-2,3.277000,-29,-0.018407769,2060,0.000000000,0,12.500,38,24785,0,1,
112297624466805,112297620023202,112297622374814,112297624466805,2084,20.840000000,sine_f1,state,0,-0.017408292,2059,-0.019941750,2061,0.095923296,-4,0.016800000,-5,3.051000,-27,-0.016873789,2059,0.000000000,0,12.500,38,24795,0,1,
112297634465843,112297630031226,112297632379159,112297634465843,2085,20.850000000,sine_f1,state,0,-0.016341175,2059,-0.018407769,2060,0.095923296,-4,0.013440000,-4,2.825000,-25,-0.016873789,2059,0.000000000,0,12.500,38,24805,0,1,
112297644453076,112297640085054,112297642354933,112297644453076,2086,20.860000000,sine_f1,state,0,-0.015270027,2058,-0.016873789,2059,0.095923296,-4,0.006720000,-2,2.373000,-21,-0.015339808,2058,0.000000000,0,12.500,38,24815,0,1,
112297654453324,112297650081467,112297652354930,112297654453324,2087,20.870000000,sine_f1,state,0,-0.014195111,2057,-0.016873789,2059,0.095923296,-4,0.013440000,-4,3.164000,-28,-0.013805827,2057,0.000000000,0,12.500,38,24825,0,1,
112297664610842,112297660083469,112297662484894,112297664610842,2088,20.880000000,sine_f1,state,0,-0.013116692,2057,-0.015339808,2058,0.095923296,-4,0.016800000,-5,3.164000,-28,-0.013805827,2057,0.000000000,0,12.500,38,24835,0,1,
112297674610563,112297670084269,112297672359429,112297674610563,2089,20.890000000,sine_f1,state,0,-0.012035037,2056,-0.015339808,2058,0.095923296,-4,0.010080000,-3,2.260000,-20,-0.012271846,2056,0.000000000,0,12.500,38,24845,0,1,
112297684471978,112297680084538,112297682383846,112297684471978,2090,20.900000000,sine_f1,state,0,-0.010950413,2055,-0.013805827,2057,0.095923296,-4,0.010080000,-3,3.164000,-28,-0.010737866,2055,0.000000000,0,12.500,38,24855,0,1,
112297694454243,112297690089946,112297692369930,112297694454243,2091,20.910000000,sine_f1,state,0,-0.009863086,2054,-0.012271846,2056,0.095923296,-4,0.010080000,-3,3.051000,-27,-0.009203885,2054,0.000000000,0,12.500,38,24865,0,1,
112297704444333,112297700037241,112297702354386,112297704444333,2092,20.920000000,sine_f1,state,0,-0.008773326,2054,-0.012271846,2056,0.095923296,-4,0.016800000,-5,2.938000,-26,-0.009203885,2054,0.000000000,0,12.500,38,24875,0,1,
112297714437456,112297710088496,112297712355397,112297714437456,2093,20.930000000,sine_f1,state,0,-0.007681402,2053,-0.010737866,2055,0.095923296,-4,0.010080000,-3,3.164000,-28,-0.007669904,2053,0.000000000,0,12.500,38,24885,0,1,
112297724449699,112297720090129,112297722356379,112297724449699,2094,20.940000000,sine_f1,state,0,-0.006587582,2052,-0.009203885,2054,0.095923296,-4,0.013440000,-4,3.051000,-27,-0.006135923,2052,0.000000000,0,12.500,38,24895,0,1,
112297734454930,112297730086463,112297732357707,112297734454930,2095,20.950000000,sine_f1,state,0,-0.005492137,2052,-0.009203885,2054,0.095923296,-4,0.020160000,-6,2.825000,-25,-0.006135923,2052,0.000000000,0,12.500,38,24905,0,1,
112297744442933,112297740085224,112297742355616,112297744442933,2096,20.960000000,sine_f1,state,0,-0.004395336,2051,-0.007669904,2053,0.095923296,-4,0.010080000,-3,3.164000,-28,-0.004601942,2051,0.000000000,0,12.500,38,24915,0,1,
112297754453969,112297750084720,112297752357054,112297754453969,2097,20.970000000,sine_f1,state,0,-0.003297452,2050,-0.007669904,2053,0.095923296,-4,0.010080000,-3,3.164000,-28,-0.003067962,2050,0.000000000,0,12.500,38,24925,0,1,
112297764589300,112297760084910,112297762494819,112297764589300,2098,20.980000000,sine_f1,state,0,-0.002198753,2049,-0.006135923,2052,0.095923296,-4,0.020160000,-6,3.051000,-27,-0.001533981,2049,0.000000000,0,12.500,38,24935,0,1,
112297774363519,112297770085314,112297772368292,112297774363519,2099,20.990000000,sine_f1,hardware_error,0,-0.001099512,2049,,,,,,,,,,,,,,,,,,0
112297784604220,112297780090423,112297782366326,112297784604220,2100,21.000000000,sine_f1,state,0,-0.000000000,2048,-0.003067962,2050,0.095923296,-4,0.013440000,-4,3.051000,-27,0.000000000,2048,0.000000000,0,12.500,38,24955,0,1,
112297794456670,112297790094210,112297792464008,112297794456670,2101,21.010000000,center_after_f1,state,0,0.000000000,2048,-0.003067962,2050,0.095923296,-4,0.020160000,-6,2.825000,-25,0.000000000,2048,0.000000000,0,12.500,38,24965,0,1,
112297804441943,112297800097439,112297802462889,112297804441943,2102,21.020000000,center_after_f1,state,0,0.000000000,2048,-0.001533981,2049,0.095923296,-4,0.010080000,-3,2.712000,-24,0.000000000,2048,0.000000000,0,12.500,38,24975,0,1,
112297814442586,112297810031101,112297812358396,112297814442586,2103,21.030000000,center_after_f1,state,0,0.000000000,2048,0.000000000,2048,0.095923296,-4,0.003360000,-1,2.712000,-24,0.000000000,2048,0.000000000,0,12.500,38,24985,0,1,
112297824446209,112297820086746,112297822356827,112297824446209,2104,21.040000000,center_after_f1,state,0,0.000000000,2048,0.000000000,2048,0.095923296,-4,0.000000000,0,1.695000,-15,0.000000000,2048,0.000000000,0,12.500,38,24995,0,1,
112297834440869,112297830085271,112297832359752,112297834440869,2105,21.050000000,center_after_f1,state,0,0.000000000,2048,0.000000000,2048,0.071942472,-3,0.003360000,-1,0.226000,-2,0.000000000,2048,0.000000000,0,12.500,38,25005,0,1,
112297844435504,112297840085701,112297842359783,112297844435504,2106,21.060000000,center_after_f1,state,0,0.000000000,2048,0.001533981,2047,0.071942472,-3,0.000000000,0,-0.113000,1,0.000000000,2048,0.000000000,0,12.500,38,25015,0,1,
112297854453959,112297850084181,112297852354776,112297854453959,2107,21.070000000,center_after_f1,state,0,0.000000000,2048,0.000000000,2048,0.071942472,-3,-0.003360000,1,0.000000,0,0.000000000,2048,0.000000000,0,12.500,38,25025,0,1,
112297864445603,112297860088409,112297862356228,112297864445603,2108,21.080000000,center_after_f1,state,0,0.000000000,2048,0.001533981,2047,0.047961648,-2,-0.003360000,1,-0.113000,1,0.000000000,2048,0.000000000,0,12.500,38,25035,0,1,
112297874609220,112297870090875,112297872466065,112297874609220,2109,21.090000000,center_after_f1,state,0,0.000000000,2048,0.000000000,2048,0.047961648,-2,0.003360000,-1,0.113000,-1,0.000000000,2048,0.000000000,0,12.500,38,25045,0,1,
112297884577556,112297880084378,112297882357084,112297884577556,2110,21.100000000,center_after_f1,state,0,0.000000000,2048,0.000000000,2048,0.023980824,-1,0.000000000,0,0.000000,0,0.000000000,2048,0.000000000,0,12.500,38,25055,0,1,
112297894584503,112297890084251,112297892372232,112297894584503,2111,21.110000000,center_after_f1,state,0,0.000000000,2048,0.000000000,2048,0.000000000,0,0.000000000,0,-0.113000,1,0.000000000,2048,0.000000000,0,12.500,38,25065,0,1,
112297904467865,112297900089980,112297902469701,112297904467865,2112,21.120000000,center_after_f1,state,0,0.000000000,2048,0.001533981,2047,0.000000000,0,-0.003360000,1,-0.113000,1,0.000000000,2048,0.000000000,0,12.500,38,25075,0,1,
112297914439512,112297910086451,112297912462524,112297914439512,2113,21.130000000,center_after_f1,state,0,0.000000000,2048,0.001533981,2047,0.000000000,0,-0.006720000,2,0.000000,0,0.000000000,2048,0.000000000,0,12.500,38,25085,0,1,
112297924434258,112297920031545,112297922363690,112297924434258,2114,21.140000000,center_after_f1,state,0,0.000000000,2048,0.001533981,2047,0.000000000,0,-0.003360000,1,-0.339000,3,0.000000000,2048,0.000000000,0,12.500,38,25095,0,1,
112297934440893,112297930082383,112297932353375,112297934440893,2115,21.150000000,center_after_f1,state,0,0.000000000,2048,0.000000000,2048,0.000000000,0,0.000000000,0,0.000000,0,0.000000000,2048,0.000000000,0,12.500,38,25105,0,1,
112297944453596,112297940089893,112297942356490,112297944453596,2116,21.160000000,center_after_f1,state,0,0.000000000,2048,0.001533981,2047,0.000000000,0,0.000000000,0,0.113000,-1,0.000000000,2048,0.000000000,0,12.500,38,25115,0,1,
112297954441626,112297950086623,112297952358329,112297954441626,2117,21.170000000,center_after_f1,state,0,0.000000000,2048,0.001533981,2047,0.000000000,0,-0.003360000,1,0.000000,0,0.000000000,2048,0.000000000,0,12.500,38,25125,0,1,
112297964438191,112297960088386,112297962355318,112297964438191,2118,21.180000000,center_after_f1,state,0,0.000000000,2048,0.000000000,2048,0.000000000,0,0.000000000,0,0.113000,-1,0.000000000,2048,0.000000000,0,12.500,38,25135,0,1,
112297974418789,112297970084164,112297972359281,112297974418789,2119,21.190000000,center_after_f1,state,0,0.000000000,2048,0.000000000,2048,0.000000000,0,0.000000000,0,0.000000,0,0.000000000,2048,0.000000000,0,12.500,38,25145,0,1,
112297984438708,112297980090438,112297982356604,112297984438708,2120,21.200000000,center_after_f1,state,0,0.000000000,2048,0.000000000,2048,0.000000000,0,0.000000000,0,0.000000,0,0.000000000,2048,0.000000000,0,12.500,38,25155,0,1,
112297994431556,112297990091413,112297992364092,112297994431556,2121,21.210000000,center_after_f1,state,0,0.000000000,2048,0.001533981,2047,0.000000000,0,0.000000000,0,0.113000,-1,0.000000000,2048,0.000000000,0,12.500,38,25165,0,1,
112298004590632,112298000083077,112298002362974,112298004590632,2122,21.220000000,center_after_f1,state,0,0.000000000,2048,0.001533981,2047,0.000000000,0,-0.003360000,1,-0.113000,1,0.000000000,2048,0.000000000,0,12.500,38,25175,0,1,
112298014452424,112298010085575,112298012464419,112298014452424,2123,21.230000000,center_after_f1,state,0,0.000000000,2048,0.001533981,2047,0.000000000,0,-0.003360000,1,-0.113000,1,0.000000000,2048,0.000000000,0,12.500,38,25185,0,1,
112298024455786,112298020089016,112298022462516,112298024455786,2124,21.240000000,center_after_f1,state,0,0.000000000,2048,0.000000000,2048,0.000000000,0,0.000000000,0,0.113000,-1,0.000000000,2048,0.000000000,0,12.500,38,25195,0,1,
112298034427695,112298030032740,112298032360990,112298034427695,2125,21.250000000,center_after_f1,state,0,0.000000000,2048,0.001533981,2047,0.000000000,0,-0.003360000,1,-0.113000,1,0.000000000,2048,0.000000000,0,12.500,38,25205,0,1,
112298044568600,112298040091716,112298042487227,112298044568600,2126,21.260000000,center_after_f1,state,0,0.000000000,2048,0.001533981,2047,0.000000000,0,0.000000000,0,0.000000,0,0.000000000,2048,0.000000000,0,12.500,38,25215,0,1,
112298054367279,112298050032127,112298052276919,112298054367279,2127,21.270000000,center_after_f1,state,0,0.000000000,2048,0.001533981,2047,0.000000000,0,-0.003360000,1,-0.113000,1,0.000000000,2048,0.000000000,0,12.500,38,25225,0,1,
112298064371146,112298060082840,112298062291862,112298064371146,2128,21.280000000,center_after_f1,state,0,0.000000000,2048,0.001533981,2047,0.000000000,0,-0.003360000,1,0.000000,0,0.000000000,2048,0.000000000,0,12.500,38,25235,0,1,
112298074364255,112298070086825,112298072273906,112298074364255,2129,21.290000000,center_after_f1,state,0,0.000000000,2048,0.000000000,2048,0.000000000,0,-0.003360000,1,0.000000,0,0.000000000,2048,0.000000000,0,12.500,38,25245,0,1,
112298084373922,112298080080684,112298082277002,112298084373922,2130,21.300000000,center_after_f1,state,0,0.000000000,2048,0.001533981,2047,0.000000000,0,0.000000000,0,0.000000,0,0.000000000,2048,0.000000000,0,12.500,38,25255,0,1,
112298094381820,112298090081733,112298092293794,112298094381820,2131,21.310000000,center_after_f1,state,0,0.000000000,2048,0.000000000,2048,0.000000000,0,-0.003360000,1,-0.113000,1,0.000000000,2048,0.000000000,0,12.500,38,25265,0,1,
112298104386553,112298100083130,112298102280990,112298104386553,2132,21.320000000,center_after_f1,state,0,0.000000000,2048,0.000000000,2048,0.000000000,0,0.000000000,0,0.000000,0,0.000000000,2048,0.000000000,0,12.500,38,25275,0,1,
112298114350184,112298110080920,112298112289543,112298114350184,2133,21.330000000,center_after_f1,state,0,0.000000000,2048,0.001533981,2047,0.000000000,0,-0.003360000,1,0.000000,0,0.000000000,2048,0.000000000,0,12.500,38,25285,0,1,
112298124371214,112298120083213,112298122273245,112298124371214,2134,21.340000000,center_after_f1,state,0,0.000000000,2048,0.001533981,2047,0.000000000,0,0.000000000,0,0.113000,-1,0.000000000,2048,0.000000000,0,12.500,38,25295,0,1,
112298134349883,112298130084007,112298132285179,112298134349883,2135,21.350000000,center_after_f1,state,0,0.000000000,2048,0.000000000,2048,0.000000000,0,0.000000000,0,-0.113000,1,0.000000000,2048,0.000000000,0,12.500,38,25305,0,1,
112298144347667,112298140032179,112298142272516,112298144347667,2136,21.360000000,center_after_f1,state,0,0.000000000,2048,0.000000000,2048,0.000000000,0,-0.003360000,1,-0.113000,1,0.000000000,2048,0.000000000,0,12.500,38,25315,0,1,
112298154348100,112298150083018,112298152271663,112298154348100,2137,21.370000000,center_after_f1,state,0,0.000000000,2048,0.000000000,2048,0.000000000,0,-0.003360000,1,0.000000,0,0.000000000,2048,0.000000000,0,12.500,38,25325,0,1,
112298164370189,112298160082528,112298162271499,112298164370189,2138,21.380000000,center_after_f1,state,0,0.000000000,2048,0.001533981,2047,0.000000000,0,0.000000000,0,-0.113000,1,0.000000000,2048,0.000000000,0,12.500,38,25335,0,1,
112298174350156,112298170082563,112298172267568,112298174350156,2139,21.390000000,center_after_f1,state,0,0.000000000,2048,0.001533981,2047,0.000000000,0,0.000000000,0,0.113000,-1,0.000000000,2048,0.000000000,0,12.500,38,25345,0,1,
112298184350465,112298180081782,112298182273922,112298184350465,2140,21.400000000,center_after_f1,state,0,0.000000000,2048,0.000000000,2048,0.000000000,0,0.000000000,0,0.113000,-1,0.000000000,2048,0.000000000,0,12.500,38,25355,0,1,
112298194361787,112298190088694,112298192273512,112298194361787,2141,21.410000000,center_after_f1,state,0,0.000000000,2048,0.000000000,2048,0.000000000,0,0.000000000,0,0.000000,0,0.000000000,2048,0.000000000,0,12.500,38,25365,0,1,
112298204373590,112298200091650,112298202280830,112298204373590,2142,21.420000000,center_after_f1,state,0,0.000000000,2048,0.000000000,2048,0.000000000,0,0.000000000,0,0.000000,0,0.000000000,2048,0.000000000,0,12.500,38,25375,0,1,
112298214366585,112298210083867,112298212289960,112298214366585,2143,21.430000000,center_after_f1,state,0,0.000000000,2048,0.001533981,2047,0.000000000,0,-0.003360000,1,0.000000,0,0.000000000,2048,0.000000000,0,12.500,38,25385,0,1,
112298224385406,112298220085099,112298222283385,112298224385406,2144,21.440000000,center_after_f1,state,0,0.000000000,2048,0.001533981,2047,0.000000000,0,-0.003360000,1,0.000000,0,0.000000000,2048,0.000000000,0,12.500,38,25395,0,1,
112298234366305,112298230085113,112298232288359,112298234366305,2145,21.450000000,center_after_f1,state,0,0.000000000,2048,0.000000000,2048,0.000000000,0,0.000000000,0,0.113000,-1,0.000000000,2048,0.000000000,0,12.500,38,25405,0,1,
112298244355157,112298240085859,112298242275734,112298244355157,2146,21.460000000,center_after_f1,state,0,0.000000000,2048,0.001533981,2047,0.000000000,0,-0.003360000,1,-0.113000,1,0.000000000,2048,0.000000000,0,12.500,38,25415,0,1,
112298254345100,112298250032262,112298252272716,112298254345100,2147,21.470000000,center_after_f1,state,0,0.000000000,2048,0.000000000,2048,0.000000000,0,0.000000000,0,0.000000,0,0.000000000,2048,0.000000000,0,12.500,38,25425,0,1,
112298264347483,112298260084488,112298262263836,112298264347483,2148,21.480000000,center_after_f1,state,0,0.000000000,2048,0.000000000,2048,0.000000000,0,-0.003360000,1,0.000000,0,0.000000000,2048,0.000000000,0,12.500,38,25435,0,1,
112298274346303,112298270083090,112298272274963,112298274346303,2149,21.490000000,center_after_f1,state,0,0.000000000,2048,0.000000000,2048,0.000000000,0,-0.003360000,1,-0.113000,1,0.000000000,2048,0.000000000,0,12.500,38,25445,0,1,
112298284360318,112298280088528,112298282268095,112298284360318,2150,21.500000000,center_after_f1,state,0,0.000000000,2048,0.001533981,2047,0.000000000,0,-0.003360000,1,-0.113000,1,0.000000000,2048,0.000000000,0,12.500,38,25455,0,1,
112298294344371,112298290089501,112298292271969,112298294344371,2151,21.510000000,center_after_f1,state,0,0.000000000,2048,0.001533981,2047,0.000000000,0,-0.003360000,1,-0.113000,1,0.000000000,2048,0.000000000,0,12.500,38,25465,0,1,
112298304369140,112298300079973,112298302274846,112298304369140,2152,21.520000000,center_after_f1,state,0,0.000000000,2048,0.001533981,2047,0.000000000,0,0.000000000,0,0.000000,0,0.000000000,2048,0.000000000,0,12.500,38,25475,0,1,
112298314326564,112298310023001,112298312277188,112298314326564,2153,21.530000000,center_after_f1,state,0,0.000000000,2048,0.000000000,2048,0.000000000,0,-0.003360000,1,-0.226000,2,0.000000000,2048,0.000000000,0,12.500,38,25485,0,1,
112298323322035,112298320009114,112298321242187,112298323322035,2154,21.540000000,center_after_f1,state,0,0.000000000,2048,0.000000000,2048,0.000000000,0,0.000000000,0,0.000000,0,0.000000000,2048,0.000000000,0,12.500,38,25494,0,1,
112298333345208,112298330007184,112298331262782,112298333345208,2155,21.550000000,center_after_f1,state,0,0.000000000,2048,0.001533981,2047,0.000000000,0,-0.003360000,1,-0.226000,2,0.000000000,2048,0.000000000,0,12.500,38,25504,0,1,
112298343348759,112298340006871,112298341261578,112298343348759,2156,21.560000000,center_after_f1,state,0,0.000000000,2048,0.001533981,2047,0.000000000,0,-0.003360000,1,-0.113000,1,0.000000000,2048,0.000000000,0,12.500,38,25514,0,1,
112298353344397,112298350010036,112298351268218,112298353344397,2157,21.570000000,center_after_f1,state,0,0.000000000,2048,0.001533981,2047,0.000000000,0,0.000000000,0,0.113000,-1,0.000000000,2048,0.000000000,0,12.500,38,25524,0,1,
112298363340764,112298360006994,112298361263022,112298363340764,2158,21.580000000,center_after_f1,state,0,0.000000000,2048,0.001533981,2047,0.000000000,0,-0.003360000,1,-0.113000,1,0.000000000,2048,0.000000000,0,12.500,38,25534,0,1,
112298373337499,112298370006916,112298371260941,112298373337499,2159,21.590000000,center_after_f1,state,0,0.000000000,2048,0.000000000,2048,0.000000000,0,0.000000000,0,0.000000,0,0.000000000,2048,0.000000000,0,12.500,38,25544,0,1,
112298383345458,112298380007230,112298381266200,112298383345458,2160,21.600000000,center_after_f1,state,0,0.000000000,2048,0.001533981,2047,0.000000000,0,0.000000000,0,-0.113000,1,0.000000000,2048,0.000000000,0,12.500,38,25554,0,1,
112298393345543,112298390007198,112298391264071,112298393345543,2161,21.610000000,center_after_f1,state,0,0.000000000,2048,0.000000000,2048,0.000000000,0,0.000000000,0,0.000000,0,0.000000000,2048,0.000000000,0,12.500,38,25564,0,1,
112298404352984,112298400012598,112298402269973,112298404352984,2162,21.620000000,center_after_f1,state,0,0.000000000,2048,0.001533981,2047,0.000000000,0,0.000000000,0,0.000000,0,0.000000000,2048,0.000000000,0,12.500,38,25575,0,1,
112298413349410,112298410007787,112298411265975,112298413349410,2163,21.630000000,center_after_f1,state,0,0.000000000,2048,0.000000000,2048,0.000000000,0,-0.003360000,1,-0.113000,1,0.000000000,2048,0.000000000,0,12.500,38,25584,0,1,
112298423343910,112298420006358,112298421260472,112298423343910,2164,21.640000000,center_after_f1,state,0,0.000000000,2048,0.000000000,2048,0.000000000,0,0.000000000,0,0.000000,0,0.000000000,2048,0.000000000,0,12.500,38,25594,0,1,
112298433339437,112298430007014,112298431268780,112298433339437,2165,21.650000000,center_after_f1,state,0,0.000000000,2048,0.001533981,2047,0.000000000,0,-0.003360000,1,-0.113000,1,0.000000000,2048,0.000000000,0,12.500,38,25604,0,1,
112298443345300,112298440006934,112298441261734,112298443345300,2166,21.660000000,center_after_f1,state,0,0.000000000,2048,0.000000000,2048,0.000000000,0,-0.003360000,1,0.000000,0,0.000000000,2048,0.000000000,0,12.500,38,25614,0,1,
112298453324735,112298450007061,112298451255751,112298453324735,2167,21.670000000,center_after_f1,state,0,0.000000000,2048,0.001533981,2047,0.000000000,0,-0.003360000,1,-0.113000,1,0.000000000,2048,0.000000000,0,12.500,38,25624,0,1,
112298463340147,112298460006853,112298461261213,112298463340147,2168,21.680000000,center_after_f1,state,0,0.000000000,2048,0.000000000,2048,0.000000000,0,0.000000000,0,-0.113000,1,0.000000000,2048,0.000000000,0,12.500,38,25634,0,1,
112298473321441,112298470007069,112298471262464,112298473321441,2169,21.690000000,center_after_f1,state,0,0.000000000,2048,0.000000000,2048,0.000000000,0,-0.003360000,1,0.113000,-1,0.000000000,2048,0.000000000,0,12.500,38,25644,0,1,
112298483346952,112298480006691,112298481268132,112298483346952,2170,21.700000000,center_after_f1,state,0,0.000000000,2048,0.000000000,2048,0.000000000,0,0.000000000,0,0.000000,0,0.000000000,2048,0.000000000,0,12.500,38,25654,0,1,
112298494348118,112298490007012,112298492258199,112298494348118,2171,21.710000000,center_after_f1,state,0,0.000000000,2048,0.001533981,2047,0.000000000,0,-0.003360000,1,-0.113000,1,0.000000000,2048,0.000000000,0,12.500,38,25665,0,1,
112298504326094,112298500009779,112298502258107,112298504326094,2172,21.720000000,center_after_f1,state,0,0.000000000,2048,0.000000000,2048,0.000000000,0,0.000000000,0,0.000000,0,0.000000000,2048,0.000000000,0,12.500,38,25675,0,1,
112298513321525,112298510010337,112298511242782,112298513321525,2173,21.730000000,center_after_f1,state,0,0.000000000,2048,0.001533981,2047,0.000000000,0,-0.006720000,2,0.113000,-1,0.000000000,2048,0.000000000,0,12.500,38,25684,0,1,
112298523331431,112298520006376,112298521261253,112298523331431,2174,21.740000000,center_after_f1,state,0,0.000000000,2048,0.001533981,2047,0.000000000,0,-0.003360000,1,-0.113000,1,0.000000000,2048,0.000000000,0,12.500,38,25694,0,1,
112298533319084,112298530006356,112298531244363,112298533319084,2175,21.750000000,center_after_f1,state,0,0.000000000,2048,0.000000000,2048,0.000000000,0,0.000000000,0,0.113000,-1,0.000000000,2048,0.000000000,0,12.500,38,25704,0,1,
112298543319121,112298540006081,112298541236436,112298543319121,2176,21.760000000,center_after_f1,state,0,0.000000000,2048,0.001533981,2047,0.000000000,0,0.000000000,0,0.000000,0,0.000000000,2048,0.000000000,0,12.500,38,25714,0,1,
112298553319943,112298550009878,112298551240636,112298553319943,2177,21.770000000,center_after_f1,state,0,0.000000000,2048,0.001533981,2047,0.000000000,0,-0.003360000,1,0.000000,0,0.000000000,2048,0.000000000,0,12.500,38,25724,0,1,
112298563320822,112298560006766,112298561236600,112298563320822,2178,21.780000000,center_after_f1,state,0,0.000000000,2048,0.001533981,2047,0.000000000,0,0.000000000,0,0.000000,0,0.000000000,2048,0.000000000,0,12.500,38,25734,0,1,
112298573324123,112298570006829,112298571236922,112298573324123,2179,21.790000000,center_after_f1,state,0,0.000000000,2048,0.000000000,2048,0.000000000,0,-0.006720000,2,0.113000,-1,0.000000000,2048,0.000000000,0,12.500,38,25744,0,1,
112298584324538,112298580007267,112298582235273,112298584324538,2180,21.800000000,center_after_f1,state,0,0.000000000,2048,0.001533981,2047,0.000000000,0,0.000000000,0,0.000000,0,0.000000000,2048,0.000000000,0,12.500,38,25755,0,1,
112298594319370,112298590010864,112298592240918,112298594319370,2181,21.810000000,center_after_f1,state,0,0.000000000,2048,0.000000000,2048,0.000000000,0,0.000000000,0,0.000000,0,0.000000000,2048,0.000000000,0,12.500,38,25765,0,1,
112298603325732,112298600007261,112298601240294,112298603325732,2182,21.820000000,center_after_f1,state,0,0.000000000,2048,0.001533981,2047,0.000000000,0,0.000000000,0,0.000000,0,0.000000000,2048,0.000000000,0,12.500,38,25774,0,1,
112298614321147,112298610009682,112298612240457,112298614321147,2183,21.830000000,center_after_f1,state,0,0.000000000,2048,0.000000000,2048,0.000000000,0,0.000000000,0,0.000000,0,0.000000000,2048,0.000000000,0,12.500,38,25785,0,1,
112298624328406,112298620010745,112298622240227,112298624328406,2184,21.840000000,center_after_f1,state,0,0.000000000,2048,0.001533981,2047,0.000000000,0,0.000000000,0,0.000000,0,0.000000000,2048,0.000000000,0,12.500,38,25795,0,1,
112298634327350,112298630006578,112298632239555,112298634327350,2185,21.850000000,center_after_f1,state,0,0.000000000,2048,0.000000000,2048,0.000000000,0,0.000000000,0,0.113000,-1,0.000000000,2048,0.000000000,0,12.500,38,25805,0,1,
112298644319703,112298640006581,112298642239975,112298644319703,2186,21.860000000,center_after_f1,state,0,0.000000000,2048,0.000000000,2048,0.000000000,0,0.000000000,0,-0.113000,1,0.000000000,2048,0.000000000,0,12.500,38,25815,0,1,
112298654325151,112298650006349,112298652235706,112298654325151,2187,21.870000000,center_after_f1,state,0,0.000000000,2048,0.000000000,2048,0.000000000,0,0.000000000,0,-0.113000,1,0.000000000,2048,0.000000000,0,12.500,38,25825,0,1,
112298664324173,112298660007563,112298662238344,112298664324173,2188,21.880000000,center_after_f1,state,0,0.000000000,2048,0.000000000,2048,0.000000000,0,0.000000000,0,0.113000,-1,0.000000000,2048,0.000000000,0,12.500,38,25835,0,1,
112298674313540,112298670006613,112298672235639,112298674313540,2189,21.890000000,center_after_f1,state,0,0.000000000,2048,0.001533981,2047,0.000000000,0,0.000000000,0,0.000000,0,0.000000000,2048,0.000000000,0,12.500,38,25845,0,1,
112298684300325,112298680006772,112298682239701,112298684300325,2190,21.900000000,center_after_f1,state,0,0.000000000,2048,0.001533981,2047,0.000000000,0,-0.003360000,1,-0.113000,1,0.000000000,2048,0.000000000,0,12.500,38,25855,0,1,
112298694307071,112298690006519,112298692240261,112298694307071,2191,21.910000000,center_after_f1,state,0,0.000000000,2048,0.001533981,2047,0.000000000,0,0.000000000,0,-0.226000,2,0.000000000,2048,0.000000000,0,12.500,38,25865,0,1,
112298704304037,112298700006682,112298702236060,112298704304037,2192,21.920000000,center_after_f1,state,0,0.000000000,2048,0.000000000,2048,0.000000000,0,-0.003360000,1,-0.226000,2,0.000000000,2048,0.000000000,0,12.500,38,25875,0,1,
112298714303417,112298710007187,112298712242481,112298714303417,2193,21.930000000,center_after_f1,state,0,0.000000000,2048,0.001533981,2047,0.000000000,0,-0.003360000,1,-0.113000,1,0.000000000,2048,0.000000000,0,12.500,38,25885,0,1,
112298724308451,112298720008690,112298722240404,112298724308451,2194,21.940000000,center_after_f1,state,0,0.000000000,2048,0.000000000,2048,0.000000000,0,0.000000000,0,-0.226000,2,0.000000000,2048,0.000000000,0,12.500,38,25895,0,1,
112298734306107,112298730010027,112298732235429,112298734306107,2195,21.950000000,center_after_f1,state,0,0.000000000,2048,0.001533981,2047,0.000000000,0,0.000000000,0,0.000000,0,0.000000000,2048,0.000000000,0,12.500,38,25905,0,1,
112298744305808,112298740006226,112298742240455,112298744305808,2196,21.960000000,center_after_f1,state,0,0.000000000,2048,0.001533981,2047,0.000000000,0,0.000000000,0,0.000000,0,0.000000000,2048,0.000000000,0,12.500,38,25915,0,1,
112298754316684,112298750005977,112298752240437,112298754316684,2197,21.970000000,center_after_f1,state,0,0.000000000,2048,0.000000000,2048,0.000000000,0,0.000000000,0,0.000000,0,0.000000000,2048,0.000000000,0,12.500,38,25925,0,1,
112298764301605,112298760007182,112298762238228,112298764301605,2198,21.980000000,center_after_f1,state,0,0.000000000,2048,0.000000000,2048,0.000000000,0,-0.003360000,1,0.000000,0,0.000000000,2048,0.000000000,0,12.500,38,25935,0,1,
112298774250482,112298770009552,112298772237393,112298774250482,2199,21.990000000,center_after_f1,hardware_error,0,0.000000000,2048,,,,,,,,,,,,,,,,,,0
112298784311483,112298780006132,112298782236794,112298784311483,2200,22.000000000,center_after_f1,state,0,0.000000000,2048,0.001533981,2047,0.000000000,0,0.000000000,0,0.113000,-1,0.000000000,2048,0.000000000,0,12.500,38,25955,0,1,
112298794318191,112298790006716,112298792237435,112298794318191,2201,22.010000000,sine_f2,state,0,0.000000000,2048,0.000000000,2048,0.000000000,0,0.000000000,0,0.000000,0,0.000000000,2048,0.000000000,0,12.500,38,25965,0,1,
112298804310642,112298800006576,112298802240761,112298804310642,2202,22.020000000,sine_f2,state,0,0.001884646,2047,0.001533981,2047,0.000000000,0,0.000000000,0,0.226000,-2,0.001533981,2047,0.000000000,0,12.500,38,25975,0,1,
112298814313145,112298810006807,112298812236088,112298814313145,2203,22.030000000,sine_f2,state,0,0.003767431,2046,0.001533981,2047,0.000000000,0,0.003360000,-1,1.695000,-15,0.003067962,2046,0.000000000,0,12.500,38,25985,0,1,
112298824322706,112298820006991,112298822248892,112298824322706,2204,22.040000000,sine_f2,state,0,0.005646499,2044,0.001533981,2047,0.000000000,0,0.016800000,-5,3.164000,-28,0.006135923,2044,0.000000000,0,12.500,38,25995,0,1,
112298834325497,112298830009864,112298832238588,112298834325497,2205,22.050000000,sine_f2,state,0,0.007519994,2043,0.001533981,2047,0.000000000,0,0.030240000,-9,3.277000,-29,0.007669904,2043,0.000000000,0,12.500,38,26005,0,1,
112298844323133,112298840010109,112298842235515,112298844323133,2206,22.060000000,sine_f2,state,0,0.009386068,2042,0.003067962,2046,0.000000000,0,0.026880000,-8,3.277000,-29,0.009203885,2042,0.000000000,0,12.500,38,26015,0,1,
112298854332463,112298850006799,112298852238458,112298854332463,2207,22.070000000,sine_f2,state,0,0.011242879,2041,0.004601942,2045,0.000000000,0,0.030240000,-9,3.164000,-28,0.010737866,2041,0.000000000,0,12.500,38,26025,0,1,
112298864321387,112298860007149,112298862240757,112298864321387,2208,22.080000000,sine_f2,state,0,0.013088594,2039,0.004601942,2045,0.023980824,-1,0.050400000,-15,3.277000,-29,0.013805827,2039,0.000000000,0,12.500,38,26035,0,1,
112298874309274,112298870006275,112298872219061,112298874309274,2209,22.090000000,sine_f2,state,0,0.014921393,2038,0.006135923,2044,0.047961648,-2,0.053760000,-16,3.390000,-30,0.015339808,2038,0.000000000,0,12.500,38,26045,0,1,
112298884287533,112298880009580,112298882238591,112298884287533,2210,22.100000000,sine_f2,state,0,0.016739466,2037,0.007669904,2043,0.047961648,-2,0.057120000,-17,3.616000,-32,0.016873789,2037,0.000000000,0,12.500,38,26055,0,1,
112298894296143,112298890008952,112298892236992,112298894296143,2211,22.110000000,sine_f2,state,0,0.018541020,2036,0.007669904,2043,0.071942472,-3,0.060480000,-18,3.390000,-30,0.018407769,2036,0.000000000,0,12.500,38,26065,0,1,
112298904312090,112298900006776,112298902220527,112298904312090,2212,22.120000000,sine_f2,state,0,0.020324275,2035,0.009203885,2042,0.071942472,-3,0.063840000,-19,3.503000,-31,0.019941750,2035,0.000000000,0,12.500,38,26075,0,1,
112298914289681,112298910006753,112298912235501,112298914289681,2213,22.130000000,sine_f2,state,0,0.022087473,2034,0.010737866,2041,0.095923296,-4,0.053760000,-16,3.390000,-30,0.021475731,2034,0.000000000,0,12.500,38,26085,0,1,
112298924290389,112298920006690,112298922240186,112298924290389,2214,22.140000000,sine_f2,state,0,0.023828873,2032,0.012271846,2040,0.095923296,-4,0.063840000,-19,3.503000,-31,0.024543693,2032,0.000000000,0,12.500,38,26095,0,1,
112298934285381,112298930006872,112298932237754,112298934285381,2215,22.150000000,sine_f2,state,0,0.025546757,2031,0.013805827,2039,0.095923296,-4,0.040320000,-12,7.797000,-69,0.026077673,2031,0.000000000,0,12.500,38,26105,0,1,
112298944291113,112298940008542,112298942234890,112298944291113,2216,22.160000000,sine_f2,state,0,0.027239430,2030,0.015339808,2038,0.119904120,-5,0.073920000,-22,4.294000,-38,0.027611654,2030,0.000000000,0,12.500,38,26115,0,1,
112298954292505,112298950007267,112298952219025,112298954292505,2217,22.170000000,sine_f2,state,0,0.028905220,2029,0.018407769,2036,0.119904120,-5,0.063840000,-19,4.746000,-42,0.029145635,2029,0.000000000,0,12.500,38,26125,0,1,
112298964289746,112298960006388,112298962218611,112298964289746,2218,22.180000000,sine_f2,state,0,0.030542485,2028,0.019941750,2035,0.143884944,-6,0.057120000,-17,4.859000,-43,0.030679616,2028,0.000000000,0,12.500,38,26135,0,1,
112298974298475,112298970011544,112298972226816,112298974298475,2219,22.190000000,sine_f2,state,0,0.032149608,2027,0.023009712,2033,0.143884944,-6,0.053760000,-16,4.859000,-43,0.032213597,2027,0.000000000,0,12.500,38,26145,0,1,
112298984286782,112298980006859,112298982221764,112298984286782,2220,22.200000000,sine_f2,state,0,0.033725003,2026,0.024543693,2032,0.167865767,-7,0.047040000,-14,4.746000,-42,0.033747577,2026,0.000000000,0,12.500,38,26155,0,1,
112298994287737,112298990009748,112298992224564,112298994287737,2221,22.210000000,sine_f2,state,0,0.035267115,2025,0.026077673,2031,0.191846591,-8,0.050400000,-15,4.859000,-43,0.035281558,2025,0.000000000,0,12.500,38,26165,0,1,
112299004295319,112299000009310,112299002219023,112299004295319,2222,22.220000000,sine_f2,state,0,0.036774423,2024,0.029145635,2029,0.191846591,-8,0.036960000,-11,4.407000,-39,0.036815539,2024,0.000000000,0,12.500,38,26175,0,1,
112299014293200,112299010008044,112299012218007,112299014293200,2223,22.230000000,sine_f2,state,0,0.038245439,2023,0.030679616,2028,0.191846591,-8,0.040320000,-12,4.746000,-42,0.038349520,2023,0.000000000,0,12.500,38,26185,0,1,
112299024287679,112299020006408,112299022216556,112299024287679,2224,22.240000000,sine_f2,state,0,0.039678712,2022,0.032213597,2027,0.191846591,-8,0.036960000,-11,4.633000,-41,0.039883500,2022,0.000000000,0,12.500,38,26195,0,1,
112299034288167,112299030006920,112299032217996,112299034288167,2225,22.250000000,sine_f2,state,0,0.041072826,2021,0.035281558,2025,0.191846591,-8,0.036960000,-11,4.407000,-39,0.041417481,2021,0.000000000,0,12.500,38,26205,0,1,
112299044287601,112299040007097,112299042219915,112299044287601,2226,22.260000000,sine_f2,state,0,0.042426407,2020,0.036815539,2024,0.191846591,-8,0.033600000,-10,4.520000,-40,0.042951462,2020,0.000000000,0,12.500,38,26215,0,1,
112299054295644,112299050009113,112299052215027,112299054295644,2227,22.270000000,sine_f2,state,0,0.043738118,2019,0.038349520,2023,0.191846591,-8,0.030240000,-9,4.633000,-41,0.044485443,2019,0.000000000,0,12.500,38,26225,0,1,
112299064287628,112299060008943,112299062219819,112299064287628,2228,22.280000000,sine_f2,state,0,0.045006664,2019,0.039883500,2022,0.191846591,-8,0.026880000,-8,4.407000,-39,0.044485443,2019,0.000000000,0,12.500,38,26235,0,1,
112299074286495,112299070006520,112299072218300,112299074286495,2229,22.290000000,sine_f2,state,0,0.046230795,2018,0.042951462,2020,0.191846591,-8,0.013440000,-4,4.407000,-39,0.046019424,2018,0.000000000,0,12.500,38,26245,0,1,
112299084285968,112299080006524,112299082213684,112299084285968,2230,22.300000000,sine_f2,state,0,0.047409301,2017,0.044485443,2019,0.191846591,-8,0.010080000,-3,4.407000,-39,0.047553404,2017,0.000000000,0,12.500,38,26255,0,1,
112299094289933,112299090010654,112299092214137,112299094289933,2231,22.310000000,sine_f2,state,0,0.048541020,2016,0.047553404,2017,0.191846591,-8,0.003360000,-1,4.407000,-39,0.049087385,2016,0.000000000,0,12.500,38,26265,0,1,
112299104297172,112299100006697,112299102218405,112299104297172,2232,22.320000000,sine_f2,state,0,0.049624834,2016,0.049087385,2016,0.191846591,-8,0.003360000,-1,4.068000,-36,0.049087385,2016,0.000000000,0,12.500,38,26275,0,1,
112299114291946,112299110009111,112299112213894,112299114291946,2233,22.330000000,sine_f2,state,0,0.050659676,2015,0.049087385,2016,0.191846591,-8,0.006720000,-2,0.452000,-4,0.050621366,2015,0.000000000,0,12.500,38,26285,0,1,
112299124300891,112299120006731,112299122214793,112299124300891,2234,22.340000000,sine_f2,state,0,0.051644522,2014,0.049087385,2016,0.167865767,-7,0.000000000,0,1.695000,-15,0.052155347,2014,0.000000000,0,12.500,38,26295,0,1,
112299134288981,112299130007132,112299132220882,112299134288981,2235,22.350000000,sine_f2,state,0,0.052578401,2014,0.050621366,2015,0.143884944,-6,0.006720000,-2,2.825000,-25,0.052155347,2014,0.000000000,0,12.500,38,26305,0,1,
112299144294096,112299140007084,112299142219298,112299144294096,2236,22.360000000,sine_f2,state,0,0.053460391,2013,0.050621366,2015,0.119904120,-5,0.013440000,-4,3.164000,-28,0.053689328,2013,0.000000000,0,12.500,38,26315,0,1,
112299154285198,112299150009163,112299152219003,112299154285198,2237,22.370000000,sine_f2,state,0,0.054289623,2013,0.052155347,2014,0.119904120,-5,0.010080000,-3,2.825000,-25,0.053689328,2013,0.000000000,0,12.500,38,26325,0,1,
112299164287102,112299160009967,112299162219215,112299164287102,2238,22.380000000,sine_f2,state,0,0.055065278,2012,0.052155347,2014,0.095923296,-4,0.010080000,-3,3.277000,-29,0.055223308,2012,0.000000000,0,12.500,38,26335,0,1,
112299174300518,112299170006511,112299172223899,112299174300518,2239,22.390000000,sine_f2,state,0,0.055786589,2012,0.053689328,2013,0.071942472,-3,0.003360000,-1,2.712000,-24,0.055223308,2012,0.000000000,0,12.500,38,26345,0,1,
112299184306068,112299180006816,112299182218581,112299184306068,2240,22.400000000,sine_f2,state,0,0.056452846,2011,0.055223308,2012,0.071942472,-3,0.003360000,-1,2.712000,-24,0.056757289,2011,0.000000000,0,12.500,38,26355,0,1,
112299194293370,112299190009055,112299192218092,112299194293370,2241,22.410000000,sine_f2,state,0,0.057063391,2011,0.055223308,2012,0.071942472,-3,0.006720000,-2,2.825000,-25,0.056757289,2011,0.000000000,0,12.500,38,26365,0,1,
112299204295570,112299200008051,112299202216350,112299204295570,2242,22.420000000,sine_f2,state,0,0.057617621,2010,0.056757289,2011,0.071942472,-3,0.000000000,0,0.904000,-8,0.058291270,2010,0.000000000,0,12.500,38,26375,0,1,
112299214288482,112299210006770,112299212213516,112299214288482,2243,22.430000000,sine_f2,state,0,0.058114990,2010,0.058291270,2010,0.071942472,-3,0.003360000,-1,2.825000,-25,0.058291270,2010,0.000000000,0,12.500,38,26385,0,1,
112299224292134,112299220006496,112299222215481,112299224292134,2244,22.440000000,sine_f2,state,0,0.058555006,2010,0.058291270,2010,0.071942472,-3,0.003360000,-1,2.034000,-18,0.058291270,2010,0.000000000,0,12.500,38,26395,0,1,
112299234305272,112299230006845,112299232218020,112299234305272,2245,22.450000000,sine_f2,state,0,0.058937235,2010,0.058291270,2010,0.071942472,-3,0.000000000,0,1.017000,-9,0.058291270,2010,0.000000000,0,12.500,38,26405,0,1,
112299244301965,112299240006555,112299242219766,112299244301965,2246,22.460000000,sine_f2,state,0,0.059261300,2009,0.058291270,2010,0.071942472,-3,0.000000000,0,0.565000,-5,0.059825251,2009,0.000000000,0,12.500,38,26415,0,1,
112299254303560,112299250009498,112299252214333,112299254303560,2247,22.470000000,sine_f2,state,0,0.059526882,2009,0.058291270,2010,0.047961648,-2,0.003360000,-1,2.147000,-19,0.059825251,2009,0.000000000,0,12.500,38,26425,0,1,
112299264289432,112299260009120,112299262217365,112299264289432,2248,22.480000000,sine_f2,state,0,0.059733718,2009,0.058291270,2010,0.047961648,-2,0.003360000,-1,3.164000,-28,0.059825251,2009,0.000000000,0,12.500,38,26435,0,1,
112299274303837,112299270006359,112299272221441,112299274303837,2249,22.490000000,sine_f2,state,0,0.059881604,2009,0.059825251,2009,0.047961648,-2,0.003360000,-1,1.695000,-15,0.059825251,2009,0.000000000,0,12.500,38,26445,0,1,
112299284298111,112299280006366,112299282219740,112299284298111,2250,22.500000000,sine_f2,state,0,0.059970394,2009,0.059825251,2009,0.023980824,-1,0.000000000,0,0.113000,-1,0.059825251,2009,0.000000000,0,12.500,38,26455,0,1,
112299294310137,112299290006172,112299292218425,112299294310137,2251,22.510000000,sine_f2,state,0,0.060000000,2009,0.059825251,2009,0.023980824,-1,0.000000000,0,0.000000,0,0.059825251,2009,0.000000000,0,12.500,38,26465,0,1,
112299304306724,112299300006384,112299302220947,112299304306724,2252,22.520000000,sine_f2,state,0,0.059970394,2009,0.059825251,2009,0.023980824,-1,0.000000000,0,0.000000,0,0.059825251,2009,0.000000000,0,12.500,38,26475,0,1,
112299314285342,112299310006280,112299312215663,112299314285342,2253,22.530000000,sine_f2,state,0,0.059881604,2009,0.059825251,2009,0.023980824,-1,-0.003360000,1,-0.113000,1,0.059825251,2009,0.000000000,0,12.500,38,26485,0,1,
112299324291146,112299320008387,112299322215872,112299324291146,2254,22.540000000,sine_f2,state,0,0.059733718,2009,0.059825251,2009,0.023980824,-1,0.000000000,0,0.000000,0,0.059825251,2009,0.000000000,0,12.500,38,26495,0,1,
112299334269888,112299330006826,112299332215887,112299334269888,2255,22.550000000,sine_f2,state,0,0.059526882,2009,0.061359232,2008,0.023980824,-1,-0.003360000,1,0.113000,-1,0.059825251,2009,0.000000000,0,12.500,38,26505,0,1,
112299344280845,112299340006844,112299342217420,112299344280845,2256,22.560000000,sine_f2,state,0,0.059261300,2009,0.061359232,2008,0.000000000,0,-0.003360000,1,-0.226000,2,0.059825251,2009,0.000000000,0,12.500,38,26515,0,1,
112299354282531,112299350006652,112299352215143,112299354282531,2257,22.570000000,sine_f2,state,0,0.058937235,2010,0.061359232,2008,0.000000000,0,-0.003360000,1,-0.678000,6,0.058291270,2010,0.000000000,0,12.500,38,26525,0,1,
112299364285516,112299360006685,112299362213929,112299364285516,2258,22.580000000,sine_f2,state,0,0.058555006,2010,0.061359232,2008,0.000000000,0,-0.010080000,3,-1.017000,9,0.058291270,2010,0.000000000,0,12.500,38,26535,0,1,
112299374294448,112299370009146,112299372218198,112299374294448,2259,22.590000000,sine_f2,state,0,0.058114990,2010,0.059825251,2009,0.000000000,0,-0.006720000,2,-0.791000,7,0.058291270,2010,0.000000000,0,12.500,38,26545,0,1,
112299384275578,112299380009974,112299382219032,112299384275578,2260,22.600000000,sine_f2,state,0,0.057617621,2010,0.059825251,2009,0.000000000,0,-0.003360000,1,-0.791000,7,0.058291270,2010,0.000000000,0,12.500,38,26555,0,1,
112299394285721,112299390006118,112299392201711,112299394285721,2261,22.610000000,sine_f2,state,0,0.057063391,2011,0.059825251,2009,0.000000000,0,-0.016800000,5,-1.130000,10,0.056757289,2011,0.000000000,0,12.500,38,26565,0,1,
112299404281971,112299400005955,112299402198820,112299404281971,2262,22.620000000,sine_f2,state,0,0.056452846,2011,0.059825251,2009,0.000000000,0,-0.020160000,6,-1.017000,9,0.056757289,2011,0.000000000,0,12.500,38,26575,0,1,
112299414279305,112299410006383,112299412199769,112299414279305,2263,22.630000000,sine_f2,state,0,0.055786589,2012,0.059825251,2009,0.000000000,0,-0.023520000,7,-1.243000,11,0.055223308,2012,0.000000000,0,12.500,38,26585,0,1,
112299424285600,112299420006320,112299422200203,112299424285600,2264,22.640000000,sine_f2,state,0,0.055065278,2012,0.061359232,2008,0.000000000,0,-0.026880000,8,-1.469000,13,0.055223308,2012,0.000000000,0,12.500,38,26595,0,1,
112299434278328,112299430010096,112299432196380,112299434278328,2265,22.650000000,sine_f2,state,0,0.054289623,2013,0.059825251,2009,0.000000000,0,-0.040320000,12,-1.808000,16,0.053689328,2013,0.000000000,0,12.500,38,26605,0,1,
112299444281007,112299440006815,112299442193657,112299444281007,2266,22.660000000,sine_f2,state,0,0.053460391,2013,0.061359232,2008,0.000000000,0,-0.033600000,10,-1.582000,14,0.053689328,2013,0.000000000,0,12.500,38,26615,0,1,
112299454279783,112299450006600,112299452196424,112299454279783,2267,22.670000000,sine_f2,state,0,0.052578401,2014,0.059825251,2009,0.000000000,0,-0.040320000,12,-1.921000,17,0.052155347,2014,0.000000000,0,12.500,38,26625,0,1,
112299464279061,112299460006509,112299462198190,112299464279061,2268,22.680000000,sine_f2,state,0,0.051644522,2014,0.059825251,2009,0.000000000,0,-0.036960000,11,-3.277000,29,0.052155347,2014,0.000000000,0,12.500,38,26635,0,1,
112299474276168,112299470006678,112299472198943,112299474276168,2269,22.690000000,sine_f2,state,0,0.050659676,2015,0.058291270,2010,0.000000000,0,-0.030240000,9,-5.989000,53,0.050621366,2015,0.000000000,0,12.500,38,26645,0,1,
112299484284305,112299480009353,112299482194361,112299484284305,2270,22.700000000,sine_f2,state,0,0.049624834,2016,0.056757289,2011,0.000000000,0,-0.026880000,8,-9.718000,86,0.049087385,2016,0.000000000,0,12.500,38,26655,0,1,
112299494276910,112299490016018,112299492203541,112299494276910,2271,22.710000000,sine_f2,state,0,0.048541020,2016,0.053689328,2013,-0.023980824,1,-0.026880000,8,-11.187000,99,0.049087385,2016,0.000000000,0,12.500,38,26665,0,1,
112299504278541,112299500008929,112299502197918,112299504278541,2272,22.720000000,sine_f2,state,0,0.047409301,2017,0.049087385,2016,-0.071942472,3,-0.003360000,1,-11.413000,101,0.047553404,2017,0.000000000,0,12.500,38,26675,0,1,
112299514283987,112299510006346,112299512198552,112299514283987,2273,22.730000000,sine_f2,state,0,0.046230795,2018,0.044485443,2019,-0.119904120,5,-0.010080000,3,-6.102000,54,0.046019424,2018,0.000000000,0,12.500,38,26685,0,1,
112299524281507,112299520006167,112299522200685,112299524281507,2274,22.740000000,sine_f2,state,0,0.045006664,2019,0.039883500,2022,-0.191846591,8,0.016800000,-5,0.000000,0,0.044485443,2019,0.000000000,0,12.500,38,26695,0,1,
112299534284539,112299530008715,112299532196656,112299534284539,2275,22.750000000,sine_f2,state,0,0.043738118,2019,0.038349520,2023,-0.239808239,10,0.047040000,-14,0.000000,0,0.044485443,2019,0.000000000,0,12.500,38,26705,0,1,
112299544283823,112299540006463,112299542196861,112299544283823,2276,22.760000000,sine_f2,state,0,0.042426407,2020,0.038349520,2023,-0.263789063,11,0.026880000,-8,2.825000,-25,0.042951462,2020,0.000000000,0,12.500,38,26715,1,1,
112299554283753,112299550006819,112299552194614,112299554283753,2277,22.770000000,sine_f2,state,0,0.041072826,2021,0.039883500,2022,-0.263789063,11,0.020160000,-6,3.051000,-27,0.041417481,2021,0.000000000,0,12.500,38,26725,1,1,
112299564284243,112299560006726,112299562197660,112299564284243,2278,22.780000000,sine_f2,state,0,0.039678712,2022,0.039883500,2022,-0.239808239,10,0.006720000,-2,2.712000,-24,0.039883500,2022,0.000000000,0,12.500,38,26735,0,1,
112299574282379,112299570006502,112299572194010,112299574282379,2279,22.790000000,sine_f2,state,0,0.038245439,2023,0.041417481,2021,-0.191846591,8,0.000000000,0,1.017000,-9,0.038349520,2023,0.000000000,0,12.500,38,26745,0,1,
112299584272722,112299580009431,112299582194892,112299584272722,2280,22.800000000,sine_f2,state,0,0.036774423,2024,0.041417481,2021,-0.119904120,5,-0.006720000,2,-1.017000,9,0.036815539,2024,0.000000000,0,12.500,38,26755,0,1,
112299594278303,112299590009968,112299592195497,112299594278303,2281,22.810000000,sine_f2,state,0,0.035267115,2025,0.041417481,2021,-0.071942472,3,-0.026880000,8,-1.130000,10,0.035281558,2025,0.000000000,0,12.500,38,26765,0,1,
112299604381762,112299600006306,112299602201033,112299604381762,2282,22.820000000,sine_f2,state,0,0.033725003,2026,0.039883500,2022,-0.023980824,1,-0.033600000,10,-1.582000,14,0.033747577,2026,0.000000000,0,12.500,38,26775,0,1,
112299614328114,112299610008090,112299612255632,112299614328114,2283,22.830000000,sine_f2,state,0,0.032149608,2027,0.039883500,2022,0.000000000,0,-0.040320000,12,-1.808000,16,0.032213597,2027,0.000000000,0,12.500,38,26785,0,1,
112299624345310,112299620006710,112299622256970,112299624345310,2284,22.840000000,sine_f2,state,0,0.030542485,2028,0.041417481,2021,0.000000000,0,-0.040320000,12,-2.712000,24,0.030679616,2028,0.000000000,0,12.500,38,26795,0,1,
112299634346345,112299630006566,112299632258975,112299634346345,2285,22.850000000,sine_f2,state,0,0.028905220,2029,0.039883500,2022,0.000000000,0,-0.057120000,17,-4.746000,42,0.029145635,2029,0.000000000,0,12.500,38,26805,0,1,
112299644338796,112299640008765,112299642254242,112299644338796,2286,22.860000000,sine_f2,state,0,0.027239430,2030,0.038349520,2023,0.000000000,0,-0.033600000,10,-9.831000,87,0.027611654,2030,0.000000000,0,12.500,38,26815,0,1,
112299654354574,112299650006885,112299652255590,112299654354574,2287,22.870000000,sine_f2,state,0,0.025546757,2031,0.035281558,2025,-0.023980824,1,-0.043680000,13,-11.639000,103,0.026077673,2031,0.000000000,0,12.500,38,26825,0,1,
112299664335723,112299660007007,112299662252191,112299664335723,2288,22.880000000,sine_f2,state,0,0.023828873,2032,0.030679616,2028,-0.047961648,2,-0.030240000,9,-11.865000,105,0.024543693,2032,0.000000000,0,12.400,38,26835,0,1,
112299674336856,112299670007269,112299672262380,112299674336856,2289,22.890000000,sine_f2,state,0,0.022087473,2034,0.024543693,2032,-0.119904120,5,-0.010080000,3,-12.091000,107,0.021475731,2034,0.000000000,0,12.500,38,26845,0,1,
112299684333488,112299680009855,112299682252603,112299684333488,2290,22.900000000,sine_f2,state,0,0.020324275,2035,0.018407769,2036,-0.191846591,8,-0.023520000,7,-7.119000,63,0.019941750,2035,0.000000000,0,12.600,38,26855,0,1,
112299694342372,112299690006280,112299692251356,112299694342372,2291,22.910000000,sine_f2,state,0,0.018541020,2036,0.013805827,2039,-0.263789063,11,0.033600000,-10,0.000000,0,0.018407769,2036,0.000000000,0,12.600,38,26865,1,1,
112299704345616,112299700006234,112299702253890,112299704345616,2292,22.920000000,sine_f2,state,0,0.016739466,2037,0.012271846,2040,-0.335731535,14,-0.057120000,17,-0.113000,1,0.016873789,2037,0.000000000,0,12.600,38,26875,1,1,
112299714344818,112299710006203,112299712259255,112299714344818,2293,22.930000000,sine_f2,state,0,0.014921393,2038,0.012271846,2040,-0.359712359,15,0.020160000,-6,2.486000,-22,0.015339808,2038,0.000000000,0,12.600,38,26885,1,1,
112299724339288,112299720006439,112299722250051,112299724339288,2294,22.940000000,sine_f2,state,0,0.013088594,2039,0.013805827,2039,-0.335731535,14,0.010080000,-3,3.051000,-27,0.013805827,2039,0.000000000,0,12.600,38,26895,1,1,
112299734345176,112299730006762,112299732249968,112299734345176,2295,22.950000000,sine_f2,state,0,0.011242879,2041,0.013805827,2039,-0.311750711,13,0.003360000,-1,1.243000,-11,0.010737866,2041,0.000000000,0,12.600,38,26905,1,1,
112299744322870,112299740006620,112299742254069,112299744322870,2296,22.960000000,sine_f2,state,0,0.009386068,2042,0.013805827,2039,-0.239808239,10,-0.013440000,4,-1.017000,9,0.009203885,2042,0.000000000,0,12.600,38,26915,0,1,
112299754315225,112299750009087,112299752256782,112299754315225,2297,22.970000000,sine_f2,state,0,0.007519994,2043,0.013805827,2039,-0.143884944,6,-0.026880000,8,-1.243000,11,0.007669904,2043,0.000000000,0,12.500,38,26925,0,1,
112299764319567,112299760007004,112299762252733,112299764319567,2298,22.980000000,sine_f2,state,0,0.005646499,2044,0.013805827,2039,-0.071942472,3,-0.040320000,12,-1.695000,15,0.006135923,2044,0.000000000,0,12.500,38,26935,0,1,
112299774210687,112299770006882,112299772257725,112299774210687,2299,22.990000000,sine_f2,hardware_error,0,0.003767431,2046,,,,,,,,,,,,,,,,,,0
112299784322376,112299780007454,112299782257145,112299784322376,2300,23.000000000,sine_f2,state,0,0.001884646,2047,0.013805827,2039,-0.023980824,1,-0.060480000,18,-4.633000,41,0.001533981,2047,0.000000000,0,12.500,38,26955,0,1,
112299794319444,112299790007498,112299792238822,112299794319444,2301,23.010000000,sine_f2,state,0,0.000000000,2048,0.010737866,2041,0.000000000,0,-0.057120000,17,-9.153000,81,0.000000000,2048,0.000000000,0,12.500,38,26965,0,1,
112299804342796,112299800009095,112299802240407,112299804342796,2302,23.020000000,sine_f2,state,0,-0.001884646,2049,0.009203885,2042,-0.023980824,1,-0.050400000,15,-11.639000,103,-0.001533981,2049,0.000000000,0,12.500,38,26975,0,1,
112299814321917,112299810006348,112299812238276,112299814321917,2303,23.030000000,sine_f2,state,0,-0.003767431,2050,0.004601942,2045,-0.047961648,2,-0.033600000,10,-12.091000,107,-0.003067962,2050,0.000000000,0,12.500,38,26985,0,1,
112299824321574,112299820006271,112299822254053,112299824321574,2304,23.040000000,sine_f2,state,0,-0.005646499,2052,-0.003067962,2050,-0.119904120,5,-0.010080000,3,-12.204000,108,-0.006135923,2052,0.000000000,0,12.500,38,26995,0,1,
112299834328740,112299830006707,112299832251584,112299834328740,2305,23.050000000,sine_f2,state,0,-0.007519994,2053,-0.009203885,2054,-0.191846591,8,-0.016800000,5,-8.588000,76,-0.007669904,2053,0.000000000,0,12.400,38,27005,0,1,
112299844328122,112299840006754,112299842231017,112299844328122,2306,23.060000000,sine_f2,state,0,-0.009386068,2054,-0.013805827,2057,-0.287769887,12,0.013440000,-4,0.452000,-4,-0.009203885,2054,0.000000000,0,12.500,38,27015,1,1,
112299854323260,112299850009427,112299852238048,112299854323260,2307,23.070000000,sine_f2,state,0,-0.011242879,2055,-0.016873789,2059,-0.359712359,15,-0.003360000,1,0.226000,-2,-0.010737866,2055,0.000000000,0,12.500,38,27025,1,1,
112299864322212,112299860007225,112299862237381,112299864322212,2308,23.080000000,sine_f2,state,0,-0.013088594,2057,-0.016873789,2059,-0.383693183,16,0.020160000,-6,2.147000,-19,-0.013805827,2057,0.000000000,0,12.500,38,27035,1,1,
112299874325001,112299870009912,112299872197389,112299874325001,2309,23.090000000,sine_f2,state,0,-0.014921393,2058,-0.016873789,2059,-0.383693183,16,0.010080000,-3,3.277000,-29,-0.015339808,2058,0.000000000,0,12.500,38,27044,1,1,
112299884317910,112299880006928,112299882234188,112299884317910,2310,23.100000000,sine_f2,state,0,-0.016739466,2059,-0.015339808,2058,-0.335731535,14,0.000000000,0,1.243000,-11,-0.016873789,2059,0.000000000,0,12.500,38,27055,1,1,
112299894323402,112299890006624,112299892233382,112299894323402,2311,23.110000000,sine_f2,state,0,-0.018541020,2060,-0.015339808,2058,-0.263789063,11,-0.003360000,1,-0.678000,6,-0.018407769,2060,0.000000000,0,12.500,38,27065,1,1,
112299904322060,112299900007145,112299902244264,112299904322060,2312,23.120000000,sine_f2,state,0,-0.020324275,2061,-0.015339808,2058,-0.191846591,8,-0.023520000,7,-1.130000,10,-0.019941750,2061,0.000000000,0,12.500,38,27075,0,1,
112299914327846,112299910008401,112299912245853,112299914327846,2313,23.130000000,sine_f2,state,0,-0.022087473,2062,-0.015339808,2058,-0.095923296,4,-0.033600000,10,-1.356000,12,-0.021475731,2062,0.000000000,0,12.500,38,27085,0,1,
112299924317282,112299920006360,112299922195847,112299924317282,2314,23.140000000,sine_f2,state,0,-0.023828873,2064,-0.015339808,2058,-0.047961648,2,-0.036960000,11,-1.356000,12,-0.024543693,2064,0.000000000,0,12.500,38,27094,0,1,
112299934327553,112299930006998,112299932227062,112299934327553,2315,23.150000000,sine_f2,state,0,-0.025546757,2065,-0.013805827,2057,-0.023980824,1,-0.053760000,16,-2.825000,25,-0.026077673,2065,0.000000000,0,12.500,38,27104,0,1,
112299944324782,112299940006608,112299942250693,112299944324782,2316,23.160000000,sine_f2,state,0,-0.027239430,2066,-0.015339808,2058,0.000000000,0,-0.050400000,15,-6.215000,55,-0.027611654,2066,0.000000000,0,12.500,38,27115,0,1,
112299954319070,112299950010683,112299952232740,112299954319070,2317,23.170000000,sine_f2,state,0,-0.028905220,2067,-0.018407769,2060,0.000000000,0,-0.050400000,15,-10.961000,97,-0.029145635,2067,0.000000000,0,12.500,38,27125,0,1,
112299964323477,112299960006321,112299962231044,112299964323477,2318,23.180000000,sine_f2,state,0,-0.030542485,2068,-0.021475731,2062,-0.023980824,1,-0.050400000,15,-11.865000,105,-0.030679616,2068,0.000000000,0,12.500,38,27135,0,1,
112299974324082,112299970009592,112299972245873,112299974324082,2319,23.190000000,sine_f2,state,0,-0.032149608,2069,-0.027611654,2066,-0.071942472,3,-0.026880000,8,-11.978000,106,-0.032213597,2069,0.000000000,0,12.500,38,27145,0,1,
112299984322656,112299980006651,112299982232813,112299984322656,2320,23.200000000,sine_f2,state,0,-0.033725003,2070,-0.032213597,2069,-0.143884944,6,-0.003360000,1,-12.091000,107,-0.033747577,2070,0.000000000,0,12.600,38,27155,0,1,
112299994318517,112299990006938,112299992240453,112299994318517,2321,23.210000000,sine_f2,state,0,-0.035267115,2071,-0.038349520,2073,-0.215827415,9,0.181440000,-54,-5.085000,45,-0.035281558,2071,0.000000000,0,12.500,38,27164,0,1,
112300004315505,112300000006851,112300002233551,112300004315505,2322,23.220000000,sine_f2,state,0,-0.036774423,2072,-0.041417481,2075,-0.287769887,12,-0.080640000,24,-0.339000,3,-0.036815539,2072,0.000000000,0,12.500,38,27175,1,1,
112300014319238,112300010008381,112300012236829,112300014319238,2323,23.230000000,sine_f2,state,0,-0.038245439,2073,-0.042951462,2076,-0.335731535,14,0.036960000,-11,0.226000,-2,-0.038349520,2073,0.000000000,0,12.500,38,27184,1,1,
112300024324736,112300020005629,112300022186396,112300024324736,2324,23.240000000,sine_f2,state,0,-0.039678712,2074,-0.042951462,2076,-0.359712359,15,0.026880000,-8,2.938000,-26,-0.039883500,2074,0.000000000,0,12.500,38,27194,1,1,
112300034317385,112300030006752,112300032229060,112300034317385,2325,23.250000000,sine_f2,state,0,-0.041072826,2075,-0.042951462,2076,-0.335731535,14,0.020160000,-6,3.277000,-29,-0.041417481,2075,0.000000000,0,12.500,38,27204,1,1,
112300044323987,112300040006586,112300042233674,112300044323987,2326,23.260000000,sine_f2,state,0,-0.042426407,2076,-0.041417481,2075,-0.287769887,12,0.003360000,-1,1.808000,-16,-0.042951462,2076,0.000000000,0,12.500,38,27215,1,1,
112300054314265,112300050006630,112300052232987,112300054314265,2327,23.270000000,sine_f2,state,0,-0.043738118,2077,-0.039883500,2074,-0.215827415,9,-0.006720000,2,-0.113000,1,-0.044485443,2077,0.000000000,0,12.500,38,27225,0,1,
112300064314537,112300060009268,112300062236708,112300064314537,2328,23.280000000,sine_f2,state,0,-0.045006664,2077,-0.041417481,2075,-0.119904120,5,-0.016800000,5,-1.017000,9,-0.044485443,2077,0.000000000,0,12.500,38,27235,0,1,
112300074327164,112300070006399,112300072247857,112300074327164,2329,23.290000000,sine_f2,state,0,-0.046230795,2078,-0.041417481,2075,-0.071942472,3,-0.020160000,6,-0.904000,8,-0.046019424,2078,0.000000000,0,12.500,38,27244,0,1,
112300084318725,112300080006415,112300082245041,112300084318725,2330,23.300000000,sine_f2,state,0,-0.047409301,2079,-0.039883500,2074,-0.023980824,1,-0.030240000,9,-1.130000,10,-0.047553404,2079,0.000000000,0,12.500,38,27254,0,1,
112300094260321,112300090010093,112300092186859,112300094260321,2331,23.310000000,sine_f2,state,0,-0.048541020,2080,-0.041417481,2075,0.000000000,0,-0.036960000,11,-1.356000,12,-0.049087385,2080,0.000000000,0,12.500,38,27264,0,1,
112300104324657,112300100006468,112300102178218,112300104324657,2332,23.320000000,sine_f2,state,0,-0.049624834,2080,-0.041417481,2075,0.000000000,0,-0.047040000,14,-1.582000,14,-0.049087385,2080,0.000000000,0,12.500,38,27274,0,1,
112300114248716,112300110010005,112300112180359,112300114248716,2333,23.330000000,sine_f2,state,0,-0.050659676,2081,-0.041417481,2075,0.000000000,0,-0.047040000,14,-1.921000,17,-0.050621366,2081,0.000000000,0,12.500,38,27284,0,1,
112300124269201,112300120009156,112300122175875,112300124269201,2334,23.340000000,sine_f2,state,0,-0.051644522,2082,-0.041417481,2075,0.000000000,0,-0.050400000,15,-4.294000,38,-0.052155347,2082,0.000000000,0,12.500,38,27294,0,1,
112300134249060,112300130006333,112300132175484,112300134249060,2335,23.350000000,sine_f2,state,0,-0.052578401,2082,-0.042951462,2076,0.000000000,0,-0.040320000,12,-9.040000,80,-0.052155347,2082,0.000000000,0,12.500,38,27304,0,1,
112300144247263,112300140006377,112300142157958,112300144247263,2336,23.360000000,sine_f2,state,0,-0.053460391,2083,-0.047553404,2079,-0.023980824,1,-0.030240000,9,-11.187000,99,-0.053689328,2083,0.000000000,0,12.500,38,27314,0,1,
112300154306138,112300150006669,112300152172792,112300154306138,2337,23.370000000,sine_f2,state,0,-0.054289623,2083,-0.052155347,2082,-0.071942472,3,-0.016800000,5,-11.413000,101,-0.053689328,2083,0.000000000,0,12.600,38,27324,0,1,
112300164299003,112300160010519,112300162236727,112300164299003,2338,23.380000000,sine_f2,state,0,-0.055065278,2084,-0.058291270,2086,-0.119904120,5,-0.026880000,8,-3.842000,34,-0.055223308,2084,0.000000000,0,12.600,38,27335,0,1,
112300174311529,112300170007093,112300172201102,112300174311529,2339,23.390000000,sine_f2,state,0,-0.055786589,2084,-0.061359232,2088,-0.191846591,8,0.077280000,-23,-0.226000,2,-0.055223308,2084,0.000000000,0,12.600,38,27344,0,1,
112300184252473,112300180010093,112300182184628,112300184252473,2340,23.400000000,sine_f2,state,0,-0.056452846,2085,-0.061359232,2088,-0.239808239,10,0.030240000,-9,0.113000,-1,-0.056757289,2085,0.000000000,0,12.600,38,27354,0,1,
112300194299793,112300190007456,112300192224017,112300194299793,2341,23.410000000,sine_f2,state,0,-0.057063391,2085,-0.061359232,2088,-0.263789063,11,0.026880000,-8,3.164000,-28,-0.056757289,2085,0.000000000,0,12.500,38,27364,1,1,
112300204262414,112300200007028,112300202215635,112300204262414,2342,23.420000000,sine_f2,state,0,-0.057617621,2086,-0.061359232,2088,-0.263789063,11,0.026880000,-8,3.390000,-30,-0.058291270,2086,0.000000000,0,12.500,38,27374,1,1,
112300214310448,112300210008465,112300212216304,112300214310448,2343,23.430000000,sine_f2,state,0,-0.058114990,2086,-0.061359232,2088,-0.239808239,10,0.010080000,-3,3.164000,-28,-0.058291270,2086,0.000000000,0,12.500,38,27384,0,1,
112300224298057,112300220010710,112300222225619,112300224298057,2344,23.440000000,sine_f2,state,0,-0.058555006,2086,-0.059825251,2087,-0.191846591,8,0.006720000,-2,3.051000,-27,-0.058291270,2086,0.000000000,0,12.500,38,27394,0,1,
112300234324159,112300230009424,112300232220921,112300234324159,2345,23.450000000,sine_f2,state,0,-0.058937235,2086,-0.058291270,2086,-0.119904120,5,0.003360000,-1,2.599000,-23,-0.058291270,2086,0.000000000,0,12.500,39,27404,0,1,
112300244301662,112300240006893,112300242220830,112300244301662,2346,23.460000000,sine_f2,state,0,-0.059261300,2087,-0.058291270,2086,-0.047961648,2,0.000000000,0,1.130000,-10,-0.059825251,2087,0.000000000,0,12.500,39,27414,0,1,
112300254308895,112300250006644,112300252214477,112300254308895,2347,23.470000000,sine_f2,state,0,-0.059526882,2087,-0.058291270,2086,0.000000000,0,-0.003360000,1,-0.452000,4,-0.059825251,2087,0.000000000,0,12.500,39,27424,0,1,
112300264305783,112300260006395,112300262216922,112300264305783,2348,23.480000000,sine_f2,state,0,-0.059733718,2087,-0.058291270,2086,0.000000000,0,-0.006720000,2,-0.904000,8,-0.059825251,2087,0.000000000,0,12.500,39,27434,0,1,
112300274310874,112300270006447,112300272169121,112300274310874,2349,23.490000000,sine_f2,state,0,-0.059881604,2087,-0.056757289,2085,0.023980824,-1,-0.006720000,2,-0.904000,8,-0.059825251,2087,0.000000000,0,12.500,39,27444,0,1,
112300284309801,112300280006741,112300282213690,112300284309801,2350,23.500000000,sine_f2,state,0,-0.059970394,2087,-0.058291270,2086,0.023980824,-1,-0.010080000,3,-0.791000,7,-0.059825251,2087,0.000000000,0,12.500,39,27454,0,1,
112300294310509,112300290009111,112300292217924,112300294310509,2351,23.510000000,sine_f2,state,0,-0.060000000,2087,-0.056757289,2085,0.023980824,-1,-0.006720000,2,-0.904000,8,-0.059825251,2087,0.000000000,0,12.500,39,27464,0,1,
112300304299795,112300300006968,112300302215517,112300304299795,2352,23.520000000,sine_f2,state,0,-0.059970394,2087,-0.058291270,2086,0.000000000,0,-0.010080000,3,-0.791000,7,-0.059825251,2087,0.000000000,0,12.500,39,27474,0,1,
112300314298828,112300310006546,112300312225309,112300314298828,2353,23.530000000,sine_f2,state,0,-0.059881604,2087,-0.058291270,2086,0.000000000,0,-0.006720000,2,-0.678000,6,-0.059825251,2087,0.000000000,0,12.500,39,27484,0,1,
112300324303585,112300320006953,112300322168426,112300324303585,2354,23.540000000,sine_f2,state,0,-0.059733718,2087,-0.056757289,2085,0.000000000,0,-0.003360000,1,-0.791000,7,-0.059825251,2087,0.000000000,0,12.500,39,27494,0,1,
112300334307158,112300330009850,112300332221048,112300334307158,2355,23.550000000,sine_f2,state,0,-0.059526882,2087,-0.058291270,2086,0.000000000,0,-0.006720000,2,-1.017000,9,-0.059825251,2087,0.000000000,0,12.500,39,27504,0,1,
112300344305605,112300340009155,112300342164552,112300344305605,2356,23.560000000,sine_f2,state,0,-0.059261300,2087,-0.056757289,2085,0.000000000,0,-0.006720000,2,-0.904000,8,-0.059825251,2087,0.000000000,0,12.500,39,27514,0,1,
112300354299923,112300350006473,112300352215266,112300354299923,2357,23.570000000,sine_f2,state,0,-0.058937235,2086,-0.058291270,2086,0.000000000,0,-0.006720000,2,-0.565000,5,-0.058291270,2086,0.000000000,0,12.500,39,27524,0,1,
112300364313836,112300360006411,112300362223160,112300364313836,2358,23.580000000,sine_f2,state,0,-0.058555006,2086,-0.058291270,2086,0.000000000,0,-0.003360000,1,0.000000,0,-0.058291270,2086,0.000000000,0,12.500,39,27534,0,1,
112300374299252,112300370006642,112300372169598,112300374299252,2359,23.590000000,sine_f2,state,0,-0.058114990,2086,-0.058291270,2086,0.000000000,0,0.000000000,0,0.000000,0,-0.058291270,2086,0.000000000,0,12.500,39,27544,0,1,
112300384300382,112300380006525,112300382220291,112300384300382,2360,23.600000000,sine_f2,state,0,-0.057617621,2086,-0.056757289,2085,0.000000000,0,0.000000000,0,0.000000,0,-0.058291270,2086,0.000000000,0,12.500,39,27554,0,1,
112300394307167,112300390008701,112300392217677,112300394307167,2361,23.610000000,sine_f2,state,0,-0.057063391,2085,-0.058291270,2086,0.000000000,0,-0.003360000,1,-0.113000,1,-0.056757289,2085,0.000000000,0,12.500,39,27564,0,1,
112300404307280,112300400006861,112300402217206,112300404307280,2362,23.620000000,sine_f2,state,0,-0.056452846,2085,-0.058291270,2086,0.000000000,0,0.003360000,-1,1.356000,-12,-0.056757289,2085,0.000000000,0,12.500,39,27574,0,1,
112300414242306,112300410006676,112300412215883,112300414242306,2363,23.630000000,sine_f2,state,0,-0.055786589,2084,-0.056757289,2085,0.000000000,0,0.003360000,-1,2.147000,-19,-0.055223308,2084,0.000000000,0,12.500,39,27584,0,1,
112300424310408,112300420006721,112300422230955,112300424310408,2364,23.640000000,sine_f2,state,0,-0.055065278,2084,-0.056757289,2085,0.000000000,0,0.010080000,-3,3.051000,-27,-0.055223308,2084,0.000000000,0,12.500,39,27594,0,1,
112300434310162,112300430007214,112300432220564,112300434310162,2365,23.650000000,sine_f2,state,0,-0.054289623,2083,-0.056757289,2085,0.000000000,0,0.006720000,-2,2.938000,-26,-0.053689328,2083,0.000000000,0,12.500,39,27604,0,1,
112300444301622,112300440007280,112300442224164,112300444301622,2366,23.660000000,sine_f2,state,0,-0.053460391,2083,-0.055223308,2084,0.000000000,0,0.006720000,-2,2.938000,-26,-0.053689328,2083,0.000000000,0,12.500,39,27614,0,1,
112300454313520,112300450009220,112300452212213,112300454313520,2367,23.670000000,sine_f2,state,0,-0.052578401,2082,-0.053689328,2083,0.023980824,-1,0.013440000,-4,1.808000,-16,-0.052155347,2082,0.000000000,0,12.500,39,27624,0,1,
112300464304851,112300460006475,112300462216816,112300464304851,2368,23.680000000,sine_f2,state,0,-0.051644522,2082,-0.053689328,2083,0.023980824,-1,0.006720000,-2,3.051000,-27,-0.052155347,2082,0.000000000,0,12.500,39,27634,0,1,
112300474304265,112300470006658,112300472169683,112300474304265,2369,23.690000000,sine_f2,state,0,-0.050659676,2081,-0.052155347,2082,0.047961648,-2,0.003360000,-1,1.921000,-17,-0.050621366,2081,0.000000000,0,12.500,39,27644,0,1,
112300484305460,112300480006658,112300482217056,112300484305460,2370,23.700000000,sine_f2,state,0,-0.049624834,2080,-0.052155347,2082,0.071942472,-3,0.003360000,-1,3.051000,-27,-0.049087385,2080,0.000000000,0,12.500,39,27654,0,1,
112300494303835,112300490006513,112300492230886,112300494303835,2371,23.710000000,sine_f2,state,0,-0.048541020,2080,-0.050621366,2081,0.071942472,-3,0.006720000,-2,2.825000,-25,-0.049087385,2080,0.000000000,0,12.500,39,27664,0,1,
112300504298738,112300500007753,112300502215751,112300504298738,2372,23.720000000,sine_f2,state,0,-0.047409301,2079,-0.050621366,2081,0.071942472,-3,0.006720000,-2,2.825000,-25,-0.047553404,2079,0.000000000,0,12.500,39,27674,0,1,
112300514306739,112300510009389,112300512214278,112300514306739,2373,23.730000000,sine_f2,state,0,-0.046230795,2078,-0.049087385,2080,0.071942472,-3,0.010080000,-3,3.051000,-27,-0.046019424,2078,0.000000000,0,12.500,39,27684,0,1,
112300524298581,112300520006285,112300522167238,112300524298581,2374,23.740000000,sine_f2,state,0,-0.045006664,2077,-0.047553404,2079,0.071942472,-3,0.016800000,-5,3.051000,-27,-0.044485443,2077,0.000000000,0,12.500,39,27694,0,1,
112300534300800,112300530006701,112300532217102,112300534300800,2375,23.750000000,sine_f2,state,0,-0.043738118,2077,-0.046019424,2078,0.071942472,-3,0.016800000,-5,2.938000,-26,-0.044485443,2077,0.000000000,0,12.500,39,27704,0,1,
112300544285595,112300540007246,112300542196766,112300544285595,2376,23.760000000,sine_f2,state,0,-0.042426407,2076,-0.046019424,2078,0.071942472,-3,0.010080000,-3,3.164000,-28,-0.042951462,2076,0.000000000,0,12.500,39,27714,0,1,
112300554285161,112300550007019,112300552196687,112300554285161,2377,23.770000000,sine_f2,state,0,-0.041072826,2075,-0.044485443,2077,0.071942472,-3,0.010080000,-3,2.712000,-24,-0.041417481,2075,0.000000000,0,12.500,39,27724,0,1,
112300564302260,112300560009141,112300562197413,112300564302260,2378,23.780000000,sine_f2,state,0,-0.039678712,2074,-0.042951462,2076,0.071942472,-3,0.020160000,-6,2.938000,-26,-0.039883500,2074,0.000000000,0,12.500,39,27734,0,1,
112300574300743,112300570006550,112300572165721,112300574300743,2379,23.790000000,sine_f2,state,0,-0.038245439,2073,-0.042951462,2076,0.095923296,-4,0.013440000,-4,3.164000,-28,-0.038349520,2073,0.000000000,0,12.500,39,27744,0,1,
112300584323415,112300580006543,112300582152826,112300584323415,2380,23.800000000,sine_f2,state,0,-0.036774423,2072,-0.041417481,2075,0.095923296,-4,0.023520000,-7,2.034000,-18,-0.036815539,2072,0.000000000,0,12.500,39,27754,0,1,
112300594304287,112300590012137,112300592168698,112300594304287,2381,23.810000000,sine_f2,state,0,-0.035267115,2071,-0.041417481,2075,0.095923296,-4,0.026880000,-8,3.051000,-27,-0.035281558,2071,0.000000000,0,12.500,39,27764,0,1,
112300604283133,112300600009222,112300602198298,112300604283133,2382,23.820000000,sine_f2,state,0,-0.033725003,2070,-0.039883500,2074,0.095923296,-4,0.030240000,-9,3.164000,-28,-0.033747577,2070,0.000000000,0,12.500,39,27774,0,1,
112300614283021,112300610006673,112300612196571,112300614283021,2383,23.830000000,sine_f2,state,0,-0.032149608,2069,-0.038349520,2073,0.095923296,-4,0.030240000,-9,2.938000,-26,-0.032213597,2069,0.000000000,0,12.500,39,27784,0,1,
112300624231102,112300620007045,112300622145449,112300624231102,2384,23.840000000,sine_f2,state,0,-0.030542485,2068,-0.038349520,2073,0.095923296,-4,0.033600000,-10,2.938000,-26,-0.030679616,2068,0.000000000,0,12.500,39,27794,0,1,
112300634287456,112300630006740,112300632193857,112300634287456,2385,23.850000000,sine_f2,state,0,-0.028905220,2067,-0.036815539,2072,0.095923296,-4,0.036960000,-11,2.938000,-26,-0.029145635,2067,0.000000000,0,12.500,39,27804,0,1,
112300644241159,112300640009761,112300642196722,112300644241159,2386,23.860000000,sine_f2,state,0,-0.027239430,2066,-0.035281558,2071,0.095923296,-4,0.036960000,-11,2.938000,-26,-0.027611654,2066,0.000000000,0,12.500,39,27814,0,1,
112300654284552,112300650008718,112300652202689,112300654284552,2387,23.870000000,sine_f2,state,0,-0.025546757,2065,-0.035281558,2071,0.095923296,-4,0.040320000,-12,3.164000,-28,-0.026077673,2065,0.000000000,0,12.500,39,27824,0,1,
112300664277956,112300660006779,112300662198079,112300664277956,2388,23.880000000,sine_f2,state,0,-0.023828873,2064,-0.033747577,2070,0.095923296,-4,0.043680000,-13,3.051000,-27,-0.024543693,2064,0.000000000,0,12.500,39,27834,0,1,
112300674282803,112300670006492,112300672155664,112300674282803,2389,23.890000000,sine_f2,state,0,-0.022087473,2062,-0.032213597,2069,0.095923296,-4,0.043680000,-13,3.164000,-28,-0.021475731,2062,0.000000000,0,12.500,39,27844,0,1,
112300684247725,112300680006751,112300682150599,112300684247725,2390,23.900000000,sine_f2,state,0,-0.020324275,2061,-0.030679616,2068,0.095923296,-4,0.053760000,-16,3.164000,-28,-0.019941750,2061,0.000000000,0,12.500,39,27854,0,1,
112300694286595,112300690006699,112300692152826,112300694286595,2391,23.910000000,sine_f2,state,0,-0.018541020,2060,-0.029145635,2067,0.095923296,-4,0.060480000,-18,2.938000,-26,-0.018407769,2060,0.000000000,0,12.500,39,27864,0,1,
112300704278857,112300700009214,112300702198698,112300704278857,2392,23.920000000,sine_f2,state,0,-0.016739466,2059,-0.029145635,2067,0.095923296,-4,0.067200000,-20,3.164000,-28,-0.016873789,2059,0.000000000,0,12.500,39,27874,0,1,
112300714288966,112300710007166,112300712195381,112300714288966,2393,23.930000000,sine_f2,state,0,-0.014921393,2058,-0.027611654,2066,0.095923296,-4,0.070560000,-21,3.051000,-27,-0.015339808,2058,0.000000000,0,12.500,39,27884,0,1,
112300724286360,112300720007357,112300722198808,112300724286360,2394,23.940000000,sine_f2,state,0,-0.013088594,2057,-0.026077673,2065,0.095923296,-4,0.067200000,-20,3.390000,-30,-0.013805827,2057,0.000000000,0,12.500,39,27894,0,1,
112300734279223,112300730007391,112300732195735,112300734279223,2395,23.950000000,sine_f2,state,0,-0.011242879,2055,-0.024543693,2064,0.095923296,-4,0.067200000,-20,3.277000,-29,-0.010737866,2055,0.000000000,0,12.500,39,27904,0,1,
112300744282441,112300740007532,112300742157085,112300744282441,2396,23.960000000,sine_f2,state,0,-0.009386068,2054,-0.023009712,2063,0.095923296,-4,0.080640000,-24,7.684000,-68,-0.009203885,2054,0.000000000,0,12.500,39,27914,0,1,
112300754284996,112300750009180,112300752194288,112300754284996,2397,23.970000000,sine_f2,state,0,-0.007519994,2053,-0.019941750,2061,0.119904120,-5,0.067200000,-20,4.407000,-39,-0.007669904,2053,0.000000000,0,12.500,39,27924,0,1,
112300764278955,112300760006331,112300762196627,112300764278955,2398,23.980000000,sine_f2,state,0,-0.005646499,2052,-0.018407769,2060,0.119904120,-5,0.063840000,-19,4.633000,-41,-0.006135923,2052,0.000000000,0,12.500,39,27934,0,1,
112300774212573,112300770006455,112300772196167,112300774212573,2399,23.990000000,sine_f2,hardware_error,0,-0.003767431,2050,,,,,,,,,,,,,,,,,,0
112300784282461,112300780006375,112300782202089,112300784282461,2400,24.000000000,sine_f2,state,0,-0.001884646,2049,-0.013805827,2057,0.167865767,-7,0.067200000,-20,4.746000,-42,-0.001533981,2049,0.000000000,0,12.500,39,27954,0,1,
112300794236352,112300790006687,112300792198976,112300794236352,2401,24.010000000,sine_f2,state,0,-0.000000000,2048,-0.010737866,2055,0.191846591,-8,0.063840000,-19,4.633000,-41,0.000000000,2048,0.000000000,0,12.500,39,27964,0,1,
112300804286179,112300800009082,112300802195937,112300804286179,2402,24.020000000,sine_f2,state,0,0.001884646,2047,-0.009203885,2054,0.191846591,-8,0.057120000,-17,4.746000,-42,0.001533981,2047,0.000000000,0,12.500,39,27974,0,1,
112300814212994,112300810010948,112300812159700,112300814212994,2403,24.030000000,sine_f2,state,0,0.003767431,2046,-0.007669904,2053,0.215827415,-9,0.053760000,-16,4.746000,-42,0.003067962,2046,0.000000000,0,12.500,39,27984,0,1,
112300824217965,112300820007434,112300822138300,112300824217965,2404,24.040000000,sine_f2,state,0,0.005646499,2044,-0.004601942,2051,0.215827415,-9,0.053760000,-16,4.407000,-39,0.006135923,2044,0.000000000,0,12.500,39,27994,0,1,
112300834220242,112300830007096,112300832136855,112300834220242,2405,24.050000000,sine_f2,state,0,0.007519994,2043,-0.003067962,2050,0.191846591,-8,0.057120000,-17,4.633000,-41,0.007669904,2043,0.000000000,0,12.500,39,28004,0,1,
112300844217247,112300840006859,112300842139247,112300844217247,2406,24.060000000,sine_f2,state,0,0.009386068,2042,0.000000000,2048,0.191846591,-8,0.057120000,-17,4.633000,-41,0.009203885,2042,0.000000000,0,12.500,39,28014,0,1,
112300854213653,112300850007591,112300852141606,112300854213653,2407,24.070000000,sine_f2,state,0,0.011242879,2041,0.001533981,2047,0.191846591,-8,0.043680000,-13,4.407000,-39,0.010737866,2041,0.000000000,0,12.500,39,28024,0,1,
112300864212122,112300860009521,112300862138533,112300864212122,2408,24.080000000,sine_f2,state,0,0.013088594,2039,0.003067962,2046,0.191846591,-8,0.050400000,-15,4.520000,-40,0.013805827,2039,0.000000000,0,12.500,39,28034,0,1,
112300874220481,112300870006274,112300872139356,112300874220481,2409,24.090000000,sine_f2,state,0,0.014921393,2038,0.004601942,2045,0.191846591,-8,0.050400000,-15,4.520000,-40,0.015339808,2038,0.000000000,0,12.500,39,28044,0,1,
112300884219171,112300880006435,112300882137572,112300884219171,2410,24.100000000,sine_f2,state,0,0.016739466,2037,0.007669904,2043,0.191846591,-8,0.047040000,-14,4.520000,-40,0.016873789,2037,0.000000000,0,12.500,39,28054,0,1,
112300894221419,112300890006508,112300892139350,112300894221419,2411,24.110000000,sine_f2,state,0,0.018541020,2036,0.009203885,2042,0.191846591,-8,0.043680000,-13,4.633000,-41,0.018407769,2036,0.000000000,0,12.500,39,28064,0,1,
112300904224564,112300900006205,112300902139651,112300904224564,2412,24.120000000,sine_f2,state,0,0.020324275,2035,0.012271846,2040,0.191846591,-8,0.036960000,-11,4.520000,-40,0.019941750,2035,0.000000000,0,12.500,39,28074,0,1,
112300914228156,112300910006236,112300912135033,112300914228156,2413,24.130000000,sine_f2,state,0,0.022087473,2034,0.013805827,2039,0.191846591,-8,0.033600000,-10,4.407000,-39,0.021475731,2034,0.000000000,0,12.500,39,28084,0,1,
112300924216617,112300920009273,112300922135652,112300924216617,2414,24.140000000,sine_f2,state,0,0.023828873,2032,0.016873789,2037,0.191846591,-8,0.033600000,-10,4.633000,-41,0.024543693,2032,0.000000000,0,12.500,39,28094,0,1,
112300934223000,112300930006957,112300932135980,112300934223000,2415,24.150000000,sine_f2,state,0,0.025546757,2031,0.018407769,2036,0.191846591,-8,0.040320000,-12,4.407000,-39,0.026077673,2031,0.000000000,0,12.500,39,28104,0,1,
112300944217297,112300940006713,112300942139776,112300944217297,2416,24.160000000,sine_f2,state,0,0.027239430,2030,0.019941750,2035,0.191846591,-8,0.036960000,-11,4.520000,-40,0.027611654,2030,0.000000000,0,12.500,39,28114,0,1,
112300954217414,112300950010194,112300952138516,112300954217414,2417,24.170000000,sine_f2,state,0,0.028905220,2029,0.023009712,2033,0.191846591,-8,0.036960000,-11,4.633000,-41,0.029145635,2029,0.000000000,0,12.500,39,28124,0,1,
112300964202548,112300960009483,112300962118319,112300964202548,2418,24.180000000,sine_f2,state,0,0.030542485,2028,0.024543693,2032,0.191846591,-8,0.030240000,-9,4.294000,-38,0.030679616,2028,0.000000000,0,12.500,39,28134,0,1,
112300974214338,112300970007119,112300972163156,112300974214338,2419,24.190000000,sine_f2,state,0,0.032149608,2027,0.026077673,2031,0.191846591,-8,0.030240000,-9,4.294000,-38,0.032213597,2027,0.000000000,0,12.500,39,28144,0,1,
112300984086443,112300980007616,112300982068000,112300984086443,2420,24.200000000,sine_f2,state,0,0.033725003,2026,0.029145635,2029,0.191846591,-8,0.030240000,-9,4.407000,-39,0.033747577,2026,0.000000000,0,12.500,39,28154,0,1,
112300994084056,112300990014546,112300992069386,112300994084056,2421,24.210000000,sine_f2,state,0,0.035267115,2025,0.029145635,2029,0.191846591,-8,0.023520000,-7,4.181000,-37,0.035281558,2025,0.000000000,0,12.500,39,28164,0,1,
112301004115150,112301000011566,112301002072801,112301004115150,2422,24.220000000,sine_f2,state,0,0.036774423,2024,0.032213597,2027,0.191846591,-8,0.016800000,-5,4.294000,-38,0.036815539,2024,0.000000000,0,12.500,39,28174,0,1,
112301014099802,112301010011743,112301012079291,112301014099802,2423,24.230000000,sine_f2,state,0,0.038245439,2023,0.033747577,2026,0.191846591,-8,0.016800000,-5,4.294000,-38,0.038349520,2023,0.000000000,0,12.500,39,28184,0,1,
112301024105471,112301020010440,112301022080915,112301024105471,2424,24.240000000,sine_f2,state,0,0.039678712,2022,0.036815539,2024,0.191846591,-8,0.013440000,-4,4.294000,-38,0.039883500,2022,0.000000000,0,12.500,39,28194,0,1,
112301034106773,112301030006861,112301032083539,112301034106773,2425,24.250000000,sine_f2,state,0,0.041072826,2021,0.038349520,2023,0.191846591,-8,0.020160000,-6,4.294000,-38,0.041417481,2021,0.000000000,0,12.500,39,28204,0,1,
112301044115417,112301040010428,112301042083360,112301044115417,2426,24.260000000,sine_f2,state,0,0.042426407,2020,0.039883500,2022,0.191846591,-8,0.013440000,-4,4.181000,-37,0.042951462,2020,0.000000000,0,12.500,39,28214,0,1,
112301054277793,112301050013410,112301052092204,112301054277793,2427,24.270000000,sine_f2,state,0,0.043738118,2019,0.041417481,2021,0.191846591,-8,0.010080000,-3,4.181000,-37,0.044485443,2019,0.000000000,0,12.500,39,28224,0,1,
112301064241789,112301060086612,112301062131395,112301064241789,2428,24.280000000,sine_f2,state,0,0.045006664,2019,0.044485443,2019,0.191846591,-8,0.003360000,-1,4.068000,-36,0.044485443,2019,0.000000000,0,12.500,39,28234,0,1,
112301074227381,112301070087127,112301072146530,112301074227381,2429,24.290000000,sine_f2,state,0,0.046230795,2018,0.044485443,2019,0.167865767,-7,0.013440000,-4,0.113000,-1,0.046019424,2018,0.000000000,0,12.500,39,28244,0,1,
112301084224387,112301080084074,112301082125604,112301084224387,2430,24.300000000,sine_f2,state,0,0.047409301,2017,0.046019424,2018,0.167865767,-7,0.000000000,0,1.695000,-15,0.047553404,2017,0.000000000,0,12.500,39,28254,0,1,
112301094239933,112301090090202,112301092138040,112301094239933,2431,24.310000000,sine_f2,state,0,0.048541020,2016,0.046019424,2018,0.143884944,-6,0.003360000,-1,3.164000,-28,0.049087385,2016,0.000000000,0,12.500,39,28264,0,1,
112301104239733,112301100083488,112301102140334,112301104239733,2432,24.320000000,sine_f2,state,0,0.049624834,2016,0.046019424,2018,0.143884944,-6,0.010080000,-3,3.277000,-29,0.049087385,2016,0.000000000,0,12.500,39,28274,0,1,
112301114235825,112301110083688,112301112125162,112301114235825,2433,24.330000000,sine_f2,state,0,0.050659676,2015,0.047553404,2017,0.119904120,-5,0.006720000,-2,2.825000,-25,0.050621366,2015,0.000000000,0,12.500,39,28284,0,1,
112301124229188,112301120084303,112301122127150,112301124229188,2434,24.340000000,sine_f2,state,0,0.051644522,2014,0.049087385,2016,0.095923296,-4,0.013440000,-4,2.825000,-25,0.052155347,2014,0.000000000,0,12.500,39,28294,0,1,
112301134231006,112301130090506,112301132126737,112301134231006,2435,24.350000000,sine_f2,state,0,0.052578401,2014,0.049087385,2016,0.095923296,-4,0.016800000,-5,3.051000,-27,0.052155347,2014,0.000000000,0,12.500,39,28304,0,1,
112301144236216,112301140083952,112301142139842,112301144236216,2436,24.360000000,sine_f2,state,0,0.053460391,2013,0.050621366,2015,0.071942472,-3,0.013440000,-4,2.825000,-25,0.053689328,2013,0.000000000,0,12.500,39,28314,0,1,
112301154248014,112301150090884,112301152123639,112301154248014,2437,24.370000000,sine_f2,state,0,0.054289623,2013,0.052155347,2014,0.071942472,-3,0.013440000,-4,2.599000,-23,0.053689328,2013,0.000000000,0,12.500,39,28324,0,1,
112301164232864,112301160087147,112301162124834,112301164232864,2438,24.380000000,sine_f2,state,0,0.055065278,2012,0.052155347,2014,0.071942472,-3,0.006720000,-2,2.938000,-26,0.055223308,2012,0.000000000,0,12.500,39,28334,0,1,
112301174205511,112301170088509,112301172123544,112301174205511,2439,24.390000000,sine_f2,state,0,0.055786589,2012,0.053689328,2013,0.071942472,-3,0.006720000,-2,2.599000,-23,0.055223308,2012,0.000000000,0,12.500,39,28344,0,1,
112301184229168,112301180083357,112301182144308,112301184229168,2440,24.400000000,sine_f2,state,0,0.056452846,2011,0.055223308,2012,0.071942472,-3,0.006720000,-2,2.599000,-23,0.056757289,2011,0.000000000,0,12.500,39,28354,0,1,
112301194213562,112301190084016,112301192140834,112301194213562,2441,24.410000000,sine_f2,state,0,0.057063391,2011,0.055223308,2012,0.071942472,-3,0.003360000,-1,2.825000,-25,0.056757289,2011,0.000000000,0,12.500,39,28364,0,1,
112301204236324,112301200092889,112301202123566,112301204236324,2442,24.420000000,sine_f2,state,0,0.057617621,2010,0.056757289,2011,0.095923296,-4,0.000000000,0,0.565000,-5,0.058291270,2010,0.000000000,0,12.500,39,28374,0,1,
112301214235473,112301210084630,112301212124134,112301214235473,2443,24.430000000,sine_f2,state,0,0.058114990,2010,0.058291270,2010,0.095923296,-4,0.010080000,-3,2.938000,-26,0.058291270,2010,0.000000000,0,12.500,39,28384,0,1,
112301224232697,112301220085149,112301222137735,112301224232697,2444,24.440000000,sine_f2,state,0,0.058555006,2010,0.058291270,2010,0.095923296,-4,0.003360000,-1,2.373000,-21,0.058291270,2010,0.000000000,0,12.500,39,28394,0,1,
112301234229829,112301230085576,112301232122587,112301234229829,2445,24.450000000,sine_f2,state,0,0.058937235,2010,0.058291270,2010,0.071942472,-3,0.000000000,0,1.017000,-9,0.058291270,2010,0.000000000,0,12.500,39,28404,0,1,
112301244227381,112301240081957,112301242124195,112301244227381,2446,24.460000000,sine_f2,state,0,0.059261300,2009,0.058291270,2010,0.071942472,-3,0.000000000,0,0.226000,-2,0.059825251,2009,0.000000000,0,12.500,39,28414,0,1,
112301254228902,112301250086305,112301252143201,112301254228902,2447,24.470000000,sine_f2,state,0,0.059526882,2009,0.058291270,2010,0.047961648,-2,0.003360000,-1,2.034000,-18,0.059825251,2009,0.000000000,0,12.500,39,28424,0,1,
112301264229682,112301260091879,112301262144311,112301264229682,2448,24.480000000,sine_f2,state,0,0.059733718,2009,0.059825251,2009,0.047961648,-2,0.003360000,-1,2.712000,-24,0.059825251,2009,0.000000000,0,12.500,39,28434,0,1,
112301274222810,112301270092104,112301272125357,112301274222810,2449,24.490000000,sine_f2,state,0,0.059881604,2009,0.059825251,2009,0.047961648,-2,0.003360000,-1,2.147000,-19,0.059825251,2009,0.000000000,0,12.400,39,28444,0,1,
112301284267153,112301280090735,112301282140915,112301284267153,2450,24.500000000,sine_f2,state,0,0.059970394,2009,0.059825251,2009,0.023980824,-1,0.000000000,0,1.017000,-9,0.059825251,2009,0.000000000,0,12.500,39,28454,0,1,
112301294242810,112301290083865,112301292134548,112301294242810,2451,24.510000000,sine_f2,state,0,0.060000000,2009,0.059825251,2009,0.023980824,-1,0.000000000,0,0.000000,0,0.059825251,2009,0.000000000,0,12.500,39,28464,0,1,
112301304244215,112301300084264,112301302121563,112301304244215,2452,24.520000000,sine_f2,state,0,0.059970394,2009,0.061359232,2008,0.023980824,-1,0.000000000,0,0.000000,0,0.059825251,2009,0.000000000,0,12.500,39,28474,0,1,
112301314231586,112301310104110,112301312124412,112301314231586,2453,24.530000000,sine_f2,state,0,0.059881604,2009,0.059825251,2009,0.023980824,-1,-0.003360000,1,0.000000,0,0.059825251,2009,0.000000000,0,12.500,39,28484,0,1,
112301324234836,112301320090772,112301322125128,112301324234836,2454,24.540000000,sine_f2,state,0,0.059733718,2009,0.059825251,2009,0.023980824,-1,0.000000000,0,0.113000,-1,0.059825251,2009,0.000000000,0,12.500,39,28494,0,1,
112301334229405,112301330092374,112301332123902,112301334229405,2455,24.550000000,sine_f2,state,0,0.059526882,2009,0.059825251,2009,0.000000000,0,0.000000000,0,0.000000,0,0.059825251,2009,0.000000000,0,12.500,39,28504,0,1,
112301344230479,112301340085844,112301342126365,112301344230479,2456,24.560000000,sine_f2,state,0,0.059261300,2009,0.059825251,2009,0.000000000,0,0.000000000,0,0.113000,-1,0.059825251,2009,0.000000000,0,12.500,39,28514,0,1,
112301354231177,112301350082563,112301352147323,112301354231177,2457,24.570000000,sine_f2,state,0,0.058937235,2010,0.061359232,2008,0.000000000,0,0.000000000,0,0.113000,-1,0.058291270,2010,0.000000000,0,12.500,39,28524,0,1,
112301364254898,112301360091371,112301362123430,112301364254898,2458,24.580000000,sine_f2,state,0,0.058555006,2010,0.059825251,2009,0.000000000,0,-0.006720000,2,-0.904000,8,0.058291270,2010,0.000000000,0,12.500,39,28534,0,1,
112301374435097,112301370083993,112301372190472,112301374435097,2459,24.590000000,sine_f2,state,0,0.058114990,2010,0.059825251,2009,0.000000000,0,-0.013440000,4,-1.017000,9,0.058291270,2010,0.000000000,0,12.500,39,28544,0,1,
112301384459561,112301380084727,112301382192172,112301384459561,2460,24.600000000,sine_f2,state,0,0.057617621,2010,0.059825251,2009,0.000000000,0,-0.006720000,2,-0.904000,8,0.058291270,2010,0.000000000,0,12.500,39,28554,0,1,
112301394230498,112301390102517,112301392184675,112301394230498,2461,24.610000000,sine_f2,state,0,0.057063391,2011,0.059825251,2009,0.000000000,0,-0.006720000,2,-1.017000,9,0.056757289,2011,0.000000000,0,12.500,39,28564,0,1,
112301404230645,112301400008318,112301402153173,112301404230645,2462,24.620000000,sine_f2,state,0,0.056452846,2011,0.059825251,2009,0.000000000,0,-0.016800000,5,-1.017000,9,0.056757289,2011,0.000000000,0,12.500,39,28574,0,1,
112301414257517,112301410016346,112301412176052,112301414257517,2463,24.630000000,sine_f2,state,0,0.055786589,2012,0.059825251,2009,0.000000000,0,-0.016800000,5,-1.017000,9,0.055223308,2012,0.000000000,0,12.500,39,28584,0,1,
112301424211406,112301420007492,112301422101221,112301424211406,2464,24.640000000,sine_f2,state,0,0.055065278,2012,0.059825251,2009,0.000000000,0,-0.026880000,8,-1.243000,11,0.055223308,2012,0.000000000,0,12.500,39,28594,0,1,
112301434240550,112301430007557,112301432133143,112301434240550,2465,24.650000000,sine_f2,state,0,0.054289623,2013,0.061359232,2008,0.000000000,0,-0.026880000,8,-1.356000,12,0.053689328,2013,0.000000000,0,12.500,39,28604,0,1,
112301444203675,112301440007310,112301442156307,112301444203675,2466,24.660000000,sine_f2,state,0,0.053460391,2013,0.059825251,2009,0.000000000,0,-0.033600000,10,-1.356000,12,0.053689328,2013,0.000000000,0,12.500,39,28614,0,1,
112301454240799,112301450007471,112301452154680,112301454240799,2467,24.670000000,sine_f2,state,0,0.052578401,2014,0.059825251,2009,0.000000000,0,-0.033600000,10,-1.695000,15,0.052155347,2014,0.000000000,0,12.500,39,28624,0,1,
112301464223195,112301460009841,112301462151768,112301464223195,2468,24.680000000,sine_f2,state,0,0.051644522,2014,0.059825251,2009,0.000000000,0,-0.040320000,12,-1.808000,16,0.052155347,2014,0.000000000,0,12.500,39,28634,0,1,
112301474210065,112301470006748,112301472139050,112301474210065,2469,24.690000000,sine_f2,state,0,0.050659676,2015,0.059825251,2009,0.000000000,0,-0.040320000,12,-2.599000,23,0.050621366,2015,0.000000000,0,12.500,39,28644,0,1,
112301484243384,112301480006750,112301482155503,112301484243384,2470,24.700000000,sine_f2,state,0,0.049624834,2016,0.058291270,2010,0.000000000,0,-0.053760000,16,-4.520000,40,0.049087385,2016,0.000000000,0,12.500,39,28654,0,1,
112301494210513,112301490006833,112301492166486,112301494210513,2471,24.710000000,sine_f2,state,0,0.048541020,2016,0.056757289,2011,0.000000000,0,-0.050400000,15,-9.379000,83,0.049087385,2016,0.000000000,0,12.400,39,28664,0,1,
112301504178504,112301500009779,112301502096924,112301504178504,2472,24.720000000,sine_f2,state,0,0.047409301,2017,0.053689328,2013,-0.023980824,1,-0.033600000,10,-11.300000,100,0.047553404,2017,0.000000000,0,12.500,39,28674,0,1,
112301514173291,112301510010003,112301512095096,112301514173291,2473,24.730000000,sine_f2,state,0,0.046230795,2018,0.049087385,2016,-0.047961648,2,-0.013440000,4,-11.639000,103,0.046019424,2018,0.000000000,0,12.600,39,28684,0,1,
112301524177664,112301520007005,112301522098451,112301524177664,2474,24.740000000,sine_f2,state,0,0.045006664,2019,0.044485443,2019,-0.119904120,5,-0.003360000,1,-10.848000,96,0.044485443,2019,0.000000000,0,12.600,39,28694,0,1,
112301534178245,112301530007119,112301532095304,112301534178245,2475,24.750000000,sine_f2,state,0,0.043738118,2019,0.039883500,2022,-0.167865767,7,-0.043680000,13,-2.147000,19,0.044485443,2019,0.000000000,0,12.500,39,28704,0,1,
112301544179375,112301540006826,112301542098068,112301544179375,2476,24.760000000,sine_f2,state,0,0.042426407,2020,0.036815539,2024,-0.239808239,10,-0.114240000,34,-0.226000,2,0.042951462,2020,0.000000000,0,12.500,39,28714,0,1,
112301554182489,112301550009560,112301552092744,112301554182489,2477,24.770000000,sine_f2,state,0,0.041072826,2021,0.036815539,2024,-0.287769887,12,0.033600000,-10,1.130000,-10,0.041417481,2021,0.000000000,0,12.500,39,28724,1,1,
112301564175635,112301560009580,112301562097573,112301564175635,2478,24.780000000,sine_f2,state,0,0.039678712,2022,0.036815539,2024,-0.287769887,12,0.030240000,-9,3.164000,-28,0.039883500,2022,0.000000000,0,12.500,39,28734,1,1,
112301574182521,112301570006437,112301572095346,112301574182521,2479,24.790000000,sine_f2,state,0,0.038245439,2023,0.036815539,2024,-0.287769887,12,0.020160000,-6,3.164000,-28,0.038349520,2023,0.000000000,0,12.500,39,28744,1,1,
112301584177057,112301580007921,112301582098603,112301584177057,2480,24.800000000,sine_f2,state,0,0.036774423,2024,0.036815539,2024,-0.239808239,10,0.013440000,-4,2.938000,-26,0.036815539,2024,0.000000000,0,12.500,39,28754,0,1,
112301594179423,112301590013595,112301592095947,112301594179423,2481,24.810000000,sine_f2,state,0,0.035267115,2025,0.038349520,2023,-0.167865767,7,-0.013440000,4,0.000000,0,0.035281558,2025,0.000000000,0,12.500,39,28764,0,1,
112301604174376,112301600007018,112301602098903,112301604174376,2482,24.820000000,sine_f2,state,0,0.033725003,2026,0.038349520,2023,-0.095923296,4,-0.016800000,5,-1.017000,9,0.033747577,2026,0.000000000,0,12.500,39,28774,0,1,
112301614178094,112301610006862,112301612096586,112301614178094,2483,24.830000000,sine_f2,state,0,0.032149608,2027,0.038349520,2023,-0.047961648,2,-0.023520000,7,-1.243000,11,0.032213597,2027,0.000000000,0,12.500,39,28784,0,1,
112301624187768,112301620009252,112301622095003,112301624187768,2484,24.840000000,sine_f2,state,0,0.030542485,2028,0.038349520,2023,-0.023980824,1,-0.030240000,9,-1.356000,12,0.030679616,2028,0.000000000,0,12.500,39,28794,0,1,
112301634172008,112301630007392,112301632094026,112301634172008,2485,24.850000000,sine_f2,state,0,0.028905220,2029,0.038349520,2023,0.000000000,0,-0.036960000,11,-1.808000,16,0.029145635,2029,0.000000000,0,12.500,39,28804,0,1,
112301644173247,112301640007065,112301642095239,112301644173247,2486,24.860000000,sine_f2,state,0,0.027239430,2030,0.038349520,2023,0.000000000,0,-0.047040000,14,-3.164000,28,0.027611654,2030,0.000000000,0,12.500,39,28814,0,1,
112301654174479,112301650006920,112301652094339,112301654174479,2487,24.870000000,sine_f2,state,0,0.025546757,2031,0.036815539,2024,0.000000000,0,-0.053760000,16,-7.119000,63,0.026077673,2031,0.000000000,0,12.500,39,28824,0,1,
112301664180164,112301660007024,112301662095059,112301664180164,2488,24.880000000,sine_f2,state,0,0.023828873,2032,0.035281558,2025,0.000000000,0,-0.050400000,15,-11.074000,98,0.024543693,2032,0.000000000,0,12.400,39,28834,0,1,
112301674186974,112301670009166,112301672096285,112301674186974,2489,24.890000000,sine_f2,state,0,0.022087473,2034,0.030679616,2028,-0.023980824,1,-0.043680000,13,-11.865000,105,0.021475731,2034,0.000000000,0,12.600,39,28844,0,1,
112301684185820,112301680007127,112301682099783,112301684185820,2490,24.900000000,sine_f2,state,0,0.020324275,2035,0.026077673,2031,-0.071942472,3,-0.023520000,7,-12.091000,107,0.019941750,2035,0.000000000,0,12.600,39,28854,0,1,
112301694180906,112301690009457,112301692096030,112301694180906,2491,24.910000000,sine_f2,state,0,0.018541020,2036,0.018407769,2036,-0.143884944,6,-0.003360000,1,-13.221000,117,0.018407769,2036,0.000000000,0,12.500,39,28864,0,1,
112301704176954,112301700006663,112301702096064,112301704176954,2492,24.920000000,sine_f2,state,0,0.016739466,2037,0.013805827,2039,-0.215827415,9,0.174720000,-52,-2.825000,25,0.016873789,2037,0.000000000,0,12.600,39,28874,0,1,
112301714179075,112301710006734,112301712097197,112301714179075,2493,24.930000000,sine_f2,state,0,0.014921393,2038,0.009203885,2042,-0.311750711,13,-0.003360000,1,-0.113000,1,0.015339808,2038,0.000000000,0,12.600,39,28884,1,1,
112301724185273,112301720006667,112301722093710,112301724185273,2494,24.940000000,sine_f2,state,0,0.013088594,2039,0.007669904,2043,-0.359712359,15,0.057120000,-17,0.113000,-1,0.013805827,2039,0.000000000,0,12.600,39,28894,1,1,
112301734166025,112301730008549,112301732096467,112301734166025,2495,24.950000000,sine_f2,state,0,0.011242879,2041,0.007669904,2043,-0.383693183,16,0.030240000,-9,2.938000,-26,0.010737866,2041,0.000000000,0,12.600,39,28904,1,1,
112301744174176,112301740007152,112301742091903,112301744174176,2496,24.960000000,sine_f2,state,0,0.009386068,2042,0.009203885,2042,-0.359712359,15,0.016800000,-5,3.164000,-28,0.009203885,2042,0.000000000,0,12.600,39,28914,1,1,
112301754176780,112301750007549,112301752095686,112301754176780,2497,24.970000000,sine_f2,state,0,0.007519994,2043,0.010737866,2041,-0.311750711,13,0.003360000,-1,2.034000,-18,0.007669904,2043,0.000000000,0,12.600,39,28924,1,1,
112301764169843,112301760007035,112301762096845,112301764169843,2498,24.980000000,sine_f2,state,0,0.005646499,2044,0.009203885,2042,-0.239808239,10,-0.006720000,2,-0.226000,2,0.006135923,2044,0.000000000,0,12.600,39,28934,0,1,
112301774114735,112301770007022,112301772096889,112301774114735,2499,24.990000000,sine_f2,hardware_error,0,0.003767431,2046,,,,,,,,,,,,,,,,,,0
112301784176662,112301780009097,112301782095835,112301784176662,2500,25.000000000,sine_f2,state,0,0.001884646,2047,0.009203885,2042,-0.071942472,3,-0.033600000,10,-1.243000,11,0.001533981,2047,0.000000000,0,12.600,39,28954,0,1,
112301794174221,112301790006613,112301792096415,112301794174221,2501,25.010000000,sine_f2,state,0,0.000000000,2048,0.009203885,2042,-0.047961648,2,-0.040320000,12,-1.582000,14,0.000000000,2048,0.000000000,0,12.500,39,28964,0,1,
112301804179905,112301800006817,112301802073832,112301804179905,2502,25.020000000,sine_f2,state,0,-0.001884646,2049,0.009203885,2042,-0.023980824,1,-0.047040000,14,-2.825000,25,-0.001533981,2049,0.000000000,0,12.500,39,28974,0,1,
112301814178423,112301810006792,112301812071848,112301814178423,2503,25.030000000,sine_f2,state,0,-0.003767431,2050,0.007669904,2043,0.000000000,0,-0.050400000,15,-6.102000,54,-0.003067962,2050,0.000000000,0,12.500,39,28984,0,1,
112301824154084,112301820006483,112301822074092,112301824154084,2504,25.040000000,sine_f2,state,0,-0.005646499,2052,0.006135923,2044,0.000000000,0,-0.050400000,15,-10.735000,95,-0.006135923,2052,0.000000000,0,12.400,39,28994,0,1,
112301834157956,112301830007040,112301832073542,112301834157956,2505,25.050000000,sine_f2,state,0,-0.007519994,2053,0.001533981,2047,-0.023980824,1,-0.047040000,14,-11.978000,106,-0.007669904,2053,0.000000000,0,12.600,39,29004,0,1,
112301844176092,112301840009090,112301842077824,112301844176092,2506,25.060000000,sine_f2,state,0,-0.009386068,2054,-0.004601942,2051,-0.071942472,3,-0.026880000,8,-12.204000,108,-0.009203885,2054,0.000000000,0,12.600,39,29014,0,1,
112301854174180,112301850006874,112301852076953,112301854174180,2507,25.070000000,sine_f2,state,0,-0.011242879,2055,-0.009203885,2054,-0.143884944,6,-0.006720000,2,-12.995000,115,-0.010737866,2055,0.000000000,0,12.500,39,29024,0,1,
112301864158715,112301860007769,112301862075729,112301864158715,2508,25.080000000,sine_f2,state,0,-0.013088594,2057,-0.016873789,2059,-0.239808239,10,0.090720000,-27,-6.893000,61,-0.013805827,2057,0.000000000,0,12.600,39,29034,0,1,
112301874161366,112301870007321,112301872075383,112301874161366,2509,25.090000000,sine_f2,state,0,-0.014921393,2058,-0.021475731,2062,-0.311750711,13,0.047040000,-14,0.000000,0,-0.015339808,2058,0.000000000,0,12.600,39,29044,1,1,
112301884168259,112301880010021,112301882079191,112301884168259,2510,25.100000000,sine_f2,state,0,-0.016739466,2059,-0.021475731,2062,-0.383693183,16,-0.013440000,4,0.339000,-3,-0.016873789,2059,0.000000000,0,12.600,39,29054,1,1,
112301894161218,112301890009129,112301892077525,112301894161218,2511,25.110000000,sine_f2,state,0,-0.018541020,2060,-0.021475731,2062,-0.407674007,17,0.023520000,-7,2.825000,-25,-0.018407769,2060,0.000000000,0,12.600,39,29064,1,1,
112301904161291,112301900006970,112301902075337,112301904161291,2512,25.120000000,sine_f2,state,0,-0.020324275,2061,-0.021475731,2062,-0.383693183,16,0.016800000,-5,3.051000,-27,-0.019941750,2061,0.000000000,0,12.600,39,29074,1,1,
112301914167106,112301910007014,112301912075998,112301914167106,2513,25.130000000,sine_f2,state,0,-0.022087473,2062,-0.019941750,2061,-0.335731535,14,0.003360000,-1,2.938000,-26,-0.021475731,2062,0.000000000,0,12.600,39,29084,1,1,
112301924165217,112301920006951,112301922074707,112301924165217,2514,25.140000000,sine_f2,state,0,-0.023828873,2064,-0.019941750,2061,-0.239808239,10,0.010080000,-3,-0.113000,1,-0.024543693,2064,0.000000000,0,12.500,39,29094,0,1,
112301934157228,112301930009969,112301932078613,112301934157228,2515,25.150000000,sine_f2,state,0,-0.025546757,2065,-0.019941750,2061,-0.143884944,6,-0.023520000,7,-1.356000,12,-0.026077673,2065,0.000000000,0,12.500,39,29104,0,1,
112301944149142,112301940006909,112301942076487,112301944149142,2516,25.160000000,sine_f2,state,0,-0.027239430,2066,-0.019941750,2061,-0.071942472,3,-0.030240000,9,-1.469000,13,-0.027611654,2066,0.000000000,0,12.500,39,29114,0,1,
112301954157795,112301950010021,112301952071590,112301954157795,2517,25.170000000,sine_f2,state,0,-0.028905220,2067,-0.019941750,2061,-0.023980824,1,-0.040320000,12,-1.921000,17,-0.029145635,2067,0.000000000,0,12.500,39,29124,0,1,
112301964157052,112301960007445,112301962073480,112301964157052,2518,25.180000000,sine_f2,state,0,-0.030542485,2068,-0.021475731,2062,0.000000000,0,-0.050400000,15,-4.520000,40,-0.030679616,2068,0.000000000,0,12.500,39,29134,0,1,
112301974175360,112301970006844,112301972074364,112301974175360,2519,25.190000000,sine_f2,state,0,-0.032149608,2069,-0.023009712,2063,0.000000000,0,-0.047040000,14,-8.475000,75,-0.032213597,2069,0.000000000,0,12.500,39,29144,0,1,
112301984151346,112301980008587,112301982076173,112301984151346,2520,25.200000000,sine_f2,state,0,-0.033725003,2070,-0.026077673,2065,0.000000000,0,-0.040320000,12,-11.187000,99,-0.033747577,2070,0.000000000,0,12.400,39,29154,0,1,
112301994161118,112301990008483,112301992074777,112301994161118,2521,25.210000000,sine_f2,state,0,-0.035267115,2071,-0.029145635,2067,-0.047961648,2,-0.026880000,8,-11.639000,103,-0.035281558,2071,0.000000000,0,12.500,39,29164,0,1,
112302004161597,112302000006824,112302002072938,112302004161597,2522,25.220000000,sine_f2,state,0,-0.036774423,2072,-0.035281558,2071,-0.095923296,4,-0.003360000,1,-11.526000,102,-0.036815539,2072,0.000000000,0,12.500,39,29174,0,1,
112302014147317,112302010015901,112302012079826,112302014147317,2523,25.230000000,sine_f2,state,0,-0.038245439,2073,-0.041417481,2075,-0.167865767,7,0.157920000,-47,-5.650000,50,-0.038349520,2073,0.000000000,0,12.500,39,29184,0,1,
112302024159526,112302020006909,112302022076159,112302024159526,2524,25.240000000,sine_f2,state,0,-0.039678712,2074,-0.044485443,2077,-0.239808239,10,0.080640000,-24,0.000000,0,-0.039883500,2074,0.000000000,0,12.500,38,29194,0,1,
112302034154637,112302030007159,112302032074500,112302034154637,2525,25.250000000,sine_f2,state,0,-0.041072826,2075,-0.046019424,2078,-0.311750711,13,0.016800000,-5,0.678000,-6,-0.041417481,2075,0.000000000,0,12.500,38,29204,1,1,
112302044146522,112302040007329,112302042076907,112302044146522,2526,25.260000000,sine_f2,state,0,-0.042426407,2076,-0.046019424,2078,-0.335731535,14,0.030240000,-9,2.938000,-26,-0.042951462,2076,0.000000000,0,12.500,38,29214,1,1,
112302054156521,112302050010328,112302052073576,112302054156521,2527,25.270000000,sine_f2,state,0,-0.043738118,2077,-0.044485443,2077,-0.311750711,13,0.013440000,-4,3.051000,-27,-0.044485443,2077,0.000000000,0,12.500,38,29224,1,1,
112302064158222,112302060006941,112302062072893,112302064158222,2528,25.280000000,sine_f2,state,0,-0.045006664,2077,-0.042951462,2076,-0.263789063,11,0.000000000,0,1.695000,-15,-0.044485443,2077,0.000000000,0,12.500,38,29234,1,1,
112302074161779,112302070007835,112302072075379,112302074161779,2529,25.290000000,sine_f2,state,0,-0.046230795,2078,-0.042951462,2076,-0.191846591,8,0.003360000,-1,0.113000,-1,-0.046019424,2078,0.000000000,0,12.500,38,29244,0,1,
112302084154651,112302080007309,112302082076102,112302084154651,2530,25.300000000,sine_f2,state,0,-0.047409301,2079,-0.042951462,2076,-0.119904120,5,-0.016800000,5,-1.017000,9,-0.047553404,2079,0.000000000,0,12.500,38,29254,0,1,
112302094180555,112302090010938,112302092075294,112302094180555,2531,25.310000000,sine_f2,state,0,-0.048541020,2080,-0.042951462,2076,-0.047961648,2,-0.020160000,6,-0.791000,7,-0.049087385,2080,0.000000000,0,12.500,38,29264,0,1,
112302104151297,112302100007091,112302102074438,112302104151297,2532,25.320000000,sine_f2,state,0,-0.049624834,2080,-0.044485443,2077,0.000000000,0,-0.030240000,9,-1.130000,10,-0.049087385,2080,0.000000000,0,12.500,38,29274,0,1,
112302114157135,112302110007099,112302112076466,112302114157135,2533,25.330000000,sine_f2,state,0,-0.050659676,2081,-0.042951462,2076,0.000000000,0,-0.030240000,9,-1.130000,10,-0.050621366,2081,0.000000000,0,12.500,38,29284,0,1,
112302124155940,112302120007045,112302122070903,112302124155940,2534,25.340000000,sine_f2,state,0,-0.051644522,2082,-0.044485443,2077,0.000000000,0,-0.040320000,12,-1.582000,14,-0.052155347,2082,0.000000000,0,12.500,38,29294,0,1,
112302134155080,112302130006570,112302132072407,112302134155080,2535,25.350000000,sine_f2,state,0,-0.052578401,2082,-0.044485443,2077,0.000000000,0,-0.050400000,15,-2.034000,18,-0.052155347,2082,0.000000000,0,12.500,38,29304,0,1,
112302144159219,112302140006658,112302142073899,112302144159219,2536,25.360000000,sine_f2,state,0,-0.053460391,2083,-0.044485443,2077,0.000000000,0,-0.036960000,11,-3.616000,32,-0.053689328,2083,0.000000000,0,12.500,38,29314,0,1,
112302154161401,112302150006685,112302152074420,112302154161401,2537,25.370000000,sine_f2,state,0,-0.054289623,2083,-0.046019424,2078,0.000000000,0,-0.030240000,9,-7.571000,67,-0.053689328,2083,0.000000000,0,12.500,38,29324,0,1,
112302164168575,112302160011252,112302162073819,112302164168575,2538,25.380000000,sine_f2,state,0,-0.055065278,2084,-0.047553404,2079,-0.023980824,1,-0.026880000,8,-10.622000,94,-0.055223308,2084,0.000000000,0,12.500,38,29334,0,1,
112302174156309,112302170006882,112302172077976,112302174156309,2539,25.390000000,sine_f2,state,0,-0.055786589,2084,-0.052155347,2082,-0.047961648,2,-0.016800000,5,-11.300000,100,-0.055223308,2084,0.000000000,0,12.500,38,29344,0,1,
112302184146148,112302180007123,112302182072702,112302184146148,2540,25.400000000,sine_f2,state,0,-0.056452846,2085,-0.058291270,2086,-0.095923296,4,-0.020160000,6,-6.893000,61,-0.056757289,2085,0.000000000,0,12.500,38,29354,0,1,
112302194158751,112302190007862,112302192075422,112302194158751,2541,25.410000000,sine_f2,state,0,-0.057063391,2085,-0.061359232,2088,-0.167865767,7,-0.030240000,9,0.226000,-2,-0.056757289,2085,0.000000000,0,12.500,38,29364,0,1,
112302204158731,112302200007335,112302202077396,112302204158731,2542,25.420000000,sine_f2,state,0,-0.057617621,2086,-0.062893212,2089,-0.215827415,9,0.000000000,0,0.113000,-1,-0.058291270,2086,0.000000000,0,12.500,38,29374,0,1,
112302214163332,112302210009539,112302212046809,112302214163332,2543,25.430000000,sine_f2,state,0,-0.058114990,2086,-0.062893212,2089,-0.239808239,10,0.026880000,-8,2.825000,-25,-0.058291270,2086,0.000000000,0,12.500,38,29384,0,1,
112302224157198,112302220010313,112302222055824,112302224157198,2544,25.440000000,sine_f2,state,0,-0.058555006,2086,-0.061359232,2088,-0.239808239,10,0.030240000,-9,3.277000,-29,-0.058291270,2086,0.000000000,0,12.500,38,29394,0,1,
112302234157305,112302230008026,112302232056719,112302234157305,2545,25.450000000,sine_f2,state,0,-0.058937235,2086,-0.061359232,2088,-0.215827415,9,0.023520000,-7,2.938000,-26,-0.058291270,2086,0.000000000,0,12.500,38,29404,0,1,
112302244153419,112302240007699,112302242069955,112302244153419,2546,25.460000000,sine_f2,state,0,-0.059261300,2087,-0.061359232,2088,-0.167865767,7,0.013440000,-4,3.164000,-28,-0.059825251,2087,0.000000000,0,12.500,38,29414,0,1,
112302254146596,112302250009620,112302252055357,112302254146596,2547,25.470000000,sine_f2,state,0,-0.059526882,2087,-0.059825251,2087,-0.095923296,4,0.000000000,0,1.469000,-13,-0.059825251,2087,0.000000000,0,12.500,38,29424,0,1,
112302264148002,112302260010223,112302262072188,112302264148002,2548,25.480000000,sine_f2,state,0,-0.059733718,2087,-0.059825251,2087,-0.047961648,2,0.000000000,0,0.565000,-5,-0.059825251,2087,0.000000000,0,12.500,38,29434,0,1,
112302274149688,112302270011092,112302272047082,112302274149688,2549,25.490000000,sine_f2,state,0,-0.059881604,2087,-0.059825251,2087,0.000000000,0,0.000000000,0,0.000000,0,-0.059825251,2087,0.000000000,0,12.500,38,29444,0,1,
112302284137360,112302280009676,112302282047995,112302284137360,2550,25.500000000,sine_f2,state,0,-0.059970394,2087,-0.059825251,2087,0.000000000,0,0.000000000,0,0.113000,-1,-0.059825251,2087,0.000000000,0,12.500,38,29454,0,1,
112302294138400,112302290011099,112302292053674,112302294138400,2551,25.510000000,sine_f2,state,0,-0.060000000,2087,-0.059825251,2087,0.000000000,0,0.000000000,0,0.000000,0,-0.059825251,2087,0.000000000,0,12.500,38,29464,0,1,
112302304121170,112302300010043,112302302046063,112302304121170,2552,25.520000000,sine_f2,state,0,-0.059970394,2087,-0.059825251,2087,0.000000000,0,0.003360000,-1,0.113000,-1,-0.059825251,2087,0.000000000,0,12.500,38,29474,0,1,
112302314127489,112302310010104,112302312053477,112302314127489,2553,25.530000000,sine_f2,state,0,-0.059881604,2087,-0.059825251,2087,0.000000000,0,0.000000000,0,0.000000,0,-0.059825251,2087,0.000000000,0,12.500,38,29484,0,1,
112302324132270,112302320009583,112302322052840,112302324132270,2554,25.540000000,sine_f2,state,0,-0.059733718,2087,-0.059825251,2087,0.000000000,0,0.000000000,0,0.113000,-1,-0.059825251,2087,0.000000000,0,12.500,38,29494,0,1,
112302334149330,112302330009767,112302332066589,112302334149330,2555,25.550000000,sine_f2,state,0,-0.059526882,2087,-0.059825251,2087,0.000000000,0,0.000000000,0,0.000000,0,-0.059825251,2087,0.000000000,0,12.500,38,29504,0,1,
112302344135163,112302340010184,112302342052917,112302344135163,2556,25.560000000,sine_f2,state,0,-0.059261300,2087,-0.059825251,2087,0.000000000,0,0.000000000,0,0.113000,-1,-0.059825251,2087,0.000000000,0,12.500,38,29514,0,1,
112302354150996,112302350009702,112302352064955,112302354150996,2557,25.570000000,sine_f2,state,0,-0.058937235,2086,-0.059825251,2087,0.000000000,0,0.000000000,0,0.000000,0,-0.058291270,2086,0.000000000,0,12.500,38,29524,0,1,
112302364154077,112302360010518,112302362069751,112302364154077,2558,25.580000000,sine_f2,state,0,-0.058555006,2086,-0.058291270,2086,0.000000000,0,0.006720000,-2,2.825000,-25,-0.058291270,2086,0.000000000,0,12.500,38,29534,0,1,
112302374157324,112302370009611,112302372046531,112302374157324,2559,25.590000000,sine_f2,state,0,-0.058114990,2086,-0.059825251,2087,0.000000000,0,0.006720000,-2,2.938000,-26,-0.058291270,2086,0.000000000,0,12.500,38,29544,0,1,
112302384136159,112302380009914,112302382051821,112302384136159,2560,25.600000000,sine_f2,state,0,-0.057617621,2086,-0.058291270,2086,0.000000000,0,0.003360000,-1,1.695000,-15,-0.058291270,2086,0.000000000,0,12.500,38,29554,0,1,
112302394139206,112302390009359,112302392057109,112302394139206,2561,25.610000000,sine_f2,state,0,-0.057063391,2085,-0.056757289,2085,0.000000000,0,0.000000000,0,0.113000,-1,-0.056757289,2085,0.000000000,0,12.500,38,29564,0,1,
112302404129323,112302400010903,112302402058079,112302404129323,2562,25.620000000,sine_f2,state,0,-0.056452846,2085,-0.056757289,2085,0.000000000,0,0.003360000,-1,1.582000,-14,-0.056757289,2085,0.000000000,0,12.500,38,29574,0,1,
112302414130374,112302410010117,112302412053421,112302414130374,2563,25.630000000,sine_f2,state,0,-0.055786589,2084,-0.056757289,2085,0.000000000,0,0.000000000,0,1.808000,-16,-0.055223308,2084,0.000000000,0,12.500,38,29584,0,1,
112302424126986,112302420010169,112302422056442,112302424126986,2564,25.640000000,sine_f2,state,0,-0.055065278,2084,-0.056757289,2085,0.023980824,-1,0.006720000,-2,2.938000,-26,-0.055223308,2084,0.000000000,0,12.500,38,29594,0,1,
112302434127962,112302430009139,112302432052522,112302434127962,2565,25.650000000,sine_f2,state,0,-0.054289623,2083,-0.056757289,2085,0.023980824,-1,0.003360000,-1,2.938000,-26,-0.053689328,2083,0.000000000,0,12.500,38,29604,0,1,
112302444170625,112302440009564,112302442069958,112302444170625,2566,25.660000000,sine_f2,state,0,-0.053460391,2083,-0.055223308,2084,0.023980824,-1,0.010080000,-3,2.938000,-26,-0.053689328,2083,0.000000000,0,12.400,38,29614,0,1,
112302454150623,112302450010356,112302452068157,112302454150623,2567,25.670000000,sine_f2,state,0,-0.052578401,2082,-0.053689328,2083,0.023980824,-1,0.006720000,-2,2.486000,-22,-0.052155347,2082,0.000000000,0,12.500,38,29624,0,1,
112302464147968,112302460010223,112302462073947,112302464147968,2568,25.680000000,sine_f2,state,0,-0.051644522,2082,-0.053689328,2083,0.047961648,-2,0.006720000,-2,2.938000,-26,-0.052155347,2082,0.000000000,0,12.500,38,29634,0,1,
112302474144212,112302470009848,112302472055136,112302474144212,2569,25.690000000,sine_f2,state,0,-0.050659676,2081,-0.052155347,2082,0.047961648,-2,0.000000000,0,1.695000,-15,-0.050621366,2081,0.000000000,0,12.500,38,29644,0,1,
112302484161022,112302480009259,112302482048842,112302484161022,2570,25.700000000,sine_f2,state,0,-0.049624834,2080,-0.052155347,2082,0.047961648,-2,0.010080000,-3,3.277000,-29,-0.049087385,2080,0.000000000,0,12.500,38,29654,0,1,
112302494137041,112302490010662,112302492047324,112302494137041,2571,25.710000000,sine_f2,state,0,-0.048541020,2080,-0.050621366,2081,0.071942472,-3,0.010080000,-3,2.712000,-24,-0.049087385,2080,0.000000000,0,12.500,38,29664,0,1,
112302504139632,112302500011077,112302502052395,112302504139632,2572,25.720000000,sine_f2,state,0,-0.047409301,2079,-0.050621366,2081,0.071942472,-3,0.006720000,-2,3.051000,-27,-0.047553404,2079,0.000000000,0,12.500,38,29674,0,1,
112302514130738,112302510009798,112302512054832,112302514130738,2573,25.730000000,sine_f2,state,0,-0.046230795,2078,-0.049087385,2080,0.071942472,-3,0.006720000,-2,3.051000,-27,-0.046019424,2078,0.000000000,0,12.500,38,29684,0,1,
112302524134506,112302520009417,112302522046853,112302524134506,2574,25.740000000,sine_f2,state,0,-0.045006664,2077,-0.049087385,2080,0.071942472,-3,0.013440000,-4,3.051000,-27,-0.044485443,2077,0.000000000,0,12.500,38,29694,0,1,
112302534135807,112302530009772,112302532057093,112302534135807,2575,25.750000000,sine_f2,state,0,-0.043738118,2077,-0.047553404,2079,0.071942472,-3,0.020160000,-6,2.938000,-26,-0.044485443,2077,0.000000000,0,12.500,38,29704,0,1,
112302544142330,112302540009147,112302542065296,112302544142330,2576,25.760000000,sine_f2,state,0,-0.042426407,2076,-0.046019424,2078,0.071942472,-3,0.010080000,-3,3.164000,-28,-0.042951462,2076,0.000000000,0,12.500,38,29714,0,1,
112302554144081,112302550009772,112302552058360,112302554144081,2577,25.770000000,sine_f2,state,0,-0.041072826,2075,-0.044485443,2077,0.071942472,-3,0.020160000,-6,2.486000,-22,-0.041417481,2075,0.000000000,0,12.500,38,29724,0,1,
112302564150344,112302560009806,112302562070610,112302564150344,2578,25.780000000,sine_f2,state,0,-0.039678712,2074,-0.042951462,2076,0.071942472,-3,0.020160000,-6,2.712000,-24,-0.039883500,2074,0.000000000,0,12.500,38,29734,0,1,
112302574151241,112302570010006,112302572064068,112302574151241,2579,25.790000000,sine_f2,state,0,-0.038245439,2073,-0.042951462,2076,0.095923296,-4,0.016800000,-5,3.164000,-28,-0.038349520,2073,0.000000000,0,12.500,38,29744,0,1,
112302584148580,112302580010637,112302582052790,112302584148580,2580,25.800000000,sine_f2,state,0,-0.036774423,2072,-0.041417481,2075,0.095923296,-4,0.026880000,-8,2.147000,-19,-0.036815539,2072,0.000000000,0,12.500,38,29754,0,1,
112302594139364,112302590011562,112302592065629,112302594139364,2581,25.810000000,sine_f2,state,0,-0.035267115,2071,-0.041417481,2075,0.095923296,-4,0.026880000,-8,3.051000,-27,-0.035281558,2071,0.000000000,0,12.500,38,29764,0,1,
112302604118183,112302600011086,112302602053157,112302604118183,2582,25.820000000,sine_f2,state,0,-0.033725003,2070,-0.039883500,2074,0.095923296,-4,0.026880000,-8,3.277000,-29,-0.033747577,2070,0.000000000,0,12.500,38,29774,0,1,
112302614133560,112302610013597,112302612063571,112302614133560,2583,25.830000000,sine_f2,state,0,-0.032149608,2069,-0.039883500,2074,0.095923296,-4,0.036960000,-11,2.938000,-26,-0.032213597,2069,0.000000000,0,12.500,38,29784,0,1,
112302624127183,112302620010452,112302622054784,112302624127183,2584,25.840000000,sine_f2,state,0,-0.030542485,2068,-0.038349520,2073,0.095923296,-4,0.040320000,-12,2.938000,-26,-0.030679616,2068,0.000000000,0,12.500,38,29794,0,1,
112302634136558,112302630010233,112302632060243,112302634136558,2585,25.850000000,sine_f2,state,0,-0.028905220,2067,-0.038349520,2073,0.095923296,-4,0.036960000,-11,3.051000,-27,-0.029145635,2067,0.000000000,0,12.500,38,29804,0,1,
112302644132772,112302640006452,112302642038573,112302644132772,2586,25.860000000,sine_f2,state,0,-0.027239430,2066,-0.035281558,2071,0.095923296,-4,0.043680000,-13,3.051000,-27,-0.027611654,2066,0.000000000,0,12.500,38,29814,0,1,
112302654131594,112302650006498,112302652067198,112302654131594,2587,25.870000000,sine_f2,state,0,-0.025546757,2065,-0.033747577,2070,0.095923296,-4,0.047040000,-14,3.277000,-29,-0.026077673,2065,0.000000000,0,12.500,38,29824,0,1,
112302664126073,112302660007180,112302662041395,112302664126073,2588,25.880000000,sine_f2,state,0,-0.023828873,2064,-0.033747577,2070,0.095923296,-4,0.047040000,-14,3.164000,-28,-0.024543693,2064,0.000000000,0,12.500,38,29834,0,1,
112302674126610,112302670006870,112302672043599,112302674126610,2589,25.890000000,sine_f2,state,0,-0.022087473,2062,-0.032213597,2069,0.095923296,-4,0.047040000,-14,3.164000,-28,-0.021475731,2062,0.000000000,0,12.500,38,29844,0,1,
112302684132984,112302680006833,112302682039670,112302684132984,2590,25.900000000,sine_f2,state,0,-0.020324275,2061,-0.030679616,2068,0.095923296,-4,0.053760000,-16,3.051000,-27,-0.019941750,2061,0.000000000,0,12.500,38,29854,0,1,
112302694127056,112302690006884,112302692037797,112302694127056,2591,25.910000000,sine_f2,state,0,-0.018541020,2060,-0.030679616,2068,0.095923296,-4,0.057120000,-17,3.051000,-27,-0.018407769,2060,0.000000000,0,12.500,38,29864,0,1,
112302704127587,112302700006693,112302702037408,112302704127587,2592,25.920000000,sine_f2,state,0,-0.016739466,2059,-0.029145635,2067,0.095923296,-4,0.063840000,-19,3.277000,-29,-0.016873789,2059,0.000000000,0,12.500,38,29874,0,1,
112302714128376,112302710008659,112302712040321,112302714128376,2593,25.930000000,sine_f2,state,0,-0.014921393,2058,-0.027611654,2066,0.095923296,-4,0.067200000,-20,2.825000,-25,-0.015339808,2058,0.000000000,0,12.500,38,29884,0,1,
112302724129191,112302720006703,112302722040630,112302724129191,2594,25.940000000,sine_f2,state,0,-0.013088594,2057,-0.026077673,2065,0.095923296,-4,0.063840000,-19,3.164000,-28,-0.013805827,2057,0.000000000,0,12.500,38,29894,0,1,
112302734141162,112302730006502,112302732039149,112302734141162,2595,25.950000000,sine_f2,state,0,-0.011242879,2055,-0.024543693,2064,0.095923296,-4,0.067200000,-20,3.164000,-28,-0.010737866,2055,0.000000000,0,12.500,38,29904,0,1,
112302744125988,112302740007368,112302742037985,112302744125988,2596,25.960000000,sine_f2,state,0,-0.009386068,2054,-0.023009712,2063,0.095923296,-4,0.077280000,-23,8.362000,-74,-0.009203885,2054,0.000000000,0,12.600,38,29914,0,1,
112302754130415,112302750007054,112302752040712,112302754130415,2597,25.970000000,sine_f2,state,0,-0.007519994,2053,-0.019941750,2061,0.119904120,-5,0.070560000,-21,4.294000,-38,-0.007669904,2053,0.000000000,0,12.600,38,29924,0,1,
112302764131310,112302760007201,112302762043998,112302764131310,2598,25.980000000,sine_f2,state,0,-0.005646499,2052,-0.018407769,2060,0.119904120,-5,0.063840000,-19,4.746000,-42,-0.006135923,2052,0.000000000,0,12.600,38,29934,0,1,
112302774059831,112302770007126,112302772039855,112302774059831,2599,25.990000000,sine_f2,hardware_error,0,-0.003767431,2050,,,,,,,,,,,,,,,,,,0
112302784128916,112302780006510,112302782051626,112302784128916,2600,26.000000000,sine_f2,state,0,-0.001884646,2049,-0.013805827,2057,0.167865767,-7,0.063840000,-19,4.972000,-44,-0.001533981,2049,0.000000000,0,12.600,38,29954,0,1,
112302794126203,112302790007158,112302792042184,112302794126203,2601,26.010000000,sine_f2,state,0,-0.000000000,2048,-0.010737866,2055,0.191846591,-8,0.067200000,-20,4.633000,-41,0.000000000,2048,0.000000000,0,12.600,38,29964,0,1,
112302804128654,112302800007233,112302802038390,112302804128654,2602,26.020000000,sine_f2,state,0,0.001884646,2047,-0.009203885,2054,0.191846591,-8,0.060480000,-18,4.859000,-43,0.001533981,2047,0.000000000,0,12.500,38,29974,0,1,
112302814124097,112302810009435,112302812041580,112302814124097,2603,26.030000000,sine_f2,state,0,0.003767431,2046,-0.007669904,2053,0.215827415,-9,0.057120000,-17,4.746000,-42,0.003067962,2046,0.000000000,0,12.500,38,29984,0,1,
112302824121222,112302820006722,112302822035897,112302824121222,2604,26.040000000,sine_f2,state,0,0.005646499,2044,-0.004601942,2051,0.215827415,-9,0.063840000,-19,4.972000,-44,0.006135923,2044,0.000000000,0,12.500,38,29994,0,1,
112302834128547,112302830006362,112302832042863,112302834128547,2605,26.050000000,sine_f2,state,0,0.007519994,2043,-0.003067962,2050,0.191846591,-8,0.063840000,-19,5.085000,-45,0.007669904,2043,0.000000000,0,12.500,38,30004,0,1,
112302844123112,112302840006523,112302842044321,112302844123112,2606,26.060000000,sine_f2,state,0,0.009386068,2042,-0.001533981,2049,0.191846591,-8,0.063840000,-19,4.746000,-42,0.009203885,2042,0.000000000,0,12.500,38,30014,0,1,
112302854125623,112302850006411,112302852037029,112302854125623,2607,26.070000000,sine_f2,state,0,0.011242879,2041,0.001533981,2047,0.191846591,-8,0.050400000,-15,4.633000,-41,0.010737866,2041,0.000000000,0,12.500,38,30024,0,1,
112302864129258,112302860010242,112302862041339,112302864129258,2608,26.080000000,sine_f2,state,0,0.013088594,2039,0.003067962,2046,0.191846591,-8,0.053760000,-16,4.972000,-44,0.013805827,2039,0.000000000,0,12.500,38,30034,0,1,
112302874128479,112302870006776,112302872043421,112302874128479,2609,26.090000000,sine_f2,state,0,0.014921393,2038,0.004601942,2045,0.191846591,-8,0.057120000,-17,4.859000,-43,0.015339808,2038,0.000000000,0,12.500,38,30044,0,1,
112302884122192,112302880006971,112302882040792,112302884122192,2610,26.100000000,sine_f2,state,0,0.016739466,2037,0.006135923,2044,0.191846591,-8,0.057120000,-17,4.859000,-43,0.016873789,2037,0.000000000,0,12.500,38,30054,0,1,
112302894121653,112302890006743,112302892039881,112302894121653,2611,26.110000000,sine_f2,state,0,0.018541020,2036,0.009203885,2042,0.191846591,-8,0.047040000,-14,4.746000,-42,0.018407769,2036,0.000000000,0,12.500,38,30064,0,1,
112302904127326,112302900006549,112302902032854,112302904127326,2612,26.120000000,sine_f2,state,0,0.020324275,2035,0.012271846,2040,0.191846591,-8,0.043680000,-13,4.633000,-41,0.019941750,2035,0.000000000,0,12.500,38,30074,0,1,
112302914121281,112302910006865,112302912036255,112302914121281,2613,26.130000000,sine_f2,state,0,0.022087473,2034,0.013805827,2039,0.191846591,-8,0.036960000,-11,4.746000,-42,0.021475731,2034,0.000000000,0,12.500,38,30084,0,1,
112302924134493,112302920008674,112302922044249,112302924134493,2614,26.140000000,sine_f2,state,0,0.023828873,2032,0.015339808,2038,0.191846591,-8,0.043680000,-13,4.859000,-43,0.024543693,2032,0.000000000,0,12.500,38,30094,0,1,
112302934119309,112302930006489,112302932037263,112302934119309,2615,26.150000000,sine_f2,state,0,0.025546757,2031,0.018407769,2036,0.191846591,-8,0.043680000,-13,4.520000,-40,0.026077673,2031,0.000000000,0,12.500,38,30104,0,1,
112302944121267,112302940007023,112302942044747,112302944121267,2616,26.160000000,sine_f2,state,0,0.027239430,2030,0.019941750,2035,0.191846591,-8,0.036960000,-11,4.633000,-41,0.027611654,2030,0.000000000,0,12.500,38,30114,0,1,
112302954131557,112302950007351,112302952038715,112302954131557,2617,26.170000000,sine_f2,state,0,0.028905220,2029,0.021475731,2034,0.191846591,-8,0.030240000,-9,4.633000,-41,0.029145635,2029,0.000000000,0,12.500,38,30124,0,1,
112302964130043,112302960006411,112302962036414,112302964130043,2618,26.180000000,sine_f2,state,0,0.030542485,2028,0.024543693,2032,0.191846591,-8,0.033600000,-10,4.407000,-39,0.030679616,2028,0.000000000,0,12.500,38,30134,0,1,
112302974126721,112302970006254,112302972041754,112302974126721,2619,26.190000000,sine_f2,state,0,0.032149608,2027,0.026077673,2031,0.191846591,-8,0.036960000,-11,4.294000,-38,0.032213597,2027,0.000000000,0,12.500,38,30144,0,1,
112302984128072,112302980006463,112302982058390,112302984128072,2620,26.200000000,sine_f2,state,0,0.033725003,2026,0.027611654,2030,0.191846591,-8,0.030240000,-9,4.520000,-40,0.033747577,2026,0.000000000,0,12.500,38,30154,0,1,
112302994126913,112302990006404,112302992041430,112302994126913,2621,26.210000000,sine_f2,state,0,0.035267115,2025,0.030679616,2028,0.191846591,-8,0.030240000,-9,4.407000,-39,0.035281558,2025,0.000000000,0,12.500,38,30164,0,1,
112303004125207,112303000006967,112303002038013,112303004125207,2622,26.220000000,sine_f2,state,0,0.036774423,2024,0.032213597,2027,0.191846591,-8,0.023520000,-7,4.407000,-39,0.036815539,2024,0.000000000,0,12.500,38,30174,0,1,
112303014109633,112303010013396,112303012044869,112303014109633,2623,26.230000000,sine_f2,state,0,0.038245439,2023,0.033747577,2026,0.191846591,-8,0.023520000,-7,4.520000,-40,0.038349520,2023,0.000000000,0,12.500,38,30184,0,1,
112303024126788,112303020007569,112303022034309,112303024126788,2624,26.240000000,sine_f2,state,0,0.039678712,2022,0.036815539,2024,0.191846591,-8,0.013440000,-4,4.746000,-42,0.039883500,2022,0.000000000,0,12.500,38,30194,0,1,
112303034126384,112303030008757,112303032043814,112303034126384,2625,26.250000000,sine_f2,state,0,0.041072826,2021,0.036815539,2024,0.191846591,-8,0.013440000,-4,4.407000,-39,0.041417481,2021,0.000000000,0,12.500,38,30204,0,1,
112303044116770,112303040009067,112303042035489,112303044116770,2626,26.260000000,sine_f2,state,0,0.042426407,2020,0.039883500,2022,0.191846591,-8,0.013440000,-4,4.407000,-39,0.042951462,2020,0.000000000,0,12.500,38,30214,0,1,
112303054123970,112303050006332,112303052023606,112303054123970,2627,26.270000000,sine_f2,state,0,0.043738118,2019,0.041417481,2021,0.191846591,-8,0.013440000,-4,4.407000,-39,0.044485443,2019,0.000000000,0,12.500,38,30224,0,1,
112303064116804,112303060006524,112303062039096,112303064116804,2628,26.280000000,sine_f2,state,0,0.045006664,2019,0.042951462,2020,0.191846591,-8,0.003360000,-1,4.294000,-38,0.044485443,2019,0.000000000,0,12.500,38,30234,0,1,
112303074131939,112303070006524,112303072036965,112303074131939,2629,26.290000000,sine_f2,state,0,0.046230795,2018,0.044485443,2019,0.167865767,-7,0.000000000,0,0.339000,-3,0.046019424,2018,0.000000000,0,12.500,38,30244,0,1,
112303084122649,112303080006773,112303082043002,112303084122649,2630,26.300000000,sine_f2,state,0,0.047409301,2017,0.046019424,2018,0.167865767,-7,0.003360000,-1,2.938000,-26,0.047553404,2017,0.000000000,0,12.500,38,30254,0,1,
112303094111794,112303090011006,112303092024906,112303094111794,2631,26.310000000,sine_f2,state,0,0.048541020,2016,0.046019424,2018,0.143884944,-6,0.016800000,-5,3.164000,-28,0.049087385,2016,0.000000000,0,12.500,38,30264,0,1,
112303104119621,112303100007113,112303102022360,112303104119621,2632,26.320000000,sine_f2,state,0,0.049624834,2016,0.047553404,2017,0.143884944,-6,0.010080000,-3,2.825000,-25,0.049087385,2016,0.000000000,0,12.500,38,30274,0,1,
112303114110004,112303110006791,112303112013910,112303114110004,2633,26.330000000,sine_f2,state,0,0.050659676,2015,0.047553404,2017,0.119904120,-5,0.010080000,-3,3.164000,-28,0.050621366,2015,0.000000000,0,12.500,38,30284,0,1,
112303124112504,112303120007004,112303122016154,112303124112504,2634,26.340000000,sine_f2,state,0,0.051644522,2014,0.049087385,2016,0.119904120,-5,0.010080000,-3,3.051000,-27,0.052155347,2014,0.000000000,0,12.500,38,30294,0,1,
112303134105017,112303130009170,112303132017902,112303134105017,2635,26.350000000,sine_f2,state,0,0.052578401,2014,0.050621366,2015,0.095923296,-4,0.013440000,-4,2.938000,-26,0.052155347,2014,0.000000000,0,12.500,38,30304,0,1,
112303144103041,112303140006394,112303142019968,112303144103041,2636,26.360000000,sine_f2,state,0,0.053460391,2013,0.050621366,2015,0.095923296,-4,0.013440000,-4,3.051000,-27,0.053689328,2013,0.000000000,0,12.500,38,30314,0,1,
112303154101335,112303150006696,112303152024411,112303154101335,2637,26.370000000,sine_f2,state,0,0.054289623,2013,0.052155347,2014,0.095923296,-4,0.013440000,-4,2.599000,-23,0.053689328,2013,0.000000000,0,12.500,38,30324,0,1,
112303164105744,112303160006592,112303162018247,112303164105744,2638,26.380000000,sine_f2,state,0,0.055065278,2012,0.052155347,2014,0.095923296,-4,0.006720000,-2,3.051000,-27,0.055223308,2012,0.000000000,0,12.500,38,30334,0,1,
112303174118921,112303170008268,112303172027746,112303174118921,2639,26.390000000,sine_f2,state,0,0.055786589,2012,0.053689328,2013,0.095923296,-4,0.010080000,-3,2.938000,-26,0.055223308,2012,0.000000000,0,12.500,38,30344,0,1,
112303184103771,112303180006740,112303182016540,112303184103771,2640,26.400000000,sine_f2,state,0,0.056452846,2011,0.055223308,2012,0.095923296,-4,0.003360000,-1,2.147000,-19,0.056757289,2011,0.000000000,0,12.500,38,30354,0,1,
112303194108197,112303190011447,112303192023780,112303194108197,2641,26.410000000,sine_f2,state,0,0.057063391,2011,0.056757289,2011,0.095923296,-4,0.006720000,-2,2.938000,-26,0.056757289,2011,0.000000000,0,12.500,38,30364,0,1,
112303204104282,112303200006898,112303202024847,112303204104282,2642,26.420000000,sine_f2,state,0,0.057617621,2010,0.056757289,2011,0.095923296,-4,0.003360000,-1,1.469000,-13,0.058291270,2010,0.000000000,0,12.500,38,30374,0,1,
112303214177197,112303210006636,112303212091227,112303214177197,2643,26.430000000,sine_f2,state,0,0.058114990,2010,0.058291270,2010,0.095923296,-4,0.003360000,-1,2.373000,-21,0.058291270,2010,0.000000000,0,12.500,38,30384,0,1,
112303224158074,112303220007998,112303222078792,112303224158074,2644,26.440000000,sine_f2,state,0,0.058555006,2010,0.058291270,2010,0.095923296,-4,0.000000000,0,1.017000,-9,0.058291270,2010,0.000000000,0,12.500,38,30394,0,1,
112303234127718,112303230059476,112303232091194,112303234127718,2645,26.450000000,sine_f2,state,0,0.058937235,2010,0.058291270,2010,0.071942472,-3,0.000000000,0,0.226000,-2,0.058291270,2010,0.000000000,0,12.500,38,30404,0,1,
112303244177148,112303240007142,112303242074399,112303244177148,2646,26.460000000,sine_f2,state,0,0.059261300,2009,0.058291270,2010,0.071942472,-3,0.000000000,0,0.339000,-3,0.059825251,2009,0.000000000,0,12.500,38,30414,0,1,
112303254155744,112303250006269,112303252080238,112303254155744,2647,26.470000000,sine_f2,state,0,0.059526882,2009,0.058291270,2010,0.047961648,-2,0.006720000,-2,2.147000,-19,0.059825251,2009,0.000000000,0,12.500,38,30424,0,1,
112303264173222,112303260006733,112303262080250,112303264173222,2648,26.480000000,sine_f2,state,0,0.059733718,2009,0.058291270,2010,0.047961648,-2,0.006720000,-2,2.938000,-26,0.059825251,2009,0.000000000,0,12.500,38,30434,0,1,
112303274174518,112303270009012,112303272078147,112303274174518,2649,26.490000000,sine_f2,state,0,0.059881604,2009,0.059825251,2009,0.023980824,-1,0.003360000,-1,2.825000,-25,0.059825251,2009,0.000000000,0,12.500,38,30444,0,1,
112303284174850,112303280006566,112303282081178,112303284174850,2650,26.500000000,sine_f2,state,0,0.059970394,2009,0.059825251,2009,0.023980824,-1,0.000000000,0,1.582000,-14,0.059825251,2009,0.000000000,0,12.500,38,30454,0,1,
112303294199697,112303290006378,112303292093574,112303294199697,2651,26.510000000,sine_f2,state,0,0.060000000,2009,0.061359232,2008,0.023980824,-1,0.000000000,0,0.000000,0,0.059825251,2009,0.000000000,0,12.500,38,30464,0,1,
112303304158579,112303300006530,112303302077610,112303304158579,2652,26.520000000,sine_f2,state,0,0.059970394,2009,0.059825251,2009,0.023980824,-1,0.000000000,0,-0.113000,1,0.059825251,2009,0.000000000,0,12.500,38,30474,0,1,
112303314176019,112303310009438,112303312081826,112303314176019,2653,26.530000000,sine_f2,state,0,0.059881604,2009,0.061359232,2008,0.023980824,-1,0.000000000,0,0.000000,0,0.059825251,2009,0.000000000,0,12.500,38,30484,0,1,
112303324172352,112303320006689,112303322077321,112303324172352,2654,26.540000000,sine_f2,state,0,0.059733718,2009,0.061359232,2008,0.023980824,-1,0.000000000,0,0.000000,0,0.059825251,2009,0.000000000,0,12.500,38,30494,0,1,
112303334176033,112303330006710,112303332088857,112303334176033,2655,26.550000000,sine_f2,state,0,0.059526882,2009,0.061359232,2008,0.023980824,-1,-0.006720000,2,0.000000,0,0.059825251,2009,0.000000000,0,12.500,38,30504,0,1,
112303344161277,112303340008857,112303342084821,112303344161277,2656,26.560000000,sine_f2,state,0,0.059261300,2009,0.059825251,2009,0.023980824,-1,-0.003360000,1,-0.226000,2,0.059825251,2009,0.000000000,0,12.500,38,30514,0,1,
112303354159438,112303350005958,112303352081311,112303354159438,2657,26.570000000,sine_f2,state,0,0.058937235,2010,0.059825251,2009,0.000000000,0,-0.003360000,1,-0.226000,2,0.058291270,2010,0.000000000,0,12.500,38,30524,0,1,
112303364171539,112303360006337,112303362075330,112303364171539,2658,26.580000000,sine_f2,state,0,0.058555006,2010,0.061359232,2008,0.000000000,0,-0.013440000,4,-1.017000,9,0.058291270,2010,0.000000000,0,12.500,38,30534,0,1,
112303374164776,112303370006324,112303372075107,112303374164776,2659,26.590000000,sine_f2,state,0,0.058114990,2010,0.061359232,2008,0.000000000,0,-0.013440000,4,-1.017000,9,0.058291270,2010,0.000000000,0,12.500,38,30544,0,1,
112303384168121,112303380006764,112303382079518,112303384168121,2660,26.600000000,sine_f2,state,0,0.057617621,2010,0.059825251,2009,0.000000000,0,-0.016800000,5,-0.904000,8,0.058291270,2010,0.000000000,0,12.500,38,30554,0,1,
112303394168959,112303390006956,112303392093305,112303394168959,2661,26.610000000,sine_f2,state,0,0.057063391,2011,0.061359232,2008,0.000000000,0,-0.013440000,4,-1.130000,10,0.056757289,2011,0.000000000,0,12.500,38,30564,0,1,
112303404154625,112303400006956,112303402084594,112303404154625,2662,26.620000000,sine_f2,state,0,0.056452846,2011,0.061359232,2008,0.000000000,0,-0.023520000,7,-1.356000,12,0.056757289,2011,0.000000000,0,12.500,38,30574,0,1,
112303414172169,112303410006554,112303412085536,112303414172169,2663,26.630000000,sine_f2,state,0,0.055786589,2012,0.061359232,2008,0.000000000,0,-0.023520000,7,-1.469000,13,0.055223308,2012,0.000000000,0,12.500,38,30584,0,1,
112303424163372,112303420006469,112303422038368,112303424163372,2664,26.640000000,sine_f2,state,0,0.055065278,2012,0.061359232,2008,0.000000000,0,-0.030240000,9,-1.695000,15,0.055223308,2012,0.000000000,0,12.500,38,30594,0,1,
112303434163759,112303430007612,112303432088709,112303434163759,2665,26.650000000,sine_f2,state,0,0.054289623,2013,0.059825251,2009,0.000000000,0,-0.036960000,11,-1.582000,14,0.053689328,2013,0.000000000,0,12.500,38,30604,0,1,
112303444164948,112303440009577,112303442076783,112303444164948,2666,26.660000000,sine_f2,state,0,0.053460391,2013,0.059825251,2009,0.000000000,0,-0.043680000,13,-1.582000,14,0.053689328,2013,0.000000000,0,12.500,38,30614,0,1,
112303454175787,112303450006236,112303452082216,112303454175787,2667,26.670000000,sine_f2,state,0,0.052578401,2014,0.059825251,2009,0.000000000,0,-0.033600000,10,-1.808000,16,0.052155347,2014,0.000000000,0,12.500,38,30624,0,1,
112303464156516,112303460006638,112303462065865,112303464156516,2668,26.680000000,sine_f2,state,0,0.051644522,2014,0.059825251,2009,0.000000000,0,-0.040320000,12,-3.051000,27,0.052155347,2014,0.000000000,0,12.500,38,30634,0,1,
112303474158393,112303470006334,112303472027581,112303474158393,2669,26.690000000,sine_f2,state,0,0.050659676,2015,0.058291270,2010,0.000000000,0,-0.040320000,12,-4.520000,40,0.050621366,2015,0.000000000,0,12.500,38,30644,0,1,
112303484169172,112303480006335,112303482063694,112303484169172,2670,26.700000000,sine_f2,state,0,0.049624834,2016,0.058291270,2010,-0.023980824,1,-0.043680000,13,-9.040000,80,0.049087385,2016,0.000000000,0,12.500,38,30654,0,1,
112303494166060,112303490006452,112303492074459,112303494166060,2671,26.710000000,sine_f2,state,0,0.048541020,2016,0.053689328,2013,-0.023980824,1,-0.030240000,9,-11.074000,98,0.049087385,2016,0.000000000,0,12.500,38,30664,0,1,
112303504091861,112303500010107,112303501993075,112303504091861,2672,26.720000000,sine_f2,state,0,0.047409301,2017,0.050621366,2015,-0.071942472,3,-0.010080000,3,-11.526000,102,0.047553404,2017,0.000000000,0,12.500,38,30674,0,1,
112303514071351,112303510006859,112303511989099,112303514071351,2673,26.730000000,sine_f2,state,0,0.046230795,2018,0.044485443,2019,-0.119904120,5,-0.013440000,4,-8.136000,72,0.046019424,2018,0.000000000,0,12.400,38,30684,0,1,
112303524153083,112303520006643,112303521982037,112303524153083,2674,26.740000000,sine_f2,state,0,0.045006664,2019,0.041417481,2021,-0.167865767,7,0.013440000,-4,0.000000,0,0.044485443,2019,0.000000000,0,12.500,38,30694,0,1,
112303534132818,112303530009284,112303532073627,112303534132818,2675,26.750000000,sine_f2,state,0,0.043738118,2019,0.039883500,2022,-0.215827415,9,0.040320000,-12,0.113000,-1,0.044485443,2019,0.000000000,0,12.500,38,30704,0,1,
112303544155036,112303540008912,112303542070067,112303544155036,2676,26.760000000,sine_f2,state,0,0.042426407,2020,0.039883500,2022,-0.239808239,10,0.016800000,-5,2.599000,-23,0.042951462,2020,0.000000000,0,12.500,38,30714,0,1,
112303554154091,112303550006078,112303552070900,112303554154091,2677,26.770000000,sine_f2,state,0,0.041072826,2021,0.041417481,2021,-0.263789063,11,0.006720000,-2,2.938000,-26,0.041417481,2021,0.000000000,0,12.500,38,30724,1,1,
112303564142242,112303560006304,112303562066740,112303564142242,2678,26.780000000,sine_f2,state,0,0.039678712,2022,0.041417481,2021,-0.239808239,10,0.003360000,-1,1.808000,-16,0.039883500,2022,0.000000000,0,12.500,38,30734,0,1,
112303574153918,112303570006434,112303572029234,112303574153918,2679,26.790000000,sine_f2,state,0,0.038245439,2023,0.042951462,2020,-0.191846591,8,-0.006720000,2,-0.339000,3,0.038349520,2023,0.000000000,0,12.500,38,30744,0,1,
112303584155887,112303580006265,112303582070762,112303584155887,2680,26.800000000,sine_f2,state,0,0.036774423,2024,0.041417481,2021,-0.119904120,5,-0.016800000,5,-1.130000,10,0.036815539,2024,0.000000000,0,12.500,38,30754,0,1,
112303594156716,112303590010143,112303592074189,112303594156716,2681,26.810000000,sine_f2,state,0,0.035267115,2025,0.041417481,2021,-0.071942472,3,-0.026880000,8,-1.356000,12,0.035281558,2025,0.000000000,0,12.500,38,30764,0,1,
112303604147905,112303600006773,112303602072590,112303604147905,2682,26.820000000,sine_f2,state,0,0.033725003,2026,0.041417481,2021,-0.023980824,1,-0.036960000,11,-1.469000,13,0.033747577,2026,0.000000000,0,12.500,38,30774,0,1,
112303614143965,112303610006890,112303612064898,112303614143965,2683,26.830000000,sine_f2,state,0,0.032149608,2027,0.041417481,2021,0.000000000,0,-0.050400000,15,-1.808000,16,0.032213597,2027,0.000000000,0,12.500,38,30784,0,1,
112303624147404,112303620006512,112303621998068,112303624147404,2684,26.840000000,sine_f2,state,0,0.030542485,2028,0.041417481,2021,0.000000000,0,-0.050400000,15,-3.729000,33,0.030679616,2028,0.000000000,0,12.500,38,30794,0,1,
112303634153491,112303630007088,112303632049578,112303634153491,2685,26.850000000,sine_f2,state,0,0.028905220,2029,0.039883500,2022,0.000000000,0,-0.050400000,15,-6.780000,60,0.029145635,2029,0.000000000,0,12.500,38,30804,0,1,
112303644146434,112303640008939,112303642068525,112303644146434,2686,26.860000000,sine_f2,state,0,0.027239430,2030,0.038349520,2023,0.000000000,0,-0.050400000,15,-11.187000,99,0.027611654,2030,0.000000000,0,12.500,38,30814,0,1,
112303654154370,112303650006392,112303652072523,112303654154370,2687,26.870000000,sine_f2,state,0,0.025546757,2031,0.033747577,2026,-0.023980824,1,-0.040320000,12,-11.752000,104,0.026077673,2031,0.000000000,0,12.500,38,30824,0,1,
112303664149552,112303660006603,112303662062720,112303664149552,2688,26.880000000,sine_f2,state,0,0.023828873,2032,0.029145635,2029,-0.095923296,4,-0.020160000,6,-12.091000,107,0.024543693,2032,0.000000000,0,12.400,38,30834,0,1,
112303674149739,112303670006502,112303672023450,112303674149739,2689,26.890000000,sine_f2,state,0,0.022087473,2034,0.023009712,2033,-0.143884944,6,-0.003360000,1,-10.735000,95,0.021475731,2034,0.000000000,0,12.500,38,30844,0,1,
112303684089909,112303680009150,112303681995255,112303684089909,2690,26.900000000,sine_f2,state,0,0.020324275,2035,0.016873789,2037,-0.239808239,10,-0.023520000,7,-0.904000,8,0.019941750,2035,0.000000000,0,12.500,38,30854,0,1,
112303694084832,112303690013283,112303691995048,112303694084832,2691,26.910000000,sine_f2,state,0,0.018541020,2036,0.015339808,2038,-0.311750711,13,0.030240000,-9,0.000000,0,0.018407769,2036,0.000000000,0,12.500,38,30864,1,1,
112303704085125,112303700006447,112303701987675,112303704085125,2692,26.920000000,sine_f2,state,0,0.016739466,2037,0.013805827,2039,-0.335731535,14,0.020160000,-6,1.356000,-12,0.016873789,2037,0.000000000,0,12.500,38,30874,1,1,
112303714088951,112303710006455,112303711987502,112303714088951,2693,26.930000000,sine_f2,state,0,0.014921393,2038,0.015339808,2038,-0.359712359,15,0.006720000,-2,3.051000,-27,0.015339808,2038,0.000000000,0,12.500,38,30884,1,1,
112303724079109,112303720006564,112303721989871,112303724079109,2694,26.940000000,sine_f2,state,0,0.013088594,2039,0.015339808,2038,-0.311750711,13,0.003360000,-1,1.695000,-15,0.013805827,2039,0.000000000,0,12.500,38,30894,1,1,
112303734078841,112303730006469,112303731988517,112303734078841,2695,26.950000000,sine_f2,state,0,0.011242879,2041,0.015339808,2038,-0.263789063,11,-0.003360000,1,-0.565000,5,0.010737866,2041,0.000000000,0,12.500,38,30904,1,1,
112303744085955,112303740006902,112303741993214,112303744085955,2696,26.960000000,sine_f2,state,0,0.009386068,2042,0.015339808,2038,-0.191846591,8,-0.030240000,9,-1.243000,11,0.009203885,2042,0.000000000,0,12.500,38,30914,0,1,
112303754086370,112303750008830,112303751988876,112303754086370,2697,26.970000000,sine_f2,state,0,0.007519994,2043,0.015339808,2038,-0.119904120,5,-0.033600000,10,-1.356000,12,0.007669904,2043,0.000000000,0,12.500,38,30924,0,1,
112303764094012,112303760006850,112303761991981,112303764094012,2698,26.980000000,sine_f2,state,0,0.005646499,2044,0.015339808,2038,-0.047961648,2,-0.047040000,14,-1.695000,15,0.006135923,2044,0.000000000,0,12.500,38,30934,0,1,
112303774017241,112303770006355,112303771988829,112303774017241,2699,26.990000000,sine_f2,hardware_error,0,0.003767431,2046,,,,,,,,,,,,,,,,,,0
112303784074267,112303780006583,112303781983536,112303784074267,2700,27.000000000,sine_f2,state,0,0.001884646,2047,0.013805827,2039,0.000000000,0,-0.057120000,17,-6.328000,56,0.001533981,2047,0.000000000,0,12.500,38,30954,0,1,
112303794084135,112303790009239,112303791991642,112303794084135,2701,27.010000000,sine_f2,state,0,0.000000000,2048,0.012271846,2040,-0.023980824,1,-0.060480000,18,-10.961000,97,0.000000000,2048,0.000000000,0,12.500,38,30964,0,1,
112303804075584,112303800007052,112303801992916,112303804075584,2702,27.020000000,sine_f2,state,0,-0.001884646,2049,0.007669904,2043,-0.047961648,2,-0.050400000,15,-11.978000,106,-0.001533981,2049,0.000000000,0,12.500,38,30974,0,1,
112303814122577,112303810006941,112303811990939,112303814122577,2703,27.030000000,sine_f2,state,0,-0.003767431,2050,0.001533981,2047,-0.095923296,4,-0.026880000,8,-12.204000,108,-0.003067962,2050,0.000000000,0,12.500,38,30984,0,1,
112303824089155,112303820008728,112303821992605,112303824089155,2704,27.040000000,sine_f2,state,0,-0.005646499,2052,-0.004601942,2051,-0.143884944,6,-0.003360000,1,-11.865000,105,-0.006135923,2052,0.000000000,0,12.500,38,30994,0,1,
112303834083612,112303830007058,112303831987026,112303834083612,2705,27.050000000,sine_f2,state,0,-0.007519994,2053,-0.010737866,2055,-0.239808239,10,-0.047040000,14,-1.695000,15,-0.007669904,2053,0.000000000,0,12.600,38,31004,0,1,
112303844086988,112303840007270,112303841990965,112303844086988,2706,27.060000000,sine_f2,state,0,-0.009386068,2054,-0.013805827,2057,-0.311750711,13,0.016800000,-5,0.339000,-3,-0.009203885,2054,0.000000000,0,12.600,38,31014,1,1,
112303854076890,112303850007140,112303851991121,112303854076890,2707,27.070000000,sine_f2,state,0,-0.011242879,2055,-0.015339808,2058,-0.383693183,16,0.043680000,-13,0.113000,-1,-0.010737866,2055,0.000000000,0,12.600,38,31024,1,1,
112303864086557,112303860009682,112303861991541,112303864086557,2708,27.080000000,sine_f2,state,0,-0.013088594,2057,-0.016873789,2059,-0.407674007,17,0.023520000,-7,2.599000,-23,-0.013805827,2057,0.000000000,0,12.600,38,31034,1,1,
112303874089566,112303870007973,112303871992839,112303874089566,2709,27.090000000,sine_f2,state,0,-0.014921393,2058,-0.015339808,2058,-0.383693183,16,0.003360000,-1,2.938000,-26,-0.015339808,2058,0.000000000,0,12.600,38,31044,1,1,
112303884080150,112303880006830,112303881989565,112303884080150,2710,27.100000000,sine_f2,state,0,-0.016739466,2059,-0.013805827,2057,-0.335731535,14,0.000000000,0,1.469000,-13,-0.016873789,2059,0.000000000,0,12.600,38,31054,1,1,
112303894062084,112303890006661,112303891969415,112303894062084,2711,27.110000000,sine_f2,state,0,-0.018541020,2060,-0.015339808,2058,-0.239808239,10,-0.006720000,2,-0.565000,5,-0.018407769,2060,0.000000000,0,12.600,38,31064,0,1,
112303904067701,112303900006563,112303901987600,112303904067701,2712,27.120000000,sine_f2,state,0,-0.020324275,2061,-0.013805827,2057,-0.167865767,7,-0.023520000,7,-1.017000,9,-0.019941750,2061,0.000000000,0,12.600,38,31074,0,1,
112303914066332,112303910009968,112303911966934,112303914066332,2713,27.130000000,sine_f2,state,0,-0.022087473,2062,-0.013805827,2057,-0.095923296,4,-0.033600000,10,-1.469000,13,-0.021475731,2062,0.000000000,0,12.600,38,31084,0,1,
112303924061843,112303920006605,112303921987631,112303924061843,2714,27.140000000,sine_f2,state,0,-0.023828873,2064,-0.015339808,2058,-0.023980824,1,-0.036960000,11,-2.034000,18,-0.024543693,2064,0.000000000,0,12.600,38,31094,0,1,
112303934082764,112303930006641,112303931988030,112303934082764,2715,27.150000000,sine_f2,state,0,-0.025546757,2065,-0.013805827,2057,0.000000000,0,-0.053760000,16,-3.955000,35,-0.026077673,2065,0.000000000,0,12.600,38,31104,0,1,
112303944060246,112303940007969,112303941971719,112303944060246,2716,27.160000000,sine_f2,state,0,-0.027239430,2066,-0.016873789,2059,0.000000000,0,-0.050400000,15,-7.797000,69,-0.027611654,2066,0.000000000,0,12.600,38,31114,0,1,
112303954059193,112303950010012,112303951969245,112303954059193,2717,27.170000000,sine_f2,state,0,-0.028905220,2067,-0.019941750,2061,0.000000000,0,-0.053760000,16,-11.413000,101,-0.029145635,2067,0.000000000,0,12.500,38,31124,0,1,
112303964053751,112303960006615,112303961970148,112303964053751,2718,27.180000000,sine_f2,state,0,-0.030542485,2068,-0.023009712,2063,-0.047961648,2,-0.036960000,11,-11.978000,106,-0.030679616,2068,0.000000000,0,12.500,38,31134,0,1,
112303974059239,112303970009193,112303971968646,112303974059239,2719,27.190000000,sine_f2,state,0,-0.032149608,2069,-0.029145635,2067,-0.095923296,4,-0.013440000,4,-12.091000,107,-0.032213597,2069,0.000000000,0,12.500,38,31144,0,1,
112303984077032,112303980006970,112303981967337,112303984077032,2720,27.200000000,sine_f2,state,0,-0.033725003,2070,-0.035281558,2071,-0.167865767,7,-0.020160000,6,-8.136000,72,-0.033747577,2070,0.000000000,0,12.500,38,31154,0,1,
112303994065599,112303990006641,112303991969551,112303994065599,2721,27.210000000,sine_f2,state,0,-0.035267115,2071,-0.039883500,2074,-0.239808239,10,-0.016800000,5,-2.147000,19,-0.035281558,2071,0.000000000,0,12.500,38,31164,0,1,
112304004063522,112304000007084,112304001969245,112304004063522,2722,27.220000000,sine_f2,state,0,-0.036774423,2072,-0.041417481,2075,-0.311750711,13,0.060480000,-18,0.000000,0,-0.036815539,2072,0.000000000,0,12.500,38,31174,1,1,
112304014068288,112304010010514,112304011973322,112304014068288,2723,27.230000000,sine_f2,state,0,-0.038245439,2073,-0.042951462,2076,-0.335731535,14,0.016800000,-5,2.260000,-20,-0.038349520,2073,0.000000000,0,12.500,38,31184,1,1,
112304024058399,112304020006696,112304021965125,112304024058399,2724,27.240000000,sine_f2,state,0,-0.039678712,2074,-0.041417481,2075,-0.335731535,14,0.016800000,-5,3.051000,-27,-0.039883500,2074,0.000000000,0,12.500,38,31194,1,1,
112304034059399,112304030006219,112304031968780,112304034059399,2725,27.250000000,sine_f2,state,0,-0.041072826,2075,-0.041417481,2075,-0.311750711,13,0.003360000,-1,2.712000,-24,-0.041417481,2075,0.000000000,0,12.500,38,31204,1,1,
112304044067360,112304040006491,112304041970449,112304044067360,2726,27.260000000,sine_f2,state,0,-0.042426407,2076,-0.039883500,2074,-0.239808239,10,-0.003360000,1,-0.113000,1,-0.042951462,2076,0.000000000,0,12.500,38,31214,0,1,
112304054063443,112304050006797,112304051967651,112304054063443,2727,27.270000000,sine_f2,state,0,-0.043738118,2077,-0.039883500,2074,-0.167865767,7,-0.020160000,6,-1.243000,11,-0.044485443,2077,0.000000000,0,12.500,38,31224,0,1,
112304064057337,112304060008970,112304061973047,112304064057337,2728,27.280000000,sine_f2,state,0,-0.045006664,2077,-0.039883500,2074,-0.095923296,4,-0.026880000,8,-1.243000,11,-0.044485443,2077,0.000000000,0,12.500,38,31234,0,1,
112304074055368,112304070006971,112304071973014,112304074055368,2729,27.290000000,sine_f2,state,0,-0.046230795,2078,-0.039883500,2074,-0.047961648,2,-0.026880000,8,-1.356000,12,-0.046019424,2078,0.000000000,0,12.500,38,31244,0,1,
112304084062472,112304080006673,112304081967196,112304084062472,2730,27.300000000,sine_f2,state,0,-0.047409301,2079,-0.039883500,2074,-0.023980824,1,-0.036960000,11,-1.582000,14,-0.047553404,2079,0.000000000,0,12.500,38,31254,0,1,
112304094058568,112304090006436,112304091969463,112304094058568,2731,27.310000000,sine_f2,state,0,-0.048541020,2080,-0.039883500,2074,0.000000000,0,-0.036960000,11,-1.921000,17,-0.049087385,2080,0.000000000,0,12.500,38,31264,0,1,
112304104058055,112304100009176,112304101972135,112304104058055,2732,27.320000000,sine_f2,state,0,-0.049624834,2080,-0.039883500,2074,0.000000000,0,-0.047040000,14,-3.616000,32,-0.049087385,2080,0.000000000,0,12.500,38,31274,0,1,
112304114063024,112304110008914,112304111967378,112304114063024,2733,27.330000000,sine_f2,state,0,-0.050659676,2081,-0.041417481,2075,0.000000000,0,-0.036960000,11,-6.215000,55,-0.050621366,2081,0.000000000,0,12.500,38,31284,0,1,
112304124060052,112304120007357,112304121971868,112304124060052,2734,27.340000000,sine_f2,state,0,-0.051644522,2082,-0.042951462,2076,0.000000000,0,-0.036960000,11,-10.735000,95,-0.052155347,2082,0.000000000,0,12.500,38,31294,0,1,
112304134060932,112304130007332,112304131966224,112304134060932,2735,27.350000000,sine_f2,state,0,-0.052578401,2082,-0.049087385,2080,-0.047961648,2,-0.020160000,6,-11.413000,101,-0.052155347,2082,0.000000000,0,12.500,38,31304,0,1,
112304144060358,112304140006894,112304141970417,112304144060358,2736,27.360000000,sine_f2,state,0,-0.053460391,2083,-0.053689328,2083,-0.095923296,4,-0.003360000,1,-11.300000,100,-0.053689328,2083,0.000000000,0,12.500,38,31314,0,1,
112304154060511,112304150007422,112304151972308,112304154060511,2737,27.370000000,sine_f2,state,0,-0.054289623,2083,-0.058291270,2086,-0.143884944,6,-0.020160000,6,-3.164000,28,-0.053689328,2083,0.000000000,0,12.600,38,31324,0,1,
112304164062779,112304160010175,112304161973807,112304164062779,2738,27.380000000,sine_f2,state,0,-0.055065278,2084,-0.061359232,2088,-0.215827415,9,0.053760000,-16,0.226000,-2,-0.055223308,2084,0.000000000,0,12.600,38,31334,0,1,
112304174063116,112304170006484,112304171969763,112304174063116,2739,27.390000000,sine_f2,state,0,-0.055786589,2084,-0.062893212,2089,-0.263789063,11,0.030240000,-9,1.356000,-12,-0.055223308,2084,0.000000000,0,12.600,38,31344,1,1,
112304184063541,112304180006866,112304181968883,112304184063541,2740,27.400000000,sine_f2,state,0,-0.056452846,2085,-0.061359232,2088,-0.287769887,12,0.036960000,-11,3.051000,-27,-0.056757289,2085,0.000000000,0,12.600,38,31354,1,1,
112304194070961,112304190007251,112304191975859,112304194070961,2741,27.410000000,sine_f2,state,0,-0.057063391,2085,-0.061359232,2088,-0.263789063,11,0.026880000,-8,3.277000,-29,-0.056757289,2085,0.000000000,0,12.600,38,31364,1,1,
112304204064453,112304200006852,112304201970559,112304204064453,2742,27.420000000,sine_f2,state,0,-0.057617621,2086,-0.061359232,2088,-0.239808239,10,0.026880000,-8,3.164000,-28,-0.058291270,2086,0.000000000,0,12.600,38,31374,0,1,
112304214066633,112304210006826,112304211970468,112304214066633,2743,27.430000000,sine_f2,state,0,-0.058114990,2086,-0.059825251,2087,-0.167865767,7,0.010080000,-3,2.938000,-26,-0.058291270,2086,0.000000000,0,12.600,38,31384,0,1,
112304224066461,112304220006666,112304221970279,112304224066461,2744,27.440000000,sine_f2,state,0,-0.058555006,2086,-0.058291270,2086,-0.095923296,4,0.003360000,-1,2.147000,-19,-0.058291270,2086,0.000000000,0,12.600,38,31394,0,1,
112304234056633,112304230007672,112304231973790,112304234056633,2745,27.450000000,sine_f2,state,0,-0.058937235,2086,-0.058291270,2086,-0.023980824,1,0.000000000,0,0.904000,-8,-0.058291270,2086,0.000000000,0,12.600,38,31404,0,1,
112304244057354,112304240007315,112304241973834,112304244057354,2746,27.460000000,sine_f2,state,0,-0.059261300,2087,-0.056757289,2085,0.000000000,0,0.000000000,0,0.000000,0,-0.059825251,2087,0.000000000,0,12.600,38,31414,0,1,
112304254098013,112304250009412,112304251970533,112304254098013,2747,27.470000000,sine_f2,state,0,-0.059526882,2087,-0.056757289,2085,0.023980824,-1,-0.003360000,1,-0.904000,8,-0.059825251,2087,0.000000000,0,12.600,38,31424,0,1,
112304264064291,112304260006895,112304261969363,112304264064291,2748,27.480000000,sine_f2,state,0,-0.059733718,2087,-0.056757289,2085,0.023980824,-1,-0.006720000,2,-0.791000,7,-0.059825251,2087,0.000000000,0,12.600,38,31434,0,1,
112304274066399,112304270006755,112304271966744,112304274066399,2749,27.490000000,sine_f2,state,0,-0.059881604,2087,-0.056757289,2085,0.023980824,-1,-0.013440000,4,-0.904000,8,-0.059825251,2087,0.000000000,0,12.600,38,31444,0,1,
112304284063723,112304280012639,112304281971874,112304284063723,2750,27.500000000,sine_f2,state,0,-0.059970394,2087,-0.058291270,2086,0.023980824,-1,-0.003360000,1,-0.791000,7,-0.059825251,2087,0.000000000,0,12.600,38,31454,0,1,
112304294067515,112304290007660,112304291969280,112304294067515,2751,27.510000000,sine_f2,state,0,-0.060000000,2087,-0.058291270,2086,0.000000000,0,-0.006720000,2,-0.791000,7,-0.059825251,2087,0.000000000,0,12.600,38,31464,0,1,
112304304064348,112304300009602,112304301969415,112304304064348,2752,27.520000000,sine_f2,state,0,-0.059970394,2087,-0.056757289,2085,0.000000000,0,-0.010080000,3,-0.678000,6,-0.059825251,2087,0.000000000,0,12.600,38,31474,0,1,
112304314031309,112304310009623,112304311945315,112304314031309,2753,27.530000000,sine_f2,state,0,-0.059881604,2087,-0.058291270,2086,0.000000000,0,-0.003360000,1,-0.791000,7,-0.059825251,2087,0.000000000,0,12.600,38,31484,0,1,
112304324037159,112304320007128,112304321947390,112304324037159,2754,27.540000000,sine_f2,state,0,-0.059733718,2087,-0.058291270,2086,0.000000000,0,-0.006720000,2,-0.791000,7,-0.059825251,2087,0.000000000,0,12.600,38,31494,0,1,
112304334041874,112304330007066,112304331967760,112304334041874,2755,27.550000000,sine_f2,state,0,-0.059526882,2087,-0.058291270,2086,0.000000000,0,-0.006720000,2,-0.904000,8,-0.059825251,2087,0.000000000,0,12.600,38,31504,0,1,
112304344031023,112304340006768,112304341966518,112304344031023,2756,27.560000000,sine_f2,state,0,-0.059261300,2087,-0.058291270,2086,0.000000000,0,-0.006720000,2,-0.791000,7,-0.059825251,2087,0.000000000,0,12.600,38,31514,0,1,
112304354042955,112304350007442,112304351949135,112304354042955,2757,27.570000000,sine_f2,state,0,-0.058937235,2086,-0.058291270,2086,0.000000000,0,-0.003360000,1,-0.678000,6,-0.058291270,2086,0.000000000,0,12.600,38,31524,0,1,
112304364031965,112304360009582,112304361951148,112304364031965,2758,27.580000000,sine_f2,state,0,-0.058555006,2086,-0.056757289,2085,0.000000000,0,0.000000000,0,0.000000,0,-0.058291270,2086,0.000000000,0,12.600,38,31534,0,1,
112304374034154,112304370006752,112304371947823,112304374034154,2759,27.590000000,sine_f2,state,0,-0.058114990,2086,-0.058291270,2086,0.000000000,0,0.000000000,0,0.000000,0,-0.058291270,2086,0.000000000,0,12.600,38,31544,0,1,
112304384041947,112304380006461,112304381948137,112304384041947,2760,27.600000000,sine_f2,state,0,-0.057617621,2086,-0.058291270,2086,0.000000000,0,0.000000000,0,0.113000,-1,-0.058291270,2086,0.000000000,0,12.600,38,31554,0,1,
112304394041145,112304390006678,112304391948410,112304394041145,2761,27.610000000,sine_f2,state,0,-0.057063391,2085,-0.058291270,2086,0.000000000,0,0.003360000,-1,0.339000,-3,-0.056757289,2085,0.000000000,0,12.500,38,31564,0,1,
112304404042736,112304400009045,112304401947554,112304404042736,2762,27.620000000,sine_f2,state,0,-0.056452846,2085,-0.056757289,2085,0.000000000,0,0.003360000,-1,2.147000,-19,-0.056757289,2085,0.000000000,0,12.500,38,31574,0,1,
112304414043628,112304410007310,112304411952199,112304414043628,2763,27.630000000,sine_f2,state,0,-0.055786589,2084,-0.056757289,2085,0.000000000,0,0.013440000,-4,3.051000,-27,-0.055223308,2084,0.000000000,0,12.500,38,31584,0,1,
112304424051686,112304420010129,112304421951457,112304424051686,2764,27.640000000,sine_f2,state,0,-0.055065278,2084,-0.056757289,2085,0.000000000,0,0.010080000,-3,3.277000,-29,-0.055223308,2084,0.000000000,0,12.500,38,31594,0,1,
112304434045341,112304430007421,112304431950689,112304434045341,2765,27.650000000,sine_f2,state,0,-0.054289623,2083,-0.056757289,2085,0.000000000,0,0.003360000,-1,3.051000,-27,-0.053689328,2083,0.000000000,0,12.500,38,31604,0,1,
112304444043474,112304440008010,112304441951442,112304444043474,2766,27.660000000,sine_f2,state,0,-0.053460391,2083,-0.055223308,2084,0.000000000,0,0.006720000,-2,2.938000,-26,-0.053689328,2083,0.000000000,0,12.500,38,31614,0,1,
112304454048882,112304450007395,112304451947450,112304454048882,2767,27.670000000,sine_f2,state,0,-0.052578401,2082,-0.053689328,2083,0.023980824,-1,0.003360000,-1,1.356000,-12,-0.052155347,2082,0.000000000,0,12.500,38,31624,0,1,
112304464039575,112304460009440,112304461951392,112304464039575,2768,27.680000000,sine_f2,state,0,-0.051644522,2082,-0.053689328,2083,0.047961648,-2,0.006720000,-2,3.051000,-27,-0.052155347,2082,0.000000000,0,12.500,38,31634,0,1,
112304474043254,112304470006711,112304471949783,112304474043254,2769,27.690000000,sine_f2,state,0,-0.050659676,2081,-0.052155347,2082,0.047961648,-2,0.003360000,-1,2.260000,-20,-0.050621366,2081,0.000000000,0,12.500,38,31644,0,1,
112304484040553,112304480006715,112304481945846,112304484040553,2770,27.700000000,sine_f2,state,0,-0.049624834,2080,-0.052155347,2082,0.071942472,-3,0.006720000,-2,3.051000,-27,-0.049087385,2080,0.000000000,0,12.500,38,31654,0,1,
112304494041747,112304490006841,112304491945041,112304494041747,2771,27.710000000,sine_f2,state,0,-0.048541020,2080,-0.050621366,2081,0.071942472,-3,0.006720000,-2,2.034000,-18,-0.049087385,2080,0.000000000,0,12.500,38,31664,0,1,
112304504049051,112304500007327,112304501951222,112304504049051,2772,27.720000000,sine_f2,state,0,-0.047409301,2079,-0.050621366,2081,0.071942472,-3,0.010080000,-3,3.277000,-29,-0.047553404,2079,0.000000000,0,12.500,38,31674,0,1,
112304514041992,112304510006553,112304511946538,112304514041992,2773,27.730000000,sine_f2,state,0,-0.046230795,2078,-0.049087385,2080,0.071942472,-3,0.013440000,-4,3.051000,-27,-0.046019424,2078,0.000000000,0,12.500,38,31684,0,1,
112304524042305,112304520006764,112304521943807,112304524042305,2774,27.740000000,sine_f2,state,0,-0.045006664,2077,-0.049087385,2080,0.071942472,-3,0.013440000,-4,3.051000,-27,-0.044485443,2077,0.000000000,0,12.500,38,31694,0,1,
112304534043045,112304530006880,112304531953097,112304534043045,2775,27.750000000,sine_f2,state,0,-0.043738118,2077,-0.047553404,2079,0.071942472,-3,0.010080000,-3,2.825000,-25,-0.044485443,2077,0.000000000,0,12.500,38,31704,0,1,
112304544044373,112304540006816,112304541946105,112304544044373,2776,27.760000000,sine_f2,state,0,-0.042426407,2076,-0.046019424,2078,0.071942472,-3,0.010080000,-3,3.164000,-28,-0.042951462,2076,0.000000000,0,12.500,38,31714,0,1,
112304554050252,112304550006855,112304551950410,112304554050252,2777,27.770000000,sine_f2,state,0,-0.041072826,2075,-0.046019424,2078,0.071942472,-3,0.016800000,-5,2.599000,-23,-0.041417481,2075,0.000000000,0,12.500,38,31724,0,1,
112304564047726,112304560007387,112304561949354,112304564047726,2778,27.780000000,sine_f2,state,0,-0.039678712,2074,-0.042951462,2076,0.071942472,-3,0.020160000,-6,2.825000,-25,-0.039883500,2074,0.000000000,0,12.500,38,31734,0,1,
112304574041100,112304570010275,112304571947018,112304574041100,2779,27.790000000,sine_f2,state,0,-0.038245439,2073,-0.042951462,2076,0.095923296,-4,0.023520000,-7,3.390000,-30,-0.038349520,2073,0.000000000,0,12.500,38,31744,0,1,
112304584047425,112304580006717,112304581939731,112304584047425,2780,27.800000000,sine_f2,state,0,-0.036774423,2072,-0.042951462,2076,0.095923296,-4,0.020160000,-6,3.164000,-28,-0.036815539,2072,0.000000000,0,12.500,38,31754,0,1,
112304594044646,112304590007082,112304591948130,112304594044646,2781,27.810000000,sine_f2,state,0,-0.035267115,2071,-0.041417481,2075,0.095923296,-4,0.033600000,-10,3.277000,-29,-0.035281558,2071,0.000000000,0,12.500,38,31764,0,1,
112304604046191,112304600010271,112304601951814,112304604046191,2782,27.820000000,sine_f2,state,0,-0.033725003,2070,-0.039883500,2074,0.095923296,-4,0.033600000,-10,3.390000,-30,-0.033747577,2070,0.000000000,0,12.500,38,31774,0,1,
112304614047068,112304610006743,112304611946831,112304614047068,2783,27.830000000,sine_f2,state,0,-0.032149608,2069,-0.038349520,2073,0.095923296,-4,0.030240000,-9,3.051000,-27,-0.032213597,2069,0.000000000,0,12.500,38,31784,0,1,
112304624046254,112304620006660,112304621943920,112304624046254,2784,27.840000000,sine_f2,state,0,-0.030542485,2068,-0.038349520,2073,0.095923296,-4,0.036960000,-11,3.164000,-28,-0.030679616,2068,0.000000000,0,12.500,38,31794,0,1,
112304634039061,112304630006710,112304631944680,112304634039061,2785,27.850000000,sine_f2,state,0,-0.028905220,2067,-0.036815539,2072,0.095923296,-4,0.040320000,-12,3.164000,-28,-0.029145635,2067,0.000000000,0,12.500,38,31804,0,1,
112304644039399,112304640006861,112304641943170,112304644039399,2786,27.860000000,sine_f2,state,0,-0.027239430,2066,-0.035281558,2071,0.095923296,-4,0.047040000,-14,3.051000,-27,-0.027611654,2066,0.000000000,0,12.500,38,31814,0,1,
112304654046970,112304650006925,112304651948341,112304654046970,2787,27.870000000,sine_f2,state,0,-0.025546757,2065,-0.035281558,2071,0.095923296,-4,0.053760000,-16,3.277000,-29,-0.026077673,2065,0.000000000,0,12.500,38,31824,0,1,
112304664042192,112304660006899,112304661947941,112304664042192,2788,27.880000000,sine_f2,state,0,-0.023828873,2064,-0.033747577,2070,0.095923296,-4,0.050400000,-15,3.277000,-29,-0.024543693,2064,0.000000000,0,12.500,38,31834,0,1,
112304674046489,112304670006956,112304671951233,112304674046489,2789,27.890000000,sine_f2,state,0,-0.022087473,2062,-0.032213597,2069,0.095923296,-4,0.053760000,-16,3.503000,-31,-0.021475731,2062,0.000000000,0,12.500,38,31844,0,1,
112304684038497,112304680009309,112304681946897,112304684038497,2790,27.900000000,sine_f2,state,0,-0.020324275,2061,-0.030679616,2068,0.095923296,-4,0.057120000,-17,3.277000,-29,-0.019941750,2061,0.000000000,0,12.400,38,31854,0,1,
112304694048105,112304690007107,112304691945029,112304694048105,2791,27.910000000,sine_f2,state,0,-0.018541020,2060,-0.030679616,2068,0.095923296,-4,0.060480000,-18,3.277000,-29,-0.018407769,2060,0.000000000,0,12.500,38,31864,0,1,
112304704038326,112304700006243,112304701948442,112304704038326,2792,27.920000000,sine_f2,state,0,-0.016739466,2059,-0.029145635,2067,0.095923296,-4,0.063840000,-19,3.277000,-29,-0.016873789,2059,0.000000000,0,12.500,38,31874,0,1,
112304714046013,112304710006410,112304711947203,112304714046013,2793,27.930000000,sine_f2,state,0,-0.014921393,2058,-0.027611654,2066,0.095923296,-4,0.070560000,-21,3.277000,-29,-0.015339808,2058,0.000000000,0,12.500,38,31884,0,1,
112304724038416,112304720006547,112304721944875,112304724038416,2794,27.940000000,sine_f2,state,0,-0.013088594,2057,-0.026077673,2065,0.095923296,-4,0.067200000,-20,3.277000,-29,-0.013805827,2057,0.000000000,0,12.500,38,31894,0,1,
112304734025643,112304730006694,112304731927886,112304734025643,2795,27.950000000,sine_f2,state,0,-0.011242879,2055,-0.024543693,2064,0.095923296,-4,0.077280000,-23,3.729000,-33,-0.010737866,2055,0.000000000,0,12.500,38,31904,0,1,
112304744019273,112304740007035,112304741927763,112304744019273,2796,27.960000000,sine_f2,state,0,-0.009386068,2054,-0.023009712,2063,0.095923296,-4,0.060480000,-18,10.057000,-89,-0.009203885,2054,0.000000000,0,12.500,38,31914,0,1,
112304754021565,112304750006830,112304751928279,112304754021565,2797,27.970000000,sine_f2,state,0,-0.007519994,2053,-0.018407769,2060,0.119904120,-5,0.023520000,-7,14.803000,-131,-0.007669904,2053,0.000000000,0,12.400,38,31924,0,1,
112304764042211,112304760007037,112304761949385,112304764042211,2798,27.980000000,sine_f2,state,0,-0.005646499,2052,-0.012271846,2056,0.143884944,-6,0.026880000,-8,19.210000,-170,-0.006135923,2052,0.000000000,0,12.600,38,31934,0,1,
112304773945557,112304770009695,112304771929724,112304773945557,2799,27.990000000,sine_f2,hardware_error,0,-0.003767431,2050,,,,,,,,,,,,,,,,,,0
112304784025157,112304780006109,112304781922813,112304784025157,2800,28.000000000,sine_f2,state,0,-0.001884646,2049,0.004601942,2045,0.311750711,-13,0.040320000,-12,9.605000,-85,-0.001533981,2049,0.000000000,0,12.500,38,31954,1,1,
112304794021065,112304790006951,112304791924079,112304794021065,2801,28.010000000,sine_f2,state,0,-0.000000000,2048,0.010737866,2041,0.407674007,-17,0.023520000,-7,2.599000,-23,0.000000000,2048,0.000000000,0,12.600,38,31964,1,1,
112304804022429,112304800006801,112304801926117,112304804022429,2802,28.020000000,sine_f2,state,0,0.001884646,2047,0.015339808,2038,0.479616478,-20,-0.107520000,32,-0.339000,3,0.001533981,2047,0.000000000,0,12.600,38,31974,1,1,
112304814012875,112304810007826,112304811930435,112304814012875,2803,28.030000000,sine_f2,state,0,0.003767431,2046,0.015339808,2038,0.527578126,-22,-0.073920000,22,-0.904000,8,0.003067962,2046,0.000000000,0,12.600,38,31984,1,1,
112304824016664,112304820006940,112304821925756,112304824016664,2804,28.040000000,sine_f2,state,0,0.005646499,2044,0.015339808,2038,0.527578126,-22,-0.053760000,16,-2.938000,26,0.006135923,2044,0.000000000,0,12.600,38,31994,1,1,
112304834074313,112304830009567,112304832123065,112304834074313,2805,28.050000000,sine_f2,state,0,0.007519994,2043,0.015339808,2038,0.479616478,-20,-0.040320000,12,-4.972000,44,0.007669904,2043,0.000000000,0,12.600,38,32004,1,1,
112304844065599,112304840086963,112304841935552,112304844065599,2806,28.060000000,sine_f2,state,0,0.009386068,2042,0.013805827,2039,0.383693183,-16,-0.026880000,8,-8.475000,75,0.009203885,2042,0.000000000,0,12.600,38,32014,1,1,
112304854062732,112304850095537,112304851939320,112304854062732,2807,28.070000000,sine_f2,state,0,0.011242879,2041,0.010737866,2041,0.263789063,-11,-0.006720000,2,-9.831000,87,0.010737866,2041,0.000000000,0,12.600,38,32024,1,1,
112304864048493,112304860084053,112304861933999,112304864048493,2808,28.080000000,sine_f2,state,0,0.013088594,2039,0.006135923,2044,0.119904120,-5,0.040320000,-12,-0.339000,3,0.013805827,2039,0.000000000,0,12.500,38,32034,0,1,
112304874053246,112304870091151,112304871936021,112304874053246,2809,28.090000000,sine_f2,state,0,0.014921393,2038,0.004601942,2045,0.000000000,0,0.016800000,-5,0.678000,-6,0.015339808,2038,0.000000000,0,12.500,38,32044,0,1,
112304884070703,112304880087717,112304881936693,112304884070703,2810,28.100000000,sine_f2,state,0,0.016739466,2037,0.004601942,2045,-0.047961648,2,0.060480000,-18,3.051000,-27,0.016873789,2037,0.000000000,0,12.500,38,32054,0,1,
112304894049865,112304890087594,112304891935635,112304894049865,2811,28.110000000,sine_f2,state,0,0.018541020,2036,0.004601942,2045,-0.095923296,4,0.073920000,-22,3.616000,-32,0.018407769,2036,0.000000000,0,12.500,38,32064,0,1,
112304904058841,112304900093789,112304901935632,112304904058841,2812,28.120000000,sine_f2,state,0,0.020324275,2035,0.004601942,2045,-0.119904120,5,0.070560000,-21,10.057000,-89,0.019941750,2035,0.000000000,0,12.500,38,32074,0,1,
112304914044484,112304910037492,112304911935313,112304914044484,2813,28.130000000,sine_f2,state,0,0.022087473,2034,0.009203885,2042,-0.119904120,5,0.040320000,-12,14.238000,-126,0.021475731,2034,0.000000000,0,12.500,38,32084,0,1,
112304924039829,112304920092020,112304921932700,112304924039829,2814,28.140000000,sine_f2,state,0,0.023828873,2032,0.015339808,2038,-0.071942472,3,0.043680000,-13,19.436000,-172,0.024543693,2032,0.000000000,0,12.500,38,32094,0,1,
112304934050000,112304930099936,112304931936429,112304934050000,2815,28.150000000,sine_f2,state,0,0.025546757,2031,0.024543693,2032,0.023980824,-1,0.013440000,-4,19.097000,-169,0.026077673,2031,0.000000000,0,12.500,38,32104,0,1,
112304944054033,112304940090861,112304941938913,112304944054033,2816,28.160000000,sine_f2,state,0,0.027239430,2030,0.033747577,2026,0.167865767,-7,0.070560000,-21,0.339000,-3,0.027611654,2030,0.000000000,0,12.500,38,32114,0,1,
112304954057341,112304950091707,112304951934940,112304954057341,2817,28.170000000,sine_f2,state,0,0.028905220,2029,0.039883500,2022,0.311750711,-13,-0.110880000,33,0.565000,-5,0.029145635,2029,0.000000000,0,12.500,38,32124,1,1,
112304964043335,112304960083700,112304961935425,112304964043335,2818,28.180000000,sine_f2,state,0,0.030542485,2028,0.044485443,2019,0.431654831,-18,0.043680000,-13,1.243000,-11,0.030679616,2028,0.000000000,0,12.500,38,32134,1,1,
112304974047951,112304970085724,112304971937067,112304974047951,2819,28.190000000,sine_f2,state,0,0.032149608,2027,0.044485443,2019,0.503597302,-21,-0.060480000,18,-0.678000,6,0.032213597,2027,0.000000000,0,12.500,38,32144,1,1,
112304984039518,112304980086051,112304981935319,112304984039518,2820,28.200000000,sine_f2,state,0,0.033725003,2026,0.044485443,2019,0.527578126,-22,-0.063840000,19,-3.164000,28,0.033747577,2026,0.000000000,0,12.500,38,32154,1,1,
112304994044913,112304990084429,112304991937861,112304994044913,2821,28.210000000,sine_f2,state,0,0.035267115,2025,0.044485443,2019,0.479616478,-20,-0.050400000,15,-5.537000,49,0.035281558,2025,0.000000000,0,12.500,38,32164,1,1,
112305004058655,112305000086349,112305001935299,112305004058655,2822,28.220000000,sine_f2,state,0,0.036774423,2024,0.042951462,2020,0.407674007,-17,-0.033600000,10,-9.379000,83,0.036815539,2024,0.000000000,0,12.500,38,32174,1,1,
112305014063564,112305010031453,112305011936025,112305014063564,2823,28.230000000,sine_f2,state,0,0.038245439,2023,0.039883500,2022,0.263789063,-11,-0.010080000,3,-10.735000,95,0.038349520,2023,0.000000000,0,12.500,38,32184,1,1,
112305024039609,112305020042718,112305021937404,112305024039609,2824,28.240000000,sine_f2,state,0,0.039678712,2022,0.035281558,2025,0.143884944,-6,-0.013440000,4,-5.198000,46,0.039883500,2022,0.000000000,0,12.500,38,32194,0,1,
112305034038473,112305030087158,112305031938050,112305034038473,2825,28.250000000,sine_f2,state,0,0.041072826,2021,0.032213597,2027,0.000000000,0,0.077280000,-23,-0.113000,1,0.041417481,2021,0.000000000,0,12.600,38,32204,0,1,
112305044035312,112305040089866,112305041934744,112305044035312,2826,28.260000000,sine_f2,state,0,0.042426407,2020,0.032213597,2027,-0.071942472,3,0.060480000,-18,3.051000,-27,0.042951462,2020,0.000000000,0,12.600,38,32214,0,1,
112305054038968,112305050091591,112305051934236,112305054038968,2827,28.270000000,sine_f2,state,0,0.043738118,2019,0.030679616,2028,-0.143884944,6,0.073920000,-22,3.503000,-31,0.044485443,2019,0.000000000,0,12.500,38,32224,0,1,
112305064039986,112305060082348,112305061942197,112305064039986,2828,28.280000000,sine_f2,state,0,0.045006664,2019,0.032213597,2027,-0.143884944,6,0.067200000,-20,6.328000,-56,0.044485443,2019,0.000000000,0,12.500,38,32234,0,1,
112305074064054,112305070091161,112305071934104,112305074064054,2829,28.290000000,sine_f2,state,0,0.046230795,2018,0.033747577,2026,-0.143884944,6,0.067200000,-20,4.407000,-39,0.046019424,2018,0.000000000,0,12.500,38,32244,0,1,
112305084047117,112305080091708,112305081935426,112305084047117,2830,28.300000000,sine_f2,state,0,0.047409301,2017,0.036815539,2024,-0.095923296,4,0.057120000,-17,5.198000,-46,0.047553404,2017,0.000000000,0,12.500,38,32254,0,1,
112305094039371,112305090084596,112305091936564,112305094039371,2831,28.310000000,sine_f2,state,0,0.048541020,2016,0.038349520,2023,-0.047961648,2,0.067200000,-20,4.633000,-41,0.049087385,2016,0.000000000,0,12.500,38,32264,0,1,
112305104057652,112305100089540,112305101935934,112305104057652,2832,28.320000000,sine_f2,state,0,0.049624834,2016,0.039883500,2022,0.000000000,0,0.057120000,-17,4.746000,-42,0.049087385,2016,0.000000000,0,12.500,38,32274,0,1,
112305114058095,112305110032898,112305111937288,112305114058095,2833,28.330000000,sine_f2,state,0,0.050659676,2015,0.042951462,2020,0.071942472,-3,0.047040000,-14,4.746000,-42,0.050621366,2015,0.000000000,0,12.500,38,32284,0,1,
112305124032515,112305120037887,112305121938741,112305124032515,2834,28.340000000,sine_f2,state,0,0.051644522,2014,0.044485443,2019,0.119904120,-5,0.033600000,-10,4.633000,-41,0.052155347,2014,0.000000000,0,12.500,38,32294,0,1,
112305134032346,112305130092253,112305131937556,112305134032346,2835,28.350000000,sine_f2,state,0,0.052578401,2014,0.046019424,2018,0.143884944,-6,0.033600000,-10,4.520000,-40,0.052155347,2014,0.000000000,0,12.500,38,32304,0,1,
112305144028528,112305140086194,112305141939111,112305144028528,2836,28.360000000,sine_f2,state,0,0.053460391,2013,0.049087385,2016,0.167865767,-7,0.026880000,-8,4.633000,-41,0.053689328,2013,0.000000000,0,12.500,38,32314,0,1,
112305154028277,112305150085647,112305151935699,112305154028277,2837,28.370000000,sine_f2,state,0,0.054289623,2013,0.050621366,2015,0.167865767,-7,0.016800000,-5,4.407000,-39,0.053689328,2013,0.000000000,0,12.500,38,32324,0,1,
112305164015676,112305160029906,112305161916562,112305164015676,2838,28.380000000,sine_f2,state,0,0.055065278,2012,0.052155347,2014,0.191846591,-8,0.013440000,-4,4.407000,-39,0.055223308,2012,0.000000000,0,12.500,38,32334,0,1,
112305173990556,112305170008635,112305171910699,112305173990556,2839,28.390000000,sine_f2,state,0,0.055786589,2012,0.053689328,2013,0.191846591,-8,0.006720000,-2,4.181000,-37,0.055223308,2012,0.000000000,0,12.500,38,32344,0,1,
112305184011402,112305180012222,112305181931277,112305184011402,2840,28.400000000,sine_f2,state,0,0.056452846,2011,0.055223308,2012,0.191846591,-8,0.003360000,-1,0.339000,-3,0.056757289,2011,0.000000000,0,12.500,38,32354,0,1,
112305193998251,112305190007216,112305191905911,112305193998251,2841,28.410000000,sine_f2,state,0,0.057063391,2011,0.056757289,2011,0.167865767,-7,0.003360000,-1,0.113000,-1,0.056757289,2011,0.000000000,0,12.500,38,32364,0,1,
112305203989864,112305200007447,112305201907340,112305203989864,2842,28.420000000,sine_f2,state,0,0.057617621,2010,0.056757289,2011,0.167865767,-7,0.000000000,0,0.339000,-3,0.058291270,2010,0.000000000,0,12.500,38,32374,0,1,
112305213991303,112305210006757,112305211903661,112305213991303,2843,28.430000000,sine_f2,state,0,0.058114990,2010,0.056757289,2011,0.143884944,-6,0.003360000,-1,2.147000,-19,0.058291270,2010,0.000000000,0,12.500,38,32384,0,1,
112305224012782,112305220009250,112305221910416,112305224012782,2844,28.440000000,sine_f2,state,0,0.058555006,2010,0.056757289,2011,0.119904120,-5,0.010080000,-3,2.938000,-26,0.058291270,2010,0.000000000,0,12.500,38,32394,0,1,
112305233993863,112305230006776,112305231911083,112305233993863,2845,28.450000000,sine_f2,state,0,0.058937235,2010,0.058291270,2010,0.095923296,-4,0.003360000,-1,2.486000,-22,0.058291270,2010,0.000000000,0,12.500,38,32404,0,1,
112305243994738,112305240006670,112305241903985,112305243994738,2846,28.460000000,sine_f2,state,0,0.059261300,2009,0.058291270,2010,0.071942472,-3,0.000000000,0,1.582000,-14,0.059825251,2009,0.000000000,0,12.500,38,32414,0,1,
112305254015282,112305250006822,112305251905728,112305254015282,2847,28.470000000,sine_f2,state,0,0.059526882,2009,0.058291270,2010,0.047961648,-2,0.006720000,-2,3.051000,-27,0.059825251,2009,0.000000000,0,12.500,38,32424,0,1,
112305263988020,112305260007186,112305261909343,112305263988020,2848,28.480000000,sine_f2,state,0,0.059733718,2009,0.059825251,2009,0.047961648,-2,0.003360000,-1,2.260000,-20,0.059825251,2009,0.000000000,0,12.500,38,32434,0,1,
112305274018830,112305270009518,112305271907775,112305274018830,2849,28.490000000,sine_f2,state,0,0.059881604,2009,0.059825251,2009,0.047961648,-2,0.000000000,0,0.000000,0,0.059825251,2009,0.000000000,0,12.500,38,32444,0,1,
112305283988211,112305280012964,112305281908688,112305283988211,2850,28.500000000,sine_f2,state,0,0.059970394,2009,0.059825251,2009,0.047961648,-2,-0.003360000,1,-0.339000,3,0.059825251,2009,0.000000000,0,12.500,38,32454,0,1,
112305294006703,112305290007525,112305291909543,112305294006703,2851,28.510000000,sine_f2,state,0,0.060000000,2009,0.061359232,2008,0.047961648,-2,-0.003360000,1,-0.226000,2,0.059825251,2009,0.000000000,0,12.500,38,32464,0,1,
112305303995528,112305300006579,112305301906009,112305303995528,2852,28.520000000,sine_f2,state,0,0.059970394,2009,0.061359232,2008,0.047961648,-2,-0.003360000,1,0.000000,0,0.059825251,2009,0.000000000,0,12.500,38,32474,0,1,
112305314021852,112305310007339,112305311908099,112305314021852,2853,28.530000000,sine_f2,state,0,0.059881604,2009,0.061359232,2008,0.047961648,-2,0.000000000,0,-0.226000,2,0.059825251,2009,0.000000000,0,12.500,38,32484,0,1,
112305323985864,112305320008952,112305321899634,112305323985864,2854,28.540000000,sine_f2,state,0,0.059733718,2009,0.061359232,2008,0.023980824,-1,-0.003360000,1,-0.113000,1,0.059825251,2009,0.000000000,0,12.500,38,32494,0,1,
112305333993750,112305330006818,112305331902495,112305333993750,2855,28.550000000,sine_f2,state,0,0.059526882,2009,0.061359232,2008,0.023980824,-1,0.000000000,0,0.113000,-1,0.059825251,2009,0.000000000,0,12.500,38,32504,0,1,
112305344216864,112305340006214,112305341905047,112305344216864,2856,28.560000000,sine_f2,state,0,0.059261300,2009,0.061359232,2008,0.000000000,0,-0.003360000,1,-0.226000,2,0.059825251,2009,0.000000000,0,12.500,38,32514,0,1,
112305354025368,112305350082996,112305351917303,112305354025368,2857,28.570000000,sine_f2,state,0,0.058937235,2010,0.061359232,2008,0.000000000,0,-0.003360000,1,-0.565000,5,0.058291270,2010,0.000000000,0,12.500,38,32524,0,1,
112305364029370,112305360087355,112305361915256,112305364029370,2858,28.580000000,sine_f2,state,0,0.058555006,2010,0.061359232,2008,0.000000000,0,-0.016800000,5,-0.791000,7,0.058291270,2010,0.000000000,0,12.500,38,32534,0,1,
112305374033292,112305370091852,112305371927611,112305374033292,2859,28.590000000,sine_f2,state,0,0.058114990,2010,0.061359232,2008,0.000000000,0,-0.010080000,3,-0.904000,8,0.058291270,2010,0.000000000,0,12.500,38,32544,0,1,
112305384048029,112305380082834,112305381919526,112305384048029,2860,28.600000000,sine_f2,state,0,0.057617621,2010,0.061359232,2008,0.000000000,0,-0.013440000,4,-0.904000,8,0.058291270,2010,0.000000000,0,12.500,38,32554,0,1,
112305394033657,112305390084928,112305391917651,112305394033657,2861,28.610000000,sine_f2,state,0,0.057063391,2011,0.059825251,2009,0.000000000,0,-0.016800000,5,-1.130000,10,0.056757289,2011,0.000000000,0,12.500,38,32564,0,1,
112305404047707,112305400086261,112305401914925,112305404047707,2862,28.620000000,sine_f2,state,0,0.056452846,2011,0.059825251,2009,0.000000000,0,-0.023520000,7,-1.243000,11,0.056757289,2011,0.000000000,0,12.500,38,32574,0,1,
112305414071946,112305410094378,112305411977464,112305414071946,2863,28.630000000,sine_f2,state,0,0.055786589,2012,0.059825251,2009,0.000000000,0,-0.023520000,7,-1.356000,12,0.055223308,2012,0.000000000,0,12.500,38,32584,0,1,
112305424065276,112305420010171,112305421937568,112305424065276,2864,28.640000000,sine_f2,state,0,0.055065278,2012,0.059825251,2009,0.000000000,0,-0.030240000,9,-1.469000,13,0.055223308,2012,0.000000000,0,12.500,38,32594,0,1,
112305434068563,112305430010014,112305431966206,112305434068563,2865,28.650000000,sine_f2,state,0,0.054289623,2013,0.061359232,2008,0.000000000,0,-0.036960000,11,-1.695000,15,0.053689328,2013,0.000000000,0,12.500,38,32604,0,1,
112305444058810,112305440007391,112305441969588,112305444058810,2866,28.660000000,sine_f2,state,0,0.053460391,2013,0.061359232,2008,0.000000000,0,-0.036960000,11,-2.486000,22,0.053689328,2013,0.000000000,0,12.500,38,32614,0,1,
112305454060802,112305450007081,112305451964389,112305454060802,2867,28.670000000,sine_f2,state,0,0.052578401,2014,0.059825251,2009,0.000000000,0,-0.033600000,10,-3.842000,34,0.052155347,2014,0.000000000,0,12.500,38,32624,0,1,
112305464056144,112305460006271,112305461965792,112305464056144,2868,28.680000000,sine_f2,state,0,0.051644522,2014,0.058291270,2010,0.000000000,0,-0.023520000,7,-6.780000,60,0.052155347,2014,0.000000000,0,12.400,38,32634,0,1,
112305474054233,112305470006581,112305471933341,112305474054233,2869,28.690000000,sine_f2,state,0,0.050659676,2015,0.056757289,2011,-0.023980824,1,-0.026880000,8,-9.492000,84,0.050621366,2015,0.000000000,0,12.500,38,32644,0,1,
112305484080675,112305480006930,112305481964352,112305484080675,2870,28.700000000,sine_f2,state,0,0.049624834,2016,0.053689328,2013,-0.047961648,2,-0.016800000,5,-11.300000,100,0.049087385,2016,0.000000000,0,12.500,38,32654,0,1,
112305494053520,112305490009304,112305491967605,112305494053520,2871,28.710000000,sine_f2,state,0,0.048541020,2016,0.047553404,2017,-0.095923296,4,-0.003360000,1,-10.622000,94,0.049087385,2016,0.000000000,0,12.400,38,32664,0,1,
112305504009283,112305500006461,112305501920104,112305504009283,2872,28.720000000,sine_f2,state,0,0.047409301,2017,0.044485443,2019,-0.143884944,6,0.067200000,-20,-0.339000,3,0.047553404,2017,0.000000000,0,12.500,38,32674,0,1,
112305513994368,112305510012625,112305511909534,112305513994368,2873,28.730000000,sine_f2,state,0,0.046230795,2018,0.041417481,2021,-0.191846591,8,0.016800000,-5,0.000000,0,0.046019424,2018,0.000000000,0,12.500,38,32684,0,1,
112305523992560,112305520010125,112305521904701,112305523992560,2874,28.740000000,sine_f2,state,0,0.045006664,2019,0.041417481,2021,-0.215827415,9,0.010080000,-3,1.582000,-14,0.044485443,2019,0.000000000,0,12.500,38,32694,0,1,
112305533972888,112305530006453,112305531885909,112305533972888,2875,28.750000000,sine_f2,state,0,0.043738118,2019,0.041417481,2021,-0.239808239,10,0.016800000,-5,3.277000,-29,0.044485443,2019,0.000000000,0,12.400,38,32703,0,1,
112305543976643,112305540006601,112305541906824,112305543976643,2876,28.760000000,sine_f2,state,0,0.042426407,2020,0.042951462,2020,-0.215827415,9,0.006720000,-2,2.938000,-26,0.042951462,2020,0.000000000,0,12.500,38,32714,0,1,
112305553971218,112305550006305,112305551902279,112305553971218,2877,28.770000000,sine_f2,state,0,0.041072826,2021,0.042951462,2020,-0.191846591,8,0.000000000,0,1.243000,-11,0.041417481,2021,0.000000000,0,12.500,38,32724,0,1,
112305563968041,112305560006557,112305561904516,112305563968041,2878,28.780000000,sine_f2,state,0,0.039678712,2022,0.044485443,2019,-0.119904120,5,-0.010080000,3,-0.678000,6,0.039883500,2022,0.000000000,0,12.500,38,32734,0,1,
112305573967401,112305570006851,112305571904942,112305573967401,2879,28.790000000,sine_f2,state,0,0.038245439,2023,0.044485443,2019,-0.071942472,3,-0.026880000,8,-1.469000,13,0.038349520,2023,0.000000000,0,12.500,38,32744,0,1,
112305583964591,112305580007061,112305581905328,112305583964591,2880,28.800000000,sine_f2,state,0,0.036774423,2024,0.044485443,2019,-0.023980824,1,-0.036960000,11,-1.582000,14,0.036815539,2024,0.000000000,0,12.500,38,32754,0,1,
112305593974797,112305590009177,112305591887932,112305593974797,2881,28.810000000,sine_f2,state,0,0.035267115,2025,0.044485443,2019,0.000000000,0,-0.040320000,12,-2.712000,24,0.035281558,2025,0.000000000,0,12.500,38,32763,0,1,
112305603970339,112305600011039,112305601891296,112305603970339,2882,28.820000000,sine_f2,state,0,0.033725003,2026,0.042951462,2020,0.000000000,0,-0.040320000,12,-3.729000,33,0.033747577,2026,0.000000000,0,12.500,38,5,0,1,
112305613982592,112305610009130,112305611885964,112305613982592,2883,28.830000000,sine_f2,state,0,0.032149608,2027,0.042951462,2020,0.000000000,0,-0.047040000,14,-6.667000,59,0.032213597,2027,0.000000000,0,12.500,38,15,0,1,
112305623977124,112305620008588,112305621887867,112305623977124,2884,28.840000000,sine_f2,state,0,0.030542485,2028,0.039883500,2022,0.000000000,0,-0.040320000,12,-10.848000,96,0.030679616,2028,0.000000000,0,12.600,38,25,0,1,
112305633978301,112305630009543,112305631884885,112305633978301,2885,28.850000000,sine_f2,state,0,0.028905220,2029,0.035281558,2025,-0.047961648,2,-0.026880000,8,-11.639000,103,0.029145635,2029,0.000000000,0,12.500,38,35,0,1,
112305643973617,112305640006739,112305641883426,112305643973617,2886,28.860000000,sine_f2,state,0,0.027239430,2030,0.029145635,2029,-0.095923296,4,-0.003360000,1,-11.865000,105,0.027611654,2030,0.000000000,0,12.500,38,45,0,1,
112305653981281,112305650008835,112305651885925,112305653981281,2887,28.870000000,sine_f2,state,0,0.025546757,2031,0.024543693,2032,-0.167865767,7,-0.026880000,8,-3.390000,30,0.026077673,2031,0.000000000,0,12.500,38,55,0,1,
112305663970378,112305660006921,112305661889161,112305663970378,2888,28.880000000,sine_f2,state,0,0.023828873,2032,0.019941750,2035,-0.239808239,10,-0.060480000,18,-0.339000,3,0.024543693,2032,0.000000000,0,12.600,38,66,0,1,
112305673977474,112305670006924,112305671889533,112305673977474,2889,28.890000000,sine_f2,state,0,0.022087473,2034,0.018407769,2036,-0.287769887,12,0.043680000,-13,0.113000,-1,0.021475731,2034,0.000000000,0,12.600,38,75,1,1,
112305683963863,112305680007393,112305681887870,112305683963863,2890,28.900000000,sine_f2,state,0,0.020324275,2035,0.018407769,2036,-0.311750711,13,0.016800000,-5,2.147000,-19,0.019941750,2035,0.000000000,0,12.600,38,85,1,1,
112305693972312,112305690007557,112305691886062,112305693972312,2891,28.910000000,sine_f2,state,0,0.018541020,2036,0.018407769,2036,-0.311750711,13,0.010080000,-3,2.938000,-26,0.018407769,2036,0.000000000,0,12.500,38,95,1,1,
112305703966768,112305700009187,112305701884831,112305703966768,2892,28.920000000,sine_f2,state,0,0.016739466,2037,0.019941750,2035,-0.287769887,12,0.000000000,0,0.452000,-4,0.016873789,2037,0.000000000,0,12.500,38,105,1,1,
112305713976112,112305710006773,112305711886833,112305713976112,2893,28.930000000,sine_f2,state,0,0.014921393,2038,0.019941750,2035,-0.215827415,9,-0.016800000,5,-0.904000,8,0.015339808,2038,0.000000000,0,12.500,38,115,0,1,
112305723973405,112305720007119,112305721882862,112305723973405,2894,28.940000000,sine_f2,state,0,0.013088594,2039,0.018407769,2036,-0.143884944,6,-0.020160000,6,-0.791000,7,0.013805827,2039,0.000000000,0,12.500,38,125,0,1,
112305733965951,112305730006699,112305731885187,112305733965951,2895,28.950000000,sine_f2,state,0,0.011242879,2041,0.019941750,2035,-0.071942472,3,-0.033600000,10,-1.243000,11,0.010737866,2041,0.000000000,0,12.500,38,135,0,1,
112305743969190,112305740006520,112305741882279,112305743969190,2896,28.960000000,sine_f2,state,0,0.009386068,2042,0.019941750,2035,-0.047961648,2,-0.050400000,15,-1.808000,16,0.009203885,2042,0.000000000,0,12.500,38,145,0,1,
112305753958887,112305750006519,112305751880685,112305753958887,2897,28.970000000,sine_f2,state,0,0.007519994,2043,0.018407769,2036,-0.023980824,1,-0.060480000,18,-4.181000,37,0.007669904,2043,0.000000000,0,12.500,38,155,0,1,
112305763965363,112305760006945,112305761883869,112305763965363,2898,28.980000000,sine_f2,state,0,0.005646499,2044,0.016873789,2037,0.000000000,0,-0.057120000,17,-8.023000,71,0.006135923,2044,0.000000000,0,12.500,38,165,0,1,
112305773898171,112305770006791,112305771888345,112305773898171,2899,28.990000000,sine_f2,hardware_error,0,0.003767431,2046,,,,,,,,,,,,,,,,,,0
112305783972903,112305780006686,112305781889196,112305783972903,2900,29.000000000,sine_f2,state,0,0.001884646,2047,0.010737866,2041,-0.047961648,2,-0.040320000,12,-11.978000,106,0.001533981,2047,0.000000000,0,12.500,38,185,0,1,
112305793966517,112305790006777,112305791885129,112305793966517,2901,29.010000000,sine_f2,state,0,0.000000000,2048,0.004601942,2045,-0.095923296,4,-0.016800000,5,-13.673000,121,0.000000000,2048,0.000000000,0,12.400,38,195,0,1,
112305803970957,112305800006841,112305801884832,112305803970957,2902,29.020000000,sine_f2,state,0,-0.001884646,2049,-0.003067962,2050,-0.191846591,8,-0.006720000,2,-10.961000,97,-0.001533981,2049,0.000000000,0,12.500,38,205,0,1,
112305813968153,112305810014559,112305811890500,112305813968153,2903,29.030000000,sine_f2,state,0,-0.003767431,2050,-0.009203885,2054,-0.287769887,12,-0.036960000,11,-4.633000,41,-0.003067962,2050,0.000000000,0,12.500,38,216,1,1,
112305823975202,112305820006426,112305821885115,112305823975202,2904,29.040000000,sine_f2,state,0,-0.005646499,2052,-0.010737866,2055,-0.335731535,14,0.043680000,-13,0.339000,-3,-0.006135923,2052,0.000000000,0,12.500,38,225,1,1,
112305833974275,112305830006884,112305831887544,112305833974275,2905,29.050000000,sine_f2,state,0,-0.007519994,2053,-0.010737866,2055,-0.383693183,16,0.020160000,-6,2.147000,-19,-0.007669904,2053,0.000000000,0,12.500,38,235,1,1,
112305843977389,112305840008852,112305841885470,112305843977389,2906,29.060000000,sine_f2,state,0,-0.009386068,2054,-0.010737866,2055,-0.383693183,16,0.016800000,-5,3.051000,-27,-0.009203885,2054,0.000000000,0,12.500,38,245,1,1,
112305853975835,112305850006259,112305851887249,112305853975835,2907,29.070000000,sine_f2,state,0,-0.011242879,2055,-0.010737866,2055,-0.359712359,15,0.013440000,-4,3.051000,-27,-0.010737866,2055,0.000000000,0,12.500,38,255,1,1,
112305863974091,112305860009525,112305861884293,112305863974091,2908,29.080000000,sine_f2,state,0,-0.013088594,2057,-0.010737866,2055,-0.287769887,12,0.000000000,0,1.356000,-12,-0.013805827,2057,0.000000000,0,12.500,38,265,1,1,
112305873973408,112305870009450,112305871883209,112305873973408,2909,29.090000000,sine_f2,state,0,-0.014921393,2058,-0.010737866,2055,-0.215827415,9,-0.020160000,6,-1.130000,10,-0.015339808,2058,0.000000000,0,12.500,38,275,0,1,
112305883969531,112305880006875,112305881885760,112305883969531,2910,29.100000000,sine_f2,state,0,-0.016739466,2059,-0.009203885,2054,-0.119904120,5,-0.030240000,9,-1.469000,13,-0.016873789,2059,0.000000000,0,12.500,38,285,0,1,
112305893967140,112305890006998,112305891888301,112305893967140,2911,29.110000000,sine_f2,state,0,-0.018541020,2060,-0.010737866,2055,-0.047961648,2,-0.040320000,12,-1.695000,15,-0.018407769,2060,0.000000000,0,12.500,38,295,0,1,
112305903964702,112305900006608,112305901885064,112305903964702,2912,29.120000000,sine_f2,state,0,-0.020324275,2061,-0.009203885,2054,-0.023980824,1,-0.047040000,14,-3.390000,30,-0.019941750,2061,0.000000000,0,12.500,38,305,0,1,
112305913973030,112305910009778,112305911890030,112305913973030,2913,29.130000000,sine_f2,state,0,-0.022087473,2062,-0.010737866,2055,0.000000000,0,-0.036960000,11,-6.441000,57,-0.021475731,2062,0.000000000,0,12.500,38,315,0,1,
112305923973443,112305920012314,112305921887656,112305923973443,2914,29.140000000,sine_f2,state,0,-0.023828873,2064,-0.013805827,2057,0.000000000,0,-0.043680000,13,-10.735000,95,-0.024543693,2064,0.000000000,0,12.500,38,325,0,1,
112305933969319,112305930006634,112305931885393,112305933969319,2915,29.150000000,sine_f2,state,0,-0.025546757,2065,-0.018407769,2060,-0.023980824,1,-0.040320000,12,-11.865000,105,-0.026077673,2065,0.000000000,0,12.500,38,335,0,1,
112305944201295,112305940007149,112305941882096,112305944201295,2916,29.160000000,sine_f2,state,0,-0.027239430,2066,-0.023009712,2063,-0.095923296,4,-0.020160000,6,-12.091000,107,-0.027611654,2066,0.000000000,0,12.500,38,345,0,1,
112305954006804,112305950089088,112305951894811,112305954006804,2917,29.170000000,sine_f2,state,0,-0.028905220,2067,-0.029145635,2067,-0.167865767,7,-0.010080000,3,-9.944000,88,-0.029145635,2067,0.000000000,0,12.500,38,355,0,1,
112305963995753,112305960093840,112305961896706,112305963995753,2918,29.180000000,sine_f2,state,0,-0.030542485,2068,-0.035281558,2071,-0.239808239,10,0.057120000,-17,-0.339000,3,-0.030679616,2068,0.000000000,0,12.500,38,366,0,1,
112305973991931,112305970089970,112305971895950,112305973991931,2919,29.190000000,sine_f2,state,0,-0.032149608,2069,-0.036815539,2072,-0.311750711,13,0.000000000,0,0.226000,-2,-0.032213597,2069,0.000000000,0,12.500,38,376,1,1,
112305983998777,112305980086563,112305981897820,112305983998777,2920,29.200000000,sine_f2,state,0,-0.033725003,2070,-0.036815539,2072,-0.335731535,14,0.016800000,-5,2.260000,-20,-0.033747577,2070,0.000000000,0,12.500,38,385,1,1,
112305994019563,112305990095844,112305991896170,112305994019563,2921,29.210000000,sine_f2,state,0,-0.035267115,2071,-0.036815539,2072,-0.335731535,14,0.013440000,-4,3.164000,-28,-0.035281558,2071,0.000000000,0,12.500,38,396,1,1,
112306003996720,112306000093347,112306001895045,112306003996720,2922,29.220000000,sine_f2,state,0,-0.036774423,2072,-0.035281558,2071,-0.311750711,13,0.003360000,-1,2.712000,-24,-0.036815539,2072,0.000000000,0,12.500,38,405,1,1,
112306013964654,112306010025305,112306011876868,112306013964654,2923,29.230000000,sine_f2,state,0,-0.038245439,2073,-0.033747577,2070,-0.239808239,10,0.010080000,-3,0.113000,-1,-0.038349520,2073,0.000000000,0,12.500,38,415,0,1,
112306023952782,112306020007341,112306021867017,112306023952782,2924,29.240000000,sine_f2,state,0,-0.039678712,2074,-0.035281558,2071,-0.167865767,7,-0.013440000,4,-0.904000,8,-0.039883500,2074,0.000000000,0,12.500,38,425,0,1,
112306033949545,112306030006153,112306031866605,112306033949545,2925,29.250000000,sine_f2,state,0,-0.041072826,2075,-0.035281558,2071,-0.095923296,4,-0.026880000,8,-1.130000,10,-0.041417481,2075,0.000000000,0,12.500,38,435,0,1,
112306043949316,112306040006820,112306041863594,112306043949316,2926,29.260000000,sine_f2,state,0,-0.042426407,2076,-0.035281558,2071,-0.047961648,2,-0.033600000,10,-1.243000,11,-0.042951462,2076,0.000000000,0,12.500,38,445,0,1,
112306053949867,112306050006998,112306051868017,112306053949867,2927,29.270000000,sine_f2,state,0,-0.043738118,2077,-0.035281558,2071,-0.023980824,1,-0.040320000,12,-1.808000,16,-0.044485443,2077,0.000000000,0,12.500,38,455,0,1,
112306063948480,112306060006667,112306061866490,112306063948480,2928,29.280000000,sine_f2,state,0,-0.045006664,2077,-0.035281558,2071,0.000000000,0,-0.047040000,14,-3.616000,32,-0.044485443,2077,0.000000000,0,12.500,38,465,0,1,
112306073955507,112306070006312,112306071864654,112306073955507,2929,29.290000000,sine_f2,state,0,-0.046230795,2078,-0.036815539,2072,0.000000000,0,-0.036960000,11,-6.554000,58,-0.046019424,2078,0.000000000,0,12.500,38,475,0,1,
112306083954940,112306080006648,112306081861214,112306083954940,2930,29.300000000,sine_f2,state,0,-0.047409301,2079,-0.038349520,2073,0.000000000,0,-0.036960000,11,-10.735000,95,-0.047553404,2079,0.000000000,0,12.600,38,485,0,1,
112306093951049,112306090006978,112306091862543,112306093951049,2931,29.310000000,sine_f2,state,0,-0.048541020,2080,-0.042951462,2076,-0.047961648,2,-0.030240000,9,-11.413000,101,-0.049087385,2080,0.000000000,0,12.600,38,495,0,1,
112306103947214,112306100006991,112306101867407,112306103947214,2932,29.320000000,sine_f2,state,0,-0.049624834,2080,-0.049087385,2080,-0.095923296,4,-0.003360000,1,-11.526000,102,-0.049087385,2080,0.000000000,0,12.600,38,505,0,1,
112306113952173,112306110008625,112306111869673,112306113952173,2933,29.330000000,sine_f2,state,0,-0.050659676,2081,-0.053689328,2083,-0.143884944,6,-0.026880000,8,-3.277000,29,-0.050621366,2081,0.000000000,0,12.600,38,515,0,1,
112306123945907,112306120007336,112306121868259,112306123945907,2934,29.340000000,sine_f2,state,0,-0.051644522,2082,-0.056757289,2085,-0.215827415,9,-0.057120000,17,-0.113000,1,-0.052155347,2082,0.000000000,0,12.500,38,525,0,1,
112306133950402,112306130009006,112306131863910,112306133950402,2935,29.350000000,sine_f2,state,0,-0.052578401,2082,-0.058291270,2086,-0.263789063,11,0.026880000,-8,1.582000,-14,-0.052155347,2082,0.000000000,0,12.500,38,535,1,1,
112306143959113,112306140006252,112306141865620,112306143959113,2936,29.360000000,sine_f2,state,0,-0.053460391,2083,-0.056757289,2085,-0.287769887,12,0.030240000,-9,3.051000,-27,-0.053689328,2083,0.000000000,0,12.500,38,545,1,1,
112306153951338,112306150006633,112306151866737,112306153951338,2937,29.370000000,sine_f2,state,0,-0.054289623,2083,-0.056757289,2085,-0.287769887,12,0.020160000,-6,3.164000,-28,-0.053689328,2083,0.000000000,0,12.500,38,555,1,1,
112306163951929,112306160007230,112306161865051,112306163951929,2938,29.380000000,sine_f2,state,0,-0.055065278,2084,-0.055223308,2084,-0.239808239,10,0.013440000,-4,2.825000,-25,-0.055223308,2084,0.000000000,0,12.500,38,565,0,1,
112306173954684,112306170007118,112306171861860,112306173954684,2939,29.390000000,sine_f2,state,0,-0.055786589,2084,-0.053689328,2083,-0.167865767,7,0.000000000,0,0.678000,-6,-0.055223308,2084,0.000000000,0,12.500,38,575,0,1,
112306183952819,112306180009347,112306181862101,112306183952819,2940,29.400000000,sine_f2,state,0,-0.056452846,2085,-0.053689328,2083,-0.095923296,4,-0.003360000,1,-0.113000,1,-0.056757289,2085,0.000000000,0,12.500,38,585,0,1,
112306193950560,112306190007349,112306191862192,112306193950560,2941,29.410000000,sine_f2,state,0,-0.057063391,2085,-0.055223308,2084,-0.023980824,1,-0.016800000,5,-1.017000,9,-0.056757289,2085,0.000000000,0,12.500,38,595,0,1,
112306203944159,112306200006639,112306201867038,112306203944159,2942,29.420000000,sine_f2,state,0,-0.057617621,2086,-0.053689328,2083,0.000000000,0,-0.010080000,3,-0.791000,7,-0.058291270,2086,0.000000000,0,12.500,38,605,0,1,
112306213938579,112306210009951,112306211883906,112306213938579,2943,29.430000000,sine_f2,state,0,-0.058114990,2086,-0.053689328,2083,0.000000000,0,-0.020160000,6,-0.904000,8,-0.058291270,2086,0.000000000,0,12.500,38,615,0,1,
112306223949660,112306220008924,112306221868494,112306223949660,2944,29.440000000,sine_f2,state,0,-0.058555006,2086,-0.055223308,2084,0.023980824,-1,-0.020160000,6,-0.904000,8,-0.058291270,2086,0.000000000,0,12.500,38,625,0,1,
112306233943781,112306230007238,112306231863924,112306233943781,2945,29.450000000,sine_f2,state,0,-0.058937235,2086,-0.053689328,2083,0.000000000,0,-0.013440000,4,-1.017000,9,-0.058291270,2086,0.000000000,0,12.500,38,635,0,1,
112306243947213,112306240009669,112306241863475,112306243947213,2946,29.460000000,sine_f2,state,0,-0.059261300,2087,-0.055223308,2084,0.000000000,0,-0.023520000,7,-1.130000,10,-0.059825251,2087,0.000000000,0,12.500,38,645,0,1,
112306253949568,112306250006675,112306251865781,112306253949568,2947,29.470000000,sine_f2,state,0,-0.059526882,2087,-0.055223308,2084,0.000000000,0,-0.026880000,8,-1.017000,9,-0.059825251,2087,0.000000000,0,12.500,38,655,0,1,
112306263945394,112306260006398,112306261865628,112306263945394,2948,29.480000000,sine_f2,state,0,-0.059733718,2087,-0.053689328,2083,0.000000000,0,-0.030240000,9,-1.243000,11,-0.059825251,2087,0.000000000,0,12.500,38,665,0,1,
112306273945794,112306270006385,112306271865755,112306273945794,2949,29.490000000,sine_f2,state,0,-0.059881604,2087,-0.055223308,2084,0.000000000,0,-0.026880000,8,-1.017000,9,-0.059825251,2087,0.000000000,0,12.500,38,675,0,1,
112306283940884,112306280006795,112306281860690,112306283940884,2950,29.500000000,sine_f2,state,0,-0.059970394,2087,-0.053689328,2083,0.000000000,0,-0.026880000,8,-1.130000,10,-0.059825251,2087,0.000000000,0,12.500,38,685,0,1,
112306293945760,112306290009419,112306291862049,112306293945760,2951,29.510000000,sine_f2,state,0,-0.060000000,2087,-0.055223308,2084,0.000000000,0,-0.030240000,9,-1.243000,11,-0.059825251,2087,0.000000000,0,12.500,38,695,0,1,
112306304167539,112306300006977,112306301863574,112306304167539,2952,29.520000000,sine_f2,state,0,-0.059970394,2087,-0.053689328,2083,0.000000000,0,-0.030240000,9,-1.243000,11,-0.059825251,2087,0.000000000,0,12.500,38,705,0,1,
112306313980112,112306310095029,112306311877583,112306313980112,2953,29.530000000,sine_f2,state,0,-0.059881604,2087,-0.055223308,2084,0.000000000,0,-0.030240000,9,-1.017000,9,-0.059825251,2087,0.000000000,0,12.500,38,715,0,1,
112306323971080,112306320086831,112306321876209,112306323971080,2954,29.540000000,sine_f2,state,0,-0.059733718,2087,-0.055223308,2084,0.000000000,0,-0.033600000,10,-1.130000,10,-0.059825251,2087,0.000000000,0,12.500,38,725,0,1,
112306333969828,112306330087830,112306331874734,112306333969828,2955,29.550000000,sine_f2,state,0,-0.059526882,2087,-0.053689328,2083,0.000000000,0,-0.026880000,8,-1.130000,10,-0.059825251,2087,0.000000000,0,12.500,38,735,0,1,
112306343982132,112306340095479,112306341887265,112306343982132,2956,29.560000000,sine_f2,state,0,-0.059261300,2087,-0.055223308,2084,0.000000000,0,-0.033600000,10,-1.243000,11,-0.059825251,2087,0.000000000,0,12.500,38,745,0,1,
112306353977991,112306350086137,112306351893250,112306353977991,2957,29.570000000,sine_f2,state,0,-0.058937235,2086,-0.053689328,2083,0.000000000,0,-0.026880000,8,-1.130000,10,-0.058291270,2086,0.000000000,0,12.500,38,755,0,1,
112306363972096,112306360101057,112306361881332,112306363972096,2958,29.580000000,sine_f2,state,0,-0.058555006,2086,-0.053689328,2083,0.000000000,0,-0.026880000,8,-1.017000,9,-0.058291270,2086,0.000000000,0,12.500,38,765,0,1,
112306373967818,112306370095216,112306371857721,112306373967818,2959,29.590000000,sine_f2,state,0,-0.058114990,2086,-0.055223308,2084,0.000000000,0,-0.020160000,6,-1.017000,9,-0.058291270,2086,0.000000000,0,12.500,38,775,0,1,
112306383969454,112306380089366,112306381890906,112306383969454,2960,29.600000000,sine_f2,state,0,-0.057617621,2086,-0.055223308,2084,0.000000000,0,-0.026880000,8,-0.904000,8,-0.058291270,2086,0.000000000,0,12.500,38,785,0,1,
112306393973637,112306390089952,112306391874143,112306393973637,2961,29.610000000,sine_f2,state,0,-0.057063391,2085,-0.053689328,2083,0.000000000,0,-0.023520000,7,-1.017000,9,-0.056757289,2085,0.000000000,0,12.500,38,795,0,1,
112306403972473,112306400096103,112306401855520,112306403972473,2962,29.620000000,sine_f2,state,0,-0.056452846,2085,-0.053689328,2083,0.000000000,0,-0.010080000,3,-0.904000,8,-0.056757289,2085,0.000000000,0,12.500,38,805,0,1,
112306413967257,112306410094226,112306411887211,112306413967257,2963,29.630000000,sine_f2,state,0,-0.055786589,2084,-0.053689328,2083,0.000000000,0,-0.013440000,4,-0.904000,8,-0.055223308,2084,0.000000000,0,12.500,38,815,0,1,
112306423972856,112306420085442,112306421875624,112306423972856,2964,29.640000000,sine_f2,state,0,-0.055065278,2084,-0.055223308,2084,0.000000000,0,-0.003360000,1,0.000000,0,-0.055223308,2084,0.000000000,0,12.500,38,825,0,1,
112306434011453,112306430109714,112306431915911,112306434011453,2965,29.650000000,sine_f2,state,0,-0.054289623,2083,-0.053689328,2083,0.000000000,0,0.000000000,0,0.113000,-1,-0.053689328,2083,0.000000000,0,12.500,38,835,0,1,
112306443982567,112306440008879,112306441903448,112306443982567,2966,29.660000000,sine_f2,state,0,-0.053460391,2083,-0.055223308,2084,0.000000000,0,0.006720000,-2,1.469000,-13,-0.053689328,2083,0.000000000,0,12.500,38,845,0,1,
112306453985676,112306450010479,112306451899757,112306453985676,2967,29.670000000,sine_f2,state,0,-0.052578401,2082,-0.053689328,2083,0.000000000,0,0.003360000,-1,1.469000,-13,-0.052155347,2082,0.000000000,0,12.500,38,855,0,1,
112306463998513,112306460015356,112306461900286,112306463998513,2968,29.680000000,sine_f2,state,0,-0.051644522,2082,-0.053689328,2083,0.000000000,0,0.010080000,-3,3.051000,-27,-0.052155347,2082,0.000000000,0,12.500,38,865,0,1,
112306474018943,112306470007335,112306471909008,112306474018943,2969,29.690000000,sine_f2,state,0,-0.050659676,2081,-0.053689328,2083,0.000000000,0,0.006720000,-2,3.051000,-27,-0.050621366,2081,0.000000000,0,12.400,38,875,0,1,
112306483994867,112306480007172,112306481901293,112306483994867,2970,29.700000000,sine_f2,state,0,-0.049624834,2080,-0.052155347,2082,0.000000000,0,0.006720000,-2,2.938000,-26,-0.049087385,2080,0.000000000,0,12.500,38,885,0,1,
112306493984783,112306490006442,112306491906973,112306493984783,2971,29.710000000,sine_f2,state,0,-0.048541020,2080,-0.050621366,2081,0.000000000,0,0.013440000,-4,3.051000,-27,-0.049087385,2080,0.000000000,0,12.500,38,895,0,1,
112306503999184,112306500006111,112306501904574,112306503999184,2972,29.720000000,sine_f2,state,0,-0.047409301,2079,-0.050621366,2081,0.023980824,-1,0.003360000,-1,3.051000,-27,-0.047553404,2079,0.000000000,0,12.500,38,905,0,1,
112306513997309,112306510011345,112306511909605,112306513997309,2973,29.730000000,sine_f2,state,0,-0.046230795,2078,-0.050621366,2081,0.023980824,-1,0.016800000,-5,3.164000,-28,-0.046019424,2078,0.000000000,0,12.500,38,915,0,1,
112306523998324,112306520006812,112306521906358,112306523998324,2974,29.740000000,sine_f2,state,0,-0.045006664,2077,-0.049087385,2080,0.047961648,-2,0.016800000,-5,3.051000,-27,-0.044485443,2077,0.000000000,0,12.500,38,925,0,1,
112306533986625,112306530006994,112306531902478,112306533986625,2975,29.750000000,sine_f2,state,0,-0.043738118,2077,-0.047553404,2079,0.047961648,-2,0.010080000,-3,2.938000,-26,-0.044485443,2077,0.000000000,0,12.500,38,935,0,1,
112306543993376,112306540007455,112306541907863,112306543993376,2976,29.760000000,sine_f2,state,0,-0.042426407,2076,-0.046019424,2078,0.071942472,-3,0.013440000,-4,3.164000,-28,-0.042951462,2076,0.000000000,0,12.500,38,945,0,1,
112306553987777,112306550006822,112306551904678,112306553987777,2977,29.770000000,sine_f2,state,0,-0.041072826,2075,-0.046019424,2078,0.071942472,-3,0.016800000,-5,2.938000,-26,-0.041417481,2075,0.000000000,0,12.500,38,955,0,1,
112306563996032,112306560008991,112306561905078,112306563996032,2978,29.780000000,sine_f2,state,0,-0.039678712,2074,-0.044485443,2077,0.071942472,-3,0.023520000,-7,2.147000,-19,-0.039883500,2074,0.000000000,0,12.500,38,965,0,1,
112306573989580,112306570009305,112306571908882,112306573989580,2979,29.790000000,sine_f2,state,0,-0.038245439,2073,-0.042951462,2076,0.071942472,-3,0.026880000,-8,2.712000,-24,-0.038349520,2073,0.000000000,0,12.500,38,975,0,1,
112306583986512,112306580006345,112306581900978,112306583986512,2980,29.800000000,sine_f2,state,0,-0.036774423,2072,-0.042951462,2076,0.095923296,-4,0.026880000,-8,3.277000,-29,-0.036815539,2072,0.000000000,0,12.500,38,985,0,1,
112306593990353,112306590006927,112306591904313,112306593990353,2981,29.810000000,sine_f2,state,0,-0.035267115,2071,-0.041417481,2075,0.095923296,-4,0.026880000,-8,3.164000,-28,-0.035281558,2071,0.000000000,0,12.500,38,995,0,1,
112306603990277,112306600006883,112306601904561,112306603990277,2982,29.820000000,sine_f2,state,0,-0.033725003,2070,-0.039883500,2074,0.095923296,-4,0.033600000,-10,3.164000,-28,-0.033747577,2070,0.000000000,0,12.500,38,1005,0,1,
112306613998636,112306610012572,112306611912230,112306613998636,2983,29.830000000,sine_f2,state,0,-0.032149608,2069,-0.039883500,2074,0.095923296,-4,0.036960000,-11,3.277000,-29,-0.032213597,2069,0.000000000,0,12.500,38,1015,0,1,
112306623990186,112306620006709,112306621903184,112306623990186,2984,29.840000000,sine_f2,state,0,-0.030542485,2068,-0.038349520,2073,0.095923296,-4,0.033600000,-10,2.712000,-24,-0.030679616,2068,0.000000000,0,12.500,38,1025,0,1,
112306633985345,112306630006478,112306631902803,112306633985345,2985,29.850000000,sine_f2,state,0,-0.028905220,2067,-0.038349520,2073,0.095923296,-4,0.043680000,-13,3.164000,-28,-0.029145635,2067,0.000000000,0,12.500,38,1035,0,1,
112306643984421,112306640006253,112306641914808,112306643984421,2986,29.860000000,sine_f2,state,0,-0.027239430,2066,-0.036815539,2072,0.095923296,-4,0.043680000,-13,3.051000,-27,-0.027611654,2066,0.000000000,0,12.400,38,1045,0,1,
112306653997583,112306650006359,112306651906996,112306653997583,2987,29.870000000,sine_f2,state,0,-0.025546757,2065,-0.035281558,2071,0.095923296,-4,0.047040000,-14,3.164000,-28,-0.026077673,2065,0.000000000,0,12.500,38,1055,0,1,
112306663989502,112306660006598,112306661897243,112306663989502,2988,29.880000000,sine_f2,state,0,-0.023828873,2064,-0.033747577,2070,0.095923296,-4,0.050400000,-15,3.051000,-27,-0.024543693,2064,0.000000000,0,12.500,38,1065,0,1,
112306673994018,112306670008245,112306671901595,112306673994018,2989,29.890000000,sine_f2,state,0,-0.022087473,2062,-0.032213597,2069,0.095923296,-4,0.050400000,-15,2.938000,-26,-0.021475731,2062,0.000000000,0,12.500,38,1075,0,1,
112306683988525,112306680005908,112306681901251,112306683988525,2990,29.900000000,sine_f2,state,0,-0.020324275,2061,-0.030679616,2068,0.095923296,-4,0.067200000,-20,3.164000,-28,-0.019941750,2061,0.000000000,0,12.500,38,1085,0,1,
112306693991266,112306690007249,112306691901465,112306693991266,2991,29.910000000,sine_f2,state,0,-0.018541020,2060,-0.030679616,2068,0.095923296,-4,0.063840000,-19,3.277000,-29,-0.018407769,2060,0.000000000,0,12.500,38,1095,0,1,
112306703994515,112306700006657,112306701909091,112306703994515,2992,29.920000000,sine_f2,state,0,-0.016739466,2059,-0.029145635,2067,0.095923296,-4,0.067200000,-20,3.164000,-28,-0.016873789,2059,0.000000000,0,12.500,38,1105,0,1,
112306713993592,112306710011228,112306711901920,112306713993592,2993,29.930000000,sine_f2,state,0,-0.014921393,2058,-0.029145635,2067,0.095923296,-4,0.070560000,-21,3.164000,-28,-0.015339808,2058,0.000000000,0,12.500,38,1115,0,1,
112306723988118,112306720007224,112306721901321,112306723988118,2994,29.940000000,sine_f2,state,0,-0.013088594,2057,-0.026077673,2065,0.095923296,-4,0.070560000,-21,3.051000,-27,-0.013805827,2057,0.000000000,0,12.500,38,1125,0,1,
112306734010099,112306730006990,112306731902690,112306734010099,2995,29.950000000,sine_f2,state,0,-0.011242879,2055,-0.026077673,2065,0.095923296,-4,0.070560000,-21,3.051000,-27,-0.010737866,2055,0.000000000,0,12.500,38,1135,0,1,
112306743982066,112306740006720,112306741912734,112306743982066,2996,29.960000000,sine_f2,state,0,-0.009386068,2054,-0.024543693,2064,0.095923296,-4,0.073920000,-22,8.588000,-76,-0.009203885,2054,0.000000000,0,12.600,38,1145,0,1,
112306753989840,112306750006878,112306751905470,112306753989840,2997,29.970000000,sine_f2,state,0,-0.007519994,2053,-0.019941750,2061,0.119904120,-5,0.094080000,-28,15.707000,-139,-0.007669904,2053,0.000000000,0,12.600,38,1155,0,1,
112306763994920,112306760007334,112306761904964,112306763994920,2998,29.980000000,sine_f2,state,0,-0.005646499,2052,-0.013805827,2057,0.143884944,-6,0.030240000,-9,19.323000,-171,-0.006135923,2052,0.000000000,0,12.700,38,1165,0,1,
112306773927802,112306770009420,112306771905315,112306773927802,2999,29.990000000,sine_f2,hardware_error,0,-0.003767431,2050,,,,,,,,,,,,,,,,,,0
112306783990021,112306780006448,112306781898780,112306783990021,3000,30.000000000,sine_f2,state,0,-0.001884646,2049,0.004601942,2045,0.287769887,-12,-0.171360000,51,1.130000,-10,-0.001533981,2049,0.000000000,0,12.600,38,1185,1,1,
112306793979973,112306790006726,112306791901661,112306793979973,3001,30.010000000,sine_f2,state,0,-0.000000000,2048,0.010737866,2041,0.407674007,-17,-0.110880000,33,0.678000,-6,0.000000000,2048,0.000000000,0,12.600,38,1195,1,1,
112306803973349,112306800006573,112306801904417,112306803973349,3002,30.020000000,sine_f2,state,0,0.001884646,2047,0.015339808,2038,0.479616478,-20,-0.094080000,28,1.243000,-11,0.001533981,2047,0.000000000,0,12.600,38,1205,1,1,
112306813990418,112306810011009,112306811907395,112306813990418,3003,30.030000000,sine_f2,state,0,0.003767431,2046,0.015339808,2038,0.551558950,-23,-0.080640000,24,-0.678000,6,0.003067962,2046,0.000000000,0,12.600,38,1215,1,1,
112306823992293,112306820007942,112306821908622,112306823992293,3004,30.040000000,sine_f2,state,0,0.005646499,2044,0.015339808,2038,0.551558950,-23,-0.067200000,20,-2.938000,26,0.006135923,2044,0.000000000,0,12.600,38,1225,1,1,
112306833970294,112306830006716,112306831904353,112306833970294,3005,30.050000000,sine_f2,state,0,0.007519994,2043,0.015339808,2038,0.503597302,-21,-0.053760000,16,-4.407000,39,0.007669904,2043,0.000000000,0,12.500,38,1235,1,1,
112306843966013,112306840006656,112306841905295,112306843966013,3006,30.060000000,sine_f2,state,0,0.009386068,2042,0.015339808,2038,0.407674007,-17,-0.026880000,8,-9.040000,80,0.009203885,2042,0.000000000,0,12.500,38,1245,1,1,
112306853971656,112306850006637,112306851880823,112306853971656,3007,30.070000000,sine_f2,state,0,0.011242879,2041,0.012271846,2040,0.287769887,-12,-0.013440000,4,-10.509000,93,0.010737866,2041,0.000000000,0,12.600,38,1255,1,1,
112306863965458,112306860006493,112306861888707,112306863965458,3008,30.080000000,sine_f2,state,0,0.013088594,2039,0.007669904,2043,0.143884944,-6,-0.006720000,2,-6.554000,58,0.013805827,2039,0.000000000,0,12.500,38,1265,0,1,
112306873974979,112306870006581,112306871881995,112306873974979,3009,30.090000000,sine_f2,state,0,0.014921393,2038,0.004601942,2045,0.023980824,-1,0.060480000,-18,0.226000,-2,0.015339808,2038,0.000000000,0,12.500,38,1275,0,1,
112306883974740,112306880008314,112306881881461,112306883974740,3010,30.100000000,sine_f2,state,0,0.016739466,2037,0.004601942,2045,-0.047961648,2,0.057120000,-17,1.695000,-15,0.016873789,2037,0.000000000,0,12.500,38,1285,0,1,
112306893980536,112306890006448,112306891884748,112306893980536,3011,30.110000000,sine_f2,state,0,0.018541020,2036,0.004601942,2045,-0.095923296,4,0.070560000,-21,3.503000,-31,0.018407769,2036,0.000000000,0,12.500,38,1295,0,1,
112306903961929,112306900006675,112306901879426,112306903961929,3012,30.120000000,sine_f2,state,0,0.020324275,2035,0.004601942,2045,-0.119904120,5,0.067200000,-20,8.023000,-71,0.019941750,2035,0.000000000,0,12.500,38,1305,0,1,
112306913977182,112306910009094,112306911892352,112306913977182,3013,30.130000000,sine_f2,state,0,0.022087473,2034,0.007669904,2043,-0.119904120,5,0.063840000,-19,16.046000,-142,0.021475731,2034,0.000000000,0,12.300,38,1315,0,1,
112306923967873,112306920006672,112306921879537,112306923967873,3014,30.140000000,sine_f2,state,0,0.023828873,2032,0.013805827,2039,-0.095923296,4,0.060480000,-18,17.628000,-156,0.024543693,2032,0.000000000,0,12.400,38,1325,0,1,
112306933965567,112306930006195,112306931880915,112306933965567,3015,30.150000000,sine_f2,state,0,0.025546757,2031,0.021475731,2034,0.000000000,0,0.030240000,-9,19.097000,-169,0.026077673,2031,0.000000000,0,12.600,38,1335,0,1,
112306943971776,112306940007870,112306941882567,112306943971776,3016,30.160000000,sine_f2,state,0,0.027239430,2030,0.030679616,2028,0.119904120,-5,0.020160000,-6,14.916000,-132,0.027611654,2030,0.000000000,0,12.400,38,1345,0,1,
112306953969873,112306950007196,112306951877437,112306953969873,3017,30.170000000,sine_f2,state,0,0.028905220,2029,0.038349520,2023,0.263789063,-11,0.057120000,-17,1.356000,-12,0.029145635,2029,0.000000000,0,12.500,38,1355,1,1,
112306963985575,112306960007092,112306961879681,112306963985575,3018,30.180000000,sine_f2,state,0,0.030542485,2028,0.042951462,2020,0.383693183,-16,-0.006720000,2,-0.339000,3,0.030679616,2028,0.000000000,0,12.500,38,1365,1,1,
112306973970607,112306970009344,112306971876960,112306973970607,3019,30.190000000,sine_f2,state,0,0.032149608,2027,0.044485443,2019,0.479616478,-20,-0.070560000,21,-0.565000,5,0.032213597,2027,0.000000000,0,12.500,38,1375,1,1,
112306983964966,112306980008049,112306981878153,112306983964966,3020,30.200000000,sine_f2,state,0,0.033725003,2026,0.044485443,2019,0.527578126,-22,-0.067200000,20,-2.034000,18,0.033747577,2026,0.000000000,0,12.500,38,1385,1,1,
112306993970339,112306990006751,112306991881388,112306993970339,3021,30.210000000,sine_f2,state,0,0.035267115,2025,0.044485443,2019,0.503597302,-21,-0.047040000,14,-5.424000,48,0.035281558,2025,0.000000000,0,12.500,38,1395,1,1,
112307003974810,112307000007196,112307001882336,112307003974810,3022,30.220000000,sine_f2,state,0,0.036774423,2024,0.042951462,2020,0.431654831,-18,-0.043680000,13,-8.362000,74,0.036815539,2024,0.000000000,0,12.300,38,1405,1,1,
112307013988231,112307010009567,112307011893931,112307013988231,3023,30.230000000,sine_f2,state,0,0.038245439,2023,0.039883500,2022,0.311750711,-13,-0.026880000,8,-10.735000,95,0.038349520,2023,0.000000000,0,12.400,38,1415,1,1,
112307023967154,112307020007378,112307021893609,112307023967154,3024,30.240000000,sine_f2,state,0,0.039678712,2022,0.036815539,2024,0.191846591,-8,-0.006720000,2,-9.605000,85,0.039883500,2022,0.000000000,0,12.500,38,1425,0,1,
112307033972570,112307030006310,112307031880739,112307033972570,3025,30.250000000,sine_f2,state,0,0.041072826,2021,0.033747577,2026,0.047961648,-2,-0.013440000,4,0.339000,-3,0.041417481,2021,0.000000000,0,12.500,38,1435,0,1,
112307043967166,112307040006297,112307041888055,112307043967166,3026,30.260000000,sine_f2,state,0,0.042426407,2020,0.032213597,2027,-0.047961648,2,0.060480000,-18,0.113000,-1,0.042951462,2020,0.000000000,0,12.500,38,1445,0,1,
112307053977248,112307050006227,112307051878247,112307053977248,3027,30.270000000,sine_f2,state,0,0.043738118,2019,0.032213597,2027,-0.119904120,5,0.063840000,-19,3.277000,-29,0.044485443,2019,0.000000000,0,12.500,38,1455,0,1,
112307063964305,112307060006187,112307061882192,112307063964305,3028,30.280000000,sine_f2,state,0,0.045006664,2019,0.032213597,2027,-0.143884944,6,0.063840000,-19,6.102000,-54,0.044485443,2019,0.000000000,0,12.400,38,1465,0,1,
112307073964219,112307070007451,112307071886510,112307073964219,3029,30.290000000,sine_f2,state,0,0.046230795,2018,0.033747577,2026,-0.143884944,6,0.070560000,-21,5.311000,-47,0.046019424,2018,0.000000000,0,12.500,38,1475,0,1,
112307083981540,112307080010080,112307081881056,112307083981540,3030,30.300000000,sine_f2,state,0,0.047409301,2017,0.036815539,2024,-0.119904120,5,0.063840000,-19,4.746000,-42,0.047553404,2017,0.000000000,0,12.500,38,1485,0,1,
112307093978504,112307090009384,112307091881356,112307093978504,3031,30.310000000,sine_f2,state,0,0.048541020,2016,0.038349520,2023,-0.071942472,3,0.067200000,-20,4.746000,-42,0.049087385,2016,0.000000000,0,12.500,38,1495,0,1,
112307103965001,112307100009515,112307101889477,112307103965001,3032,30.320000000,sine_f2,state,0,0.049624834,2016,0.039883500,2022,0.000000000,0,0.057120000,-17,4.633000,-41,0.049087385,2016,0.000000000,0,12.500,38,1505,0,1,
112307113973452,112307110011546,112307111882124,112307113973452,3033,30.330000000,sine_f2,state,0,0.050659676,2015,0.041417481,2021,0.047961648,-2,0.043680000,-13,4.859000,-43,0.050621366,2015,0.000000000,0,12.500,38,1515,0,1,
112307123965268,112307120007106,112307121886120,112307123965268,3034,30.340000000,sine_f2,state,0,0.051644522,2014,0.044485443,2019,0.095923296,-4,0.043680000,-13,4.407000,-39,0.052155347,2014,0.000000000,0,12.500,38,1525,0,1,
112307133974468,112307130007080,112307131881064,112307133974468,3035,30.350000000,sine_f2,state,0,0.052578401,2014,0.046019424,2018,0.119904120,-5,0.036960000,-11,4.407000,-39,0.052155347,2014,0.000000000,0,12.500,38,1535,0,1,
112307143968218,112307140007028,112307141879468,112307143968218,3036,30.360000000,sine_f2,state,0,0.053460391,2013,0.047553404,2017,0.167865767,-7,0.030240000,-9,4.407000,-39,0.053689328,2013,0.000000000,0,12.500,38,1545,0,1,
112307153967195,112307150006792,112307151878738,112307153967195,3037,30.370000000,sine_f2,state,0,0.054289623,2013,0.050621366,2015,0.167865767,-7,0.020160000,-6,4.407000,-39,0.053689328,2013,0.000000000,0,12.500,38,1555,0,1,
112307163969992,112307160007534,112307161889200,112307163969992,3038,30.380000000,sine_f2,state,0,0.055065278,2012,0.052155347,2014,0.191846591,-8,0.006720000,-2,4.294000,-38,0.055223308,2012,0.000000000,0,12.500,38,1565,0,1,
112307173964972,112307170006915,112307171875639,112307173964972,3039,30.390000000,sine_f2,state,0,0.055786589,2012,0.053689328,2013,0.191846591,-8,0.006720000,-2,4.407000,-39,0.055223308,2012,0.000000000,0,12.500,38,1575,0,1,
112307183966432,112307180007104,112307181882962,112307183966432,3040,30.400000000,sine_f2,state,0,0.056452846,2011,0.055223308,2012,0.191846591,-8,0.013440000,-4,0.226000,-2,0.056757289,2011,0.000000000,0,12.500,38,1585,0,1,
112307193966381,112307190008232,112307191882653,112307193966381,3041,30.410000000,sine_f2,state,0,0.057063391,2011,0.056757289,2011,0.191846591,-8,0.000000000,0,0.113000,-1,0.056757289,2011,0.000000000,0,12.500,38,1595,0,1,
112307203961645,112307200011505,112307201881684,112307203961645,3042,30.420000000,sine_f2,state,0,0.057617621,2010,0.056757289,2011,0.167865767,-7,0.000000000,0,0.113000,-1,0.058291270,2010,0.000000000,0,12.500,38,1605,0,1,
112307213967202,112307210010978,112307211889485,112307213967202,3043,30.430000000,sine_f2,state,0,0.058114990,2010,0.056757289,2011,0.143884944,-6,0.006720000,-2,2.147000,-19,0.058291270,2010,0.000000000,0,12.500,38,1615,0,1,
112307223948738,112307220006889,112307221880955,112307223948738,3044,30.440000000,sine_f2,state,0,0.058555006,2010,0.056757289,2011,0.119904120,-5,0.010080000,-3,2.938000,-26,0.058291270,2010,0.000000000,0,12.500,38,1625,0,1,
112307233949462,112307230006759,112307231887753,112307233949462,3045,30.450000000,sine_f2,state,0,0.058937235,2010,0.058291270,2010,0.095923296,-4,0.003360000,-1,2.599000,-23,0.058291270,2010,0.000000000,0,12.500,38,1635,0,1,
112307243966697,112307240006634,112307241891316,112307243966697,3046,30.460000000,sine_f2,state,0,0.059261300,2009,0.058291270,2010,0.071942472,-3,0.003360000,-1,1.356000,-12,0.059825251,2009,0.000000000,0,12.500,38,1645,0,1,
112307253946472,112307250009163,112307251884051,112307253946472,3047,30.470000000,sine_f2,state,0,0.059526882,2009,0.059825251,2009,0.047961648,-2,0.006720000,-2,3.051000,-27,0.059825251,2009,0.000000000,0,12.500,38,1655,0,1,
112307263947566,112307260006767,112307261880502,112307263947566,3048,30.480000000,sine_f2,state,0,0.059733718,2009,0.059825251,2009,0.047961648,-2,0.003360000,-1,2.034000,-18,0.059825251,2009,0.000000000,0,12.500,38,1665,0,1,
112307273945785,112307270006847,112307271862012,112307273945785,3049,30.490000000,sine_f2,state,0,0.059881604,2009,0.059825251,2009,0.047961648,-2,0.000000000,0,0.565000,-5,0.059825251,2009,0.000000000,0,12.500,38,1675,0,1,
112307283956637,112307280006528,112307281861004,112307283956637,3050,30.500000000,sine_f2,state,0,0.059970394,2009,0.061359232,2008,0.047961648,-2,-0.003360000,1,0.113000,-1,0.059825251,2009,0.000000000,0,12.500,38,1685,0,1,
112307293947725,112307290006394,112307291863075,112307293947725,3051,30.510000000,sine_f2,state,0,0.060000000,2009,0.061359232,2008,0.047961648,-2,0.000000000,0,0.000000,0,0.059825251,2009,0.000000000,0,12.500,38,1695,0,1,
112307303945196,112307300006459,112307301858673,112307303945196,3052,30.520000000,sine_f2,state,0,0.059970394,2009,0.059825251,2009,0.023980824,-1,0.000000000,0,0.000000,0,0.059825251,2009,0.000000000,0,12.500,38,1705,0,1,
112307313946967,112307310014136,112307311861602,112307313946967,3053,30.530000000,sine_f2,state,0,0.059881604,2009,0.061359232,2008,0.023980824,-1,-0.003360000,1,-0.226000,2,0.059825251,2009,0.000000000,0,12.500,38,1715,0,1,
112307323949335,112307320007219,112307321869538,112307323949335,3054,30.540000000,sine_f2,state,0,0.059733718,2009,0.061359232,2008,0.023980824,-1,-0.003360000,1,0.000000,0,0.059825251,2009,0.000000000,0,12.500,38,1725,0,1,
112307333952655,112307330007257,112307331863806,112307333952655,3055,30.550000000,sine_f2,state,0,0.059526882,2009,0.059825251,2009,0.000000000,0,-0.006720000,2,0.000000,0,0.059825251,2009,0.000000000,0,12.500,38,1735,0,1,
112307343945751,112307340007045,112307341855764,112307343945751,3056,30.560000000,sine_f2,state,0,0.059261300,2009,0.061359232,2008,0.000000000,0,-0.003360000,1,0.000000,0,0.059825251,2009,0.000000000,0,12.500,38,1745,0,1,
112307353955022,112307350006736,112307351865359,112307353955022,3057,30.570000000,sine_f2,state,0,0.058937235,2010,0.061359232,2008,0.000000000,0,0.000000000,0,0.000000,0,0.058291270,2010,0.000000000,0,12.500,38,1755,0,1,
112307363949014,112307360009221,112307361866843,112307363949014,3058,30.580000000,sine_f2,state,0,0.058555006,2010,0.061359232,2008,0.000000000,0,-0.010080000,3,-1.017000,9,0.058291270,2010,0.000000000,0,12.500,38,1765,0,1,
112307373952152,112307370006695,112307371861877,112307373952152,3059,30.590000000,sine_f2,state,0,0.058114990,2010,0.061359232,2008,0.000000000,0,-0.013440000,4,-0.791000,7,0.058291270,2010,0.000000000,0,12.500,38,1775,0,1,
112307383943970,112307380006506,112307381860829,112307383943970,3060,30.600000000,sine_f2,state,0,0.057617621,2010,0.059825251,2009,0.000000000,0,-0.013440000,4,-0.791000,7,0.058291270,2010,0.000000000,0,12.500,38,1785,0,1,
112307393945933,112307390006646,112307391857972,112307393945933,3061,30.610000000,sine_f2,state,0,0.057063391,2011,0.061359232,2008,0.000000000,0,-0.010080000,3,-1.017000,9,0.056757289,2011,0.000000000,0,12.500,38,1795,0,1,
112307403955040,112307400006368,112307401859089,112307403955040,3062,30.620000000,sine_f2,state,0,0.056452846,2011,0.059825251,2009,0.000000000,0,-0.023520000,7,-1.130000,10,0.056757289,2011,0.000000000,0,12.500,38,1805,0,1,
112307413951218,112307410010863,112307411867246,112307413951218,3063,30.630000000,sine_f2,state,0,0.055786589,2012,0.061359232,2008,0.000000000,0,-0.020160000,6,-1.243000,11,0.055223308,2012,0.000000000,0,12.500,38,1815,0,1,
112307423950951,112307420009628,112307421867435,112307423950951,3064,30.640000000,sine_f2,state,0,0.055065278,2012,0.061359232,2008,0.000000000,0,-0.033600000,10,-1.243000,11,0.055223308,2012,0.000000000,0,12.500,38,1825,0,1,
112307433951138,112307430006478,112307431866896,112307433951138,3065,30.650000000,sine_f2,state,0,0.054289623,2013,0.061359232,2008,0.000000000,0,-0.026880000,8,-1.356000,12,0.053689328,2013,0.000000000,0,12.500,38,1835,0,1,
112307443949265,112307440007448,112307441862917,112307443949265,3066,30.660000000,sine_f2,state,0,0.053460391,2013,0.061359232,2008,0.000000000,0,-0.036960000,11,-1.695000,15,0.053689328,2013,0.000000000,0,12.500,38,1845,0,1,
112307453949930,112307450006527,112307451861446,112307453949930,3067,30.670000000,sine_f2,state,0,0.052578401,2014,0.059825251,2009,0.000000000,0,-0.033600000,10,-2.599000,23,0.052155347,2014,0.000000000,0,12.500,38,1855,0,1,
112307463944396,112307460007087,112307461866803,112307463944396,3068,30.680000000,sine_f2,state,0,0.051644522,2014,0.059825251,2009,0.000000000,0,-0.040320000,12,-4.407000,39,0.052155347,2014,0.000000000,0,12.500,38,1865,0,1,
112307473953581,112307470006530,112307471859753,112307473953581,3069,30.690000000,sine_f2,state,0,0.050659676,2015,0.058291270,2010,0.000000000,0,-0.016800000,5,-7.910000,70,0.050621366,2015,0.000000000,0,12.500,38,1875,0,1,
112307483945482,112307480006906,112307481866196,112307483945482,3070,30.700000000,sine_f2,state,0,0.049624834,2016,0.056757289,2011,-0.023980824,1,-0.026880000,8,-10.961000,97,0.049087385,2016,0.000000000,0,12.500,38,1885,0,1,
112307493943268,112307490007023,112307491866686,112307493943268,3071,30.710000000,sine_f2,state,0,0.048541020,2016,0.050621366,2015,-0.047961648,2,-0.016800000,5,-11.300000,100,0.049087385,2016,0.000000000,0,12.500,38,1895,0,1,
112307503948115,112307500006712,112307501872117,112307503948115,3072,30.720000000,sine_f2,state,0,0.047409301,2017,0.046019424,2018,-0.095923296,4,-0.016800000,5,-7.345000,65,0.047553404,2017,0.000000000,0,12.600,38,1905,0,1,
112307513897560,112307510019560,112307511875001,112307513897560,3073,30.730000000,sine_f2,state,0,0.046230795,2018,0.042951462,2020,-0.167865767,7,0.000000000,0,0.113000,-1,0.046019424,2018,0.000000000,0,12.600,38,1915,0,1,
112307523885568,112307520009271,112307521802702,112307523885568,3074,30.740000000,sine_f2,state,0,0.045006664,2019,0.041417481,2021,-0.215827415,9,0.033600000,-10,0.000000,0,0.044485443,2019,0.000000000,0,12.600,38,1925,0,1,
112307533887728,112307530011787,112307531803971,112307533887728,3075,30.750000000,sine_f2,state,0,0.043738118,2019,0.041417481,2021,-0.239808239,10,0.013440000,-4,2.486000,-22,0.044485443,2019,0.000000000,0,12.600,38,1935,0,1,
112307543890771,112307540007760,112307541799214,112307543890771,3076,30.760000000,sine_f2,state,0,0.042426407,2020,0.041417481,2021,-0.239808239,10,0.010080000,-3,3.051000,-27,0.042951462,2020,0.000000000,0,12.600,38,1945,0,1,
112307553883346,112307550006549,112307551796943,112307553883346,3077,30.770000000,sine_f2,state,0,0.041072826,2021,0.042951462,2020,-0.215827415,9,0.003360000,-1,1.921000,-17,0.041417481,2021,0.000000000,0,12.600,38,1955,0,1,
112307563950239,112307560007269,112307561865285,112307563950239,3078,30.780000000,sine_f2,state,0,0.039678712,2022,0.042951462,2020,-0.167865767,7,-0.006720000,2,-0.113000,1,0.039883500,2022,0.000000000,0,12.600,38,1965,0,1,
112307573950514,112307570006516,112307571853541,112307573950514,3079,30.790000000,sine_f2,state,0,0.038245439,2023,0.042951462,2020,-0.119904120,5,-0.013440000,4,-1.130000,10,0.038349520,2023,0.000000000,0,12.600,38,1975,0,1,
112307583944052,112307580006878,112307581861732,112307583944052,3080,30.800000000,sine_f2,state,0,0.036774423,2024,0.042951462,2020,-0.071942472,3,-0.026880000,8,-1.356000,12,0.036815539,2024,0.000000000,0,12.600,38,1985,0,1,
112307593913002,112307590006533,112307591865688,112307593913002,3081,30.810000000,sine_f2,state,0,0.035267115,2025,0.042951462,2020,-0.023980824,1,-0.033600000,10,-1.582000,14,0.035281558,2025,0.000000000,0,12.500,38,1995,0,1,
112307603884220,112307600007428,112307601796121,112307603884220,3082,30.820000000,sine_f2,state,0,0.033725003,2026,0.042951462,2020,0.000000000,0,-0.036960000,11,-3.051000,27,0.033747577,2026,0.000000000,0,12.500,38,2005,0,1,
112307613892115,112307610014147,112307611806093,112307613892115,3083,30.830000000,sine_f2,state,0,0.032149608,2027,0.042951462,2020,0.000000000,0,-0.047040000,14,-4.294000,38,0.032213597,2027,0.000000000,0,12.500,38,2015,0,1,
112307623930820,112307620009273,112307621863279,112307623930820,3084,30.840000000,sine_f2,state,0,0.030542485,2028,0.041417481,2021,0.000000000,0,-0.047040000,14,-8.475000,75,0.030679616,2028,0.000000000,0,12.400,38,2025,0,1,
112307633936699,112307630006995,112307631867265,112307633936699,3085,30.850000000,sine_f2,state,0,0.028905220,2029,0.038349520,2023,0.000000000,0,-0.043680000,13,-11.187000,99,0.029145635,2029,0.000000000,0,12.600,38,2035,0,1,
112307643951341,112307640014999,112307641869459,112307643951341,3086,30.860000000,sine_f2,state,0,0.027239430,2030,0.033747577,2026,-0.047961648,2,-0.030240000,9,-11.865000,105,0.027611654,2030,0.000000000,0,12.600,38,2045,0,1,
112307653929605,112307650006791,112307651840024,112307653929605,3087,30.870000000,sine_f2,state,0,0.025546757,2031,0.027611654,2030,-0.095923296,4,-0.006720000,2,-11.865000,105,0.026077673,2031,0.000000000,0,12.500,38,2055,0,1,
112307663921231,112307660006710,112307661866656,112307663921231,3088,30.880000000,sine_f2,state,0,0.023828873,2032,0.021475731,2034,-0.167865767,7,-0.020160000,6,-5.989000,53,0.024543693,2032,0.000000000,0,12.500,38,2065,0,1,
112307673925904,112307670006321,112307671856799,112307673925904,3089,30.890000000,sine_f2,state,0,0.022087473,2034,0.018407769,2036,-0.239808239,10,-0.070560000,21,-0.113000,1,0.021475731,2034,0.000000000,0,12.500,38,2075,0,1,
112307683930851,112307680006581,112307681859825,112307683930851,3090,30.900000000,sine_f2,state,0,0.020324275,2035,0.016873789,2037,-0.311750711,13,0.050400000,-15,-0.113000,1,0.019941750,2035,0.000000000,0,12.500,38,2085,1,1,
112307693935854,112307690007018,112307691844980,112307693935854,3091,30.910000000,sine_f2,state,0,0.018541020,2036,0.016873789,2037,-0.335731535,14,0.020160000,-6,2.373000,-21,0.018407769,2036,0.000000000,0,12.500,38,2095,1,1,
112307703928210,112307700014654,112307701840177,112307703928210,3092,30.920000000,sine_f2,state,0,0.016739466,2037,0.016873789,2037,-0.335731535,14,0.006720000,-2,3.051000,-27,0.016873789,2037,0.000000000,0,12.500,38,2105,1,1,
112307713940943,112307710011638,112307711843385,112307713940943,3093,30.930000000,sine_f2,state,0,0.014921393,2038,0.016873789,2037,-0.287769887,12,0.000000000,0,1.469000,-13,0.015339808,2038,0.000000000,0,12.500,38,2115,1,1,
112307723936073,112307720009000,112307721843622,112307723936073,3094,30.940000000,sine_f2,state,0,0.013088594,2039,0.016873789,2037,-0.239808239,10,0.000000000,0,-0.678000,6,0.013805827,2039,0.000000000,0,12.500,38,2125,0,1,
112307733942096,112307730011963,112307731847689,112307733942096,3095,30.950000000,sine_f2,state,0,0.011242879,2041,0.018407769,2036,-0.167865767,7,-0.016800000,5,-0.904000,8,0.010737866,2041,0.000000000,0,12.500,38,2135,0,1,
112307743940481,112307740007030,112307741842981,112307743940481,3096,30.960000000,sine_f2,state,0,0.009386068,2042,0.018407769,2036,-0.095923296,4,-0.036960000,11,-1.130000,10,0.009203885,2042,0.000000000,0,12.500,38,2145,0,1,
112307753924625,112307750007136,112307751839734,112307753924625,3097,30.970000000,sine_f2,state,0,0.007519994,2043,0.018407769,2036,-0.047961648,2,-0.043680000,13,-1.808000,16,0.007669904,2043,0.000000000,0,12.500,38,2155,0,1,
112307763934146,112307760006913,112307761838625,112307763934146,3098,30.980000000,sine_f2,state,0,0.005646499,2044,0.016873789,2037,-0.023980824,1,-0.043680000,13,-4.181000,37,0.006135923,2044,0.000000000,0,12.500,38,2165,0,1,
112307773857538,112307770009444,112307771836750,112307773857538,3099,30.990000000,sine_f2,hardware_error,0,0.003767431,2046,,,,,,,,,,,,,,,,,,0
112307783923788,112307780006408,112307781843528,112307783923788,3100,31.000000000,sine_f2,state,0,0.001884646,2047,0.012271846,2040,-0.023980824,1,-0.057120000,17,-11.526000,102,0.001533981,2047,0.000000000,0,12.500,38,2185,0,1,
112307793931601,112307790006822,112307791842583,112307793931601,3101,31.010000000,sine_f2,state,0,0.000000000,2048,0.009203885,2042,-0.047961648,2,-0.043680000,13,-11.865000,105,0.000000000,2048,0.000000000,0,12.500,38,2195,0,1,
112307803926296,112307800006210,112307801840386,112307803926296,3102,31.020000000,sine_f2,state,0,-0.001884646,2049,0.003067962,2046,-0.095923296,4,-0.020160000,6,-12.204000,108,-0.001533981,2049,0.000000000,0,12.600,38,2205,0,1,
112307813946556,112307810015541,112307811840803,112307813946556,3103,31.030000000,sine_f2,state,0,-0.003767431,2050,-0.004601942,2051,-0.167865767,7,-0.003360000,1,-10.396000,92,-0.003067962,2050,0.000000000,0,12.600,38,2215,0,1,
112307823932160,112307820009426,112307821846071,112307823932160,3104,31.040000000,sine_f2,state,0,-0.005646499,2052,-0.009203885,2054,-0.239808239,10,0.013440000,-4,-2.486000,22,-0.006135923,2052,0.000000000,0,12.500,38,2225,0,1,
112307833944004,112307830007240,112307831845604,112307833944004,3105,31.050000000,sine_f2,state,0,-0.007519994,2053,-0.012271846,2056,-0.311750711,13,0.030240000,-9,0.000000,0,-0.007669904,2053,0.000000000,0,12.500,38,2235,1,1,
112307843933814,112307840007683,112307841844160,112307843933814,3106,31.060000000,sine_f2,state,0,-0.009386068,2054,-0.012271846,2056,-0.359712359,15,0.016800000,-5,1.921000,-17,-0.009203885,2054,0.000000000,0,12.500,38,2245,1,1,
112307853930614,112307850006678,112307851835695,112307853930614,3107,31.070000000,sine_f2,state,0,-0.011242879,2055,-0.010737866,2055,-0.359712359,15,0.010080000,-3,3.051000,-27,-0.010737866,2055,0.000000000,0,12.500,38,2255,1,1,
112307863926559,112307860006317,112307861849312,112307863926559,3108,31.080000000,sine_f2,state,0,-0.013088594,2057,-0.010737866,2055,-0.335731535,14,0.000000000,0,1.469000,-13,-0.013805827,2057,0.000000000,0,12.500,38,2265,1,1,
112307873941582,112307870008431,112307871845715,112307873941582,3109,31.090000000,sine_f2,state,0,-0.014921393,2058,-0.010737866,2055,-0.263789063,11,-0.013440000,4,-1.017000,9,-0.015339808,2058,0.000000000,0,12.500,38,2275,1,1,
112307883924041,112307880007393,112307881850212,112307883924041,3110,31.100000000,sine_f2,state,0,-0.016739466,2059,-0.010737866,2055,-0.191846591,8,-0.026880000,8,-1.017000,9,-0.016873789,2059,0.000000000,0,12.500,38,2285,0,1,
112307893923869,112307890007059,112307891837210,112307893923869,3111,31.110000000,sine_f2,state,0,-0.018541020,2060,-0.010737866,2055,-0.119904120,5,-0.030240000,9,-1.130000,10,-0.018407769,2060,0.000000000,0,12.500,38,2295,0,1,
112307903933527,112307900006605,112307901840983,112307903933527,3112,31.120000000,sine_f2,state,0,-0.020324275,2061,-0.010737866,2055,-0.047961648,2,-0.040320000,12,-1.695000,15,-0.019941750,2061,0.000000000,0,12.500,38,2305,0,1,
112307913941151,112307910011678,112307911851012,112307913941151,3113,31.130000000,sine_f2,state,0,-0.022087473,2062,-0.010737866,2055,-0.023980824,1,-0.047040000,14,-3.616000,32,-0.021475731,2062,0.000000000,0,12.500,38,2315,0,1,
112307923925981,112307920008241,112307921850832,112307923925981,3114,31.140000000,sine_f2,state,0,-0.023828873,2064,-0.012271846,2056,0.000000000,0,-0.053760000,16,-6.780000,60,-0.024543693,2064,0.000000000,0,12.500,38,2325,0,1,
112307933923408,112307930009640,112307931840223,112307933923408,3115,31.150000000,sine_f2,state,0,-0.025546757,2065,-0.013805827,2057,-0.023980824,1,-0.057120000,17,-11.300000,100,-0.026077673,2065,0.000000000,0,12.500,38,2335,0,1,
112307943931860,112307940007095,112307941840194,112307943931860,3116,31.160000000,sine_f2,state,0,-0.027239430,2066,-0.019941750,2061,-0.047961648,2,-0.043680000,13,-11.752000,104,-0.027611654,2066,0.000000000,0,12.500,38,2345,0,1,
112307953930203,112307950006893,112307951862264,112307953930203,3117,31.170000000,sine_f2,state,0,-0.028905220,2067,-0.024543693,2064,-0.095923296,4,-0.023520000,7,-11.978000,106,-0.029145635,2067,0.000000000,0,12.400,38,2355,0,1,
112307963922296,112307960006880,112307961840793,112307963922296,3118,31.180000000,sine_f2,state,0,-0.030542485,2068,-0.030679616,2068,-0.143884944,6,-0.003360000,1,-11.413000,101,-0.030679616,2068,0.000000000,0,12.500,38,2365,0,1,
112307973931968,112307970006600,112307971848753,112307973931968,3119,31.190000000,sine_f2,state,0,-0.032149608,2069,-0.035281558,2071,-0.239808239,10,-0.006720000,2,-1.469000,13,-0.032213597,2069,0.000000000,0,12.500,38,2375,0,1,
112307983928144,112307980006614,112307981838520,112307983928144,3120,31.200000000,sine_f2,state,0,-0.033725003,2070,-0.039883500,2074,-0.311750711,13,0.000000000,0,0.113000,-1,-0.033747577,2070,0.000000000,0,12.500,38,2385,1,1,
112307993928764,112307990006787,112307991843351,112307993928764,3121,31.210000000,sine_f2,state,0,-0.035267115,2071,-0.039883500,2074,-0.359712359,15,0.010080000,-3,1.921000,-17,-0.035281558,2071,0.000000000,0,12.500,38,2395,1,1,
112308003919542,112308000006548,112308001842649,112308003919542,3122,31.220000000,sine_f2,state,0,-0.036774423,2072,-0.039883500,2074,-0.359712359,15,0.033600000,-10,3.164000,-28,-0.036815539,2072,0.000000000,0,12.500,38,2405,1,1,
112308013929584,112308010010891,112308011869155,112308013929584,3123,31.230000000,sine_f2,state,0,-0.038245439,2073,-0.038349520,2073,-0.335731535,14,0.020160000,-6,3.390000,-30,-0.038349520,2073,0.000000000,0,12.500,38,2415,1,1,
112308023939516,112308020010721,112308021794121,112308023939516,3124,31.240000000,sine_f2,state,0,-0.039678712,2074,-0.038349520,2073,-0.287769887,12,0.003360000,-1,2.034000,-18,-0.039883500,2074,0.000000000,0,12.500,38,2425,1,1,
112308033931098,112308030008240,112308031844640,112308033931098,3125,31.250000000,sine_f2,state,0,-0.041072826,2075,-0.036815539,2072,-0.215827415,9,-0.016800000,5,0.000000,0,-0.041417481,2075,0.000000000,0,12.500,38,2435,0,1,
112308043923274,112308040007094,112308041838673,112308043923274,3126,31.260000000,sine_f2,state,0,-0.042426407,2076,-0.036815539,2072,-0.119904120,5,-0.020160000,6,-0.904000,8,-0.042951462,2076,0.000000000,0,12.500,38,2445,0,1,
112308053923671,112308050006499,112308051836962,112308053923671,3127,31.270000000,sine_f2,state,0,-0.043738118,2077,-0.038349520,2073,-0.047961648,2,-0.023520000,7,-1.130000,10,-0.044485443,2077,0.000000000,0,12.500,38,2455,0,1,
112308063906207,112308060006586,112308061842045,112308063906207,3128,31.280000000,sine_f2,state,0,-0.045006664,2077,-0.038349520,2073,-0.023980824,1,-0.026880000,8,-1.243000,11,-0.044485443,2077,0.000000000,0,12.500,38,2465,0,1,
112308073928865,112308070007706,112308071838712,112308073928865,3129,31.290000000,sine_f2,state,0,-0.046230795,2078,-0.038349520,2073,0.000000000,0,-0.033600000,10,-1.469000,13,-0.046019424,2078,0.000000000,0,12.500,38,2475,0,1,
112308083899881,112308080007040,112308081820024,112308083899881,3130,31.300000000,sine_f2,state,0,-0.047409301,2079,-0.038349520,2073,0.000000000,0,-0.043680000,13,-1.808000,16,-0.047553404,2079,0.000000000,0,12.500,38,2485,0,1,
112308093847332,112308090007277,112308091849394,112308093847332,3131,31.310000000,sine_f2,state,0,-0.048541020,2080,-0.038349520,2073,0.000000000,0,-0.050400000,15,-3.503000,31,-0.049087385,2080,0.000000000,0,12.500,38,2495,0,1,
112308103846228,112308100010584,112308101758064,112308103846228,3132,31.320000000,sine_f2,state,0,-0.049624834,2080,-0.039883500,2074,0.000000000,0,-0.047040000,14,-7.910000,70,-0.049087385,2080,0.000000000,0,12.500,38,2505,0,1,
112308113844545,112308110011554,112308111762180,112308113844545,3133,31.330000000,sine_f2,state,0,-0.050659676,2081,-0.041417481,2075,0.000000000,0,-0.040320000,12,-10.961000,97,-0.050621366,2081,0.000000000,0,12.500,38,2515,0,1,
112308123916879,112308120007853,112308121820108,112308123916879,3134,31.340000000,sine_f2,state,0,-0.051644522,2082,-0.047553404,2079,-0.047961648,2,-0.026880000,8,-11.639000,103,-0.052155347,2082,0.000000000,0,12.600,38,2525,0,1,
112308133901060,112308130009548,112308131817393,112308133901060,3135,31.350000000,sine_f2,state,0,-0.052578401,2082,-0.052155347,2082,-0.095923296,4,-0.003360000,1,-11.526000,102,-0.052155347,2082,0.000000000,0,12.600,38,2535,0,1,
112308143902250,112308140007079,112308141828383,112308143902250,3136,31.360000000,sine_f2,state,0,-0.053460391,2083,-0.058291270,2086,-0.167865767,7,0.010080000,-3,-2.599000,23,-0.053689328,2083,0.000000000,0,12.600,38,2545,0,1,
112308153847761,112308150006840,112308151819594,112308153847761,3137,31.370000000,sine_f2,state,0,-0.054289623,2083,-0.061359232,2088,-0.215827415,9,0.043680000,-13,-0.339000,3,-0.053689328,2083,0.000000000,0,12.600,38,2555,0,1,
112308163920102,112308160009620,112308161824014,112308163920102,3138,31.380000000,sine_f2,state,0,-0.055065278,2084,-0.061359232,2088,-0.287769887,12,0.036960000,-11,1.582000,-14,-0.055223308,2084,0.000000000,0,12.600,38,2565,1,1,
112308173901293,112308170006724,112308171820982,112308173901293,3139,31.390000000,sine_f2,state,0,-0.055786589,2084,-0.061359232,2088,-0.311750711,13,0.036960000,-11,3.164000,-28,-0.055223308,2084,0.000000000,0,12.600,38,2575,1,1,
112308183907287,112308180006124,112308181822302,112308183907287,3140,31.400000000,sine_f2,state,0,-0.056452846,2085,-0.059825251,2087,-0.287769887,12,0.030240000,-9,3.390000,-30,-0.056757289,2085,0.000000000,0,12.600,38,2585,1,1,
112308193903466,112308190006828,112308191825083,112308193903466,3141,31.410000000,sine_f2,state,0,-0.057063391,2085,-0.059825251,2087,-0.239808239,10,0.016800000,-5,2.938000,-26,-0.056757289,2085,0.000000000,0,12.600,38,2595,0,1,
112308203900847,112308200006358,112308201827595,112308203900847,3142,31.420000000,sine_f2,state,0,-0.057617621,2086,-0.058291270,2086,-0.167865767,7,0.003360000,-1,2.260000,-20,-0.058291270,2086,0.000000000,0,12.600,38,2605,0,1,
112308213909224,112308210011125,112308211832315,112308213909224,3143,31.430000000,sine_f2,state,0,-0.058114990,2086,-0.056757289,2085,-0.095923296,4,-0.003360000,1,0.113000,-1,-0.058291270,2086,0.000000000,0,12.600,38,2615,0,1,
112308223908311,112308220007240,112308221825181,112308223908311,3144,31.440000000,sine_f2,state,0,-0.058555006,2086,-0.058291270,2086,-0.023980824,1,-0.006720000,2,0.000000,0,-0.058291270,2086,0.000000000,0,12.600,38,2625,0,1,
112308233895401,112308230008693,112308231817035,112308233895401,3145,31.450000000,sine_f2,state,0,-0.058937235,2086,-0.058291270,2086,0.000000000,0,0.000000000,0,-0.113000,1,-0.058291270,2086,0.000000000,0,12.600,38,2635,0,1,
112308243905697,112308240006607,112308241826356,112308243905697,3146,31.460000000,sine_f2,state,0,-0.059261300,2087,-0.056757289,2085,0.023980824,-1,-0.003360000,1,-0.113000,1,-0.059825251,2087,0.000000000,0,12.600,38,2645,0,1,
112308253909966,112308250006364,112308251824362,112308253909966,3147,31.470000000,sine_f2,state,0,-0.059526882,2087,-0.058291270,2086,0.023980824,-1,-0.013440000,4,-0.904000,8,-0.059825251,2087,0.000000000,0,12.600,38,2655,0,1,
112308263900261,112308260006550,112308261823721,112308263900261,3148,31.480000000,sine_f2,state,0,-0.059733718,2087,-0.056757289,2085,0.023980824,-1,-0.013440000,4,-0.904000,8,-0.059825251,2087,0.000000000,0,12.600,38,2665,0,1,
112308273912826,112308270006602,112308271834255,112308273912826,3149,31.490000000,sine_f2,state,0,-0.059881604,2087,-0.056757289,2085,0.023980824,-1,-0.013440000,4,-0.904000,8,-0.059825251,2087,0.000000000,0,12.600,38,2675,0,1,
112308283902188,112308280008630,112308281818174,112308283902188,3150,31.500000000,sine_f2,state,0,-0.059970394,2087,-0.056757289,2085,0.000000000,0,-0.006720000,2,-0.791000,7,-0.059825251,2087,0.000000000,0,12.600,38,2685,0,1,
112308293903950,112308290006509,112308291817339,112308293903950,3151,31.510000000,sine_f2,state,0,-0.060000000,2087,-0.058291270,2086,0.000000000,0,-0.010080000,3,-0.791000,7,-0.059825251,2087,0.000000000,0,12.600,38,2695,0,1,
112308303911976,112308300006255,112308301814787,112308303911976,3152,31.520000000,sine_f2,state,0,-0.059970394,2087,-0.056757289,2085,0.000000000,0,-0.010080000,3,-0.904000,8,-0.059825251,2087,0.000000000,0,12.600,38,2705,0,1,
112308313915239,112308310010695,112308311825635,112308313915239,3153,31.530000000,sine_f2,state,0,-0.059881604,2087,-0.058291270,2086,0.000000000,0,-0.013440000,4,-1.017000,9,-0.059825251,2087,0.000000000,0,12.600,38,2715,0,1,
112308323907391,112308320006768,112308321820410,112308323907391,3154,31.540000000,sine_f2,state,0,-0.059733718,2087,-0.056757289,2085,0.000000000,0,-0.010080000,3,-0.904000,8,-0.059825251,2087,0.000000000,0,12.600,38,2725,0,1,
112308333911211,112308330007230,112308331819305,112308333911211,3155,31.550000000,sine_f2,state,0,-0.059526882,2087,-0.056757289,2085,0.000000000,0,-0.013440000,4,-1.017000,9,-0.059825251,2087,0.000000000,0,12.600,38,2735,0,1,
112308343899367,112308340008675,112308341819909,112308343899367,3156,31.560000000,sine_f2,state,0,-0.059261300,2087,-0.056757289,2085,0.000000000,0,-0.020160000,6,-0.904000,8,-0.059825251,2087,0.000000000,0,12.600,38,2745,0,1,
112308353919248,112308350054471,112308351825177,112308353919248,3157,31.570000000,sine_f2,state,0,-0.058937235,2086,-0.058291270,2086,0.000000000,0,-0.010080000,3,-0.791000,7,-0.058291270,2086,0.000000000,0,12.600,38,2755,0,1,
112308363902827,112308360006758,112308361818408,112308363902827,3158,31.580000000,sine_f2,state,0,-0.058555006,2086,-0.058291270,2086,0.000000000,0,-0.003360000,1,-0.113000,1,-0.058291270,2086,0.000000000,0,12.600,38,2765,0,1,
112308373902023,112308370006520,112308371819001,112308373902023,3159,31.590000000,sine_f2,state,0,-0.058114990,2086,-0.056757289,2085,0.000000000,0,0.000000000,0,0.000000,0,-0.058291270,2086,0.000000000,0,12.600,38,2775,0,1,
112308383911598,112308380006370,112308381823239,112308383911598,3160,31.600000000,sine_f2,state,0,-0.057617621,2086,-0.056757289,2085,0.000000000,0,0.000000000,0,0.000000,0,-0.058291270,2086,0.000000000,0,12.600,38,2785,0,1,
112308393908971,112308390010537,112308391830363,112308393908971,3161,31.610000000,sine_f2,state,0,-0.057063391,2085,-0.058291270,2086,0.000000000,0,-0.003360000,1,-0.113000,1,-0.056757289,2085,0.000000000,0,12.600,38,2795,0,1,
112308403917843,112308400006883,112308401820338,112308403917843,3162,31.620000000,sine_f2,state,0,-0.056452846,2085,-0.056757289,2085,0.000000000,0,0.000000000,0,1.243000,-11,-0.056757289,2085,0.000000000,0,12.600,38,2805,0,1,
112308413906696,112308410010595,112308411823135,112308413906696,3163,31.630000000,sine_f2,state,0,-0.055786589,2084,-0.056757289,2085,0.000000000,0,0.000000000,0,1.356000,-12,-0.055223308,2084,0.000000000,0,12.600,38,2815,0,1,
112308423901481,112308420006816,112308421820784,112308423901481,3164,31.640000000,sine_f2,state,0,-0.055065278,2084,-0.056757289,2085,0.000000000,0,0.006720000,-2,2.938000,-26,-0.055223308,2084,0.000000000,0,12.600,38,2825,0,1,
112308433883615,112308430006871,112308431821575,112308433883615,3165,31.650000000,sine_f2,state,0,-0.054289623,2083,-0.056757289,2085,0.000000000,0,0.006720000,-2,3.051000,-27,-0.053689328,2083,0.000000000,0,12.600,38,2835,0,1,
112308443891473,112308440006159,112308441823323,112308443891473,3166,31.660000000,sine_f2,state,0,-0.053460391,2083,-0.055223308,2084,0.000000000,0,0.006720000,-2,3.051000,-27,-0.053689328,2083,0.000000000,0,12.600,38,2845,0,1,
112308453904046,112308450006223,112308451816087,112308453904046,3167,31.670000000,sine_f2,state,0,-0.052578401,2082,-0.055223308,2084,0.000000000,0,0.006720000,-2,3.051000,-27,-0.052155347,2082,0.000000000,0,12.600,38,2855,0,1,
112308463907640,112308460006461,112308461817750,112308463907640,3168,31.680000000,sine_f2,state,0,-0.051644522,2082,-0.053689328,2083,0.023980824,-1,0.003360000,-1,2.486000,-22,-0.052155347,2082,0.000000000,0,12.600,38,2865,0,1,
112308473906450,112308470006822,112308471815794,112308473906450,3169,31.690000000,sine_f2,state,0,-0.050659676,2081,-0.052155347,2082,0.023980824,-1,0.003360000,-1,2.373000,-21,-0.050621366,2081,0.000000000,0,12.600,38,2875,0,1,
112308483902122,112308480006882,112308481818265,112308483902122,3170,31.700000000,sine_f2,state,0,-0.049624834,2080,-0.050621366,2081,0.047961648,-2,0.006720000,-2,2.825000,-25,-0.049087385,2080,0.000000000,0,12.600,38,2885,0,1,
112308493900157,112308490008492,112308491815281,112308493900157,3171,31.710000000,sine_f2,state,0,-0.048541020,2080,-0.050621366,2081,0.071942472,-3,0.006720000,-2,2.034000,-18,-0.049087385,2080,0.000000000,0,12.600,38,2895,0,1,
112308503889840,112308500006988,112308501818414,112308503889840,3172,31.720000000,sine_f2,state,0,-0.047409301,2079,-0.050621366,2081,0.071942472,-3,0.010080000,-3,3.051000,-27,-0.047553404,2079,0.000000000,0,12.600,38,2905,0,1,
112308513892561,112308510011285,112308511807571,112308513892561,3173,31.730000000,sine_f2,state,0,-0.046230795,2078,-0.049087385,2080,0.071942472,-3,0.013440000,-4,2.938000,-26,-0.046019424,2078,0.000000000,0,12.600,38,2915,0,1,
112308523886111,112308520006415,112308521798879,112308523886111,3174,31.740000000,sine_f2,state,0,-0.045006664,2077,-0.049087385,2080,0.071942472,-3,0.013440000,-4,2.825000,-25,-0.044485443,2077,0.000000000,0,12.600,38,2925,0,1,
112308533883668,112308530006910,112308531802018,112308533883668,3175,31.750000000,sine_f2,state,0,-0.043738118,2077,-0.047553404,2079,0.071942472,-3,0.020160000,-6,3.164000,-28,-0.044485443,2077,0.000000000,0,12.500,38,2935,0,1,
112308543878889,112308540008700,112308541794801,112308543878889,3176,31.760000000,sine_f2,state,0,-0.042426407,2076,-0.046019424,2078,0.071942472,-3,0.013440000,-4,2.938000,-26,-0.042951462,2076,0.000000000,0,12.500,38,2945,0,1,
112308553884861,112308550006129,112308551799169,112308553884861,3177,31.770000000,sine_f2,state,0,-0.041072826,2075,-0.046019424,2078,0.071942472,-3,0.020160000,-6,2.373000,-21,-0.041417481,2075,0.000000000,0,12.500,38,2955,0,1,
112308563889148,112308560006366,112308561802052,112308563889148,3178,31.780000000,sine_f2,state,0,-0.039678712,2074,-0.044485443,2077,0.071942472,-3,0.020160000,-6,2.938000,-26,-0.039883500,2074,0.000000000,0,12.500,38,2965,0,1,
112308573883827,112308570006824,112308571792763,112308573883827,3179,31.790000000,sine_f2,state,0,-0.038245439,2073,-0.042951462,2076,0.095923296,-4,0.016800000,-5,2.938000,-26,-0.038349520,2073,0.000000000,0,12.500,38,2975,0,1,
112308583879467,112308580006767,112308581800832,112308583879467,3180,31.800000000,sine_f2,state,0,-0.036774423,2072,-0.041417481,2075,0.095923296,-4,0.026880000,-8,2.260000,-20,-0.036815539,2072,0.000000000,0,12.500,38,2985,0,1,
112308593888427,112308590006272,112308591805139,112308593888427,3181,31.810000000,sine_f2,state,0,-0.035267115,2071,-0.039883500,2074,0.095923296,-4,0.030240000,-9,2.825000,-25,-0.035281558,2071,0.000000000,0,12.500,38,2995,0,1,
112308603826025,112308600011415,112308601753319,112308603826025,3182,31.820000000,sine_f2,state,0,-0.033725003,2070,-0.039883500,2074,0.095923296,-4,0.030240000,-9,3.164000,-28,-0.033747577,2070,0.000000000,0,12.500,38,3005,0,1,
112308613818710,112308610010875,112308611739338,112308613818710,3183,31.830000000,sine_f2,state,0,-0.032149608,2069,-0.038349520,2073,0.095923296,-4,0.033600000,-10,2.712000,-24,-0.032213597,2069,0.000000000,0,12.500,38,3015,0,1,
112308623883218,112308620007053,112308621795696,112308623883218,3184,31.840000000,sine_f2,state,0,-0.030542485,2068,-0.038349520,2073,0.095923296,-4,0.040320000,-12,2.938000,-26,-0.030679616,2068,0.000000000,0,12.500,38,3025,0,1,
112308633884571,112308630007499,112308631804483,112308633884571,3185,31.850000000,sine_f2,state,0,-0.028905220,2067,-0.036815539,2072,0.095923296,-4,0.036960000,-11,3.164000,-28,-0.029145635,2067,0.000000000,0,12.500,38,3035,0,1,
112308643881389,112308640008368,112308641799924,112308643881389,3186,31.860000000,sine_f2,state,0,-0.027239430,2066,-0.035281558,2071,0.095923296,-4,0.040320000,-12,2.825000,-25,-0.027611654,2066,0.000000000,0,12.500,38,3045,0,1,
112308653884087,112308650006088,112308651800080,112308653884087,3187,31.870000000,sine_f2,state,0,-0.025546757,2065,-0.035281558,2071,0.095923296,-4,0.036960000,-11,2.938000,-26,-0.026077673,2065,0.000000000,0,12.500,38,3055,0,1,
112308663891102,112308660006288,112308661803707,112308663891102,3188,31.880000000,sine_f2,state,0,-0.023828873,2064,-0.033747577,2070,0.095923296,-4,0.047040000,-14,3.051000,-27,-0.024543693,2064,0.000000000,0,12.500,38,3065,0,1,
112308673892554,112308670006350,112308671794864,112308673892554,3189,31.890000000,sine_f2,state,0,-0.022087473,2062,-0.032213597,2069,0.095923296,-4,0.040320000,-12,3.164000,-28,-0.021475731,2062,0.000000000,0,12.500,38,3075,0,1,
112308683886851,112308680006657,112308681805130,112308683886851,3190,31.900000000,sine_f2,state,0,-0.020324275,2061,-0.030679616,2068,0.095923296,-4,0.063840000,-19,3.164000,-28,-0.019941750,2061,0.000000000,0,12.500,38,3085,0,1,
112308693888275,112308690006311,112308691797751,112308693888275,3191,31.910000000,sine_f2,state,0,-0.018541020,2060,-0.029145635,2067,0.095923296,-4,0.060480000,-18,2.938000,-26,-0.018407769,2060,0.000000000,0,12.500,38,3095,0,1,
112308703884882,112308700006259,112308701802821,112308703884882,3192,31.920000000,sine_f2,state,0,-0.016739466,2059,-0.029145635,2067,0.095923296,-4,0.067200000,-20,3.164000,-28,-0.016873789,2059,0.000000000,0,12.500,38,3105,0,1,
112308713890475,112308710011701,112308711806519,112308713890475,3193,31.930000000,sine_f2,state,0,-0.014921393,2058,-0.027611654,2066,0.095923296,-4,0.070560000,-21,3.164000,-28,-0.015339808,2058,0.000000000,0,12.400,38,3115,0,1,
112308723882362,112308720006986,112308721797121,112308723882362,3194,31.940000000,sine_f2,state,0,-0.013088594,2057,-0.026077673,2065,0.095923296,-4,0.067200000,-20,3.277000,-29,-0.013805827,2057,0.000000000,0,12.500,38,3125,0,1,
112308733882542,112308730008303,112308731796035,112308733882542,3195,31.950000000,sine_f2,state,0,-0.011242879,2055,-0.024543693,2064,0.095923296,-4,0.073920000,-22,3.390000,-30,-0.010737866,2055,0.000000000,0,12.500,38,3135,0,1,
112308743891266,112308740006149,112308741797175,112308743891266,3196,31.960000000,sine_f2,state,0,-0.009386068,2054,-0.023009712,2063,0.095923296,-4,0.067200000,-20,8.814000,-78,-0.009203885,2054,0.000000000,0,12.500,38,3145,0,1,
112308753883621,112308750006574,112308751802873,112308753883621,3197,31.970000000,sine_f2,state,0,-0.007519994,2053,-0.019941750,2061,0.119904120,-5,0.141120000,-42,13.334000,-118,-0.007669904,2053,0.000000000,0,12.600,38,3155,0,1,
112308763892227,112308760006449,112308761803909,112308763892227,3198,31.980000000,sine_f2,state,0,-0.005646499,2052,-0.013805827,2057,0.143884944,-6,0.023520000,-7,19.210000,-170,-0.006135923,2052,0.000000000,0,12.600,38,3165,0,1,
112308773816105,112308770006551,112308771795868,112308773816105,3199,31.990000000,sine_f2,hardware_error,0,-0.003767431,2050,,,,,,,,,,,,,,,,,,0
112308783888550,112308780005900,112308781797503,112308783888550,3200,32.000000000,sine_f2,state,0,-0.001884646,2049,0.004601942,2045,0.287769887,-12,-0.171360000,51,1.017000,-9,-0.001533981,2049,0.000000000,0,12.400,38,3185,1,1,
112308793886424,112308790006400,112308791808345,112308793886424,3201,32.010000000,sine_f2,state,0,-0.000000000,2048,0.010737866,2041,0.383693183,-16,-0.104160000,31,0.678000,-6,0.000000000,2048,0.000000000,0,12.500,38,3195,1,1,
112308803881168,112308800006971,112308801798805,112308803881168,3202,32.020000000,center_after_f2,state,0,0.000000000,2048,0.015339808,2038,0.479616478,-20,0.063840000,-19,-0.226000,2,0.000000000,2048,0.000000000,0,12.500,38,3205,1,1,
112308813892298,112308810010986,112308811807654,112308813892298,3203,32.030000000,center_after_f2,state,0,0.000000000,2048,0.015339808,2038,0.527578126,-22,-0.094080000,28,-0.678000,6,0.000000000,2048,0.000000000,0,12.500,38,3215,1,1,
112308823886010,112308820007199,112308821802925,112308823886010,3204,32.040000000,center_after_f2,state,0,0.000000000,2048,0.015339808,2038,0.527578126,-22,-0.080640000,24,-4.068000,36,0.000000000,2048,0.000000000,0,12.500,38,3225,1,1,
112308833879839,112308830008159,112308831803706,112308833879839,3205,32.050000000,center_after_f2,state,0,0.000000000,2048,0.015339808,2038,0.479616478,-20,-0.087360000,26,-9.605000,85,0.000000000,2048,0.000000000,0,12.500,38,3235,1,1,
112308843887534,112308840006440,112308841800327,112308843887534,3206,32.060000000,center_after_f2,state,0,0.000000000,2048,0.012271846,2040,0.407674007,-17,-0.073920000,22,-12.091000,107,0.000000000,2048,0.000000000,0,12.400,38,3245,1,1,
112308853887604,112308850006678,112308851803345,112308853887604,3207,32.070000000,center_after_f2,state,0,0.000000000,2048,0.007669904,2043,0.263789063,-11,-0.047040000,14,-12.204000,108,0.000000000,2048,0.000000000,0,12.600,38,3255,1,1,
112308863713768,112308860007772,112308861754318,112308863713768,3208,32.080000000,center_after_f2,state,0,0.000000000,2048,0.003067962,2046,0.095923296,-4,-0.010080000,3,-13.334000,118,0.000000000,2048,0.000000000,0,12.600,38,3265,0,1,
112308873798484,112308870011310,112308871745706,112308873798484,3209,32.090000000,center_after_f2,state,0,0.000000000,2048,-0.004601942,2051,-0.023980824,1,-0.033600000,10,-3.164000,28,0.000000000,2048,0.000000000,0,12.600,38,3275,0,1,
112308883809025,112308880009800,112308881727887,112308883809025,3210,32.100000000,center_after_f2,state,0,0.000000000,2048,-0.009203885,2054,-0.167865767,7,0.077280000,-23,0.339000,-3,0.000000000,2048,0.000000000,0,12.600,38,3285,0,1,
112308893797638,112308890006570,112308891734954,112308893797638,3211,32.110000000,center_after_f2,state,0,0.000000000,2048,-0.010737866,2055,-0.263789063,11,0.063840000,-19,0.000000,0,0.000000000,2048,0.000000000,0,12.600,38,3295,1,1,
112308903807607,112308900006297,112308901728128,112308903807607,3212,32.120000000,center_after_f2,state,0,0.000000000,2048,-0.010737866,2055,-0.335731535,14,0.057120000,-17,3.390000,-30,0.000000000,2048,0.000000000,0,12.600,38,3305,1,1,
112308913794734,112308910011712,112308911738748,112308913794734,3213,32.130000000,center_after_f2,state,0,0.000000000,2048,-0.009203885,2054,-0.335731535,14,0.060480000,-18,3.616000,-32,0.000000000,2048,0.000000000,0,12.500,38,3315,1,1,
112308923860302,112308920008251,112308921771073,112308923860302,3214,32.140000000,center_after_f2,state,0,0.000000000,2048,-0.009203885,2054,-0.287769887,12,0.053760000,-16,3.277000,-29,0.000000000,2048,0.000000000,0,12.500,38,3325,1,1,
112308933861897,112308930006303,112308931779397,112308933861897,3215,32.150000000,center_after_f2,state,0,0.000000000,2048,-0.009203885,2054,-0.239808239,10,0.047040000,-14,3.164000,-28,0.000000000,2048,0.000000000,0,12.500,38,3335,0,1,
112308943859695,112308940006765,112308941780043,112308943859695,3216,32.160000000,center_after_f2,state,0,0.000000000,2048,-0.007669904,2053,-0.143884944,6,0.043680000,-13,3.164000,-28,0.000000000,2048,0.000000000,0,12.500,38,3345,0,1,
112308953859193,112308950007117,112308951773709,112308953859193,3217,32.170000000,center_after_f2,state,0,0.000000000,2048,-0.006135923,2052,-0.071942472,3,0.036960000,-11,3.164000,-28,0.000000000,2048,0.000000000,0,12.500,38,3355,0,1,
112308963862403,112308960006607,112308961776822,112308963862403,3218,32.180000000,center_after_f2,state,0,0.000000000,2048,-0.004601942,2051,0.000000000,0,0.036960000,-11,3.164000,-28,0.000000000,2048,0.000000000,0,12.500,38,3365,0,1,
112308973861674,112308970006336,112308971775893,112308973861674,3219,32.190000000,center_after_f2,state,0,0.000000000,2048,-0.004601942,2051,0.023980824,-1,0.030240000,-9,3.051000,-27,0.000000000,2048,0.000000000,0,12.500,38,3375,0,1,
112308983862294,112308980006838,112308981776370,112308983862294,3220,32.200000000,center_after_f2,state,0,0.000000000,2048,-0.003067962,2050,0.047961648,-2,0.026880000,-8,2.938000,-26,0.000000000,2048,0.000000000,0,12.500,38,3385,0,1,
112308993863349,112308990009435,112308991784735,112308993863349,3221,32.210000000,center_after_f2,state,0,0.000000000,2048,-0.003067962,2050,0.071942472,-3,0.013440000,-4,3.051000,-27,0.000000000,2048,0.000000000,0,12.500,38,3395,0,1,
112309003860103,112309000006291,112309001776614,112309003860103,3222,32.220000000,center_after_f2,state,0,0.000000000,2048,-0.001533981,2049,0.071942472,-3,0.006720000,-2,3.051000,-27,0.000000000,2048,0.000000000,0,12.500,38,3405,0,1,
112309013866342,112309010011939,112309011780637,112309013866342,3223,32.230000000,center_after_f2,state,0,0.000000000,2048,0.000000000,2048,0.071942472,-3,0.003360000,-1,2.486000,-22,0.000000000,2048,0.000000000,0,12.500,38,3415,0,1,
112309023864061,112309020008687,112309021780668,112309023864061,3224,32.240000000,center_after_f2,state,0,0.000000000,2048,0.000000000,2048,0.071942472,-3,0.000000000,0,1.243000,-11,0.000000000,2048,0.000000000,0,12.500,38,3425,0,1,
112309033862981,112309030006212,112309031776117,112309033862981,3225,32.250000000,center_after_f2,state,0,0.000000000,2048,0.000000000,2048,0.071942472,-3,0.000000000,0,0.000000,0,0.000000000,2048,0.000000000,0,12.500,38,3435,0,1,
112309043875844,112309040006542,112309041776908,112309043875844,3226,32.260000000,center_after_f2,state,0,0.000000000,2048,0.000000000,2048,0.071942472,-3,0.000000000,0,0.000000,0,0.000000000,2048,0.000000000,0,12.500,38,3445,0,1,
112309053880635,112309050006641,112309051778016,112309053880635,3227,32.270000000,center_after_f2,state,0,0.000000000,2048,0.001533981,2047,0.071942472,-3,0.000000000,0,0.113000,-1,0.000000000,2048,0.000000000,0,12.500,38,3455,0,1,
112309063861882,112309060006573,112309061775666,112309063861882,3228,32.280000000,center_after_f2,state,0,0.000000000,2048,0.001533981,2047,0.047961648,-2,0.000000000,0,0.000000,0,0.000000000,2048,0.000000000,0,12.500,38,3465,0,1,
112309073860215,112309070009756,112309071775398,112309073860215,3229,32.290000000,center_after_f2,state,0,0.000000000,2048,0.001533981,2047,0.023980824,-1,0.000000000,0,0.226000,-2,0.000000000,2048,0.000000000,0,12.500,38,3475,0,1,
112309083859559,112309080006630,112309081775324,112309083859559,3230,32.300000000,center_after_f2,state,0,0.000000000,2048,0.000000000,2048,0.023980824,-1,-0.003360000,1,0.000000,0,0.000000000,2048,0.000000000,0,12.500,38,3485,0,1,
112309093860346,112309090006893,112309091776153,112309093860346,3231,32.310000000,center_after_f2,state,0,0.000000000,2048,0.001533981,2047,0.000000000,0,0.000000000,0,0.000000,0,0.000000000,2048,0.000000000,0,12.500,38,3495,0,1,
112309103795951,112309100014033,112309101733400,112309103795951,3232,32.320000000,center_after_f2,state,0,0.000000000,2048,0.001533981,2047,0.000000000,0,-0.003360000,1,0.113000,-1,0.000000000,2048,0.000000000,0,12.500,38,3505,0,1,
112309113806567,112309110012437,112309111710135,112309113806567,3233,32.330000000,center_after_f2,state,0,0.000000000,2048,0.000000000,2048,0.000000000,0,0.000000000,0,0.000000,0,0.000000000,2048,0.000000000,0,12.500,38,3515,0,1,
112309123863719,112309120008019,112309121774903,112309123863719,3234,32.340000000,center_after_f2,state,0,0.000000000,2048,0.000000000,2048,0.000000000,0,0.000000000,0,0.113000,-1,0.000000000,2048,0.000000000,0,12.500,38,3525,0,1,
112309133861143,112309130008908,112309131774265,112309133861143,3235,32.350000000,center_after_f2,state,0,0.000000000,2048,0.001533981,2047,0.000000000,0,0.000000000,0,0.000000,0,0.000000000,2048,0.000000000,0,12.500,38,3535,0,1,
112309143856307,112309140006302,112309141778825,112309143856307,3236,32.360000000,center_after_f2,state,0,0.000000000,2048,0.000000000,2048,0.000000000,0,0.003360000,-1,0.113000,-1,0.000000000,2048,0.000000000,0,12.500,38,3545,0,1,
112309153867161,112309150006663,112309151785588,112309153867161,3237,32.370000000,center_after_f2,state,0,0.000000000,2048,0.000000000,2048,0.000000000,0,0.000000000,0,-0.113000,1,0.000000000,2048,0.000000000,0,12.500,38,3555,0,1,
112309163869564,112309160006452,112309161783073,112309163869564,3238,32.380000000,center_after_f2,state,0,0.000000000,2048,0.000000000,2048,0.000000000,0,0.000000000,0,0.113000,-1,0.000000000,2048,0.000000000,0,12.500,38,3565,0,1,
112309173862987,112309170006678,112309171784564,112309173862987,3239,32.390000000,center_after_f2,state,0,0.000000000,2048,0.000000000,2048,0.000000000,0,0.000000000,0,0.000000,0,0.000000000,2048,0.000000000,0,12.500,38,3575,0,1,
112309183859258,112309180008833,112309181779434,112309183859258,3240,32.400000000,center_after_f2,state,0,0.000000000,2048,0.000000000,2048,0.000000000,0,0.000000000,0,0.113000,-1,0.000000000,2048,0.000000000,0,12.500,38,3585,0,1,
112309193868125,112309190007573,112309191773887,112309193868125,3241,32.410000000,center_after_f2,state,0,0.000000000,2048,0.000000000,2048,0.000000000,0,0.003360000,-1,0.113000,-1,0.000000000,2048,0.000000000,0,12.500,38,3595,0,1,
112309203858634,112309200007305,112309201777103,112309203858634,3242,32.420000000,center_after_f2,state,0,0.000000000,2048,0.001533981,2047,0.000000000,0,-0.003360000,1,0.000000,0,0.000000000,2048,0.000000000,0,12.500,38,3605,0,1,
112309213874824,112309210010775,112309211778431,112309213874824,3243,32.430000000,center_after_f2,state,0,0.000000000,2048,0.000000000,2048,0.000000000,0,0.000000000,0,0.000000,0,0.000000000,2048,0.000000000,0,12.500,38,3615,0,1,
112309223869290,112309220010304,112309221774028,112309223869290,3244,32.440000000,center_after_f2,state,0,0.000000000,2048,0.000000000,2048,0.000000000,0,0.000000000,0,0.000000,0,0.000000000,2048,0.000000000,0,12.500,38,3625,0,1,
112309233864705,112309230009069,112309231776144,112309233864705,3245,32.450000000,center_after_f2,state,0,0.000000000,2048,0.000000000,2048,0.000000000,0,0.000000000,0,0.113000,-1,0.000000000,2048,0.000000000,0,12.500,38,3635,0,1,
112309243859967,112309240006182,112309241780298,112309243859967,3246,32.460000000,center_after_f2,state,0,0.000000000,2048,0.001533981,2047,0.000000000,0,-0.003360000,1,0.000000,0,0.000000000,2048,0.000000000,0,12.500,38,3645,0,1,
112309253874622,112309250006474,112309251777252,112309253874622,3247,32.470000000,center_after_f2,state,0,0.000000000,2048,0.000000000,2048,0.000000000,0,-0.003360000,1,0.000000,0,0.000000000,2048,0.000000000,0,12.500,38,3655,0,1,
112309263856660,112309260007058,112309261786043,112309263856660,3248,32.480000000,center_after_f2,state,0,0.000000000,2048,0.000000000,2048,0.000000000,0,0.000000000,0,-0.113000,1,0.000000000,2048,0.000000000,0,12.500,38,3665,0,1,
112309273863766,112309270006489,112309271771468,112309273863766,3249,32.490000000,center_after_f2,state,0,0.000000000,2048,0.000000000,2048,0.000000000,0,0.000000000,0,0.000000,0,0.000000000,2048,0.000000000,0,12.500,38,3675,0,1,
112309283866352,112309280010913,112309281780742,112309283866352,3250,32.500000000,center_after_f2,state,0,0.000000000,2048,0.000000000,2048,0.000000000,0,0.000000000,0,0.000000,0,0.000000000,2048,0.000000000,0,12.500,38,3685,0,1,
112309293864433,112309290006953,112309291782516,112309293864433,3251,32.510000000,center_after_f2,state,0,0.000000000,2048,0.001533981,2047,0.000000000,0,0.003360000,-1,0.113000,-1,0.000000000,2048,0.000000000,0,12.500,38,3695,0,1,
112309303853308,112309300006702,112309301777980,112309303853308,3252,32.520000000,center_after_f2,state,0,0.000000000,2048,0.001533981,2047,0.000000000,0,0.000000000,0,0.000000,0,0.000000000,2048,0.000000000,0,12.500,38,3705,0,1,
112309313864983,112309310015013,112309311776503,112309313864983,3253,32.530000000,center_after_f2,state,0,0.000000000,2048,0.000000000,2048,0.000000000,0,-0.003360000,1,0.000000,0,0.000000000,2048,0.000000000,0,12.500,38,3715,0,1,
112309323836555,112309320007622,112309321780123,112309323836555,3254,32.540000000,center_after_f2,state,0,0.000000000,2048,0.000000000,2048,0.000000000,0,-0.003360000,1,-0.226000,2,0.000000000,2048,0.000000000,0,12.500,38,3725,0,1,
112309333839246,112309330007407,112309331778886,112309333839246,3255,32.550000000,center_after_f2,state,0,0.000000000,2048,0.001533981,2047,0.000000000,0,0.000000000,0,0.113000,-1,0.000000000,2048,0.000000000,0,12.500,38,3735,0,1,
112309343846704,112309340009459,112309341753279,112309343846704,3256,32.560000000,center_after_f2,state,0,0.000000000,2048,0.001533981,2047,0.000000000,0,0.000000000,0,0.000000,0,0.000000000,2048,0.000000000,0,12.500,38,3745,0,1,
112309353843660,112309350006425,112309351755854,112309353843660,3257,32.570000000,center_after_f2,state,0,0.000000000,2048,0.001533981,2047,0.000000000,0,0.000000000,0,0.000000,0,0.000000000,2048,0.000000000,0,12.500,38,3755,0,1,
112309363843977,112309360006451,112309361755091,112309363843977,3258,32.580000000,center_after_f2,state,0,0.000000000,2048,0.000000000,2048,0.000000000,0,0.003360000,-1,0.226000,-2,0.000000000,2048,0.000000000,0,12.500,38,3765,0,1,
112309373836152,112309370006562,112309371750281,112309373836152,3259,32.590000000,center_after_f2,state,0,0.000000000,2048,0.000000000,2048,0.000000000,0,-0.003360000,1,-0.113000,1,0.000000000,2048,0.000000000,0,12.500,38,3775,0,1,
112309383837620,112309380006526,112309381755423,112309383837620,3260,32.600000000,center_after_f2,state,0,0.000000000,2048,0.001533981,2047,0.000000000,0,-0.003360000,1,-0.113000,1,0.000000000,2048,0.000000000,0,12.500,38,3785,0,1,
112309393837620,112309390008902,112309391754329,112309393837620,3261,32.610000000,center_after_f2,state,0,0.000000000,2048,0.001533981,2047,0.000000000,0,0.000000000,0,0.000000,0,0.000000000,2048,0.000000000,0,12.500,38,3795,0,1,
112309403846822,112309400006368,112309401753311,112309403846822,3262,32.620000000,center_after_f2,state,0,0.000000000,2048,0.000000000,2048,0.000000000,0,0.000000000,0,0.113000,-1,0.000000000,2048,0.000000000,0,12.500,38,3805,0,1,
112309413836918,112309410011575,112309411756889,112309413836918,3263,32.630000000,center_after_f2,state,0,0.000000000,2048,0.001533981,2047,0.000000000,0,-0.003360000,1,0.000000,0,0.000000000,2048,0.000000000,0,12.500,38,3815,0,1,
112309423841962,112309420007324,112309421750880,112309423841962,3264,32.640000000,center_after_f2,state,0,0.000000000,2048,0.000000000,2048,0.000000000,0,0.003360000,-1,0.113000,-1,0.000000000,2048,0.000000000,0,12.500,38,3825,0,1,
112309433837926,112309430006680,112309431762076,112309433837926,3265,32.650000000,center_after_f2,state,0,0.000000000,2048,0.000000000,2048,0.000000000,0,0.000000000,0,0.000000,0,0.000000000,2048,0.000000000,0,12.500,38,3835,0,1,
112309443782646,112309440006628,112309441752388,112309443782646,3266,32.660000000,center_after_f2,state,0,0.000000000,2048,0.000000000,2048,0.000000000,0,-0.003360000,1,-0.113000,1,0.000000000,2048,0.000000000,0,12.500,38,3845,0,1,
112309453833643,112309450008378,112309451758827,112309453833643,3267,32.670000000,center_after_f2,state,0,0.000000000,2048,0.000000000,2048,0.000000000,0,0.000000000,0,0.000000,0,0.000000000,2048,0.000000000,0,12.500,38,3855,0,1,
112309463844263,112309460006132,112309461756238,112309463844263,3268,32.680000000,center_after_f2,state,0,0.000000000,2048,0.001533981,2047,0.000000000,0,0.000000000,0,0.000000,0,0.000000000,2048,0.000000000,0,12.500,38,3865,0,1,
112309473848157,112309470006740,112309471760660,112309473848157,3269,32.690000000,center_after_f2,state,0,0.000000000,2048,0.000000000,2048,0.000000000,0,0.003360000,-1,0.113000,-1,0.000000000,2048,0.000000000,0,12.500,38,3875,0,1,
112309483847196,112309480006185,112309481756438,112309483847196,3270,32.700000000,center_after_f2,state,0,0.000000000,2048,0.000000000,2048,0.000000000,0,-0.003360000,1,-0.113000,1,0.000000000,2048,0.000000000,0,12.500,38,3885,0,1,
112309493833944,112309490006874,112309491756881,112309493833944,3271,32.710000000,center_after_f2,state,0,0.000000000,2048,0.000000000,2048,0.000000000,0,0.000000000,0,0.113000,-1,0.000000000,2048,0.000000000,0,12.500,38,3895,0,1,
112309503839769,112309500006164,112309501758788,112309503839769,3272,32.720000000,center_after_f2,state,0,0.000000000,2048,0.001533981,2047,0.000000000,0,0.000000000,0,0.113000,-1,0.000000000,2048,0.000000000,0,12.500,38,3905,0,1,
112309513851843,112309510010813,112309511762886,112309513851843,3273,32.730000000,center_after_f2,state,0,0.000000000,2048,0.001533981,2047,0.000000000,0,-0.003360000,1,-0.113000,1,0.000000000,2048,0.000000000,0,12.500,38,3915,0,1,
112309523844024,112309520011140,112309521763319,112309523844024,3274,32.740000000,center_after_f2,state,0,0.000000000,2048,0.001533981,2047,0.000000000,0,-0.003360000,1,-0.113000,1,0.000000000,2048,0.000000000,0,12.500,38,3925,0,1,
112309533854883,112309530007300,112309531702557,112309533854883,3275,32.750000000,center_after_f2,state,0,0.000000000,2048,0.000000000,2048,0.000000000,0,0.000000000,0,0.113000,-1,0.000000000,2048,0.000000000,0,12.500,38,3935,0,1,
112309543848332,112309540008213,112309541759891,112309543848332,3276,32.760000000,center_after_f2,state,0,0.000000000,2048,0.000000000,2048,0.000000000,0,-0.003360000,1,0.000000,0,0.000000000,2048,0.000000000,0,12.500,38,3945,0,1,
112309553843358,112309550006094,112309551755559,112309553843358,3277,32.770000000,center_after_f2,state,0,0.000000000,2048,0.000000000,2048,0.000000000,0,-0.003360000,1,-0.113000,1,0.000000000,2048,0.000000000,0,12.500,38,3955,0,1,
112309563841193,112309560006420,112309561754102,112309563841193,3278,32.780000000,center_after_f2,state,0,0.000000000,2048,0.001533981,2047,0.000000000,0,0.000000000,0,0.000000,0,0.000000000,2048,0.000000000,0,12.500,38,3965,0,1,
112309573841524,112309570006646,112309571754087,112309573841524,3279,32.790000000,center_after_f2,state,0,0.000000000,2048,0.000000000,2048,0.000000000,0,-0.006720000,2,0.000000,0,0.000000000,2048,0.000000000,0,12.500,38,3975,0,1,
112309583832734,112309580006478,112309581764484,112309583832734,3280,32.800000000,center_after_f2,state,0,0.000000000,2048,0.000000000,2048,0.000000000,0,-0.003360000,1,0.000000,0,0.000000000,2048,0.000000000,0,12.500,38,3985,0,1,
112309593836180,112309590006366,112309591768462,112309593836180,3281,32.810000000,center_after_f2,state,0,0.000000000,2048,0.000000000,2048,0.000000000,0,0.000000000,0,0.113000,-1,0.000000000,2048,0.000000000,0,12.500,38,3995,0,1,
112309603837248,112309600009834,112309601749510,112309603837248,3282,32.820000000,center_after_f2,state,0,0.000000000,2048,0.000000000,2048,0.000000000,0,0.000000000,0,0.000000,0,0.000000000,2048,0.000000000,0,12.500,38,4005,0,1,
112309613843615,112309610010487,112309611759336,112309613843615,3283,32.830000000,center_after_f2,state,0,0.000000000,2048,0.001533981,2047,0.000000000,0,-0.003360000,1,0.000000,0,0.000000000,2048,0.000000000,0,12.500,38,4015,0,1,
112309623839961,112309620007104,112309621757179,112309623839961,3284,32.840000000,center_after_f2,state,0,0.000000000,2048,0.000000000,2048,0.000000000,0,-0.003360000,1,0.000000,0,0.000000000,2048,0.000000000,0,12.500,38,4025,0,1,
112309633847166,112309630008930,112309631752882,112309633847166,3285,32.850000000,center_after_f2,state,0,0.000000000,2048,0.001533981,2047,0.000000000,0,-0.003360000,1,-0.113000,1,0.000000000,2048,0.000000000,0,12.500,38,4035,0,1,
112309643839077,112309640009852,112309641759964,112309643839077,3286,32.860000000,center_after_f2,state,0,0.000000000,2048,0.000000000,2048,0.000000000,0,0.000000000,0,0.000000,0,0.000000000,2048,0.000000000,0,12.500,38,4045,0,1,
112309653842394,112309650005884,112309651759596,112309653842394,3287,32.870000000,center_after_f2,state,0,0.000000000,2048,0.000000000,2048,0.000000000,0,0.000000000,0,0.000000,0,0.000000000,2048,0.000000000,0,12.500,38,4055,0,1,
112309663833826,112309660006385,112309661753729,112309663833826,3288,32.880000000,center_after_f2,state,0,0.000000000,2048,0.000000000,2048,0.000000000,0,-0.003360000,1,-0.113000,1,0.000000000,2048,0.000000000,0,12.500,38,4065,0,1,
112309673841437,112309670006613,112309671757622,112309673841437,3289,32.890000000,center_after_f2,state,0,0.000000000,2048,0.000000000,2048,0.000000000,0,0.000000000,0,0.000000,0,0.000000000,2048,0.000000000,0,12.500,38,4075,0,1,
112309683839601,112309680007050,112309681755675,112309683839601,3290,32.900000000,center_after_f2,state,0,0.000000000,2048,0.001533981,2047,0.000000000,0,0.000000000,0,0.000000,0,0.000000000,2048,0.000000000,0,12.500,38,4085,0,1,
112309693784700,112309690009008,112309691751393,112309693784700,3291,32.910000000,center_after_f2,state,0,0.000000000,2048,0.001533981,2047,0.000000000,0,-0.003360000,1,-0.113000,1,0.000000000,2048,0.000000000,0,12.500,38,4095,0,1,
112309703839721,112309700006583,112309701752536,112309703839721,3292,32.920000000,center_after_f2,state,0,0.000000000,2048,0.000000000,2048,0.000000000,0,-0.003360000,1,0.000000,0,0.000000000,2048,0.000000000,0,12.500,38,4105,0,1,
112309713819254,112309710011528,112309711756831,112309713819254,3293,32.930000000,center_after_f2,state,0,0.000000000,2048,0.001533981,2047,0.000000000,0,0.000000000,0,0.000000,0,0.000000000,2048,0.000000000,0,12.500,38,4115,0,1,
112309723820172,112309720006067,112309721755507,112309723820172,3294,32.940000000,center_after_f2,state,0,0.000000000,2048,0.001533981,2047,0.000000000,0,0.000000000,0,0.113000,-1,0.000000000,2048,0.000000000,0,12.500,38,4125,0,1,
112309733833536,112309730006805,112309731737050,112309733833536,3295,32.950000000,center_after_f2,state,0,0.000000000,2048,0.000000000,2048,0.000000000,0,0.000000000,0,0.000000,0,0.000000000,2048,0.000000000,0,12.500,38,4135,0,1,
112309743818237,112309740007197,112309741733191,112309743818237,3296,32.960000000,center_after_f2,state,0,0.000000000,2048,0.000000000,2048,0.000000000,0,-0.003360000,1,-0.113000,1,0.000000000,2048,0.000000000,0,12.500,38,4145,0,1,
112309753820120,112309750008185,112309751753092,112309753820120,3297,32.970000000,center_after_f2,state,0,0.000000000,2048,0.000000000,2048,0.000000000,0,0.000000000,0,0.000000,0,0.000000000,2048,0.000000000,0,12.500,38,4155,0,1,
112309763818741,112309760005831,112309761734872,112309763818741,3298,32.980000000,center_after_f2,state,0,0.000000000,2048,0.001533981,2047,0.000000000,0,0.000000000,0,0.113000,-1,0.000000000,2048,0.000000000,0,12.500,38,4165,0,1,
112309773753325,112309770006554,112309771727534,112309773753325,3299,32.990000000,center_after_f2,hardware_error,0,0.000000000,2048,,,,,,,,,,,,,,,,,,0
112309783818979,112309780006072,112309781728071,112309783818979,3300,33.000000000,center_after_f2,state,0,0.000000000,2048,0.001533981,2047,0.000000000,0,-0.003360000,1,-0.113000,1,0.000000000,2048,0.000000000,0,12.500,38,4185,0,1,
112309793820218,112309790006461,112309791730867,112309793820218,3301,33.010000000,center_after_f2,state,0,0.000000000,2048,0.000000000,2048,0.000000000,0,0.000000000,0,0.000000,0,0.000000000,2048,0.000000000,0,12.500,38,4195,0,1,
112309803812387,112309800006008,112309801737737,112309803812387,3302,33.020000000,sine_f3,state,0,0.000000000,2048,0.001533981,2047,0.000000000,0,0.000000000,0,0.000000,0,0.000000000,2048,0.000000000,0,12.500,38,4205,0,1,
112309813816723,112309810010916,112309811735760,112309813816723,3303,33.030000000,sine_f3,state,0,0.002825573,2046,0.001533981,2047,0.000000000,0,-0.003360000,1,0.113000,-1,0.003067962,2046,0.000000000,0,12.500,38,4215,0,1,
112309823820772,112309820007149,112309821732343,112309823820772,3304,33.040000000,sine_f3,state,0,0.005639996,2044,0.001533981,2047,0.000000000,0,0.010080000,-3,2.260000,-20,0.006135923,2044,0.000000000,0,12.500,38,4225,0,1,
112309833827543,112309830007698,112309831746072,112309833827543,3305,33.050000000,sine_f3,state,0,0.008432159,2043,0.001533981,2047,0.000000000,0,0.030240000,-9,3.164000,-28,0.007669904,2043,0.000000000,0,12.500,38,4235,0,1,
112309843823253,112309840006908,112309841732947,112309843823253,3306,33.060000000,sine_f3,state,0,0.011191045,2041,0.003067962,2046,0.000000000,0,0.033600000,-10,3.164000,-28,0.010737866,2041,0.000000000,0,12.500,38,4245,0,1,
112309853824112,112309850008664,112309851733223,112309853824112,3307,33.070000000,sine_f3,state,0,0.013905765,2039,0.003067962,2046,0.000000000,0,0.043680000,-13,3.164000,-28,0.013805827,2039,0.000000000,0,12.400,38,4255,0,1,
112309863826718,112309860006957,112309861732504,112309863826718,3308,33.080000000,sine_f3,state,0,0.016565605,2037,0.004601942,2045,0.023980824,-1,0.053760000,-16,3.164000,-28,0.016873789,2037,0.000000000,0,12.500,38,4265,0,1,
112309873832212,112309870006322,112309871737309,112309873832212,3309,33.090000000,sine_f3,state,0,0.019160068,2036,0.006135923,2044,0.047961648,-2,0.070560000,-21,3.503000,-31,0.018407769,2036,0.000000000,0,12.500,38,4275,0,1,
112309883827473,112309880006892,112309881739315,112309883827473,3310,33.100000000,sine_f3,state,0,0.021678915,2034,0.007669904,2043,0.047961648,-2,0.067200000,-20,3.503000,-31,0.021475731,2034,0.000000000,0,12.500,38,4285,0,1,
112309893816848,112309890006749,112309891733181,112309893816848,3311,33.110000000,sine_f3,state,0,0.024112206,2032,0.009203885,2042,0.071942472,-3,0.060480000,-18,9.944000,-88,0.024543693,2032,0.000000000,0,12.500,38,4295,0,1,
112309903825852,112309900006202,112309901731983,112309903825852,3312,33.120000000,sine_f3,state,0,0.026450336,2031,0.012271846,2040,0.095923296,-4,0.144480000,-43,14.238000,-126,0.026077673,2031,0.000000000,0,12.400,38,4305,0,1,
112309913821345,112309910010580,112309911735134,112309913821345,3313,33.130000000,sine_f3,state,0,0.028684080,2029,0.018407769,2036,0.143884944,-6,0.043680000,-13,19.436000,-172,0.029145635,2029,0.000000000,0,12.500,38,4315,0,1,
112309923820770,112309920006781,112309921733793,112309923820770,3314,33.140000000,sine_f3,state,0,0.030804620,2028,0.026077673,2031,0.191846591,-8,0.026880000,-8,19.323000,-171,0.030679616,2028,0.000000000,0,12.600,38,4325,0,1,
112309933812725,112309930006046,112309931732982,112309933812725,3315,33.150000000,sine_f3,state,0,0.032803588,2027,0.036815539,2024,0.287769887,-12,0.067200000,-20,3.729000,-33,0.032213597,2027,0.000000000,0,12.600,38,4335,1,1,
112309943777556,112309940006481,112309941735467,112309943777556,3316,33.160000000,sine_f3,state,0,0.034673096,2025,0.044485443,2019,0.407674007,-17,0.003360000,-1,3.955000,-35,0.035281558,2025,0.000000000,0,12.500,38,4345,1,1,
112309953819295,112309950007512,112309951736462,112309953819295,3317,33.170000000,sine_f3,state,0,0.036405765,2024,0.047553404,2017,0.479616478,-20,-0.137760000,41,0.339000,-3,0.036815539,2024,0.000000000,0,12.500,38,4355,1,1,
112309963822894,112309960008181,112309961730554,112309963822894,3318,33.180000000,sine_f3,state,0,0.037994757,2023,0.050621366,2015,0.551558950,-23,-0.057120000,17,-0.452000,4,0.038349520,2023,0.000000000,0,12.500,38,4365,1,1,
112309973816582,112309970005811,112309971744952,112309973816582,3319,33.190000000,sine_f3,state,0,0.039433801,2022,0.050621366,2015,0.551558950,-23,-0.053760000,16,-2.147000,19,0.039883500,2022,0.000000000,0,12.500,38,4375,1,1,
112309983822881,112309980006579,112309981731752,112309983822881,3320,33.200000000,sine_f3,state,0,0.040717217,2021,0.049087385,2016,0.527578126,-22,-0.053760000,16,-4.407000,39,0.041417481,2021,0.000000000,0,12.400,38,4385,1,1,
112309993818361,112309990006639,112309991732946,112309993818361,3321,33.210000000,sine_f3,state,0,0.041839942,2021,0.049087385,2016,0.431654831,-18,-0.036960000,11,-6.780000,60,0.041417481,2021,0.000000000,0,12.500,38,4395,1,1,
112310003828066,112310000006717,112310001733337,112310003828066,3322,33.220000000,sine_f3,state,0,0.042797543,2020,0.047553404,2017,0.311750711,-13,-0.026880000,8,-10.283000,91,0.042951462,2020,0.000000000,0,12.500,38,4405,1,1,
112310013824554,112310010010832,112310011738434,112310013824554,3323,33.230000000,sine_f3,state,0,0.043586242,2020,0.042951462,2020,0.167865767,-7,-0.003360000,1,-10.961000,97,0.042951462,2020,0.000000000,0,12.500,38,4415,0,1,
112310023826957,112310020007002,112310021736618,112310023826957,3324,33.240000000,sine_f3,state,0,0.044202926,2019,0.038349520,2023,0.047961648,-2,-0.100800000,30,-0.452000,4,0.044485443,2019,0.000000000,0,12.500,38,4425,0,1,
112310033817853,112310030009730,112310031740023,112310033817853,3325,33.250000000,sine_f3,state,0,0.044645162,2019,0.036815539,2024,-0.047961648,2,-0.003360000,1,0.339000,-3,0.044485443,2019,0.000000000,0,12.500,38,4435,0,1,
112310043824526,112310040007386,112310041733027,112310043824526,3326,33.260000000,sine_f3,state,0,0.044911203,2019,0.036815539,2024,-0.119904120,5,0.036960000,-11,2.825000,-25,0.044485443,2019,0.000000000,0,12.500,38,4445,0,1,
112310053824674,112310050007360,112310051735687,112310053824674,3327,33.270000000,sine_f3,state,0,0.045000000,2019,0.036815539,2024,-0.143884944,6,0.043680000,-13,3.277000,-29,0.044485443,2019,0.000000000,0,12.500,38,4455,0,1,
112310063816934,112310060007601,112310061731398,112310063816934,3328,33.280000000,sine_f3,state,0,0.044911203,2019,0.036815539,2024,-0.167865767,7,0.043680000,-13,3.390000,-30,0.044485443,2019,0.000000000,0,12.500,38,4465,0,1,
112310073815967,112310070008610,112310071731450,112310073815967,3329,33.290000000,sine_f3,state,0,0.044645162,2019,0.038349520,2023,-0.143884944,6,0.036960000,-11,3.164000,-28,0.044485443,2019,0.000000000,0,12.500,38,4475,0,1,
112310083825133,112310080008973,112310081735247,112310083825133,3330,33.300000000,sine_f3,state,0,0.044202926,2019,0.038349520,2023,-0.119904120,5,0.033600000,-10,3.051000,-27,0.044485443,2019,0.000000000,0,12.500,38,4485,0,1,
112310093814495,112310090008211,112310091739941,112310093814495,3331,33.310000000,sine_f3,state,0,0.043586242,2020,0.038349520,2023,-0.071942472,3,0.030240000,-9,3.051000,-27,0.042951462,2020,0.000000000,0,12.500,38,4495,0,1,
112310103829751,112310100014617,112310101735514,112310103829751,3332,33.320000000,sine_f3,state,0,0.042797543,2020,0.039883500,2022,0.000000000,0,0.020160000,-6,3.051000,-27,0.042951462,2020,0.000000000,0,12.500,38,4505,0,1,
112310113824321,112310110011613,112310111740661,112310113824321,3333,33.330000000,sine_f3,state,0,0.041839942,2021,0.039883500,2022,0.000000000,0,0.010080000,-3,2.938000,-26,0.041417481,2021,0.000000000,0,12.500,38,4515,0,1,
112310123802884,112310120007392,112310121734313,112310123802884,3334,33.340000000,sine_f3,state,0,0.040717217,2021,0.042951462,2020,0.023980824,-1,0.000000000,0,0.904000,-8,0.041417481,2021,0.000000000,0,12.500,38,4525,0,1,
112310133800122,112310130006881,112310131733322,112310133800122,3335,33.350000000,sine_f3,state,0,0.039433801,2022,0.042951462,2020,0.047961648,-2,-0.003360000,1,-0.339000,3,0.039883500,2022,0.000000000,0,12.500,38,4535,0,1,
112310143800999,112310140006622,112310141737929,112310143800999,3336,33.360000000,sine_f3,state,0,0.037994757,2023,0.042951462,2020,0.047961648,-2,-0.013440000,4,-1.017000,9,0.038349520,2023,0.000000000,0,12.500,38,4545,0,1,
112310153795878,112310150006611,112310151719300,112310153795878,3337,33.370000000,sine_f3,state,0,0.036405765,2024,0.041417481,2021,0.047961648,-2,-0.023520000,7,-1.130000,10,0.036815539,2024,0.000000000,0,12.500,38,4555,0,1,
112310163797053,112310160006676,112310161739199,112310163797053,3338,33.380000000,sine_f3,state,0,0.034673096,2025,0.041417481,2021,0.047961648,-2,-0.033600000,10,-1.243000,11,0.035281558,2025,0.000000000,0,12.500,38,4565,0,1,
112310173799303,112310170008496,112310171733199,112310173799303,3339,33.390000000,sine_f3,state,0,0.032803588,2027,0.041417481,2021,0.047961648,-2,-0.043680000,13,-1.808000,16,0.032213597,2027,0.000000000,0,12.500,38,4575,0,1,
112310183799711,112310180005821,112310181720128,112310183799711,3340,33.400000000,sine_f3,state,0,0.030804620,2028,0.041417481,2021,0.023980824,-1,-0.050400000,15,-3.729000,33,0.030679616,2028,0.000000000,0,12.500,38,4585,0,1,
112310193791430,112310190006629,112310191731438,112310193791430,3341,33.410000000,sine_f3,state,0,0.028684080,2029,0.041417481,2021,0.000000000,0,-0.047040000,14,-7.458000,66,0.029145635,2029,0.000000000,0,12.500,38,4595,0,1,
112310203800558,112310200006725,112310201741227,112310203800558,3342,33.420000000,sine_f3,state,0,0.026450336,2031,0.038349520,2023,0.000000000,0,-0.050400000,15,-11.187000,99,0.026077673,2031,0.000000000,0,12.300,38,4605,0,1,
112310213803562,112310210013071,112310211712626,112310213803562,3343,33.430000000,sine_f3,state,0,0.024112206,2032,0.035281558,2025,-0.023980824,1,-0.053760000,16,-12.204000,108,0.024543693,2032,0.000000000,0,12.600,38,4615,0,1,
112310223804820,112310220007089,112310221743194,112310223804820,3344,33.440000000,sine_f3,state,0,0.021678915,2034,0.029145635,2029,-0.071942472,3,-0.026880000,8,-13.786000,122,0.021475731,2034,0.000000000,0,12.600,38,4625,0,1,
112310233792402,112310230006915,112310231708185,112310233792402,3345,33.450000000,sine_f3,state,0,0.019160068,2036,0.023009712,2033,-0.143884944,6,-0.013440000,4,-14.351000,127,0.018407769,2036,0.000000000,0,12.600,38,4635,0,1,
112310243802870,112310240006969,112310241724117,112310243802870,3346,33.460000000,sine_f3,state,0,0.016565605,2037,0.015339808,2038,-0.239808239,10,-0.013440000,4,-11.074000,98,0.016873789,2037,0.000000000,0,12.500,38,4645,0,1,
112310253810535,112310250006842,112310251721104,112310253810535,3347,33.470000000,sine_f3,state,0,0.013905765,2039,0.010737866,2041,-0.335731535,14,-0.030240000,9,-0.904000,8,0.013805827,2039,0.000000000,0,12.500,38,4655,1,1,
112310263801516,112310260006643,112310261707169,112310263801516,3348,33.480000000,sine_f3,state,0,0.011191045,2041,0.007669904,2043,-0.407674007,17,0.010080000,-3,0.339000,-3,0.010737866,2041,0.000000000,0,12.500,38,4665,1,1,
112310273798396,112310270007384,112310271710294,112310273798396,3349,33.490000000,sine_f3,state,0,0.008432159,2043,0.007669904,2043,-0.431654831,18,0.020160000,-6,2.034000,-18,0.007669904,2043,0.000000000,0,12.500,38,4675,1,1,
112310283804293,112310280010940,112310281714519,112310283804293,3350,33.500000000,sine_f3,state,0,0.005639996,2044,0.006135923,2044,-0.431654831,18,0.003360000,-1,2.712000,-24,0.006135923,2044,0.000000000,0,12.500,38,4685,1,1,
112310293799888,112310290006273,112310291721908,112310293799888,3351,33.510000000,sine_f3,state,0,0.002825573,2046,0.007669904,2043,-0.383693183,16,-0.006720000,2,-0.113000,1,0.003067962,2046,0.000000000,0,12.500,38,4695,1,1,
112310303799794,112310300006631,112310301729870,112310303799794,3352,33.520000000,sine_f3,state,0,0.000000000,2048,0.007669904,2043,-0.311750711,13,-0.026880000,8,-1.017000,9,0.000000000,2048,0.000000000,0,12.500,38,4705,1,1,
112310313799992,112310310012772,112310311734950,112310313799992,3353,33.530000000,sine_f3,state,0,-0.002825573,2050,0.007669904,2043,-0.215827415,9,-0.040320000,12,-1.695000,15,-0.003067962,2050,0.000000000,0,12.500,38,4715,0,1,
112310323795966,112310320006711,112310321717860,112310323795966,3354,33.540000000,sine_f3,state,0,-0.005639996,2052,0.006135923,2044,-0.143884944,6,-0.040320000,12,-5.311000,47,-0.006135923,2052,0.000000000,0,12.500,38,4725,0,1,
112310333797714,112310330006304,112310331716695,112310333797714,3355,33.550000000,sine_f3,state,0,-0.008432159,2053,0.004601942,2045,-0.071942472,3,-0.057120000,17,-8.588000,76,-0.007669904,2053,0.000000000,0,12.500,38,4735,0,1,
112310343796356,112310340006916,112310341741377,112310343796356,3356,33.560000000,sine_f3,state,0,-0.011191045,2055,0.001533981,2047,-0.047961648,2,-0.060480000,18,-11.639000,103,-0.010737866,2055,0.000000000,0,12.600,38,4745,0,1,
112310353809297,112310350006806,112310351731296,112310353809297,3357,33.570000000,sine_f3,state,0,-0.013905765,2057,-0.003067962,2050,-0.071942472,3,-0.043680000,13,-12.204000,108,-0.013805827,2057,0.000000000,0,12.600,38,4755,0,1,
112310363797937,112310360006929,112310361712839,112310363797937,3358,33.580000000,sine_f3,state,0,-0.016565605,2059,-0.009203885,2054,-0.119904120,5,-0.026880000,8,-14.125000,125,-0.016873789,2059,0.000000000,0,12.600,38,4765,0,1,
112310373800485,112310370006480,112310371711771,112310373800485,3359,33.590000000,sine_f3,state,0,-0.019160068,2060,-0.016873789,2059,-0.215827415,9,-0.006720000,2,-14.012000,124,-0.018407769,2060,0.000000000,0,12.600,38,4775,0,1,
112310383797956,112310380007089,112310381707043,112310383797956,3360,33.600000000,sine_f3,state,0,-0.021678915,2062,-0.023009712,2063,-0.311750711,13,0.057120000,-17,-7.910000,70,-0.021475731,2062,0.000000000,0,12.500,38,4785,1,1,
112310393791420,112310390008968,112310391715856,112310393791420,3361,33.610000000,sine_f3,state,0,-0.024112206,2064,-0.029145635,2067,-0.383693183,16,0.097440000,-29,-2.486000,22,-0.024543693,2064,0.000000000,0,12.500,38,4795,1,1,
112310403803303,112310400008921,112310401711721,112310403803303,3362,33.620000000,sine_f3,state,0,-0.026450336,2065,-0.029145635,2067,-0.455635655,19,0.030240000,-9,0.113000,-1,-0.026077673,2065,0.000000000,0,12.500,38,4805,1,1,
112310413794050,112310410013454,112310411716468,112310413794050,3363,33.630000000,sine_f3,state,0,-0.028684080,2067,-0.029145635,2067,-0.455635655,19,0.013440000,-4,2.034000,-18,-0.029145635,2067,0.000000000,0,12.500,38,4815,1,1,
112310423801542,112310420006887,112310421708518,112310423801542,3364,33.640000000,sine_f3,state,0,-0.030804620,2068,-0.029145635,2067,-0.431654831,18,0.000000000,0,1.695000,-15,-0.030679616,2068,0.000000000,0,12.500,38,4825,1,1,
112310433797586,112310430007570,112310431716599,112310433797586,3365,33.650000000,sine_f3,state,0,-0.032803588,2069,-0.029145635,2067,-0.359712359,15,0.000000000,0,-0.565000,5,-0.032213597,2069,0.000000000,0,12.500,38,4835,1,1,
112310443790114,112310440008989,112310441711890,112310443790114,3366,33.660000000,sine_f3,state,0,-0.034673096,2071,-0.029145635,2067,-0.287769887,12,-0.013440000,4,-1.017000,9,-0.035281558,2071,0.000000000,0,12.500,38,4845,1,1,
112310453807215,112310450006528,112310451713044,112310453807215,3367,33.670000000,sine_f3,state,0,-0.036405765,2072,-0.029145635,2067,-0.191846591,8,-0.033600000,10,-1.356000,12,-0.036815539,2072,0.000000000,0,12.500,38,4855,0,1,
112310463794943,112310460006637,112310461731107,112310463794943,3368,33.680000000,sine_f3,state,0,-0.037994757,2073,-0.030679616,2068,-0.095923296,4,-0.047040000,14,-1.582000,14,-0.038349520,2073,0.000000000,0,12.500,38,4865,0,1,
112310473791330,112310470006141,112310471720143,112310473791330,3369,33.690000000,sine_f3,state,0,-0.039433801,2074,-0.030679616,2068,-0.047961648,2,-0.043680000,13,-2.825000,25,-0.039883500,2074,0.000000000,0,12.500,38,4875,0,1,
112310483805052,112310480005998,112310481732866,112310483805052,3370,33.700000000,sine_f3,state,0,-0.040717217,2075,-0.030679616,2068,-0.023980824,1,-0.043680000,13,-6.215000,55,-0.041417481,2075,0.000000000,0,12.500,38,4885,0,1,
112310493797059,112310490006603,112310491716698,112310493797059,3371,33.710000000,sine_f3,state,0,-0.041839942,2075,-0.033747577,2070,-0.023980824,1,-0.040320000,12,-10.622000,94,-0.041417481,2075,0.000000000,0,12.500,38,4895,0,1,
112310503796154,112310500008260,112310501716006,112310503796154,3372,33.720000000,sine_f3,state,0,-0.042797543,2076,-0.038349520,2073,-0.047961648,2,-0.023520000,7,-11.413000,101,-0.042951462,2076,0.000000000,0,12.500,39,4905,0,1,
112310513797293,112310510012638,112310511716445,112310513797293,3373,33.730000000,sine_f3,state,0,-0.043586242,2076,-0.042951462,2076,-0.095923296,4,-0.006720000,2,-11.752000,104,-0.042951462,2076,0.000000000,0,12.300,39,4915,0,1,
112310523782007,112310520006517,112310521700538,112310523782007,3374,33.740000000,sine_f3,state,0,-0.044202926,2077,-0.049087385,2080,-0.167865767,7,-0.020160000,6,-3.390000,30,-0.044485443,2077,0.000000000,0,12.500,39,4925,0,1,
112310533793431,112310530006330,112310531704471,112310533793431,3375,33.750000000,sine_f3,state,0,-0.044645162,2077,-0.050621366,2081,-0.215827415,9,0.040320000,-12,0.000000,0,-0.044485443,2077,0.000000000,0,12.500,39,4935,0,1,
112310543797574,112310540006199,112310541694155,112310543797574,3376,33.760000000,sine_f3,state,0,-0.044911203,2077,-0.050621366,2081,-0.263789063,11,0.030240000,-9,1.356000,-12,-0.044485443,2077,0.000000000,0,12.500,39,4945,1,1,
112310553792384,112310550006315,112310551701948,112310553792384,3377,33.770000000,sine_f3,state,0,-0.045000000,2077,-0.050621366,2081,-0.287769887,12,0.033600000,-10,3.051000,-27,-0.044485443,2077,0.000000000,0,12.500,39,4955,1,1,
112310563790250,112310560005994,112310561691473,112310563790250,3378,33.780000000,sine_f3,state,0,-0.044911203,2077,-0.050621366,2081,-0.263789063,11,0.036960000,-11,3.277000,-29,-0.044485443,2077,0.000000000,0,12.500,39,4965,1,1,
112310573809781,112310570006491,112310571709012,112310573809781,3379,33.790000000,sine_f3,state,0,-0.044645162,2077,-0.049087385,2080,-0.239808239,10,0.030240000,-9,3.051000,-27,-0.044485443,2077,0.000000000,0,12.500,39,4975,0,1,
112310583768636,112310580005934,112310581689918,112310583768636,3380,33.800000000,sine_f3,state,0,-0.044202926,2077,-0.049087385,2080,-0.167865767,7,0.023520000,-7,3.051000,-27,-0.044485443,2077,0.000000000,0,12.500,39,4985,0,1,
112310593771536,112310590007001,112310591691350,112310593771536,3381,33.810000000,sine_f3,state,0,-0.043586242,2076,-0.047553404,2079,-0.095923296,4,0.010080000,-3,3.164000,-28,-0.042951462,2076,0.000000000,0,12.500,39,4995,0,1,
112310603778853,112310600010475,112310601692752,112310603778853,3382,33.820000000,sine_f3,state,0,-0.042797543,2076,-0.046019424,2078,-0.023980824,1,0.023520000,-7,2.938000,-26,-0.042951462,2076,0.000000000,0,12.500,39,5005,0,1,
112310613777905,112310610019671,112310611696543,112310613777905,3383,33.830000000,sine_f3,state,0,-0.041839942,2075,-0.046019424,2078,0.000000000,0,0.013440000,-4,3.051000,-27,-0.041417481,2075,0.000000000,0,12.500,39,5015,0,1,
112310623788496,112310620006401,112310621689741,112310623788496,3384,33.840000000,sine_f3,state,0,-0.040717217,2075,-0.044485443,2077,0.047961648,-2,0.013440000,-4,3.164000,-28,-0.041417481,2075,0.000000000,0,12.500,39,5025,0,1,
112310633773369,112310630006884,112310631695034,112310633773369,3385,33.850000000,sine_f3,state,0,-0.039433801,2074,-0.042951462,2076,0.071942472,-3,0.013440000,-4,2.147000,-19,-0.039883500,2074,0.000000000,0,12.500,39,5035,0,1,
112310643787491,112310640006588,112310641692306,112310643787491,3386,33.860000000,sine_f3,state,0,-0.037994757,2073,-0.042951462,2076,0.071942472,-3,0.020160000,-6,3.277000,-29,-0.038349520,2073,0.000000000,0,12.500,39,5045,0,1,
112310653780300,112310650006733,112310651691098,112310653780300,3387,33.870000000,sine_f3,state,0,-0.036405765,2072,-0.041417481,2075,0.071942472,-3,0.016800000,-5,3.051000,-27,-0.036815539,2072,0.000000000,0,12.500,39,5055,0,1,
112310663773167,112310660009267,112310661687782,112310663773167,3388,33.880000000,sine_f3,state,0,-0.034673096,2071,-0.039883500,2074,0.071942472,-3,0.016800000,-5,3.051000,-27,-0.035281558,2071,0.000000000,0,12.500,39,5065,0,1,
112310673777781,112310670006202,112310671704311,112310673777781,3389,33.890000000,sine_f3,state,0,-0.032803588,2069,-0.039883500,2074,0.071942472,-3,0.030240000,-9,3.277000,-29,-0.032213597,2069,0.000000000,0,12.500,39,5075,0,1,
112310683769833,112310680005965,112310681694721,112310683769833,3390,33.900000000,sine_f3,state,0,-0.030804620,2068,-0.038349520,2073,0.071942472,-3,0.033600000,-10,3.051000,-27,-0.030679616,2068,0.000000000,0,12.500,39,5085,0,1,
112310693765837,112310690006254,112310691699298,112310693765837,3391,33.910000000,sine_f3,state,0,-0.028684080,2067,-0.036815539,2072,0.095923296,-4,0.036960000,-11,2.825000,-25,-0.029145635,2067,0.000000000,0,12.500,39,5095,0,1,
112310703773485,112310700006713,112310701700165,112310703773485,3392,33.920000000,sine_f3,state,0,-0.026450336,2065,-0.035281558,2071,0.095923296,-4,0.043680000,-13,2.599000,-23,-0.026077673,2065,0.000000000,0,12.500,39,5105,0,1,
112310713787538,112310710013442,112310711699903,112310713787538,3393,33.930000000,sine_f3,state,0,-0.024112206,2064,-0.033747577,2070,0.095923296,-4,0.057120000,-17,3.051000,-27,-0.024543693,2064,0.000000000,0,12.500,39,5115,0,1,
112310723773476,112310720008757,112310721689662,112310723773476,3394,33.940000000,sine_f3,state,0,-0.021678915,2062,-0.033747577,2070,0.095923296,-4,0.057120000,-17,3.164000,-28,-0.021475731,2062,0.000000000,0,12.500,39,5125,0,1,
112310733783083,112310730005951,112310731702933,112310733783083,3395,33.950000000,sine_f3,state,0,-0.019160068,2060,-0.032213597,2069,0.095923296,-4,0.067200000,-20,3.277000,-29,-0.018407769,2060,0.000000000,0,12.500,39,5135,0,1,
112310743780178,112310740006436,112310741698433,112310743780178,3396,33.960000000,sine_f3,state,0,-0.016565605,2059,-0.029145635,2067,0.095923296,-4,0.070560000,-21,8.362000,-74,-0.016873789,2059,0.000000000,0,12.500,39,5145,0,1,
112310753775238,112310750006402,112310751700775,112310753775238,3397,33.970000000,sine_f3,state,0,-0.013905765,2057,-0.027611654,2066,0.119904120,-5,0.063840000,-19,16.385000,-145,-0.013805827,2057,0.000000000,0,12.500,39,5155,0,1,
112310763786649,112310760006511,112310761692522,112310763786649,3398,33.980000000,sine_f3,state,0,-0.011191045,2055,-0.019941750,2061,0.143884944,-6,0.047040000,-14,19.210000,-170,-0.010737866,2055,0.000000000,0,12.400,39,5165,0,1,
112310773718785,112310770009133,112310771695290,112310773718785,3399,33.990000000,sine_f3,hardware_error,0,-0.008432159,2053,,,,,,,,,,,,,,,,,,0
112310783778456,112310780005951,112310781690157,112310783778456,3400,34.000000000,sine_f3,state,0,-0.005639996,2052,-0.003067962,2050,0.287769887,-12,0.030240000,-9,12.317000,-109,-0.006135923,2052,0.000000000,0,12.600,39,5185,1,1,
112310793775678,112310790006329,112310791691130,112310793775678,3401,34.010000000,sine_f3,state,0,-0.002825573,2050,0.004601942,2045,0.407674007,-17,-0.178080000,53,8.701000,-77,-0.003067962,2050,0.000000000,0,12.500,39,5195,1,1,
112310803769720,112310800006254,112310801693111,112310803769720,3402,34.020000000,sine_f3,state,0,-0.000000000,2048,0.009203885,2042,0.479616478,-20,-0.043680000,13,0.113000,-1,0.000000000,2048,0.000000000,0,12.500,39,5205,1,1,
112310813779888,112310810016618,112310811698915,112310813779888,3403,34.030000000,sine_f3,state,0,0.002825573,2046,0.010737866,2041,0.551558950,-23,-0.073920000,22,-0.339000,3,0.003067962,2046,0.000000000,0,12.500,39,5215,1,1,
112310823779447,112310820006883,112310821689102,112310823779447,3404,34.040000000,sine_f3,state,0,0.005639996,2044,0.012271846,2040,0.575539774,-24,-0.057120000,17,-1.808000,16,0.006135923,2044,0.000000000,0,12.500,39,5225,1,1,
112310833783784,112310830008365,112310831697245,112310833783784,3405,34.050000000,sine_f3,state,0,0.008432159,2043,0.012271846,2040,0.527578126,-22,-0.030240000,9,-1.695000,15,0.007669904,2043,0.000000000,0,12.500,39,5235,1,1,
112310843775476,112310840005975,112310841694647,112310843775476,3406,34.060000000,sine_f3,state,0,0.011191045,2041,0.012271846,2040,0.455635655,-19,-0.023520000,7,-1.469000,13,0.010737866,2041,0.000000000,0,12.500,39,5245,1,1,
112310853781306,112310850006943,112310851694818,112310853781306,3407,34.070000000,sine_f3,state,0,0.013905765,2039,0.012271846,2040,0.359712359,-15,-0.006720000,2,-0.791000,7,0.013805827,2039,0.000000000,0,12.500,39,5255,1,1,
112310863775790,112310860006688,112310861695775,112310863775790,3408,34.080000000,sine_f3,state,0,0.016565605,2037,0.010737866,2041,0.239808239,-10,0.003360000,-1,2.147000,-19,0.016873789,2037,0.000000000,0,12.500,39,5265,0,1,
112310873777848,112310870006618,112310871702144,112310873777848,3409,34.090000000,sine_f3,state,0,0.019160068,2036,0.012271846,2040,0.143884944,-6,0.026880000,-8,3.277000,-29,0.018407769,2036,0.000000000,0,12.500,39,5275,0,1,
112310883781179,112310880008904,112310881689610,112310883781179,3410,34.100000000,sine_f3,state,0,0.021678915,2034,0.013805827,2039,0.071942472,-3,0.030240000,-9,3.164000,-28,0.021475731,2034,0.000000000,0,12.500,39,5285,0,1,
112310893782943,112310890006647,112310891694836,112310893782943,3411,34.110000000,sine_f3,state,0,0.024112206,2032,0.013805827,2039,0.047961648,-2,0.043680000,-13,3.051000,-27,0.024543693,2032,0.000000000,0,12.500,39,5295,0,1,
112310903778333,112310900006781,112310901694401,112310903778333,3412,34.120000000,sine_f3,state,0,0.026450336,2031,0.015339808,2038,0.023980824,-1,0.053760000,-16,3.277000,-29,0.026077673,2031,0.000000000,0,12.500,39,5305,0,1,
112310913781172,112310910012344,112310911691956,112310913781172,3413,34.130000000,sine_f3,state,0,0.028684080,2029,0.016873789,2037,0.047961648,-2,0.060480000,-18,2.825000,-25,0.029145635,2029,0.000000000,0,12.500,39,5315,0,1,
112310923769772,112310920006436,112310921691979,112310923769772,3414,34.140000000,sine_f3,state,0,0.030804620,2028,0.016873789,2037,0.047961648,-2,0.067200000,-20,3.277000,-29,0.030679616,2028,0.000000000,0,12.500,39,5325,0,1,
112310933775568,112310930006629,112310931692165,112310933775568,3415,34.150000000,sine_f3,state,0,0.032803588,2027,0.018407769,2036,0.071942472,-3,0.067200000,-20,2.938000,-26,0.032213597,2027,0.000000000,0,12.500,39,5335,0,1,
112310943779599,112310940008476,112310941705837,112310943779599,3416,34.160000000,sine_f3,state,0,0.034673096,2025,0.019941750,2035,0.071942472,-3,0.070560000,-21,3.277000,-29,0.035281558,2025,0.000000000,0,12.500,39,5345,0,1,
112310953789484,112310950007041,112310951686693,112310953789484,3417,34.170000000,sine_f3,state,0,0.036405765,2024,0.021475731,2034,0.095923296,-4,0.067200000,-20,8.588000,-76,0.036815539,2024,0.000000000,0,12.500,39,5355,0,1,
112310963779808,112310960006683,112310961677378,112310963779808,3418,34.180000000,sine_f3,state,0,0.037994757,2023,0.026077673,2031,0.095923296,-4,0.073920000,-22,16.385000,-145,0.038349520,2023,0.000000000,0,12.500,39,5365,0,1,
112310973781583,112310970006670,112310971673862,112310973781583,3419,34.190000000,sine_f3,state,0,0.039433801,2022,0.032213597,2027,0.143884944,-6,0.040320000,-12,19.210000,-170,0.039883500,2022,0.000000000,0,12.600,39,5375,0,1,
112310983779147,112310980006302,112310981688991,112310983779147,3420,34.200000000,sine_f3,state,0,0.040717217,2021,0.039883500,2022,0.215827415,-9,0.006720000,-2,18.532000,-164,0.041417481,2021,0.000000000,0,12.600,39,5385,0,1,
112310993774938,112310990006155,112310991672422,112310993774938,3421,34.210000000,sine_f3,state,0,0.041839942,2021,0.049087385,2016,0.287769887,-12,0.040320000,-12,10.170000,-90,0.041417481,2021,0.000000000,0,12.500,39,5395,1,1,
112311003767858,112311000006473,112311001674287,112311003767858,3422,34.220000000,sine_f3,state,0,0.042797543,2020,0.055223308,2012,0.383693183,-16,-0.016800000,5,1.243000,-11,0.042951462,2020,0.000000000,0,12.600,39,5405,1,1,
112311013766634,112311010012894,112311011677882,112311013766634,3423,34.230000000,sine_f3,state,0,0.043586242,2020,0.058291270,2010,0.479616478,-20,-0.036960000,11,-0.791000,7,0.042951462,2020,0.000000000,0,12.600,39,5415,1,1,
112311023763502,112311020006409,112311021667369,112311023763502,3424,34.240000000,sine_f3,state,0,0.044202926,2019,0.059825251,2009,0.503597302,-21,-0.090720000,27,-1.582000,14,0.044485443,2019,0.000000000,0,12.600,39,5425,1,1,
112311033762467,112311030006756,112311031675675,112311033762467,3425,34.250000000,sine_f3,state,0,0.044645162,2019,0.059825251,2009,0.503597302,-21,-0.087360000,26,-4.520000,40,0.044485443,2019,0.000000000,0,12.600,39,5435,1,1,
112311043765691,112311040006666,112311041670862,112311043765691,3426,34.260000000,sine_f3,state,0,0.044911203,2019,0.058291270,2010,0.455635655,-19,-0.067200000,20,-9.379000,83,0.044485443,2019,0.000000000,0,12.600,39,5445,1,1,
112311053755877,112311050005947,112311051668943,112311053755877,3427,34.270000000,sine_f3,state,0,0.045000000,2019,0.055223308,2012,0.359712359,-15,-0.063840000,19,-11.865000,105,0.044485443,2019,0.000000000,0,12.600,39,5455,1,1,
112311063754778,112311060006383,112311061668203,112311063754778,3428,34.280000000,sine_f3,state,0,0.044911203,2019,0.052155347,2014,0.215827415,-9,-0.043680000,13,-12.204000,108,0.044485443,2019,0.000000000,0,12.600,39,5465,0,1,
112311073760865,112311070006474,112311071673144,112311073760865,3429,34.290000000,sine_f3,state,0,0.044645162,2019,0.046019424,2018,0.071942472,-3,-0.006720000,2,-12.204000,108,0.044485443,2019,0.000000000,0,12.600,39,5475,0,1,
112311083753082,112311080006583,112311081671000,112311083753082,3430,34.300000000,sine_f3,state,0,0.044202926,2019,0.039883500,2022,-0.047961648,2,0.178080000,-53,-5.198000,46,0.044485443,2019,0.000000000,0,12.600,39,5485,0,1,
112311093751175,112311090009695,112311091672258,112311093751175,3431,34.310000000,sine_f3,state,0,0.043586242,2020,0.036815539,2024,-0.167865767,7,0.100800000,-30,-0.226000,2,0.042951462,2020,0.000000000,0,12.600,39,5495,0,1,
112311103756609,112311100009776,112311101670333,112311103756609,3432,34.320000000,sine_f3,state,0,0.042797543,2020,0.035281558,2025,-0.263789063,11,0.040320000,-12,0.678000,-6,0.042951462,2020,0.000000000,0,12.600,39,5505,1,1,
112311113804192,112311110013788,112311111677063,112311113804192,3433,34.330000000,sine_f3,state,0,0.041839942,2021,0.035281558,2025,-0.287769887,12,0.043680000,-13,3.051000,-27,0.041417481,2021,0.000000000,0,12.600,39,5515,1,1,
112311123756075,112311120008046,112311121674459,112311123756075,3434,34.340000000,sine_f3,state,0,0.040717217,2021,0.035281558,2025,-0.287769887,12,0.030240000,-9,3.277000,-29,0.041417481,2021,0.000000000,0,12.600,39,5525,1,1,
112311133758119,112311130007385,112311131672328,112311133758119,3435,34.350000000,sine_f3,state,0,0.039433801,2022,0.036815539,2024,-0.263789063,11,0.026880000,-8,3.051000,-27,0.039883500,2022,0.000000000,0,12.600,39,5535,1,1,
112311143755035,112311140008666,112311141668762,112311143755035,3436,34.360000000,sine_f3,state,0,0.037994757,2023,0.036815539,2024,-0.191846591,8,0.010080000,-3,2.825000,-25,0.038349520,2023,0.000000000,0,12.600,39,5545,0,1,
112311153767164,112311150006021,112311151675836,112311153767164,3437,34.370000000,sine_f3,state,0,0.036405765,2024,0.038349520,2023,-0.119904120,5,0.000000000,0,0.904000,-8,0.036815539,2024,0.000000000,0,12.600,39,5555,0,1,
112311163768371,112311160006548,112311161675982,112311163768371,3438,34.380000000,sine_f3,state,0,0.034673096,2025,0.038349520,2023,-0.047961648,2,-0.003360000,1,-0.678000,6,0.035281558,2025,0.000000000,0,12.600,39,5565,0,1,
112311173755502,112311170006293,112311171675095,112311173755502,3439,34.390000000,sine_f3,state,0,0.032803588,2027,0.038349520,2023,0.000000000,0,-0.020160000,6,-1.243000,11,0.032213597,2027,0.000000000,0,12.600,39,5575,0,1,
112311183748456,112311180006431,112311181666840,112311183748456,3440,34.400000000,sine_f3,state,0,0.030804620,2028,0.038349520,2023,0.000000000,0,-0.033600000,10,-1.469000,13,0.030679616,2028,0.000000000,0,12.600,39,5585,0,1,
112311193751444,112311190009237,112311191674270,112311193751444,3441,34.410000000,sine_f3,state,0,0.028684080,2029,0.038349520,2023,0.000000000,0,-0.050400000,15,-1.808000,16,0.029145635,2029,0.000000000,0,12.600,39,5595,0,1,
112311203756408,112311200006646,112311201664916,112311203756408,3442,34.420000000,sine_f3,state,0,0.026450336,2031,0.038349520,2023,0.000000000,0,-0.047040000,14,-3.390000,30,0.026077673,2031,0.000000000,0,12.600,39,5605,0,1,
112311213756145,112311210012167,112311211675038,112311213756145,3443,34.430000000,sine_f3,state,0,0.024112206,2032,0.036815539,2024,0.000000000,0,-0.057120000,17,-7.571000,67,0.024543693,2032,0.000000000,0,12.500,39,5615,0,1,
112311223759950,112311220006614,112311221675997,112311223759950,3444,34.440000000,sine_f3,state,0,0.021678915,2034,0.035281558,2025,0.000000000,0,-0.063840000,19,-11.752000,104,0.021475731,2034,0.000000000,0,12.500,39,5625,0,1,
112311233756577,112311230017624,112311231671047,112311233756577,3445,34.450000000,sine_f3,state,0,0.019160068,2036,0.030679616,2028,-0.023980824,1,-0.053760000,16,-12.204000,108,0.018407769,2036,0.000000000,0,12.600,39,5635,0,1,
112311243763098,112311240006379,112311241680966,112311243763098,3446,34.460000000,sine_f3,state,0,0.016565605,2037,0.024543693,2032,-0.071942472,3,-0.040320000,12,-14.125000,125,0.016873789,2037,0.000000000,0,12.500,39,5645,0,1,
112311253755741,112311250008526,112311251668462,112311253755741,3447,34.470000000,sine_f3,state,0,0.013905765,2039,0.018407769,2036,-0.143884944,6,-0.013440000,4,-14.464000,128,0.013805827,2039,0.000000000,0,12.500,39,5655,0,1,
112311263761318,112311260005913,112311261677806,112311263761318,3448,34.480000000,sine_f3,state,0,0.011191045,2041,0.010737866,2041,-0.239808239,10,-0.010080000,3,-12.091000,107,0.010737866,2041,0.000000000,0,12.300,39,5665,0,1,
112311273757435,112311270006726,112311271667259,112311273757435,3449,34.490000000,sine_f3,state,0,0.008432159,2043,0.004601942,2045,-0.335731535,14,-0.020160000,6,-4.407000,39,0.007669904,2043,0.000000000,0,12.400,39,5675,1,1,
112311283757421,112311280006582,112311281668714,112311283757421,3450,34.500000000,sine_f3,state,0,0.005639996,2044,0.001533981,2047,-0.431654831,18,0.043680000,-13,-0.226000,2,0.006135923,2044,0.000000000,0,12.500,39,5685,1,1,
112311293752067,112311290006418,112311291671680,112311293752067,3451,34.510000000,sine_f3,state,0,0.002825573,2046,0.000000000,2048,-0.479616478,20,0.020160000,-6,0.791000,-7,0.003067962,2046,0.000000000,0,12.500,39,5695,1,1,
112311303757245,112311300006538,112311301677357,112311303757245,3452,34.520000000,sine_f3,state,0,0.000000000,2048,0.001533981,2047,-0.455635655,19,0.006720000,-2,2.486000,-22,0.000000000,2048,0.000000000,0,12.500,39,5705,1,1,
112311313770410,112311310012473,112311311682920,112311313770410,3453,34.530000000,sine_f3,state,0,-0.002825573,2050,0.001533981,2047,-0.407674007,17,0.000000000,0,0.113000,-1,-0.003067962,2050,0.000000000,0,12.500,39,5715,1,1,
112311323752702,112311320006330,112311321672438,112311323752702,3454,34.540000000,sine_f3,state,0,-0.005639996,2052,0.000000000,2048,-0.335731535,14,-0.023520000,7,-1.469000,13,-0.006135923,2052,0.000000000,0,12.500,39,5725,1,1,
112311333751969,112311330006301,112311331666808,112311333751969,3455,34.550000000,sine_f3,state,0,-0.008432159,2053,0.000000000,2048,-0.239808239,10,-0.047040000,14,-1.582000,14,-0.007669904,2053,0.000000000,0,12.500,39,5735,0,1,
112311343751900,112311340006118,112311341669504,112311343751900,3456,34.560000000,sine_f3,state,0,-0.011191045,2055,0.000000000,2048,-0.167865767,7,-0.043680000,13,-2.260000,20,-0.010737866,2055,0.000000000,0,12.500,39,5745,0,1,
112311353757163,112311350006131,112311351669241,112311353757163,3457,34.570000000,sine_f3,state,0,-0.013905765,2057,0.000000000,2048,-0.095923296,4,-0.060480000,18,-4.972000,44,-0.013805827,2057,0.000000000,0,12.500,39,5755,0,1,
112311363754783,112311360008483,112311361670039,112311363754783,3458,34.580000000,sine_f3,state,0,-0.016565605,2059,-0.001533981,2049,-0.047961648,2,-0.060480000,18,-10.509000,93,-0.016873789,2059,0.000000000,0,12.500,39,5765,0,1,
112311373749425,112311370005740,112311371668419,112311373749425,3459,34.590000000,sine_f3,state,0,-0.019160068,2060,-0.006135923,2052,-0.047961648,2,-0.070560000,21,-12.091000,107,-0.018407769,2060,0.000000000,0,12.500,39,5775,0,1,
112311383757433,112311380006442,112311381676304,112311383757433,3460,34.600000000,sine_f3,state,0,-0.021678915,2062,-0.012271846,2056,-0.071942472,3,-0.047040000,14,-14.125000,125,-0.021475731,2062,0.000000000,0,12.500,39,5785,0,1,
112311393751578,112311390006894,112311391661175,112311393751578,3461,34.610000000,sine_f3,state,0,-0.024112206,2064,-0.018407769,2060,-0.143884944,6,-0.026880000,8,-14.351000,127,-0.024543693,2064,0.000000000,0,12.500,39,5795,0,1,
112311403751847,112311400006220,112311401668473,112311403751847,3462,34.620000000,sine_f3,state,0,-0.026450336,2065,-0.026077673,2065,-0.215827415,9,-0.003360000,1,-14.351000,127,-0.026077673,2065,0.000000000,0,12.500,39,5805,0,1,
112311413756777,112311410011886,112311411660353,112311413756777,3463,34.630000000,sine_f3,state,0,-0.028684080,2067,-0.032213597,2069,-0.311750711,13,0.026880000,-8,-4.859000,43,-0.029145635,2067,0.000000000,0,12.500,39,5815,1,1,
112311423736629,112311420007667,112311421666964,112311423736629,3464,34.640000000,sine_f3,state,0,-0.030804620,2068,-0.036815539,2072,-0.407674007,17,0.016800000,-5,0.339000,-3,-0.030679616,2068,0.000000000,0,12.500,39,5825,1,1,
112311433739555,112311430010389,112311431664308,112311433739555,3465,34.650000000,sine_f3,state,0,-0.032803588,2069,-0.036815539,2072,-0.455635655,19,0.040320000,-12,0.000000,0,-0.032213597,2069,0.000000000,0,12.500,39,5835,1,1,
112311443743482,112311440006970,112311441650337,112311443743482,3466,34.660000000,sine_f3,state,0,-0.034673096,2071,-0.038349520,2073,-0.479616478,20,0.023520000,-7,2.825000,-25,-0.035281558,2071,0.000000000,0,12.500,39,5845,1,1,
112311453737791,112311450006813,112311451651256,112311453737791,3467,34.670000000,sine_f3,state,0,-0.036405765,2072,-0.036815539,2072,-0.431654831,18,0.006720000,-2,2.938000,-26,-0.036815539,2072,0.000000000,0,12.500,39,5855,1,1,
112311463741438,112311460006829,112311461655294,112311463741438,3468,34.680000000,sine_f3,state,0,-0.037994757,2073,-0.036815539,2072,-0.359712359,15,0.003360000,-1,1.582000,-14,-0.038349520,2073,0.000000000,0,12.500,39,5865,1,1,
112311473736100,112311470008398,112311471647569,112311473736100,3469,34.690000000,sine_f3,state,0,-0.039433801,2074,-0.036815539,2072,-0.263789063,11,-0.010080000,3,-0.452000,4,-0.039883500,2074,0.000000000,0,12.500,39,5875,1,1,
112311483735353,112311480005939,112311481660224,112311483735353,3470,34.700000000,sine_f3,state,0,-0.040717217,2075,-0.035281558,2071,-0.167865767,7,-0.023520000,7,-1.130000,10,-0.041417481,2075,0.000000000,0,12.500,39,5885,0,1,
112311493737931,112311490007036,112311491653305,112311493737931,3471,34.710000000,sine_f3,state,0,-0.041839942,2075,-0.035281558,2071,-0.095923296,4,-0.026880000,8,-1.130000,10,-0.041417481,2075,0.000000000,0,12.500,39,5895,0,1,
112311503737431,112311500006497,112311501654259,112311503737431,3472,34.720000000,sine_f3,state,0,-0.042797543,2076,-0.035281558,2071,-0.047961648,2,-0.030240000,9,-1.243000,11,-0.042951462,2076,0.000000000,0,12.500,39,5905,0,1,
112311513740386,112311510013084,112311511655097,112311513740386,3473,34.730000000,sine_f3,state,0,-0.043586242,2076,-0.036815539,2072,0.000000000,0,-0.036960000,11,-1.469000,13,-0.042951462,2076,0.000000000,0,12.500,39,5915,0,1,
112311523665696,112311520015898,112311521596829,112311523665696,3474,34.740000000,sine_f3,state,0,-0.044202926,2077,-0.036815539,2072,0.000000000,0,-0.036960000,11,-1.469000,13,-0.044485443,2077,0.000000000,0,12.500,39,5924,0,1,
112311533663313,112311530008707,112311531590048,112311533663313,3475,34.750000000,sine_f3,state,0,-0.044645162,2077,-0.035281558,2071,0.000000000,0,-0.043680000,13,-1.695000,15,-0.044485443,2077,0.000000000,0,12.500,39,5934,0,1,
112311543675378,112311540006956,112311541580058,112311543675378,3476,34.760000000,sine_f3,state,0,-0.044911203,2077,-0.036815539,2072,0.000000000,0,-0.036960000,11,-3.390000,30,-0.044485443,2077,0.000000000,0,12.500,39,5944,0,1,
112311553742341,112311550006300,112311551652595,112311553742341,3477,34.770000000,sine_f3,state,0,-0.045000000,2077,-0.038349520,2073,0.000000000,0,-0.026880000,8,-5.989000,53,-0.044485443,2077,0.000000000,0,12.500,39,5955,0,1,
112311563727996,112311560006959,112311561654255,112311563727996,3478,34.780000000,sine_f3,state,0,-0.044911203,2077,-0.039883500,2074,0.000000000,0,-0.020160000,6,-9.266000,82,-0.044485443,2077,0.000000000,0,12.500,39,5965,0,1,
112311573732164,112311570006539,112311571661690,112311573732164,3479,34.790000000,sine_f3,state,0,-0.044645162,2077,-0.042951462,2076,-0.023980824,1,-0.003360000,1,-10.509000,93,-0.044485443,2077,0.000000000,0,12.500,39,5975,0,1,
112311583740974,112311580008311,112311581651788,112311583740974,3480,34.800000000,sine_f3,state,0,-0.044202926,2077,-0.047553404,2079,-0.071942472,3,-0.016800000,5,-3.390000,30,-0.044485443,2077,0.000000000,0,12.500,39,5985,0,1,
112311593730826,112311590006068,112311591665727,112311593730826,3481,34.810000000,sine_f3,state,0,-0.043586242,2076,-0.050621366,2081,-0.119904120,5,0.060480000,-18,0.000000,0,-0.042951462,2076,0.000000000,0,12.500,39,5995,0,1,
112311603728331,112311600009867,112311601645128,112311603728331,3482,34.820000000,sine_f3,state,0,-0.042797543,2076,-0.050621366,2081,-0.167865767,7,0.040320000,-12,2.034000,-18,-0.042951462,2076,0.000000000,0,12.500,39,6005,0,1,
112311613738160,112311610013148,112311611655793,112311613738160,3483,34.830000000,sine_f3,state,0,-0.041839942,2075,-0.050621366,2081,-0.191846591,8,0.050400000,-15,3.277000,-29,-0.041417481,2075,0.000000000,0,12.500,39,6015,0,1,
112311623734559,112311620007110,112311621663044,112311623734559,3484,34.840000000,sine_f3,state,0,-0.040717217,2075,-0.050621366,2081,-0.191846591,8,0.057120000,-17,3.390000,-30,-0.041417481,2075,0.000000000,0,12.500,39,6025,0,1,
112311633734393,112311630006977,112311631652810,112311633734393,3485,34.850000000,sine_f3,state,0,-0.039433801,2074,-0.049087385,2080,-0.167865767,7,0.053760000,-16,3.277000,-29,-0.039883500,2074,0.000000000,0,12.500,39,6035,0,1,
112311643735857,112311640006465,112311641652118,112311643735857,3486,34.860000000,sine_f3,state,0,-0.037994757,2073,-0.047553404,2079,-0.119904120,5,0.047040000,-14,3.390000,-30,-0.038349520,2073,0.000000000,0,12.500,39,6045,0,1,
112311653738250,112311650006358,112311651655523,112311653738250,3487,34.870000000,sine_f3,state,0,-0.036405765,2072,-0.046019424,2078,-0.071942472,3,0.053760000,-16,3.164000,-28,-0.036815539,2072,0.000000000,0,12.500,39,6055,0,1,
112311663736136,112311660005764,112311661658357,112311663736136,3488,34.880000000,sine_f3,state,0,-0.034673096,2071,-0.046019424,2078,0.000000000,0,0.057120000,-17,3.390000,-30,-0.035281558,2071,0.000000000,0,12.500,39,6065,0,1,
112311673733781,112311670006216,112311671647119,112311673733781,3489,34.890000000,sine_f3,state,0,-0.032803588,2069,-0.044485443,2077,0.023980824,-1,0.060480000,-18,3.390000,-30,-0.032213597,2069,0.000000000,0,12.500,39,6075,0,1,
112311683733189,112311680008002,112311681648304,112311683733189,3490,34.900000000,sine_f3,state,0,-0.030804620,2068,-0.042951462,2076,0.047961648,-2,0.070560000,-21,3.277000,-29,-0.030679616,2068,0.000000000,0,12.500,39,6085,0,1,
112311693742048,112311690005448,112311691650897,112311693742048,3491,34.910000000,sine_f3,state,0,-0.028684080,2067,-0.041417481,2075,0.071942472,-3,0.073920000,-22,3.729000,-33,-0.029145635,2067,0.000000000,0,12.500,39,6095,0,1,
112311703733552,112311700006825,112311701646825,112311703733552,3492,34.920000000,sine_f3,state,0,-0.026450336,2065,-0.041417481,2075,0.095923296,-4,0.057120000,-17,8.927000,-79,-0.026077673,2065,0.000000000,0,12.500,39,6105,0,1,
112311713740552,112311710011901,112311711594443,112311713740552,3493,34.930000000,sine_f3,state,0,-0.024112206,2064,-0.036815539,2072,0.095923296,-4,0.063840000,-19,16.611000,-147,-0.024543693,2064,0.000000000,0,12.600,39,6114,0,1,
112311723737713,112311720006716,112311721651351,112311723737713,3494,34.940000000,sine_f3,state,0,-0.021678915,2062,-0.029145635,2067,0.143884944,-6,0.030240000,-9,19.549000,-173,-0.021475731,2062,0.000000000,0,12.600,39,6125,0,1,
112311733743604,112311730007028,112311731655094,112311733743604,3495,34.950000000,sine_f3,state,0,-0.019160068,2060,-0.021475731,2062,0.191846591,-8,0.016800000,-5,19.436000,-172,-0.018407769,2060,0.000000000,0,12.600,39,6135,0,1,
112311743740249,112311740006657,112311741646896,112311743740249,3496,34.960000000,sine_f3,state,0,-0.016565605,2059,-0.012271846,2056,0.287769887,-12,0.053760000,-16,7.571000,-67,-0.016873789,2059,0.000000000,0,12.500,39,6145,1,1,
112311753729372,112311750006709,112311751659105,112311753729372,3497,34.970000000,sine_f3,state,0,-0.013905765,2057,-0.006135923,2052,0.383693183,-16,-0.084000000,25,8.588000,-76,-0.013805827,2057,0.000000000,0,12.500,39,6155,1,1,
112311763729137,112311760006852,112311761658839,112311763729137,3498,34.980000000,sine_f3,state,0,-0.011191045,2055,-0.001533981,2049,0.479616478,-20,0.030240000,-9,1.921000,-17,-0.010737866,2055,0.000000000,0,12.500,39,6165,1,1,
112311773666102,112311770007289,112311771647855,112311773666102,3499,34.990000000,sine_f3,hardware_error,0,-0.008432159,2053,,,,,,,,,,,,,,,,,,0
112311783740391,112311780008323,112311781655205,112311783740391,3500,35.000000000,sine_f3,state,0,-0.005639996,2052,0.000000000,2048,0.551558950,-23,-0.036960000,11,-1.469000,13,-0.006135923,2052,0.000000000,0,12.500,39,6185,1,1,
112311793740604,112311790006264,112311791657497,112311793740604,3501,35.010000000,sine_f3,state,0,-0.002825573,2050,0.000000000,2048,0.503597302,-21,-0.030240000,9,-1.695000,15,-0.003067962,2050,0.000000000,0,12.500,39,6195,1,1,
112311803714354,112311800007269,112311801652575,112311803714354,3502,35.020000000,sine_f3,state,0,-0.000000000,2048,0.000000000,2048,0.431654831,-18,-0.010080000,3,-0.904000,8,0.000000000,2048,0.000000000,0,12.500,39,6205,1,1,
112311813730171,112311810007109,112311811646025,112311813730171,3503,35.030000000,sine_f3,state,0,0.002825573,2046,0.000000000,2048,0.311750711,-13,0.000000000,0,0.565000,-5,0.003067962,2046,0.000000000,0,12.500,39,6215,1,1,
112311823732462,112311820006624,112311821652601,112311823732462,3504,35.040000000,sine_f3,state,0,0.005639996,2044,0.000000000,2048,0.215827415,-9,0.023520000,-7,2.938000,-26,0.006135923,2044,0.000000000,0,12.500,39,6225,0,1,
112311833713885,112311830009565,112311831640719,112311833713885,3505,35.050000000,sine_f3,state,0,0.008432159,2043,0.000000000,2048,0.119904120,-5,0.030240000,-9,3.390000,-30,0.007669904,2043,0.000000000,0,12.500,39,6235,0,1,
112311843729773,112311840006564,112311841659085,112311843729773,3506,35.060000000,sine_f3,state,0,0.011191045,2041,0.001533981,2047,0.071942472,-3,0.033600000,-10,3.051000,-27,0.010737866,2041,0.000000000,0,12.500,39,6244,0,1,
112311853715330,112311850006476,112311851640527,112311853715330,3507,35.070000000,sine_f3,state,0,0.013905765,2039,0.003067962,2046,0.047961648,-2,0.043680000,-13,3.277000,-29,0.013805827,2039,0.000000000,0,12.500,39,6254,0,1,
112311863714853,112311860007592,112311861637583,112311863714853,3508,35.080000000,sine_f3,state,0,0.016565605,2037,0.004601942,2045,0.047961648,-2,0.060480000,-18,3.277000,-29,0.016873789,2037,0.000000000,0,12.500,39,6265,0,1,
112311873713145,112311870010301,112311871628541,112311873713145,3509,35.090000000,sine_f3,state,0,0.019160068,2036,0.004601942,2045,0.047961648,-2,0.073920000,-22,3.277000,-29,0.018407769,2036,0.000000000,0,12.500,39,6274,0,1,
112311883720673,112311880007002,112311881639430,112311883720673,3510,35.100000000,sine_f3,state,0,0.021678915,2034,0.006135923,2044,0.071942472,-3,0.084000000,-25,3.390000,-30,0.021475731,2034,0.000000000,0,12.500,39,6285,0,1,
112311893720016,112311890008998,112311891636175,112311893720016,3511,35.110000000,sine_f3,state,0,0.024112206,2032,0.007669904,2043,0.071942472,-3,0.077280000,-23,3.277000,-29,0.024543693,2032,0.000000000,0,12.500,39,6294,0,1,
112311903728252,112311900006936,112311901627960,112311903728252,3512,35.120000000,sine_f3,state,0,0.026450336,2031,0.009203885,2042,0.095923296,-4,0.087360000,-26,9.831000,-87,0.026077673,2031,0.000000000,0,12.500,39,6304,0,1,
112311913713256,112311910006502,112311911631980,112311913713256,3513,35.130000000,sine_f3,state,0,0.028684080,2029,0.015339808,2038,0.119904120,-5,0.050400000,-15,14.690000,-130,0.029145635,2029,0.000000000,0,12.500,39,6314,0,1,
112311923715629,112311920006760,112311921628937,112311923715629,3514,35.140000000,sine_f3,state,0,0.030804620,2028,0.021475731,2034,0.143884944,-6,0.053760000,-16,18.984000,-168,0.030679616,2028,0.000000000,0,12.600,39,6324,0,1,
112311933719999,112311930006429,112311931633051,112311933719999,3515,35.150000000,sine_f3,state,0,0.032803588,2027,0.030679616,2028,0.215827415,-9,0.010080000,-3,19.436000,-172,0.032213597,2027,0.000000000,0,12.500,39,6334,0,1,
112311943718054,112311940006801,112311941635673,112311943718054,3516,35.160000000,sine_f3,state,0,0.034673096,2025,0.039883500,2022,0.311750711,-13,-0.164640000,49,13.447000,-119,0.035281558,2025,0.000000000,0,12.400,39,6344,1,1,
112311953712828,112311950007106,112311951629501,112311953712828,3517,35.170000000,sine_f3,state,0,0.036405765,2024,0.046019424,2018,0.431654831,-18,0.060480000,-18,1.017000,-9,0.036815539,2024,0.000000000,0,12.500,39,6354,1,1,
112311963717991,112311960007027,112311961578720,112311963717991,3518,35.180000000,sine_f3,state,0,0.037994757,2023,0.050621366,2015,0.503597302,-21,0.000000000,0,1.582000,-14,0.038349520,2023,0.000000000,0,12.500,39,6364,1,1,
112311973715969,112311970006801,112311971637390,112311973715969,3519,35.190000000,sine_f3,state,0,0.039433801,2022,0.052155347,2014,0.575539774,-24,-0.063840000,19,-0.904000,8,0.039883500,2022,0.000000000,0,12.500,39,6374,1,1,
112311983717030,112311980007079,112311981638824,112311983717030,3520,35.200000000,sine_f3,state,0,0.040717217,2021,0.052155347,2014,0.575539774,-24,-0.057120000,17,-2.260000,20,0.041417481,2021,0.000000000,0,12.500,39,6384,1,1,
112311993715849,112311990008524,112311991639897,112311993715849,3521,35.210000000,sine_f3,state,0,0.041839942,2021,0.050621366,2015,0.527578126,-22,-0.053760000,16,-4.407000,39,0.041417481,2021,0.000000000,0,12.500,39,6394,1,1,
112312003723720,112312000009869,112312001626871,112312003723720,3522,35.220000000,sine_f3,state,0,0.042797543,2020,0.049087385,2016,0.431654831,-18,-0.040320000,12,-8.814000,78,0.042951462,2020,0.000000000,0,12.500,39,6404,1,1,
112312013722494,112312010006848,112312011626485,112312013722494,3523,35.230000000,sine_f3,state,0,0.043586242,2020,0.047553404,2017,0.287769887,-12,-0.023520000,7,-10.622000,94,0.042951462,2020,0.000000000,0,12.600,39,6414,1,1,
112312023718764,112312020006395,112312021641604,112312023718764,3524,35.240000000,sine_f3,state,0,0.044202926,2019,0.042951462,2020,0.143884944,-6,-0.003360000,1,-10.848000,96,0.044485443,2019,0.000000000,0,12.600,39,6424,0,1,
112312033721324,112312030006532,112312031639851,112312033721324,3525,35.250000000,sine_f3,state,0,0.044645162,2019,0.038349520,2023,0.023980824,-1,-0.067200000,20,-2.034000,18,0.044485443,2019,0.000000000,0,12.600,39,6434,0,1,
112312043724494,112312040007562,112312041634548,112312043724494,3526,35.260000000,sine_f3,state,0,0.044911203,2019,0.036815539,2024,-0.071942472,3,0.060480000,-18,0.113000,-1,0.044485443,2019,0.000000000,0,12.600,39,6444,0,1,
112312053721986,112312050007274,112312051626957,112312053721986,3527,35.270000000,sine_f3,state,0,0.045000000,2019,0.036815539,2024,-0.143884944,6,0.040320000,-12,2.825000,-25,0.044485443,2019,0.000000000,0,12.600,39,6454,0,1,
112312063711454,112312060006545,112312061627108,112312063711454,3528,35.280000000,sine_f3,state,0,0.044911203,2019,0.036815539,2024,-0.167865767,7,0.043680000,-13,3.277000,-29,0.044485443,2019,0.000000000,0,12.600,39,6464,0,1,
112312073718775,112312070009431,112312071631303,112312073718775,3529,35.290000000,sine_f3,state,0,0.044645162,2019,0.036815539,2024,-0.167865767,7,0.036960000,-11,3.277000,-29,0.044485443,2019,0.000000000,0,12.600,39,6474,0,1,
112312083711285,112312080007108,112312081626449,112312083711285,3530,35.300000000,sine_f3,state,0,0.044202926,2019,0.038349520,2023,-0.167865767,7,0.036960000,-11,2.825000,-25,0.044485443,2019,0.000000000,0,12.600,39,6484,0,1,
112312093719797,112312090007176,112312091625228,112312093719797,3531,35.310000000,sine_f3,state,0,0.043586242,2020,0.039883500,2022,-0.119904120,5,0.030240000,-9,3.164000,-28,0.042951462,2020,0.000000000,0,12.600,39,6494,0,1,
112312103708653,112312100009938,112312101643776,112312103708653,3532,35.320000000,sine_f3,state,0,0.042797543,2020,0.039883500,2022,-0.047961648,2,0.023520000,-7,3.051000,-27,0.042951462,2020,0.000000000,0,12.600,39,6504,0,1,
112312113723592,112312110007272,112312111634139,112312113723592,3533,35.330000000,sine_f3,state,0,0.041839942,2021,0.041417481,2021,0.000000000,0,0.016800000,-5,2.373000,-21,0.041417481,2021,0.000000000,0,12.600,39,6514,0,1,
112312123725843,112312120011318,112312121638746,112312123725843,3534,35.340000000,sine_f3,state,0,0.040717217,2021,0.041417481,2021,0.023980824,-1,0.000000000,0,0.226000,-2,0.041417481,2021,0.000000000,0,12.600,38,6524,0,1,
112312133721838,112312130007469,112312131638589,112312133721838,3535,35.350000000,sine_f3,state,0,0.039433801,2022,0.041417481,2021,0.023980824,-1,0.000000000,0,0.113000,-1,0.039883500,2022,0.000000000,0,12.600,38,6534,0,1,
112312143717451,112312140006542,112312141631471,112312143717451,3536,35.360000000,sine_f3,state,0,0.037994757,2023,0.041417481,2021,0.047961648,-2,-0.003360000,1,-0.904000,8,0.038349520,2023,0.000000000,0,12.600,38,6544,0,1,
112312153719300,112312150009826,112312151626822,112312153719300,3537,35.370000000,sine_f3,state,0,0.036405765,2024,0.041417481,2021,0.047961648,-2,-0.016800000,5,-0.904000,8,0.036815539,2024,0.000000000,0,12.600,38,6554,0,1,
112312163673926,112312160006605,112312161626376,112312163673926,3538,35.380000000,sine_f3,state,0,0.034673096,2025,0.041417481,2021,0.023980824,-1,-0.026880000,8,-1.130000,10,0.035281558,2025,0.000000000,0,12.600,38,6564,0,1,
112312173713667,112312170006392,112312171630472,112312173713667,3539,35.390000000,sine_f3,state,0,0.032803588,2027,0.041417481,2021,0.023980824,-1,-0.033600000,10,-1.243000,11,0.032213597,2027,0.000000000,0,12.600,38,6574,0,1,
112312183721702,112312180006668,112312181629800,112312183721702,3540,35.400000000,sine_f3,state,0,0.030804620,2028,0.041417481,2021,0.000000000,0,-0.050400000,15,-1.808000,16,0.030679616,2028,0.000000000,0,12.600,38,6584,0,1,
112312193684795,112312190009670,112312191744573,112312193684795,3541,35.410000000,sine_f3,state,0,0.028684080,2029,0.041417481,2021,0.000000000,0,-0.063840000,19,-4.294000,38,0.029145635,2029,0.000000000,0,12.500,38,6595,0,1,
112312203689186,112312200093260,112312201567502,112312203689186,3542,35.420000000,sine_f3,state,0,0.026450336,2031,0.039883500,2022,0.000000000,0,-0.050400000,15,-8.475000,75,0.029145635,2029,0.000000000,0,12.500,38,6604,0,1,
112312213658209,112312210092117,112312211567495,112312213658209,3543,35.430000000,sine_f3,state,0,0.024112206,2032,0.036815539,2024,0.000000000,0,-0.060480000,18,-11.639000,103,0.026077673,2031,0.000000000,0,12.500,38,6614,0,1,
112312223662480,112312220090262,112312221569839,112312223662480,3544,35.440000000,sine_f3,state,0,0.021678915,2034,0.033747577,2026,-0.047961648,2,-0.053760000,16,-13.447000,119,0.024543693,2032,0.000000000,0,12.400,39,6624,0,1,
112312233674850,112312230028232,112312231581115,112312233674850,3545,35.450000000,sine_f3,state,0,0.019160068,2036,0.027611654,2030,-0.095923296,4,-0.040320000,12,-14.125000,125,0.021475731,2034,0.000000000,0,12.500,39,6634,0,1,
112312243655224,112312240087703,112312241566388,112312243655224,3546,35.460000000,sine_f3,state,0,0.016565605,2037,0.021475731,2034,-0.167865767,7,-0.023520000,7,-14.464000,128,0.018407769,2036,0.000000000,0,12.500,39,6644,0,1,
112312253653953,112312250095607,112312251565011,112312253653953,3547,35.470000000,sine_f3,state,0,0.013905765,2039,0.013805827,2039,-0.239808239,10,-0.023520000,7,-8.588000,76,0.016873789,2037,0.000000000,0,12.600,39,6654,0,1,
112312263659524,112312260088748,112312261561610,112312263659524,3548,35.480000000,sine_f3,state,0,0.011191045,2041,0.007669904,2043,-0.335731535,14,0.023520000,-7,0.113000,-1,0.013805827,2039,0.000000000,0,12.500,39,6664,1,1,
112312273673349,112312270085478,112312271561811,112312273673349,3549,35.490000000,sine_f3,state,0,0.008432159,2043,0.004601942,2045,-0.407674007,17,0.013440000,-4,0.339000,-3,0.010737866,2041,0.000000000,0,12.500,39,6674,1,1,
112312283671772,112312280040237,112312281581129,112312283671772,3550,35.500000000,sine_f3,state,0,0.005639996,2044,0.004601942,2045,-0.455635655,19,0.013440000,-4,1.130000,-10,0.007669904,2043,0.000000000,0,12.500,39,6684,1,1,
112312293667703,112312290036453,112312291566053,112312293667703,3551,35.510000000,sine_f3,state,0,0.002825573,2046,0.004601942,2045,-0.431654831,18,0.003360000,-1,2.599000,-23,0.006135923,2044,0.000000000,0,12.500,39,6694,1,1,
112312303664368,112312300088922,112312301583641,112312303664368,3552,35.520000000,sine_f3,state,0,0.000000000,2048,0.004601942,2045,-0.407674007,17,-0.003360000,1,0.000000,0,0.003067962,2046,0.000000000,0,12.500,39,6704,1,1,
112312313656630,112312310095273,112312311561251,112312313656630,3553,35.530000000,sine_f3,state,0,-0.002825573,2050,0.004601942,2045,-0.335731535,14,-0.026880000,8,-1.130000,10,0.000000000,2048,0.000000000,0,12.500,39,6714,1,1,
112312323670374,112312320098235,112312321559859,112312323670374,3554,35.540000000,sine_f3,state,0,-0.005639996,2052,0.004601942,2045,-0.239808239,10,-0.050400000,15,-1.808000,16,-0.003067962,2050,0.000000000,0,12.500,39,6724,0,1,
112312333655483,112312330088120,112312331563956,112312333655483,3555,35.550000000,sine_f3,state,0,-0.008432159,2053,0.004601942,2045,-0.143884944,6,-0.053760000,16,-3.842000,34,-0.006135923,2052,0.000000000,0,12.500,39,6734,0,1,
112312343658394,112312340096570,112312341559285,112312343658394,3556,35.560000000,sine_f3,state,0,-0.011191045,2055,0.003067962,2046,-0.071942472,3,-0.057120000,17,-8.023000,71,-0.007669904,2053,0.000000000,0,12.500,39,6744,0,1,
112312353657665,112312350094768,112312351560175,112312353657665,3557,35.570000000,sine_f3,state,0,-0.013905765,2057,0.000000000,2048,-0.047961648,2,-0.060480000,18,-11.639000,103,-0.010737866,2055,0.000000000,0,12.600,39,6754,0,1,
112312363666879,112312360090600,112312361574500,112312363666879,3558,35.580000000,sine_f3,state,0,-0.016565605,2059,-0.004601942,2051,-0.071942472,3,-0.040320000,12,-12.430000,110,-0.013805827,2057,0.000000000,0,12.600,39,6764,0,1,
112312373655440,112312370094519,112312371558700,112312373655440,3559,35.590000000,sine_f3,state,0,-0.019160068,2060,-0.010737866,2055,-0.119904120,5,-0.033600000,10,-14.238000,126,-0.016873789,2059,0.000000000,0,12.600,39,6774,0,1,
112312383657618,112312380087999,112312381564280,112312383657618,3560,35.600000000,sine_f3,state,0,-0.021678915,2062,-0.018407769,2060,-0.191846591,8,-0.006720000,2,-14.351000,127,-0.018407769,2060,0.000000000,0,12.600,39,6784,0,1,
112312393650227,112312390087289,112312391562092,112312393650227,3561,35.610000000,sine_f3,state,0,-0.024112206,2064,-0.026077673,2065,-0.287769887,12,-0.036960000,11,-5.311000,47,-0.021475731,2062,0.000000000,0,12.600,39,6794,1,1,
112312403663232,112312400087870,112312401563951,112312403663232,3562,35.620000000,sine_f3,state,0,-0.026450336,2065,-0.030679616,2068,-0.383693183,16,-0.070560000,21,-2.034000,18,-0.024543693,2064,0.000000000,0,12.600,39,6804,1,1,
112312413661109,112312410049327,112312411563588,112312413661109,3563,35.630000000,sine_f3,state,0,-0.028684080,2067,-0.033747577,2070,-0.455635655,19,-0.050400000,15,0.339000,-3,-0.029145635,2067,0.000000000,0,12.600,39,6814,1,1,
112312423657999,112312420084281,112312421559643,112312423657999,3564,35.640000000,sine_f3,state,0,-0.030804620,2068,-0.033747577,2070,-0.479616478,20,0.020160000,-6,1.243000,-11,-0.029145635,2067,0.000000000,0,12.500,39,6824,1,1,
112312433675232,112312430092182,112312431561413,112312433675232,3565,35.650000000,sine_f3,state,0,-0.032803588,2069,-0.033747577,2070,-0.455635655,19,0.020160000,-6,2.938000,-26,-0.030679616,2068,0.000000000,0,12.500,39,6834,1,1,
112312443664224,112312440091602,112312441565499,112312443664224,3566,35.660000000,sine_f3,state,0,-0.034673096,2071,-0.033747577,2070,-0.407674007,17,0.006720000,-2,2.938000,-26,-0.032213597,2069,0.000000000,0,12.500,39,6844,1,1,
112312453660139,112312450087509,112312451570096,112312453660139,3567,35.670000000,sine_f3,state,0,-0.036405765,2072,-0.032213597,2069,-0.311750711,13,-0.023520000,7,0.113000,-1,-0.035281558,2071,0.000000000,0,12.500,39,6854,1,1,
112312463657424,112312460092012,112312461564294,112312463657424,3568,35.680000000,sine_f3,state,0,-0.037994757,2073,-0.032213597,2069,-0.215827415,9,-0.023520000,7,-1.356000,12,-0.036815539,2072,0.000000000,0,12.500,39,6864,0,1,
112312473658055,112312470089069,112312471563908,112312473658055,3569,35.690000000,sine_f3,state,0,-0.039433801,2074,-0.032213597,2069,-0.119904120,5,-0.030240000,9,-1.469000,13,-0.038349520,2073,0.000000000,0,12.500,39,6874,0,1,
112312483661940,112312480088114,112312481563625,112312483661940,3570,35.700000000,sine_f3,state,0,-0.040717217,2075,-0.032213597,2069,-0.071942472,3,-0.043680000,13,-1.808000,16,-0.039883500,2074,0.000000000,0,12.500,39,6884,0,1,
112312493652409,112312490086716,112312491560271,112312493652409,3571,35.710000000,sine_f3,state,0,-0.041839942,2075,-0.032213597,2069,-0.023980824,1,-0.040320000,12,-3.390000,30,-0.041417481,2075,0.000000000,0,12.500,39,6894,0,1,
112312503662243,112312500086263,112312501560194,112312503662243,3572,35.720000000,sine_f3,state,0,-0.042797543,2076,-0.033747577,2070,0.000000000,0,-0.036960000,11,-5.537000,49,-0.041417481,2075,0.000000000,0,12.500,39,6904,0,1,
112312513657875,112312510088044,112312511561722,112312513657875,3573,35.730000000,sine_f3,state,0,-0.043586242,2076,-0.036815539,2072,0.000000000,0,-0.033600000,10,-9.492000,84,-0.042951462,2076,0.000000000,0,12.500,39,6914,0,1,
112312523659611,112312520084838,112312521563373,112312523659611,3574,35.740000000,sine_f3,state,0,-0.044202926,2077,-0.039883500,2074,-0.023980824,1,-0.020160000,6,-10.961000,97,-0.042951462,2076,0.000000000,0,12.600,39,6924,0,1,
112312533671094,112312530025339,112312531560845,112312533671094,3575,35.750000000,sine_f3,state,0,-0.044645162,2077,-0.044485443,2077,-0.071942472,3,-0.003360000,1,-11.187000,99,-0.044485443,2077,0.000000000,0,12.500,39,6934,0,1,
112312543638286,112312540010411,112312541545788,112312543638286,3576,35.760000000,sine_f3,state,0,-0.044911203,2077,-0.050621366,2081,-0.143884944,6,-0.063840000,19,-1.017000,9,-0.044485443,2077,0.000000000,0,12.500,39,6944,0,1,
112312553638275,112312550007606,112312551544580,112312553638275,3577,35.770000000,sine_f3,state,0,-0.045000000,2077,-0.052155347,2082,-0.191846591,8,-0.006720000,2,-0.113000,1,-0.044485443,2077,0.000000000,0,12.500,39,6954,0,1,
112312563641088,112312560017018,112312561552518,112312563641088,3578,35.780000000,sine_f3,state,0,-0.044911203,2077,-0.052155347,2082,-0.239808239,10,0.043680000,-13,2.825000,-25,-0.044485443,2077,0.000000000,0,12.500,39,6964,0,1,
112312573634588,112312570008379,112312571545150,112312573634588,3579,35.790000000,sine_f3,state,0,-0.044645162,2077,-0.052155347,2082,-0.263789063,11,0.047040000,-14,3.277000,-29,-0.044485443,2077,0.000000000,0,12.500,39,6974,1,1,
112312583657450,112312580086374,112312581563692,112312583657450,3580,35.800000000,sine_f3,state,0,-0.044202926,2077,-0.050621366,2081,-0.239808239,10,0.033600000,-10,3.051000,-27,-0.044485443,2077,0.000000000,0,12.500,39,6984,0,1,
112312593658822,112312590092679,112312591567640,112312593658822,3581,35.810000000,sine_f3,state,0,-0.043586242,2076,-0.050621366,2081,-0.191846591,8,0.026880000,-8,2.938000,-26,-0.044485443,2077,0.000000000,0,12.500,39,6994,0,1,
112312603660127,112312600085231,112312601562259,112312603660127,3582,35.820000000,sine_f3,state,0,-0.042797543,2076,-0.049087385,2080,-0.143884944,6,0.033600000,-10,3.051000,-27,-0.042951462,2076,0.000000000,0,12.500,39,7004,0,1,
112312613637817,112312610086546,112312611565960,112312613637817,3583,35.830000000,sine_f3,state,0,-0.041839942,2075,-0.047553404,2079,-0.071942472,3,0.026880000,-8,2.825000,-25,-0.042951462,2076,0.000000000,0,12.500,39,7014,0,1,
112312623633431,112312620038171,112312621558724,112312623633431,3584,35.840000000,sine_f3,state,0,-0.040717217,2075,-0.046019424,2078,0.000000000,0,0.026880000,-8,3.051000,-27,-0.041417481,2075,0.000000000,0,12.500,39,7024,0,1,
112312633639441,112312630088848,112312631560924,112312633639441,3585,35.850000000,sine_f3,state,0,-0.039433801,2074,-0.046019424,2078,0.023980824,-1,0.030240000,-9,3.051000,-27,-0.041417481,2075,0.000000000,0,12.500,39,7034,0,1,
112312643656869,112312640091424,112312641541090,112312643656869,3586,35.860000000,sine_f3,state,0,-0.037994757,2073,-0.044485443,2077,0.047961648,-2,0.030240000,-9,2.938000,-26,-0.039883500,2074,0.000000000,0,12.500,39,7044,0,1,
112312653650429,112312650095387,112312651563473,112312653650429,3587,35.870000000,sine_f3,state,0,-0.036405765,2072,-0.042951462,2076,0.071942472,-3,0.036960000,-11,3.051000,-27,-0.038349520,2073,0.000000000,0,12.500,39,7054,0,1,
112312663647031,112312660086728,112312661539907,112312663647031,3588,35.880000000,sine_f3,state,0,-0.034673096,2071,-0.042951462,2076,0.071942472,-3,0.033600000,-10,3.390000,-30,-0.035281558,2071,0.000000000,0,12.500,39,7064,0,1,
112312673645275,112312670092689,112312671546738,112312673645275,3589,35.890000000,sine_f3,state,0,-0.032803588,2069,-0.041417481,2075,0.095923296,-4,0.036960000,-11,3.164000,-28,-0.035281558,2071,0.000000000,0,12.500,39,7074,0,1,
112312683636432,112312680087892,112312681546587,112312683636432,3590,35.900000000,sine_f3,state,0,-0.030804620,2068,-0.039883500,2074,0.095923296,-4,0.043680000,-13,3.277000,-29,-0.032213597,2069,0.000000000,0,12.500,39,7084,0,1,
112312693641692,112312690092682,112312691538385,112312693641692,3591,35.910000000,sine_f3,state,0,-0.028684080,2067,-0.039883500,2074,0.095923296,-4,0.053760000,-16,3.277000,-29,-0.030679616,2068,0.000000000,0,12.500,39,7094,0,1,
112312703640530,112312700095268,112312701539194,112312703640530,3592,35.920000000,sine_f3,state,0,-0.026450336,2065,-0.038349520,2073,0.095923296,-4,0.053760000,-16,3.277000,-29,-0.029145635,2067,0.000000000,0,12.500,39,7104,0,1,
112312713643196,112312710093058,112312711540149,112312713643196,3593,35.930000000,sine_f3,state,0,-0.024112206,2064,-0.036815539,2072,0.095923296,-4,0.067200000,-20,3.164000,-28,-0.026077673,2065,0.000000000,0,12.500,39,7114,0,1,
112312723638240,112312720093704,112312721541785,112312723638240,3594,35.940000000,sine_f3,state,0,-0.021678915,2062,-0.035281558,2071,0.095923296,-4,0.070560000,-21,6.328000,-56,-0.024543693,2064,0.000000000,0,12.500,39,7124,0,1,
112312733638279,112312730089036,112312731542193,112312733638279,3595,35.950000000,sine_f3,state,0,-0.019160068,2060,-0.032213597,2069,0.095923296,-4,0.070560000,-21,5.198000,-46,-0.018407769,2060,0.000000000,0,12.500,39,7134,0,1,
112312743641329,112312740086347,112312741540149,112312743641329,3596,35.960000000,sine_f3,state,0,-0.016565605,2059,-0.030679616,2068,0.119904120,-5,0.073920000,-22,4.746000,-42,-0.016873789,2059,0.000000000,0,12.500,39,7144,0,1,
112312753640774,112312750086585,112312751549788,112312753640774,3597,35.970000000,sine_f3,state,0,-0.013905765,2057,-0.029145635,2067,0.119904120,-5,0.073920000,-22,4.746000,-42,-0.013805827,2057,0.000000000,0,12.500,39,7154,0,1,
112312764639072,112312760091347,112312762554895,112312764639072,3598,35.980000000,sine_f3,state,0,-0.011191045,2055,-0.026077673,2065,0.143884944,-6,0.077280000,-23,4.633000,-41,-0.010737866,2055,0.000000000,0,12.500,39,7165,0,1,
112312773551964,112312770089736,112312771533967,112312773551964,3599,35.990000000,sine_f3,hardware_error,0,-0.008432159,2053,,,,,,,,,,,,,,,,,,0
112312783660772,112312780086446,112312781543411,112312783660772,3600,36.000000000,sine_f3,state,0,-0.005639996,2052,-0.021475731,2062,0.167865767,-7,0.094080000,-28,4.746000,-42,-0.007669904,2053,0.000000000,0,12.500,39,7184,0,1,
112312793636637,112312790093682,112312791537831,112312793636637,3601,36.010000000,sine_f3,state,0,-0.002825573,2050,-0.019941750,2061,0.191846591,-8,0.080640000,-24,4.859000,-43,-0.003067962,2050,0.000000000,0,12.500,39,7194,0,1,
112312803638785,112312800087577,112312801541347,112312803638785,3602,36.020000000,sine_f3,state,0,-0.000000000,2048,-0.016873789,2059,0.191846591,-8,0.094080000,-28,4.633000,-41,-0.003067962,2050,0.000000000,0,12.500,39,7204,0,1,
112312813640136,112312810087597,112312811544114,112312813640136,3603,36.030000000,sine_f3,state,0,0.002825573,2046,-0.015339808,2058,0.191846591,-8,0.100800000,-30,5.085000,-45,0.003067962,2046,0.000000000,0,12.500,39,7214,0,0,
112312823659636,112312820090142,112312821545444,112312823659636,3604,36.040000000,sine_f3,state,0,0.005639996,2044,-0.013805827,2057,0.191846591,-8,0.104160000,-31,4.972000,-44,0.003067962,2046,0.000000000,0,12.500,39,7224,0,0,
112312833702244,112312830041169,112312831613915,112312833702244,3605,36.050000000,sine_f3,state,0,0.008432159,2043,-0.010737866,2055,0.215827415,-9,0.104160000,-31,4.972000,-44,0.007669904,2043,0.000000000,0,12.500,39,7234,0,0,
112312843722948,112312840019563,112312841590709,112312843722948,3606,36.060000000,sine_f3,state,0,0.011191045,2041,-0.009203885,2054,0.215827415,-9,0.097440000,-29,4.633000,-41,0.010737866,2041,0.000000000,0,12.500,39,7244,0,0,
112312853683494,112312850009584,112312851610653,112312853683494,3607,36.070000000,sine_f3,state,0,0.013905765,2039,-0.006135923,2052,0.215827415,-9,0.104160000,-31,5.085000,-45,0.013805827,2039,0.000000000,0,12.500,39,7254,0,0,
112312863676360,112312860006824,112312861606946,112312863676360,3608,36.080000000,sine_f3,state,0,0.016565605,2037,-0.004601942,2051,0.215827415,-9,0.107520000,-32,4.859000,-43,0.016873789,2037,0.000000000,0,12.500,39,7264,0,0,
112312873684524,112312870007154,112312871609426,112312873684524,3609,36.090000000,sine_f3,state,0,0.019160068,2036,-0.001533981,2049,0.215827415,-9,0.104160000,-31,5.085000,-45,0.018407769,2036,0.000000000,0,12.500,39,7274,0,0,
112312883682165,112312880006555,112312881598703,112312883682165,3610,36.100000000,sine_f3,state,0,0.021678915,2034,0.001533981,2047,0.215827415,-9,0.114240000,-34,4.746000,-42,0.021475731,2034,0.000000000,0,12.500,39,7284,0,0,
112312893677113,112312890006711,112312891609322,112312893677113,3611,36.110000000,sine_f3,state,0,0.024112206,2032,0.003067962,2046,0.215827415,-9,0.107520000,-32,5.198000,-46,0.024543693,2032,0.000000000,0,12.500,39,7294,0,0,
112312903675495,112312900007014,112312901609214,112312903675495,3612,36.120000000,sine_f3,state,0,0.026450336,2031,0.004601942,2045,0.215827415,-9,0.117600000,-35,4.746000,-42,0.026077673,2031,0.000000000,0,12.500,39,7304,0,0,
112312913679519,112312910006529,112312911608144,112312913679519,3613,36.130000000,sine_f3,state,0,0.028684080,2029,0.007669904,2043,0.215827415,-9,0.100800000,-30,5.537000,-49,0.029145635,2029,0.000000000,0,12.500,39,7314,0,0,
112312923676666,112312920006752,112312921608295,112312923676666,3614,36.140000000,sine_f3,state,0,0.030804620,2028,0.010737866,2041,0.215827415,-9,0.117600000,-35,4.746000,-42,0.030679616,2028,0.000000000,0,12.500,39,7324,0,0,
112312933679628,112312930007001,112312931598464,112312933679628,3615,36.150000000,sine_f3,state,0,0.032803588,2027,0.012271846,2040,0.215827415,-9,0.107520000,-32,5.085000,-45,0.032213597,2027,0.000000000,0,12.500,39,7334,0,0,
112312943679600,112312940007652,112312941609289,112312943679600,3616,36.160000000,sine_f3,state,0,0.034673096,2025,0.015339808,2038,0.215827415,-9,0.104160000,-31,4.859000,-43,0.035281558,2025,0.000000000,0,12.500,39,7344,0,0,
112312953612727,112312950009357,112312951588669,112312953612727,3617,36.170000000,sine_f3,state,0,0.036405765,2024,0.016873789,2037,0.215827415,-9,0.107520000,-32,5.085000,-45,0.036815539,2024,0.000000000,0,12.500,39,7354,0,0,
112312963612805,112312960006737,112312961546268,112312963612805,3618,36.180000000,sine_f3,state,0,0.037994757,2023,0.019941750,2035,0.215827415,-9,0.100800000,-30,4.746000,-42,0.038349520,2023,0.000000000,0,12.500,39,7364,0,0,
112312973679245,112312970006428,112312971549550,112312973679245,3619,36.190000000,sine_f3,state,0,0.039433801,2022,0.023009712,2033,0.215827415,-9,0.107520000,-32,5.198000,-46,0.039883500,2022,0.000000000,0,12.500,39,7374,0,1,
112312983671149,112312980006315,112312981597344,112312983671149,3620,36.200000000,sine_f3,state,0,0.040717217,2021,0.024543693,2032,0.215827415,-9,0.094080000,-28,4.746000,-42,0.041417481,2021,0.000000000,0,12.500,39,7384,0,1,
112312993671211,112312990006503,112312991569704,112312993671211,3621,36.210000000,sine_f3,state,0,0.041839942,2021,0.027611654,2030,0.215827415,-9,0.090720000,-27,4.746000,-42,0.041417481,2021,0.000000000,0,12.500,39,7394,0,1,
112313003672005,112313000007002,112313001589458,112313003672005,3622,36.220000000,sine_f3,state,0,0.042797543,2020,0.029145635,2029,0.215827415,-9,0.073920000,-22,4.746000,-42,0.042951462,2020,0.000000000,0,12.500,39,7404,0,1,
112313013675734,112313010007508,112313011576164,112313013675734,3623,36.230000000,sine_f3,state,0,0.043586242,2020,0.032213597,2027,0.215827415,-9,0.073920000,-22,4.746000,-42,0.042951462,2020,0.000000000,0,12.500,39,7414,0,1,
112313023674006,112313020007154,112313021578208,112313023674006,3624,36.240000000,sine_f3,state,0,0.044202926,2019,0.033747577,2026,0.215827415,-9,0.057120000,-17,4.633000,-41,0.044485443,2019,0.000000000,0,12.500,39,7424,0,1,
112313033669504,112313030007331,112313031566027,112313033669504,3625,36.250000000,sine_f3,state,0,0.044645162,2019,0.036815539,2024,0.215827415,-9,0.053760000,-16,4.859000,-43,0.044485443,2019,0.000000000,0,12.500,39,7434,0,1,
112313043675558,112313040006924,112313041578714,112313043675558,3626,36.260000000,sine_f3,state,0,0.044911203,2019,0.036815539,2024,0.215827415,-9,0.043680000,-13,4.407000,-39,0.044485443,2019,0.000000000,0,12.500,39,7444,0,1,
112313053673854,112313050007518,112313051572157,112313053673854,3627,36.270000000,sine_f3,state,0,0.045000000,2019,0.039883500,2022,0.215827415,-9,0.033600000,-10,4.407000,-39,0.044485443,2019,0.000000000,0,12.500,39,7454,0,1,
112313063655617,112313060009373,112313061571989,112313063655617,3628,36.280000000,sine_f3,state,0,0.044911203,2019,0.041417481,2021,0.215827415,-9,0.020160000,-6,4.407000,-39,0.044485443,2019,0.000000000,0,12.500,39,7464,0,1,
112313073648664,112313070006789,112313071573206,112313073648664,3629,36.290000000,sine_f3,state,0,0.044645162,2019,0.044485443,2019,0.215827415,-9,0.006720000,-2,4.181000,-37,0.044485443,2019,0.000000000,0,12.500,39,7474,0,1,
112313083650316,112313080006930,112313081567509,112313083650316,3630,36.300000000,sine_f3,state,0,0.044202926,2019,0.044485443,2019,0.191846591,-8,0.003360000,-1,0.000000,0,0.044485443,2019,0.000000000,0,12.500,39,7484,0,1,
112313093668208,112313090006653,112313091569179,112313093668208,3631,36.310000000,sine_f3,state,0,0.043586242,2020,0.046019424,2018,0.191846591,-8,-0.003360000,1,0.000000,0,0.042951462,2020,0.000000000,0,12.500,39,7494,0,1,
112313103653364,112313100010132,112313101581037,112313103653364,3632,36.320000000,sine_f3,state,0,0.042797543,2020,0.046019424,2018,0.167865767,-7,-0.010080000,3,-0.678000,6,0.042951462,2020,0.000000000,0,12.500,39,7504,0,1,
112313113652036,112313110006982,112313111580005,112313113652036,3633,36.330000000,sine_f3,state,0,0.041839942,2021,0.046019424,2018,0.143884944,-6,-0.013440000,4,-0.904000,8,0.041417481,2021,0.000000000,0,12.500,39,7514,0,1,
112313123657089,112313120010338,112313121578989,112313123657089,3634,36.340000000,sine_f3,state,0,0.040717217,2021,0.046019424,2018,0.119904120,-5,-0.026880000,8,-1.130000,10,0.041417481,2021,0.000000000,0,12.500,39,7524,0,1,
112313133646849,112313130006835,112313131542198,112313133646849,3635,36.350000000,sine_f3,state,0,0.039433801,2022,0.046019424,2018,0.071942472,-3,-0.023520000,7,-1.130000,10,0.039883500,2022,0.000000000,0,12.500,39,7534,0,1,
112313143653756,112313140007250,112313141568195,112313143653756,3636,36.360000000,sine_f3,state,0,0.037994757,2023,0.046019424,2018,0.047961648,-2,-0.033600000,10,-1.243000,11,0.038349520,2023,0.000000000,0,12.500,39,7544,0,1,
112313153650109,112313150008833,112313151570781,112313153650109,3637,36.370000000,sine_f3,state,0,0.036405765,2024,0.046019424,2018,0.023980824,-1,-0.040320000,12,-1.695000,15,0.036815539,2024,0.000000000,0,12.500,39,7554,0,1,
112313163655729,112313160006687,112313161569825,112313163655729,3638,36.380000000,sine_f3,state,0,0.034673096,2025,0.046019424,2018,0.000000000,0,-0.043680000,13,-2.825000,25,0.035281558,2025,0.000000000,0,12.500,39,7564,0,1,
112313173644705,112313170006665,112313171571505,112313173644705,3639,36.390000000,sine_f3,state,0,0.032803588,2027,0.044485443,2019,0.000000000,0,-0.047040000,14,-5.650000,50,0.032213597,2027,0.000000000,0,12.500,39,7574,0,1,
112313183649794,112313180006606,112313181570447,112313183649794,3640,36.400000000,sine_f3,state,0,0.030804620,2028,0.042951462,2020,0.000000000,0,-0.050400000,15,-10.961000,97,0.030679616,2028,0.000000000,0,12.500,39,7584,0,1,
112313193650395,112313190006283,112313191566580,112313193650395,3641,36.410000000,sine_f3,state,0,0.028684080,2029,0.038349520,2023,-0.023980824,1,-0.050400000,15,-11.865000,105,0.029145635,2029,0.000000000,0,12.500,39,7594,0,1,
112313203644145,112313200007026,112313201564895,112313203644145,3642,36.420000000,sine_f3,state,0,0.026450336,2031,0.033747577,2026,-0.071942472,3,-0.033600000,10,-12.091000,107,0.026077673,2031,0.000000000,0,12.600,39,7604,0,1,
112313213643250,112313210006923,112313211568884,112313213643250,3643,36.430000000,sine_f3,state,0,0.024112206,2032,0.027611654,2030,-0.143884944,6,-0.013440000,4,-13.560000,120,0.024543693,2032,0.000000000,0,12.600,39,7614,0,1,
112313223647174,112313220007146,112313221579063,112313223647174,3644,36.440000000,sine_f3,state,0,0.021678915,2034,0.021475731,2034,-0.215827415,9,-0.013440000,4,-9.831000,87,0.021475731,2034,0.000000000,0,12.500,39,7624,0,1,
112313233644946,112313230006944,112313231566398,112313233644946,3645,36.450000000,sine_f3,state,0,0.019160068,2036,0.015339808,2038,-0.287769887,12,-0.043680000,13,0.000000,0,0.018407769,2036,0.000000000,0,12.500,39,7634,1,1,
112313243652911,112313240006869,112313241581734,112313243652911,3646,36.460000000,sine_f3,state,0,0.016565605,2037,0.013805827,2039,-0.359712359,15,0.023520000,-7,0.226000,-2,0.016873789,2037,0.000000000,0,12.500,39,7644,1,1,
112313253660408,112313250007161,112313251570733,112313253660408,3647,36.470000000,sine_f3,state,0,0.013905765,2039,0.013805827,2039,-0.383693183,16,0.006720000,-2,2.147000,-19,0.013805827,2039,0.000000000,0,12.500,39,7654,1,1,
112313263651762,112313260008703,112313261569822,112313263651762,3648,36.480000000,sine_f3,state,0,0.011191045,2041,0.013805827,2039,-0.383693183,16,0.000000000,0,1.695000,-15,0.010737866,2041,0.000000000,0,12.500,39,7664,1,1,
112313273662205,112313270006514,112313271568246,112313273662205,3649,36.490000000,sine_f3,state,0,0.008432159,2043,0.012271846,2040,-0.359712359,15,-0.013440000,4,-1.017000,9,0.007669904,2043,0.000000000,0,12.500,39,7674,1,1,
112313283660043,112313280007121,112313281568734,112313283660043,3650,36.500000000,sine_f3,state,0,0.005639996,2044,0.013805827,2039,-0.287769887,12,-0.030240000,9,-1.469000,13,0.006135923,2044,0.000000000,0,12.500,39,7684,1,1,
112313293660595,112313290006781,112313291572017,112313293660595,3651,36.510000000,sine_f3,state,0,0.002825573,2046,0.012271846,2040,-0.215827415,9,-0.040320000,12,-1.695000,15,0.003067962,2046,0.000000000,0,12.500,39,7694,0,1,
112313303648410,112313300007239,112313301573380,112313303648410,3652,36.520000000,sine_f3,state,0,0.000000000,2048,0.012271846,2040,-0.119904120,5,-0.050400000,15,-4.407000,39,0.000000000,2048,0.000000000,0,12.500,39,7704,0,1,
112313313651658,112313310009672,112313311573246,112313313651658,3653,36.530000000,sine_f3,state,0,-0.002825573,2050,0.012271846,2040,-0.071942472,3,-0.063840000,19,-8.023000,71,-0.003067962,2050,0.000000000,0,12.500,39,7714,0,1,
112313323654981,112313320007115,112313321577242,112313323654981,3654,36.540000000,sine_f3,state,0,-0.005639996,2052,0.007669904,2043,-0.047961648,2,-0.063840000,19,-11.639000,103,-0.006135923,2052,0.000000000,0,12.500,39,7724,0,1,
112313333649847,112313330007335,112313331565928,112313333649847,3655,36.550000000,sine_f3,state,0,-0.008432159,2053,0.004601942,2045,-0.071942472,3,-0.060480000,18,-13.786000,122,-0.007669904,2053,0.000000000,0,12.500,39,7734,0,1,
112313343667447,112313340007022,112313341569340,112313343667447,3656,36.560000000,sine_f3,state,0,-0.011191045,2055,-0.003067962,2050,-0.119904120,5,-0.030240000,9,-14.125000,125,-0.010737866,2055,0.000000000,0,12.400,39,7744,0,1,
112313353650593,112313350006866,112313351570391,112313353650593,3657,36.570000000,sine_f3,state,0,-0.013905765,2057,-0.009203885,2054,-0.191846591,8,-0.010080000,3,-14.464000,128,-0.013805827,2057,0.000000000,0,12.500,39,7754,0,1,
112313363646280,112313360007338,112313361567228,112313363646280,3658,36.580000000,sine_f3,state,0,-0.016565605,2059,-0.018407769,2060,-0.287769887,12,-0.033600000,10,-7.571000,67,-0.016873789,2059,0.000000000,0,12.400,39,7764,1,1,
112313373654201,112313370008746,112313371569660,112313373654201,3659,36.590000000,sine_f3,state,0,-0.019160068,2060,-0.023009712,2063,-0.383693183,16,0.073920000,-22,-3.164000,28,-0.018407769,2060,0.000000000,0,12.500,39,7774,1,1,
112313383657442,112313380006652,112313381569864,112313383657442,3660,36.600000000,sine_f3,state,0,-0.021678915,2062,-0.026077673,2065,-0.455635655,19,-0.047040000,14,0.452000,-4,-0.021475731,2062,0.000000000,0,12.500,39,7784,1,1,
112313393652381,112313390008519,112313391569636,112313393652381,3661,36.610000000,sine_f3,state,0,-0.024112206,2064,-0.026077673,2065,-0.479616478,20,0.023520000,-7,1.469000,-13,-0.024543693,2064,0.000000000,0,12.500,39,7794,1,1,
112313403656411,112313400006970,112313401581319,112313403656411,3662,36.620000000,sine_f3,state,0,-0.026450336,2065,-0.026077673,2065,-0.479616478,20,0.003360000,-1,2.599000,-23,-0.026077673,2065,0.000000000,0,12.500,39,7804,1,1,
112313413661229,112313410007113,112313411556252,112313413661229,3663,36.630000000,sine_f3,state,0,-0.028684080,2067,-0.026077673,2065,-0.407674007,17,0.000000000,0,1.017000,-9,-0.029145635,2067,0.000000000,0,12.500,39,7814,1,1,
112313423653161,112313420007744,112313421573168,112313423653161,3664,36.640000000,sine_f3,state,0,-0.030804620,2068,-0.026077673,2065,-0.335731535,14,-0.020160000,6,-0.904000,8,-0.030679616,2068,0.000000000,0,12.500,39,7824,1,1,
112313433645138,112313430007196,112313431549291,112313433645138,3665,36.650000000,sine_f3,state,0,-0.032803588,2069,-0.024543693,2064,-0.239808239,10,-0.026880000,8,-1.130000,10,-0.032213597,2069,0.000000000,0,12.500,39,7834,0,1,
112313443649022,112313440006673,112313441561978,112313443649022,3666,36.660000000,sine_f3,state,0,-0.034673096,2071,-0.024543693,2064,-0.143884944,6,-0.036960000,11,-1.469000,13,-0.035281558,2071,0.000000000,0,12.500,39,7844,0,1,
112313453648159,112313450007158,112313451544391,112313453648159,3667,36.670000000,sine_f3,state,0,-0.036405765,2072,-0.026077673,2065,-0.071942472,3,-0.060480000,18,-1.808000,16,-0.036815539,2072,0.000000000,0,12.500,39,7854,0,1,
112313463652169,112313460007121,112313461552524,112313463652169,3668,36.680000000,sine_f3,state,0,-0.037994757,2073,-0.026077673,2065,-0.023980824,1,-0.057120000,17,-4.520000,40,-0.038349520,2073,0.000000000,0,12.500,39,7864,0,1,
112313473658774,112313470055628,112313471550855,112313473658774,3669,36.690000000,sine_f3,state,0,-0.039433801,2074,-0.027611654,2066,-0.023980824,1,-0.036960000,11,-9.831000,87,-0.039883500,2074,0.000000000,0,12.600,39,7874,0,1,
112313483650952,112313480006895,112313481550016,112313483650952,3670,36.700000000,sine_f3,state,0,-0.040717217,2075,-0.030679616,2068,-0.023980824,1,-0.053760000,16,-11.639000,103,-0.041417481,2075,0.000000000,0,12.600,39,7884,0,1,
112313493633571,112313490006248,112313491546999,112313493633571,3671,36.710000000,sine_f3,state,0,-0.041839942,2075,-0.035281558,2071,-0.071942472,3,-0.033600000,10,-11.978000,106,-0.041417481,2075,0.000000000,0,12.500,39,7894,0,1,
112313503627256,112313500006255,112313501554267,112313503627256,3672,36.720000000,sine_f3,state,0,-0.042797543,2076,-0.041417481,2075,-0.119904120,5,-0.003360000,1,-11.639000,103,-0.042951462,2076,0.000000000,0,12.500,39,7904,0,1,
112313513627184,112313510006683,112313511550094,112313513627184,3673,36.730000000,sine_f3,state,0,-0.043586242,2076,-0.047553404,2079,-0.191846591,8,0.100800000,-30,-8.136000,72,-0.042951462,2076,0.000000000,0,12.500,39,7914,0,1,
112313523637207,112313520010945,112313521580289,112313523637207,3674,36.740000000,sine_f3,state,0,-0.044202926,2077,-0.050621366,2081,-0.263789063,11,0.013440000,-4,-0.113000,1,-0.044485443,2077,0.000000000,0,12.500,39,7924,1,1,
112313533628916,112313530008499,112313531545101,112313533628916,3675,36.750000000,sine_f3,state,0,-0.044645162,2077,-0.052155347,2082,-0.311750711,13,0.033600000,-10,0.904000,-8,-0.044485443,2077,0.000000000,0,12.500,39,7934,1,1,
112313543635693,112313540007145,112313541551025,112313543635693,3676,36.760000000,sine_f3,state,0,-0.044911203,2077,-0.052155347,2082,-0.335731535,14,0.047040000,-14,3.277000,-29,-0.044485443,2077,0.000000000,0,12.500,39,7944,1,1,
112313553646391,112313550007332,112313551556041,112313553646391,3677,36.770000000,sine_f3,state,0,-0.045000000,2077,-0.050621366,2081,-0.335731535,14,0.047040000,-14,3.616000,-32,-0.044485443,2077,0.000000000,0,12.500,39,7954,1,1,
112313563633952,112313560008047,112313561552866,112313563633952,3678,36.780000000,sine_f3,state,0,-0.044911203,2077,-0.050621366,2081,-0.287769887,12,0.033600000,-10,3.051000,-27,-0.044485443,2077,0.000000000,0,12.500,39,7964,1,1,
112313573626344,112313570007421,112313571550641,112313573626344,3679,36.790000000,sine_f3,state,0,-0.044645162,2077,-0.050621366,2081,-0.215827415,9,0.030240000,-9,3.051000,-27,-0.044485443,2077,0.000000000,0,12.500,39,7974,0,1,
112313583645530,112313580008774,112313581549646,112313583645530,3680,36.800000000,sine_f3,state,0,-0.044202926,2077,-0.049087385,2080,-0.119904120,5,0.026880000,-8,2.825000,-25,-0.044485443,2077,0.000000000,0,12.500,39,7984,0,1,
112313593635035,112313590006657,112313591547123,112313593635035,3681,36.810000000,sine_f3,state,0,-0.043586242,2076,-0.047553404,2079,-0.047961648,2,0.023520000,-7,2.712000,-24,-0.042951462,2076,0.000000000,0,12.500,39,7994,0,1,
112313603637094,112313600010157,112313601554298,112313603637094,3682,36.820000000,sine_f3,state,0,-0.042797543,2076,-0.046019424,2078,0.000000000,0,0.016800000,-5,2.938000,-26,-0.042951462,2076,0.000000000,0,12.500,39,8004,0,1,
112313613636852,112313610006787,112313611554742,112313613636852,3683,36.830000000,sine_f3,state,0,-0.041839942,2075,-0.046019424,2078,0.023980824,-1,0.020160000,-6,3.051000,-27,-0.041417481,2075,0.000000000,0,12.500,39,8014,0,1,
112313623629866,112313620006899,112313621555198,112313623629866,3684,36.840000000,sine_f3,state,0,-0.040717217,2075,-0.044485443,2077,0.047961648,-2,0.023520000,-7,2.599000,-23,-0.041417481,2075,0.000000000,0,12.500,39,8024,0,1,
112313633635665,112313630007533,112313631501454,112313633635665,3685,36.850000000,sine_f3,state,0,-0.039433801,2074,-0.042951462,2076,0.071942472,-3,0.013440000,-4,2.825000,-25,-0.039883500,2074,0.000000000,0,12.500,39,8034,0,1,
112313643633682,112313640006790,112313641542958,112313643633682,3686,36.860000000,sine_f3,state,0,-0.037994757,2073,-0.042951462,2076,0.071942472,-3,0.016800000,-5,2.938000,-26,-0.038349520,2073,0.000000000,0,12.500,39,8044,0,1,
112313653632901,112313650006839,112313651545081,112313653632901,3687,36.870000000,sine_f3,state,0,-0.036405765,2072,-0.041417481,2075,0.071942472,-3,0.023520000,-7,2.147000,-19,-0.036815539,2072,0.000000000,0,12.500,39,8054,0,1,
112313663634329,112313660007203,112313661543505,112313663634329,3688,36.880000000,sine_f3,state,0,-0.034673096,2071,-0.039883500,2074,0.071942472,-3,0.023520000,-7,3.164000,-28,-0.035281558,2071,0.000000000,0,12.500,38,8064,0,1,
112313673641430,112313670007724,112313671545331,112313673641430,3689,36.890000000,sine_f3,state,0,-0.032803588,2069,-0.039883500,2074,0.071942472,-3,0.026880000,-8,3.164000,-28,-0.032213597,2069,0.000000000,0,12.500,38,8074,0,1,
112313683636490,112313680008943,112313681553643,112313683636490,3690,36.900000000,sine_f3,state,0,-0.030804620,2068,-0.038349520,2073,0.071942472,-3,0.047040000,-14,2.938000,-26,-0.030679616,2068,0.000000000,0,12.500,38,8084,0,1,
112313693581176,112313690006308,112313691559363,112313693581176,3691,36.910000000,sine_f3,state,0,-0.028684080,2067,-0.038349520,2073,0.071942472,-3,0.043680000,-13,3.051000,-27,-0.029145635,2067,0.000000000,0,12.500,38,8094,0,1,
112313703644970,112313700007167,112313701553682,112313703644970,3692,36.920000000,sine_f3,state,0,-0.026450336,2065,-0.036815539,2072,0.071942472,-3,0.050400000,-15,3.277000,-29,-0.026077673,2065,0.000000000,0,12.500,38,8104,0,1,
112313713629625,112313710006773,112313711551495,112313713629625,3693,36.930000000,sine_f3,state,0,-0.024112206,2064,-0.035281558,2071,0.095923296,-4,0.053760000,-16,3.164000,-28,-0.024543693,2064,0.000000000,0,12.500,38,8114,0,1,
112313723628769,112313720008401,112313721560139,112313723628769,3694,36.940000000,sine_f3,state,0,-0.021678915,2062,-0.033747577,2070,0.095923296,-4,0.057120000,-17,3.277000,-29,-0.021475731,2062,0.000000000,0,12.500,38,8124,0,1,
112313733632025,112313730007906,112313731556995,112313733632025,3695,36.950000000,sine_f3,state,0,-0.019160068,2060,-0.032213597,2069,0.095923296,-4,0.067200000,-20,3.164000,-28,-0.018407769,2060,0.000000000,0,12.500,38,8134,0,1,
112313743637422,112313740007081,112313741555491,112313743637422,3696,36.960000000,sine_f3,state,0,-0.016565605,2059,-0.030679616,2068,0.095923296,-4,0.073920000,-22,3.277000,-29,-0.016873789,2059,0.000000000,0,12.500,38,8144,0,1,
112313753631604,112313750006740,112313751543072,112313753631604,3697,36.970000000,sine_f3,state,0,-0.013905765,2057,-0.030679616,2068,0.095923296,-4,0.077280000,-23,3.277000,-29,-0.013805827,2057,0.000000000,0,12.500,38,8154,0,1,
112313763634032,112313760006954,112313761558062,112313763634032,3698,36.980000000,sine_f3,state,0,-0.011191045,2055,-0.029145635,2067,0.095923296,-4,0.050400000,-15,11.526000,-102,-0.010737866,2055,0.000000000,0,12.600,38,8164,0,0,
112313773562758,112313770007354,112313771549916,112313773562758,3699,36.990000000,sine_f3,hardware_error,0,-0.008432159,2053,,,,,,,,,,,,,,,,,,0
112313783627320,112313780008436,112313781545111,112313783627320,3700,37.000000000,sine_f3,state,0,-0.005639996,2052,-0.016873789,2059,0.143884944,-6,0.067200000,-20,19.097000,-169,-0.006135923,2052,0.000000000,0,12.700,38,8184,0,1,
112313793581903,112313790006179,112313791553262,112313793581903,3701,37.010000000,sine_f3,state,0,-0.002825573,2050,-0.007669904,2053,0.215827415,-9,0.016800000,-5,19.775000,-175,-0.003067962,2050,0.000000000,0,12.600,38,8194,0,1,
112313803644102,112313800009253,112313801544276,112313803644102,3702,37.020000000,sine_f3,state,0,-0.000000000,2048,0.001533981,2047,0.311750711,-13,0.026880000,-8,14.577000,-129,0.000000000,2048,0.000000000,0,12.500,38,8204,1,1,
112313813629414,112313810006877,112313811542899,112313813629414,3703,37.030000000,sine_f3,state,0,0.002825573,2046,0.009203885,2042,0.431654831,-18,0.006720000,-2,5.650000,-50,0.003067962,2046,0.000000000,0,12.500,38,8214,1,1,
112313823643145,112313820006872,112313821547474,112313823643145,3704,37.040000000,sine_f3,state,0,0.005639996,2044,0.015339808,2038,0.527578126,-22,-0.114240000,34,4.294000,-38,0.006135923,2044,0.000000000,0,12.500,38,8224,1,1,
112313833645083,112313830010253,112313831528505,112313833645083,3705,37.050000000,sine_f3,state,0,0.008432159,2043,0.016873789,2037,0.599520598,-25,-0.040320000,12,-0.452000,4,0.007669904,2043,0.000000000,0,12.500,38,8234,1,1,
112313843632515,112313840006699,112313841555057,112313843632515,3706,37.060000000,sine_f3,state,0,0.011191045,2041,0.016873789,2037,0.599520598,-25,-0.047040000,14,-1.469000,13,0.010737866,2041,0.000000000,0,12.500,38,8244,1,1,
112313853614015,112313850006555,112313851531584,112313853614015,3707,37.070000000,sine_f3,state,0,0.013905765,2039,0.016873789,2037,0.575539774,-24,-0.030240000,9,-1.695000,15,0.013805827,2039,0.000000000,0,12.500,38,8254,1,1,
112313863627977,112313860007252,112313861538895,112313863627977,3708,37.080000000,sine_f3,state,0,0.016565605,2037,0.016873789,2037,0.479616478,-20,-0.013440000,4,-1.243000,11,0.016873789,2037,0.000000000,0,12.500,38,8264,1,1,
112313873636829,112313870007419,112313871529539,112313873636829,3709,37.090000000,sine_f3,state,0,0.019160068,2036,0.016873789,2037,0.359712359,-15,0.000000000,0,0.226000,-2,0.018407769,2036,0.000000000,0,12.500,38,8274,1,1,
112313883644971,112313880009807,112313881529744,112313883644971,3710,37.100000000,sine_f3,state,0,0.021678915,2034,0.016873789,2037,0.239808239,-10,0.003360000,-1,2.260000,-20,0.021475731,2034,0.000000000,0,12.500,38,8284,0,1,
112313893582440,112313890006507,112313891537049,112313893582440,3711,37.110000000,sine_f3,state,0,0.024112206,2032,0.016873789,2037,0.143884944,-6,0.030240000,-9,3.277000,-29,0.024543693,2032,0.000000000,0,12.500,38,8294,0,1,
112313903641460,112313900006331,112313901533452,112313903641460,3712,37.120000000,sine_f3,state,0,0.026450336,2031,0.018407769,2036,0.071942472,-3,0.033600000,-10,3.503000,-31,0.026077673,2031,0.000000000,0,12.500,38,8304,0,1,
112313913609264,112313910006492,112313911538898,112313913609264,3713,37.130000000,sine_f3,state,0,0.028684080,2029,0.019941750,2035,0.047961648,-2,0.033600000,-10,2.825000,-25,0.029145635,2029,0.000000000,0,12.500,38,8314,0,1,
112313923603140,112313920009806,112313921549445,112313923603140,3714,37.140000000,sine_f3,state,0,0.030804620,2028,0.021475731,2034,0.047961648,-2,0.050400000,-15,2.938000,-26,0.030679616,2028,0.000000000,0,12.500,38,8324,0,1,
112313933608791,112313930006502,112313931528781,112313933608791,3715,37.150000000,sine_f3,state,0,0.032803588,2027,0.021475731,2034,0.047961648,-2,0.057120000,-17,3.390000,-30,0.032213597,2027,0.000000000,0,12.500,38,8334,0,1,
112313943608989,112313940006535,112313941536150,112313943608989,3716,37.160000000,sine_f3,state,0,0.034673096,2025,0.023009712,2033,0.071942472,-3,0.057120000,-17,3.164000,-28,0.035281558,2025,0.000000000,0,12.500,38,8344,0,1,
112313953625724,112313950007716,112313951532817,112313953625724,3717,37.170000000,sine_f3,state,0,0.036405765,2024,0.024543693,2032,0.071942472,-3,0.067200000,-20,3.277000,-29,0.036815539,2024,0.000000000,0,12.500,38,8354,0,1,
112313963609578,112313960006850,112313961528279,112313963609578,3718,37.180000000,sine_f3,state,0,0.037994757,2023,0.026077673,2031,0.095923296,-4,0.067200000,-20,3.051000,-27,0.038349520,2023,0.000000000,0,12.500,38,8364,0,1,
112313973608400,112313970007025,112313971526767,112313973608400,3719,37.190000000,sine_f3,state,0,0.039433801,2022,0.026077673,2031,0.095923296,-4,0.073920000,-22,3.164000,-28,0.039883500,2022,0.000000000,0,12.500,38,8374,0,1,
112313983615075,112313980006984,112313981528771,112313983615075,3720,37.200000000,sine_f3,state,0,0.040717217,2021,0.027611654,2030,0.095923296,-4,0.070560000,-21,3.616000,-32,0.041417481,2021,0.000000000,0,12.400,38,8384,0,1,
112313993559111,112313990009468,112313991526850,112313993559111,3721,37.210000000,sine_f3,state,0,0.041839942,2021,0.029145635,2029,0.095923296,-4,0.070560000,-21,3.164000,-28,0.041417481,2021,0.000000000,0,12.500,38,8394,0,1,
112314003619210,112314000006352,112314001528921,112314003619210,3722,37.220000000,sine_f3,state,0,0.042797543,2020,0.030679616,2028,0.095923296,-4,0.063840000,-19,3.164000,-28,0.042951462,2020,0.000000000,0,12.500,38,8404,0,1,
112314013618165,112314010006367,112314011527254,112314013618165,3723,37.230000000,sine_f3,state,0,0.043586242,2020,0.032213597,2027,0.095923296,-4,0.067200000,-20,2.938000,-26,0.042951462,2020,0.000000000,0,12.500,38,8414,0,1,
112314023617278,112314020006620,112314021528899,112314023617278,3724,37.240000000,sine_f3,state,0,0.044202926,2019,0.033747577,2026,0.095923296,-4,0.060480000,-18,3.051000,-27,0.044485443,2019,0.000000000,0,12.500,38,8424,0,1,
112314033617133,112314030006429,112314031531288,112314033617133,3725,37.250000000,sine_f3,state,0,0.044645162,2019,0.033747577,2026,0.095923296,-4,0.063840000,-19,3.503000,-31,0.044485443,2019,0.000000000,0,12.500,38,8434,0,1,
112314043614025,112314040006477,112314041529471,112314043614025,3726,37.260000000,sine_f3,state,0,0.044911203,2019,0.035281558,2025,0.119904120,-5,0.057120000,-17,3.051000,-27,0.044485443,2019,0.000000000,0,12.500,38,8444,0,1,
112314053619954,112314050009135,112314051527169,112314053619954,3727,37.270000000,sine_f3,state,0,0.045000000,2019,0.036815539,2024,0.119904120,-5,0.047040000,-14,3.051000,-27,0.044485443,2019,0.000000000,0,12.500,38,8454,0,1,
112314063609858,112314060006554,112314061523412,112314063609858,3728,37.280000000,sine_f3,state,0,0.044911203,2019,0.038349520,2023,0.119904120,-5,0.047040000,-14,3.051000,-27,0.044485443,2019,0.000000000,0,12.500,38,8464,0,1,
112314073608686,112314070006672,112314071539337,112314073608686,3729,37.290000000,sine_f3,state,0,0.044645162,2019,0.038349520,2023,0.119904120,-5,0.036960000,-11,3.164000,-28,0.044485443,2019,0.000000000,0,12.500,38,8474,0,1,
112314083610836,112314080007319,112314081534866,112314083610836,3730,37.300000000,sine_f3,state,0,0.044202926,2019,0.039883500,2022,0.095923296,-4,0.033600000,-10,3.051000,-27,0.044485443,2019,0.000000000,0,12.500,38,8484,0,1,
112314093561948,112314090009408,112314091534460,112314093561948,3731,37.310000000,sine_f3,state,0,0.043586242,2020,0.041417481,2021,0.095923296,-4,0.023520000,-7,2.034000,-18,0.042951462,2020,0.000000000,0,12.500,38,8494,0,1,
112314103615261,112314100006701,112314101536570,112314103615261,3732,37.320000000,sine_f3,state,0,0.042797543,2020,0.041417481,2021,0.095923296,-4,0.006720000,-2,3.277000,-29,0.042951462,2020,0.000000000,0,12.500,38,8504,0,1,
112314113624936,112314110007071,112314111535308,112314113624936,3733,37.330000000,sine_f3,state,0,0.041839942,2021,0.042951462,2020,0.095923296,-4,0.003360000,-1,2.034000,-18,0.041417481,2021,0.000000000,0,12.500,38,8514,0,1,
112314123623889,112314120010144,112314121539304,112314123623889,3734,37.340000000,sine_f3,state,0,0.040717217,2021,0.042951462,2020,0.095923296,-4,-0.013440000,4,0.000000,0,0.041417481,2021,0.000000000,0,12.500,38,8524,0,1,
112314133615457,112314130009656,112314131537299,112314133615457,3735,37.350000000,sine_f3,state,0,0.039433801,2022,0.042951462,2020,0.095923296,-4,-0.003360000,1,-0.791000,7,0.039883500,2022,0.000000000,0,12.500,38,8534,0,1,
112314143626632,112314140006099,112314141531931,112314143626632,3736,37.360000000,sine_f3,state,0,0.037994757,2023,0.044485443,2019,0.071942472,-3,-0.016800000,5,-0.904000,8,0.038349520,2023,0.000000000,0,12.500,38,8544,0,1,
112314153612019,112314150007040,112314151522170,112314153612019,3737,37.370000000,sine_f3,state,0,0.036405765,2024,0.042951462,2020,0.047961648,-2,-0.026880000,8,-1.017000,9,0.036815539,2024,0.000000000,0,12.500,38,8554,0,1,
112314163618078,112314160006506,112314161537867,112314163618078,3738,37.380000000,sine_f3,state,0,0.034673096,2025,0.042951462,2020,0.047961648,-2,-0.030240000,9,-1.243000,11,0.035281558,2025,0.000000000,0,12.500,38,8564,0,1,
112314173605129,112314170007110,112314171526721,112314173605129,3739,37.390000000,sine_f3,state,0,0.032803588,2027,0.042951462,2020,0.023980824,-1,-0.036960000,11,-1.695000,15,0.032213597,2027,0.000000000,0,12.500,38,8574,0,1,
112314183608926,112314180006059,112314181529753,112314183608926,3740,37.400000000,sine_f3,state,0,0.030804620,2028,0.042951462,2020,0.000000000,0,-0.060480000,18,-5.198000,46,0.030679616,2028,0.000000000,0,12.500,38,8584,0,1,
112314193609649,112314190006091,112314191537976,112314193609649,3741,37.410000000,sine_f3,state,0,0.028684080,2029,0.041417481,2021,0.000000000,0,-0.053760000,16,-9.266000,82,0.029145635,2029,0.000000000,0,12.500,38,8594,0,1,
112314203607058,112314200006932,112314201529200,112314203607058,3742,37.420000000,sine_f3,state,0,0.026450336,2031,0.036815539,2024,0.000000000,0,-0.050400000,15,-11.526000,102,0.026077673,2031,0.000000000,0,12.600,38,8604,0,1,
112314213607048,112314210006569,112314211528548,112314213607048,3743,37.430000000,sine_f3,state,0,0.024112206,2032,0.033747577,2026,-0.047961648,2,-0.050400000,15,-12.091000,107,0.024543693,2032,0.000000000,0,12.600,38,8614,0,1,
112314223607907,112314220006128,112314221536392,112314223607907,3744,37.440000000,sine_f3,state,0,0.021678915,2034,0.027611654,2030,-0.095923296,4,-0.023520000,7,-14.012000,124,0.021475731,2034,0.000000000,0,12.600,38,8624,0,1,
112314233617267,112314230006143,112314231531330,112314233617267,3745,37.450000000,sine_f3,state,0,0.019160068,2036,0.021475731,2034,-0.167865767,7,-0.003360000,1,-13.899000,123,0.018407769,2036,0.000000000,0,12.600,38,8634,0,1,
112314243606237,112314240006550,112314241530847,112314243606237,3746,37.460000000,sine_f3,state,0,0.016565605,2037,0.013805827,2039,-0.263789063,11,-0.040320000,12,-7.006000,62,0.016873789,2037,0.000000000,0,12.500,38,8644,1,1,
112314253607370,112314250005840,112314251526758,112314253607370,3747,37.470000000,sine_f3,state,0,0.013905765,2039,0.009203885,2042,-0.359712359,15,0.060480000,-18,-3.277000,29,0.013805827,2039,0.000000000,0,12.500,38,8654,1,1,
112314263610868,112314260006027,112314261515013,112314263610868,3748,37.480000000,sine_f3,state,0,0.011191045,2041,0.006135923,2044,-0.407674007,17,0.000000000,0,0.339000,-3,0.010737866,2041,0.000000000,0,12.500,38,8664,1,1,
112314273615534,112314270006753,112314271507990,112314273615534,3749,37.490000000,sine_f3,state,0,0.008432159,2043,0.006135923,2044,-0.455635655,19,0.016800000,-5,1.130000,-10,0.007669904,2043,0.000000000,0,12.500,38,8674,1,1,
112314283617373,112314280016439,112314281515698,112314283617373,3750,37.500000000,sine_f3,state,0,0.005639996,2044,0.007669904,2043,-0.431654831,18,0.006720000,-2,2.486000,-22,0.006135923,2044,0.000000000,0,12.500,38,8684,1,1,
112314293593216,112314290007142,112314291508854,112314293593216,3751,37.510000000,sine_f3,state,0,0.002825573,2046,0.006135923,2044,-0.383693183,16,0.003360000,-1,1.017000,-9,0.003067962,2046,0.000000000,0,12.500,38,8694,1,1,
112314303604064,112314300006704,112314301511419,112314303604064,3752,37.520000000,sine_f3,state,0,0.000000000,2048,0.007669904,2043,-0.311750711,13,-0.026880000,8,-1.695000,15,0.000000000,2048,0.000000000,0,12.500,38,8704,1,1,
112314313774570,112314310006240,112314311506055,112314313774570,3753,37.530000000,sine_f3,state,0,-0.002825573,2050,0.007669904,2043,-0.215827415,9,-0.036960000,11,-1.582000,14,-0.003067962,2050,0.000000000,0,12.500,38,8714,0,1,
112314323798385,112314320088003,112314321658823,112314323798385,3754,37.540000000,sine_f3,state,0,-0.005639996,2052,0.006135923,2044,-0.143884944,6,-0.057120000,17,-3.277000,29,-0.006135923,2052,0.000000000,0,12.400,38,8724,0,1,
112314333786237,112314330103945,112314331642292,112314333786237,3755,37.550000000,sine_f3,state,0,-0.008432159,2053,0.004601942,2045,-0.071942472,3,-0.053760000,16,-7.232000,64,-0.007669904,2053,0.000000000,0,12.500,38,8734,0,1,
112314343771741,112314340093123,112314341640905,112314343771741,3756,37.560000000,sine_f3,state,0,-0.011191045,2055,0.003067962,2046,-0.047961648,2,-0.060480000,18,-11.413000,101,-0.010737866,2055,0.000000000,0,12.500,38,8744,0,1,
112314353778226,112314350088224,112314351638594,112314353778226,3757,37.570000000,sine_f3,state,0,-0.013905765,2057,-0.003067962,2050,-0.047961648,2,-0.053760000,16,-12.091000,107,-0.013805827,2057,0.000000000,0,12.600,38,8754,0,1,
112314363769761,112314360093626,112314361638914,112314363769761,3758,37.580000000,sine_f3,state,0,-0.016565605,2059,-0.007669904,2053,-0.095923296,4,-0.033600000,10,-14.012000,124,-0.016873789,2059,0.000000000,0,12.500,38,8764,0,1,
112314373772602,112314370088037,112314371640312,112314373772602,3759,37.590000000,sine_f3,state,0,-0.019160068,2060,-0.016873789,2059,-0.191846591,8,-0.010080000,3,-14.238000,126,-0.018407769,2060,0.000000000,0,12.400,38,8774,0,1,
112314383772988,112314380089987,112314381639271,112314383772988,3760,37.600000000,sine_f3,state,0,-0.021678915,2062,-0.023009712,2063,-0.263789063,11,-0.036960000,11,-5.763000,51,-0.021475731,2062,0.000000000,0,12.500,38,8784,1,1,
112314393763922,112314390085735,112314391638581,112314393763922,3761,37.610000000,sine_f3,state,0,-0.024112206,2064,-0.027611654,2066,-0.359712359,15,0.026880000,-8,-0.113000,1,-0.024543693,2064,0.000000000,0,12.500,38,8794,1,1,
112314403771905,112314400086951,112314401524661,112314403771905,3762,37.620000000,sine_f3,state,0,-0.026450336,2065,-0.029145635,2067,-0.431654831,18,-0.006720000,2,0.339000,-3,-0.026077673,2065,0.000000000,0,12.500,38,8804,1,1,
112314413778552,112314410088992,112314411523457,112314413778552,3763,37.630000000,sine_f3,state,0,-0.028684080,2067,-0.030679616,2068,-0.455635655,19,0.026880000,-8,2.373000,-21,-0.029145635,2067,0.000000000,0,12.500,38,8814,1,1,
112314423780885,112314420088333,112314421520021,112314423780885,3764,37.640000000,sine_f3,state,0,-0.030804620,2068,-0.030679616,2068,-0.455635655,19,0.010080000,-3,2.938000,-26,-0.030679616,2068,0.000000000,0,12.500,38,8824,1,1,
112314433602695,112314430108448,112314431517207,112314433602695,3765,37.650000000,sine_f3,state,0,-0.032803588,2069,-0.029145635,2067,-0.407674007,17,0.003360000,-1,1.356000,-12,-0.032213597,2069,0.000000000,0,12.500,38,8834,1,1,
112314443568142,112314440009913,112314441508622,112314443568142,3766,37.660000000,sine_f3,state,0,-0.034673096,2071,-0.029145635,2067,-0.311750711,13,-0.010080000,3,-1.017000,9,-0.035281558,2071,0.000000000,0,12.500,38,8844,1,1,
112314453597049,112314450008832,112314451514850,112314453597049,3767,37.670000000,sine_f3,state,0,-0.036405765,2072,-0.029145635,2067,-0.215827415,9,-0.030240000,9,-1.243000,11,-0.036815539,2072,0.000000000,0,12.500,38,8854,0,1,
112314463600527,112314460006847,112314461514589,112314463600527,3768,37.680000000,sine_f3,state,0,-0.037994757,2073,-0.029145635,2067,-0.119904120,5,-0.040320000,12,-1.582000,14,-0.038349520,2073,0.000000000,0,12.500,38,8864,0,1,
112314473588666,112314470007136,112314471508691,112314473588666,3769,37.690000000,sine_f3,state,0,-0.039433801,2074,-0.030679616,2068,-0.071942472,3,-0.050400000,15,-2.260000,20,-0.039883500,2074,0.000000000,0,12.500,38,8874,0,1,
112314483594049,112314480006471,112314481505742,112314483594049,3770,37.700000000,sine_f3,state,0,-0.040717217,2075,-0.030679616,2068,-0.023980824,1,-0.036960000,11,-5.085000,45,-0.041417481,2075,0.000000000,0,12.500,38,8884,0,1,
112314493585247,112314490007044,112314491512460,112314493585247,3771,37.710000000,sine_f3,state,0,-0.041839942,2075,-0.032213597,2069,-0.023980824,1,-0.043680000,13,-9.605000,85,-0.041417481,2075,0.000000000,0,12.500,38,8894,0,1,
112314503583124,112314500009021,112314501517867,112314503583124,3772,37.720000000,sine_f3,state,0,-0.042797543,2076,-0.036815539,2072,-0.023980824,1,-0.030240000,9,-11.300000,100,-0.042951462,2076,0.000000000,0,12.600,38,8904,0,1,
112314513595190,112314510006410,112314511510872,112314513595190,3773,37.730000000,sine_f3,state,0,-0.043586242,2076,-0.041417481,2075,-0.071942472,3,-0.013440000,4,-11.639000,103,-0.042951462,2076,0.000000000,0,12.500,38,8914,0,1,
112314523594107,112314520006822,112314521512281,112314523594107,3774,37.740000000,sine_f3,state,0,-0.044202926,2077,-0.047553404,2079,-0.119904120,5,-0.016800000,5,-5.537000,49,-0.044485443,2077,0.000000000,0,12.500,38,8924,0,1,
112314533587932,112314530006523,112314531510995,112314533587932,3775,37.750000000,sine_f3,state,0,-0.044645162,2077,-0.050621366,2081,-0.191846591,8,0.026880000,-8,0.339000,-3,-0.044485443,2077,0.000000000,0,12.500,38,8934,0,1,
112314543589714,112314540006387,112314541512864,112314543589714,3776,37.760000000,sine_f3,state,0,-0.044911203,2077,-0.052155347,2082,-0.263789063,11,0.043680000,-13,0.226000,-2,-0.044485443,2077,0.000000000,0,12.500,38,8944,1,1,
112314553602652,112314550009677,112314551511765,112314553602652,3777,37.770000000,sine_f3,state,0,-0.045000000,2077,-0.052155347,2082,-0.287769887,12,0.040320000,-12,3.051000,-27,-0.044485443,2077,0.000000000,0,12.500,38,8954,1,1,
112314563589778,112314560006781,112314561516054,112314563589778,3778,37.780000000,sine_f3,state,0,-0.044911203,2077,-0.050621366,2081,-0.287769887,12,0.036960000,-11,3.390000,-30,-0.044485443,2077,0.000000000,0,12.500,38,8964,1,1,
112314573591480,112314570006583,112314571506708,112314573591480,3779,37.790000000,sine_f3,state,0,-0.044645162,2077,-0.050621366,2081,-0.263789063,11,0.036960000,-11,2.938000,-26,-0.044485443,2077,0.000000000,0,12.500,38,8974,1,1,
112314583594817,112314580006583,112314581512497,112314583594817,3780,37.800000000,sine_f3,state,0,-0.044202926,2077,-0.049087385,2080,-0.191846591,8,0.036960000,-11,3.051000,-27,-0.044485443,2077,0.000000000,0,12.500,38,8984,0,1,
112314593592151,112314590007102,112314591500619,112314593592151,3781,37.810000000,sine_f3,state,0,-0.043586242,2076,-0.047553404,2079,-0.119904120,5,0.026880000,-8,3.277000,-29,-0.042951462,2076,0.000000000,0,12.500,38,8994,0,1,
112314603590160,112314600007479,112314601506216,112314603590160,3782,37.820000000,sine_f3,state,0,-0.042797543,2076,-0.046019424,2078,-0.047961648,2,0.026880000,-8,3.051000,-27,-0.042951462,2076,0.000000000,0,12.500,38,9004,0,1,
112314613539008,112314610009244,112314611504289,112314613539008,3783,37.830000000,sine_f3,state,0,-0.041839942,2075,-0.046019424,2078,0.000000000,0,0.020160000,-6,3.164000,-28,-0.041417481,2075,0.000000000,0,12.500,38,9014,0,1,
112314623607307,112314620006010,112314621505897,112314623607307,3784,37.840000000,sine_f3,state,0,-0.040717217,2075,-0.044485443,2077,0.047961648,-2,0.020160000,-6,3.051000,-27,-0.041417481,2075,0.000000000,0,12.500,38,9024,0,1,
112314633603560,112314630006945,112314631507536,112314633603560,3785,37.850000000,sine_f3,state,0,-0.039433801,2074,-0.042951462,2076,0.047961648,-2,0.020160000,-6,3.051000,-27,-0.039883500,2074,0.000000000,0,12.500,38,9034,0,1,
112314643590475,112314640006320,112314641505481,112314643590475,3786,37.860000000,sine_f3,state,0,-0.037994757,2073,-0.042951462,2076,0.071942472,-3,0.020160000,-6,2.938000,-26,-0.038349520,2073,0.000000000,0,12.500,38,9044,0,1,
112314653590663,112314650006397,112314651512590,112314653590663,3787,37.870000000,sine_f3,state,0,-0.036405765,2072,-0.041417481,2075,0.071942472,-3,0.026880000,-8,3.051000,-27,-0.036815539,2072,0.000000000,0,12.500,38,9054,0,1,
112314663598054,112314660006594,112314661504999,112314663598054,3788,37.880000000,sine_f3,state,0,-0.034673096,2071,-0.041417481,2075,0.071942472,-3,0.030240000,-9,2.938000,-26,-0.035281558,2071,0.000000000,0,12.500,38,9064,0,1,
112314673567715,112314670007059,112314671486867,112314673567715,3789,37.890000000,sine_f3,state,0,-0.032803588,2069,-0.039883500,2074,0.071942472,-3,0.030240000,-9,2.938000,-26,-0.035281558,2071,0.000000000,0,12.500,38,9074,0,1,
112314683594784,112314680006947,112314681503918,112314683594784,3790,37.900000000,sine_f3,state,0,-0.030804620,2068,-0.039883500,2074,0.071942472,-3,0.047040000,-14,3.051000,-27,-0.030679616,2068,0.000000000,0,12.500,38,9084,0,1,
112314693595343,112314690007393,112314691483208,112314693595343,3791,37.910000000,sine_f3,state,0,-0.028684080,2067,-0.038349520,2073,0.071942472,-3,0.040320000,-12,3.164000,-28,-0.030679616,2068,0.000000000,0,12.500,38,9094,0,1,
112314703584590,112314700009361,112314701485845,112314703584590,3792,37.920000000,sine_f3,state,0,-0.026450336,2065,-0.036815539,2072,0.071942472,-3,0.043680000,-13,3.051000,-27,-0.026077673,2065,0.000000000,0,12.500,38,9104,0,1,
112314713568909,112314710009046,112314711488579,112314713568909,3793,37.930000000,sine_f3,state,0,-0.024112206,2064,-0.035281558,2071,0.095923296,-4,0.057120000,-17,5.876000,-52,-0.026077673,2065,0.000000000,0,12.500,38,9114,0,1,
112314723572433,112314720006221,112314721487804,112314723572433,3794,37.940000000,sine_f3,state,0,-0.021678915,2062,-0.033747577,2070,0.095923296,-4,0.050400000,-15,4.633000,-41,-0.021475731,2062,0.000000000,0,12.500,38,9124,0,1,
112314733588579,112314730006562,112314731503374,112314733588579,3795,37.950000000,sine_f3,state,0,-0.019160068,2060,-0.030679616,2068,0.119904120,-5,0.060480000,-18,4.520000,-40,-0.018407769,2060,0.000000000,0,12.500,38,9134,0,1,
112314743564479,112314740006585,112314741502622,112314743564479,3796,37.960000000,sine_f3,state,0,-0.016565605,2059,-0.029145635,2067,0.119904120,-5,0.067200000,-20,4.746000,-42,-0.018407769,2060,0.000000000,0,12.500,38,9144,0,1,
112314753571191,112314750006689,112314751494395,112314753571191,3797,37.970000000,sine_f3,state,0,-0.013905765,2057,-0.026077673,2065,0.143884944,-6,0.063840000,-19,4.407000,-39,-0.016873789,2059,0.000000000,0,12.500,38,9154,0,1,
112314763577957,112314760009543,112314761483688,112314763577957,3798,37.980000000,sine_f3,state,0,-0.011191045,2055,-0.024543693,2064,0.167865767,-7,0.070560000,-21,4.859000,-43,-0.013805827,2057,0.000000000,0,12.400,38,9164,0,1,
112314773506129,112314770006606,112314771486860,112314773506129,3799,37.990000000,sine_f3,hardware_error,0,-0.008432159,2053,,,,,,,,,,,,,,,,,,0
112314783567694,112314780006844,112314781484603,112314783567694,3800,38.000000000,sine_f3,state,0,-0.005639996,2052,-0.019941750,2061,0.191846591,-8,0.073920000,-22,4.633000,-41,-0.007669904,2053,0.000000000,0,12.400,38,9184,0,1,
112314793578605,112314790006574,112314791487275,112314793578605,3801,38.010000000,sine_f3,state,0,-0.002825573,2050,-0.018407769,2060,0.191846591,-8,0.073920000,-22,4.859000,-43,-0.006135923,2052,0.000000000,0,12.500,38,9194,0,1,
112314803574811,112314800006426,112314801478761,112314803574811,3802,38.020000000,sine_f3,state,0,-0.000000000,2048,-0.016873789,2059,0.191846591,-8,0.080640000,-24,4.972000,-44,-0.003067962,2050,0.000000000,0,12.500,38,9204,0,1,
112314813562605,112314810007218,112314811489543,112314813562605,3803,38.030000000,center_after_f3,state,0,0.000000000,2048,-0.013805827,2057,0.191846591,-8,0.070560000,-21,5.085000,-45,0.000000000,2048,0.000000000,0,12.500,38,9214,0,1,
112314823569056,112314820008865,112314821481124,112314823569056,3804,38.040000000,center_after_f3,state,0,0.000000000,2048,-0.010737866,2055,0.191846591,-8,0.073920000,-22,4.746000,-42,0.000000000,2048,0.000000000,0,12.500,38,9224,0,1,
112314833570030,112314830006463,112314831485696,112314833570030,3805,38.050000000,center_after_f3,state,0,0.000000000,2048,-0.009203885,2054,0.191846591,-8,0.057120000,-17,4.859000,-43,0.000000000,2048,0.000000000,0,12.500,38,9234,0,1,
112314843566176,112314840006339,112314841492628,112314843566176,3806,38.060000000,center_after_f3,state,0,0.000000000,2048,-0.007669904,2053,0.191846591,-8,0.043680000,-13,4.520000,-40,0.000000000,2048,0.000000000,0,12.500,39,9244,0,1,
112314853569615,112314850006372,112314851487991,112314853569615,3807,38.070000000,center_after_f3,state,0,0.000000000,2048,-0.004601942,2051,0.191846591,-8,0.026880000,-8,4.407000,-39,0.000000000,2048,0.000000000,0,12.500,39,9254,0,1,
112314863567646,112314860006548,112314861480335,112314863567646,3808,38.080000000,center_after_f3,state,0,0.000000000,2048,-0.003067962,2050,0.191846591,-8,0.020160000,-6,4.633000,-41,0.000000000,2048,0.000000000,0,12.500,39,9264,0,1,
112314873578118,112314870007146,112314871480836,112314873578118,3809,38.090000000,center_after_f3,state,0,0.000000000,2048,-0.001533981,2049,0.191846591,-8,0.006720000,-2,4.181000,-37,0.000000000,2048,0.000000000,0,12.500,39,9274,0,1,
112314883574822,112314880008959,112314881489098,112314883574822,3810,38.100000000,center_after_f3,state,0,0.000000000,2048,0.000000000,2048,0.191846591,-8,0.010080000,-3,0.565000,-5,0.000000000,2048,0.000000000,0,12.500,39,9284,0,1,
112314893569485,112314890007205,112314891482146,112314893569485,3811,38.110000000,center_after_f3,state,0,0.000000000,2048,0.001533981,2047,0.191846591,-8,0.000000000,0,-0.113000,1,0.000000000,2048,0.000000000,0,12.500,39,9294,0,1,
112314903580641,112314900006912,112314901486365,112314903580641,3812,38.120000000,center_after_f3,state,0,0.000000000,2048,0.001533981,2047,0.167865767,-7,-0.003360000,1,-0.339000,3,0.000000000,2048,0.000000000,0,12.500,39,9304,0,1,
112314913570269,112314910006704,112314911478352,112314913570269,3813,38.130000000,center_after_f3,state,0,0.000000000,2048,0.001533981,2047,0.143884944,-6,-0.006720000,2,-0.678000,6,0.000000000,2048,0.000000000,0,12.500,39,9314,0,1,
112314923586056,112314920008123,112314921480155,112314923586056,3814,38.140000000,center_after_f3,state,0,0.000000000,2048,0.001533981,2047,0.119904120,-5,-0.003360000,1,-0.791000,7,0.000000000,2048,0.000000000,0,12.500,39,9324,0,1,
112314933571655,112314930005915,112314931482672,112314933571655,3815,38.150000000,center_after_f3,state,0,0.000000000,2048,0.001533981,2047,0.095923296,-4,-0.006720000,2,-0.678000,6,0.000000000,2048,0.000000000,0,12.500,39,9334,0,1,
112314943560558,112314940006313,112314941483036,112314943560558,3816,38.160000000,center_after_f3,state,0,0.000000000,2048,0.001533981,2047,0.071942472,-3,-0.006720000,2,-0.791000,7,0.000000000,2048,0.000000000,0,12.500,39,9344,0,1,
112314953562283,112314950008061,112314951475219,112314953562283,3817,38.170000000,center_after_f3,state,0,0.000000000,2048,0.001533981,2047,0.047961648,-2,-0.003360000,1,-0.791000,7,0.000000000,2048,0.000000000,0,12.500,39,9354,0,1,
112314963563461,112314960006482,112314961494508,112314963563461,3818,38.180000000,center_after_f3,state,0,0.000000000,2048,0.001533981,2047,0.023980824,-1,-0.003360000,1,-0.791000,7,0.000000000,2048,0.000000000,0,12.500,39,9364,0,1,
112314973575636,112314970006716,112314971481410,112314973575636,3819,38.190000000,center_after_f3,state,0,0.000000000,2048,0.001533981,2047,0.000000000,0,-0.006720000,2,-0.678000,6,0.000000000,2048,0.000000000,0,12.500,39,9374,0,1,
112314983576352,112314980006928,112314981457750,112314983576352,3820,38.200000000,center_after_f3,state,0,0.000000000,2048,0.001533981,2047,0.000000000,0,-0.003360000,1,-0.791000,7,0.000000000,2048,0.000000000,0,12.500,39,9384,0,1,
112314993571443,112314990006895,112314991478399,112314993571443,3821,38.210000000,center_after_f3,state,0,0.000000000,2048,0.001533981,2047,0.000000000,0,-0.006720000,2,-0.904000,8,0.000000000,2048,0.000000000,0,12.500,39,9394,0,1,
112315003563355,112315000006618,112315001485696,112315003563355,3822,38.220000000,center_after_f3,state,0,0.000000000,2048,0.001533981,2047,0.000000000,0,-0.003360000,1,-0.791000,7,0.000000000,2048,0.000000000,0,12.500,39,9404,0,1,
112315013514458,112315010006693,112315011442410,112315013514458,3823,38.230000000,center_after_f3,state,0,0.000000000,2048,0.001533981,2047,0.000000000,0,-0.003360000,1,-0.904000,8,0.000000000,2048,0.000000000,0,12.500,39,9414,0,1,
112315023513386,112315020007128,112315021428620,112315023513386,3824,38.240000000,center_after_f3,state,0,0.000000000,2048,0.001533981,2047,0.000000000,0,-0.003360000,1,-0.791000,7,0.000000000,2048,0.000000000,0,12.500,38,9424,0,1,
112315033512401,112315030012745,112315031428977,112315033512401,3825,38.250000000,center_after_f3,state,0,0.000000000,2048,0.001533981,2047,0.000000000,0,-0.003360000,1,-0.791000,7,0.000000000,2048,0.000000000,0,12.500,38,9434,0,1,
112315043515271,112315040009672,112315041426693,112315043515271,3826,38.260000000,center_after_f3,state,0,0.000000000,2048,0.001533981,2047,0.000000000,0,-0.006720000,2,-0.678000,6,0.000000000,2048,0.000000000,0,12.500,38,9444,0,1,
112315053504813,112315050006818,112315051430167,112315053504813,3827,38.270000000,center_after_f3,state,0,0.000000000,2048,0.001533981,2047,0.000000000,0,-0.006720000,2,-0.678000,6,0.000000000,2048,0.000000000,0,12.500,38,9454,0,1,
112315063512956,112315060006555,112315061430386,112315063512956,3828,38.280000000,center_after_f3,state,0,0.000000000,2048,0.001533981,2047,0.000000000,0,-0.003360000,1,-0.791000,7,0.000000000,2048,0.000000000,0,12.500,38,9464,0,1,
112315073510557,112315070009120,112315071425003,112315073510557,3829,38.290000000,center_after_f3,state,0,0.000000000,2048,0.001533981,2047,0.000000000,0,-0.003360000,1,-0.791000,7,0.000000000,2048,0.000000000,0,12.500,38,9474,0,1,
112315083500365,112315080007198,112315081423732,112315083500365,3830,38.300000000,center_after_f3,state,0,0.000000000,2048,0.001533981,2047,0.000000000,0,-0.006720000,2,-0.791000,7,0.000000000,2048,0.000000000,0,12.500,38,9484,0,1,
112315093511325,112315090006615,112315091421446,112315093511325,3831,38.310000000,center_after_f3,state,0,0.000000000,2048,0.001533981,2047,0.000000000,0,-0.003360000,1,-0.791000,7,0.000000000,2048,0.000000000,0,12.500,38,9494,0,1,
112315103508495,112315100006706,112315101421403,112315103508495,3832,38.320000000,center_after_f3,state,0,0.000000000,2048,0.001533981,2047,0.000000000,0,-0.003360000,1,-0.904000,8,0.000000000,2048,0.000000000,0,12.500,38,9504,0,1,
112315113485922,112315110007648,112315111424748,112315113485922,3833,38.330000000,center_after_f3,state,0,0.000000000,2048,0.001533981,2047,0.000000000,0,-0.006720000,2,-0.452000,4,0.000000000,2048,0.000000000,0,12.500,38,9514,0,1,
112315123507692,112315120006698,112315121430200,112315123507692,3834,38.340000000,center_after_f3,state,0,0.000000000,2048,0.001533981,2047,0.000000000,0,-0.006720000,2,-0.791000,7,0.000000000,2048,0.000000000,0,12.500,38,9524,0,1,
112315133492842,112315130007279,112315131425702,112315133492842,3835,38.350000000,center_after_f3,state,0,0.000000000,2048,0.001533981,2047,0.000000000,0,-0.003360000,1,-0.791000,7,0.000000000,2048,0.000000000,0,12.500,38,9534,0,1,
112315143493937,112315140008846,112315141424190,112315143493937,3836,38.360000000,center_after_f3,state,0,0.000000000,2048,0.001533981,2047,0.000000000,0,-0.003360000,1,-0.791000,7,0.000000000,2048,0.000000000,0,12.500,38,9544,0,1,
112315153482197,112315150006820,112315151410786,112315153482197,3837,38.370000000,center_after_f3,state,0,0.000000000,2048,0.001533981,2047,0.000000000,0,-0.003360000,1,-0.791000,7,0.000000000,2048,0.000000000,0,12.500,38,9554,0,1,
112315163508167,112315160006538,112315161405386,112315163508167,3838,38.380000000,center_after_f3,state,0,0.000000000,2048,0.001533981,2047,0.000000000,0,-0.003360000,1,-0.791000,7,0.000000000,2048,0.000000000,0,12.500,38,9564,0,1,
112315173495999,112315170011971,112315171415412,112315173495999,3839,38.390000000,center_after_f3,state,0,0.000000000,2048,0.001533981,2047,0.000000000,0,-0.003360000,1,-0.791000,7,0.000000000,2048,0.000000000,0,12.500,38,9574,0,1,
112315183491958,112315180007096,112315181410164,112315183491958,3840,38.400000000,center_after_f3,state,0,0.000000000,2048,0.001533981,2047,0.000000000,0,-0.003360000,1,-0.565000,5,0.000000000,2048,0.000000000,0,12.500,38,9584,0,1,
112315193487463,112315190006544,112315191400288,112315193487463,3841,38.410000000,center_after_f3,state,0,0.000000000,2048,0.001533981,2047,0.000000000,0,-0.003360000,1,-0.791000,7,0.000000000,2048,0.000000000,0,12.500,38,9594,0,1,
112315203490596,112315200011942,112315201406774,112315203490596,3842,38.420000000,center_after_f3,state,0,0.000000000,2048,0.001533981,2047,0.000000000,0,-0.003360000,1,-0.791000,7,0.000000000,2048,0.000000000,0,12.500,38,9604,0,1,
112315213491112,112315210006663,112315211408354,112315213491112,3843,38.430000000,center_after_f3,state,0,0.000000000,2048,0.001533981,2047,0.000000000,0,-0.003360000,1,-0.904000,8,0.000000000,2048,0.000000000,0,12.500,38,9614,0,1,
112315223488742,112315220006702,112315221408525,112315223488742,3844,38.440000000,center_after_f3,state,0,0.000000000,2048,0.001533981,2047,0.000000000,0,-0.006720000,2,-0.791000,7,0.000000000,2048,0.000000000,0,12.500,38,9624,0,1,
112315233506505,112315230007127,112315231404653,112315233506505,3845,38.450000000,center_after_f3,state,0,0.000000000,2048,0.001533981,2047,0.000000000,0,-0.003360000,1,-0.791000,7,0.000000000,2048,0.000000000,0,12.500,38,9634,0,1,
112315243512919,112315240009196,112315241406473,112315243512919,3846,38.460000000,center_after_f3,state,0,0.000000000,2048,0.001533981,2047,0.000000000,0,-0.003360000,1,-0.791000,7,0.000000000,2048,0.000000000,0,12.500,38,9644,0,1,
112315253490278,112315250006806,112315251408671,112315253490278,3847,38.470000000,center_after_f3,state,0,0.000000000,2048,0.001533981,2047,0.000000000,0,-0.003360000,1,-0.791000,7,0.000000000,2048,0.000000000,0,12.500,38,9654,0,1,
112315263489773,112315260006572,112315261408109,112315263489773,3848,38.480000000,center_after_f3,state,0,0.000000000,2048,0.001533981,2047,0.000000000,0,-0.006720000,2,-0.791000,7,0.000000000,2048,0.000000000,0,12.500,38,9664,0,1,
112315273494765,112315270006606,112315271410760,112315273494765,3849,38.490000000,center_after_f3,state,0,0.000000000,2048,0.001533981,2047,0.000000000,0,-0.006720000,2,-0.791000,7,0.000000000,2048,0.000000000,0,12.500,38,9674,0,1,
112315283486497,112315280006220,112315281429244,112315283486497,3850,38.500000000,center_after_f3,state,0,0.000000000,2048,0.001533981,2047,0.000000000,0,-0.006720000,2,-0.791000,7,0.000000000,2048,0.000000000,0,12.500,38,9684,0,1,
112315293508942,112315290006691,112315291408601,112315293508942,3851,38.510000000,center_after_f3,state,0,0.000000000,2048,0.001533981,2047,0.000000000,0,0.000000000,0,-0.791000,7,0.000000000,2048,0.000000000,0,12.500,38,9694,0,1,
112315303481963,112315300006793,112315301405540,112315303481963,3852,38.520000000,center_after_f3,state,0,0.000000000,2048,0.001533981,2047,0.000000000,0,-0.003360000,1,-0.791000,7,0.000000000,2048,0.000000000,0,12.500,38,9704,0,1,
112315313487585,112315310006770,112315311407236,112315313487585,3853,38.530000000,center_after_f3,state,0,0.000000000,2048,0.001533981,2047,0.000000000,0,-0.003360000,1,-0.791000,7,0.000000000,2048,0.000000000,0,12.500,38,9714,0,1,
112315323490128,112315320006952,112315321407660,112315323490128,3854,38.540000000,center_after_f3,state,0,0.000000000,2048,0.001533981,2047,0.000000000,0,-0.010080000,3,-0.678000,6,0.000000000,2048,0.000000000,0,12.500,38,9724,0,1,
112315333485291,112315330006944,112315331409879,112315333485291,3855,38.550000000,center_after_f3,state,0,0.000000000,2048,0.001533981,2047,0.000000000,0,-0.003360000,1,-0.791000,7,0.000000000,2048,0.000000000,0,12.500,38,9734,0,1,
112315343486767,112315340007226,112315341409350,112315343486767,3856,38.560000000,center_after_f3,state,0,0.000000000,2048,0.001533981,2047,0.000000000,0,-0.006720000,2,-0.791000,7,0.000000000,2048,0.000000000,0,12.500,38,9744,0,1,
112315353490489,112315350009192,112315351408570,112315353490489,3857,38.570000000,center_after_f3,state,0,0.000000000,2048,0.001533981,2047,0.000000000,0,-0.003360000,1,-0.791000,7,0.000000000,2048,0.000000000,0,12.500,38,9754,0,1,
112315363498167,112315360006194,112315361411023,112315363498167,3858,38.580000000,center_after_f3,state,0,0.000000000,2048,0.001533981,2047,0.000000000,0,-0.003360000,1,-0.791000,7,0.000000000,2048,0.000000000,0,12.500,38,9764,0,1,
112315373492909,112315370006389,112315371407867,112315373492909,3859,38.590000000,center_after_f3,state,0,0.000000000,2048,0.001533981,2047,0.000000000,0,-0.006720000,2,-0.678000,6,0.000000000,2048,0.000000000,0,12.500,38,9774,0,1,
112315383489491,112315380006340,112315381405587,112315383489491,3860,38.600000000,center_after_f3,state,0,0.000000000,2048,0.001533981,2047,0.000000000,0,-0.003360000,1,-0.791000,7,0.000000000,2048,0.000000000,0,12.500,38,9784,0,1,
112315393492134,112315390006247,112315391409325,112315393492134,3861,38.610000000,center_after_f3,state,0,0.000000000,2048,0.001533981,2047,0.000000000,0,-0.006720000,2,-0.791000,7,0.000000000,2048,0.000000000,0,12.500,38,9794,0,1,
112315403488350,112315400006163,112315401405225,112315403488350,3862,38.620000000,center_after_f3,state,0,0.000000000,2048,0.001533981,2047,0.000000000,0,-0.006720000,2,-0.678000,6,0.000000000,2048,0.000000000,0,12.500,38,9804,0,1,
112315413510295,112315410006519,112315411409052,112315413510295,3863,38.630000000,center_after_f3,state,0,0.000000000,2048,0.001533981,2047,0.000000000,0,-0.003360000,1,-0.791000,7,0.000000000,2048,0.000000000,0,12.500,38,9814,0,1,
112315423484989,112315420006197,112315421407139,112315423484989,3864,38.640000000,center_after_f3,state,0,0.000000000,2048,0.001533981,2047,0.000000000,0,-0.006720000,2,-0.904000,8,0.000000000,2048,0.000000000,0,12.500,38,9824,0,1,
112315433496636,112315430006610,112315431406597,112315433496636,3865,38.650000000,center_after_f3,state,0,0.000000000,2048,0.001533981,2047,0.000000000,0,-0.006720000,2,-0.904000,8,0.000000000,2048,0.000000000,0,12.500,38,9834,0,1,
112315443508837,112315440007196,112315441407720,112315443508837,3866,38.660000000,center_after_f3,state,0,0.000000000,2048,0.001533981,2047,0.000000000,0,-0.003360000,1,-0.791000,7,0.000000000,2048,0.000000000,0,12.500,38,9844,0,1,
112315453492795,112315450007121,112315451408186,112315453492795,3867,38.670000000,center_after_f3,state,0,0.000000000,2048,0.001533981,2047,0.000000000,0,-0.006720000,2,-0.791000,7,0.000000000,2048,0.000000000,0,12.500,38,9854,0,1,
112315463702234,112315460010168,112315461408681,112315463702234,3868,38.680000000,center_after_f3,state,0,0.000000000,2048,0.001533981,2047,0.000000000,0,-0.006720000,2,-0.791000,7,0.000000000,2048,0.000000000,0,12.500,38,9864,0,1,
112315474517767,112315470086762,112315472408194,112315474517767,3869,38.690000000,center_after_f3,state,0,0.000000000,2048,0.001533981,2047,0.000000000,0,-0.006720000,2,-0.791000,7,0.000000000,2048,0.000000000,0,12.500,38,9875,0,1,
112315484517676,112315480086571,112315482438701,112315484517676,3870,38.700000000,center_after_f3,state,0,0.000000000,2048,0.001533981,2047,0.000000000,0,-0.003360000,1,-0.791000,7,0.000000000,2048,0.000000000,0,12.500,38,9885,0,1,
112315494515790,112315490087330,112315492410321,112315494515790,3871,38.710000000,center_after_f3,state,0,0.000000000,2048,0.001533981,2047,0.000000000,0,-0.006720000,2,-0.678000,6,0.000000000,2048,0.000000000,0,12.500,38,9895,0,1,
112315504516402,112315500088244,112315502417590,112315504516402,3872,38.720000000,center_after_f3,state,0,0.000000000,2048,0.001533981,2047,0.000000000,0,-0.003360000,1,-0.904000,8,0.000000000,2048,0.000000000,0,12.500,38,9905,0,1,
112315513498543,112315510033290,112315511425998,112315513498543,3873,38.730000000,center_after_f3,state,0,0.000000000,2048,0.001533981,2047,0.000000000,0,-0.003360000,1,-0.791000,7,0.000000000,2048,0.000000000,0,12.500,38,9914,0,1,
112315524576504,112315520087090,112315522389704,112315524576504,3874,38.740000000,center_after_f3,state,0,0.000000000,2048,0.001533981,2047,0.000000000,0,-0.003360000,1,-0.791000,7,0.000000000,2048,0.000000000,0,12.500,38,9925,0,1,
112315533497733,112315530025363,112315531411122,112315533497733,3875,38.750000000,center_after_f3,state,0,0.000000000,2048,0.001533981,2047,0.000000000,0,-0.006720000,2,-0.678000,6,0.000000000,2048,0.000000000,0,12.500,38,9934,0,1,
112315543493142,112315540012095,112315541384220,112315543493142,3876,38.760000000,center_after_f3,state,0,0.000000000,2048,0.001533981,2047,0.000000000,0,-0.003360000,1,-0.791000,7,0.000000000,2048,0.000000000,0,12.500,38,9944,0,1,
112315553458159,112315550007549,112315551383586,112315553458159,3877,38.770000000,center_after_f3,state,0,0.000000000,2048,0.001533981,2047,0.000000000,0,-0.003360000,1,-0.791000,7,0.000000000,2048,0.000000000,0,12.500,38,9954,0,1,
112315563465021,112315560011405,112315561384540,112315563465021,3878,38.780000000,center_after_f3,state,0,0.000000000,2048,0.001533981,2047,0.000000000,0,-0.006720000,2,-0.904000,8,0.000000000,2048,0.000000000,0,12.500,38,9964,0,1,
112315573465055,112315570007671,112315571393830,112315573465055,3879,38.790000000,center_after_f3,state,0,0.000000000,2048,0.001533981,2047,0.000000000,0,-0.006720000,2,-0.678000,6,0.000000000,2048,0.000000000,0,12.500,38,9974,0,1,
112315583465267,112315580007142,112315581382412,112315583465267,3880,38.800000000,center_after_f3,state,0,0.000000000,2048,0.001533981,2047,0.000000000,0,-0.006720000,2,-0.791000,7,0.000000000,2048,0.000000000,0,12.500,38,9984,0,1,
112315594487274,112315590083472,112315592388915,112315594487274,3881,38.810000000,center_after_f3,state,0,0.000000000,2048,0.001533981,2047,0.000000000,0,-0.003360000,1,-0.791000,7,0.000000000,2048,0.000000000,0,12.500,38,9995,0,1,
112315604486165,112315600085902,112315602387628,112315604486165,3882,38.820000000,center_after_f3,state,0,0.000000000,2048,0.001533981,2047,0.000000000,0,-0.006720000,2,-0.791000,7,0.000000000,2048,0.000000000,0,12.500,38,10005,0,1,
112315613489442,112315610039313,112315611395399,112315613489442,3883,38.830000000,center_after_f3,state,0,0.000000000,2048,0.001533981,2047,0.000000000,0,-0.003360000,1,-0.791000,7,0.000000000,2048,0.000000000,0,12.500,38,10014,0,1,
112315624487246,112315620091242,112315622395989,112315624487246,3884,38.840000000,center_after_f3,state,0,0.000000000,2048,0.001533981,2047,0.000000000,0,-0.003360000,1,-0.904000,8,0.000000000,2048,0.000000000,0,12.500,38,10025,0,1,
112315634507047,112315630085527,112315632391994,112315634507047,3885,38.850000000,center_after_f3,state,0,0.000000000,2048,0.001533981,2047,0.000000000,0,-0.006720000,2,-0.678000,6,0.000000000,2048,0.000000000,0,12.500,38,10035,0,1,
112315643484025,112315640035011,112315641393927,112315643484025,3886,38.860000000,center_after_f3,state,0,0.000000000,2048,0.001533981,2047,0.000000000,0,-0.003360000,1,-0.791000,7,0.000000000,2048,0.000000000,0,12.500,38,10044,0,1,
112315654496037,112315650090486,112315652397319,112315654496037,3887,38.870000000,center_after_f3,state,0,0.000000000,2048,0.001533981,2047,0.000000000,0,-0.006720000,2,-0.904000,8,0.000000000,2048,0.000000000,0,12.500,38,10055,0,1,
112315664487177,112315660086302,112315662409767,112315664487177,3888,38.880000000,center_after_f3,state,0,0.000000000,2048,0.001533981,2047,0.000000000,0,-0.003360000,1,-0.791000,7,0.000000000,2048,0.000000000,0,12.500,38,10065,0,1,
112315674490680,112315670084630,112315672399350,112315674490680,3889,38.890000000,center_after_f3,state,0,0.000000000,2048,0.001533981,2047,0.000000000,0,-0.003360000,1,-0.791000,7,0.000000000,2048,0.000000000,0,12.500,38,10075,0,1,
112315684468353,112315680087723,112315682396001,112315684468353,3890,38.900000000,center_after_f3,state,0,0.000000000,2048,0.000000000,2048,0.000000000,0,-0.006720000,2,-0.565000,5,0.000000000,2048,0.000000000,0,12.500,38,10085,0,1,
112315694490503,112315690084085,112315692414094,112315694490503,3891,38.910000000,center_after_f3,state,0,0.000000000,2048,0.001533981,2047,0.000000000,0,-0.006720000,2,-0.678000,6,0.000000000,2048,0.000000000,0,12.500,38,10095,0,1,
112315704484673,112315700086850,112315702397329,112315704484673,3892,38.920000000,center_after_f3,state,0,0.000000000,2048,0.001533981,2047,0.000000000,0,-0.006720000,2,-0.791000,7,0.000000000,2048,0.000000000,0,12.500,38,10105,0,1,
112315714483797,112315710084890,112315712397519,112315714483797,3893,38.930000000,center_after_f3,state,0,0.000000000,2048,0.001533981,2047,0.000000000,0,-0.006720000,2,-0.678000,6,0.000000000,2048,0.000000000,0,12.500,38,10115,0,1,
112315724477794,112315720092120,112315722400102,112315724477794,3894,38.940000000,center_after_f3,state,0,0.000000000,2048,0.001533981,2047,0.000000000,0,-0.003360000,1,-0.791000,7,0.000000000,2048,0.000000000,0,12.500,38,10125,0,1,
112315734477586,112315730084152,112315732397278,112315734477586,3895,38.950000000,center_after_f3,state,0,0.000000000,2048,0.001533981,2047,0.000000000,0,-0.003360000,1,-0.791000,7,0.000000000,2048,0.000000000,0,12.500,38,10135,0,1,
112315743494160,112315740032068,112315741410086,112315743494160,3896,38.960000000,center_after_f3,state,0,0.000000000,2048,0.001533981,2047,0.000000000,0,-0.006720000,2,-0.791000,7,0.000000000,2048,0.000000000,0,12.500,38,10144,0,1,
112315754484438,112315750090458,112315752394773,112315754484438,3897,38.970000000,center_after_f3,state,0,0.000000000,2048,0.001533981,2047,0.000000000,0,-0.006720000,2,-0.791000,7,0.000000000,2048,0.000000000,0,12.500,38,10155,0,1,
112315764484141,112315760087039,112315762394530,112315764484141,3898,38.980000000,center_after_f3,state,0,0.000000000,2048,0.001533981,2047,0.000000000,0,-0.010080000,3,-0.791000,7,0.000000000,2048,0.000000000,0,12.500,38,10165,0,1,
112315774397859,112315770085633,112315772397615,112315774397859,3899,38.990000000,center_after_f3,hardware_error,0,0.000000000,2048,,,,,,,,,,,,,,,,,,0
112315784481488,112315780085514,112315782398800,112315784481488,3900,39.000000000,center_after_f3,state,0,0.000000000,2048,0.001533981,2047,0.000000000,0,-0.003360000,1,-0.678000,6,0.000000000,2048,0.000000000,0,12.500,38,10185,0,1,
112315794473168,112315790082257,112315792395419,112315794473168,3901,39.010000000,center_after_f3,state,0,0.000000000,2048,0.001533981,2047,0.000000000,0,-0.006720000,2,-0.904000,8,0.000000000,2048,0.000000000,0,12.500,38,10195,0,1,
112315804470924,112315800089368,112315802415089,112315804470924,3902,39.020000000,center_after_f3,state,0,0.000000000,2048,0.001533981,2047,0.000000000,0,-0.006720000,2,-0.678000,6,0.000000000,2048,0.000000000,0,12.500,38,10205,0,1,
112315814487794,112315810038005,112315812387025,112315814487794,3903,39.030000000,sine_f4,state,0,0.000000000,2048,0.001533981,2047,0.000000000,0,-0.003360000,1,-0.791000,7,0.000000000,2048,0.000000000,0,12.500,38,10215,0,1,
112315824480787,112315820092271,112315822394599,112315824480787,3904,39.040000000,sine_f4,state,0,0.003133331,2046,0.001533981,2047,0.000000000,0,-0.003360000,1,-0.339000,3,0.003067962,2046,0.000000000,0,12.500,38,10225,0,1,
112315834519118,112315830092273,112315832398289,112315834519118,3905,39.050000000,sine_f4,state,0,0.006217247,2044,0.001533981,2047,0.000000000,0,0.010080000,-3,2.712000,-24,0.006135923,2044,0.000000000,0,12.500,38,10235,0,1,
112315844470606,112315840021108,112315842401330,112315844470606,3906,39.060000000,sine_f4,state,0,0.009203114,2042,0.001533981,2047,0.000000000,0,0.036960000,-11,3.277000,-29,0.009203885,2042,0.000000000,0,12.500,38,10245,0,1,
112315853464812,112315850008795,112315851381374,112315853464812,3907,39.070000000,sine_f4,state,0,0.012043842,2040,0.003067962,2046,0.000000000,0,0.036960000,-11,3.390000,-30,0.012271846,2040,0.000000000,0,12.500,38,10254,0,1,
112315863460066,112315860009039,112315861384200,112315863460066,3908,39.080000000,sine_f4,state,0,0.014694631,2038,0.004601942,2045,0.000000000,0,0.050400000,-15,2.825000,-25,0.015339808,2038,0.000000000,0,12.500,38,10264,0,1,
112315873465956,112315870008772,112315871387351,112315873465956,3909,39.090000000,sine_f4,state,0,0.017113678,2037,0.004601942,2045,0.000000000,0,0.060480000,-18,3.390000,-30,0.016873789,2037,0.000000000,0,12.500,38,10274,0,1,
112315883469799,112315880012533,112315881379781,112315883469799,3910,39.100000000,sine_f4,state,0,0.019262831,2035,0.006135923,2044,0.023980824,-1,0.067200000,-20,3.390000,-30,0.019941750,2035,0.000000000,0,12.500,38,10284,0,1,
112315893467221,112315890007546,112315891383106,112315893467221,3911,39.110000000,sine_f4,state,0,0.021108198,2034,0.007669904,2043,0.047961648,-2,0.073920000,-22,8.588000,-76,0.021475731,2034,0.000000000,0,12.500,38,10294,0,1,
112315903465866,112315900006895,112315901382663,112315903465866,3912,39.120000000,sine_f4,state,0,0.022620676,2033,0.012271846,2040,0.071942472,-3,0.043680000,-13,13.899000,-123,0.023009712,2033,0.000000000,0,12.500,38,10304,0,1,
112315913461874,112315910007365,112315911377788,112315913461874,3913,39.130000000,sine_f4,state,0,0.023776413,2033,0.018407769,2036,0.119904120,-5,0.030240000,-9,19.210000,-170,0.023009712,2033,0.000000000,0,12.300,38,10314,0,1,
112315924498117,112315920092367,112315922397829,112315924498117,3914,39.140000000,sine_f4,state,0,0.024557181,2032,0.027611654,2030,0.191846591,-8,0.026880000,-8,12.882000,-114,0.024543693,2032,0.000000000,0,12.600,38,10325,0,1,
112315934495062,112315930087682,112315932398119,112315934495062,3915,39.150000000,sine_f4,state,0,0.024950668,2032,0.033747577,2026,0.287769887,-12,0.030240000,-9,0.339000,-3,0.024543693,2032,0.000000000,0,12.500,38,10335,1,1,
112315944495521,112315940090298,112315942374139,112315944495521,3916,39.160000000,sine_f4,state,0,0.024950668,2032,0.038349520,2023,0.383693183,-16,0.016800000,-5,0.565000,-5,0.024543693,2032,0.000000000,0,12.500,38,10345,1,1,
112315954488846,112315950091668,112315952375389,112315954488846,3917,39.170000000,sine_f4,state,0,0.024557181,2032,0.041417481,2021,0.431654831,-18,-0.107520000,32,-0.339000,3,0.024543693,2032,0.000000000,0,12.500,38,10355,1,1,
112315964481296,112315960086023,112315962374531,112315964481296,3918,39.180000000,sine_f4,state,0,0.023776413,2033,0.041417481,2021,0.479616478,-20,-0.084000000,25,-4.407000,39,0.023009712,2033,0.000000000,0,12.500,38,10365,1,0,
112315974470440,112315970085140,112315972378526,112315974470440,3919,39.190000000,sine_f4,state,0,0.022620676,2033,0.039883500,2022,0.455635655,-19,-0.090720000,27,-9.266000,82,0.023009712,2033,0.000000000,0,12.500,38,10375,1,1,
112315984461633,112315980091058,112315982375423,112315984461633,3920,39.200000000,sine_f4,state,0,0.021108198,2034,0.036815539,2024,0.383693183,-16,-0.080640000,24,-12.091000,107,0.021475731,2034,0.000000000,0,12.500,38,10385,1,1,
112315994453587,112315990089608,112315992375050,112315994453587,3921,39.210000000,sine_f4,state,0,0.019262831,2035,0.032213597,2027,0.263789063,-11,-0.067200000,20,-13.899000,123,0.019941750,2035,0.000000000,0,12.500,38,10395,1,1,
112316004495669,112316000087189,112316002380267,112316004495669,3922,39.220000000,sine_f4,state,0,0.017113678,2037,0.026077673,2031,0.095923296,-4,-0.047040000,14,-14.577000,129,0.016873789,2037,0.000000000,0,12.600,38,10405,0,1,
112316014447077,112316010036449,112316012363848,112316014447077,3923,39.230000000,sine_f4,state,0,0.014694631,2038,0.019941750,2035,-0.023980824,1,-0.023520000,7,-15.029000,133,0.015339808,2038,0.000000000,0,12.500,38,10415,0,1,
112316024440609,112316020089955,112316022376711,112316024440609,3924,39.240000000,sine_f4,state,0,0.012043842,2040,0.012271846,2040,-0.191846591,8,-0.020160000,6,-9.492000,84,0.012271846,2040,0.000000000,0,12.500,38,10425,0,1,
112316034447050,112316030089923,112316032392397,112316034447050,3925,39.250000000,sine_f4,state,0,0.009203114,2042,0.006135923,2044,-0.311750711,13,-0.026880000,8,-2.712000,24,0.009203885,2042,0.000000000,0,12.500,38,10435,1,1,
112316044447640,112316040033803,112316042388885,112316044447640,3926,39.260000000,sine_f4,state,0,0.006217247,2044,0.003067962,2046,-0.407674007,17,-0.033600000,10,-0.339000,3,0.006135923,2044,0.000000000,0,12.500,38,10445,1,1,
112316053454297,112316050032184,112316051377895,112316053454297,3927,39.270000000,sine_f4,state,0,0.003133331,2046,0.003067962,2046,-0.455635655,19,0.016800000,-5,0.226000,-2,0.006135923,2044,0.000000000,0,12.500,38,10454,1,1,
112316064467539,112316060084124,112316062374723,112316064467539,3928,39.280000000,sine_f4,state,0,0.000000000,2048,0.003067962,2046,-0.455635655,19,0.000000000,0,-0.226000,2,0.000000000,2048,0.000000000,0,12.500,38,10465,1,1,
112316074471090,112316070092414,112316072374954,112316074471090,3929,39.290000000,sine_f4,state,0,-0.003133331,2050,0.003067962,2046,-0.407674007,17,-0.020160000,6,-1.356000,12,-0.003067962,2050,0.000000000,0,12.500,38,10475,1,1,
112316084449427,112316080086824,112316082374349,112316084449427,3930,39.300000000,sine_f4,state,0,-0.006217247,2052,0.003067962,2046,-0.335731535,14,-0.033600000,10,-2.260000,20,-0.006135923,2052,0.000000000,0,12.500,38,10485,1,1,
112316094490826,112316090091315,112316092386286,112316094490826,3931,39.310000000,sine_f4,state,0,-0.009203114,2054,0.003067962,2046,-0.239808239,10,-0.050400000,15,-3.616000,32,-0.009203885,2054,0.000000000,0,12.500,38,10495,0,1,
112316103455125,112316100011684,112316101368668,112316103455125,3932,39.320000000,sine_f4,state,0,-0.012043842,2056,0.001533981,2047,-0.167865767,7,-0.050400000,15,-7.797000,69,-0.012271846,2056,0.000000000,0,12.500,38,10504,0,1,
112316113451868,112316110008320,112316111370319,112316113451868,3933,39.330000000,sine_f4,state,0,-0.014694631,2058,-0.001533981,2049,-0.119904120,5,-0.060480000,18,-11.413000,101,-0.015339808,2058,0.000000000,0,12.500,38,10514,0,1,
112316123449521,112316120006731,112316121368032,112316123449521,3934,39.340000000,sine_f4,state,0,-0.017113678,2059,-0.006135923,2052,-0.095923296,4,-0.057120000,17,-12.204000,108,-0.016873789,2059,0.000000000,0,12.600,38,10524,0,1,
112316133451046,112316130006637,112316131366725,112316133451046,3935,39.350000000,sine_f4,state,0,-0.019262831,2061,-0.012271846,2056,-0.119904120,5,-0.026880000,8,-13.786000,122,-0.019941750,2061,0.000000000,0,12.600,38,10534,0,1,
112316143447506,112316140007099,112316141363048,112316143447506,3936,39.360000000,sine_f4,state,0,-0.021108198,2062,-0.018407769,2060,-0.191846591,8,-0.006720000,2,-14.125000,125,-0.021475731,2062,0.000000000,0,12.600,38,10544,0,1,
112316153452692,112316150006533,112316151363491,112316153452692,3937,39.370000000,sine_f4,state,0,-0.022620676,2063,-0.026077673,2065,-0.287769887,12,0.221760000,-66,-3.390000,30,-0.023009712,2063,0.000000000,0,12.600,38,10554,1,1,
112316163446581,112316160006894,112316161370585,112316163446581,3938,39.380000000,sine_f4,state,0,-0.023776413,2063,-0.030679616,2068,-0.359712359,15,-0.020160000,6,-1.695000,15,-0.023009712,2063,0.000000000,0,12.500,38,10564,1,1,
112316173463789,112316170009449,112316171370222,112316173463789,3939,39.390000000,sine_f4,state,0,-0.024557181,2064,-0.032213597,2069,-0.431654831,18,0.060480000,-18,0.113000,-1,-0.024543693,2064,0.000000000,0,12.500,38,10574,1,1,
112316183449280,112316180006736,112316181367509,112316183449280,3940,39.400000000,sine_f4,state,0,-0.024950668,2064,-0.032213597,2069,-0.455635655,19,0.050400000,-15,3.277000,-29,-0.024543693,2064,0.000000000,0,12.500,38,10584,1,1,
112316193448230,112316190007682,112316191367761,112316193448230,3941,39.410000000,sine_f4,state,0,-0.024950668,2064,-0.032213597,2069,-0.431654831,18,0.047040000,-14,3.390000,-30,-0.024543693,2064,0.000000000,0,12.500,38,10594,1,1,
112316203444615,112316200006796,112316201367905,112316203444615,3942,39.420000000,sine_f4,state,0,-0.024557181,2064,-0.030679616,2068,-0.359712359,15,0.036960000,-11,3.390000,-30,-0.024543693,2064,0.000000000,0,12.500,38,10604,1,1,
112316213447296,112316210009527,112316211371041,112316213447296,3943,39.430000000,sine_f4,state,0,-0.023776413,2063,-0.030679616,2068,-0.263789063,11,0.030240000,-9,3.164000,-28,-0.023009712,2063,0.000000000,0,12.500,38,10614,1,1,
112316223456526,112316220006267,112316221363525,112316223456526,3944,39.440000000,sine_f4,state,0,-0.022620676,2063,-0.029145635,2067,-0.167865767,7,0.033600000,-10,3.277000,-29,-0.023009712,2063,0.000000000,0,12.500,38,10624,0,1,
112316233447314,112316230006863,112316231365530,112316233447314,3945,39.450000000,sine_f4,state,0,-0.021108198,2062,-0.029145635,2067,-0.071942472,3,0.033600000,-10,3.164000,-28,-0.021475731,2062,0.000000000,0,12.500,38,10634,0,1,
112316243450494,112316240006633,112316241368557,112316243450494,3946,39.460000000,sine_f4,state,0,-0.019262831,2061,-0.027611654,2066,0.000000000,0,0.036960000,-11,3.051000,-27,-0.019941750,2061,0.000000000,0,12.500,38,10644,0,1,
112316253449734,112316250006526,112316251366477,112316253449734,3947,39.470000000,sine_f4,state,0,-0.017113678,2059,-0.026077673,2065,0.000000000,0,0.047040000,-14,2.938000,-26,-0.016873789,2059,0.000000000,0,12.500,38,10654,0,1,
112316263451509,112316260006519,112316261365985,112316263451509,3948,39.480000000,sine_f4,state,0,-0.014694631,2058,-0.026077673,2065,0.047961648,-2,0.053760000,-16,3.277000,-29,-0.015339808,2058,0.000000000,0,12.500,38,10664,0,1,
112316273448376,112316270006542,112316271367245,112316273448376,3949,39.490000000,sine_f4,state,0,-0.012043842,2056,-0.024543693,2064,0.047961648,-2,0.060480000,-18,3.051000,-27,-0.012271846,2056,0.000000000,0,12.500,38,10674,0,1,
112316283455212,112316280006698,112316281361496,112316283455212,3950,39.500000000,sine_f4,state,0,-0.009203114,2054,-0.023009712,2063,0.071942472,-3,0.067200000,-20,6.554000,-58,-0.009203885,2054,0.000000000,0,12.500,38,10684,0,1,
112316293448603,112316290006846,112316291363697,112316293448603,3951,39.510000000,sine_f4,state,0,-0.006217247,2052,-0.019941750,2061,0.095923296,-4,0.067200000,-20,15.142000,-134,-0.006135923,2052,0.000000000,0,12.600,38,10694,0,1,
112316303451047,112316300006788,112316301363822,112316303451047,3952,39.520000000,sine_f4,state,0,-0.003133331,2050,-0.013805827,2057,0.119904120,-5,0.060480000,-18,17.063000,-151,-0.003067962,2050,0.000000000,0,12.600,38,10704,0,1,
112316313447118,112316310007118,112316311367857,112316313447118,3953,39.530000000,sine_f4,state,0,-0.000000000,2048,-0.007669904,2053,0.167865767,-7,0.023520000,-7,18.984000,-168,0.000000000,2048,0.000000000,0,12.600,38,10714,0,1,
112316323451247,112316320009471,112316321366407,112316323451247,3954,39.540000000,sine_f4,state,0,0.003133331,2046,0.003067962,2046,0.263789063,-11,0.003360000,-1,17.967000,-159,0.003067962,2046,0.000000000,0,12.400,38,10724,1,1,
112316333452378,112316330006268,112316331363693,112316333452378,3955,39.550000000,sine_f4,state,0,0.006217247,2044,0.012271846,2040,0.359712359,-15,0.057120000,-17,4.294000,-38,0.006135923,2044,0.000000000,0,12.500,38,10734,1,1,
112316343450396,112316340006263,112316341367196,112316343450396,3956,39.560000000,sine_f4,state,0,0.009203114,2042,0.016873789,2037,0.455635655,-19,-0.020160000,6,0.678000,-6,0.009203885,2042,0.000000000,0,12.600,38,10744,1,1,
112316353456784,112316350005985,112316351347930,112316353456784,3957,39.570000000,sine_f4,state,0,0.012043842,2040,0.019941750,2035,0.527578126,-22,-0.104160000,31,-0.678000,6,0.012271846,2040,0.000000000,0,12.600,38,10754,1,1,
112316363426810,112316360006241,112316361365200,112316363426810,3958,39.580000000,sine_f4,state,0,0.014694631,2038,0.019941750,2035,0.575539774,-24,-0.047040000,14,-0.226000,2,0.015339808,2038,0.000000000,0,12.600,38,10764,1,1,
112316373431008,112316370006457,112316371344307,112316373431008,3959,39.590000000,sine_f4,state,0,0.017113678,2037,0.021475731,2034,0.551558950,-23,-0.030240000,9,-1.582000,14,0.016873789,2037,0.000000000,0,12.500,38,10774,1,1,
112316383432031,112316380006634,112316381361472,112316383432031,3960,39.600000000,sine_f4,state,0,0.019262831,2035,0.021475731,2034,0.503597302,-21,-0.023520000,7,-1.582000,14,0.019941750,2035,0.000000000,0,12.500,38,10784,1,1,
112316393442539,112316390007461,112316391346177,112316393442539,3961,39.610000000,sine_f4,state,0,0.021108198,2034,0.021475731,2034,0.407674007,-17,-0.006720000,2,-0.339000,3,0.021475731,2034,0.000000000,0,12.500,38,10794,1,1,
112316403427653,112316400007284,112316401345637,112316403427653,3962,39.620000000,sine_f4,state,0,0.022620676,2033,0.021475731,2034,0.287769887,-12,0.000000000,0,1.243000,-11,0.023009712,2033,0.000000000,0,12.500,38,10804,1,1,
112316413422557,112316410006782,112316411348250,112316413422557,3963,39.630000000,sine_f4,state,0,0.023776413,2033,0.021475731,2034,0.191846591,-8,0.006720000,-2,2.825000,-25,0.023009712,2033,0.000000000,0,12.400,38,10814,0,1,
112316423430448,112316420007127,112316421345228,112316423430448,3964,39.640000000,sine_f4,state,0,0.024557181,2032,0.021475731,2034,0.095923296,-4,0.010080000,-3,3.051000,-27,0.024543693,2032,0.000000000,0,12.500,38,10824,0,1,
112316433424331,112316430009162,112316431347161,112316433424331,3965,39.650000000,sine_f4,state,0,0.024950668,2032,0.023009712,2033,0.047961648,-2,0.010080000,-3,3.051000,-27,0.024543693,2032,0.000000000,0,12.500,38,10834,0,1,
112316443431116,112316440006681,112316441341821,112316443431116,3966,39.660000000,sine_f4,state,0,0.024950668,2032,0.023009712,2033,0.023980824,-1,0.006720000,-2,3.051000,-27,0.024543693,2032,0.000000000,0,12.500,38,10844,0,1,
112316453429102,112316450006149,112316451347310,112316453429102,3967,39.670000000,sine_f4,state,0,0.024557181,2032,0.024543693,2032,0.023980824,-1,0.003360000,-1,1.017000,-9,0.024543693,2032,0.000000000,0,12.500,38,10854,0,1,
112316463433237,112316460008469,112316461347438,112316463433237,3968,39.680000000,sine_f4,state,0,0.023776413,2033,0.024543693,2032,0.023980824,-1,0.000000000,0,0.113000,-1,0.023009712,2033,0.000000000,0,12.500,38,10864,0,1,
112316473433826,112316470006660,112316471344771,112316473433826,3969,39.690000000,sine_f4,state,0,0.022620676,2033,0.024543693,2032,0.023980824,-1,-0.003360000,1,-0.904000,8,0.023009712,2033,0.000000000,0,12.500,38,10874,0,1,
112316483432349,112316480012833,112316481344595,112316483432349,3970,39.700000000,sine_f4,state,0,0.021108198,2034,0.024543693,2032,0.023980824,-1,-0.003360000,1,-0.791000,7,0.021475731,2034,0.000000000,0,12.500,38,10884,0,1,
112316493426347,112316490006964,112316491340760,112316493426347,3971,39.710000000,sine_f4,state,0,0.019262831,2035,0.024543693,2032,0.023980824,-1,-0.016800000,5,-0.904000,8,0.019941750,2035,0.000000000,0,12.500,38,10894,0,1,
112316503427825,112316500006792,112316501340202,112316503427825,3972,39.720000000,sine_f4,state,0,0.017113678,2037,0.024543693,2032,0.023980824,-1,-0.023520000,7,-1.243000,11,0.016873789,2037,0.000000000,0,12.500,38,10904,0,1,
112316513425468,112316510007218,112316511341609,112316513425468,3973,39.730000000,sine_f4,state,0,0.014694631,2038,0.024543693,2032,0.023980824,-1,-0.043680000,13,-1.695000,15,0.015339808,2038,0.000000000,0,12.500,38,10914,0,1,
112316523421691,112316520006919,112316521348494,112316523421691,3974,39.740000000,sine_f4,state,0,0.012043842,2040,0.024543693,2032,0.000000000,0,-0.043680000,13,-3.277000,29,0.012271846,2040,0.000000000,0,12.500,38,10924,0,1,
112316533427291,112316530006961,112316531346909,112316533427291,3975,39.750000000,sine_f4,state,0,0.009203114,2042,0.023009712,2033,0.000000000,0,-0.053760000,16,-8.701000,77,0.009203885,2042,0.000000000,0,12.500,38,10934,0,1,
112316543425223,112316540009487,112316541344944,112316543425223,3976,39.760000000,sine_f4,state,0,0.006217247,2044,0.021475731,2034,0.000000000,0,-0.067200000,20,-11.413000,101,0.006135923,2044,0.000000000,0,12.400,38,10944,0,1,
112316553427075,112316550007268,112316551348217,112316553427075,3977,39.770000000,sine_f4,state,0,0.003133331,2046,0.016873789,2037,-0.023980824,1,-0.063840000,19,-13.560000,120,0.003067962,2046,0.000000000,0,12.400,38,10954,0,1,
112316563433676,112316560006560,112316561345569,112316563433676,3978,39.780000000,sine_f4,state,0,0.000000000,2048,0.010737866,2041,-0.071942472,3,-0.057120000,17,-14.351000,127,0.000000000,2048,0.000000000,0,12.600,38,10964,0,1,
112316573429625,112316570006736,112316571339685,112316573429625,3979,39.790000000,sine_f4,state,0,-0.003133331,2050,0.004601942,2045,-0.143884944,6,-0.030240000,9,-14.577000,129,-0.003067962,2050,0.000000000,0,12.600,38,10974,0,1,
112316583430603,112316580006656,112316581339690,112316583430603,3980,39.800000000,sine_f4,state,0,-0.006217247,2052,-0.003067962,2050,-0.239808239,10,-0.010080000,3,-14.125000,125,-0.006135923,2052,0.000000000,0,12.500,38,10984,0,1,
112316593426664,112316590009687,112316591347192,112316593426664,3981,39.810000000,sine_f4,state,0,-0.009203114,2054,-0.010737866,2055,-0.335731535,14,-0.047040000,14,-4.520000,40,-0.009203885,2054,0.000000000,0,12.500,38,10994,1,1,
112316603423759,112316600006570,112316601344536,112316603423759,3982,39.820000000,sine_f4,state,0,-0.012043842,2056,-0.016873789,2059,-0.455635655,19,0.003360000,-1,-0.226000,2,-0.012271846,2056,0.000000000,0,12.500,38,11004,1,1,
112316613422538,112316610006534,112316611345206,112316613422538,3983,39.830000000,sine_f4,state,0,-0.014694631,2058,-0.018407769,2060,-0.503597302,21,0.063840000,-19,0.000000,0,-0.015339808,2058,0.000000000,0,12.500,38,11014,1,1,
112316623432739,112316620007623,112316621348310,112316623432739,3984,39.840000000,sine_f4,state,0,-0.017113678,2059,-0.019941750,2061,-0.527578126,22,0.023520000,-7,2.034000,-18,-0.016873789,2059,0.000000000,0,12.500,38,11024,1,1,
112316633424729,112316630007629,112316631345924,112316633424729,3985,39.850000000,sine_f4,state,0,-0.019262831,2061,-0.019941750,2061,-0.503597302,21,0.020160000,-6,2.938000,-26,-0.019941750,2061,0.000000000,0,12.500,38,11034,1,1,
112316643423676,112316640010374,112316641343062,112316643423676,3986,39.860000000,sine_f4,state,0,-0.021108198,2062,-0.018407769,2060,-0.431654831,18,-0.006720000,2,0.000000,0,-0.021475731,2062,0.000000000,0,12.500,38,11044,1,1,
112316653429568,112316650006541,112316651345063,112316653429568,3987,39.870000000,sine_f4,state,0,-0.022620676,2063,-0.018407769,2060,-0.335731535,14,-0.016800000,5,-0.791000,7,-0.023009712,2063,0.000000000,0,12.500,38,11054,1,1,
112316663433494,112316660009015,112316661345167,112316663433494,3988,39.880000000,sine_f4,state,0,-0.023776413,2063,-0.018407769,2060,-0.239808239,10,-0.026880000,8,-1.017000,9,-0.023009712,2063,0.000000000,0,12.500,38,11064,0,1,
112316673429547,112316670006288,112316671348168,112316673429547,3989,39.890000000,sine_f4,state,0,-0.024557181,2064,-0.018407769,2060,-0.143884944,6,-0.026880000,8,-1.130000,10,-0.024543693,2064,0.000000000,0,12.500,38,11074,0,1,
112316683430115,112316680006160,112316681348957,112316683430115,3990,39.900000000,sine_f4,state,0,-0.024950668,2064,-0.018407769,2060,-0.071942472,3,-0.033600000,10,-1.130000,10,-0.024543693,2064,0.000000000,0,12.500,38,11084,0,1,
112316693425906,112316690006534,112316691348598,112316693425906,3991,39.910000000,sine_f4,state,0,-0.024950668,2064,-0.018407769,2060,-0.023980824,1,-0.033600000,10,-1.243000,11,-0.024543693,2064,0.000000000,0,12.500,38,11094,0,1,
112316703425733,112316700006856,112316701344138,112316703425733,3992,39.920000000,sine_f4,state,0,-0.024557181,2064,-0.018407769,2060,0.000000000,0,-0.033600000,10,-1.130000,10,-0.024543693,2064,0.000000000,0,12.500,38,11104,0,1,
112316713432390,112316710006889,112316711349796,112316713432390,3993,39.930000000,sine_f4,state,0,-0.023776413,2063,-0.018407769,2060,0.000000000,0,-0.033600000,10,-1.243000,11,-0.023009712,2063,0.000000000,0,12.500,38,11114,0,1,
112316723429123,112316720006482,112316721344145,112316723429123,3994,39.940000000,sine_f4,state,0,-0.022620676,2063,-0.019941750,2061,0.000000000,0,-0.026880000,8,-1.017000,9,-0.023009712,2063,0.000000000,0,12.500,38,11124,0,1,
112316733425323,112316730010181,112316731348793,112316733425323,3995,39.950000000,sine_f4,state,0,-0.021108198,2062,-0.018407769,2060,0.000000000,0,-0.026880000,8,-1.130000,10,-0.021475731,2062,0.000000000,0,12.500,38,11134,0,1,
112316743419336,112316740008835,112316741342895,112316743419336,3996,39.960000000,sine_f4,state,0,-0.019262831,2061,-0.018407769,2060,0.000000000,0,-0.016800000,5,-1.017000,9,-0.019941750,2061,0.000000000,0,12.500,38,11144,0,1,
112316753424751,112316750006358,112316751333676,112316753424751,3997,39.970000000,sine_f4,state,0,-0.017113678,2059,-0.018407769,2060,0.000000000,0,-0.006720000,2,-0.678000,6,-0.016873789,2059,0.000000000,0,12.500,38,11154,0,1,
112316763431769,112316760006013,112316761325882,112316763431769,3998,39.980000000,sine_f4,state,0,-0.014694631,2058,-0.018407769,2060,0.000000000,0,0.006720000,-2,1.921000,-17,-0.015339808,2058,0.000000000,0,12.500,38,11164,0,1,
112316773369090,112316770006278,112316771326275,112316773369090,3999,39.990000000,sine_f4,hardware_error,0,-0.012043842,2056,,,,,,,,,,,,,,,,,,0
112316783406306,112316780006079,112316781338644,112316783406306,4000,40.000000000,sine_f4,state,0,-0.009203114,2054,-0.016873789,2059,0.000000000,0,0.030240000,-9,3.277000,-29,-0.009203885,2054,0.000000000,0,12.500,38,11184,0,1,
112316793425811,112316790009327,112316791322793,112316793425811,4001,40.010000000,sine_f4,state,0,-0.006217247,2052,-0.016873789,2059,0.000000000,0,0.047040000,-14,3.051000,-27,-0.006135923,2052,0.000000000,0,12.500,38,11194,0,1,
112316803418623,112316800006457,112316801323650,112316803418623,4002,40.020000000,sine_f4,state,0,-0.003133331,2050,-0.016873789,2059,0.000000000,0,0.060480000,-18,2.938000,-26,-0.003067962,2050,0.000000000,0,12.500,38,11204,0,1,
112316813403462,112316810006514,112316811323920,112316813403462,4003,40.030000000,sine_f4,state,0,-0.000000000,2048,-0.015339808,2058,0.000000000,0,0.063840000,-19,3.729000,-33,0.000000000,2048,0.000000000,0,12.500,38,11214,0,1,
112316823418486,112316820006429,112316821321540,112316823418486,4004,40.040000000,sine_f4,state,0,0.003133331,2046,-0.012271846,2056,0.023980824,-1,0.084000000,-25,8.249000,-73,0.003067962,2046,0.000000000,0,12.500,38,11224,0,1,
112316833410801,112316830010293,112316831325667,112316833410801,4005,40.050000000,sine_f4,state,0,0.006217247,2044,-0.009203885,2054,0.071942472,-3,0.053760000,-16,13.447000,-119,0.006135923,2044,0.000000000,0,12.600,38,11234,0,1,
112316843407204,112316840008998,112316841324369,112316843407204,4006,40.060000000,sine_f4,state,0,0.009203114,2042,-0.003067962,2050,0.119904120,-5,0.060480000,-18,19.436000,-172,0.009203885,2042,0.000000000,0,12.600,38,11244,0,1,
112316853407599,112316850006379,112316851325091,112316853407599,4007,40.070000000,sine_f4,state,0,0.012043842,2040,0.006135923,2044,0.191846591,-8,0.030240000,-9,19.436000,-172,0.012271846,2040,0.000000000,0,12.400,38,11254,0,1,
112316863616501,112316860006078,112316861322399,112316863616501,4008,40.080000000,sine_f4,state,0,0.014694631,2038,0.015339808,2038,0.287769887,-12,0.010080000,-3,16.950000,-150,0.015339808,2038,0.000000000,0,12.500,38,11264,1,1,
112316874443481,112316870092640,112316872332503,112316874443481,4009,40.090000000,sine_f4,state,0,0.017113678,2037,0.024543693,2032,0.407674007,-17,-0.026880000,8,9.266000,-82,0.016873789,2037,0.000000000,0,12.500,38,11275,1,1,
112316884447537,112316880084577,112316882333415,112316884447537,4010,40.100000000,sine_f4,state,0,0.019262831,2035,0.029145635,2029,0.503597302,-21,0.063840000,-19,0.113000,-1,0.019941750,2035,0.000000000,0,12.500,38,11285,1,1,
112316894437269,112316890086358,112316892335254,112316894437269,4011,40.110000000,sine_f4,state,0,0.021108198,2034,0.032213597,2027,0.575539774,-24,0.006720000,-2,-0.226000,2,0.021475731,2034,0.000000000,0,12.500,38,11295,1,1,
112316904434996,112316900085801,112316902334525,112316904434996,4012,40.120000000,sine_f4,state,0,0.022620676,2033,0.032213597,2027,0.599520598,-25,-0.050400000,15,-1.356000,12,0.023009712,2033,0.000000000,0,12.500,38,11305,1,1,
112316914435517,112316910085955,112316912332173,112316914435517,4013,40.130000000,sine_f4,state,0,0.023776413,2033,0.032213597,2027,0.551558950,-23,-0.050400000,15,-2.825000,25,0.023009712,2033,0.000000000,0,12.500,38,11315,1,1,
112316924437208,112316920088221,112316922334811,112316924437208,4014,40.140000000,sine_f4,state,0,0.024557181,2032,0.032213597,2027,0.479616478,-20,-0.047040000,14,-4.633000,41,0.024543693,2032,0.000000000,0,12.500,38,11325,1,1,
112316934438965,112316930088354,112316932342925,112316934438965,4015,40.150000000,sine_f4,state,0,0.024950668,2032,0.030679616,2028,0.359712359,-15,-0.016800000,5,-8.701000,77,0.024543693,2032,0.000000000,0,12.500,38,11335,1,1,
112316944434720,112316940089682,112316942334590,112316944434720,4016,40.160000000,sine_f4,state,0,0.024950668,2032,0.027611654,2030,0.215827415,-9,-0.013440000,4,-10.622000,94,0.024543693,2032,0.000000000,0,12.500,38,11345,0,1,
112316954424179,112316950088066,112316952336923,112316954424179,4017,40.170000000,sine_f4,state,0,0.024557181,2032,0.023009712,2033,0.095923296,-4,-0.003360000,1,-10.283000,91,0.024543693,2032,0.000000000,0,12.600,38,11355,0,1,
112316964462469,112316960092283,112316962345921,112316964462469,4018,40.180000000,sine_f4,state,0,0.023776413,2033,0.019941750,2035,0.000000000,0,0.010080000,-3,-0.565000,5,0.023009712,2033,0.000000000,0,12.600,38,11365,0,1,
112316974432894,112316970086473,112316972333247,112316974432894,4019,40.190000000,sine_f4,state,0,0.022620676,2033,0.018407769,2036,-0.095923296,4,0.063840000,-19,-0.113000,1,0.023009712,2033,0.000000000,0,12.600,38,11375,0,1,
112316984415893,112316980090524,112316982335568,112316984415893,4020,40.200000000,sine_f4,state,0,0.021108198,2034,0.016873789,2037,-0.143884944,6,0.023520000,-7,2.486000,-22,0.021475731,2034,0.000000000,0,12.600,38,11385,0,1,
112316994411375,112316990082565,112316992334043,112316994411375,4021,40.210000000,sine_f4,state,0,0.019262831,2035,0.016873789,2037,-0.167865767,7,0.013440000,-4,3.164000,-28,0.019941750,2035,0.000000000,0,12.500,38,11395,0,1,
112317004419054,112317000097514,112317002333188,112317004419054,4022,40.220000000,sine_f4,state,0,0.017113678,2037,0.018407769,2036,-0.167865767,7,0.003360000,-1,2.599000,-23,0.016873789,2037,0.000000000,0,12.500,38,11405,0,1,
112317014412891,112317010083766,112317012347615,112317014412891,4023,40.230000000,sine_f4,state,0,0.014694631,2038,0.018407769,2036,-0.143884944,6,-0.023520000,7,-0.113000,1,0.015339808,2038,0.000000000,0,12.500,38,11415,0,1,
112317024405592,112317020036023,112317022345372,112317024405592,4024,40.240000000,sine_f4,state,0,0.012043842,2040,0.018407769,2036,-0.095923296,4,-0.033600000,10,-1.582000,14,0.012271846,2040,0.000000000,0,12.500,38,11425,0,1,
112317033404300,112317030009096,112317031319625,112317033404300,4025,40.250000000,sine_f4,state,0,0.009203114,2042,0.018407769,2036,-0.047961648,2,-0.036960000,11,-1.469000,13,0.009203885,2042,0.000000000,0,12.500,38,11434,0,1,
112317044423643,112317040083417,112317042332050,112317044423643,4026,40.260000000,sine_f4,state,0,0.006217247,2044,0.018407769,2036,-0.023980824,1,-0.057120000,17,-4.520000,40,0.006135923,2044,0.000000000,0,12.400,38,11445,0,1,
112317054431342,112317050084169,112317052336482,112317054431342,4027,40.270000000,sine_f4,state,0,0.003133331,2046,0.018407769,2036,0.000000000,0,-0.067200000,20,-10.170000,90,0.003067962,2046,0.000000000,0,12.500,38,11455,0,1,
112317064437145,112317060087138,112317062333596,112317064437145,4028,40.280000000,sine_f4,state,0,0.000000000,2048,0.013805827,2039,0.000000000,0,-0.073920000,22,-12.204000,108,0.000000000,2048,0.000000000,0,12.600,38,11465,0,1,
112317074439420,112317070086279,112317072346417,112317074439420,4029,40.290000000,sine_f4,state,0,-0.003133331,2050,0.009203885,2042,-0.047961648,2,-0.070560000,21,-14.351000,127,-0.003067962,2050,0.000000000,0,12.600,38,11475,0,1,
112317084422958,112317080033344,112317082333865,112317084422958,4030,40.300000000,sine_f4,state,0,-0.006217247,2052,0.003067962,2046,-0.095923296,4,-0.050400000,15,-14.577000,129,-0.006135923,2052,0.000000000,0,12.600,38,11485,0,1,
112317094411687,112317090086881,112317092333310,112317094411687,4031,40.310000000,sine_f4,state,0,-0.009203114,2054,-0.004601942,2051,-0.191846591,8,-0.020160000,6,-14.916000,132,-0.009203885,2054,0.000000000,0,12.500,38,11495,0,1,
112317104413700,112317100094237,112317102336028,112317104413700,4032,40.320000000,sine_f4,state,0,-0.012043842,2056,-0.012271846,2056,-0.287769887,12,-0.006720000,2,-13.221000,117,-0.012271846,2056,0.000000000,0,12.500,38,11505,1,1,
112317114423488,112317110031624,112317112331420,112317114423488,4033,40.330000000,sine_f4,state,0,-0.014694631,2058,-0.018407769,2060,-0.383693183,16,0.191520000,-57,-5.424000,48,-0.015339808,2058,0.000000000,0,12.500,38,11515,1,1,
112317124413192,112317120085412,112317122344164,112317124413192,4034,40.340000000,sine_f4,state,0,-0.017113678,2059,-0.023009712,2063,-0.479616478,20,-0.073920000,22,-0.339000,3,-0.016873789,2059,0.000000000,0,12.500,38,11525,1,1,
112317134420294,112317130088511,112317132334247,112317134420294,4035,40.350000000,sine_f4,state,0,-0.019262831,2061,-0.024543693,2064,-0.527578126,22,0.030240000,-9,0.000000,0,-0.019941750,2061,0.000000000,0,12.500,38,11535,1,1,
112317144430022,112317140085216,112317142342417,112317144430022,4036,40.360000000,sine_f4,state,0,-0.021108198,2062,-0.024543693,2064,-0.527578126,22,0.023520000,-7,2.825000,-25,-0.021475731,2062,0.000000000,0,12.500,38,11545,1,1,
112317154411288,112317150082769,112317152331820,112317154411288,4037,40.370000000,sine_f4,state,0,-0.022620676,2063,-0.023009712,2063,-0.479616478,20,0.006720000,-2,2.938000,-26,-0.023009712,2063,0.000000000,0,12.500,38,11555,1,1,
112317164418269,112317160086256,112317162336256,112317164418269,4038,40.380000000,sine_f4,state,0,-0.023776413,2063,-0.023009712,2063,-0.383693183,16,0.000000000,0,1.582000,-14,-0.023009712,2063,0.000000000,0,12.500,38,11565,1,1,
112317174420886,112317170030930,112317172338296,112317174420886,4039,40.390000000,sine_f4,state,0,-0.024557181,2064,-0.023009712,2063,-0.287769887,12,0.000000000,0,-0.113000,1,-0.024543693,2064,0.000000000,0,12.500,38,11575,1,1,
112317184412520,112317180084174,112317182314906,112317184412520,4040,40.400000000,sine_f4,state,0,-0.024950668,2064,-0.023009712,2063,-0.167865767,7,-0.006720000,2,-0.791000,7,-0.024543693,2064,0.000000000,0,12.500,38,11585,0,1,
112317194411851,112317190090860,112317192324914,112317194411851,4041,40.410000000,sine_f4,state,0,-0.024950668,2064,-0.021475731,2062,-0.095923296,4,-0.006720000,2,-0.565000,5,-0.024543693,2064,0.000000000,0,12.500,38,11595,0,1,
112317204390835,112317200087494,112317202322950,112317204390835,4042,40.420000000,sine_f4,state,0,-0.024557181,2064,-0.021475731,2062,-0.047961648,2,-0.003360000,1,-0.791000,7,-0.024543693,2064,0.000000000,0,12.500,38,11605,0,1,
112317214386561,112317210034474,112317212331698,112317214386561,4043,40.430000000,sine_f4,state,0,-0.023776413,2063,-0.023009712,2063,-0.023980824,1,-0.006720000,2,-0.565000,5,-0.023009712,2063,0.000000000,0,12.500,38,11615,0,1,
112317224388939,112317220086605,112317222314704,112317224388939,4044,40.440000000,sine_f4,state,0,-0.022620676,2063,-0.021475731,2062,0.000000000,0,-0.003360000,1,0.000000,0,-0.023009712,2063,0.000000000,0,12.500,38,11625,0,1,
112317234380344,112317230090406,112317232315776,112317234380344,4045,40.450000000,sine_f4,state,0,-0.021108198,2062,-0.021475731,2062,0.000000000,0,0.000000000,0,0.000000,0,-0.021475731,2062,0.000000000,0,12.500,38,11635,0,1,
112317244391994,112317240090682,112317242312650,112317244391994,4046,40.460000000,sine_f4,state,0,-0.019262831,2061,-0.021475731,2062,0.000000000,0,0.010080000,-3,2.599000,-23,-0.019941750,2061,0.000000000,0,12.500,38,11645,0,1,
112317254397533,112317250099460,112317252319462,112317254397533,4047,40.470000000,sine_f4,state,0,-0.017113678,2059,-0.021475731,2062,0.000000000,0,0.023520000,-7,3.277000,-29,-0.016873789,2059,0.000000000,0,12.500,38,11655,0,1,
112317264391512,112317260089875,112317262312207,112317264391512,4048,40.480000000,sine_f4,state,0,-0.014694631,2058,-0.021475731,2062,0.000000000,0,0.030240000,-9,3.390000,-30,-0.015339808,2058,0.000000000,0,12.500,38,11665,0,1,
112317274388965,112317270083252,112317272314578,112317274388965,4049,40.490000000,sine_f4,state,0,-0.012043842,2056,-0.021475731,2062,0.000000000,0,0.036960000,-11,3.390000,-30,-0.012271846,2056,0.000000000,0,12.500,38,11675,0,1,
112317284407069,112317280091631,112317282313417,112317284407069,4050,40.500000000,sine_f4,state,0,-0.009203114,2054,-0.018407769,2060,0.000000000,0,0.043680000,-13,3.390000,-30,-0.009203885,2054,0.000000000,0,12.500,38,11685,0,1,
112317294412689,112317290084121,112317292314850,112317294412689,4051,40.510000000,sine_f4,state,0,-0.006217247,2052,-0.016873789,2059,0.023980824,-1,0.063840000,-19,3.390000,-30,-0.006135923,2052,0.000000000,0,12.500,38,11695,0,1,
112317304416200,112317300090698,112317302314533,112317304416200,4052,40.520000000,sine_f4,state,0,-0.003133331,2050,-0.016873789,2059,0.047961648,-2,0.070560000,-21,3.277000,-29,-0.003067962,2050,0.000000000,0,12.500,38,11705,0,1,
112317314410259,112317310106245,112317312327349,112317314410259,4053,40.530000000,sine_f4,state,0,-0.000000000,2048,-0.015339808,2058,0.071942472,-3,0.077280000,-23,8.362000,-74,0.000000000,2048,0.000000000,0,12.500,38,11715,0,1,
112317324393611,112317320032933,112317322311266,112317324393611,4054,40.540000000,sine_f4,state,0,0.003133331,2046,-0.012271846,2056,0.095923296,-4,0.080640000,-24,16.724000,-148,0.003067962,2046,0.000000000,0,12.400,38,11725,0,1,
112317334390011,112317330084513,112317332310659,112317334390011,4055,40.550000000,sine_f4,state,0,0.006217247,2044,-0.006135923,2052,0.119904120,-5,0.047040000,-14,19.436000,-172,0.006135923,2044,0.000000000,0,12.600,38,11735,0,1,
112317344397585,112317340034207,112317342311290,112317344397585,4056,40.560000000,sine_f4,state,0,0.009203114,2042,0.001533981,2047,0.191846591,-8,0.040320000,-12,19.549000,-173,0.009203885,2042,0.000000000,0,12.600,38,11745,0,1,
112317354389246,112317350085783,112317352313439,112317354389246,4057,40.570000000,sine_f4,state,0,0.012043842,2040,0.012271846,2040,0.263789063,-11,0.006720000,-2,18.871000,-167,0.012271846,2040,0.000000000,0,12.500,38,11755,1,1,
112317364393592,112317360083901,112317362312371,112317364393592,4058,40.580000000,sine_f4,state,0,0.014694631,2038,0.021475731,2034,0.383693183,-16,0.013440000,-4,5.650000,-50,0.015339808,2038,0.000000000,0,12.500,38,11765,1,1,
112317374395607,112317370082365,112317372317215,112317374395607,4059,40.590000000,sine_f4,state,0,0.017113678,2037,0.026077673,2031,0.479616478,-20,0.026880000,-8,3.955000,-35,0.016873789,2037,0.000000000,0,12.500,38,11775,1,1,
112317384411746,112317380082482,112317382311471,112317384411746,4060,40.600000000,sine_f4,state,0,0.019262831,2035,0.030679616,2028,0.575539774,-24,-0.120960000,36,0.226000,-2,0.019941750,2035,0.000000000,0,12.500,38,11785,1,1,
112317394404316,112317390091323,112317392315586,112317394404316,4061,40.610000000,sine_f4,state,0,0.021108198,2034,0.032213597,2027,0.599520598,-25,-0.063840000,19,-0.339000,3,0.021475731,2034,0.000000000,0,12.500,38,11795,1,1,
112317404402402,112317400090457,112317402311375,112317404402402,4062,40.620000000,sine_f4,state,0,0.022620676,2033,0.030679616,2028,0.575539774,-24,-0.047040000,14,-1.808000,16,0.023009712,2033,0.000000000,0,12.500,38,11805,1,1,
112317414400428,112317410086543,112317412323751,112317414400428,4063,40.630000000,sine_f4,state,0,0.023776413,2033,0.030679616,2028,0.527578126,-22,-0.033600000,10,-2.260000,20,0.023009712,2033,0.000000000,0,12.500,38,11815,1,1,
112317424411621,112317420086255,112317422310956,112317424411621,4064,40.640000000,sine_f4,state,0,0.024557181,2032,0.030679616,2028,0.407674007,-17,-0.033600000,10,-4.181000,37,0.024543693,2032,0.000000000,0,12.500,38,11825,1,1,
112317434409016,112317430094785,112317432315501,112317434409016,4065,40.650000000,sine_f4,state,0,0.024950668,2032,0.029145635,2029,0.287769887,-12,-0.023520000,7,-6.554000,58,0.024543693,2032,0.000000000,0,12.500,38,11835,1,1,
112317444390291,112317440095506,112317442312215,112317444390291,4066,40.660000000,sine_f4,state,0,0.024950668,2032,0.027611654,2030,0.167865767,-7,-0.010080000,3,-9.153000,81,0.024543693,2032,0.000000000,0,12.400,38,11845,0,1,
112317454391804,112317450092441,112317452308455,112317454391804,4067,40.670000000,sine_f4,state,0,0.024557181,2032,0.024543693,2032,0.047961648,-2,-0.003360000,1,-9.605000,85,0.024543693,2032,0.000000000,0,12.500,39,11855,0,1,
112317464397309,112317460084298,112317462313074,112317464397309,4068,40.680000000,sine_f4,state,0,0.023776413,2033,0.019941750,2035,0.000000000,0,0.026880000,-8,0.226000,-2,0.023009712,2033,0.000000000,0,12.500,39,11865,0,1,
112317474389116,112317470091984,112317472310867,112317474389116,4069,40.690000000,sine_f4,state,0,0.022620676,2033,0.018407769,2036,-0.071942472,3,-0.013440000,4,-0.113000,1,0.023009712,2033,0.000000000,0,12.500,39,11875,0,1,
112317484394923,112317480095522,112317482313155,112317484394923,4070,40.700000000,sine_f4,state,0,0.021108198,2034,0.018407769,2036,-0.119904120,5,0.016800000,-5,2.486000,-22,0.021475731,2034,0.000000000,0,12.500,39,11885,0,1,
112317494414558,112317490082379,112317492312968,112317494414558,4071,40.710000000,sine_f4,state,0,0.019262831,2035,0.019941750,2035,-0.143884944,6,0.010080000,-3,2.938000,-26,0.019941750,2035,0.000000000,0,12.500,39,11895,0,1,
112317504396358,112317500091694,112317502334571,112317504396358,4072,40.720000000,sine_f4,state,0,0.017113678,2037,0.019941750,2035,-0.143884944,6,0.000000000,0,1.695000,-15,0.016873789,2037,0.000000000,0,12.500,39,11905,0,1,
112317513387683,112317510008432,112317511306656,112317513387683,4073,40.730000000,sine_f4,state,0,0.014694631,2038,0.019941750,2035,-0.119904120,5,-0.016800000,5,0.000000,0,0.016873789,2037,0.000000000,0,12.500,39,11913,0,1,
112317523380092,112317520007069,112317521303870,112317523380092,4074,40.740000000,sine_f4,state,0,0.012043842,2040,0.019941750,2035,-0.095923296,4,-0.023520000,7,-1.130000,10,0.015339808,2038,0.000000000,0,12.500,39,11923,0,1,
112317533403884,112317530017275,112317531317113,112317533403884,4075,40.750000000,sine_f4,state,0,0.009203114,2042,0.019941750,2035,-0.047961648,2,-0.043680000,13,-1.582000,14,0.009203885,2042,0.000000000,0,12.500,39,11934,0,1,
112317543386023,112317540008676,112317541306441,112317543386023,4076,40.760000000,sine_f4,state,0,0.006217247,2044,0.019941750,2035,-0.023980824,1,-0.063840000,19,-4.294000,38,0.009203885,2042,0.000000000,0,12.500,39,11943,0,1,
112317553387769,112317550007221,112317551305613,112317553387769,4077,40.770000000,sine_f4,state,0,0.003133331,2046,0.018407769,2036,0.000000000,0,-0.063840000,19,-9.492000,84,0.006135923,2044,0.000000000,0,12.600,39,11953,0,1,
112317563392035,112317560007009,112317561304677,112317563392035,4078,40.780000000,sine_f4,state,0,0.000000000,2048,0.015339808,2038,0.000000000,0,-0.070560000,21,-11.865000,105,0.003067962,2046,0.000000000,0,12.600,39,11963,0,1,
112317573385032,112317570012865,112317571306645,112317573385032,4079,40.790000000,sine_f4,state,0,-0.003133331,2050,0.010737866,2041,-0.047961648,2,-0.063840000,19,-14.012000,124,0.000000000,2048,0.000000000,0,12.600,39,11973,0,1,
112317583389514,112317580009122,112317581312199,112317583389514,4080,40.800000000,sine_f4,state,0,-0.006217247,2052,0.004601942,2045,-0.095923296,4,-0.043680000,13,-14.577000,129,-0.003067962,2050,0.000000000,0,12.500,39,11983,0,1,
112317593365152,112317590005975,112317591302209,112317593365152,4081,40.810000000,sine_f4,state,0,-0.009203114,2054,-0.004601942,2051,-0.191846591,8,-0.020160000,6,-14.690000,130,-0.006135923,2052,0.000000000,0,12.500,39,11993,0,1,
112317603362740,112317600006630,112317601298025,112317603362740,4082,40.820000000,sine_f4,state,0,-0.012043842,2056,-0.012271846,2056,-0.287769887,12,-0.006720000,2,-13.560000,120,-0.009203885,2054,0.000000000,0,12.500,39,12003,1,1,
112317613379626,112317610010793,112317611280899,112317613379626,4083,40.830000000,sine_f4,state,0,-0.014694631,2058,-0.018407769,2060,-0.383693183,16,0.137760000,-41,-1.469000,13,-0.012271846,2056,0.000000000,0,12.500,39,12013,1,1,
112317623384553,112317620006530,112317621282422,112317623384553,4084,40.840000000,sine_f4,state,0,-0.017113678,2059,-0.021475731,2062,-0.479616478,20,0.084000000,-25,0.000000,0,-0.015339808,2058,0.000000000,0,12.500,39,12023,1,1,
112317633365256,112317630007388,112317631282943,112317633365256,4085,40.850000000,sine_f4,state,0,-0.019262831,2061,-0.023009712,2063,-0.527578126,22,0.020160000,-6,0.000000,0,-0.016873789,2059,0.000000000,0,12.500,39,12033,1,1,
112317643365046,112317640006245,112317641280884,112317643365046,4086,40.860000000,sine_f4,state,0,-0.021108198,2062,-0.024543693,2064,-0.527578126,22,0.016800000,-5,2.712000,-24,-0.019941750,2061,0.000000000,0,12.500,39,12043,1,1,
112317653381887,112317650006306,112317651281003,112317653381887,4087,40.870000000,sine_f4,state,0,-0.022620676,2063,-0.023009712,2063,-0.479616478,20,0.006720000,-2,3.164000,-28,-0.021475731,2062,0.000000000,0,12.500,39,12053,1,1,
112317663368817,112317660006433,112317661300860,112317663368817,4088,40.880000000,sine_f4,state,0,-0.023776413,2063,-0.023009712,2063,-0.383693183,16,0.000000000,0,1.582000,-14,-0.023009712,2063,0.000000000,0,12.500,39,12063,1,1,
112317673370090,112317670008555,112317671283086,112317673370090,4089,40.890000000,sine_f4,state,0,-0.024557181,2064,-0.021475731,2062,-0.287769887,12,-0.003360000,1,-0.113000,1,-0.023009712,2063,0.000000000,0,12.500,39,12073,1,1,
112317683357311,112317680005606,112317681284019,112317683357311,4090,40.900000000,sine_f4,state,0,-0.024950668,2064,-0.021475731,2062,-0.167865767,7,-0.013440000,4,-0.904000,8,-0.024543693,2064,0.000000000,0,12.500,39,12083,0,1,
112317693357295,112317690006686,112317691281758,112317693357295,4091,40.910000000,sine_f4,state,0,-0.024950668,2064,-0.021475731,2062,-0.095923296,4,-0.013440000,4,-0.904000,8,-0.024543693,2064,0.000000000,0,12.500,39,12093,0,1,
112317703371426,112317700006465,112317701286019,112317703371426,4092,40.920000000,sine_f4,state,0,-0.024557181,2064,-0.023009712,2063,-0.047961648,2,-0.013440000,4,-0.904000,8,-0.024543693,2064,0.000000000,0,12.500,39,12103,0,1,
112317713382979,112317710007100,112317711280808,112317713382979,4093,40.930000000,sine_f4,state,0,-0.023776413,2063,-0.023009712,2063,0.000000000,0,-0.016800000,5,-1.017000,9,-0.024543693,2064,0.000000000,0,12.500,39,12113,0,1,
112317723366545,112317720009250,112317721280108,112317723366545,4094,40.940000000,sine_f4,state,0,-0.022620676,2063,-0.021475731,2062,0.000000000,0,-0.006720000,2,-0.565000,5,-0.023009712,2063,0.000000000,0,12.500,39,12123,0,1,
112317733374500,112317730009694,112317731280045,112317733374500,4095,40.950000000,sine_f4,state,0,-0.021108198,2062,-0.021475731,2062,0.000000000,0,-0.006720000,2,-0.565000,5,-0.023009712,2063,0.000000000,0,12.500,39,12133,0,1,
112317743361032,112317740006673,112317741278524,112317743361032,4096,40.960000000,sine_f4,state,0,-0.019262831,2061,-0.021475731,2062,0.000000000,0,0.000000000,0,0.452000,-4,-0.021475731,2062,0.000000000,0,12.500,39,12143,0,1,
112317753360972,112317750006466,112317751283196,112317753360972,4097,40.970000000,sine_f4,state,0,-0.017113678,2059,-0.021475731,2062,0.000000000,0,0.006720000,-2,2.712000,-24,-0.019941750,2061,0.000000000,0,12.500,39,12153,0,1,
112317763373274,112317760007274,112317761285221,112317763373274,4098,40.980000000,sine_f4,state,0,-0.014694631,2058,-0.021475731,2062,0.000000000,0,0.026880000,-8,3.164000,-28,-0.016873789,2059,0.000000000,0,12.500,39,12163,0,1,
112317773297995,112317770006878,112317771278802,112317773297995,4099,40.990000000,sine_f4,hardware_error,0,-0.012043842,2056,,,,,,,,,,,,,,,,,,0
112317783363081,112317780009193,112317781277988,112317783363081,4100,41.000000000,sine_f4,state,0,-0.009203114,2054,-0.019941750,2061,0.000000000,0,0.043680000,-13,3.164000,-28,-0.012271846,2056,0.000000000,0,12.500,39,12183,0,1,
112317793362376,112317790006588,112317791280905,112317793362376,4101,41.010000000,sine_f4,state,0,-0.006217247,2052,-0.018407769,2060,0.000000000,0,0.057120000,-17,3.051000,-27,-0.009203885,2054,0.000000000,0,12.500,39,12193,0,1,
112317803370769,112317800006484,112317801277169,112317803370769,4102,41.020000000,sine_f4,state,0,-0.003133331,2050,-0.016873789,2059,0.023980824,-1,0.067200000,-20,3.164000,-28,-0.006135923,2052,0.000000000,0,12.500,39,12203,0,1,
112317813364160,112317810006930,112317811280592,112317813364160,4103,41.030000000,sine_f4,state,0,-0.000000000,2048,-0.016873789,2059,0.047961648,-2,0.087360000,-26,3.164000,-28,-0.003067962,2050,0.000000000,0,12.500,39,12213,0,1,
112317823571884,112317820006391,112317821281334,112317823571884,4104,41.040000000,sine_f4,state,0,0.003133331,2046,-0.015339808,2058,0.047961648,-2,0.094080000,-28,3.503000,-31,0.000000000,2048,0.000000000,0,12.500,39,12223,0,0,
112317834376126,112317830094848,112317832297625,112317834376126,4105,41.050000000,sine_f4,state,0,0.006217247,2044,-0.012271846,2056,0.071942472,-3,0.067200000,-20,14.238000,-126,0.006135923,2044,0.000000000,0,12.400,39,12234,0,0,
112317843353478,112317840007125,112317841281696,112317843353478,4106,41.060000000,sine_f4,state,0,0.009203114,2042,-0.007669904,2053,0.095923296,-4,0.067200000,-20,15.142000,-134,0.006135923,2044,0.000000000,0,12.500,39,12243,0,1,
112317853362620,112317850007109,112317851283805,112317853362620,4107,41.070000000,sine_f4,state,0,0.012043842,2040,0.000000000,2048,0.143884944,-6,0.077280000,-23,19.323000,-171,0.009203885,2042,0.000000000,0,12.400,39,12253,0,1,
112317863362901,112317860006800,112317861299305,112317863362901,4108,41.080000000,sine_f4,state,0,0.014694631,2038,0.007669904,2043,0.215827415,-9,0.030240000,-9,20.114000,-178,0.012271846,2040,0.000000000,0,12.300,39,12263,0,1,
112317873363787,112317870007125,112317871281936,112317873363787,4109,41.090000000,sine_f4,state,0,0.017113678,2037,0.018407769,2036,0.311750711,-13,0.010080000,-3,18.645000,-165,0.015339808,2038,0.000000000,0,12.400,39,12273,1,1,
112317883371052,112317880007122,112317881301098,112317883371052,4110,41.100000000,sine_f4,state,0,0.019262831,2035,0.026077673,2031,0.431654831,-18,0.117600000,-35,11.978000,-106,0.016873789,2037,0.000000000,0,12.500,39,12283,1,1,
112317893363896,112317890009094,112317891280367,112317893363896,4111,41.110000000,sine_f4,state,0,0.021108198,2034,0.032213597,2027,0.551558950,-23,-0.087360000,26,4.181000,-37,0.019941750,2035,0.000000000,0,12.500,39,12293,1,1,
112317903389882,112317900006179,112317901284490,112317903389882,4112,41.120000000,sine_f4,state,0,0.022620676,2033,0.035281558,2025,0.623501422,-26,0.050400000,-15,0.452000,-4,0.021475731,2034,0.000000000,0,12.500,39,12303,1,1,
112317913367031,112317910006354,112317911283326,112317913367031,4113,41.130000000,sine_f4,state,0,0.023776413,2033,0.036815539,2024,0.647482246,-27,-0.077280000,23,-1.808000,16,0.023009712,2033,0.000000000,0,12.500,39,12313,1,1,
112317923369312,112317920007039,112317921283076,112317923369312,4114,41.140000000,sine_f4,state,0,0.024557181,2032,0.036815539,2024,0.599520598,-25,-0.053760000,16,-5.198000,46,0.023009712,2033,0.000000000,0,12.500,39,12323,1,1,
112317933366970,112317930007034,112317931280784,112317933366970,4115,41.150000000,sine_f4,state,0,0.024950668,2032,0.035281558,2025,0.527578126,-22,-0.063840000,19,-8.588000,76,0.024543693,2032,0.000000000,0,12.500,39,12333,1,1,
112317943365344,112317940006666,112317941272296,112317943365344,4116,41.160000000,sine_f4,state,0,0.024950668,2032,0.032213597,2027,0.383693183,-16,-0.043680000,13,-11.187000,99,0.024543693,2032,0.000000000,0,12.500,39,12343,1,1,
112317953361915,112317950007385,112317951282581,112317953361915,4117,41.170000000,sine_f4,state,0,0.024557181,2032,0.027611654,2030,0.239808239,-10,-0.016800000,5,-11.526000,102,0.024543693,2032,0.000000000,0,12.500,39,12353,0,1,
112317963355463,112317960006869,112317961277411,112317963355463,4118,41.180000000,sine_f4,state,0,0.023776413,2033,0.023009712,2033,0.071942472,-3,-0.006720000,2,-10.057000,89,0.024543693,2032,0.000000000,0,12.500,39,12363,0,1,
112317973359716,112317970006568,112317971302055,112317973359716,4119,41.190000000,sine_f4,state,0,0.022620676,2033,0.018407769,2036,-0.047961648,2,0.067200000,-20,-3.164000,28,0.023009712,2033,0.000000000,0,12.500,39,12373,0,1,
112317983364464,112317980009577,112317981283163,112317983364464,4120,41.200000000,sine_f4,state,0,0.021108198,2034,0.015339808,2038,-0.143884944,6,0.040320000,-12,0.000000,0,0.023009712,2033,0.000000000,0,12.500,39,12383,0,1,
112317993361457,112317990009019,112317991288228,112317993361457,4121,41.210000000,sine_f4,state,0,0.019262831,2035,0.015339808,2038,-0.215827415,9,0.026880000,-8,1.695000,-15,0.021475731,2034,0.000000000,0,12.500,39,12393,0,1,
112318003368264,112318000007336,112318001261249,112318003368264,4122,41.220000000,sine_f4,state,0,0.017113678,2037,0.015339808,2038,-0.239808239,10,0.026880000,-8,3.051000,-27,0.019941750,2035,0.000000000,0,12.500,39,12403,0,1,
112318013346451,112318010006239,112318011280757,112318013346451,4123,41.230000000,sine_f4,state,0,0.014694631,2038,0.015339808,2038,-0.239808239,10,0.003360000,-1,2.712000,-24,0.016873789,2037,0.000000000,0,12.500,39,12413,0,1,
112318023368210,112318020006695,112318021263031,112318023368210,4124,41.240000000,sine_f4,state,0,0.012043842,2040,0.016873789,2037,-0.215827415,9,-0.010080000,3,-0.113000,1,0.015339808,2038,0.000000000,0,12.500,39,12423,0,1,
112318033369120,112318030006372,112318031279634,112318033369120,4125,41.250000000,sine_f4,state,0,0.009203114,2042,0.016873789,2037,-0.143884944,6,-0.026880000,8,-1.243000,11,0.012271846,2040,0.000000000,0,12.500,39,12433,0,1,
112318043355908,112318040006184,112318041279102,112318043355908,4126,41.260000000,sine_f4,state,0,0.006217247,2044,0.016873789,2037,-0.095923296,4,-0.043680000,13,-1.808000,16,0.009203885,2042,0.000000000,0,12.500,39,12443,0,1,
112318053362398,112318050006343,112318051259296,112318053362398,4127,41.270000000,sine_f4,state,0,0.003133331,2046,0.016873789,2037,-0.047961648,2,-0.043680000,13,-5.198000,46,0.006135923,2044,0.000000000,0,12.500,39,12453,0,1,
112318063341239,112318060006242,112318061259598,112318063341239,4128,41.280000000,sine_f4,state,0,0.000000000,2048,0.015339808,2038,-0.023980824,1,-0.060480000,18,-9.266000,82,0.003067962,2046,0.000000000,0,12.500,38,12463,0,1,
112318073337564,112318070010361,112318071261014,112318073337564,4129,41.290000000,sine_f4,state,0,-0.003133331,2050,0.012271846,2040,-0.023980824,1,-0.070560000,21,-11.978000,106,0.000000000,2048,0.000000000,0,12.600,38,12473,0,1,
112318083341291,112318080007333,112318081263176,112318083341291,4130,41.300000000,sine_f4,state,0,-0.006217247,2052,0.006135923,2044,-0.047961648,2,-0.060480000,18,-13.786000,122,-0.003067962,2050,0.000000000,0,12.600,38,12483,0,1,
112318093337012,112318090010051,112318091263775,112318093337012,4131,41.310000000,sine_f4,state,0,-0.009203114,2054,0.000000000,2048,-0.119904120,5,-0.030240000,9,-14.238000,126,-0.006135923,2052,0.000000000,0,12.600,38,12493,0,1,
112318103339336,112318100009769,112318101262332,112318103339336,4132,41.320000000,sine_f4,state,0,-0.012043842,2056,-0.007669904,2053,-0.191846591,8,-0.010080000,3,-14.690000,130,-0.009203885,2054,0.000000000,0,12.600,38,12503,0,1,
112318113346880,112318110010513,112318111261799,112318113346880,4133,41.330000000,sine_f4,state,0,-0.014694631,2058,-0.015339808,2058,-0.287769887,12,-0.010080000,3,-11.978000,106,-0.012271846,2056,0.000000000,0,12.600,38,12513,1,1,
112318123348983,112318120006691,112318121264377,112318123348983,4134,41.340000000,sine_f4,state,0,-0.017113678,2059,-0.021475731,2062,-0.407674007,17,-0.030240000,9,-4.294000,38,-0.015339808,2058,0.000000000,0,12.600,38,12523,1,1,
112318133343066,112318130007087,112318131259517,112318133343066,4135,41.350000000,sine_f4,state,0,-0.019262831,2061,-0.024543693,2064,-0.479616478,20,-0.023520000,7,0.339000,-3,-0.016873789,2059,0.000000000,0,12.600,38,12533,1,1,
112318143346310,112318140006519,112318141257707,112318143346310,4136,41.360000000,sine_f4,state,0,-0.021108198,2062,-0.024543693,2064,-0.527578126,22,0.020160000,-6,0.565000,-5,-0.019941750,2061,0.000000000,0,12.600,38,12543,1,1,
112318153348755,112318150006450,112318151260850,112318153348755,4137,41.370000000,sine_f4,state,0,-0.022620676,2063,-0.024543693,2064,-0.503597302,21,0.013440000,-4,3.051000,-27,-0.021475731,2062,0.000000000,0,12.600,38,12553,1,1,
112318163341926,112318160006491,112318161260264,112318163341926,4138,41.380000000,sine_f4,state,0,-0.023776413,2063,-0.024543693,2064,-0.455635655,19,0.010080000,-3,3.164000,-28,-0.023009712,2063,0.000000000,0,12.600,38,12563,1,1,
112318173350627,112318170007207,112318171268285,112318173350627,4139,41.390000000,sine_f4,state,0,-0.024557181,2064,-0.024543693,2064,-0.359712359,15,0.013440000,-4,3.051000,-27,-0.023009712,2063,0.000000000,0,12.600,38,12573,1,1,
112318183336182,112318180007072,112318181257752,112318183336182,4140,41.400000000,sine_f4,state,0,-0.024950668,2064,-0.023009712,2063,-0.239808239,10,-0.006720000,2,-0.113000,1,-0.024543693,2064,0.000000000,0,12.600,38,12583,0,1,
112318193338418,112318190006645,112318191258481,112318193338418,4141,41.410000000,sine_f4,state,0,-0.024950668,2064,-0.023009712,2063,-0.143884944,6,-0.003360000,1,-0.452000,4,-0.024543693,2064,0.000000000,0,12.600,38,12593,0,1,
112318203337536,112318200007108,112318201262545,112318203337536,4142,41.420000000,sine_f4,state,0,-0.024557181,2064,-0.023009712,2063,-0.071942472,3,-0.003360000,1,-0.791000,7,-0.024543693,2064,0.000000000,0,12.500,38,12603,0,1,
112318213343987,112318210009412,112318211262902,112318213343987,4143,41.430000000,sine_f4,state,0,-0.023776413,2063,-0.023009712,2063,-0.023980824,1,-0.003360000,1,-0.904000,8,-0.024543693,2064,0.000000000,0,12.500,38,12613,0,1,
112318223343556,112318220007140,112318221264298,112318223343556,4144,41.440000000,sine_f4,state,0,-0.022620676,2063,-0.023009712,2063,0.000000000,0,0.000000000,0,0.000000,0,-0.023009712,2063,0.000000000,0,12.500,38,12623,0,1,
112318233340874,112318230006457,112318231259305,112318233340874,4145,41.450000000,sine_f4,state,0,-0.021108198,2062,-0.023009712,2063,0.000000000,0,0.000000000,0,0.113000,-1,-0.023009712,2063,0.000000000,0,12.500,38,12633,0,1,
112318243352345,112318240006539,112318241258097,112318243352345,4146,41.460000000,sine_f4,state,0,-0.019262831,2061,-0.023009712,2063,0.000000000,0,0.003360000,-1,2.147000,-19,-0.021475731,2062,0.000000000,0,12.500,38,12643,0,1,
112318253342142,112318250006394,112318251264163,112318253342142,4147,41.470000000,sine_f4,state,0,-0.017113678,2059,-0.023009712,2063,0.000000000,0,0.016800000,-5,3.277000,-29,-0.019941750,2061,0.000000000,0,12.500,38,12653,0,1,
112318263351689,112318260006472,112318261262249,112318263351689,4148,41.480000000,sine_f4,state,0,-0.014694631,2058,-0.021475731,2062,0.000000000,0,0.030240000,-9,3.277000,-29,-0.016873789,2059,0.000000000,0,12.500,38,12663,0,1,
112318273342789,112318270006671,112318271260942,112318273342789,4149,41.490000000,sine_f4,state,0,-0.012043842,2056,-0.019941750,2061,0.000000000,0,0.030240000,-9,3.051000,-27,-0.015339808,2058,0.000000000,0,12.500,38,12673,0,1,
112318283337472,112318280006655,112318281261985,112318283337472,4150,41.500000000,sine_f4,state,0,-0.009203114,2054,-0.019941750,2061,0.000000000,0,0.047040000,-14,3.164000,-28,-0.012271846,2056,0.000000000,0,12.500,38,12683,0,1,
112318293350535,112318290006814,112318291259959,112318293350535,4151,41.510000000,sine_f4,state,0,-0.006217247,2052,-0.018407769,2060,0.023980824,-1,0.057120000,-17,3.164000,-28,-0.009203885,2054,0.000000000,0,12.500,38,12693,0,1,
112318303338512,112318300007131,112318301264269,112318303338512,4152,41.520000000,sine_f4,state,0,-0.003133331,2050,-0.016873789,2059,0.047961648,-2,0.053760000,-16,5.989000,-53,-0.006135923,2052,0.000000000,0,12.500,38,12703,0,1,
112318313347120,112318310006876,112318311260694,112318313347120,4153,41.530000000,sine_f4,state,0,-0.000000000,2048,-0.015339808,2058,0.071942472,-3,0.040320000,-12,12.091000,-107,-0.003067962,2050,0.000000000,0,12.500,38,12713,0,1,
112318323342209,112318320008829,112318321262351,112318323342209,4154,41.540000000,center_after_f4,state,0,0.000000000,2048,-0.010737866,2055,0.095923296,-4,0.023520000,-7,14.577000,-129,0.000000000,2048,0.000000000,0,12.600,38,12723,0,1,
112318333342465,112318330006528,112318331259827,112318333342465,4155,41.550000000,center_after_f4,state,0,0.000000000,2048,-0.004601942,2051,0.143884944,-6,0.040320000,-12,18.419000,-163,0.000000000,2048,0.000000000,0,12.600,38,12733,0,1,
112318343350139,112318340006555,112318341258826,112318343350139,4156,41.560000000,center_after_f4,state,0,0.000000000,2048,0.004601942,2045,0.215827415,-9,0.016800000,-5,14.690000,-130,0.000000000,2048,0.000000000,0,12.600,38,12743,0,1,
112318353351743,112318350006907,112318351259832,112318353351743,4157,41.570000000,center_after_f4,state,0,0.000000000,2048,0.012271846,2040,0.287769887,-12,-0.231840000,69,5.198000,-46,0.000000000,2048,0.000000000,0,12.600,38,12753,1,1,
112318363342368,112318360006428,112318361249963,112318363342368,4158,41.580000000,center_after_f4,state,0,0.000000000,2048,0.015339808,2038,0.383693183,-16,-0.225120000,67,2.147000,-19,0.000000000,2048,0.000000000,0,12.500,38,12763,1,1,
112318373345284,112318370010074,112318371265999,112318373345284,4159,41.590000000,center_after_f4,state,0,0.000000000,2048,0.018407769,2036,0.455635655,-19,-0.100800000,30,-0.226000,2,0.000000000,2048,0.000000000,0,12.500,38,12773,1,0,
112318383384159,112318380006837,112318381403065,112318383384159,4160,41.600000000,center_after_f4,state,0,0.000000000,2048,0.018407769,2036,0.479616478,-20,-0.094080000,28,-4.294000,38,0.000000000,2048,0.000000000,0,12.500,38,12784,1,0,
112318394389001,112318390088904,112318392272847,112318394389001,4161,41.610000000,center_after_f4,state,0,0.000000000,2048,0.016873789,2037,0.455635655,-19,-0.087360000,26,-9.266000,82,0.000000000,2048,0.000000000,0,12.300,38,12794,1,1,
112318404359198,112318400034385,112318402266833,112318404359198,4162,41.620000000,center_after_f4,state,0,0.000000000,2048,0.013805827,2039,0.383693183,-16,-0.077280000,23,-12.091000,107,0.000000000,2048,0.000000000,0,12.600,38,12804,1,1,
112318414374924,112318410099068,112318412275855,112318414374924,4163,41.630000000,center_after_f4,state,0,0.000000000,2048,0.009203885,2042,0.263789063,-11,-0.060480000,18,-14.012000,124,0.000000000,2048,0.000000000,0,12.600,38,12814,1,1,
112318424396169,112318420091384,112318422276866,112318424396169,4164,41.640000000,center_after_f4,state,0,0.000000000,2048,0.003067962,2046,0.095923296,-4,-0.020160000,6,-14.125000,125,0.000000000,2048,0.000000000,0,12.500,38,12824,0,1,
112318434383243,112318430087405,112318432252836,112318434383243,4165,41.650000000,center_after_f4,state,0,0.000000000,2048,-0.004601942,2051,-0.047961648,2,-0.023520000,7,-7.458000,66,0.000000000,2048,0.000000000,0,12.400,38,12834,0,1,
112318444371117,112318440084665,112318442252570,112318444371117,4166,41.660000000,center_after_f4,state,0,0.000000000,2048,-0.009203885,2054,-0.191846591,8,0.077280000,-23,-3.051000,27,0.000000000,2048,0.000000000,0,12.500,38,12844,0,1,
112318454384315,112318450037888,112318452277360,112318454384315,4167,41.670000000,center_after_f4,state,0,0.000000000,2048,-0.010737866,2055,-0.287769887,12,0.073920000,-22,0.226000,-2,0.000000000,2048,0.000000000,0,12.500,38,12854,1,1,
112318464372715,112318460085142,112318462268161,112318464372715,4168,41.680000000,center_after_f4,state,0,0.000000000,2048,-0.012271846,2056,-0.359712359,15,0.070560000,-21,3.051000,-27,0.000000000,2048,0.000000000,0,12.500,38,12864,1,1,
112318474351955,112318470007087,112318472262984,112318474351955,4169,41.690000000,center_after_f4,state,0,0.000000000,2048,-0.012271846,2056,-0.359712359,15,0.067200000,-20,3.616000,-32,0.000000000,2048,0.000000000,0,12.500,38,12874,1,1,
112318484321476,112318480007041,112318482239945,112318484321476,4170,41.700000000,center_after_f4,state,0,0.000000000,2048,-0.009203885,2054,-0.335731535,14,0.063840000,-19,6.328000,-56,0.000000000,2048,0.000000000,0,12.500,38,12884,1,1,
112318493328204,112318490007360,112318491239528,112318493328204,4171,41.710000000,center_after_f4,state,0,0.000000000,2048,-0.009203885,2054,-0.287769887,12,0.053760000,-16,4.633000,-41,0.000000000,2048,0.000000000,0,12.500,38,12893,1,1,
112318503320062,112318500008008,112318501239607,112318503320062,4172,41.720000000,center_after_f4,state,0,0.000000000,2048,-0.006135923,2052,-0.191846591,8,0.036960000,-11,4.294000,-38,0.000000000,2048,0.000000000,0,12.500,38,12903,0,1,
112318514324561,112318510006742,112318512239510,112318514324561,4173,41.730000000,center_after_f4,state,0,0.000000000,2048,-0.004601942,2051,-0.071942472,3,0.030240000,-9,4.746000,-42,0.000000000,2048,0.000000000,0,12.500,38,12914,0,1,
112318524322803,112318520007318,112318522238766,112318524322803,4174,41.740000000,center_after_f4,state,0,0.000000000,2048,-0.003067962,2050,0.000000000,0,0.020160000,-6,4.407000,-39,0.000000000,2048,0.000000000,0,12.500,38,12924,0,1,
112318534384042,112318530009151,112318532296169,112318534384042,4175,41.750000000,center_after_f4,state,0,0.000000000,2048,-0.001533981,2049,0.047961648,-2,0.010080000,-3,4.181000,-37,0.000000000,2048,0.000000000,0,12.500,38,12934,0,1,
112318543392440,112318540006325,112318541302614,112318543392440,4176,41.760000000,center_after_f4,state,0,0.000000000,2048,0.001533981,2047,0.095923296,-4,0.006720000,-2,0.113000,-1,0.000000000,2048,0.000000000,0,12.500,38,12943,0,1,
112318553395796,112318550006338,112318551294417,112318553395796,4177,41.770000000,center_after_f4,state,0,0.000000000,2048,0.001533981,2047,0.119904120,-5,0.003360000,-1,-0.113000,1,0.000000000,2048,0.000000000,0,12.500,38,12953,0,1,
112318563389315,112318560006722,112318561298372,112318563389315,4178,41.780000000,center_after_f4,state,0,0.000000000,2048,0.001533981,2047,0.143884944,-6,-0.003360000,1,-0.339000,3,0.000000000,2048,0.000000000,0,12.500,38,12963,0,1,
112318574379730,112318570006385,112318572291748,112318574379730,4179,41.790000000,center_after_f4,state,0,0.000000000,2048,0.000000000,2048,0.119904120,-5,-0.003360000,1,-0.452000,4,0.000000000,2048,0.000000000,0,12.500,38,12974,0,1,
112318584381229,112318580006455,112318582297698,112318584381229,4180,41.800000000,center_after_f4,state,0,0.000000000,2048,0.001533981,2047,0.119904120,-5,-0.006720000,2,-0.226000,2,0.000000000,2048,0.000000000,0,12.500,38,12984,0,1,
112318594383603,112318590045404,112318592307041,112318594383603,4181,41.810000000,center_after_f4,state,0,0.000000000,2048,0.001533981,2047,0.095923296,-4,-0.006720000,2,-0.113000,1,0.000000000,2048,0.000000000,0,12.500,38,12994,0,1,
112318604376403,112318600007321,112318602296344,112318604376403,4182,41.820000000,center_after_f4,state,0,0.000000000,2048,0.001533981,2047,0.071942472,-3,-0.006720000,2,-0.226000,2,0.000000000,2048,0.000000000,0,12.500,38,13004,0,1,
112318614381862,112318610010083,112318612295298,112318614381862,4183,41.830000000,center_after_f4,state,0,0.000000000,2048,0.000000000,2048,0.023980824,-1,0.000000000,0,-0.113000,1,0.000000000,2048,0.000000000,0,12.500,38,13014,0,1,
112318624383603,112318620006593,112318622302435,112318624383603,4184,41.840000000,center_after_f4,state,0,0.000000000,2048,0.000000000,2048,0.023980824,-1,-0.006720000,2,-0.226000,2,0.000000000,2048,0.000000000,0,12.500,38,13024,0,1,
112318634373131,112318630007322,112318632297866,112318634373131,4185,41.850000000,center_after_f4,state,0,0.000000000,2048,0.001533981,2047,0.000000000,0,-0.003360000,1,-0.452000,4,0.000000000,2048,0.000000000,0,12.500,38,13034,0,1,
112318644379104,112318640009167,112318642298148,112318644379104,4186,41.860000000,center_after_f4,state,0,0.000000000,2048,0.001533981,2047,0.000000000,0,-0.003360000,1,-0.791000,7,0.000000000,2048,0.000000000,0,12.500,38,13044,0,1,
112318654381266,112318650006533,112318652299684,112318654381266,4187,41.870000000,center_after_f4,state,0,0.000000000,2048,0.001533981,2047,0.000000000,0,-0.006720000,2,-0.565000,5,0.000000000,2048,0.000000000,0,12.500,38,13054,0,1,
112318664373063,112318660006510,112318662303434,112318664373063,4188,41.880000000,center_after_f4,state,0,0.000000000,2048,0.001533981,2047,0.000000000,0,-0.006720000,2,-0.678000,6,0.000000000,2048,0.000000000,0,12.500,38,13064,0,1,
112318674382479,112318670006481,112318672297229,112318674382479,4189,41.890000000,center_after_f4,state,0,0.000000000,2048,0.001533981,2047,0.000000000,0,-0.003360000,1,-0.791000,7,0.000000000,2048,0.000000000,0,12.500,38,13074,0,1,
112318684390330,112318680006401,112318682307695,112318684390330,4190,41.900000000,center_after_f4,state,0,0.000000000,2048,0.001533981,2047,0.000000000,0,-0.003360000,1,-0.791000,7,0.000000000,2048,0.000000000,0,12.500,38,13084,0,1,
112318694385947,112318690009573,112318692292916,112318694385947,4191,41.910000000,center_after_f4,state,0,0.000000000,2048,0.001533981,2047,0.000000000,0,-0.006720000,2,-0.791000,7,0.000000000,2048,0.000000000,0,12.500,38,13094,0,1,
112318704376546,112318700010218,112318702294007,112318704376546,4192,41.920000000,center_after_f4,state,0,0.000000000,2048,0.001533981,2047,0.000000000,0,-0.003360000,1,-0.565000,5,0.000000000,2048,0.000000000,0,12.500,38,13104,0,1,
112318714382340,112318710007054,112318712300073,112318714382340,4193,41.930000000,center_after_f4,state,0,0.000000000,2048,0.001533981,2047,0.000000000,0,-0.003360000,1,-0.678000,6,0.000000000,2048,0.000000000,0,12.500,38,13114,0,1,
112318724377984,112318720007298,112318722295605,112318724377984,4194,41.940000000,center_after_f4,state,0,0.000000000,2048,0.001533981,2047,0.000000000,0,-0.003360000,1,-0.791000,7,0.000000000,2048,0.000000000,0,12.500,38,13124,0,1,
112318734378499,112318730006969,112318732296240,112318734378499,4195,41.950000000,center_after_f4,state,0,0.000000000,2048,0.001533981,2047,0.000000000,0,-0.006720000,2,-0.452000,4,0.000000000,2048,0.000000000,0,12.500,38,13134,0,1,
112318744380004,112318740008932,112318742294417,112318744380004,4196,41.960000000,center_after_f4,state,0,0.000000000,2048,0.001533981,2047,0.000000000,0,-0.006720000,2,-0.113000,1,0.000000000,2048,0.000000000,0,12.500,38,13144,0,1,
112318754380691,112318750005966,112318752305968,112318754380691,4197,41.970000000,center_after_f4,state,0,0.000000000,2048,0.001533981,2047,0.000000000,0,-0.006720000,2,-0.113000,1,0.000000000,2048,0.000000000,0,12.500,38,13154,0,1,
112318764378124,112318760006429,112318762298408,112318764378124,4198,41.980000000,center_after_f4,state,0,0.000000000,2048,0.001533981,2047,0.000000000,0,-0.003360000,1,-0.565000,5,0.000000000,2048,0.000000000,0,12.500,38,13164,0,1,
112318774319632,112318770006249,112318772299641,112318774319632,4199,41.990000000,center_after_f4,hardware_error,0,0.000000000,2048,,,,,,,,,,,,,,,,,,0
112318784383160,112318780006119,112318782298329,112318784383160,4200,42.000000000,center_after_f4,state,0,0.000000000,2048,0.001533981,2047,0.000000000,0,-0.003360000,1,-0.904000,8,0.000000000,2048,0.000000000,0,12.500,38,13184,0,1,
112318794375989,112318790006462,112318792299929,112318794375989,4201,42.010000000,center_after_f4,state,0,0.000000000,2048,0.001533981,2047,0.000000000,0,-0.003360000,1,-0.791000,7,0.000000000,2048,0.000000000,0,12.500,38,13194,0,1,
112318804381428,112318800009426,112318802300556,112318804381428,4202,42.020000000,center_after_f4,state,0,0.000000000,2048,0.000000000,2048,0.000000000,0,-0.003360000,1,-0.678000,6,0.000000000,2048,0.000000000,0,12.500,38,13204,0,1,
112318814394755,112318810006498,112318812300115,112318814394755,4203,42.030000000,center_after_f4,state,0,0.000000000,2048,0.001533981,2047,0.000000000,0,-0.003360000,1,-0.791000,7,0.000000000,2048,0.000000000,0,12.500,38,13214,0,1,
112318824379189,112318820006830,112318822296168,112318824379189,4204,42.040000000,center_after_f4,state,0,0.000000000,2048,0.001533981,2047,0.000000000,0,-0.003360000,1,-0.565000,5,0.000000000,2048,0.000000000,0,12.500,38,13224,0,1,
112318834383975,112318830007262,112318832296801,112318834383975,4205,42.050000000,center_after_f4,state,0,0.000000000,2048,0.001533981,2047,0.000000000,0,-0.006720000,2,-0.791000,7,0.000000000,2048,0.000000000,0,12.500,38,13234,0,1,
112318844378601,112318840007322,112318842292818,112318844378601,4206,42.060000000,center_after_f4,state,0,0.000000000,2048,0.001533981,2047,0.000000000,0,-0.003360000,1,-0.791000,7,0.000000000,2048,0.000000000,0,12.500,38,13244,0,1,
112318854377510,112318850008550,112318852290103,112318854377510,4207,42.070000000,center_after_f4,state,0,0.000000000,2048,0.001533981,2047,0.000000000,0,-0.006720000,2,-0.678000,6,0.000000000,2048,0.000000000,0,12.500,38,13254,0,1,
112318864384541,112318860007271,112318862298121,112318864384541,4208,42.080000000,center_after_f4,state,0,0.000000000,2048,0.001533981,2047,0.000000000,0,-0.006720000,2,-0.113000,1,0.000000000,2048,0.000000000,0,12.500,38,13264,0,1,
112318874393025,112318870006436,112318872277273,112318874393025,4209,42.090000000,center_after_f4,state,0,0.000000000,2048,0.001533981,2047,0.000000000,0,-0.003360000,1,-0.452000,4,0.000000000,2048,0.000000000,0,12.500,38,13274,0,1,
112318884379174,112318880006447,112318882275196,112318884379174,4210,42.100000000,center_after_f4,state,0,0.000000000,2048,0.001533981,2047,0.000000000,0,-0.003360000,1,-0.339000,3,0.000000000,2048,0.000000000,0,12.500,38,13284,0,1,
112318894388189,112318890006558,112318892277037,112318894388189,4211,42.110000000,center_after_f4,state,0,0.000000000,2048,0.001533981,2047,0.000000000,0,-0.003360000,1,-0.339000,3,0.000000000,2048,0.000000000,0,12.500,38,13294,0,1,
112318904363676,112318900009084,112318902272320,112318904363676,4212,42.120000000,center_after_f4,state,0,0.000000000,2048,0.001533981,2047,0.000000000,0,-0.006720000,2,-0.678000,6,0.000000000,2048,0.000000000,0,12.500,38,13304,0,1,
112318914363353,112318910008705,112318912279188,112318914363353,4213,42.130000000,center_after_f4,state,0,0.000000000,2048,0.001533981,2047,0.000000000,0,-0.003360000,1,-0.339000,3,0.000000000,2048,0.000000000,0,12.500,38,13314,0,1,
112318924363130,112318920006923,112318922277741,112318924363130,4214,42.140000000,center_after_f4,state,0,0.000000000,2048,0.001533981,2047,0.000000000,0,-0.003360000,1,-0.565000,5,0.000000000,2048,0.000000000,0,12.500,38,13324,0,1,
112318934356589,112318930007443,112318932280949,112318934356589,4215,42.150000000,center_after_f4,state,0,0.000000000,2048,0.001533981,2047,0.000000000,0,-0.006720000,2,-0.452000,4,0.000000000,2048,0.000000000,0,12.500,38,13334,0,1,
112318944360396,112318940007332,112318942282515,112318944360396,4216,42.160000000,center_after_f4,state,0,0.000000000,2048,0.001533981,2047,0.000000000,0,-0.006720000,2,-0.791000,7,0.000000000,2048,0.000000000,0,12.500,38,13344,0,1,
112318954263334,112318950008806,112318952250157,112318954263334,4217,42.170000000,center_after_f4,state,0,0.000000000,2048,0.001533981,2047,0.000000000,0,-0.006720000,2,-0.678000,6,0.000000000,2048,0.000000000,0,12.500,38,13354,0,1,
112318964301581,112318960007684,112318962261541,112318964301581,4218,42.180000000,center_after_f4,state,0,0.000000000,2048,0.001533981,2047,0.000000000,0,-0.003360000,1,-0.791000,7,0.000000000,2048,0.000000000,0,12.500,38,13364,0,1,
112318974307431,112318970006525,112318972262844,112318974307431,4219,42.190000000,center_after_f4,state,0,0.000000000,2048,0.001533981,2047,0.000000000,0,-0.003360000,1,-0.791000,7,0.000000000,2048,0.000000000,0,12.500,38,13374,0,1,
112318984323700,112318980006089,112318982270901,112318984323700,4220,42.200000000,center_after_f4,state,0,0.000000000,2048,0.001533981,2047,0.000000000,0,-0.003360000,1,-0.565000,5,0.000000000,2048,0.000000000,0,12.500,38,13384,0,1,
112318994331329,112318990005933,112318992271050,112318994331329,4221,42.210000000,center_after_f4,state,0,0.000000000,2048,0.001533981,2047,0.000000000,0,-0.006720000,2,-0.791000,7,0.000000000,2048,0.000000000,0,12.500,38,13394,0,1,
112319004347768,112319000006056,112319002279930,112319004347768,4222,42.220000000,center_after_f4,state,0,0.000000000,2048,0.001533981,2047,0.000000000,0,-0.006720000,2,-0.678000,6,0.000000000,2048,0.000000000,0,12.500,38,13404,0,1,
112319014347318,112319010008602,112319012275228,112319014347318,4223,42.230000000,center_after_f4,state,0,0.000000000,2048,0.001533981,2047,0.000000000,0,-0.006720000,2,-0.904000,8,0.000000000,2048,0.000000000,0,12.500,38,13414,0,1,
112319024343649,112319020007087,112319022282879,112319024343649,4224,42.240000000,center_after_f4,state,0,0.000000000,2048,0.001533981,2047,0.000000000,0,-0.003360000,1,-0.904000,8,0.000000000,2048,0.000000000,0,12.500,38,13424,0,1,
112319034349162,112319030007321,112319032284035,112319034349162,4225,42.250000000,center_after_f4,state,0,0.000000000,2048,0.000000000,2048,0.000000000,0,-0.006720000,2,-0.565000,5,0.000000000,2048,0.000000000,0,12.500,38,13434,0,1,
112319044356610,112319040006558,112319042285750,112319044356610,4226,42.260000000,center_after_f4,state,0,0.000000000,2048,0.001533981,2047,0.000000000,0,-0.006720000,2,-0.339000,3,0.000000000,2048,0.000000000,0,12.500,38,13444,0,1,
112319054355431,112319050008235,112319052277912,112319054355431,4227,42.270000000,center_after_f4,state,0,0.000000000,2048,0.001533981,2047,0.000000000,0,-0.006720000,2,-0.791000,7,0.000000000,2048,0.000000000,0,12.500,38,13454,0,1,
112319064356354,112319060007360,112319062275553,112319064356354,4228,42.280000000,center_after_f4,state,0,0.000000000,2048,0.000000000,2048,0.000000000,0,-0.003360000,1,-0.791000,7,0.000000000,2048,0.000000000,0,12.500,38,13464,0,1,
112319074363068,112319070008844,112319072282215,112319074363068,4229,42.290000000,center_after_f4,state,0,0.000000000,2048,0.001533981,2047,0.000000000,0,-0.006720000,2,-0.452000,4,0.000000000,2048,0.000000000,0,12.500,38,13474,0,1,
112319084357977,112319080006969,112319082281167,112319084357977,4230,42.300000000,center_after_f4,state,0,0.000000000,2048,0.001533981,2047,0.000000000,0,-0.003360000,1,-0.565000,5,0.000000000,2048,0.000000000,0,12.500,38,13484,0,1,
112319094356375,112319090006430,112319092275509,112319094356375,4231,42.310000000,center_after_f4,state,0,0.000000000,2048,0.001533981,2047,0.000000000,0,-0.003360000,1,-0.565000,5,0.000000000,2048,0.000000000,0,12.500,38,13494,0,1,
112319104360914,112319100007182,112319102276015,112319104360914,4232,42.320000000,center_after_f4,state,0,0.000000000,2048,0.001533981,2047,0.000000000,0,0.000000000,0,-0.678000,6,0.000000000,2048,0.000000000,0,12.500,38,13504,0,1,
112319114365711,112319110010490,112319112285605,112319114365711,4233,42.330000000,center_after_f4,state,0,0.000000000,2048,0.001533981,2047,0.000000000,0,-0.006720000,2,-0.678000,6,0.000000000,2048,0.000000000,0,12.500,38,13514,0,1,
112319124371604,112319120008784,112319122278774,112319124371604,4234,42.340000000,center_after_f4,state,0,0.000000000,2048,0.001533981,2047,0.000000000,0,-0.003360000,1,-0.791000,7,0.000000000,2048,0.000000000,0,12.500,38,13524,0,1,
112319134361232,112319130006821,112319132280740,112319134361232,4235,42.350000000,center_after_f4,state,0,0.000000000,2048,0.001533981,2047,0.000000000,0,-0.003360000,1,-0.791000,7,0.000000000,2048,0.000000000,0,12.500,38,13534,0,1,
112319144354974,112319140006609,112319142282451,112319144354974,4236,42.360000000,center_after_f4,state,0,0.000000000,2048,0.001533981,2047,0.000000000,0,-0.006720000,2,-0.791000,7,0.000000000,2048,0.000000000,0,12.500,38,13544,0,1,
112319154366764,112319150006904,112319152280873,112319154366764,4237,42.370000000,center_after_f4,state,0,0.000000000,2048,0.001533981,2047,0.000000000,0,-0.003360000,1,-0.452000,4,0.000000000,2048,0.000000000,0,12.500,38,13554,0,1,
112319164370011,112319160007716,112319162274832,112319164370011,4238,42.380000000,center_after_f4,state,0,0.000000000,2048,0.000000000,2048,0.000000000,0,-0.006720000,2,-0.791000,7,0.000000000,2048,0.000000000,0,12.500,38,13564,0,1,
112319174376126,112319170008979,112319172286935,112319174376126,4239,42.390000000,center_after_f4,state,0,0.000000000,2048,0.001533981,2047,0.000000000,0,-0.006720000,2,-0.678000,6,0.000000000,2048,0.000000000,0,12.500,38,13574,0,1,
112319184358061,112319180008224,112319182279332,112319184358061,4240,42.400000000,center_after_f4,state,0,0.000000000,2048,0.001533981,2047,0.000000000,0,-0.003360000,1,-0.791000,7,0.000000000,2048,0.000000000,0,12.500,38,13584,0,1,
112319194368946,112319190006643,112319192281088,112319194368946,4241,42.410000000,center_after_f4,state,0,0.000000000,2048,0.001533981,2047,0.000000000,0,-0.006720000,2,-0.678000,6,0.000000000,2048,0.000000000,0,12.500,38,13594,0,1,
112319204357791,112319200006573,112319202280081,112319204357791,4242,42.420000000,center_after_f4,state,0,0.000000000,2048,0.001533981,2047,0.000000000,0,-0.003360000,1,-0.226000,2,0.000000000,2048,0.000000000,0,12.500,38,13604,0,1,
112319214361083,112319210006583,112319212277397,112319214361083,4243,42.430000000,center_after_f4,state,0,0.000000000,2048,0.001533981,2047,0.000000000,0,-0.006720000,2,-0.339000,3,0.000000000,2048,0.000000000,0,12.500,38,13614,0,1,
112319224361062,112319220009247,112319222276666,112319224361062,4244,42.440000000,center_after_f4,state,0,0.000000000,2048,0.001533981,2047,0.000000000,0,-0.003360000,1,-0.791000,7,0.000000000,2048,0.000000000,0,12.500,38,13624,0,1,
112319234362610,112319230009263,112319232272510,112319234362610,4245,42.450000000,center_after_f4,state,0,0.000000000,2048,0.001533981,2047,0.000000000,0,-0.006720000,2,-0.791000,7,0.000000000,2048,0.000000000,0,12.500,38,13634,0,1,
112319244362937,112319240006349,112319242275930,112319244362937,4246,42.460000000,center_after_f4,state,0,0.000000000,2048,0.001533981,2047,0.000000000,0,-0.006720000,2,-0.678000,6,0.000000000,2048,0.000000000,0,12.500,38,13644,0,1,
112319254336977,112319250007240,112319252282006,112319254336977,4247,42.470000000,center_after_f4,state,0,0.000000000,2048,0.001533981,2047,0.000000000,0,-0.006720000,2,-0.791000,7,0.000000000,2048,0.000000000,0,12.500,38,13654,0,1,
112319264363375,112319260006609,112319262272768,112319264363375,4248,42.480000000,center_after_f4,state,0,0.000000000,2048,0.001533981,2047,0.000000000,0,-0.003360000,1,-0.565000,5,0.000000000,2048,0.000000000,0,12.500,38,13664,0,1,
112319274361309,112319270008344,112319272274377,112319274361309,4249,42.490000000,center_after_f4,state,0,0.000000000,2048,0.000000000,2048,0.000000000,0,-0.006720000,2,-0.678000,6,0.000000000,2048,0.000000000,0,12.500,38,13674,0,1,
112319284341251,112319280010753,112319282278108,112319284341251,4250,42.500000000,center_after_f4,state,0,0.000000000,2048,0.001533981,2047,0.000000000,0,-0.006720000,2,-0.678000,6,0.000000000,2048,0.000000000,0,12.500,38,13684,0,1,
112319294353239,112319290006805,112319292263322,112319294353239,4251,42.510000000,center_after_f4,state,0,0.000000000,2048,0.001533981,2047,0.000000000,0,-0.003360000,1,-0.904000,8,0.000000000,2048,0.000000000,0,12.500,38,13694,0,1,
112319304343223,112319300006270,112319302256150,112319304343223,4252,42.520000000,center_after_f4,state,0,0.000000000,2048,0.001533981,2047,0.000000000,0,-0.003360000,1,-0.791000,7,0.000000000,2048,0.000000000,0,12.500,38,13704,0,1,
112319314339753,112319310006472,112319312257453,112319314339753,4253,42.530000000,center_after_f4,state,0,0.000000000,2048,0.001533981,2047,0.000000000,0,-0.003360000,1,-0.791000,7,0.000000000,2048,0.000000000,0,12.500,38,13714,0,1,
