sequence,scheduled_time_s,phase,goal_rad,goal_tick,tx_start_ns,tx_end_ns
0,0.000000000,center,0.000000000,2048,114351404585836,114351404998686
1,0.010000000,center,0.000000000,2048,114351414653222,114351416013785
2,0.020000000,center,0.000000000,2048,114351424647823,114351424995740
3,0.030000000,center,0.000000000,2048,114351434649623,114351435999234
4,0.040000000,center,0.000000000,2048,114351444646656,114351445996094
5,0.050000000,center,0.000000000,2048,114351454649206,114351455998435
6,0.060000000,center,0.000000000,2048,114351464651127,114351465998891
7,0.070000000,center,0.000000000,2048,114351474647644,114351474995320
8,0.080000000,center,0.000000000,2048,114351484646734,114351485999263
9,0.090000000,center,0.000000000,2048,114351494646159,114351495996620
10,0.100000000,center,0.000000000,2048,114351504647183,114351505995560
11,0.110000000,center,0.000000000,2048,114351514646669,114351515995747
12,0.120000000,center,0.000000000,2048,114351524646000,114351525997756
13,0.130000000,center,0.000000000,2048,114351534649646,114351535998550
14,0.140000000,center,0.000000000,2048,114351544645687,114351544992224
15,0.150000000,center,0.000000000,2048,114351554657297,114351556016053
16,0.160000000,center,0.000000000,2048,114351564650515,114351566022313
17,0.170000000,center,0.000000000,2048,114351574643973,114351574991519
18,0.180000000,center,0.000000000,2048,114351584648408,114351585997570
19,0.190000000,center,0.000000000,2048,114351594648042,114351595997974
20,0.200000000,center,0.000000000,2048,114351604646594,114351604991945
21,0.210000000,center,0.000000000,2048,114351614643915,114351614991597
22,0.220000000,center,0.000000000,2048,114351624648586,114351624992294
23,0.230000000,center,0.000000000,2048,114351634646655,114351635994566
24,0.240000000,center,0.000000000,2048,114351644724958,114351646028312
25,0.250000000,center,0.000000000,2048,114351654660944,114351656015980
26,0.260000000,center,0.000000000,2048,114351664668901,114351666035350
27,0.270000000,center,0.000000000,2048,114351674667371,114351676019520
28,0.280000000,center,0.000000000,2048,114351684653784,114351686091875
29,0.290000000,center,0.000000000,2048,114351694647583,114351696087291
30,0.300000000,center,0.000000000,2048,114351704651333,114351706008673
31,0.310000000,center,0.000000000,2048,114351714647330,114351715974000
32,0.320000000,center,0.000000000,2048,114351724647586,114351725971036
33,0.330000000,center,0.000000000,2048,114351734654767,114351735984103
34,0.340000000,center,0.000000000,2048,114351744646064,114351745998413
35,0.350000000,center,0.000000000,2048,114351754658468,114351755998152
36,0.360000000,center,0.000000000,2048,114351764656551,114351766016679
37,0.370000000,center,0.000000000,2048,114351774649283,114351775971489
38,0.380000000,center,0.000000000,2048,114351784649038,114351785979832
39,0.390000000,center,0.000000000,2048,114351794646972,114351795970400
40,0.400000000,center,0.000000000,2048,114351804644829,114351805974715
41,0.410000000,center,0.000000000,2048,114351814649340,114351815975270
42,0.420000000,center,0.000000000,2048,114351824655302,114351826019986
43,0.430000000,center,0.000000000,2048,114351834645893,114351835978668
44,0.440000000,center,0.000000000,2048,114351844645896,114351845971337
45,0.450000000,center,0.000000000,2048,114351854647097,114351855983468
46,0.460000000,center,0.000000000,2048,114351864645014,114351865973139
47,0.470000000,center,0.000000000,2048,114351874646441,114351875985098
48,0.480000000,center,0.000000000,2048,114351884644934,114351885979983
49,0.490000000,center,0.000000000,2048,114351894646954,114351895972587
50,0.500000000,center,0.000000000,2048,114351904646072,114351904979024
51,0.510000000,center,0.000000000,2048,114351914646277,114351914980365
52,0.520000000,center,0.000000000,2048,114351924644636,114351924967621
53,0.530000000,center,0.000000000,2048,114351934645972,114351934978707
54,0.540000000,center,0.000000000,2048,114351944657751,114351946073204
55,0.550000000,center,0.000000000,2048,114351954646431,114351955042087
56,0.560000000,center,0.000000000,2048,114351964648907,114351966039618
57,0.570000000,center,0.000000000,2048,114351974645489,114351975051628
58,0.580000000,center,0.000000000,2048,114351984645417,114351986055599
59,0.590000000,center,0.000000000,2048,114351994645785,114351995043897
60,0.600000000,center,0.000000000,2048,114352004646712,114352006043575
61,0.610000000,center,0.000000000,2048,114352014643672,114352015047521
62,0.620000000,center,0.000000000,2048,114352024645287,114352025041862
63,0.630000000,center,0.000000000,2048,114352034645534,114352036040669
64,0.640000000,center,0.000000000,2048,114352044644421,114352045042044
65,0.650000000,center,0.000000000,2048,114352054645365,114352056062381
66,0.660000000,center,0.000000000,2048,114352064646953,114352066043509
67,0.670000000,center,0.000000000,2048,114352074658786,114352076066488
68,0.680000000,center,0.000000000,2048,114352084670630,114352086062956
69,0.690000000,center,0.000000000,2048,114352094648024,114352096016488
70,0.700000000,center,0.000000000,2048,114352104658880,114352105999743
71,0.710000000,center,0.000000000,2048,114352114649300,114352115997091
72,0.720000000,center,0.000000000,2048,114352124655123,114352125981972
73,0.730000000,center,0.000000000,2048,114352134665391,114352136082018
74,0.740000000,center,0.000000000,2048,114352144660983,114352146061465
75,0.750000000,center,0.000000000,2048,114352154645146,114352155044557
76,0.760000000,center,0.000000000,2048,114352164657871,114352165989223
77,0.770000000,center,0.000000000,2048,114352174652617,114352174946729
78,0.780000000,center,0.000000000,2048,114352184636341,114352184934160
79,0.790000000,center,0.000000000,2048,114352194646209,114352194916726
80,0.800000000,center,0.000000000,2048,114352204647232,114352204948744
81,0.810000000,center,0.000000000,2048,114352214646411,114352214939296
82,0.820000000,center,0.000000000,2048,114352224646197,114352224961235
83,0.830000000,center,0.000000000,2048,114352234662302,114352235997893
84,0.840000000,center,0.000000000,2048,114352244648691,114352245978474
85,0.850000000,center,0.000000000,2048,114352254658370,114352255991171
86,0.860000000,center,0.000000000,2048,114352264675677,114352265999127
87,0.870000000,center,0.000000000,2048,114352274655945,114352275969156
88,0.880000000,center,0.000000000,2048,114352284652005,114352285989921
89,0.890000000,center,0.000000000,2048,114352294648580,114352295952942
90,0.900000000,center,0.000000000,2048,114352304646737,114352305953054
91,0.910000000,center,0.000000000,2048,114352314647431,114352315959022
92,0.920000000,center,0.000000000,2048,114352324648075,114352325957909
93,0.930000000,center,0.000000000,2048,114352334653832,114352335966334
94,0.940000000,center,0.000000000,2048,114352344647455,114352345957728
95,0.950000000,center,0.000000000,2048,114352354647077,114352355959209
96,0.960000000,center,0.000000000,2048,114352364652213,114352365957213
97,0.970000000,center,0.000000000,2048,114352374649530,114352375951075
98,0.980000000,center,0.000000000,2048,114352384649307,114352385960118
99,0.990000000,center,0.000000000,2048,114352394647305,114352395951470
100,1.000000000,sine_f1,0.000000000,2048,114352404647769,114352405950376
101,1.010000000,sine_f1,0.001099512,2047,114352414650710,114352415961179
102,1.020000000,sine_f1,0.002198753,2047,114352424646848,114352425960215
103,1.030000000,sine_f1,0.003297452,2046,114352434662111,114352436061561
104,1.040000000,sine_f1,0.004395336,2045,114352444648208,114352445960832
105,1.050000000,sine_f1,0.005492137,2044,114352454650383,114352455967811
106,1.060000000,sine_f1,0.006587582,2044,114352464675676,114352465985715
107,1.070000000,sine_f1,0.007681402,2043,114352474646945,114352475960430
108,1.080000000,sine_f1,0.008773326,2042,114352484654113,114352485970221
109,1.090000000,sine_f1,0.009863086,2042,114352494648983,114352495966729
110,1.100000000,sine_f1,0.010950413,2041,114352504645129,114352505957186
111,1.110000000,sine_f1,0.012035037,2040,114352514666654,114352516074549
112,1.120000000,sine_f1,0.013116692,2039,114352524647004,114352525942432
113,1.130000000,sine_f1,0.014195111,2039,114352534645740,114352535970441
114,1.140000000,sine_f1,0.015270027,2038,114352544647606,114352545948711
115,1.150000000,sine_f1,0.016341175,2037,114352554647223,114352555967615
116,1.160000000,sine_f1,0.017408292,2037,114352564648913,114352565939516
117,1.170000000,sine_f1,0.018471113,2036,114352574659090,114352575945486
118,1.180000000,sine_f1,0.019529377,2035,114352584665753,114352585971346
119,1.190000000,sine_f1,0.020582823,2035,114352594649101,114352595934967
120,1.200000000,sine_f1,0.021631190,2034,114352604646350,114352605939660
121,1.210000000,sine_f1,0.022674219,2033,114352614647654,114352615926308
122,1.220000000,sine_f1,0.023711654,2033,114352624647049,114352625933260
123,1.230000000,sine_f1,0.024743239,2032,114352634728186,114352635945805
124,1.240000000,sine_f1,0.025768719,2031,114352644663769,114352646037216
125,1.250000000,sine_f1,0.026787840,2031,114352654665772,114352655954589
126,1.260000000,sine_f1,0.027800352,2030,114352664646356,114352664903141
127,1.270000000,sine_f1,0.028806005,2029,114352674645541,114352675912162
128,1.280000000,sine_f1,0.029804550,2029,114352684668316,114352685905808
129,1.290000000,sine_f1,0.030795742,2028,114352694648670,114352695891515
130,1.300000000,sine_f1,0.031779335,2027,114352704650299,114352705911497
131,1.310000000,sine_f1,0.032755087,2027,114352714645654,114352715909485
132,1.320000000,sine_f1,0.033722757,2026,114352724643357,114352725928565
133,1.330000000,sine_f1,0.034682107,2025,114352734646537,114352735937201
134,1.340000000,sine_f1,0.035632899,2025,114352744644538,114352745940024
135,1.350000000,sine_f1,0.036574900,2024,114352754651111,114352755941373
136,1.360000000,sine_f1,0.037507876,2024,114352764646990,114352765942240
137,1.370000000,sine_f1,0.038431597,2023,114352774643970,114352775947613
138,1.380000000,sine_f1,0.039345836,2022,114352784644376,114352785933757
139,1.390000000,sine_f1,0.040250368,2022,114352794644157,114352795934219
140,1.400000000,sine_f1,0.041144968,2021,114352804643819,114352805936542
141,1.410000000,sine_f1,0.042029416,2021,114352814647797,114352815937055
142,1.420000000,sine_f1,0.042903494,2020,114352824644981,114352825935909
143,1.430000000,sine_f1,0.043766986,2019,114352834644919,114352835934045
144,1.440000000,sine_f1,0.044619679,2019,114352844646299,114352845935565
145,1.450000000,sine_f1,0.045461363,2018,114352854646983,114352855937315
146,1.460000000,sine_f1,0.046291831,2018,114352864646761,114352865934580
147,1.470000000,sine_f1,0.047110876,2017,114352874643942,114352875938936
148,1.480000000,sine_f1,0.047918297,2017,114352884648688,114352885964688
149,1.490000000,sine_f1,0.048713896,2016,114352894644367,114352895951107
150,1.500000000,sine_f1,0.049497475,2016,114352904643521,114352905940633
151,1.510000000,sine_f1,0.050268841,2015,114352914644964,114352915940052
152,1.520000000,sine_f1,0.051027804,2015,114352924644158,114352925943490
153,1.530000000,sine_f1,0.051774177,2014,114352934647651,114352935960189
154,1.540000000,sine_f1,0.052507775,2014,114352944646302,114352945943338
155,1.550000000,sine_f1,0.053228418,2013,114352954655179,114352955923840
156,1.560000000,sine_f1,0.053935927,2013,114352964646299,114352965905778
157,1.570000000,sine_f1,0.054630129,2012,114352974645446,114352975904045
158,1.580000000,sine_f1,0.055310851,2012,114352984644661,114352985923230
159,1.590000000,sine_f1,0.055977926,2012,114352994643437,114352995919939
160,1.600000000,sine_f1,0.056631190,2011,114353004644038,114353005920239
161,1.610000000,sine_f1,0.057270480,2011,114353014644072,114353015916499
162,1.620000000,sine_f1,0.057895640,2010,114353024644713,114353025914716
163,1.630000000,sine_f1,0.058506515,2010,114353034644424,114353035925511
164,1.640000000,sine_f1,0.059102955,2009,114353044645745,114353045911015
165,1.650000000,sine_f1,0.059684812,2009,114353054643851,114353055916349
166,1.660000000,sine_f1,0.060251942,2009,114353064647395,114353065923845
167,1.670000000,sine_f1,0.060804206,2008,114353074643750,114353075912963
168,1.680000000,sine_f1,0.061341468,2008,114353084643966,114353085913712
169,1.690000000,sine_f1,0.061863594,2008,114353094648984,114353095911728
170,1.700000000,sine_f1,0.062370457,2007,114353104643937,114353105923707
171,1.710000000,sine_f1,0.062861930,2007,114353114646715,114353115915520
172,1.720000000,sine_f1,0.063337894,2007,114353124644098,114353125915209
173,1.730000000,sine_f1,0.063798229,2006,114353134644070,114353135917783
174,1.740000000,sine_f1,0.064242824,2006,114353144645448,114353145913103
175,1.750000000,sine_f1,0.064671567,2006,114353154644194,114353155914293
176,1.760000000,sine_f1,0.065084354,2006,114353164646342,114353165916877
177,1.770000000,sine_f1,0.065481082,2005,114353174647712,114353175917334
178,1.780000000,sine_f1,0.065861654,2005,114353184643463,114353185916174
179,1.790000000,sine_f1,0.066225975,2005,114353194643689,114353195915228
180,1.800000000,sine_f1,0.066573956,2005,114353204645204,114353205918584
181,1.810000000,sine_f1,0.066905511,2004,114353214644431,114353215929556
182,1.820000000,sine_f1,0.067220558,2004,114353224643389,114353225912321
183,1.830000000,sine_f1,0.067519019,2004,114353234644208,114353235914618
184,1.840000000,sine_f1,0.067800821,2004,114353244643402,114353245910585
185,1.850000000,sine_f1,0.068065894,2004,114353254646631,114353255917811
186,1.860000000,sine_f1,0.068314173,2003,114353264646683,114353265907785
187,1.870000000,sine_f1,0.068545597,2003,114353274643731,114353275912850
188,1.880000000,sine_f1,0.068760108,2003,114353284647678,114353285916122
189,1.890000000,sine_f1,0.068957653,2003,114353294648006,114353295939307
190,1.900000000,sine_f1,0.069138184,2003,114353304644116,114353305963462
191,1.910000000,sine_f1,0.069301656,2003,114353314647811,114353315983771
192,1.920000000,sine_f1,0.069448029,2003,114353324643342,114353325985581
193,1.930000000,sine_f1,0.069577267,2003,114353334643449,114353335919139
194,1.940000000,sine_f1,0.069689338,2003,114353344646818,114353345917547
195,1.950000000,sine_f1,0.069784213,2003,114353354646452,114353355918928
196,1.960000000,sine_f1,0.069861871,2002,114353364646253,114353365930285
197,1.970000000,sine_f1,0.069922291,2002,114353374646462,114353375914579
198,1.980000000,sine_f1,0.069965459,2002,114353384644816,114353385897506
199,1.990000000,sine_f1,0.069991364,2002,114353394648748,114353395895238
200,2.000000000,sine_f1,0.070000000,2002,114353404647272,114353405892860
201,2.010000000,sine_f1,0.069991364,2002,114353414647275,114353415895203
202,2.020000000,sine_f1,0.069965459,2002,114353424645055,114353425968159
203,2.030000000,sine_f1,0.069922291,2002,114353434646118,114353435958672
204,2.040000000,sine_f1,0.069861871,2002,114353444646025,114353445917138
205,2.050000000,sine_f1,0.069784213,2003,114353454645947,114353455962710
206,2.060000000,sine_f1,0.069689338,2003,114353464646458,114353465893972
207,2.070000000,sine_f1,0.069577267,2003,114353474644069,114353475893901
208,2.080000000,sine_f1,0.069448029,2003,114353484646518,114353485894064
209,2.090000000,sine_f1,0.069301656,2003,114353494643269,114353495894742
210,2.100000000,sine_f1,0.069138184,2003,114353504646415,114353505891448
211,2.110000000,sine_f1,0.068957653,2003,114353514646092,114353515893094
212,2.120000000,sine_f1,0.068760108,2003,114353524664352,114353525929148
213,2.130000000,sine_f1,0.068545597,2003,114353534648005,114353535901373
214,2.140000000,sine_f1,0.068314173,2003,114353544648049,114353545894218
215,2.150000000,sine_f1,0.068065894,2004,114353554646487,114353555915294
216,2.160000000,sine_f1,0.067800821,2004,114353564650489,114353565895626
217,2.170000000,sine_f1,0.067519019,2004,114353574646565,114353575892331
218,2.180000000,sine_f1,0.067220558,2004,114353584644776,114353585915640
219,2.190000000,sine_f1,0.066905511,2004,114353594644792,114353595886484
220,2.200000000,sine_f1,0.066573956,2005,114353604646810,114353605893544
221,2.210000000,sine_f1,0.066225975,2005,114353614646951,114353615899011
222,2.220000000,sine_f1,0.065861654,2005,114353624645744,114353625896054
223,2.230000000,sine_f1,0.065481082,2005,114353634644638,114353635899057
224,2.240000000,sine_f1,0.065084354,2006,114353644645463,114353645891461
225,2.250000000,sine_f1,0.064671567,2006,114353654646482,114353655896716
226,2.260000000,sine_f1,0.064242824,2006,114353664650206,114353665902683
227,2.270000000,sine_f1,0.063798229,2006,114353674644952,114353675892409
228,2.280000000,sine_f1,0.063337894,2007,114353684644520,114353685898885
229,2.290000000,sine_f1,0.062861930,2007,114353694646036,114353695889909
230,2.300000000,sine_f1,0.062370457,2007,114353704644092,114353705894317
231,2.310000000,sine_f1,0.061863594,2008,114353714647793,114353715894596
232,2.320000000,sine_f1,0.061341468,2008,114353724643763,114353725891999
233,2.330000000,sine_f1,0.060804206,2008,114353734643830,114353735923566
234,2.340000000,sine_f1,0.060251942,2009,114353744643874,114353745894430
235,2.350000000,sine_f1,0.059684812,2009,114353754648171,114353755896976
236,2.360000000,sine_f1,0.059102955,2009,114353764647293,114353765878177
237,2.370000000,sine_f1,0.058506515,2010,114353774644435,114353775892077
238,2.380000000,sine_f1,0.057895640,2010,114353784646694,114353785891247
239,2.390000000,sine_f1,0.057270480,2011,114353794643643,114353795890353
240,2.400000000,sine_f1,0.056631190,2011,114353804643397,114353805891671
241,2.410000000,sine_f1,0.055977926,2012,114353814643535,114353815892682
242,2.420000000,sine_f1,0.055310851,2012,114353824646263,114353825893489
243,2.430000000,sine_f1,0.054630129,2012,114353834643310,114353835892838
244,2.440000000,sine_f1,0.053935927,2013,114353844645361,114353845871195
245,2.450000000,sine_f1,0.053228418,2013,114353854646080,114353855867693
246,2.460000000,sine_f1,0.052507775,2014,114353864648717,114353865874863
247,2.470000000,sine_f1,0.051774177,2014,114353874646894,114353875865763
248,2.480000000,sine_f1,0.051027804,2015,114353884655696,114353885885248
249,2.490000000,sine_f1,0.050268841,2015,114353894649024,114353895880491
250,2.500000000,sine_f1,0.049497475,2016,114353904645756,114353905883178
251,2.510000000,sine_f1,0.048713896,2016,114353914644480,114353915882092
252,2.520000000,sine_f1,0.047918297,2017,114353924644724,114353925873204
253,2.530000000,sine_f1,0.047110876,2017,114353934644524,114353935873892
254,2.540000000,sine_f1,0.046291831,2018,114353944645631,114353945872043
255,2.550000000,sine_f1,0.045461363,2018,114353954647962,114353955875123
256,2.560000000,sine_f1,0.044619679,2019,114353964646553,114353965877037
257,2.570000000,sine_f1,0.043766986,2019,114353974645636,114353975872014
258,2.580000000,sine_f1,0.042903494,2020,114353984645450,114353985875855
259,2.590000000,sine_f1,0.042029416,2021,114353994643756,114353995875352
260,2.600000000,sine_f1,0.041144968,2021,114354004647449,114354005869889
261,2.610000000,sine_f1,0.040250368,2022,114354014643632,114354015874247
262,2.620000000,sine_f1,0.039345836,2022,114354024644909,114354025869081
263,2.630000000,sine_f1,0.038431597,2023,114354034644133,114354035869949
264,2.640000000,sine_f1,0.037507876,2024,114354044643002,114354045871185
265,2.650000000,sine_f1,0.036574900,2024,114354054646402,114354055871897
266,2.660000000,sine_f1,0.035632899,2025,114354064646120,114354065872444
267,2.670000000,sine_f1,0.034682107,2025,114354074643684,114354075871633
268,2.680000000,sine_f1,0.033722757,2026,114354084646887,114354085868095
269,2.690000000,sine_f1,0.032755087,2027,114354094649714,114354095872121
270,2.700000000,sine_f1,0.031779335,2027,114354104645472,114354105868342
271,2.710000000,sine_f1,0.030795742,2028,114354114646392,114354115870279
272,2.720000000,sine_f1,0.029804550,2029,114354124643758,114354125871579
273,2.730000000,sine_f1,0.028806005,2029,114354134645078,114354135870513
274,2.740000000,sine_f1,0.027800352,2030,114354144645352,114354145878459
275,2.750000000,sine_f1,0.026787840,2031,114354154645925,114354155873317
276,2.760000000,sine_f1,0.025768719,2031,114354164645982,114354165877027
277,2.770000000,sine_f1,0.024743239,2032,114354174644549,114354175871180
278,2.780000000,sine_f1,0.023711654,2033,114354184645650,114354185871224
279,2.790000000,sine_f1,0.022674219,2033,114354194643905,114354195868716
280,2.800000000,sine_f1,0.021631190,2034,114354204643385,114354205868820
281,2.810000000,sine_f1,0.020582823,2035,114354214643390,114354215870636
282,2.820000000,sine_f1,0.019529377,2035,114354224644084,114354225869899
283,2.830000000,sine_f1,0.018471113,2036,114354234643988,114354235870241
284,2.840000000,sine_f1,0.017408292,2037,114354244644026,114354245877993
285,2.850000000,sine_f1,0.016341175,2037,114354254646180,114354255855169
286,2.860000000,sine_f1,0.015270027,2038,114354264648384,114354265859686
287,2.870000000,sine_f1,0.014195111,2039,114354274643631,114354275850312
288,2.880000000,sine_f1,0.013116692,2039,114354284651632,114354285852135
289,2.890000000,sine_f1,0.012035037,2040,114354294646059,114354295850096
290,2.900000000,sine_f1,0.010950413,2041,114354304644523,114354305882417
291,2.910000000,sine_f1,0.009863086,2042,114354314649663,114354315869637
292,2.920000000,sine_f1,0.008773326,2042,114354324646710,114354325848427
293,2.930000000,sine_f1,0.007681402,2043,114354334645494,114354335852563
294,2.940000000,sine_f1,0.006587582,2044,114354344645888,114354345849257
295,2.950000000,sine_f1,0.005492137,2044,114354354660753,114354355864874
296,2.960000000,sine_f1,0.004395336,2045,114354364651380,114354365854392
297,2.970000000,sine_f1,0.003297452,2046,114354374646904,114354375849270
298,2.980000000,sine_f1,0.002198753,2047,114354384653471,114354385820497
299,2.990000000,sine_f1,0.001099512,2047,114354394647452,114354395833951
300,3.000000000,sine_f1,0.000000000,2048,114354404655074,114354405982227
301,3.010000000,sine_f1,-0.001099512,2049,114354414668479,114354415882192
302,3.020000000,sine_f1,-0.002198753,2049,114354424663325,114354425881840
303,3.030000000,sine_f1,-0.003297452,2050,114354434722525,114354435866466
304,3.040000000,sine_f1,-0.004395336,2051,114354444721085,114354445868544
305,3.050000000,sine_f1,-0.005492137,2052,114354454669812,114354455865751
306,3.060000000,sine_f1,-0.006587582,2052,114354464680313,114354465893495
307,3.070000000,sine_f1,-0.007681402,2053,114354474657714,114354475863941
308,3.080000000,sine_f1,-0.008773326,2054,114354484722390,114354485869172
309,3.090000000,sine_f1,-0.009863086,2054,114354494727790,114354495863791
310,3.100000000,sine_f1,-0.010950413,2055,114354504681535,114354505900590
311,3.110000000,sine_f1,-0.012035037,2056,114354514662046,114354515856942
312,3.120000000,sine_f1,-0.013116692,2057,114354524720567,114354525875616
313,3.130000000,sine_f1,-0.014195111,2057,114354534729131,114354535863454
314,3.140000000,sine_f1,-0.015270027,2058,114354544684750,114354545875419
315,3.150000000,sine_f1,-0.016341175,2059,114354554669899,114354555863907
316,3.160000000,sine_f1,-0.017408292,2059,114354564725059,114354565863350
317,3.170000000,sine_f1,-0.018471113,2060,114354574657937,114354575864012
318,3.180000000,sine_f1,-0.019529377,2061,114354584681854,114354585877204
319,3.190000000,sine_f1,-0.020582823,2061,114354594729340,114354595881807
320,3.200000000,sine_f1,-0.021631190,2062,114354604722559,114354605846665
321,3.210000000,sine_f1,-0.022674219,2063,114354614729912,114354615863845
322,3.220000000,sine_f1,-0.023711654,2063,114354624682572,114354625861548
323,3.230000000,sine_f1,-0.024743239,2064,114354634726126,114354635864548
324,3.240000000,sine_f1,-0.025768719,2065,114354644737008,114354645862195
325,3.250000000,sine_f1,-0.026787840,2065,114354654669482,114354655860928
326,3.260000000,sine_f1,-0.027800352,2066,114354664678926,114354665860454
327,3.270000000,sine_f1,-0.028806005,2067,114354674656348,114354675843816
328,3.280000000,sine_f1,-0.029804550,2067,114354684733506,114354685866408
329,3.290000000,sine_f1,-0.030795742,2068,114354694656400,114354695847308
330,3.300000000,sine_f1,-0.031779335,2069,114354704649795,114354705854594
331,3.310000000,sine_f1,-0.032755087,2069,114354714659498,114354715835047
332,3.320000000,sine_f1,-0.033722757,2070,114354724649694,114354725834415
333,3.330000000,sine_f1,-0.034682107,2071,114354734664090,114354735841754
334,3.340000000,sine_f1,-0.035632899,2071,114354744650045,114354745829723
335,3.350000000,sine_f1,-0.036574900,2072,114354754650532,114354755838894
336,3.360000000,sine_f1,-0.037507876,2072,114354764666358,114354765836871
337,3.370000000,sine_f1,-0.038431597,2073,114354774647952,114354775832425
338,3.380000000,sine_f1,-0.039345836,2074,114354784665808,114354785857651
339,3.390000000,sine_f1,-0.040250368,2074,114354794662553,114354795882346
340,3.400000000,sine_f1,-0.041144968,2075,114354804663774,114354805843188
341,3.410000000,sine_f1,-0.042029416,2075,114354814662472,114354815838694
342,3.420000000,sine_f1,-0.042903494,2076,114354824665400,114354825852688
343,3.430000000,sine_f1,-0.043766986,2077,114354834682438,114354835847605
344,3.440000000,sine_f1,-0.044619679,2077,114354844647390,114354845805791
345,3.450000000,sine_f1,-0.045461363,2078,114354854658560,114354855803796
346,3.460000000,sine_f1,-0.046291831,2078,114354864645013,114354865822475
347,3.470000000,sine_f1,-0.047110876,2079,114354874652712,114354875828800
348,3.480000000,sine_f1,-0.047918297,2079,114354884655935,114354885866952
349,3.490000000,sine_f1,-0.048713896,2080,114354894654493,114354895812521
350,3.500000000,sine_f1,-0.049497475,2080,114354904640619,114354905879152
351,3.510000000,sine_f1,-0.050268841,2081,114354914639336,114354915868336
352,3.520000000,sine_f1,-0.051027804,2081,114354924662012,114354925895371
353,3.530000000,sine_f1,-0.051774177,2082,114354934660368,114354935896923
354,3.540000000,sine_f1,-0.052507775,2082,114354944656916,114354945918143
355,3.550000000,sine_f1,-0.053228418,2083,114354954655179,114354955900633
356,3.560000000,sine_f1,-0.053935927,2083,114354964647151,114354965896174
357,3.570000000,sine_f1,-0.054630129,2084,114354974646871,114354975895860
358,3.580000000,sine_f1,-0.055310851,2084,114354984644776,114354985896846
359,3.590000000,sine_f1,-0.055977926,2084,114354994647080,114354995987525
360,3.600000000,sine_f1,-0.056631190,2085,114355004646125,114355005896451
361,3.610000000,sine_f1,-0.057270480,2085,114355014652122,114355015902762
362,3.620000000,sine_f1,-0.057895640,2086,114355024646057,114355025900204
363,3.630000000,sine_f1,-0.058506515,2086,114355034648218,114355035905643
364,3.640000000,sine_f1,-0.059102955,2087,114355044646195,114355045894539
365,3.650000000,sine_f1,-0.059684812,2087,114355054647712,114355055894515
366,3.660000000,sine_f1,-0.060251942,2087,114355064648953,114355065896802
367,3.670000000,sine_f1,-0.060804206,2088,114355074647931,114355075903361
368,3.680000000,sine_f1,-0.061341468,2088,114355084648148,114355085898704
369,3.690000000,sine_f1,-0.061863594,2088,114355094650426,114355095881818
370,3.700000000,sine_f1,-0.062370457,2089,114355104649567,114355105830132
371,3.710000000,sine_f1,-0.062861930,2089,114355114649586,114355115807544
372,3.720000000,sine_f1,-0.063337894,2089,114355124648388,114355125798348
373,3.730000000,sine_f1,-0.063798229,2090,114355134647249,114355135801611
374,3.740000000,sine_f1,-0.064242824,2090,114355144652522,114355145805278
375,3.750000000,sine_f1,-0.064671567,2090,114355154660696,114355155829361
376,3.760000000,sine_f1,-0.065084354,2090,114355164669913,114355165846642
377,3.770000000,sine_f1,-0.065481082,2091,114355174656596,114355175822717
378,3.780000000,sine_f1,-0.065861654,2091,114355184729884,114355185818717
379,3.790000000,sine_f1,-0.066225975,2091,114355194727962,114355195822075
380,3.800000000,sine_f1,-0.066573956,2091,114355204727184,114355206028728
381,3.810000000,sine_f1,-0.066905511,2092,114355214726643,114355216032968
382,3.820000000,sine_f1,-0.067220558,2092,114355224647273,114355225880156
383,3.830000000,sine_f1,-0.067519019,2092,114355234647132,114355235872553
384,3.840000000,sine_f1,-0.067800821,2092,114355244644317,114355245867602
385,3.850000000,sine_f1,-0.068065894,2092,114355254649690,114355255805512
386,3.860000000,sine_f1,-0.068314173,2093,114355264646977,114355265802748
387,3.870000000,sine_f1,-0.068545597,2093,114355274660180,114355275826467
388,3.880000000,sine_f1,-0.068760108,2093,114355284667566,114355285817405
389,3.890000000,sine_f1,-0.068957653,2093,114355294727283,114355295817374
390,3.900000000,sine_f1,-0.069138184,2093,114355304730955,114355305824525
391,3.910000000,sine_f1,-0.069301656,2093,114355314658829,114355315825665
392,3.920000000,sine_f1,-0.069448029,2093,114355324669259,114355325827123
393,3.930000000,sine_f1,-0.069577267,2093,114355334725902,114355335809825
394,3.940000000,sine_f1,-0.069689338,2093,114355344669884,114355345811563
395,3.950000000,sine_f1,-0.069784213,2093,114355354719714,114355355823252
396,3.960000000,sine_f1,-0.069861871,2094,114355364721854,114355365828503
397,3.970000000,sine_f1,-0.069922291,2094,114355374721514,114355375830743
398,3.980000000,sine_f1,-0.069965459,2094,114355384681856,114355385826159
399,3.990000000,sine_f1,-0.069991364,2094,114355394723758,114355395837592
400,4.000000000,sine_f1,-0.070000000,2094,114355404675236,114355405883409
401,4.010000000,sine_f1,-0.069991364,2094,114355414649566,114355415840786
402,4.020000000,sine_f1,-0.069965459,2094,114355424651597,114355425829943
403,4.030000000,sine_f1,-0.069922291,2094,114355434645604,114355435812090
404,4.040000000,sine_f1,-0.069861871,2094,114355444646571,114355445808037
405,4.050000000,sine_f1,-0.069784213,2093,114355454647589,114355455812559
406,4.060000000,sine_f1,-0.069689338,2093,114355464645962,114355465811149
407,4.070000000,sine_f1,-0.069577267,2093,114355474645685,114355475807658
408,4.080000000,sine_f1,-0.069448029,2093,114355484647277,114355485811439
409,4.090000000,sine_f1,-0.069301656,2093,114355494646046,114355495873836
410,4.100000000,sine_f1,-0.069138184,2093,114355504650576,114355505810120
411,4.110000000,sine_f1,-0.068957653,2093,114355514645073,114355515786081
412,4.120000000,sine_f1,-0.068760108,2093,114355524646527,114355525788324
413,4.130000000,sine_f1,-0.068545597,2093,114355534652895,114355535792617
414,4.140000000,sine_f1,-0.068314173,2093,114355544651178,114355545794539
415,4.150000000,sine_f1,-0.068065894,2092,114355554645924,114355555787685
416,4.160000000,sine_f1,-0.067800821,2092,114355564647646,114355565790937
417,4.170000000,sine_f1,-0.067519019,2092,114355574649053,114355575800430
418,4.180000000,sine_f1,-0.067220558,2092,114355584652799,114355585827622
419,4.190000000,sine_f1,-0.066905511,2092,114355594647298,114355595789232
420,4.200000000,sine_f1,-0.066573956,2091,114355604648834,114355605790211
421,4.210000000,sine_f1,-0.066225975,2091,114355614646427,114355615785995
422,4.220000000,sine_f1,-0.065861654,2091,114355624653580,114355625797127
423,4.230000000,sine_f1,-0.065481082,2091,114355634657643,114355635850512
424,4.240000000,sine_f1,-0.065084354,2090,114355644659794,114355645806171
425,4.250000000,sine_f1,-0.064671567,2090,114355654653294,114355655801471
426,4.260000000,sine_f1,-0.064242824,2090,114355664659849,114355665795344
427,4.270000000,sine_f1,-0.063798229,2090,114355674646240,114355675794127
428,4.280000000,sine_f1,-0.063337894,2089,114355684652439,114355685802681
429,4.290000000,sine_f1,-0.062861930,2089,114355694645489,114355695788679
430,4.300000000,sine_f1,-0.062370457,2089,114355704651604,114355705788285
431,4.310000000,sine_f1,-0.061863594,2088,114355714644616,114355715786091
432,4.320000000,sine_f1,-0.061341468,2088,114355724647701,114355725788596
433,4.330000000,sine_f1,-0.060804206,2088,114355734646662,114355735791625
434,4.340000000,sine_f1,-0.060251942,2087,114355744645644,114355745793436
435,4.350000000,sine_f1,-0.059684812,2087,114355754645129,114355755787813
436,4.360000000,sine_f1,-0.059102955,2087,114355764647027,114355765788580
437,4.370000000,sine_f1,-0.058506515,2086,114355774645393,114355775788671
438,4.380000000,sine_f1,-0.057895640,2086,114355784645853,114355785791575
439,4.390000000,sine_f1,-0.057270480,2085,114355794645328,114355795783632
440,4.400000000,sine_f1,-0.056631190,2085,114355804724101,114355805804288
441,4.410000000,sine_f1,-0.055977926,2084,114355814732713,114355815801434
442,4.420000000,sine_f1,-0.055310851,2084,114355824723007,114355825866699
443,4.430000000,sine_f1,-0.054630129,2084,114355834723231,114355835988965
444,4.440000000,sine_f1,-0.053935927,2083,114355844670116,114355845863505
445,4.450000000,sine_f1,-0.053228418,2083,114355854726224,114355855873548
446,4.460000000,sine_f1,-0.052507775,2082,114355864722746,114355865865085
447,4.470000000,sine_f1,-0.051774177,2082,114355874723143,114355875868809
448,4.480000000,sine_f1,-0.051027804,2081,114355884726877,114355885868553
449,4.490000000,sine_f1,-0.050268841,2081,114355894668293,114355895834294
450,4.500000000,sine_f1,-0.049497475,2080,114355904649381,114355905773140
451,4.510000000,sine_f1,-0.048713896,2080,114355914727541,114355915800856
452,4.520000000,sine_f1,-0.047918297,2079,114355924731689,114355925808762
453,4.530000000,sine_f1,-0.047110876,2079,114355934733449,114355935801704
454,4.540000000,sine_f1,-0.046291831,2078,114355944669998,114355945786157
455,4.550000000,sine_f1,-0.045461363,2078,114355954720900,114355955799087
456,4.560000000,sine_f1,-0.044619679,2077,114355964720506,114355965784093
457,4.570000000,sine_f1,-0.043766986,2077,114355974721738,114355975863380
458,4.580000000,sine_f1,-0.042903494,2076,114355984722520,114355985741693
459,4.590000000,sine_f1,-0.042029416,2075,114355994652051,114355995745725
460,4.600000000,sine_f1,-0.041144968,2075,114356004655376,114356005741429
461,4.610000000,sine_f1,-0.040250368,2074,114356014641925,114356015750115
462,4.620000000,sine_f1,-0.039345836,2074,114356024640741,114356025741264
463,4.630000000,sine_f1,-0.038431597,2073,114356034658886,114356035748916
464,4.640000000,sine_f1,-0.037507876,2072,114356044660975,114356045769980
465,4.650000000,sine_f1,-0.036574900,2072,114356054654941,114356055771604
466,4.660000000,sine_f1,-0.035632899,2071,114356064656816,114356065783245
467,4.670000000,sine_f1,-0.034682107,2071,114356074655310,114356075772132
468,4.680000000,sine_f1,-0.033722757,2070,114356084652190,114356085773676
469,4.690000000,sine_f1,-0.032755087,2069,114356094653426,114356095776632
470,4.700000000,sine_f1,-0.031779335,2069,114356104653116,114356105803010
471,4.710000000,sine_f1,-0.030795742,2068,114356114661225,114356115778891
472,4.720000000,sine_f1,-0.029804550,2067,114356124656584,114356125770824
473,4.730000000,sine_f1,-0.028806005,2067,114356134658220,114356135783552
474,4.740000000,sine_f1,-0.027800352,2066,114356144648318,114356145767968
475,4.750000000,sine_f1,-0.026787840,2065,114356154656047,114356155783474
476,4.760000000,sine_f1,-0.025768719,2065,114356164654351,114356165775271
477,4.770000000,sine_f1,-0.024743239,2064,114356174654060,114356175772502
478,4.780000000,sine_f1,-0.023711654,2063,114356184658453,114356185789037
479,4.790000000,sine_f1,-0.022674219,2063,114356194669740,114356195838550
480,4.800000000,sine_f1,-0.021631190,2062,114356204655438,114356205783428
481,4.810000000,sine_f1,-0.020582823,2061,114356214661758,114356215773571
482,4.820000000,sine_f1,-0.019529377,2061,114356224656890,114356225784367
483,4.830000000,sine_f1,-0.018471113,2060,114356234665487,114356235810438
484,4.840000000,sine_f1,-0.017408292,2059,114356244676564,114356245787419
485,4.850000000,sine_f1,-0.016341175,2059,114356254666156,114356255765257
486,4.860000000,sine_f1,-0.015270027,2058,114356264654414,114356265775223
487,4.870000000,sine_f1,-0.014195111,2057,114356274662484,114356275775747
488,4.880000000,sine_f1,-0.013116692,2057,114356284646585,114356285764942
489,4.890000000,sine_f1,-0.012035037,2056,114356294652085,114356295768250
490,4.900000000,sine_f1,-0.010950413,2055,114356304659351,114356305782425
491,4.910000000,sine_f1,-0.009863086,2054,114356314662280,114356315766538
492,4.920000000,sine_f1,-0.008773326,2054,114356324649814,114356325765309
493,4.930000000,sine_f1,-0.007681402,2053,114356334648623,114356335792816
494,4.940000000,sine_f1,-0.006587582,2052,114356344646867,114356345754162
495,4.950000000,sine_f1,-0.005492137,2052,114356354646707,114356355751697
496,4.960000000,sine_f1,-0.004395336,2051,114356364645256,114356365766035
497,4.970000000,sine_f1,-0.003297452,2050,114356374645044,114356375755315
498,4.980000000,sine_f1,-0.002198753,2049,114356384645306,114356385776336
499,4.990000000,sine_f1,-0.001099512,2049,114356394645851,114356395732006
500,5.000000000,sine_f1,-0.000000000,2048,114356404643720,114356405714756
501,5.010000000,sine_f1,0.001099512,2047,114356414636648,114356415723018
502,5.020000000,sine_f1,0.002198753,2047,114356424645105,114356425737103
503,5.030000000,sine_f1,0.003297452,2046,114356434644791,114356435772711
504,5.040000000,sine_f1,0.004395336,2045,114356444646219,114356445764366
505,5.050000000,sine_f1,0.005492137,2044,114356454644749,114356455748759
506,5.060000000,sine_f1,0.006587582,2044,114356464645044,114356465763564
507,5.070000000,sine_f1,0.007681402,2043,114356474643920,114356475753440
508,5.080000000,sine_f1,0.008773326,2042,114356484644273,114356485757233
509,5.090000000,sine_f1,0.009863086,2042,114356494646233,114356495751390
510,5.100000000,sine_f1,0.010950413,2041,114356504647783,114356505752408
511,5.110000000,sine_f1,0.012035037,2040,114356514644697,114356515765522
512,5.120000000,sine_f1,0.013116692,2039,114356524645825,114356525749365
513,5.130000000,sine_f1,0.014195111,2039,114356534654280,114356535782706
514,5.140000000,sine_f1,0.015270027,2038,114356544646734,114356545749228
515,5.150000000,sine_f1,0.016341175,2037,114356554656514,114356555756716
516,5.160000000,sine_f1,0.017408292,2037,114356564646254,114356565747569
517,5.170000000,sine_f1,0.018471113,2036,114356574650269,114356575754390
518,5.180000000,sine_f1,0.019529377,2035,114356584653635,114356585750932
519,5.190000000,sine_f1,0.020582823,2035,114356594645113,114356595750080
520,5.200000000,sine_f1,0.021631190,2034,114356604644389,114356605752291
521,5.210000000,sine_f1,0.022674219,2033,114356614653757,114356615755403
522,5.220000000,sine_f1,0.023711654,2033,114356624643264,114356625735611
523,5.230000000,sine_f1,0.024743239,2032,114356634654455,114356635755407
524,5.240000000,sine_f1,0.025768719,2031,114356644645842,114356645748487
525,5.250000000,sine_f1,0.026787840,2031,114356654645160,114356655751395
526,5.260000000,sine_f1,0.027800352,2030,114356664644808,114356665753475
527,5.270000000,sine_f1,0.028806005,2029,114356674645080,114356675753513
528,5.280000000,sine_f1,0.029804550,2029,114356684649295,114356685741654
529,5.290000000,sine_f1,0.030795742,2028,114356694644102,114356695744208
530,5.300000000,sine_f1,0.031779335,2027,114356704643753,114356705728915
531,5.310000000,sine_f1,0.032755087,2027,114356714643875,114356715725046
532,5.320000000,sine_f1,0.033722757,2026,114356724646480,114356725755291
533,5.330000000,sine_f1,0.034682107,2025,114356734646284,114356735814175
534,5.340000000,sine_f1,0.035632899,2025,114356744644494,114356745727012
535,5.350000000,sine_f1,0.036574900,2024,114356754649167,114356755747907
536,5.360000000,sine_f1,0.037507876,2024,114356764654937,114356765734417
537,5.370000000,sine_f1,0.038431597,2023,114356774647642,114356775710591
538,5.380000000,sine_f1,0.039345836,2022,114356784656639,114356785748475
539,5.390000000,sine_f1,0.040250368,2022,114356794646108,114356795731336
540,5.400000000,sine_f1,0.041144968,2021,114356804645698,114356805793860
541,5.410000000,sine_f1,0.042029416,2021,114356814654777,114356815791040
542,5.420000000,sine_f1,0.042903494,2020,114356824645558,114356825790456
543,5.430000000,sine_f1,0.043766986,2019,114356834645730,114356835729809
544,5.440000000,sine_f1,0.044619679,2019,114356844645216,114356845793790
545,5.450000000,sine_f1,0.045461363,2018,114356854650784,114356855766652
546,5.460000000,sine_f1,0.046291831,2018,114356864646090,114356865791533
547,5.470000000,sine_f1,0.047110876,2017,114356874624747,114356875820597
548,5.480000000,sine_f1,0.047918297,2017,114356884646321,114356885799834
549,5.490000000,sine_f1,0.048713896,2016,114356894646796,114356895795607
550,5.500000000,sine_f1,0.049497475,2016,114356904646544,114356905788006
551,5.510000000,sine_f1,0.050268841,2015,114356914648111,114356915778714
552,5.520000000,sine_f1,0.051027804,2015,114356924665862,114356925739273
553,5.530000000,sine_f1,0.051774177,2014,114356934720450,114356935790774
554,5.540000000,sine_f1,0.052507775,2014,114356944725398,114356945741674
555,5.550000000,sine_f1,0.053228418,2013,114356954721537,114356955742966
556,5.560000000,sine_f1,0.053935927,2013,114356964722992,114356965742831
557,5.570000000,sine_f1,0.054630129,2012,114356974725190,114356975744343
558,5.580000000,sine_f1,0.055310851,2012,114356984726453,114356985764052
559,5.590000000,sine_f1,0.055977926,2012,114356994657571,114356995743256
560,5.600000000,sine_f1,0.056631190,2011,114357004664815,114357005749656
561,5.610000000,sine_f1,0.057270480,2011,114357014658562,114357015743931
562,5.620000000,sine_f1,0.057895640,2010,114357024653266,114357025729937
563,5.630000000,sine_f1,0.058506515,2010,114357034649122,114357035741093
564,5.640000000,sine_f1,0.059102955,2009,114357044646740,114357045715962
565,5.650000000,sine_f1,0.059684812,2009,114357054655041,114357055739989
566,5.660000000,sine_f1,0.060251942,2009,114357064652413,114357065731485
567,5.670000000,sine_f1,0.060804206,2008,114357074648575,114357075714170
568,5.680000000,sine_f1,0.061341468,2008,114357084660288,114357085757142
569,5.690000000,sine_f1,0.061863594,2008,114357094648827,114357095726981
570,5.700000000,sine_f1,0.062370457,2007,114357104654017,114357105718959
571,5.710000000,sine_f1,0.062861930,2007,114357114651942,114357115728672
572,5.720000000,sine_f1,0.063337894,2007,114357124648905,114357125711955
573,5.730000000,sine_f1,0.063798229,2006,114357134655297,114357135737038
574,5.740000000,sine_f1,0.064242824,2006,114357144646159,114357145734051
575,5.750000000,sine_f1,0.064671567,2006,114357154646582,114357155712585
576,5.760000000,sine_f1,0.065084354,2006,114357164652004,114357165731447
577,5.770000000,sine_f1,0.065481082,2005,114357174646830,114357175725770
578,5.780000000,sine_f1,0.065861654,2005,114357184646213,114357185716465
579,5.790000000,sine_f1,0.066225975,2005,114357194646856,114357195711283
580,5.800000000,sine_f1,0.066573956,2005,114357204662220,114357205723229
581,5.810000000,sine_f1,0.066905511,2004,114357214676484,114357215755727
582,5.820000000,sine_f1,0.067220558,2004,114357224670371,114357225738880
583,5.830000000,sine_f1,0.067519019,2004,114357234681663,114357235719606
584,5.840000000,sine_f1,0.067800821,2004,114357244722897,114357245702355
585,5.850000000,sine_f1,0.068065894,2004,114357254723473,114357255722199
586,5.860000000,sine_f1,0.068314173,2003,114357264660192,114357265718173
587,5.870000000,sine_f1,0.068545597,2003,114357274677389,114357275723177
588,5.880000000,sine_f1,0.068760108,2003,114357284659650,114357285711645
589,5.890000000,sine_f1,0.068957653,2003,114357294647462,114357295706966
590,5.900000000,sine_f1,0.069138184,2003,114357304659711,114357305732838
591,5.910000000,sine_f1,0.069301656,2003,114357314656725,114357315711559
592,5.920000000,sine_f1,0.069448029,2003,114357324649329,114357325707496
593,5.930000000,sine_f1,0.069577267,2003,114357334650118,114357335691333
594,5.940000000,sine_f1,0.069689338,2003,114357344648522,114357345699349
595,5.950000000,sine_f1,0.069784213,2003,114357354654124,114357355687801
596,5.960000000,sine_f1,0.069861871,2002,114357364653613,114357365705238
597,5.970000000,sine_f1,0.069922291,2002,114357374648274,114357375710709
598,5.980000000,sine_f1,0.069965459,2002,114357384650108,114357385711202
599,5.990000000,sine_f1,0.069991364,2002,114357394646860,114357395706737
600,6.000000000,sine_f1,0.070000000,2002,114357404653749,114357405710973
601,6.010000000,sine_f1,0.069991364,2002,114357414650136,114357415706796
602,6.020000000,sine_f1,0.069965459,2002,114357424648600,114357425707011
603,6.030000000,sine_f1,0.069922291,2002,114357434653660,114357435711282
604,6.040000000,sine_f1,0.069861871,2002,114357444646907,114357445701482
605,6.050000000,sine_f1,0.069784213,2003,114357454650808,114357455712269
606,6.060000000,sine_f1,0.069689338,2003,114357464649381,114357465709895
607,6.070000000,sine_f1,0.069577267,2003,114357474648588,114357475710800
608,6.080000000,sine_f1,0.069448029,2003,114357484650969,114357485706762
609,6.090000000,sine_f1,0.069301656,2003,114357494646945,114357495707082
610,6.100000000,sine_f1,0.069138184,2003,114357504646679,114357505702113
611,6.110000000,sine_f1,0.068957653,2003,114357514645839,114357515704016
612,6.120000000,sine_f1,0.068760108,2003,114357524646672,114357525703186
613,6.130000000,sine_f1,0.068545597,2003,114357534654134,114357535711040
614,6.140000000,sine_f1,0.068314173,2003,114357544647889,114357545703802
615,6.150000000,sine_f1,0.068065894,2004,114357554645623,114357555703576
616,6.160000000,sine_f1,0.067800821,2004,114357564646906,114357565687544
617,6.170000000,sine_f1,0.067519019,2004,114357574730721,114357575712323
618,6.180000000,sine_f1,0.067220558,2004,114357584727969,114357585709494
619,6.190000000,sine_f1,0.066905511,2004,114357594722474,114357595701988
620,6.200000000,sine_f1,0.066573956,2005,114357604721795,114357605700729
621,6.210000000,sine_f1,0.066225975,2005,114357614668481,114357615699068
622,6.220000000,sine_f1,0.065861654,2005,114357624728286,114357625699241
623,6.230000000,sine_f1,0.065481082,2005,114357634720461,114357635720116
624,6.240000000,sine_f1,0.065084354,2006,114357644721390,114357645702765
625,6.250000000,sine_f1,0.064671567,2006,114357654727396,114357655701867
626,6.260000000,sine_f1,0.064242824,2006,114357664670656,114357665698914
627,6.270000000,sine_f1,0.063798229,2006,114357674649093,114357675688644
628,6.280000000,sine_f1,0.063337894,2007,114357684666076,114357685698625
629,6.290000000,sine_f1,0.062861930,2007,114357694649067,114357695688784
630,6.300000000,sine_f1,0.062370457,2007,114357704645635,114357705683504
631,6.310000000,sine_f1,0.061863594,2008,114357714645242,114357715681482
632,6.320000000,sine_f1,0.061341468,2008,114357724646053,114357725679666
633,6.330000000,sine_f1,0.060804206,2008,114357734646723,114357735684762
634,6.340000000,sine_f1,0.060251942,2009,114357744644231,114357745693364
635,6.350000000,sine_f1,0.059684812,2009,114357754645016,114357755680428
636,6.360000000,sine_f1,0.059102955,2009,114357764646450,114357765688906
637,6.370000000,sine_f1,0.058506515,2010,114357774646593,114357775686456
638,6.380000000,sine_f1,0.057895640,2010,114357784645694,114357785682534
639,6.390000000,sine_f1,0.057270480,2011,114357794645333,114357795680932
640,6.400000000,sine_f1,0.056631190,2011,114357804645221,114357805680691
641,6.410000000,sine_f1,0.055977926,2012,114357814644773,114357815679262
642,6.420000000,sine_f1,0.055310851,2012,114357824644109,114357825682107
643,6.430000000,sine_f1,0.054630129,2012,114357834645513,114357835684859
644,6.440000000,sine_f1,0.053935927,2013,114357844643840,114357845682218
645,6.450000000,sine_f1,0.053228418,2013,114357854645987,114357855696358
646,6.460000000,sine_f1,0.052507775,2014,114357864648358,114357865689864
647,6.470000000,sine_f1,0.051774177,2014,114357874644633,114357875686822
648,6.480000000,sine_f1,0.051027804,2015,114357884644018,114357885760956
649,6.490000000,sine_f1,0.050268841,2015,114357894645979,114357895757061
650,6.500000000,sine_f1,0.049497475,2016,114357904646098,114357905708428
651,6.510000000,sine_f1,0.048713896,2016,114357914644568,114357915744280
652,6.520000000,sine_f1,0.047918297,2017,114357924644118,114357925705459
653,6.530000000,sine_f1,0.047110876,2017,114357934644893,114357935704266
654,6.540000000,sine_f1,0.046291831,2018,114357944645293,114357945688025
655,6.550000000,sine_f1,0.045461363,2018,114357954644139,114357955709301
656,6.560000000,sine_f1,0.044619679,2019,114357964646237,114357965730580
657,6.570000000,sine_f1,0.043766986,2019,114357974644116,114357975744422
658,6.580000000,sine_f1,0.042903494,2020,114357984646397,114357985704707
659,6.590000000,sine_f1,0.042029416,2021,114357994643877,114357995743246
660,6.600000000,sine_f1,0.041144968,2021,114358004643884,114358005696078
661,6.610000000,sine_f1,0.040250368,2022,114358014653354,114358015735272
662,6.620000000,sine_f1,0.039345836,2022,114358024645353,114358025723454
663,6.630000000,sine_f1,0.038431597,2023,114358034644559,114358035722611
664,6.640000000,sine_f1,0.037507876,2024,114358044646149,114358045733910
665,6.650000000,sine_f1,0.036574900,2024,114358054645241,114358055688174
666,6.660000000,sine_f1,0.035632899,2025,114358064668716,114358065739199
667,6.670000000,sine_f1,0.034682107,2025,114358074653128,114358075745496
668,6.680000000,sine_f1,0.033722757,2026,114358084664797,114358085663582
669,6.690000000,sine_f1,0.032755087,2027,114358094648782,114358095664754
670,6.700000000,sine_f1,0.031779335,2027,114358104644933,114358105668883
671,6.710000000,sine_f1,0.030795742,2028,114358114644985,114358115662689
672,6.720000000,sine_f1,0.029804550,2029,114358124646455,114358125659085
673,6.730000000,sine_f1,0.028806005,2029,114358134645418,114358135660766
674,6.740000000,sine_f1,0.027800352,2030,114358144644773,114358145661355
675,6.750000000,sine_f1,0.026787840,2031,114358154668564,114358155678045
676,6.760000000,sine_f1,0.025768719,2031,114358164670241,114358165676956
677,6.770000000,sine_f1,0.024743239,2032,114358174668507,114358175680869
678,6.780000000,sine_f1,0.023711654,2033,114358184645740,114358185670240
679,6.790000000,sine_f1,0.022674219,2033,114358194647131,114358195633403
680,6.800000000,sine_f1,0.021631190,2034,114358204644042,114358205637489
681,6.810000000,sine_f1,0.020582823,2035,114358214643303,114358215620783
682,6.820000000,sine_f1,0.019529377,2035,114358224646044,114358225637912
683,6.830000000,sine_f1,0.018471113,2036,114358234663232,114358235674111
684,6.840000000,sine_f1,0.017408292,2037,114358244646227,114358245662131
685,6.850000000,sine_f1,0.016341175,2037,114358254656039,114358255681313
686,6.860000000,sine_f1,0.015270027,2038,114358264732958,114358265698021
687,6.870000000,sine_f1,0.014195111,2039,114358274677123,114358275679084
688,6.880000000,sine_f1,0.013116692,2039,114358284659273,114358285700281
689,6.890000000,sine_f1,0.012035037,2040,114358294647912,114358295695237
690,6.900000000,sine_f1,0.010950413,2041,114358304679643,114358305682932
691,6.910000000,sine_f1,0.009863086,2042,114358314658485,114358315672714
692,6.920000000,sine_f1,0.008773326,2042,114358324650141,114358325671871
693,6.930000000,sine_f1,0.007681402,2043,114358334654953,114358335690448
694,6.940000000,sine_f1,0.006587582,2044,114358344647858,114358345666734
695,6.950000000,sine_f1,0.005492137,2044,114358354727362,114358355668310
696,6.960000000,sine_f1,0.004395336,2045,114358364659950,114358365687528
697,6.970000000,sine_f1,0.003297452,2046,114358374671955,114358375680092
698,6.980000000,sine_f1,0.002198753,2047,114358384657962,114358385697723
699,6.990000000,sine_f1,0.001099512,2047,114358394648523,114358395662183
700,7.000000000,sine_f1,0.000000000,2048,114358404652090,114358405673459
701,7.010000000,sine_f1,-0.001099512,2049,114358414648153,114358415647883
702,7.020000000,sine_f1,-0.002198753,2049,114358424646018,114358425657800
703,7.030000000,sine_f1,-0.003297452,2050,114358434646467,114358435659136
704,7.040000000,sine_f1,-0.004395336,2051,114358444645471,114358445658359
705,7.050000000,sine_f1,-0.005492137,2052,114358454644976,114358455662945
706,7.060000000,sine_f1,-0.006587582,2052,114358464648299,114358465672651
707,7.070000000,sine_f1,-0.007681402,2053,114358474650275,114358475649090
708,7.080000000,sine_f1,-0.008773326,2054,114358484651577,114358485667979
709,7.090000000,sine_f1,-0.009863086,2054,114358494646793,114358495664617
710,7.100000000,sine_f1,-0.010950413,2055,114358504647829,114358505682661
711,7.110000000,sine_f1,-0.012035037,2056,114358514652085,114358515743917
712,7.120000000,sine_f1,-0.013116692,2057,114358524646119,114358525718208
713,7.130000000,sine_f1,-0.014195111,2057,114358534646375,114358535665060
714,7.140000000,sine_f1,-0.015270027,2058,114358544651416,114358545666004
715,7.150000000,sine_f1,-0.016341175,2059,114358554648109,114358555651300
716,7.160000000,sine_f1,-0.017408292,2059,114358564650928,114358565680437
717,7.170000000,sine_f1,-0.018471113,2060,114358574656051,114358575669337
718,7.180000000,sine_f1,-0.019529377,2061,114358584656642,114358585673908
719,7.190000000,sine_f1,-0.020582823,2061,114358594647565,114358595660507
720,7.200000000,sine_f1,-0.021631190,2062,114358604652019,114358605672078
721,7.210000000,sine_f1,-0.022674219,2063,114358614653907,114358615671048
722,7.220000000,sine_f1,-0.023711654,2063,114358624646101,114358625660924
723,7.230000000,sine_f1,-0.024743239,2064,114358634734020,114358635663020
724,7.240000000,sine_f1,-0.025768719,2065,114358644723211,114358645660356
725,7.250000000,sine_f1,-0.026787840,2065,114358654668829,114358655681166
726,7.260000000,sine_f1,-0.027800352,2066,114358664667428,114358665676549
727,7.270000000,sine_f1,-0.028806005,2067,114358674669189,114358675678334
728,7.280000000,sine_f1,-0.029804550,2067,114358684649402,114358685644954
729,7.290000000,sine_f1,-0.030795742,2068,114358694645374,114358695664015
730,7.300000000,sine_f1,-0.031779335,2069,114358704646059,114358705660782
731,7.310000000,sine_f1,-0.032755087,2069,114358714646080,114358715644255
732,7.320000000,sine_f1,-0.033722757,2070,114358724645167,114358725661568
733,7.330000000,sine_f1,-0.034682107,2071,114358734645131,114358735629332
734,7.340000000,sine_f1,-0.035632899,2071,114358744646272,114358745625984
735,7.350000000,sine_f1,-0.036574900,2072,114358754645582,114358755632162
736,7.360000000,sine_f1,-0.037507876,2072,114358764644473,114358765628204
737,7.370000000,sine_f1,-0.038431597,2073,114358774644275,114358775626316
738,7.380000000,sine_f1,-0.039345836,2074,114358784644071,114358785631608
739,7.390000000,sine_f1,-0.040250368,2074,114358794644066,114358795622813
740,7.400000000,sine_f1,-0.041144968,2075,114358804643912,114358805625756
741,7.410000000,sine_f1,-0.042029416,2075,114358814643451,114358815628224
742,7.420000000,sine_f1,-0.042903494,2076,114358824645990,114358825625678
743,7.430000000,sine_f1,-0.043766986,2077,114358834644028,114358835632956
744,7.440000000,sine_f1,-0.044619679,2077,114358844643919,114358845624063
745,7.450000000,sine_f1,-0.045461363,2078,114358854643933,114358855625306
746,7.460000000,sine_f1,-0.046291831,2078,114358864649458,114358865629304
747,7.470000000,sine_f1,-0.047110876,2079,114358874646102,114358875628646
748,7.480000000,sine_f1,-0.047918297,2079,114358884643750,114358885628060
749,7.490000000,sine_f1,-0.048713896,2080,114358894645755,114358895623125
750,7.500000000,sine_f1,-0.049497475,2080,114358904670097,114358905642777
751,7.510000000,sine_f1,-0.050268841,2081,114358914651792,114358915623133
752,7.520000000,sine_f1,-0.051027804,2081,114358924643857,114358925625016
753,7.530000000,sine_f1,-0.051774177,2082,114358934644303,114358935627985
754,7.540000000,sine_f1,-0.052507775,2082,114358944645863,114358945625407
755,7.550000000,sine_f1,-0.053228418,2083,114358954644677,114358955628516
756,7.560000000,sine_f1,-0.053935927,2083,114358964644435,114358965627969
757,7.570000000,sine_f1,-0.054630129,2084,114358974646959,114358975624962
758,7.580000000,sine_f1,-0.055310851,2084,114358984644297,114358985626759
759,7.590000000,sine_f1,-0.055977926,2084,114358994645559,114358995623032
760,7.600000000,sine_f1,-0.056631190,2085,114359004645073,114359005623392
761,7.610000000,sine_f1,-0.057270480,2085,114359014648940,114359015621917
762,7.620000000,sine_f1,-0.057895640,2086,114359024646281,114359025631647
763,7.630000000,sine_f1,-0.058506515,2086,114359034646354,114359035625732
764,7.640000000,sine_f1,-0.059102955,2087,114359044723951,114359045657226
765,7.650000000,sine_f1,-0.059684812,2087,114359054666248,114359055652682
766,7.660000000,sine_f1,-0.060251942,2087,114359064659732,114359065639395
767,7.670000000,sine_f1,-0.060804206,2088,114359074725947,114359075640326
768,7.680000000,sine_f1,-0.061341468,2088,114359084669303,114359085637945
769,7.690000000,sine_f1,-0.061863594,2088,114359094722893,114359095641596
770,7.700000000,sine_f1,-0.062370457,2089,114359104721126,114359105654799
771,7.710000000,sine_f1,-0.062861930,2089,114359114656874,114359115633596
772,7.720000000,sine_f1,-0.063337894,2089,114359124669726,114359125646570
773,7.730000000,sine_f1,-0.063798229,2090,114359134724784,114359135638350
774,7.740000000,sine_f1,-0.064242824,2090,114359144682955,114359145570628
775,7.750000000,sine_f1,-0.064671567,2090,114359154655699,114359155639189
776,7.760000000,sine_f1,-0.065084354,2090,114359164653396,114359165634205
777,7.770000000,sine_f1,-0.065481082,2091,114359174648427,114359175610223
778,7.780000000,sine_f1,-0.065861654,2091,114359184655442,114359185632585
779,7.790000000,sine_f1,-0.066225975,2091,114359194647981,114359195605928
780,7.800000000,sine_f1,-0.066573956,2091,114359204656942,114359205616588
781,7.810000000,sine_f1,-0.066905511,2092,114359214650298,114359215612108
782,7.820000000,sine_f1,-0.067220558,2092,114359224646547,114359225602059
783,7.830000000,sine_f1,-0.067519019,2092,114359234656913,114359235614186
784,7.840000000,sine_f1,-0.067800821,2092,114359244647889,114359245605539
785,7.850000000,sine_f1,-0.068065894,2092,114359254655697,114359255602971
786,7.860000000,sine_f1,-0.068314173,2093,114359264653024,114359265615658
787,7.870000000,sine_f1,-0.068545597,2093,114359274650168,114359275604325
788,7.880000000,sine_f1,-0.068760108,2093,114359284648671,114359285603133
789,7.890000000,sine_f1,-0.068957653,2093,114359294648522,114359295599341
790,7.900000000,sine_f1,-0.069138184,2093,114359304645801,114359305611223
791,7.910000000,sine_f1,-0.069301656,2093,114359314647418,114359315603991
792,7.920000000,sine_f1,-0.069448029,2093,114359324646092,114359325604230
793,7.930000000,sine_f1,-0.069577267,2093,114359334646369,114359335605892
794,7.940000000,sine_f1,-0.069689338,2093,114359344726382,114359345616862
795,7.950000000,sine_f1,-0.069784213,2093,114359354720944,114359355629884
796,7.960000000,sine_f1,-0.069861871,2094,114359364658377,114359365636671
797,7.970000000,sine_f1,-0.069922291,2094,114359374660714,114359375613846
798,7.980000000,sine_f1,-0.069965459,2094,114359384725402,114359385614165
799,7.990000000,sine_f1,-0.069991364,2094,114359394721338,114359395617960
800,8.000000000,sine_f1,-0.070000000,2094,114359404729111,114359405630115
801,8.010000000,sine_f1,-0.069991364,2094,114359414725089,114359415614339
802,8.020000000,sine_f1,-0.069965459,2094,114359424719331,114359425616691
803,8.030000000,sine_f1,-0.069922291,2094,114359434722882,114359435615273
804,8.040000000,sine_f1,-0.069861871,2094,114359444728852,114359445615193
805,8.050000000,sine_f1,-0.069784213,2093,114359454728142,114359455626199
806,8.060000000,sine_f1,-0.069689338,2093,114359464657837,114359465619127
807,8.070000000,sine_f1,-0.069577267,2093,114359474725991,114359475616808
808,8.080000000,sine_f1,-0.069448029,2093,114359484725188,114359485620969
809,8.090000000,sine_f1,-0.069301656,2093,114359494726043,114359495618712
810,8.100000000,sine_f1,-0.069138184,2093,114359504729640,114359505627107
811,8.110000000,sine_f1,-0.068957653,2093,114359514723819,114359515617540
812,8.120000000,sine_f1,-0.068760108,2093,114359524721321,114359525613982
813,8.130000000,sine_f1,-0.068545597,2093,114359534720961,114359535628188
814,8.140000000,sine_f1,-0.068314173,2093,114359544722206,114359545612055
815,8.150000000,sine_f1,-0.068065894,2092,114359554658404,114359555617402
816,8.160000000,sine_f1,-0.067800821,2092,114359564682880,114359565626026
817,8.170000000,sine_f1,-0.067519019,2092,114359574727273,114359575641951
818,8.180000000,sine_f1,-0.067220558,2092,114359584657582,114359585597087
819,8.190000000,sine_f1,-0.066905511,2092,114359594726151,114359595598168
820,8.200000000,sine_f1,-0.066573956,2091,114359604727162,114359605601555
821,8.210000000,sine_f1,-0.066225975,2091,114359614725844,114359615596570
822,8.220000000,sine_f1,-0.065861654,2091,114359624723412,114359625594437
823,8.230000000,sine_f1,-0.065481082,2091,114359634718969,114359635597419
824,8.240000000,sine_f1,-0.065084354,2090,114359644726084,114359645595741
825,8.250000000,sine_f1,-0.064671567,2090,114359654726586,114359655595596
826,8.260000000,sine_f1,-0.064242824,2090,114359664727381,114359665599424
827,8.270000000,sine_f1,-0.063798229,2090,114359674721768,114359675594645
828,8.280000000,sine_f1,-0.063337894,2089,114359684723659,114359685597084
829,8.290000000,sine_f1,-0.062861930,2089,114359694724391,114359695597088
830,8.300000000,sine_f1,-0.062370457,2089,114359704722599,114359705597862
831,8.310000000,sine_f1,-0.061863594,2088,114359714721149,114359715592713
832,8.320000000,sine_f1,-0.061341468,2088,114359724724933,114359725598340
833,8.330000000,sine_f1,-0.060804206,2088,114359734719688,114359735599028
834,8.340000000,sine_f1,-0.060251942,2087,114359744724263,114359745607738
835,8.350000000,sine_f1,-0.059684812,2087,114359754719562,114359755672210
836,8.360000000,sine_f1,-0.059102955,2087,114359764676317,114359765631263
837,8.370000000,sine_f1,-0.058506515,2086,114359774726989,114359775662471
838,8.380000000,sine_f1,-0.057895640,2086,114359784728087,114359785602928
839,8.390000000,sine_f1,-0.057270480,2085,114359794733260,114359795595153
840,8.400000000,sine_f1,-0.056631190,2085,114359804726064,114359805659959
841,8.410000000,sine_f1,-0.055977926,2084,114359814723864,114359815610654
842,8.420000000,sine_f1,-0.055310851,2084,114359824733130,114359825668531
843,8.430000000,sine_f1,-0.054630129,2084,114359834718572,114359835660091
844,8.440000000,sine_f1,-0.053935927,2083,114359844660895,114359845655901
845,8.450000000,sine_f1,-0.053228418,2083,114359854685696,114359855619130
846,8.460000000,sine_f1,-0.052507775,2082,114359864650081,114359865580490
847,8.470000000,sine_f1,-0.051774177,2082,114359874663663,114359875562575
848,8.480000000,sine_f1,-0.051027804,2081,114359884661889,114359885565298
849,8.490000000,sine_f1,-0.050268841,2081,114359894646140,114359895571377
850,8.500000000,sine_f1,-0.049497475,2080,114359904644843,114359905614252
851,8.510000000,sine_f1,-0.048713896,2080,114359914678471,114359915606774
852,8.520000000,sine_f1,-0.047918297,2079,114359924727699,114359925595022
853,8.530000000,sine_f1,-0.047110876,2079,114359934726354,114359935618356
854,8.540000000,sine_f1,-0.046291831,2078,114359944725048,114359945601093
855,8.550000000,sine_f1,-0.045461363,2078,114359954723056,114359955605037
856,8.560000000,sine_f1,-0.044619679,2077,114359964721259,114359965597843
857,8.570000000,sine_f1,-0.043766986,2077,114359974721324,114359975595126
858,8.580000000,sine_f1,-0.042903494,2076,114359984733538,114359985600090
859,8.590000000,sine_f1,-0.042029416,2075,114359994721083,114359995594071
860,8.600000000,sine_f1,-0.041144968,2075,114360004722379,114360005577950
861,8.610000000,sine_f1,-0.040250368,2074,114360014720069,114360015596324
862,8.620000000,sine_f1,-0.039345836,2074,114360024725266,114360025575640
863,8.630000000,sine_f1,-0.038431597,2073,114360034726770,114360035572429
864,8.640000000,sine_f1,-0.037507876,2072,114360044725917,114360045573563
865,8.650000000,sine_f1,-0.036574900,2072,114360054727346,114360055578121
866,8.660000000,sine_f1,-0.035632899,2071,114360064687202,114360065587673
867,8.670000000,sine_f1,-0.034682107,2071,114360074728772,114360075599571
868,8.680000000,sine_f1,-0.033722757,2070,114360084720202,114360085573402
869,8.690000000,sine_f1,-0.032755087,2069,114360094726288,114360095576428
870,8.700000000,sine_f1,-0.031779335,2069,114360104719626,114360105579787
871,8.710000000,sine_f1,-0.030795742,2068,114360114727248,114360115580152
872,8.720000000,sine_f1,-0.029804550,2067,114360124726415,114360125577386
873,8.730000000,sine_f1,-0.028806005,2067,114360134731878,114360135576066
874,8.740000000,sine_f1,-0.027800352,2066,114360144727082,114360145581185
875,8.750000000,sine_f1,-0.026787840,2065,114360154729964,114360155579915
876,8.760000000,sine_f1,-0.025768719,2065,114360164723921,114360165575055
877,8.770000000,sine_f1,-0.024743239,2064,114360174725152,114360175575654
878,8.780000000,sine_f1,-0.023711654,2063,114360184726353,114360185575071
879,8.790000000,sine_f1,-0.022674219,2063,114360194725806,114360195574023
880,8.800000000,sine_f1,-0.021631190,2062,114360204726792,114360205582220
881,8.810000000,sine_f1,-0.020582823,2061,114360214722386,114360215576627
882,8.820000000,sine_f1,-0.019529377,2061,114360224725924,114360225647183
883,8.830000000,sine_f1,-0.018471113,2060,114360234722008,114360235633374
884,8.840000000,sine_f1,-0.017408292,2059,114360244728849,114360245645421
885,8.850000000,sine_f1,-0.016341175,2059,114360254725481,114360255750021
886,8.860000000,sine_f1,-0.015270027,2058,114360264691588,114360265590791
887,8.870000000,sine_f1,-0.014195111,2057,114360274720195,114360275571434
888,8.880000000,sine_f1,-0.013116692,2057,114360284688826,114360285574090
889,8.890000000,sine_f1,-0.012035037,2056,114360294724133,114360295573688
890,8.900000000,sine_f1,-0.010950413,2055,114360304728271,114360305580307
891,8.910000000,sine_f1,-0.009863086,2054,114360314690501,114360315602729
892,8.920000000,sine_f1,-0.008773326,2054,114360324723766,114360325583440
893,8.930000000,sine_f1,-0.007681402,2053,114360334685965,114360335589370
894,8.940000000,sine_f1,-0.006587582,2052,114360344668582,114360345601557
895,8.950000000,sine_f1,-0.005492137,2052,114360354725029,114360355576511
896,8.960000000,sine_f1,-0.004395336,2051,114360364723808,114360365577878
897,8.970000000,sine_f1,-0.003297452,2050,114360374722211,114360375572805
898,8.980000000,sine_f1,-0.002198753,2049,114360384720899,114360385597615
899,8.990000000,sine_f1,-0.001099512,2049,114360394669638,114360395576020
900,9.000000000,sine_f1,-0.000000000,2048,114360404728113,114360405576908
901,9.010000000,sine_f1,0.001099512,2047,114360414722657,114360415578529
902,9.020000000,sine_f1,0.002198753,2047,114360424725839,114360425553921
903,9.030000000,sine_f1,0.003297452,2046,114360434723067,114360435556218
904,9.040000000,sine_f1,0.004395336,2045,114360444726973,114360445557026
905,9.050000000,sine_f1,0.005492137,2044,114360454723228,114360455558674
906,9.060000000,sine_f1,0.006587582,2044,114360464727063,114360465554535
907,9.070000000,sine_f1,0.007681402,2043,114360474723803,114360475559686
908,9.080000000,sine_f1,0.008773326,2042,114360484724204,114360485552826
909,9.090000000,sine_f1,0.009863086,2042,114360494718469,114360495555951
910,9.100000000,sine_f1,0.010950413,2041,114360504734999,114360505622077
911,9.110000000,sine_f1,0.012035037,2040,114360514726395,114360515559831
912,9.120000000,sine_f1,0.013116692,2039,114360524730625,114360525619909
913,9.130000000,sine_f1,0.014195111,2039,114360534727767,114360535616524
914,9.140000000,sine_f1,0.015270027,2038,114360544729789,114360545623399
915,9.150000000,sine_f1,0.016341175,2037,114360554721765,114360555556747
916,9.160000000,sine_f1,0.017408292,2037,114360564669160,114360565552202
917,9.170000000,sine_f1,0.018471113,2036,114360574728478,114360575555687
918,9.180000000,sine_f1,0.019529377,2035,114360584728119,114360585552067
919,9.190000000,sine_f1,0.020582823,2035,114360594685946,114360595593631
920,9.200000000,sine_f1,0.021631190,2034,114360604715306,114360605532591
921,9.210000000,sine_f1,0.022674219,2033,114360614644467,114360615524020
922,9.220000000,sine_f1,0.023711654,2033,114360624648651,114360625537038
923,9.230000000,sine_f1,0.024743239,2032,114360634647575,114360635545314
924,9.240000000,sine_f1,0.025768719,2031,114360644648112,114360645537306
925,9.250000000,sine_f1,0.026787840,2031,114360654646895,114360655553149
926,9.260000000,sine_f1,0.027800352,2030,114360664647344,114360665549489
927,9.270000000,sine_f1,0.028806005,2029,114360674648789,114360675545390
928,9.280000000,sine_f1,0.029804550,2029,114360684646655,114360685554002
929,9.290000000,sine_f1,0.030795742,2028,114360694647019,114360695543509
930,9.300000000,sine_f1,0.031779335,2027,114360704647415,114360705547644
931,9.310000000,sine_f1,0.032755087,2027,114360714646215,114360715546074
932,9.320000000,sine_f1,0.033722757,2026,114360724650327,114360725527037
933,9.330000000,sine_f1,0.034682107,2025,114360734646238,114360735545421
934,9.340000000,sine_f1,0.035632899,2025,114360744644682,114360745526416
935,9.350000000,sine_f1,0.036574900,2024,114360754646602,114360755550291
936,9.360000000,sine_f1,0.037507876,2024,114360764647740,114360765531075
937,9.370000000,sine_f1,0.038431597,2023,114360774647062,114360775539797
938,9.380000000,sine_f1,0.039345836,2022,114360784648442,114360785537656
939,9.390000000,sine_f1,0.040250368,2022,114360794645605,114360795544688
940,9.400000000,sine_f1,0.041144968,2021,114360804646783,114360805537714
941,9.410000000,sine_f1,0.042029416,2021,114360814646168,114360815516523
942,9.420000000,sine_f1,0.042903494,2020,114360824645492,114360825515409
943,9.430000000,sine_f1,0.043766986,2019,114360834645383,114360835508451
944,9.440000000,sine_f1,0.044619679,2019,114360844731034,114360845531303
945,9.450000000,sine_f1,0.045461363,2018,114360854733778,114360855535357
946,9.460000000,sine_f1,0.046291831,2018,114360864739284,114360865530259
947,9.470000000,sine_f1,0.047110876,2017,114360874726790,114360875533116
948,9.480000000,sine_f1,0.047918297,2017,114360884732089,114360885533769
949,9.490000000,sine_f1,0.048713896,2016,114360894722380,114360895551436
950,9.500000000,sine_f1,0.049497475,2016,114360904726211,114360905534662
951,9.510000000,sine_f1,0.050268841,2015,114360914719180,114360915530412
952,9.520000000,sine_f1,0.051027804,2015,114360924725873,114360925530982
953,9.530000000,sine_f1,0.051774177,2014,114360934725038,114360935713729
954,9.540000000,sine_f1,0.052507775,2014,114360944725921,114360945605521
955,9.550000000,sine_f1,0.053228418,2013,114360954727256,114360955602570
956,9.560000000,sine_f1,0.053935927,2013,114360964725435,114360965739719
957,9.570000000,sine_f1,0.054630129,2012,114360974719341,114360975733169
958,9.580000000,sine_f1,0.055310851,2012,114360984730918,114360985709587
959,9.590000000,sine_f1,0.055977926,2012,114360994720480,114360995596839
960,9.600000000,sine_f1,0.056631190,2011,114361004720331,114361005606872
961,9.610000000,sine_f1,0.057270480,2011,114361014733976,114361015599071
962,9.620000000,sine_f1,0.057895640,2010,114361024721045,114361025612381
963,9.630000000,sine_f1,0.058506515,2010,114361034732143,114361035593345
964,9.640000000,sine_f1,0.059102955,2009,114361044733030,114361045605929
965,9.650000000,sine_f1,0.059684812,2009,114361054721945,114361055721601
966,9.660000000,sine_f1,0.060251942,2009,114361064722221,114361065607707
967,9.670000000,sine_f1,0.060804206,2008,114361074719601,114361075604092
968,9.680000000,sine_f1,0.061341468,2008,114361084722820,114361085604271
969,9.690000000,sine_f1,0.061863594,2008,114361094721261,114361095619110
970,9.700000000,sine_f1,0.062370457,2007,114361104727018,114361105603950
971,9.710000000,sine_f1,0.062861930,2007,114361114720818,114361115609690
972,9.720000000,sine_f1,0.063337894,2007,114361124722687,114361125591027
973,9.730000000,sine_f1,0.063798229,2006,114361134729289,114361135592065
974,9.740000000,sine_f1,0.064242824,2006,114361144730499,114361145606948
975,9.750000000,sine_f1,0.064671567,2006,114361154678663,114361155706658
976,9.760000000,sine_f1,0.065084354,2006,114361164725663,114361165597994
977,9.770000000,sine_f1,0.065481082,2005,114361174723450,114361175623631
978,9.780000000,sine_f1,0.065861654,2005,114361184723650,114361185599312
979,9.790000000,sine_f1,0.066225975,2005,114361194724431,114361195597190
980,9.800000000,sine_f1,0.066573956,2005,114361204668791,114361205602807
981,9.810000000,sine_f1,0.066905511,2004,114361214731635,114361215602115
982,9.820000000,sine_f1,0.067220558,2004,114361224720609,114361225578162
983,9.830000000,sine_f1,0.067519019,2004,114361234722921,114361235594145
984,9.840000000,sine_f1,0.067800821,2004,114361244723700,114361245600468
985,9.850000000,sine_f1,0.068065894,2004,114361254720382,114361255687960
986,9.860000000,sine_f1,0.068314173,2003,114361264722543,114361265596293
987,9.870000000,sine_f1,0.068545597,2003,114361274719270,114361275577449
988,9.880000000,sine_f1,0.068760108,2003,114361284721812,114361285594511
989,9.890000000,sine_f1,0.068957653,2003,114361294727919,114361295573643
990,9.900000000,sine_f1,0.069138184,2003,114361304719265,114361305590955
991,9.910000000,sine_f1,0.069301656,2003,114361314663617,114361315517335
992,9.920000000,sine_f1,0.069448029,2003,114361324722053,114361325468122
993,9.930000000,sine_f1,0.069577267,2003,114361334717559,114361335499571
994,9.940000000,sine_f1,0.069689338,2003,114361344720087,114361345512927
995,9.950000000,sine_f1,0.069784213,2003,114361354719899,114361355516059
996,9.960000000,sine_f1,0.069861871,2002,114361364720837,114361365509958
997,9.970000000,sine_f1,0.069922291,2002,114361374723544,114361375514476
998,9.980000000,sine_f1,0.069965459,2002,114361384722368,114361385510532
999,9.990000000,sine_f1,0.069991364,2002,114361394723093,114361395584587
1000,10.000000000,sine_f1,0.070000000,2002,114361404725381,114361405576088
1001,10.010000000,sine_f1,0.069991364,2002,114361414728024,114361415586699
1002,10.020000000,sine_f1,0.069965459,2002,114361424723577,114361425580991
1003,10.030000000,sine_f1,0.069922291,2002,114361434727577,114361435575589
1004,10.040000000,sine_f1,0.069861871,2002,114361444719671,114361445575504
1005,10.050000000,sine_f1,0.069784213,2003,114361454726170,114361455683395
1006,10.060000000,sine_f1,0.069689338,2003,114361464669147,114361465706504
1007,10.070000000,sine_f1,0.069577267,2003,114361474720957,114361475686423
1008,10.080000000,sine_f1,0.069448029,2003,114361484724331,114361485574907
1009,10.090000000,sine_f1,0.069301656,2003,114361494727147,114361495576567
1010,10.100000000,sine_f1,0.069138184,2003,114361504721100,114361505589720
1011,10.110000000,sine_f1,0.068957653,2003,114361514723851,114361515583177
1012,10.120000000,sine_f1,0.068760108,2003,114361524723488,114361525581642
1013,10.130000000,sine_f1,0.068545597,2003,114361534727220,114361535573882
1014,10.140000000,sine_f1,0.068314173,2003,114361544668474,114361545517047
1015,10.150000000,sine_f1,0.068065894,2004,114361554649085,114361555504458
1016,10.160000000,sine_f1,0.067800821,2004,114361564669368,114361565517040
1017,10.170000000,sine_f1,0.067519019,2004,114361574649306,114361575499160
1018,10.180000000,sine_f1,0.067220558,2004,114361584718411,114361585576689
1019,10.190000000,sine_f1,0.066905511,2004,114361594725003,114361595573714
1020,10.200000000,sine_f1,0.066573956,2005,114361604668370,114361605585058
1021,10.210000000,sine_f1,0.066225975,2005,114361614671735,114361615571928
1022,10.220000000,sine_f1,0.065861654,2005,114361624639334,114361625468112
1023,10.230000000,sine_f1,0.065481082,2005,114361634636876,114361635447521
1024,10.240000000,sine_f1,0.065084354,2006,114361644640979,114361645448268
1025,10.250000000,sine_f1,0.064671567,2006,114361654653401,114361655444625
1026,10.260000000,sine_f1,0.064242824,2006,114361664642930,114361665449721
1027,10.270000000,sine_f1,0.063798229,2006,114361674643415,114361675481615
1028,10.280000000,sine_f1,0.063337894,2007,114361684649016,114361685481937
1029,10.290000000,sine_f1,0.062861930,2007,114361694646306,114361695492442
1030,10.300000000,sine_f1,0.062370457,2007,114361704650372,114361705476675
1031,10.310000000,sine_f1,0.061863594,2008,114361714647711,114361715522325
1032,10.320000000,sine_f1,0.061341468,2008,114361724645904,114361725489408
1033,10.330000000,sine_f1,0.060804206,2008,114361734683552,114361735541983
1034,10.340000000,sine_f1,0.060251942,2009,114361744657597,114361745493897
1035,10.350000000,sine_f1,0.059684812,2009,114361754673249,114361755516591
1036,10.360000000,sine_f1,0.059102955,2009,114361764655383,114361765490643
1037,10.370000000,sine_f1,0.058506515,2010,114361774652293,114361775511511
1038,10.380000000,sine_f1,0.057895640,2010,114361784650385,114361785458708
1039,10.390000000,sine_f1,0.057270480,2011,114361794646171,114361795547836
1040,10.400000000,sine_f1,0.056631190,2011,114361804652062,114361805495878
1041,10.410000000,sine_f1,0.055977926,2012,114361814642712,114361815464398
1042,10.420000000,sine_f1,0.055310851,2012,114361824646166,114361825488244
1043,10.430000000,sine_f1,0.054630129,2012,114361834648490,114361835483796
1044,10.440000000,sine_f1,0.053935927,2013,114361844646250,114361845482362
1045,10.450000000,sine_f1,0.053228418,2013,114361854644458,114361855483955
1046,10.460000000,sine_f1,0.052507775,2014,114361864646976,114361865550796
1047,10.470000000,sine_f1,0.051774177,2014,114361874649025,114361875481795
1048,10.480000000,sine_f1,0.051027804,2015,114361884647730,114361885477920
1049,10.490000000,sine_f1,0.050268841,2015,114361894645365,114361895476206
1050,10.500000000,sine_f1,0.049497475,2016,114361904646060,114361905490903
1051,10.510000000,sine_f1,0.048713896,2016,114361914644565,114361915476134
1052,10.520000000,sine_f1,0.047918297,2017,114361924647083,114361925477895
1053,10.530000000,sine_f1,0.047110876,2017,114361934645296,114361935437229
1054,10.540000000,sine_f1,0.046291831,2018,114361944652508,114361945484642
1055,10.550000000,sine_f1,0.045461363,2018,114361954648810,114361955529730
1056,10.560000000,sine_f1,0.044619679,2019,114361964652967,114361965463523
1057,10.570000000,sine_f1,0.043766986,2019,114361974645971,114361975476863
1058,10.580000000,sine_f1,0.042903494,2020,114361984664697,114361985556328
1059,10.590000000,sine_f1,0.042029416,2021,114361994646533,114361995545301
1060,10.600000000,sine_f1,0.041144968,2021,114362004648811,114362005555369
1061,10.610000000,sine_f1,0.040250368,2022,114362014647020,114362015549467
1062,10.620000000,sine_f1,0.039345836,2022,114362024646056,114362025547769
1063,10.630000000,sine_f1,0.038431597,2023,114362034650751,114362035549197
1064,10.640000000,sine_f1,0.037507876,2024,114362044661020,114362045505027
1065,10.650000000,sine_f1,0.036574900,2024,114362054648348,114362055484618
1066,10.660000000,sine_f1,0.035632899,2025,114362064650722,114362065483842
1067,10.670000000,sine_f1,0.034682107,2025,114362074645600,114362075483497
1068,10.680000000,sine_f1,0.033722757,2026,114362084648440,114362085485793
1069,10.690000000,sine_f1,0.032755087,2027,114362094645304,114362095461669
1070,10.700000000,sine_f1,0.031779335,2027,114362104647309,114362105489486
1071,10.710000000,sine_f1,0.030795742,2028,114362114645808,114362115465014
1072,10.720000000,sine_f1,0.029804550,2029,114362124645743,114362125482488
1073,10.730000000,sine_f1,0.028806005,2029,114362134636385,114362135539713
1074,10.740000000,sine_f1,0.027800352,2030,114362144646368,114362145521846
1075,10.750000000,sine_f1,0.026787840,2031,114362154645751,114362155522696
1076,10.760000000,sine_f1,0.025768719,2031,114362164645613,114362165533933
1077,10.770000000,sine_f1,0.024743239,2032,114362174644809,114362175478804
1078,10.780000000,sine_f1,0.023711654,2033,114362184647045,114362185529501
1079,10.790000000,sine_f1,0.022674219,2033,114362194644857,114362195522964
1080,10.800000000,sine_f1,0.021631190,2034,114362204646290,114362205526231
1081,10.810000000,sine_f1,0.020582823,2035,114362214646264,114362215520280
1082,10.820000000,sine_f1,0.019529377,2035,114362224647233,114362225471923
1083,10.830000000,sine_f1,0.018471113,2036,114362234645795,114362235461680
1084,10.840000000,sine_f1,0.017408292,2037,114362244646154,114362245462888
1085,10.850000000,sine_f1,0.016341175,2037,114362254637701,114362255412249
1086,10.860000000,sine_f1,0.015270027,2038,114362264637098,114362265417184
1087,10.870000000,sine_f1,0.014195111,2039,114362274635163,114362275415076
1088,10.880000000,sine_f1,0.013116692,2039,114362284635936,114362285413146
1089,10.890000000,sine_f1,0.012035037,2040,114362294636551,114362295410602
1090,10.900000000,sine_f1,0.010950413,2041,114362304635513,114362305410948
1091,10.910000000,sine_f1,0.009863086,2042,114362314635108,114362315415858
1092,10.920000000,sine_f1,0.008773326,2042,114362324635468,114362325415756
1093,10.930000000,sine_f1,0.007681402,2043,114362334635519,114362335414682
1094,10.940000000,sine_f1,0.006587582,2044,114362344635031,114362345414511
1095,10.950000000,sine_f1,0.005492137,2044,114362354636572,114362355410775
1096,10.960000000,sine_f1,0.004395336,2045,114362364634984,114362365413633
1097,10.970000000,sine_f1,0.003297452,2046,114362374637208,114362375426425
1098,10.980000000,sine_f1,0.002198753,2047,114362384642685,114362385450648
1099,10.990000000,sine_f1,0.001099512,2047,114362394644417,114362395460752
1100,11.000000000,sine_f1,0.000000000,2048,114362404646565,114362405462182
1101,11.010000000,sine_f1,-0.001099512,2049,114362414645091,114362415461829
1102,11.020000000,sine_f1,-0.002198753,2049,114362424646323,114362425462412
1103,11.030000000,sine_f1,-0.003297452,2050,114362434645364,114362435466777
1104,11.040000000,sine_f1,-0.004395336,2051,114362444645154,114362445462447
1105,11.050000000,sine_f1,-0.005492137,2052,114362454649205,114362455457996
1106,11.060000000,sine_f1,-0.006587582,2052,114362464641059,114362465418442
1107,11.070000000,sine_f1,-0.007681402,2053,114362474635754,114362475393162
1108,11.080000000,sine_f1,-0.008773326,2054,114362484640452,114362485418975
1109,11.090000000,sine_f1,-0.009863086,2054,114362494645212,114362495443484
1110,11.100000000,sine_f1,-0.010950413,2055,114362504646917,114362505462568
1111,11.110000000,sine_f1,-0.012035037,2056,114362514644711,114362515444439
1112,11.120000000,sine_f1,-0.013116692,2057,114362524645429,114362525462416
1113,11.130000000,sine_f1,-0.014195111,2057,114362534645740,114362535440889
1114,11.140000000,sine_f1,-0.015270027,2058,114362544644325,114362545441417
1115,11.150000000,sine_f1,-0.016341175,2059,114362554645132,114362555438521
1116,11.160000000,sine_f1,-0.017408292,2059,114362564645098,114362565442255
1117,11.170000000,sine_f1,-0.018471113,2060,114362574645854,114362575441418
1118,11.180000000,sine_f1,-0.019529377,2061,114362584647434,114362585443925
1119,11.190000000,sine_f1,-0.020582823,2061,114362594645337,114362595445077
1120,11.200000000,sine_f1,-0.021631190,2062,114362604646724,114362605442854
1121,11.210000000,sine_f1,-0.022674219,2063,114362614645038,114362615443801
1122,11.220000000,sine_f1,-0.023711654,2063,114362624645762,114362625441314
1123,11.230000000,sine_f1,-0.024743239,2064,114362634645463,114362635441887
1124,11.240000000,sine_f1,-0.025768719,2065,114362644644419,114362645440892
1125,11.250000000,sine_f1,-0.026787840,2065,114362654644326,114362655438106
1126,11.260000000,sine_f1,-0.027800352,2066,114362664644387,114362665441737
1127,11.270000000,sine_f1,-0.028806005,2067,114362674646182,114362675440585
1128,11.280000000,sine_f1,-0.029804550,2067,114362684647103,114362685442472
1129,11.290000000,sine_f1,-0.030795742,2068,114362694644069,114362695443254
1130,11.300000000,sine_f1,-0.031779335,2069,114362704728180,114362705451486
1131,11.310000000,sine_f1,-0.032755087,2069,114362714668859,114362715449165
1132,11.320000000,sine_f1,-0.033722757,2070,114362724728200,114362725448905
1133,11.330000000,sine_f1,-0.034682107,2071,114362734657233,114362735449326
1134,11.340000000,sine_f1,-0.035632899,2071,114362744649160,114362745444268
1135,11.350000000,sine_f1,-0.036574900,2072,114362754646947,114362755441976
1136,11.360000000,sine_f1,-0.037507876,2072,114362764648296,114362765443267
1137,11.370000000,sine_f1,-0.038431597,2073,114362774648281,114362775438950
1138,11.380000000,sine_f1,-0.039345836,2074,114362784663030,114362785398304
1139,11.390000000,sine_f1,-0.040250368,2074,114362794647645,114362795441958
1140,11.400000000,sine_f1,-0.041144968,2075,114362804650214,114362805446292
1141,11.410000000,sine_f1,-0.042029416,2075,114362814645931,114362815457264
1142,11.420000000,sine_f1,-0.042903494,2076,114362824646496,114362825449822
1143,11.430000000,sine_f1,-0.043766986,2077,114362834647744,114362835445141
1144,11.440000000,sine_f1,-0.044619679,2077,114362844645584,114362845440854
1145,11.450000000,sine_f1,-0.045461363,2078,114362854649316,114362855448357
1146,11.460000000,sine_f1,-0.046291831,2078,114362864646228,114362865456582
1147,11.470000000,sine_f1,-0.047110876,2079,114362874648715,114362875446645
1148,11.480000000,sine_f1,-0.047918297,2079,114362884647778,114362885444137
1149,11.490000000,sine_f1,-0.048713896,2080,114362894645748,114362895444568
1150,11.500000000,sine_f1,-0.049497475,2080,114362904648006,114362905430759
1151,11.510000000,sine_f1,-0.050268841,2081,114362914645540,114362915437888
1152,11.520000000,sine_f1,-0.051027804,2081,114362924646217,114362925446708
1153,11.530000000,sine_f1,-0.051774177,2082,114362934647359,114362935440408
1154,11.540000000,sine_f1,-0.052507775,2082,114362944648360,114362945423542
1155,11.550000000,sine_f1,-0.053228418,2083,114362954655870,114362955430543
1156,11.560000000,sine_f1,-0.053935927,2083,114362964653207,114362965453406
1157,11.570000000,sine_f1,-0.054630129,2084,114362974653830,114362975430323
1158,11.580000000,sine_f1,-0.055310851,2084,114362984649802,114362985422691
1159,11.590000000,sine_f1,-0.055977926,2084,114362994645730,114362995421384
1160,11.600000000,sine_f1,-0.056631190,2085,114363004648796,114363005427473
1161,11.610000000,sine_f1,-0.057270480,2085,114363014655717,114363015448767
1162,11.620000000,sine_f1,-0.057895640,2086,114363024643444,114363025413822
1163,11.630000000,sine_f1,-0.058506515,2086,114363034640771,114363035391391
1164,11.640000000,sine_f1,-0.059102955,2087,114363044643758,114363045416944
1165,11.650000000,sine_f1,-0.059684812,2087,114363054647939,114363055400132
1166,11.660000000,sine_f1,-0.060251942,2087,114363064654336,114363065446993
1167,11.670000000,sine_f1,-0.060804206,2088,114363074642435,114363075397562
1168,11.680000000,sine_f1,-0.061341468,2088,114363084640942,114363085387224
1169,11.690000000,sine_f1,-0.061863594,2088,114363094643005,114363095412183
1170,11.700000000,sine_f1,-0.062370457,2089,114363104649583,114363105407034
1171,11.710000000,sine_f1,-0.062861930,2089,114363114646364,114363115415103
1172,11.720000000,sine_f1,-0.063337894,2089,114363124655368,114363125403573
1173,11.730000000,sine_f1,-0.063798229,2090,114363134651489,114363135415724
1174,11.740000000,sine_f1,-0.064242824,2090,114363144646026,114363145432412
1175,11.750000000,sine_f1,-0.064671567,2090,114363154653133,114363155414544
1176,11.760000000,sine_f1,-0.065084354,2090,114363164646891,114363165422881
1177,11.770000000,sine_f1,-0.065481082,2091,114363174646546,114363175413586
1178,11.780000000,sine_f1,-0.065861654,2091,114363184644723,114363185441260
1179,11.790000000,sine_f1,-0.066225975,2091,114363194646203,114363195421260
1180,11.800000000,sine_f1,-0.066573956,2091,114363204646271,114363205417148
1181,11.810000000,sine_f1,-0.066905511,2092,114363214645597,114363215419515
1182,11.820000000,sine_f1,-0.067220558,2092,114363224656692,114363225452573
1183,11.830000000,sine_f1,-0.067519019,2092,114363234649757,114363235419070
1184,11.840000000,sine_f1,-0.067800821,2092,114363244648564,114363245413953
1185,11.850000000,sine_f1,-0.068065894,2092,114363254648024,114363255443771
1186,11.860000000,sine_f1,-0.068314173,2093,114363264650645,114363265488395
1187,11.870000000,sine_f1,-0.068545597,2093,114363274639626,114363275380505
1188,11.880000000,sine_f1,-0.068760108,2093,114363284653559,114363285465923
1189,11.890000000,sine_f1,-0.068957653,2093,114363294648556,114363295389820
1190,11.900000000,sine_f1,-0.069138184,2093,114363304645903,114363305395540
1191,11.910000000,sine_f1,-0.069301656,2093,114363314645719,114363315373247
1192,11.920000000,sine_f1,-0.069448029,2093,114363324652718,114363325380484
1193,11.930000000,sine_f1,-0.069577267,2093,114363334646445,114363335413087
1194,11.940000000,sine_f1,-0.069689338,2093,114363344644638,114363345394897
1195,11.950000000,sine_f1,-0.069784213,2093,114363354649837,114363355402421
1196,11.960000000,sine_f1,-0.069861871,2094,114363364646572,114363365408271
1197,11.970000000,sine_f1,-0.069922291,2094,114363374646401,114363375388268
1198,11.980000000,sine_f1,-0.069965459,2094,114363384646402,114363385392759
1199,11.990000000,sine_f1,-0.069991364,2094,114363394645492,114363395392658
1200,12.000000000,sine_f1,-0.070000000,2094,114363404654801,114363405404703
1201,12.010000000,sine_f1,-0.069991364,2094,114363414649735,114363415392732
1202,12.020000000,sine_f1,-0.069965459,2094,114363424646923,114363425394118
1203,12.030000000,sine_f1,-0.069922291,2094,114363434645647,114363435397320
1204,12.040000000,sine_f1,-0.069861871,2094,114363444645038,114363445393101
1205,12.050000000,sine_f1,-0.069784213,2093,114363454651991,114363455399035
1206,12.060000000,sine_f1,-0.069689338,2093,114363464647462,114363465412629
1207,12.070000000,sine_f1,-0.069577267,2093,114363474649764,114363475405811
1208,12.080000000,sine_f1,-0.069448029,2093,114363484647356,114363485393710
1209,12.090000000,sine_f1,-0.069301656,2093,114363494645816,114363495393241
1210,12.100000000,sine_f1,-0.069138184,2093,114363504646731,114363505395503
1211,12.110000000,sine_f1,-0.068957653,2093,114363514645703,114363515392736
1212,12.120000000,sine_f1,-0.068760108,2093,114363524646376,114363525395627
1213,12.130000000,sine_f1,-0.068545597,2093,114363534645130,114363535395441
1214,12.140000000,sine_f1,-0.068314173,2093,114363544647181,114363545395121
1215,12.150000000,sine_f1,-0.068065894,2092,114363554652798,114363555399365
1216,12.160000000,sine_f1,-0.067800821,2092,114363564646084,114363565403145
1217,12.170000000,sine_f1,-0.067519019,2092,114363574651478,114363575403066
1218,12.180000000,sine_f1,-0.067220558,2092,114363584646818,114363585398197
1219,12.190000000,sine_f1,-0.066905511,2092,114363594645633,114363595398384
1220,12.200000000,sine_f1,-0.066573956,2091,114363604646797,114363605421652
1221,12.210000000,sine_f1,-0.066225975,2091,114363614645711,114363615398410
1222,12.220000000,sine_f1,-0.065861654,2091,114363624645894,114363625391440
1223,12.230000000,sine_f1,-0.065481082,2091,114363634645931,114363635397855
1224,12.240000000,sine_f1,-0.065084354,2090,114363644645503,114363645388126
1225,12.250000000,sine_f1,-0.064671567,2090,114363654648048,114363655407060
1226,12.260000000,sine_f1,-0.064242824,2090,114363664729956,114363665441919
1227,12.270000000,sine_f1,-0.063798229,2090,114363674651189,114363675400998
1228,12.280000000,sine_f1,-0.063337894,2089,114363684649334,114363685397641
1229,12.290000000,sine_f1,-0.062861930,2089,114363694646759,114363695397799
1230,12.300000000,sine_f1,-0.062370457,2089,114363704646256,114363705392179
1231,12.310000000,sine_f1,-0.061863594,2088,114363714645444,114363715392866
1232,12.320000000,sine_f1,-0.061341468,2088,114363724649872,114363725400646
1233,12.330000000,sine_f1,-0.060804206,2088,114363734645943,114363735395100
1234,12.340000000,sine_f1,-0.060251942,2087,114363744646284,114363745376570
1235,12.350000000,sine_f1,-0.059684812,2087,114363754645672,114363755372351
1236,12.360000000,sine_f1,-0.059102955,2087,114363764645242,114363765372338
1237,12.370000000,sine_f1,-0.058506515,2086,114363774648448,114363775376555
1238,12.380000000,sine_f1,-0.057895640,2086,114363784648318,114363785372065
1239,12.390000000,sine_f1,-0.057270480,2085,114363794648774,114363795375777
1240,12.400000000,sine_f1,-0.056631190,2085,114363804645841,114363805370990
1241,12.410000000,sine_f1,-0.055977926,2084,114363814645149,114363815370427
1242,12.420000000,sine_f1,-0.055310851,2084,114363824648145,114363825384524
1243,12.430000000,sine_f1,-0.054630129,2084,114363834646814,114363835370235
1244,12.440000000,sine_f1,-0.053935927,2083,114363844645469,114363845376695
1245,12.450000000,sine_f1,-0.053228418,2083,114363854644786,114363855371781
1246,12.460000000,sine_f1,-0.052507775,2082,114363864645762,114363865368700
1247,12.470000000,sine_f1,-0.051774177,2082,114363874647859,114363875373326
1248,12.480000000,sine_f1,-0.051027804,2081,114363884648047,114363885371193
1249,12.490000000,sine_f1,-0.050268841,2081,114363894645598,114363895372964
1250,12.500000000,sine_f1,-0.049497475,2080,114363904645945,114363905377221
1251,12.510000000,sine_f1,-0.048713896,2080,114363914644193,114363915374467
1252,12.520000000,sine_f1,-0.047918297,2079,114363924648184,114363925373913
1253,12.530000000,sine_f1,-0.047110876,2079,114363934644286,114363935373247
1254,12.540000000,sine_f1,-0.046291831,2078,114363944645821,114363945373122
1255,12.550000000,sine_f1,-0.045461363,2078,114363954645388,114363955371613
1256,12.560000000,sine_f1,-0.044619679,2077,114363964645409,114363965370345
1257,12.570000000,sine_f1,-0.043766986,2077,114363974647803,114363975373000
1258,12.580000000,sine_f1,-0.042903494,2076,114363984647976,114363985371494
1259,12.590000000,sine_f1,-0.042029416,2075,114363994645137,114363995368647
1260,12.600000000,sine_f1,-0.041144968,2075,114364004645101,114364005369106
1261,12.610000000,sine_f1,-0.040250368,2074,114364014645225,114364015372663
1262,12.620000000,sine_f1,-0.039345836,2074,114364024648250,114364025375851
1263,12.630000000,sine_f1,-0.038431597,2073,114364034645662,114364035373898
1264,12.640000000,sine_f1,-0.037507876,2072,114364044644914,114364045370845
1265,12.650000000,sine_f1,-0.036574900,2072,114364054645390,114364055372646
1266,12.660000000,sine_f1,-0.035632899,2071,114364064644687,114364065390277
1267,12.670000000,sine_f1,-0.034682107,2071,114364074648520,114364075390651
1268,12.680000000,sine_f1,-0.033722757,2070,114364084647973,114364085374902
1269,12.690000000,sine_f1,-0.032755087,2069,114364094645595,114364095367487
1270,12.700000000,sine_f1,-0.031779335,2069,114364104643901,114364105374454
1271,12.710000000,sine_f1,-0.030795742,2068,114364114648053,114364115378326
1272,12.720000000,sine_f1,-0.029804550,2067,114364124649601,114364125383437
1273,12.730000000,sine_f1,-0.028806005,2067,114364134645478,114364135373509
1274,12.740000000,sine_f1,-0.027800352,2066,114364144645520,114364145370673
1275,12.750000000,sine_f1,-0.026787840,2065,114364154645989,114364155354497
1276,12.760000000,sine_f1,-0.025768719,2065,114364164645447,114364165356012
1277,12.770000000,sine_f1,-0.024743239,2064,114364174647525,114364175374819
1278,12.780000000,sine_f1,-0.023711654,2063,114364184659841,114364185372045
1279,12.790000000,sine_f1,-0.022674219,2063,114364194648391,114364195352044
1280,12.800000000,sine_f1,-0.021631190,2062,114364204646259,114364205350173
1281,12.810000000,sine_f1,-0.020582823,2061,114364214645947,114364215370447
1282,12.820000000,sine_f1,-0.019529377,2061,114364224646576,114364225350390
1283,12.830000000,sine_f1,-0.018471113,2060,114364234646598,114364235351392
1284,12.840000000,sine_f1,-0.017408292,2059,114364244646389,114364245349944
1285,12.850000000,sine_f1,-0.016341175,2059,114364254646295,114364255352999
1286,12.860000000,sine_f1,-0.015270027,2058,114364264645349,114364265360565
1287,12.870000000,sine_f1,-0.014195111,2057,114364274647626,114364275358625
1288,12.880000000,sine_f1,-0.013116692,2057,114364284648181,114364285350759
1289,12.890000000,sine_f1,-0.012035037,2056,114364294644660,114364295349446
1290,12.900000000,sine_f1,-0.010950413,2055,114364304645207,114364305356532
1291,12.910000000,sine_f1,-0.009863086,2054,114364314644826,114364315351822
1292,12.920000000,sine_f1,-0.008773326,2054,114364324649784,114364325361788
1293,12.930000000,sine_f1,-0.007681402,2053,114364334646521,114364335355308
1294,12.940000000,sine_f1,-0.006587582,2052,114364344645795,114364345340201
1295,12.950000000,sine_f1,-0.005492137,2052,114364354649094,114364355348498
1296,12.960000000,sine_f1,-0.004395336,2051,114364364645136,114364365357591
1297,12.970000000,sine_f1,-0.003297452,2050,114364374651769,114364375358482
1298,12.980000000,sine_f1,-0.002198753,2049,114364384648617,114364385355207
1299,12.990000000,sine_f1,-0.001099512,2049,114364394647328,114364395350956
1300,13.000000000,sine_f1,-0.000000000,2048,114364404644087,114364405352207
1301,13.010000000,sine_f1,0.001099512,2047,114364414645871,114364415354631
1302,13.020000000,sine_f1,0.002198753,2047,114364424648921,114364425355773
1303,13.030000000,sine_f1,0.003297452,2046,114364434644261,114364435351073
1304,13.040000000,sine_f1,0.004395336,2045,114364444648711,114364445356393
1305,13.050000000,sine_f1,0.005492137,2044,114364454645900,114364455351839
1306,13.060000000,sine_f1,0.006587582,2044,114364464653670,114364465359736
1307,13.070000000,sine_f1,0.007681402,2043,114364474651401,114364475354009
1308,13.080000000,sine_f1,0.008773326,2042,114364484648711,114364485355612
1309,13.090000000,sine_f1,0.009863086,2042,114364494646476,114364495352510
1310,13.100000000,sine_f1,0.010950413,2041,114364504645384,114364505349269
1311,13.110000000,sine_f1,0.012035037,2040,114364514645343,114364515353950
1312,13.120000000,sine_f1,0.013116692,2039,114364524729575,114364525369250
1313,13.130000000,sine_f1,0.014195111,2039,114364534723419,114364535367352
1314,13.140000000,sine_f1,0.015270027,2038,114364544720661,114364545366541
1315,13.150000000,sine_f1,0.016341175,2037,114364554722882,114364555368489
1316,13.160000000,sine_f1,0.017408292,2037,114364564668579,114364565367225
1317,13.170000000,sine_f1,0.018471113,2036,114364574724070,114364575355630
1318,13.180000000,sine_f1,0.019529377,2035,114364584724523,114364585385424
1319,13.190000000,sine_f1,0.020582823,2035,114364594648095,114364595331059
1320,13.200000000,sine_f1,0.021631190,2034,114364604646940,114364605345473
1321,13.210000000,sine_f1,0.022674219,2033,114364614645523,114364615335004
1322,13.220000000,sine_f1,0.023711654,2033,114364624653030,114364625350899
1323,13.230000000,sine_f1,0.024743239,2032,114364634646741,114364635331869
1324,13.240000000,sine_f1,0.025768719,2031,114364644646202,114364645335401
1325,13.250000000,sine_f1,0.026787840,2031,114364654647048,114364655331492
1326,13.260000000,sine_f1,0.027800352,2030,114364664645213,114364665337875
1327,13.270000000,sine_f1,0.028806005,2029,114364674651072,114364675337713
1328,13.280000000,sine_f1,0.029804550,2029,114364684648523,114364685336567
1329,13.290000000,sine_f1,0.030795742,2028,114364694643741,114364695334796
1330,13.300000000,sine_f1,0.031779335,2027,114364704644041,114364705356377
1331,13.310000000,sine_f1,0.032755087,2027,114364714643887,114364715331368
1332,13.320000000,sine_f1,0.033722757,2026,114364724649093,114364725334574
1333,13.330000000,sine_f1,0.034682107,2025,114364734646879,114364735332966
1334,13.340000000,sine_f1,0.035632899,2025,114364744645492,114364745332622
1335,13.350000000,sine_f1,0.036574900,2024,114364754645523,114364755330759
1336,13.360000000,sine_f1,0.037507876,2024,114364764645010,114364765334606
1337,13.370000000,sine_f1,0.038431597,2023,114364774647981,114364775340436
1338,13.380000000,sine_f1,0.039345836,2022,114364784647364,114364785353200
1339,13.390000000,sine_f1,0.040250368,2022,114364794647120,114364795334582
1340,13.400000000,sine_f1,0.041144968,2021,114364804644196,114364805431297
1341,13.410000000,sine_f1,0.042029416,2021,114364814650837,114364815349561
1342,13.420000000,sine_f1,0.042903494,2020,114364824648517,114364825343474
1343,13.430000000,sine_f1,0.043766986,2019,114364834648288,114364835334676
1344,13.440000000,sine_f1,0.044619679,2019,114364844647334,114364845329134
1345,13.450000000,sine_f1,0.045461363,2018,114364854649386,114364855337798
1346,13.460000000,sine_f1,0.046291831,2018,114364864646618,114364865332575
1347,13.470000000,sine_f1,0.047110876,2017,114364874648556,114364875329855
1348,13.480000000,sine_f1,0.047918297,2017,114364884647767,114364885338757
1349,13.490000000,sine_f1,0.048713896,2016,114364894646507,114364895333188
1350,13.500000000,sine_f1,0.049497475,2016,114364904645272,114364905327936
1351,13.510000000,sine_f1,0.050268841,2015,114364914645802,114364915332738
1352,13.520000000,sine_f1,0.051027804,2015,114364924645661,114364925329173
1353,13.530000000,sine_f1,0.051774177,2014,114364934646077,114364935332399
1354,13.540000000,sine_f1,0.052507775,2014,114364944645065,114364945328761
1355,13.550000000,sine_f1,0.053228418,2013,114364954647386,114364955333994
1356,13.560000000,sine_f1,0.053935927,2013,114364964641149,114364965330263
1357,13.570000000,sine_f1,0.054630129,2012,114364974647540,114364975336357
1358,13.580000000,sine_f1,0.055310851,2012,114364984644866,114364985355908
1359,13.590000000,sine_f1,0.055977926,2012,114364994646731,114364995313131
1360,13.600000000,sine_f1,0.056631190,2011,114365004657367,114365005322026
1361,13.610000000,sine_f1,0.057270480,2011,114365014653508,114365015314065
1362,13.620000000,sine_f1,0.057895640,2010,114365024647467,114365025337911
1363,13.630000000,sine_f1,0.058506515,2010,114365034644352,114365035313271
1364,13.640000000,sine_f1,0.059102955,2009,114365044646253,114365045314169
1365,13.650000000,sine_f1,0.059684812,2009,114365054650907,114365055317146
1366,13.660000000,sine_f1,0.060251942,2009,114365064646336,114365065315543
1367,13.670000000,sine_f1,0.060804206,2008,114365074646800,114365075312494
1368,13.680000000,sine_f1,0.061341468,2008,114365084647662,114365085317428
1369,13.690000000,sine_f1,0.061863594,2008,114365094646209,114365095314366
1370,13.700000000,sine_f1,0.062370457,2007,114365104646324,114365105325237
1371,13.710000000,sine_f1,0.062861930,2007,114365114645662,114365115320427
1372,13.720000000,sine_f1,0.063337894,2007,114365124646299,114365125311750
1373,13.730000000,sine_f1,0.063798229,2006,114365134645084,114365135311200
1374,13.740000000,sine_f1,0.064242824,2006,114365144644761,114365145316675
1375,13.750000000,sine_f1,0.064671567,2006,114365154653127,114365155315736
1376,13.760000000,sine_f1,0.065084354,2006,114365164645448,114365165313528
1377,13.770000000,sine_f1,0.065481082,2005,114365174649164,114365175313153
1378,13.780000000,sine_f1,0.065861654,2005,114365184645927,114365185310882
1379,13.790000000,sine_f1,0.066225975,2005,114365194645301,114365195309664
1380,13.800000000,sine_f1,0.066573956,2005,114365204649646,114365205308303
1381,13.810000000,sine_f1,0.066905511,2004,114365214649085,114365215325573
1382,13.820000000,sine_f1,0.067220558,2004,114365224645127,114365225308758
1383,13.830000000,sine_f1,0.067519019,2004,114365234645552,114365235309099
1384,13.840000000,sine_f1,0.067800821,2004,114365244645010,114365245308498
1385,13.850000000,sine_f1,0.068065894,2004,114365254647175,114365255309080
1386,13.860000000,sine_f1,0.068314173,2003,114365264645448,114365265305062
1387,13.870000000,sine_f1,0.068545597,2003,114365274646818,114365275308399
1388,13.880000000,sine_f1,0.068760108,2003,114365284645807,114365285315612
1389,13.890000000,sine_f1,0.068957653,2003,114365294644225,114365295315321
1390,13.900000000,sine_f1,0.069138184,2003,114365304646356,114365305388057
1391,13.910000000,sine_f1,0.069301656,2003,114365314644801,114365315334247
1392,13.920000000,sine_f1,0.069448029,2003,114365324648179,114365325310851
1393,13.930000000,sine_f1,0.069577267,2003,114365334646304,114365335311356
1394,13.940000000,sine_f1,0.069689338,2003,114365344646798,114365345335350
1395,13.950000000,sine_f1,0.069784213,2003,114365354649617,114365355309269
1396,13.960000000,sine_f1,0.069861871,2002,114365364647905,114365365316036
1397,13.970000000,sine_f1,0.069922291,2002,114365374653642,114365375320109
1398,13.980000000,sine_f1,0.069965459,2002,114365384659057,114365385334411
1399,13.990000000,sine_f1,0.069991364,2002,114365394654710,114365395343894
1400,14.000000000,sine_f1,0.070000000,2002,114365404648069,114365405307580
1401,14.010000000,sine_f1,0.069991364,2002,114365414646051,114365415292387
1402,14.020000000,sine_f1,0.069965459,2002,114365424645607,114365425291028
1403,14.030000000,sine_f1,0.069922291,2002,114365434648411,114365435298183
1404,14.040000000,sine_f1,0.069861871,2002,114365444651972,114365445298770
1405,14.050000000,sine_f1,0.069784213,2003,114365454649793,114365455293328
1406,14.060000000,sine_f1,0.069689338,2003,114365464647953,114365465289666
1407,14.070000000,sine_f1,0.069577267,2003,114365474659683,114365475303917
1408,14.080000000,sine_f1,0.069448029,2003,114365484654858,114365485310561
1409,14.090000000,sine_f1,0.069301656,2003,114365494647436,114365495288757
1410,14.100000000,sine_f1,0.069138184,2003,114365504720006,114365505305294
1411,14.110000000,sine_f1,0.068957653,2003,114365514719213,114365515301389
1412,14.120000000,sine_f1,0.068760108,2003,114365524724470,114365525318728
1413,14.130000000,sine_f1,0.068545597,2003,114365534719851,114365535307113
1414,14.140000000,sine_f1,0.068314173,2003,114365544723358,114365545301412
1415,14.150000000,sine_f1,0.068065894,2004,114365554729459,114365555326876
1416,14.160000000,sine_f1,0.067800821,2004,114365564656436,114365565309908
1417,14.170000000,sine_f1,0.067519019,2004,114365574651553,114365575297670
1418,14.180000000,sine_f1,0.067220558,2004,114365584644524,114365585327308
1419,14.190000000,sine_f1,0.066905511,2004,114365594648093,114365595292149
1420,14.200000000,sine_f1,0.066573956,2005,114365604657891,114365605296372
1421,14.210000000,sine_f1,0.066225975,2005,114365614645534,114365615290157
1422,14.220000000,sine_f1,0.065861654,2005,114365624723827,114365625313138
1423,14.230000000,sine_f1,0.065481082,2005,114365634726592,114365635306465
1424,14.240000000,sine_f1,0.065084354,2006,114365644725938,114365645324193
1425,14.250000000,sine_f1,0.064671567,2006,114365654723871,114365655305915
1426,14.260000000,sine_f1,0.064242824,2006,114365664723939,114365665311276
1427,14.270000000,sine_f1,0.063798229,2006,114365674729375,114365675306413
1428,14.280000000,sine_f1,0.063337894,2007,114365684670038,114365685327274
1429,14.290000000,sine_f1,0.062861930,2007,114365694669670,114365695354937
1430,14.300000000,sine_f1,0.062370457,2007,114365704668430,114365705296986
1431,14.310000000,sine_f1,0.061863594,2008,114365714720245,114365715298828
1432,14.320000000,sine_f1,0.061341468,2008,114365724659626,114365725304297
1433,14.330000000,sine_f1,0.060804206,2008,114365734648024,114365735286084
1434,14.340000000,sine_f1,0.060251942,2009,114365744726118,114365745308922
1435,14.350000000,sine_f1,0.059684812,2009,114365754721641,114365755302446
1436,14.360000000,sine_f1,0.059102955,2009,114365764726589,114365765304362
1437,14.370000000,sine_f1,0.058506515,2010,114365774723180,114365775306227
1438,14.380000000,sine_f1,0.057895640,2010,114365784670290,114365785304088
1439,14.390000000,sine_f1,0.057270480,2011,114365794721575,114365795307008
1440,14.400000000,sine_f1,0.056631190,2011,114365804670089,114365805300290
1441,14.410000000,sine_f1,0.055977926,2012,114365814720446,114365815301779
1442,14.420000000,sine_f1,0.055310851,2012,114365824722955,114365825363828
1443,14.430000000,sine_f1,0.054630129,2012,114365834650172,114365835276367
1444,14.440000000,sine_f1,0.053935927,2013,114365844647407,114365845270055
1445,14.450000000,sine_f1,0.053228418,2013,114365854655670,114365855278059
1446,14.460000000,sine_f1,0.052507775,2014,114365864649513,114365865299617
1447,14.470000000,sine_f1,0.051774177,2014,114365874649933,114365875275735
1448,14.480000000,sine_f1,0.051027804,2015,114365884652429,114365885278237
1449,14.490000000,sine_f1,0.050268841,2015,114365894647708,114365895269955
1450,14.500000000,sine_f1,0.049497475,2016,114365904647047,114365905281368
1451,14.510000000,sine_f1,0.048713896,2016,114365914645429,114365915266438
1452,14.520000000,sine_f1,0.047918297,2017,114365924646464,114365925266755
1453,14.530000000,sine_f1,0.047110876,2017,114365934647447,114365935277797
1454,14.540000000,sine_f1,0.046291831,2018,114365944647997,114365945279612
1455,14.550000000,sine_f1,0.045461363,2018,114365954648267,114365955275810
1456,14.560000000,sine_f1,0.044619679,2019,114365964650740,114365965270069
1457,14.570000000,sine_f1,0.043766986,2019,114365974645627,114365975270979
1458,14.580000000,sine_f1,0.042903494,2020,114365984649270,114365985270163
1459,14.590000000,sine_f1,0.042029416,2021,114365994645290,114365995265957
1460,14.600000000,sine_f1,0.041144968,2021,114366004645945,114366005267681
1461,14.610000000,sine_f1,0.040250368,2022,114366014644765,114366015262330
1462,14.620000000,sine_f1,0.039345836,2022,114366024645039,114366025280279
1463,14.630000000,sine_f1,0.038431597,2023,114366034645289,114366035274322
1464,14.640000000,sine_f1,0.037507876,2024,114366044657317,114366045272655
1465,14.650000000,sine_f1,0.036574900,2024,114366054655741,114366055241543
1466,14.660000000,sine_f1,0.035632899,2025,114366064646418,114366065250886
1467,14.670000000,sine_f1,0.034682107,2025,114366074648278,114366075270612
1468,14.680000000,sine_f1,0.033722757,2026,114366084649764,114366085269439
1469,14.690000000,sine_f1,0.032755087,2027,114366094646156,114366095263972
1470,14.700000000,sine_f1,0.031779335,2027,114366104645080,114366105264733
1471,14.710000000,sine_f1,0.030795742,2028,114366114644993,114366115268431
1472,14.720000000,sine_f1,0.029804550,2029,114366124650524,114366125267993
1473,14.730000000,sine_f1,0.028806005,2029,114366134729185,114366135278150
1474,14.740000000,sine_f1,0.027800352,2030,114366144723918,114366145298223
1475,14.750000000,sine_f1,0.026787840,2031,114366154662155,114366155286364
1476,14.760000000,sine_f1,0.025768719,2031,114366164647733,114366165335809
1477,14.770000000,sine_f1,0.024743239,2032,114366174660002,114366175285163
1478,14.780000000,sine_f1,0.023711654,2033,114366184659875,114366185286437
1479,14.790000000,sine_f1,0.022674219,2033,114366194648925,114366195271455
1480,14.800000000,sine_f1,0.021631190,2034,114366204726808,114366205281517
1481,14.810000000,sine_f1,0.020582823,2035,114366214718696,114366215284959
1482,14.820000000,sine_f1,0.019529377,2035,114366224723722,114366225301717
1483,14.830000000,sine_f1,0.018471113,2036,114366234726725,114366235283168
1484,14.840000000,sine_f1,0.017408292,2037,114366244731808,114366245301630
1485,14.850000000,sine_f1,0.016341175,2037,114366254725493,114366255284078
1486,14.860000000,sine_f1,0.015270027,2038,114366264658211,114366265266925
1487,14.870000000,sine_f1,0.014195111,2039,114366274661925,114366275260232
1488,14.880000000,sine_f1,0.013116692,2039,114366284651964,114366285259611
1489,14.890000000,sine_f1,0.012035037,2040,114366294644350,114366295248290
1490,14.900000000,sine_f1,0.010950413,2041,114366304646923,114366305246476
1491,14.910000000,sine_f1,0.009863086,2042,114366314651965,114366315252550
1492,14.920000000,sine_f1,0.008773326,2042,114366324648201,114366325254685
1493,14.930000000,sine_f1,0.007681402,2043,114366334647324,114366335251215
1494,14.940000000,sine_f1,0.006587582,2044,114366344653248,114366345253227
1495,14.950000000,sine_f1,0.005492137,2044,114366354645374,114366355249620
1496,14.960000000,sine_f1,0.004395336,2045,114366364644828,114366365243331
1497,14.970000000,sine_f1,0.003297452,2046,114366374652016,114366375249692
1498,14.980000000,sine_f1,0.002198753,2047,114366384646541,114366385251804
1499,14.990000000,sine_f1,0.001099512,2047,114366394647712,114366395250928
1500,15.000000000,sine_f1,0.000000000,2048,114366404649060,114366405250105
1501,15.010000000,sine_f1,-0.001099512,2049,114366414649355,114366415249540
1502,15.020000000,sine_f1,-0.002198753,2049,114366424647471,114366425249699
1503,15.030000000,sine_f1,-0.003297452,2050,114366434644766,114366435249271
1504,15.040000000,sine_f1,-0.004395336,2051,114366444669745,114366445273074
1505,15.050000000,sine_f1,-0.005492137,2052,114366454650594,114366455233156
1506,15.060000000,sine_f1,-0.006587582,2052,114366464639613,114366465210069
1507,15.070000000,sine_f1,-0.007681402,2053,114366474642585,114366475234204
1508,15.080000000,sine_f1,-0.008773326,2054,114366484648295,114366485219621
1509,15.090000000,sine_f1,-0.009863086,2054,114366494643142,114366495211318
1510,15.100000000,sine_f1,-0.010950413,2055,114366504638907,114366505214641
1511,15.110000000,sine_f1,-0.012035037,2056,114366514657189,114366515221581
1512,15.120000000,sine_f1,-0.013116692,2057,114366524652440,114366525231487
1513,15.130000000,sine_f1,-0.014195111,2057,114366534646997,114366535243519
1514,15.140000000,sine_f1,-0.015270027,2058,114366544648906,114366545250726
1515,15.150000000,sine_f1,-0.016341175,2059,114366554646346,114366555252110
1516,15.160000000,sine_f1,-0.017408292,2059,114366564646781,114366565270091
1517,15.170000000,sine_f1,-0.018471113,2060,114366574649164,114366575262088
1518,15.180000000,sine_f1,-0.019529377,2061,114366584657049,114366585253877
1519,15.190000000,sine_f1,-0.020582823,2061,114366594650086,114366595250265
1520,15.200000000,sine_f1,-0.021631190,2062,114366604653677,114366605255049
1521,15.210000000,sine_f1,-0.022674219,2063,114366614653512,114366615251006
1522,15.220000000,sine_f1,-0.023711654,2063,114366624652682,114366625253851
1523,15.230000000,sine_f1,-0.024743239,2064,114366634655993,114366635256429
1524,15.240000000,sine_f1,-0.025768719,2065,114366644648636,114366645298475
1525,15.250000000,sine_f1,-0.026787840,2065,114366654647796,114366655311336
1526,15.260000000,sine_f1,-0.027800352,2066,114366664652908,114366665293156
1527,15.270000000,sine_f1,-0.028806005,2067,114366674651136,114366675295929
1528,15.280000000,sine_f1,-0.029804550,2067,114366684653571,114366685300875
1529,15.290000000,sine_f1,-0.030795742,2068,114366694645172,114366695268175
1530,15.300000000,sine_f1,-0.031779335,2069,114366704645882,114366705253579
1531,15.310000000,sine_f1,-0.032755087,2069,114366714644334,114366715274925
1532,15.320000000,sine_f1,-0.033722757,2070,114366724647879,114366725303286
1533,15.330000000,sine_f1,-0.034682107,2071,114366734647656,114366735293811
1534,15.340000000,sine_f1,-0.035632899,2071,114366744645856,114366745299475
1535,15.350000000,sine_f1,-0.036574900,2072,114366754646155,114366755288604
1536,15.360000000,sine_f1,-0.037507876,2072,114366764645588,114366765303880
1537,15.370000000,sine_f1,-0.038431597,2073,114366774647229,114366775305977
1538,15.380000000,sine_f1,-0.039345836,2074,114366784646594,114366785291446
1539,15.390000000,sine_f1,-0.040250368,2074,114366794645759,114366795297794
1540,15.400000000,sine_f1,-0.041144968,2075,114366804646856,114366805293895
1541,15.410000000,sine_f1,-0.042029416,2075,114366814646182,114366815294522
1542,15.420000000,sine_f1,-0.042903494,2076,114366824648109,114366825288363
1543,15.430000000,sine_f1,-0.043766986,2077,114366834646168,114366835287426
1544,15.440000000,sine_f1,-0.044619679,2077,114366844647217,114366845290116
1545,15.450000000,sine_f1,-0.045461363,2078,114366854651184,114366855290157
1546,15.460000000,sine_f1,-0.046291831,2078,114366864647041,114366865289612
1547,15.470000000,sine_f1,-0.047110876,2079,114366874663020,114366875311522
1548,15.480000000,sine_f1,-0.047918297,2079,114366884655100,114366885298850
1549,15.490000000,sine_f1,-0.048713896,2080,114366894648993,114366895254649
1550,15.500000000,sine_f1,-0.049497475,2080,114366904636446,114366905259541
1551,15.510000000,sine_f1,-0.050268841,2081,114366914655659,114366915190210
1552,15.520000000,sine_f1,-0.051027804,2081,114366924653749,114366925187032
1553,15.530000000,sine_f1,-0.051774177,2082,114366934650516,114366935195383
1554,15.540000000,sine_f1,-0.052507775,2082,114366944639193,114366945205842
1555,15.550000000,sine_f1,-0.053228418,2083,114366954655483,114366955252998
1556,15.560000000,sine_f1,-0.053935927,2083,114366964660086,114366965262764
1557,15.570000000,sine_f1,-0.054630129,2084,114366974656797,114366975241909
1558,15.580000000,sine_f1,-0.055310851,2084,114366984658061,114366985243395
1559,15.590000000,sine_f1,-0.055977926,2084,114366994680019,114366995235514
1560,15.600000000,sine_f1,-0.056631190,2085,114367004648680,114367005229071
1561,15.610000000,sine_f1,-0.057270480,2085,114367014666707,114367015247866
1562,15.620000000,sine_f1,-0.057895640,2086,114367024660423,114367025236442
1563,15.630000000,sine_f1,-0.058506515,2086,114367034665441,114367035240887
1564,15.640000000,sine_f1,-0.059102955,2087,114367044665109,114367045307365
1565,15.650000000,sine_f1,-0.059684812,2087,114367054659754,114367055238787
1566,15.660000000,sine_f1,-0.060251942,2087,114367064658426,114367065272306
1567,15.670000000,sine_f1,-0.060804206,2088,114367074655532,114367075237964
1568,15.680000000,sine_f1,-0.061341468,2088,114367084657130,114367085215705
1569,15.690000000,sine_f1,-0.061863594,2088,114367094662958,114367095257791
1570,15.700000000,sine_f1,-0.062370457,2089,114367104660797,114367105246162
1571,15.710000000,sine_f1,-0.062861930,2089,114367114812350,114367116235854
1572,15.720000000,sine_f1,-0.063337894,2089,114367124654908,114367125222186
1573,15.730000000,sine_f1,-0.063798229,2090,114367134656557,114367135200143
1574,15.740000000,sine_f1,-0.064242824,2090,114367144656811,114367145182080
1575,15.750000000,sine_f1,-0.064671567,2090,114367154640782,114367155176010
1576,15.760000000,sine_f1,-0.065084354,2090,114367164655248,114367165169868
1577,15.770000000,sine_f1,-0.065481082,2091,114367174648989,114367175192880
1578,15.780000000,sine_f1,-0.065861654,2091,114367184648328,114367185235909
1579,15.790000000,sine_f1,-0.066225975,2091,114367194648289,114367195222514
1580,15.800000000,sine_f1,-0.066573956,2091,114367204645906,114367205229198
1581,15.810000000,sine_f1,-0.066905511,2092,114367214648206,114367215217279
1582,15.820000000,sine_f1,-0.067220558,2092,114367224647068,114367225214988
1583,15.830000000,sine_f1,-0.067519019,2092,114367234654353,114367235218495
1584,15.840000000,sine_f1,-0.067800821,2092,114367244645588,114367245214711
1585,15.850000000,sine_f1,-0.068065894,2092,114367254646679,114367255212260
1586,15.860000000,sine_f1,-0.068314173,2093,114367264681531,114367265280739
1587,15.870000000,sine_f1,-0.068545597,2093,114367274656247,114367275227279
1588,15.880000000,sine_f1,-0.068760108,2093,114367284657914,114367285222383
1589,15.890000000,sine_f1,-0.068957653,2093,114367294646374,114367295211791
1590,15.900000000,sine_f1,-0.069138184,2093,114367304656508,114367305219810
1591,15.910000000,sine_f1,-0.069301656,2093,114367314663946,114367315225880
1592,15.920000000,sine_f1,-0.069448029,2093,114367324650101,114367325213174
1593,15.930000000,sine_f1,-0.069577267,2093,114367334663143,114367335241758
1594,15.940000000,sine_f1,-0.069689338,2093,114367344648425,114367345182153
1595,15.950000000,sine_f1,-0.069784213,2093,114367354639685,114367355183518
1596,15.960000000,sine_f1,-0.069861871,2094,114367364645606,114367365183825
1597,15.970000000,sine_f1,-0.069922291,2094,114367374653080,114367375212710
1598,15.980000000,sine_f1,-0.069965459,2094,114367384646747,114367385205692
1599,15.990000000,sine_f1,-0.069991364,2094,114367394654777,114367395234513
1600,16.000000000,sine_f1,-0.070000000,2094,114367404644971,114367405205860
1601,16.010000000,sine_f1,-0.069991364,2094,114367414646065,114367415205262
1602,16.020000000,sine_f1,-0.069965459,2094,114367424645737,114367425206221
1603,16.030000000,sine_f1,-0.069922291,2094,114367434646159,114367435203587
1604,16.040000000,sine_f1,-0.069861871,2094,114367444645062,114367445219030
1605,16.050000000,sine_f1,-0.069784213,2093,114367454648130,114367455206009
1606,16.060000000,sine_f1,-0.069689338,2093,114367464646019,114367465211139
1607,16.070000000,sine_f1,-0.069577267,2093,114367474653535,114367475216868
1608,16.080000000,sine_f1,-0.069448029,2093,114367484656069,114367485233216
1609,16.090000000,sine_f1,-0.069301656,2093,114367494647181,114367495186478
1610,16.100000000,sine_f1,-0.069138184,2093,114367504653154,114367505193822
1611,16.110000000,sine_f1,-0.068957653,2093,114367514648999,114367515188313
1612,16.120000000,sine_f1,-0.068760108,2093,114367524647420,114367525183538
1613,16.130000000,sine_f1,-0.068545597,2093,114367534645465,114367535185188
1614,16.140000000,sine_f1,-0.068314173,2093,114367544645704,114367545186832
1615,16.150000000,sine_f1,-0.068065894,2092,114367554655913,114367555196881
1616,16.160000000,sine_f1,-0.067800821,2092,114367564645792,114367565189446
1617,16.170000000,sine_f1,-0.067519019,2092,114367574644459,114367575186303
1618,16.180000000,sine_f1,-0.067220558,2092,114367584657727,114367585200369
1619,16.190000000,sine_f1,-0.066905511,2092,114367594649770,114367595186077
1620,16.200000000,sine_f1,-0.066573956,2091,114367604663774,114367605199770
1621,16.210000000,sine_f1,-0.066225975,2091,114367614679134,114367615219700
1622,16.220000000,sine_f1,-0.065861654,2091,114367624722019,114367625199446
1623,16.230000000,sine_f1,-0.065481082,2091,114367634661702,114367635198954
1624,16.240000000,sine_f1,-0.065084354,2090,114367644732423,114367645195714
1625,16.250000000,sine_f1,-0.064671567,2090,114367654671790,114367655203129
1626,16.260000000,sine_f1,-0.064242824,2090,114367664677224,114367665206871
1627,16.270000000,sine_f1,-0.063798229,2090,114367674730653,114367675196622
1628,16.280000000,sine_f1,-0.063337894,2089,114367684659493,114367685194211
1629,16.290000000,sine_f1,-0.062861930,2089,114367694674862,114367695195427
1630,16.300000000,sine_f1,-0.062370457,2089,114367704670595,114367705199209
1631,16.310000000,sine_f1,-0.061863594,2088,114367714656347,114367715190222
1632,16.320000000,sine_f1,-0.061341468,2088,114367724648404,114367725186711
1633,16.330000000,sine_f1,-0.060804206,2088,114367734661923,114367735191184
1634,16.340000000,sine_f1,-0.060251942,2087,114367744647556,114367745184664
1635,16.350000000,sine_f1,-0.059684812,2087,114367754660022,114367755202102
1636,16.360000000,sine_f1,-0.059102955,2087,114367764654787,114367765189673
1637,16.370000000,sine_f1,-0.058506515,2086,114367774647597,114367775184782
1638,16.380000000,sine_f1,-0.057895640,2086,114367784649758,114367785189805
1639,16.390000000,sine_f1,-0.057270480,2085,114367794646463,114367795186226
1640,16.400000000,sine_f1,-0.056631190,2085,114367804647946,114367805187531
1641,16.410000000,sine_f1,-0.055977926,2084,114367814729909,114367815205609
1642,16.420000000,sine_f1,-0.055310851,2084,114367824647505,114367825192902
1643,16.430000000,sine_f1,-0.054630129,2084,114367834648768,114367835184248
1644,16.440000000,sine_f1,-0.053935927,2083,114367844645807,114367845182534
1645,16.450000000,sine_f1,-0.053228418,2083,114367854647531,114367855169500
1646,16.460000000,sine_f1,-0.052507775,2082,114367864680273,114367865196626
1647,16.470000000,sine_f1,-0.051774177,2082,114367874653875,114367875200057
1648,16.480000000,sine_f1,-0.051027804,2081,114367884655597,114367885191323
1649,16.490000000,sine_f1,-0.050268841,2081,114367894648351,114367895185299
1650,16.500000000,sine_f1,-0.049497475,2080,114367904647265,114367905163957
1651,16.510000000,sine_f1,-0.048713896,2080,114367914649679,114367915163963
1652,16.520000000,sine_f1,-0.047918297,2079,114367924646411,114367925162817
1653,16.530000000,sine_f1,-0.047110876,2079,114367934648089,114367935166067
1654,16.540000000,sine_f1,-0.046291831,2078,114367944645695,114367945167166
1655,16.550000000,sine_f1,-0.045461363,2078,114367954652083,114367955167934
1656,16.560000000,sine_f1,-0.044619679,2077,114367964650885,114367965165551
1657,16.570000000,sine_f1,-0.043766986,2077,114367974647612,114367975161216
1658,16.580000000,sine_f1,-0.042903494,2076,114367984649109,114367985164560
1659,16.590000000,sine_f1,-0.042029416,2075,114367994645721,114367995161635
1660,16.600000000,sine_f1,-0.041144968,2075,114368004647971,114368005166489
1661,16.610000000,sine_f1,-0.040250368,2074,114368014647495,114368015165732
1662,16.620000000,sine_f1,-0.039345836,2074,114368024645862,114368025169184
1663,16.630000000,sine_f1,-0.038431597,2073,114368034648025,114368035161796
1664,16.640000000,sine_f1,-0.037507876,2072,114368044645981,114368045161147
1665,16.650000000,sine_f1,-0.036574900,2072,114368054647244,114368055161453
1666,16.660000000,sine_f1,-0.035632899,2071,114368064648090,114368065164661
1667,16.670000000,sine_f1,-0.034682107,2071,114368074650069,114368075165694
1668,16.680000000,sine_f1,-0.033722757,2070,114368084650844,114368085166020
1669,16.690000000,sine_f1,-0.032755087,2069,114368094647662,114368095164830
1670,16.700000000,sine_f1,-0.031779335,2069,114368104662681,114368105177179
1671,16.710000000,sine_f1,-0.030795742,2068,114368114658429,114368115168098
1672,16.720000000,sine_f1,-0.029804550,2067,114368124651177,114368125168837
1673,16.730000000,sine_f1,-0.028806005,2067,114368134655528,114368135182390
1674,16.740000000,sine_f1,-0.027800352,2066,114368144645580,114368145169887
1675,16.750000000,sine_f1,-0.026787840,2065,114368154649730,114368155166846
1676,16.760000000,sine_f1,-0.025768719,2065,114368164647510,114368165171703
1677,16.770000000,sine_f1,-0.024743239,2064,114368174646534,114368175167595
1678,16.780000000,sine_f1,-0.023711654,2063,114368184657725,114368185175119
1679,16.790000000,sine_f1,-0.022674219,2063,114368194649203,114368195173689
1680,16.800000000,sine_f1,-0.021631190,2062,114368204647784,114368205166010
1681,16.810000000,sine_f1,-0.020582823,2061,114368214646350,114368215165192
1682,16.820000000,sine_f1,-0.019529377,2061,114368224645576,114368225164222
1683,16.830000000,sine_f1,-0.018471113,2060,114368234645340,114368235158978
1684,16.840000000,sine_f1,-0.017408292,2059,114368244651361,114368245175003
1685,16.850000000,sine_f1,-0.016341175,2059,114368254668940,114368255179725
1686,16.860000000,sine_f1,-0.015270027,2058,114368264733491,114368265180181
1687,16.870000000,sine_f1,-0.014195111,2057,114368274723550,114368275179447
1688,16.880000000,sine_f1,-0.013116692,2057,114368284669458,114368285181447
1689,16.890000000,sine_f1,-0.012035037,2056,114368294668591,114368295177667
1690,16.900000000,sine_f1,-0.010950413,2055,114368304728154,114368305162524
1691,16.910000000,sine_f1,-0.009863086,2054,114368314725870,114368315192542
1692,16.920000000,sine_f1,-0.008773326,2054,114368324734358,114368325174079
1693,16.930000000,sine_f1,-0.007681402,2053,114368334723561,114368335175094
1694,16.940000000,sine_f1,-0.006587582,2052,114368344668592,114368345145908
1695,16.950000000,sine_f1,-0.005492137,2052,114368354668045,114368355159025
1696,16.960000000,sine_f1,-0.004395336,2051,114368364724458,114368365151474
1697,16.970000000,sine_f1,-0.003297452,2050,114368374668644,114368375158227
1698,16.980000000,sine_f1,-0.002198753,2049,114368384669459,114368385157181
1699,16.990000000,sine_f1,-0.001099512,2049,114368394654147,114368395159070
1700,17.000000000,sine_f1,-0.000000000,2048,114368404669316,114368405177177
1701,17.010000000,sine_f1,0.001099512,2047,114368414727672,114368415156735
1702,17.020000000,sine_f1,0.002198753,2047,114368424650276,114368425144808
1703,17.030000000,sine_f1,0.003297452,2046,114368434648040,114368435142358
1704,17.040000000,sine_f1,0.004395336,2045,114368444645615,114368445129446
1705,17.050000000,sine_f1,0.005492137,2044,114368454646178,114368455144750
1706,17.060000000,sine_f1,0.006587582,2044,114368464645537,114368465144041
1707,17.070000000,sine_f1,0.007681402,2043,114368474644949,114368475144238
1708,17.080000000,sine_f1,0.008773326,2042,114368484663149,114368485178355
1709,17.090000000,sine_f1,0.009863086,2042,114368494673167,114368495188219
1710,17.100000000,sine_f1,0.010950413,2041,114368504652329,114368505133064
1711,17.110000000,sine_f1,0.012035037,2040,114368514661191,114368515151417
1712,17.120000000,sine_f1,0.013116692,2039,114368524724915,114368525162274
1713,17.130000000,sine_f1,0.014195111,2039,114368534657411,114368535118475
1714,17.140000000,sine_f1,0.015270027,2038,114368544719289,114368545099203
1715,17.150000000,sine_f1,0.016341175,2037,114368554655393,114368555104289
1716,17.160000000,sine_f1,0.017408292,2037,114368564651597,114368565099420
1717,17.170000000,sine_f1,0.018471113,2036,114368574645692,114368575107000
1718,17.180000000,sine_f1,0.019529377,2035,114368584649304,114368585129254
1719,17.190000000,sine_f1,0.020582823,2035,114368594646566,114368595130647
1720,17.200000000,sine_f1,0.021631190,2034,114368604652004,114368605146446
1721,17.210000000,sine_f1,0.022674219,2033,114368614651135,114368615147836
1722,17.220000000,sine_f1,0.023711654,2033,114368624647508,114368625141794
1723,17.230000000,sine_f1,0.024743239,2032,114368634648542,114368635142349
1724,17.240000000,sine_f1,0.025768719,2031,114368644647307,114368645144894
1725,17.250000000,sine_f1,0.026787840,2031,114368654657549,114368655156848
1726,17.260000000,sine_f1,0.027800352,2030,114368664653405,114368665148070
1727,17.270000000,sine_f1,0.028806005,2029,114368674649458,114368675151567
1728,17.280000000,sine_f1,0.029804550,2029,114368684660150,114368685174401
1729,17.290000000,sine_f1,0.030795742,2028,114368694647744,114368695142313
1730,17.300000000,sine_f1,0.031779335,2027,114368704650432,114368705153164
1731,17.310000000,sine_f1,0.032755087,2027,114368714726955,114368715154214
1732,17.320000000,sine_f1,0.033722757,2026,114368724659461,114368725156109
1733,17.330000000,sine_f1,0.034682107,2025,114368734654110,114368735170153
1734,17.340000000,sine_f1,0.035632899,2025,114368744646343,114368745145192
1735,17.350000000,sine_f1,0.036574900,2024,114368754649546,114368755136014
1736,17.360000000,sine_f1,0.037507876,2024,114368764649604,114368765125400
1737,17.370000000,sine_f1,0.038431597,2023,114368774646575,114368775132892
1738,17.380000000,sine_f1,0.039345836,2022,114368784646924,114368785126715
1739,17.390000000,sine_f1,0.040250368,2022,114368794645763,114368795122280
1740,17.400000000,sine_f1,0.041144968,2021,114368804647872,114368805125869
1741,17.410000000,sine_f1,0.042029416,2021,114368814653618,114368815128881
1742,17.420000000,sine_f1,0.042903494,2020,114368824648361,114368825128686
1743,17.430000000,sine_f1,0.043766986,2019,114368834653668,114368835147744
1744,17.440000000,sine_f1,0.044619679,2019,114368844646368,114368845120651
1745,17.450000000,sine_f1,0.045461363,2018,114368854649728,114368855128507
1746,17.460000000,sine_f1,0.046291831,2018,114368864658746,114368865136863
1747,17.470000000,sine_f1,0.047110876,2017,114368874649025,114368875132254
1748,17.480000000,sine_f1,0.047918297,2017,114368884654710,114368885153352
1749,17.490000000,sine_f1,0.048713896,2016,114368894647069,114368895125164
1750,17.500000000,sine_f1,0.049497475,2016,114368904649962,114368905160847
1751,17.510000000,sine_f1,0.050268841,2015,114368914665642,114368915134441
1752,17.520000000,sine_f1,0.051027804,2015,114368924647263,114368925128455
1753,17.530000000,sine_f1,0.051774177,2014,114368934652554,114368935129716
1754,17.540000000,sine_f1,0.052507775,2014,114368944647071,114368945141602
1755,17.550000000,sine_f1,0.053228418,2013,114368954651134,114368955127550
1756,17.560000000,sine_f1,0.053935927,2013,114368964657108,114368965126565
1757,17.570000000,sine_f1,0.054630129,2012,114368974658217,114368975080918
1758,17.580000000,sine_f1,0.055310851,2012,114368984647344,114368985132035
1759,17.590000000,sine_f1,0.055977926,2012,114368994647201,114368995081016
1760,17.600000000,sine_f1,0.056631190,2011,114369004645561,114369005089204
1761,17.610000000,sine_f1,0.057270480,2011,114369014645324,114369015104889
1762,17.620000000,sine_f1,0.057895640,2010,114369024640273,114369025081052
1763,17.630000000,sine_f1,0.058506515,2010,114369034647139,114369035082963
1764,17.640000000,sine_f1,0.059102955,2009,114369044643366,114369045106378
1765,17.650000000,sine_f1,0.059684812,2009,114369054646649,114369055118046
1766,17.660000000,sine_f1,0.060251942,2009,114369064644447,114369065124050
1767,17.670000000,sine_f1,0.060804206,2008,114369074644141,114369075121817
1768,17.680000000,sine_f1,0.061341468,2008,114369084645417,114369085141498
1769,17.690000000,sine_f1,0.061863594,2008,114369094645703,114369095120889
1770,17.700000000,sine_f1,0.062370457,2007,114369104644668,114369105135368
1771,17.710000000,sine_f1,0.062861930,2007,114369114645951,114369115145440
1772,17.720000000,sine_f1,0.063337894,2007,114369124646621,114369125126034
1773,17.730000000,sine_f1,0.063798229,2006,114369134649533,114369135107707
1774,17.740000000,sine_f1,0.064242824,2006,114369144645485,114369145098454
1775,17.750000000,sine_f1,0.064671567,2006,114369154655024,114369155150355
1776,17.760000000,sine_f1,0.065084354,2006,114369164649600,114369165120155
1777,17.770000000,sine_f1,0.065481082,2005,114369174646081,114369175097160
1778,17.780000000,sine_f1,0.065861654,2005,114369184650919,114369185102904
1779,17.790000000,sine_f1,0.066225975,2005,114369194645781,114369195099386
1780,17.800000000,sine_f1,0.066573956,2005,114369204646818,114369205097498
1781,17.810000000,sine_f1,0.066905511,2004,114369214720641,114369216111196
1782,17.820000000,sine_f1,0.067220558,2004,114369224730128,114369226107357
1783,17.830000000,sine_f1,0.067519019,2004,114369234726531,114369236135403
1784,17.840000000,sine_f1,0.067800821,2004,114369244726070,114369246119588
1785,17.850000000,sine_f1,0.068065894,2004,114369254657752,114369255113476
1786,17.860000000,sine_f1,0.068314173,2003,114369264728242,114369266120086
1787,17.870000000,sine_f1,0.068545597,2003,114369274668883,114369275117273
1788,17.880000000,sine_f1,0.068760108,2003,114369284668547,114369285115830
1789,17.890000000,sine_f1,0.068957653,2003,114369294730193,114369296119547
1790,17.900000000,sine_f1,0.069138184,2003,114369304661126,114369305119661
1791,17.910000000,sine_f1,0.069301656,2003,114369314721682,114369316111835
1792,17.920000000,sine_f1,0.069448029,2003,114369324721341,114369326119301
1793,17.930000000,sine_f1,0.069577267,2003,114369334729265,114369336118557
1794,17.940000000,sine_f1,0.069689338,2003,114369344668684,114369345174421
1795,17.950000000,sine_f1,0.069784213,2003,114369354659492,114369355114325
1796,17.960000000,sine_f1,0.069861871,2002,114369364690877,114369366137382
1797,17.970000000,sine_f1,0.069922291,2002,114369374730820,114369376134651
1798,17.980000000,sine_f1,0.069965459,2002,114369384657877,114369385138544
1799,17.990000000,sine_f1,0.069991364,2002,114369394649942,114369395101653
1800,18.000000000,sine_f1,0.070000000,2002,114369404666252,114369405112799
1801,18.010000000,sine_f1,0.069991364,2002,114369414677481,114369415132781
1802,18.020000000,sine_f1,0.069965459,2002,114369424649711,114369425109791
1803,18.030000000,sine_f1,0.069922291,2002,114369434657663,114369435105663
1804,18.040000000,sine_f1,0.069861871,2002,114369444648985,114369445102564
1805,18.050000000,sine_f1,0.069784213,2003,114369454650718,114369455104885
1806,18.060000000,sine_f1,0.069689338,2003,114369464651989,114369465104911
1807,18.070000000,sine_f1,0.069577267,2003,114369474650892,114369475105647
1808,18.080000000,sine_f1,0.069448029,2003,114369484651679,114369485104424
1809,18.090000000,sine_f1,0.069301656,2003,114369494651288,114369495102512
1810,18.100000000,sine_f1,0.069138184,2003,114369504651356,114369505105077
1811,18.110000000,sine_f1,0.068957653,2003,114369514658988,114369515103579
1812,18.120000000,sine_f1,0.068760108,2003,114369524647121,114369525099387
1813,18.130000000,sine_f1,0.068545597,2003,114369534665280,114369535108361
1814,18.140000000,sine_f1,0.068314173,2003,114369544648543,114369545082004
1815,18.150000000,sine_f1,0.068065894,2004,114369554654256,114369555129968
1816,18.160000000,sine_f1,0.067800821,2004,114369564661157,114369565089621
1817,18.170000000,sine_f1,0.067519019,2004,114369574650176,114369575106611
1818,18.180000000,sine_f1,0.067220558,2004,114369584655067,114369585115181
1819,18.190000000,sine_f1,0.066905511,2004,114369594650530,114369595085819
1820,18.200000000,sine_f1,0.066573956,2005,114369604653724,114369605086533
1821,18.210000000,sine_f1,0.066225975,2005,114369614676894,114369615110608
1822,18.220000000,sine_f1,0.065861654,2005,114369624650975,114369625081452
1823,18.230000000,sine_f1,0.065481082,2005,114369634652928,114369635084085
1824,18.240000000,sine_f1,0.065084354,2006,114369644646691,114369645082853
1825,18.250000000,sine_f1,0.064671567,2006,114369654647322,114369655083582
1826,18.260000000,sine_f1,0.064242824,2006,114369664690115,114369666135512
1827,18.270000000,sine_f1,0.063798229,2006,114369674722238,114369676117772
1828,18.280000000,sine_f1,0.063337894,2007,114369684657931,114369685098357
1829,18.290000000,sine_f1,0.062861930,2007,114369694726072,114369696093896
1830,18.300000000,sine_f1,0.062370457,2007,114369704723300,114369706110471
1831,18.310000000,sine_f1,0.061863594,2008,114369714728714,114369716098173
1832,18.320000000,sine_f1,0.061341468,2008,114369724726212,114369726092714
1833,18.330000000,sine_f1,0.060804206,2008,114369734720406,114369736095258
1834,18.340000000,sine_f1,0.060251942,2009,114369744728461,114369746097706
1835,18.350000000,sine_f1,0.059684812,2009,114369754657184,114369755092704
1836,18.360000000,sine_f1,0.059102955,2009,114369764718990,114369766095899
1837,18.370000000,sine_f1,0.058506515,2010,114369774728096,114369776099353
1838,18.380000000,sine_f1,0.057895640,2010,114369784657823,114369785093150
1839,18.390000000,sine_f1,0.057270480,2011,114369794724417,114369796096085
1840,18.400000000,sine_f1,0.056631190,2011,114369804722556,114369806098201
1841,18.410000000,sine_f1,0.055977926,2012,114369814721371,114369816097693
1842,18.420000000,sine_f1,0.055310851,2012,114369824725682,114369826098035
1843,18.430000000,sine_f1,0.054630129,2012,114369834727836,114369836097574
1844,18.440000000,sine_f1,0.053935927,2013,114369844719055,114369846095227
1845,18.450000000,sine_f1,0.053228418,2013,114369854657956,114369855088946
1846,18.460000000,sine_f1,0.052507775,2014,114369864719861,114369866094490
1847,18.470000000,sine_f1,0.051774177,2014,114369874722263,114369876099745
1848,18.480000000,sine_f1,0.051027804,2015,114369884656688,114369885106062
1849,18.490000000,sine_f1,0.050268841,2015,114369894718902,114369896095393
1850,18.500000000,sine_f1,0.049497475,2016,114369904725948,114369906093969
1851,18.510000000,sine_f1,0.048713896,2016,114369914721698,114369916101895
1852,18.520000000,sine_f1,0.047918297,2017,114369924721610,114369926093708
1853,18.530000000,sine_f1,0.047110876,2017,114369934719180,114369936097289
1854,18.540000000,sine_f1,0.046291831,2018,114369944723013,114369946099321
1855,18.550000000,sine_f1,0.045461363,2018,114369954657757,114369955093526
1856,18.560000000,sine_f1,0.044619679,2019,114369964726115,114369966143187
1857,18.570000000,sine_f1,0.043766986,2019,114369974721792,114369976077640
1858,18.580000000,sine_f1,0.042903494,2020,114369984657666,114369985092393
1859,18.590000000,sine_f1,0.042029416,2021,114369994724061,114369996079268
1860,18.600000000,sine_f1,0.041144968,2021,114370004722904,114370006076999
1861,18.610000000,sine_f1,0.040250368,2022,114370014721685,114370016075140
1862,18.620000000,sine_f1,0.039345836,2022,114370024726741,114370026118408
1863,18.630000000,sine_f1,0.038431597,2023,114370034722692,114370036075479
1864,18.640000000,sine_f1,0.037507876,2024,114370044722568,114370046079648
1865,18.650000000,sine_f1,0.036574900,2024,114370054722309,114370056080446
1866,18.660000000,sine_f1,0.035632899,2025,114370064719002,114370066079301
1867,18.670000000,sine_f1,0.034682107,2025,114370074721276,114370076095278
1868,18.680000000,sine_f1,0.033722757,2026,114370084657174,114370085066800
1869,18.690000000,sine_f1,0.032755087,2027,114370094728322,114370096094020
1870,18.700000000,sine_f1,0.031779335,2027,114370104722080,114370106077939
1871,18.710000000,sine_f1,0.030795742,2028,114370114668603,114370116071741
1872,18.720000000,sine_f1,0.029804550,2029,114370124719344,114370126076749
1873,18.730000000,sine_f1,0.028806005,2029,114370134719555,114370136076051
1874,18.740000000,sine_f1,0.027800352,2030,114370144720600,114370146076396
1875,18.750000000,sine_f1,0.026787840,2031,114370154669117,114370156062835
1876,18.760000000,sine_f1,0.025768719,2031,114370164723868,114370166075753
1877,18.770000000,sine_f1,0.024743239,2032,114370174668507,114370176066794
1878,18.780000000,sine_f1,0.023711654,2033,114370184657752,114370186069257
1879,18.790000000,sine_f1,0.022674219,2033,114370194720080,114370196081806
1880,18.800000000,sine_f1,0.021631190,2034,114370204725618,114370206078173
1881,18.810000000,sine_f1,0.020582823,2035,114370214718082,114370216082351
1882,18.820000000,sine_f1,0.019529377,2035,114370224719202,114370226081077
1883,18.830000000,sine_f1,0.018471113,2036,114370234721837,114370236076389
1884,18.840000000,sine_f1,0.017408292,2037,114370244721825,114370246077092
1885,18.850000000,sine_f1,0.016341175,2037,114370254726088,114370256076143
1886,18.860000000,sine_f1,0.015270027,2038,114370264730624,114370266077309
1887,18.870000000,sine_f1,0.014195111,2039,114370274720414,114370276079965
1888,18.880000000,sine_f1,0.013116692,2039,114370284657712,114370286073205
1889,18.890000000,sine_f1,0.012035037,2040,114370294722007,114370296073290
1890,18.900000000,sine_f1,0.010950413,2041,114370304723655,114370306075093
1891,18.910000000,sine_f1,0.009863086,2042,114370314718428,114370316079024
1892,18.920000000,sine_f1,0.008773326,2042,114370324718060,114370326076054
1893,18.930000000,sine_f1,0.007681402,2043,114370334718361,114370336076918
1894,18.940000000,sine_f1,0.006587582,2044,114370344668330,114370346070853
1895,18.950000000,sine_f1,0.005492137,2044,114370354722121,114370356078837
1896,18.960000000,sine_f1,0.004395336,2045,114370364719497,114370366283387
1897,18.970000000,sine_f1,0.003297452,2046,114370374727910,114370376081921
1898,18.980000000,sine_f1,0.002198753,2047,114370384712858,114370386077350
1899,18.990000000,sine_f1,0.001099512,2047,114370394723509,114370396102248
1900,19.000000000,sine_f1,0.000000000,2048,114370404719253,114370406258368
1901,19.010000000,sine_f1,-0.001099512,2049,114370414669644,114370416258272
1902,19.020000000,sine_f1,-0.002198753,2049,114370424671935,114370426260329
1903,19.030000000,sine_f1,-0.003297452,2050,114370434730182,114370436136157
1904,19.040000000,sine_f1,-0.004395336,2051,114370444722944,114370446144183
1905,19.050000000,sine_f1,-0.005492137,2052,114370454724565,114370456120888
1906,19.060000000,sine_f1,-0.006587582,2052,114370464722156,114370466276199
1907,19.070000000,sine_f1,-0.007681402,2053,114370474730535,114370476258722
1908,19.080000000,sine_f1,-0.008773326,2054,114370484726587,114370486237638
1909,19.090000000,sine_f1,-0.009863086,2054,114370494719909,114370496245190
1910,19.100000000,sine_f1,-0.010950413,2055,114370504723535,114370506238645
1911,19.110000000,sine_f1,-0.012035037,2056,114370514727091,114370516120415
1912,19.120000000,sine_f1,-0.013116692,2057,114370524728593,114370526229682
1913,19.130000000,sine_f1,-0.014195111,2057,114370534721523,114370536242107
1914,19.140000000,sine_f1,-0.015270027,2058,114370544726626,114370546140424
1915,19.150000000,sine_f1,-0.016341175,2059,114370554724622,114370556143587
1916,19.160000000,sine_f1,-0.017408292,2059,114370564719261,114370566260631
1917,19.170000000,sine_f1,-0.018471113,2060,114370574730979,114370576106860
1918,19.180000000,sine_f1,-0.019529377,2061,114370584723526,114370586240558
1919,19.190000000,sine_f1,-0.020582823,2061,114370594724357,114370596246547
1920,19.200000000,sine_f1,-0.021631190,2062,114370604724461,114370606284109
1921,19.210000000,sine_f1,-0.022674219,2063,114370614721203,114370616060872
1922,19.220000000,sine_f1,-0.023711654,2063,114370624719685,114370626241500
1923,19.230000000,sine_f1,-0.024743239,2064,114370634722476,114370636237117
1924,19.240000000,sine_f1,-0.025768719,2065,114370644719792,114370646243485
1925,19.250000000,sine_f1,-0.026787840,2065,114370654723263,114370656141636
1926,19.260000000,sine_f1,-0.027800352,2066,114370664719447,114370666122351
1927,19.270000000,sine_f1,-0.028806005,2067,114370674734312,114370676120841
1928,19.280000000,sine_f1,-0.029804550,2067,114370684722690,114370686238791
1929,19.290000000,sine_f1,-0.030795742,2068,114370694720059,114370696238347
1930,19.300000000,sine_f1,-0.031779335,2069,114370704727012,114370706245080
1931,19.310000000,sine_f1,-0.032755087,2069,114370714726794,114370716239885
1932,19.320000000,sine_f1,-0.033722757,2070,114370724718895,114370726240401
1933,19.330000000,sine_f1,-0.034682107,2071,114370734728483,114370736254768
1934,19.340000000,sine_f1,-0.035632899,2071,114370744721465,114370746121903
1935,19.350000000,sine_f1,-0.036574900,2072,114370754722012,114370756128718
1936,19.360000000,sine_f1,-0.037507876,2072,114370764728177,114370766137202
1937,19.370000000,sine_f1,-0.038431597,2073,114370774720365,114370776213604
1938,19.380000000,sine_f1,-0.039345836,2074,114370784722671,114370786218106
1939,19.390000000,sine_f1,-0.040250368,2074,114370794720254,114370796234089
1940,19.400000000,sine_f1,-0.041144968,2075,114370804730365,114370806219125
1941,19.410000000,sine_f1,-0.042029416,2075,114370814718698,114370816223968
1942,19.420000000,sine_f1,-0.042903494,2076,114370824719476,114370826219486
1943,19.430000000,sine_f1,-0.043766986,2077,114370834729660,114370836044645
1944,19.440000000,sine_f1,-0.044619679,2077,114370844717744,114370846040128
1945,19.450000000,sine_f1,-0.045461363,2078,114370854721089,114370856044298
1946,19.460000000,sine_f1,-0.046291831,2078,114370864721022,114370866042389
1947,19.470000000,sine_f1,-0.047110876,2079,114370874723887,114370876039474
1948,19.480000000,sine_f1,-0.047918297,2079,114370884731859,114370886061512
1949,19.490000000,sine_f1,-0.048713896,2080,114370894721525,114370896045127
1950,19.500000000,sine_f1,-0.049497475,2080,114370904726605,114370906044988
1951,19.510000000,sine_f1,-0.050268841,2081,114370914719677,114370916046121
1952,19.520000000,sine_f1,-0.051027804,2081,114370924722770,114370926045892
1953,19.530000000,sine_f1,-0.051774177,2082,114370934722802,114370936039987
1954,19.540000000,sine_f1,-0.052507775,2082,114370944718546,114370946041264
1955,19.550000000,sine_f1,-0.053228418,2083,114370954725030,114370956040253
1956,19.560000000,sine_f1,-0.053935927,2083,114370964719544,114370966033893
1957,19.570000000,sine_f1,-0.054630129,2084,114370974728505,114370976038199
1958,19.580000000,sine_f1,-0.055310851,2084,114370984721809,114370986043665
1959,19.590000000,sine_f1,-0.055977926,2084,114370994722545,114370996040296
1960,19.600000000,sine_f1,-0.056631190,2085,114371004721397,114371006063665
1961,19.610000000,sine_f1,-0.057270480,2085,114371014721386,114371016057978
1962,19.620000000,sine_f1,-0.057895640,2086,114371024718743,114371026039631
1963,19.630000000,sine_f1,-0.058506515,2086,114371034722683,114371036037209
1964,19.640000000,sine_f1,-0.059102955,2087,114371044718997,114371046041673
1965,19.650000000,sine_f1,-0.059684812,2087,114371054668135,114371056030986
1966,19.660000000,sine_f1,-0.060251942,2087,114371064725440,114371066033588
1967,19.670000000,sine_f1,-0.060804206,2088,114371074726326,114371076039164
1968,19.680000000,sine_f1,-0.061341468,2088,114371084718499,114371086042206
1969,19.690000000,sine_f1,-0.061863594,2088,114371094728301,114371096054337
1970,19.700000000,sine_f1,-0.062370457,2089,114371104721796,114371106038894
1971,19.710000000,sine_f1,-0.062861930,2089,114371114720373,114371116040331
1972,19.720000000,sine_f1,-0.063337894,2089,114371124719581,114371126065593
1973,19.730000000,sine_f1,-0.063798229,2090,114371134719520,114371136042199
1974,19.740000000,sine_f1,-0.064242824,2090,114371144729306,114371146040318
1975,19.750000000,sine_f1,-0.064671567,2090,114371154659053,114371156039745
1976,19.760000000,sine_f1,-0.065084354,2090,114371164727079,114371166039673
1977,19.770000000,sine_f1,-0.065481082,2091,114371174719380,114371176036578
1978,19.780000000,sine_f1,-0.065861654,2091,114371184662974,114371186044011
1979,19.790000000,sine_f1,-0.066225975,2091,114371194723532,114371196036835
1980,19.800000000,sine_f1,-0.066573956,2091,114371204718111,114371206036488
1981,19.810000000,sine_f1,-0.066905511,2092,114371214720807,114371216041724
1982,19.820000000,sine_f1,-0.067220558,2092,114371224721157,114371226042798
1983,19.830000000,sine_f1,-0.067519019,2092,114371234719771,114371236025586
1984,19.840000000,sine_f1,-0.067800821,2092,114371244723208,114371246028384
1985,19.850000000,sine_f1,-0.068065894,2092,114371254721213,114371256026509
1986,19.860000000,sine_f1,-0.068314173,2093,114371264721431,114371266013498
1987,19.870000000,sine_f1,-0.068545597,2093,114371274725854,114371276020543
1988,19.880000000,sine_f1,-0.068760108,2093,114371284723206,114371286016128
1989,19.890000000,sine_f1,-0.068957653,2093,114371294668260,114371296019497
1990,19.900000000,sine_f1,-0.069138184,2093,114371304721232,114371306019214
1991,19.910000000,sine_f1,-0.069301656,2093,114371314724865,114371316021351
1992,19.920000000,sine_f1,-0.069448029,2093,114371324722627,114371326024791
1993,19.930000000,sine_f1,-0.069577267,2093,114371334726886,114371336020890
1994,19.940000000,sine_f1,-0.069689338,2093,114371344668260,114371346023859
1995,19.950000000,sine_f1,-0.069784213,2093,114371354719057,114371356023042
1996,19.960000000,sine_f1,-0.069861871,2094,114371364721458,114371366020468
1997,19.970000000,sine_f1,-0.069922291,2094,114371374722692,114371376020953
1998,19.980000000,sine_f1,-0.069965459,2094,114371384724796,114371386023372
1999,19.990000000,sine_f1,-0.069991364,2094,114371394722690,114371396015747
2000,20.000000000,sine_f1,-0.070000000,2094,114371404728859,114371406019918
2001,20.010000000,sine_f1,-0.069991364,2094,114371414722903,114371416026586
2002,20.020000000,sine_f1,-0.069965459,2094,114371424726131,114371425962114
2003,20.030000000,sine_f1,-0.069922291,2094,114371434728293,114371435988520
2004,20.040000000,sine_f1,-0.069861871,2094,114371444720282,114371446022062
2005,20.050000000,sine_f1,-0.069784213,2093,114371454726367,114371456016604
2006,20.060000000,sine_f1,-0.069689338,2093,114371464721330,114371466023813
2007,20.070000000,sine_f1,-0.069577267,2093,114371474724399,114371476017898
2008,20.080000000,sine_f1,-0.069448029,2093,114371484726254,114371486043533
2009,20.090000000,sine_f1,-0.069301656,2093,114371494729202,114371496033956
2010,20.100000000,sine_f1,-0.069138184,2093,114371504668578,114371506033769
2011,20.110000000,sine_f1,-0.068957653,2093,114371514736981,114371516027325
2012,20.120000000,sine_f1,-0.068760108,2093,114371524647672,114371524999139
2013,20.130000000,sine_f1,-0.068545597,2093,114371534646837,114371534991314
2014,20.140000000,sine_f1,-0.068314173,2093,114371544646853,114371544993098
2015,20.150000000,sine_f1,-0.068065894,2092,114371554723868,114371556046384
2016,20.160000000,sine_f1,-0.067800821,2092,114371564683288,114371566026518
2017,20.170000000,sine_f1,-0.067519019,2092,114371574650603,114371575984200
2018,20.180000000,sine_f1,-0.067220558,2092,114371584653843,114371585989405
2019,20.190000000,sine_f1,-0.066905511,2092,114371594651846,114371595017002
2020,20.200000000,sine_f1,-0.066573956,2091,114371604661196,114371606060355
2021,20.210000000,sine_f1,-0.066225975,2091,114371614665738,114371616063103
2022,20.220000000,sine_f1,-0.065861654,2091,114371624649365,114371624996559
2023,20.230000000,sine_f1,-0.065481082,2091,114371634656283,114371635993780
2024,20.240000000,sine_f1,-0.065084354,2090,114371644649733,114371644993747
2025,20.250000000,sine_f1,-0.064671567,2090,114371654657481,114371656010759
2026,20.260000000,sine_f1,-0.064242824,2090,114371664654862,114371666019824
2027,20.270000000,sine_f1,-0.063798229,2090,114371674658250,114371675998063
2028,20.280000000,sine_f1,-0.063337894,2089,114371684657954,114371685994798
2029,20.290000000,sine_f1,-0.062861930,2089,114371694656720,114371695989694
2030,20.300000000,sine_f1,-0.062370457,2089,114371704721136,114371705993765
2031,20.310000000,sine_f1,-0.061863594,2088,114371714726976,114371715946638
2032,20.320000000,sine_f1,-0.061341468,2088,114371724724580,114371725975955
2033,20.330000000,sine_f1,-0.060804206,2088,114371734727096,114371735987073
2034,20.340000000,sine_f1,-0.060251942,2087,114371744729819,114371745991950
2035,20.350000000,sine_f1,-0.059684812,2087,114371754727095,114371755989295
2036,20.360000000,sine_f1,-0.059102955,2087,114371764686118,114371766040758
2037,20.370000000,sine_f1,-0.058506515,2086,114371774657477,114371776008305
2038,20.380000000,sine_f1,-0.057895640,2086,114371784657217,114371785992366
2039,20.390000000,sine_f1,-0.057270480,2085,114371794722330,114371795994469
2040,20.400000000,sine_f1,-0.056631190,2085,114371804725016,114371805996878
2041,20.410000000,sine_f1,-0.055977926,2084,114371814688654,114371815989118
2042,20.420000000,sine_f1,-0.055310851,2084,114371824668782,114371825994343
2043,20.430000000,sine_f1,-0.054630129,2084,114371834726808,114371835996376
2044,20.440000000,sine_f1,-0.053935927,2083,114371844729847,114371845994547
2045,20.450000000,sine_f1,-0.053228418,2083,114371854736686,114371855997309
2046,20.460000000,sine_f1,-0.052507775,2082,114371864725178,114371866068377
2047,20.470000000,sine_f1,-0.051774177,2082,114371874726941,114371875993935
2048,20.480000000,sine_f1,-0.051027804,2081,114371884657885,114371885993504
2049,20.490000000,sine_f1,-0.050268841,2081,114371894736811,114371895987444
2050,20.500000000,sine_f1,-0.049497475,2080,114371904725029,114371905990880
2051,20.510000000,sine_f1,-0.048713896,2080,114371914689643,114371916017737
2052,20.520000000,sine_f1,-0.047918297,2079,114371924724464,114371925988409
2053,20.530000000,sine_f1,-0.047110876,2079,114371934726975,114371935994277
2054,20.540000000,sine_f1,-0.046291831,2078,114371944668943,114371945993863
2055,20.550000000,sine_f1,-0.045461363,2078,114371954733220,114371955995101
2056,20.560000000,sine_f1,-0.044619679,2077,114371964723188,114371966019048
2057,20.570000000,sine_f1,-0.043766986,2077,114371974726156,114371975992273
2058,20.580000000,sine_f1,-0.042903494,2076,114371984658153,114371985991669
2059,20.590000000,sine_f1,-0.042029416,2075,114371994738362,114371996014455
2060,20.600000000,sine_f1,-0.041144968,2075,114372004726941,114372005992841
2061,20.610000000,sine_f1,-0.040250368,2074,114372014689304,114372016015080
2062,20.620000000,sine_f1,-0.039345836,2074,114372024657367,114372025963295
2063,20.630000000,sine_f1,-0.038431597,2073,114372034733362,114372035991382
2064,20.640000000,sine_f1,-0.037507876,2072,114372044661914,114372045969237
2065,20.650000000,sine_f1,-0.036574900,2072,114372054720781,114372055988589
2066,20.660000000,sine_f1,-0.035632899,2071,114372064727997,114372065972302
2067,20.670000000,sine_f1,-0.034682107,2071,114372074668906,114372075975405
2068,20.680000000,sine_f1,-0.033722757,2070,114372084658622,114372085972782
2069,20.690000000,sine_f1,-0.032755087,2069,114372094648260,114372095963781
2070,20.700000000,sine_f1,-0.031779335,2069,114372104721200,114372106044299
2071,20.710000000,sine_f1,-0.030795742,2068,114372114666695,114372115972632
2072,20.720000000,sine_f1,-0.029804550,2067,114372124648395,114372125953758
2073,20.730000000,sine_f1,-0.028806005,2067,114372134676377,114372135973971
2074,20.740000000,sine_f1,-0.027800352,2066,114372144648158,114372145979267
2075,20.750000000,sine_f1,-0.026787840,2065,114372154726364,114372155971017
2076,20.760000000,sine_f1,-0.025768719,2065,114372164688387,114372165986619
2077,20.770000000,sine_f1,-0.024743239,2064,114372174670774,114372175989005
2078,20.780000000,sine_f1,-0.023711654,2063,114372184655470,114372186022046
2079,20.790000000,sine_f1,-0.022674219,2063,114372194647280,114372195996396
2080,20.800000000,sine_f1,-0.021631190,2062,114372204655522,114372205976473
2081,20.810000000,sine_f1,-0.020582823,2061,114372214653164,114372215965328
2082,20.820000000,sine_f1,-0.019529377,2061,114372224647638,114372225968621
2083,20.830000000,sine_f1,-0.018471113,2060,114372234655705,114372235958872
2084,20.840000000,sine_f1,-0.017408292,2059,114372244646806,114372245957039
2085,20.850000000,sine_f1,-0.016341175,2059,114372254648759,114372255959788
2086,20.860000000,sine_f1,-0.015270027,2058,114372264659366,114372265976723
2087,20.870000000,sine_f1,-0.014195111,2057,114372274647234,114372275968919
2088,20.880000000,sine_f1,-0.013116692,2057,114372284655584,114372285969838
2089,20.890000000,sine_f1,-0.012035037,2056,114372294647437,114372295951407
2090,20.900000000,sine_f1,-0.010950413,2055,114372304648010,114372305966036
2091,20.910000000,sine_f1,-0.009863086,2054,114372314650717,114372315967530
2092,20.920000000,sine_f1,-0.008773326,2054,114372324650040,114372325972156
2093,20.930000000,sine_f1,-0.007681402,2053,114372334650340,114372335974005
2094,20.940000000,sine_f1,-0.006587582,2052,114372344647779,114372345980605
2095,20.950000000,sine_f1,-0.005492137,2052,114372354648842,114372355962865
2096,20.960000000,sine_f1,-0.004395336,2051,114372364653517,114372365959499
2097,20.970000000,sine_f1,-0.003297452,2050,114372374649067,114372375959350
2098,20.980000000,sine_f1,-0.002198753,2049,114372384649315,114372385998529
2099,20.990000000,sine_f1,-0.001099512,2049,114372394657959,114372395946033
2100,21.000000000,sine_f1,-0.000000000,2048,114372404646389,114372404920193
2101,21.010000000,center_after_f1,0.000000000,2048,114372414645027,114372415922496
2102,21.020000000,center_after_f1,0.000000000,2048,114372424642253,114372424937226
2103,21.030000000,center_after_f1,0.000000000,2048,114372434648659,114372435959258
2104,21.040000000,center_after_f1,0.000000000,2048,114372444644066,114372445921727
2105,21.050000000,center_after_f1,0.000000000,2048,114372454648080,114372455929527
2106,21.060000000,center_after_f1,0.000000000,2048,114372464648571,114372465959118
2107,21.070000000,center_after_f1,0.000000000,2048,114372474650892,114372475937826
2108,21.080000000,center_after_f1,0.000000000,2048,114372484659805,114372485948639
2109,21.090000000,center_after_f1,0.000000000,2048,114372494647787,114372495969447
2110,21.100000000,center_after_f1,0.000000000,2048,114372504720183,114372505949717
2111,21.110000000,center_after_f1,0.000000000,2048,114372514720643,114372515950612
2112,21.120000000,center_after_f1,0.000000000,2048,114372524719598,114372525948346
2113,21.130000000,center_after_f1,0.000000000,2048,114372534689824,114372535997612
2114,21.140000000,center_after_f1,0.000000000,2048,114372544665807,114372545957943
2115,21.150000000,center_after_f1,0.000000000,2048,114372554657414,114372555944888
2116,21.160000000,center_after_f1,0.000000000,2048,114372564648743,114372565916928
2117,21.170000000,center_after_f1,0.000000000,2048,114372574648726,114372575920875
2118,21.180000000,center_after_f1,0.000000000,2048,114372584646396,114372585954474
2119,21.190000000,center_after_f1,0.000000000,2048,114372594648255,114372594898810
2120,21.200000000,center_after_f1,0.000000000,2048,114372604642824,114372605916648
2121,21.210000000,center_after_f1,0.000000000,2048,114372614651010,114372615918767
2122,21.220000000,center_after_f1,0.000000000,2048,114372624651941,114372625911023
2123,21.230000000,center_after_f1,0.000000000,2048,114372634645987,114372635922705
2124,21.240000000,center_after_f1,0.000000000,2048,114372644645379,114372645903655
2125,21.250000000,center_after_f1,0.000000000,2048,114372654654031,114372655918684
2126,21.260000000,center_after_f1,0.000000000,2048,114372664648037,114372666077702
2127,21.270000000,center_after_f1,0.000000000,2048,114372674647167,114372675909137
2128,21.280000000,center_after_f1,0.000000000,2048,114372684655472,114372685915510
2129,21.290000000,center_after_f1,0.000000000,2048,114372694632185,114372694901407
2130,21.300000000,center_after_f1,0.000000000,2048,114372704645859,114372705896563
2131,21.310000000,center_after_f1,0.000000000,2048,114372714648214,114372715900683
2132,21.320000000,center_after_f1,0.000000000,2048,114372724654244,114372725897487
2133,21.330000000,center_after_f1,0.000000000,2048,114372734655390,114372735910483
2134,21.340000000,center_after_f1,0.000000000,2048,114372744656676,114372745900270
2135,21.350000000,center_after_f1,0.000000000,2048,114372754651624,114372755905749
2136,21.360000000,center_after_f1,0.000000000,2048,114372764635840,114372764907482
2137,21.370000000,center_after_f1,0.000000000,2048,114372774637166,114372774891233
2138,21.380000000,center_after_f1,0.000000000,2048,114372784644950,114372785903412
2139,21.390000000,center_after_f1,0.000000000,2048,114372794645702,114372795900238
2140,21.400000000,center_after_f1,0.000000000,2048,114372804646848,114372805952663
2141,21.410000000,center_after_f1,0.000000000,2048,114372814652659,114372815923913
2142,21.420000000,center_after_f1,0.000000000,2048,114372824656363,114372825948431
2143,21.430000000,center_after_f1,0.000000000,2048,114372834659778,114372835961176
2144,21.440000000,center_after_f1,0.000000000,2048,114372844649921,114372845925884
2145,21.450000000,center_after_f1,0.000000000,2048,114372854652596,114372855906535
2146,21.460000000,center_after_f1,0.000000000,2048,114372864637705,114372864870836
2147,21.470000000,center_after_f1,0.000000000,2048,114372874655171,114372875887041
2148,21.480000000,center_after_f1,0.000000000,2048,114372884640771,114372884881371
2149,21.490000000,center_after_f1,0.000000000,2048,114372894656260,114372895878847
2150,21.500000000,center_after_f1,0.000000000,2048,114372904636093,114372904875914
2151,21.510000000,center_after_f1,0.000000000,2048,114372914652427,114372915876094
2152,21.520000000,center_after_f1,0.000000000,2048,114372924645619,114372924873852
2153,21.530000000,center_after_f1,0.000000000,2048,114372934654660,114372935879609
2154,21.540000000,center_after_f1,0.000000000,2048,114372944650746,114372945878835
2155,21.550000000,center_after_f1,0.000000000,2048,114372954650423,114372955880789
2156,21.560000000,center_after_f1,0.000000000,2048,114372964649168,114372965901102
2157,21.570000000,center_after_f1,0.000000000,2048,114372974644091,114372975892594
2158,21.580000000,center_after_f1,0.000000000,2048,114372984658716,114372985911553
2159,21.590000000,center_after_f1,0.000000000,2048,114372994650793,114372995915329
2160,21.600000000,center_after_f1,0.000000000,2048,114373004659588,114373005918905
2161,21.610000000,center_after_f1,0.000000000,2048,114373014654106,114373015924894
2162,21.620000000,center_after_f1,0.000000000,2048,114373024660389,114373025955745
2163,21.630000000,center_after_f1,0.000000000,2048,114373034656678,114373035938994
2164,21.640000000,center_after_f1,0.000000000,2048,114373044650200,114373045947606
2165,21.650000000,center_after_f1,0.000000000,2048,114373054651457,114373055941036
2166,21.660000000,center_after_f1,0.000000000,2048,114373064666455,114373065969350
2167,21.670000000,center_after_f1,0.000000000,2048,114373074651520,114373075886210
2168,21.680000000,center_after_f1,0.000000000,2048,114373084644264,114373085882632
2169,21.690000000,center_after_f1,0.000000000,2048,114373094641200,114373095875554
2170,21.700000000,center_after_f1,0.000000000,2048,114373104644658,114373105899029
2171,21.710000000,center_after_f1,0.000000000,2048,114373114648455,114373115885647
2172,21.720000000,center_after_f1,0.000000000,2048,114373124644610,114373125879982
2173,21.730000000,center_after_f1,0.000000000,2048,114373134651651,114373135884607
2174,21.740000000,center_after_f1,0.000000000,2048,114373144659153,114373145886498
2175,21.750000000,center_after_f1,0.000000000,2048,114373154660860,114373155900180
2176,21.760000000,center_after_f1,0.000000000,2048,114373164657709,114373165881398
2177,21.770000000,center_after_f1,0.000000000,2048,114373174650588,114373175876687
2178,21.780000000,center_after_f1,0.000000000,2048,114373184644965,114373185883864
2179,21.790000000,center_after_f1,0.000000000,2048,114373194644772,114373195877747
2180,21.800000000,center_after_f1,0.000000000,2048,114373204650378,114373205889355
2181,21.810000000,center_after_f1,0.000000000,2048,114373214656977,114373215889327
2182,21.820000000,center_after_f1,0.000000000,2048,114373224654887,114373225876257
2183,21.830000000,center_after_f1,0.000000000,2048,114373234648653,114373235877180
2184,21.840000000,center_after_f1,0.000000000,2048,114373244652543,114373245879639
2185,21.850000000,center_after_f1,0.000000000,2048,114373254644171,114373255890171
2186,21.860000000,center_after_f1,0.000000000,2048,114373264653074,114373265907396
2187,21.870000000,center_after_f1,0.000000000,2048,114373274646187,114373275893331
2188,21.880000000,center_after_f1,0.000000000,2048,114373284652116,114373285902616
2189,21.890000000,center_after_f1,0.000000000,2048,114373294646906,114373295921208
2190,21.900000000,center_after_f1,0.000000000,2048,114373304646910,114373305888573
2191,21.910000000,center_after_f1,0.000000000,2048,114373314648273,114373315891325
2192,21.920000000,center_after_f1,0.000000000,2048,114373324646944,114373325899216
2193,21.930000000,center_after_f1,0.000000000,2048,114373334645583,114373335895596
2194,21.940000000,center_after_f1,0.000000000,2048,114373344640698,114373345864990
2195,21.950000000,center_after_f1,0.000000000,2048,114373354645667,114373355864133
2196,21.960000000,center_after_f1,0.000000000,2048,114373364647360,114373365867455
2197,21.970000000,center_after_f1,0.000000000,2048,114373374649711,114373375885635
2198,21.980000000,center_after_f1,0.000000000,2048,114373384638440,114373385856334
2199,21.990000000,center_after_f1,0.000000000,2048,114373394649214,114373395880283
2200,22.000000000,center_after_f1,0.000000000,2048,114373404654679,114373405869662
2201,22.010000000,sine_f2,0.000000000,2048,114373414648786,114373415866694
2202,22.020000000,sine_f2,0.001884646,2047,114373424644164,114373425892161
2203,22.030000000,sine_f2,0.003767431,2046,114373434648221,114373435880590
2204,22.040000000,sine_f2,0.005646499,2044,114373444648122,114373445890778
2205,22.050000000,sine_f2,0.007519994,2043,114373454647721,114373455889309
2206,22.060000000,sine_f2,0.009386068,2042,114373464649277,114373465890919
2207,22.070000000,sine_f2,0.011242879,2041,114373474646240,114373475884603
2208,22.080000000,sine_f2,0.013088594,2039,114373484642061,114373485892422
2209,22.090000000,sine_f2,0.014921393,2038,114373494645243,114373495888305
2210,22.100000000,sine_f2,0.016739466,2037,114373504646446,114373505870707
2211,22.110000000,sine_f2,0.018541020,2036,114373514646935,114373515892389
2212,22.120000000,sine_f2,0.020324275,2035,114373524648147,114373525887112
2213,22.130000000,sine_f2,0.022087473,2034,114373534646149,114373535892306
2214,22.140000000,sine_f2,0.023828873,2032,114373544652045,114373545914645
2215,22.150000000,sine_f2,0.025546757,2031,114373554648525,114373555892021
2216,22.160000000,sine_f2,0.027239430,2030,114373564656339,114373565906715
2217,22.170000000,sine_f2,0.028905220,2029,114373574656168,114373575893310
2218,22.180000000,sine_f2,0.030542485,2028,114373584647413,114373585897984
2219,22.190000000,sine_f2,0.032149608,2027,114373594646423,114373595884687
2220,22.200000000,sine_f2,0.033725003,2026,114373604646158,114373605879404
2221,22.210000000,sine_f2,0.035267115,2025,114373614648902,114373615919312
2222,22.220000000,sine_f2,0.036774423,2024,114373624646038,114373625898876
2223,22.230000000,sine_f2,0.038245439,2023,114373634646689,114373635881796
2224,22.240000000,sine_f2,0.039678712,2022,114373644646189,114373645887611
2225,22.250000000,sine_f2,0.041072826,2021,114373654645548,114373655887716
2226,22.260000000,sine_f2,0.042426407,2020,114373664647357,114373665908365
2227,22.270000000,sine_f2,0.043738118,2019,114373674641735,114373675848751
2228,22.280000000,sine_f2,0.045006664,2019,114373684644397,114373685887496
2229,22.290000000,sine_f2,0.046230795,2018,114373694644319,114373695919301
2230,22.300000000,sine_f2,0.047409301,2017,114373704642277,114373705874821
2231,22.310000000,sine_f2,0.048541020,2016,114373714649253,114373715884956
2232,22.320000000,sine_f2,0.049624834,2016,114373724646902,114373725878658
2233,22.330000000,sine_f2,0.050659676,2015,114373734647317,114373735876712
2234,22.340000000,sine_f2,0.051644522,2014,114373744652430,114373745885236
2235,22.350000000,sine_f2,0.052578401,2014,114373754648532,114373755885209
2236,22.360000000,sine_f2,0.053460391,2013,114373764649937,114373765876647
2237,22.370000000,sine_f2,0.054289623,2013,114373774651149,114373775877616
2238,22.380000000,sine_f2,0.055065278,2012,114373784643785,114373785856949
2239,22.390000000,sine_f2,0.055786589,2012,114373794644089,114373795882993
2240,22.400000000,sine_f2,0.056452846,2011,114373804650356,114373805855253
2241,22.410000000,sine_f2,0.057063391,2011,114373814644546,114373815865654
2242,22.420000000,sine_f2,0.057617621,2010,114373824650003,114373825887378
2243,22.430000000,sine_f2,0.058114990,2010,114373834649396,114373835862935
2244,22.440000000,sine_f2,0.058555006,2010,114373844649357,114373845863516
2245,22.450000000,sine_f2,0.058937235,2010,114373854647105,114373855870863
2246,22.460000000,sine_f2,0.059261300,2009,114373864645933,114373865869717
2247,22.470000000,sine_f2,0.059526882,2009,114373874646001,114373875866170
2248,22.480000000,sine_f2,0.059733718,2009,114373884669725,114373885899201
2249,22.490000000,sine_f2,0.059881604,2009,114373894649972,114373895842775
2250,22.500000000,sine_f2,0.059970394,2009,114373904640020,114373905831723
2251,22.510000000,sine_f2,0.060000000,2009,114373914648839,114373915832416
2252,22.520000000,sine_f2,0.059970394,2009,114373924645464,114373925828722
2253,22.530000000,sine_f2,0.059881604,2009,114373934657802,114373935851671
2254,22.540000000,sine_f2,0.059733718,2009,114373944645519,114373945872000
2255,22.550000000,sine_f2,0.059526882,2009,114373954661495,114373955880016
2256,22.560000000,sine_f2,0.059261300,2009,114373964649531,114373965886362
2257,22.570000000,sine_f2,0.058937235,2010,114373974655427,114373975887911
2258,22.580000000,sine_f2,0.058555006,2010,114373984648189,114373985881344
2259,22.590000000,sine_f2,0.058114990,2010,114373994646557,114373995877213
2260,22.600000000,sine_f2,0.057617621,2010,114374004656531,114374005888041
2261,22.610000000,sine_f2,0.057063391,2011,114374014659289,114374015902232
2262,22.620000000,sine_f2,0.056452846,2011,114374024647107,114374025886297
2263,22.630000000,sine_f2,0.055786589,2012,114374034647138,114374035883779
2264,22.640000000,sine_f2,0.055065278,2012,114374044647450,114374045882611
2265,22.650000000,sine_f2,0.054289623,2013,114374054659321,114374055885474
2266,22.660000000,sine_f2,0.053460391,2013,114374064649680,114374065882214
2267,22.670000000,sine_f2,0.052578401,2014,114374074650530,114374075873875
2268,22.680000000,sine_f2,0.051644522,2014,114374084682286,114374085928218
2269,22.690000000,sine_f2,0.050659676,2015,114374094658554,114374095890909
2270,22.700000000,sine_f2,0.049624834,2016,114374104652322,114374105854163
2271,22.710000000,sine_f2,0.048541020,2016,114374114646960,114374115861869
2272,22.720000000,sine_f2,0.047409301,2017,114374124645196,114374125868777
2273,22.730000000,sine_f2,0.046230795,2018,114374134647845,114374135852720
2274,22.740000000,sine_f2,0.045006664,2019,114374144644331,114374145844738
2275,22.750000000,sine_f2,0.043738118,2019,114374154646791,114374155916560
2276,22.760000000,sine_f2,0.042426407,2020,114374164645853,114374165911958
2277,22.770000000,sine_f2,0.041072826,2021,114374174651784,114374175918534
2278,22.780000000,sine_f2,0.039678712,2022,114374184650052,114374185851512
2279,22.790000000,sine_f2,0.038245439,2023,114374194647687,114374195838692
2280,22.800000000,sine_f2,0.036774423,2024,114374204649481,114374205851564
2281,22.810000000,sine_f2,0.035267115,2025,114374214650176,114374215850676
2282,22.820000000,sine_f2,0.033725003,2026,114374224649655,114374225849004
2283,22.830000000,sine_f2,0.032149608,2027,114374234649564,114374235848958
2284,22.840000000,sine_f2,0.030542485,2028,114374244647030,114374245845894
2285,22.850000000,sine_f2,0.028905220,2029,114374254646035,114374255843919
2286,22.860000000,sine_f2,0.027239430,2030,114374264724090,114374266077565
2287,22.870000000,sine_f2,0.025546757,2031,114374274656611,114374275920264
2288,22.880000000,sine_f2,0.023828873,2032,114374284727217,114374285879383
2289,22.890000000,sine_f2,0.022087473,2034,114374294667650,114374295819831
2290,22.900000000,sine_f2,0.020324275,2035,114374304724567,114374305827650
2291,22.910000000,sine_f2,0.018541020,2036,114374314716678,114374315849146
2292,22.920000000,sine_f2,0.016739466,2037,114374324720519,114374325854863
2293,22.930000000,sine_f2,0.014921393,2038,114374334660657,114374335880013
2294,22.940000000,sine_f2,0.013088594,2039,114374344727150,114374345880652
2295,22.950000000,sine_f2,0.011242879,2041,114374354727589,114374355882025
2296,22.960000000,sine_f2,0.009386068,2042,114374364723129,114374365863405
2297,22.970000000,sine_f2,0.007519994,2043,114374374668686,114374375881759
2298,22.980000000,sine_f2,0.005646499,2044,114374384725392,114374385924238
2299,22.990000000,sine_f2,0.003767431,2046,114374394731196,114374395866860
2300,23.000000000,sine_f2,0.001884646,2047,114374404668877,114374405869485
2301,23.010000000,sine_f2,0.000000000,2048,114374414648951,114374415858424
2302,23.020000000,sine_f2,-0.001884646,2049,114374424727496,114374425863382
2303,23.030000000,sine_f2,-0.003767431,2050,114374434666634,114374435865082
2304,23.040000000,sine_f2,-0.005646499,2052,114374444725240,114374445865683
2305,23.050000000,sine_f2,-0.007519994,2053,114374454723430,114374455865352
2306,23.060000000,sine_f2,-0.009386068,2054,114374464721965,114374465863508
2307,23.070000000,sine_f2,-0.011242879,2055,114374474719670,114374475862571
2308,23.080000000,sine_f2,-0.013088594,2057,114374484723769,114374485869758
2309,23.090000000,sine_f2,-0.014921393,2058,114374494729097,114374495873069
2310,23.100000000,sine_f2,-0.016739466,2059,114374504730514,114374505863645
2311,23.110000000,sine_f2,-0.018541020,2060,114374514724197,114374515864794
2312,23.120000000,sine_f2,-0.020324275,2061,114374524722232,114374525863017
2313,23.130000000,sine_f2,-0.022087473,2062,114374534720990,114374535803263
2314,23.140000000,sine_f2,-0.023828873,2064,114374544723461,114374545864713
2315,23.150000000,sine_f2,-0.025546757,2065,114374554720878,114374555867139
2316,23.160000000,sine_f2,-0.027239430,2066,114374564724621,114374565863847
2317,23.170000000,sine_f2,-0.028905220,2067,114374574719126,114374575849086
2318,23.180000000,sine_f2,-0.030542485,2068,114374584727551,114374585844768
2319,23.190000000,sine_f2,-0.032149608,2069,114374594726859,114374595842175
2320,23.200000000,sine_f2,-0.033725003,2070,114374604722446,114374605797424
2321,23.210000000,sine_f2,-0.035267115,2071,114374614666789,114374615826902
2322,23.220000000,sine_f2,-0.036774423,2072,114374624721759,114374625825134
2323,23.230000000,sine_f2,-0.038245439,2073,114374634685531,114374635838386
2324,23.240000000,sine_f2,-0.039678712,2074,114374644729992,114374645843442
2325,23.250000000,sine_f2,-0.041072826,2075,114374654733039,114374655844927
2326,23.260000000,sine_f2,-0.042426407,2076,114374664723176,114374665839979
2327,23.270000000,sine_f2,-0.043738118,2077,114374674720112,114374675843003
2328,23.280000000,sine_f2,-0.045006664,2077,114374684725080,114374685843898
2329,23.290000000,sine_f2,-0.046230795,2078,114374694728320,114374695843442
2330,23.300000000,sine_f2,-0.047409301,2079,114374704722955,114374705841219
2331,23.310000000,sine_f2,-0.048541020,2080,114374714723794,114374715839731
2332,23.320000000,sine_f2,-0.049624834,2080,114374724722550,114374725847108
2333,23.330000000,sine_f2,-0.050659676,2081,114374734721792,114374735839914
2334,23.340000000,sine_f2,-0.051644522,2082,114374744726847,114374745847101
2335,23.350000000,sine_f2,-0.052578401,2082,114374754721893,114374755845182
2336,23.360000000,sine_f2,-0.053460391,2083,114374764729254,114374765844674
2337,23.370000000,sine_f2,-0.054289623,2083,114374774720617,114374775844614
2338,23.380000000,sine_f2,-0.055065278,2084,114374784726906,114374785844992
2339,23.390000000,sine_f2,-0.055786589,2084,114374794728982,114374795843966
2340,23.400000000,sine_f2,-0.056452846,2085,114374804731242,114374805846167
2341,23.410000000,sine_f2,-0.057063391,2085,114374814725659,114374815849393
2342,23.420000000,sine_f2,-0.057617621,2086,114374824723741,114374825842221
2343,23.430000000,sine_f2,-0.058114990,2086,114374834726328,114374835842713
2344,23.440000000,sine_f2,-0.058555006,2086,114374844737489,114374845846380
2345,23.450000000,sine_f2,-0.058937235,2086,114374854647437,114374855842656
2346,23.460000000,sine_f2,-0.059261300,2087,114374864648401,114374865834521
2347,23.470000000,sine_f2,-0.059526882,2087,114374874648472,114374875830157
2348,23.480000000,sine_f2,-0.059733718,2087,114374884645590,114374885893702
2349,23.490000000,sine_f2,-0.059881604,2087,114374894648819,114374895887406
2350,23.500000000,sine_f2,-0.059970394,2087,114374904647317,114374905829054
2351,23.510000000,sine_f2,-0.060000000,2087,114374914643909,114374915827086
2352,23.520000000,sine_f2,-0.059970394,2087,114374924647087,114374925831475
2353,23.530000000,sine_f2,-0.059881604,2087,114374934646453,114374935840095
2354,23.540000000,sine_f2,-0.059733718,2087,114374944644679,114374945828018
2355,23.550000000,sine_f2,-0.059526882,2087,114374954646501,114374955831065
2356,23.560000000,sine_f2,-0.059261300,2087,114374964663077,114374965823767
2357,23.570000000,sine_f2,-0.058937235,2086,114374974649626,114374975808669
2358,23.580000000,sine_f2,-0.058555006,2086,114374984647491,114374985806744
2359,23.590000000,sine_f2,-0.058114990,2086,114374994647960,114374995812015
2360,23.600000000,sine_f2,-0.057617621,2086,114375004644149,114375005809626
2361,23.610000000,sine_f2,-0.057063391,2085,114375014646970,114375015808454
2362,23.620000000,sine_f2,-0.056452846,2085,114375024646814,114375025805145
2363,23.630000000,sine_f2,-0.055786589,2084,114375034646618,114375035820850
2364,23.640000000,sine_f2,-0.055065278,2084,114375044648536,114375045807416
2365,23.650000000,sine_f2,-0.054289623,2083,114375054645368,114375055810336
2366,23.660000000,sine_f2,-0.053460391,2083,114375064643796,114375065809160
2367,23.670000000,sine_f2,-0.052578401,2082,114375074647341,114375075807126
2368,23.680000000,sine_f2,-0.051644522,2082,114375084646667,114375085805121
2369,23.690000000,sine_f2,-0.050659676,2081,114375094657132,114375095817972
2370,23.700000000,sine_f2,-0.049624834,2080,114375104644600,114375105806881
2371,23.710000000,sine_f2,-0.048541020,2080,114375114647306,114375115806927
2372,23.720000000,sine_f2,-0.047409301,2079,114375124646300,114375125805798
2373,23.730000000,sine_f2,-0.046230795,2078,114375134649027,114375135810719
2374,23.740000000,sine_f2,-0.045006664,2077,114375144646162,114375145808923
2375,23.750000000,sine_f2,-0.043738118,2077,114375154645415,114375155809676
2376,23.760000000,sine_f2,-0.042426407,2076,114375164643975,114375165810693
2377,23.770000000,sine_f2,-0.041072826,2075,114375174644881,114375175805068
2378,23.780000000,sine_f2,-0.039678712,2074,114375184644399,114375185809235
2379,23.790000000,sine_f2,-0.038245439,2073,114375194650823,114375195821598
2380,23.800000000,sine_f2,-0.036774423,2072,114375204645462,114375205817692
2381,23.810000000,sine_f2,-0.035267115,2071,114375214644450,114375215811269
2382,23.820000000,sine_f2,-0.033725003,2070,114375224644451,114375225813592
2383,23.830000000,sine_f2,-0.032149608,2069,114375234651067,114375235812280
2384,23.840000000,sine_f2,-0.030542485,2068,114375244645810,114375245810724
2385,23.850000000,sine_f2,-0.028905220,2067,114375254644902,114375255810740
2386,23.860000000,sine_f2,-0.027239430,2066,114375264646370,114375265811217
2387,23.870000000,sine_f2,-0.025546757,2065,114375274645027,114375275812613
2388,23.880000000,sine_f2,-0.023828873,2064,114375284645722,114375285909117
2389,23.890000000,sine_f2,-0.022087473,2062,114375294651529,114375295819950
2390,23.900000000,sine_f2,-0.020324275,2061,114375304647776,114375305812932
2391,23.910000000,sine_f2,-0.018541020,2060,114375314648837,114375315816972
2392,23.920000000,sine_f2,-0.016739466,2059,114375324647893,114375325810113
2393,23.930000000,sine_f2,-0.014921393,2058,114375334646396,114375335809203
2394,23.940000000,sine_f2,-0.013088594,2057,114375344648178,114375345795857
2395,23.950000000,sine_f2,-0.011242879,2055,114375354646174,114375355816872
2396,23.960000000,sine_f2,-0.009386068,2054,114375364645458,114375365812461
2397,23.970000000,sine_f2,-0.007519994,2053,114375374658021,114375375812515
2398,23.980000000,sine_f2,-0.005646499,2052,114375384647567,114375385797631
2399,23.990000000,sine_f2,-0.003767431,2050,114375394659672,114375395788638
2400,24.000000000,sine_f2,-0.001884646,2049,114375404646299,114375405785619
2401,24.010000000,sine_f2,-0.000000000,2048,114375414648729,114375415792203
2402,24.020000000,sine_f2,0.001884646,2047,114375424647536,114375425786156
2403,24.030000000,sine_f2,0.003767431,2046,114375434645783,114375435786957
2404,24.040000000,sine_f2,0.005646499,2044,114375444646630,114375445789208
2405,24.050000000,sine_f2,0.007519994,2043,114375454645368,114375455788192
2406,24.060000000,sine_f2,0.009386068,2042,114375464645366,114375465788179
2407,24.070000000,sine_f2,0.011242879,2041,114375474645096,114375475787687
2408,24.080000000,sine_f2,0.013088594,2039,114375484648099,114375485789924
2409,24.090000000,sine_f2,0.014921393,2038,114375494649416,114375495794696
2410,24.100000000,sine_f2,0.016739466,2037,114375504645811,114375505785529
2411,24.110000000,sine_f2,0.018541020,2036,114375514648921,114375515789557
2412,24.120000000,sine_f2,0.020324275,2035,114375524646234,114375525785405
2413,24.130000000,sine_f2,0.022087473,2034,114375534645316,114375535783776
2414,24.140000000,sine_f2,0.023828873,2032,114375544645156,114375545786872
2415,24.150000000,sine_f2,0.025546757,2031,114375554645729,114375555790666
2416,24.160000000,sine_f2,0.027239430,2030,114375564657306,114375565807366
2417,24.170000000,sine_f2,0.028905220,2029,114375574654559,114375575790747
2418,24.180000000,sine_f2,0.030542485,2028,114375584649461,114375585794136
2419,24.190000000,sine_f2,0.032149608,2027,114375594651792,114375595793927
2420,24.200000000,sine_f2,0.033725003,2026,114375604647080,114375605793649
2421,24.210000000,sine_f2,0.035267115,2025,114375614650470,114375615786248
2422,24.220000000,sine_f2,0.036774423,2024,114375624648862,114375625787950
2423,24.230000000,sine_f2,0.038245439,2023,114375634646902,114375635791230
2424,24.240000000,sine_f2,0.039678712,2022,114375644727702,114375645807216
2425,24.250000000,sine_f2,0.041072826,2021,114375654730201,114375655805223
2426,24.260000000,sine_f2,0.042426407,2020,114375664667682,114375665867309
2427,24.270000000,sine_f2,0.043738118,2019,114375674723733,114375675830644
2428,24.280000000,sine_f2,0.045006664,2019,114375684729306,114375685769791
2429,24.290000000,sine_f2,0.046230795,2018,114375694660441,114375695782354
2430,24.300000000,sine_f2,0.047409301,2017,114375704648712,114375705786752
2431,24.310000000,sine_f2,0.048541020,2016,114375714723464,114375715797566
2432,24.320000000,sine_f2,0.049624834,2016,114375724737346,114375725802483
2433,24.330000000,sine_f2,0.050659676,2015,114375734723590,114375735864993
2434,24.340000000,sine_f2,0.051644522,2014,114375744722800,114375745865642
2435,24.350000000,sine_f2,0.052578401,2014,114375754735431,114375755807781
2436,24.360000000,sine_f2,0.053460391,2013,114375764725883,114375765802038
2437,24.370000000,sine_f2,0.054289623,2013,114375774724579,114375775803585
2438,24.380000000,sine_f2,0.055065278,2012,114375784721231,114375785813949
2439,24.390000000,sine_f2,0.055786589,2012,114375794730769,114375795805972
2440,24.400000000,sine_f2,0.056452846,2011,114375804721335,114375805802595
2441,24.410000000,sine_f2,0.057063391,2011,114375814647525,114375815772592
2442,24.420000000,sine_f2,0.057617621,2010,114375824653861,114375825800004
2443,24.430000000,sine_f2,0.058114990,2010,114375834717514,114375835755180
2444,24.440000000,sine_f2,0.058555006,2010,114375844656566,114375845737372
2445,24.450000000,sine_f2,0.058937235,2010,114375854651076,114375855743391
2446,24.460000000,sine_f2,0.059261300,2009,114375864645340,114375865763090
2447,24.470000000,sine_f2,0.059526882,2009,114375874650689,114375875780902
2448,24.480000000,sine_f2,0.059733718,2009,114375884650345,114375885768145
2449,24.490000000,sine_f2,0.059881604,2009,114375894648560,114375895760209
2450,24.500000000,sine_f2,0.059970394,2009,114375904654545,114375905779422
2451,24.510000000,sine_f2,0.060000000,2009,114375914659374,114375915734177
2452,24.520000000,sine_f2,0.059970394,2009,114375924655482,114375925748119
2453,24.530000000,sine_f2,0.059881604,2009,114375934642982,114375935760720
2454,24.540000000,sine_f2,0.059733718,2009,114375944645671,114375945764715
2455,24.550000000,sine_f2,0.059526882,2009,114375954648887,114375955769284
2456,24.560000000,sine_f2,0.059261300,2009,114375964646193,114375965768141
2457,24.570000000,sine_f2,0.058937235,2010,114375974645596,114375975770013
2458,24.580000000,sine_f2,0.058555006,2010,114375984648107,114375985772373
2459,24.590000000,sine_f2,0.058114990,2010,114375994649154,114375995855211
2460,24.600000000,sine_f2,0.057617621,2010,114376004646248,114376005833511
2461,24.610000000,sine_f2,0.057063391,2011,114376014649043,114376015842230
2462,24.620000000,sine_f2,0.056452846,2011,114376024646292,114376025839157
2463,24.630000000,sine_f2,0.055786589,2012,114376034644700,114376035859450
2464,24.640000000,sine_f2,0.055065278,2012,114376044647047,114376045840242
2465,24.650000000,sine_f2,0.054289623,2013,114376054646453,114376055849258
2466,24.660000000,sine_f2,0.053460391,2013,114376064727331,114376065864656
2467,24.670000000,sine_f2,0.052578401,2014,114376074726284,114376075983050
2468,24.680000000,sine_f2,0.051644522,2014,114376084723743,114376085988665
2469,24.690000000,sine_f2,0.050659676,2015,114376094726627,114376095857005
2470,24.700000000,sine_f2,0.049624834,2016,114376104724183,114376105972210
2471,24.710000000,sine_f2,0.048541020,2016,114376114670096,114376115846985
2472,24.720000000,sine_f2,0.047409301,2017,114376124650325,114376125839833
2473,24.730000000,sine_f2,0.046230795,2018,114376134647135,114376135830039
2474,24.740000000,sine_f2,0.045006664,2019,114376144647013,114376145813484
2475,24.750000000,sine_f2,0.043738118,2019,114376154645724,114376155824330
2476,24.760000000,sine_f2,0.042426407,2020,114376164645149,114376165808305
2477,24.770000000,sine_f2,0.041072826,2021,114376174644734,114376175928163
2478,24.780000000,sine_f2,0.039678712,2022,114376184658219,114376185793971
2479,24.790000000,sine_f2,0.038245439,2023,114376194653391,114376195778187
2480,24.800000000,sine_f2,0.036774423,2024,114376204648544,114376205756675
2481,24.810000000,sine_f2,0.035267115,2025,114376214648010,114376215766229
2482,24.820000000,sine_f2,0.033725003,2026,114376224642723,114376225733892
2483,24.830000000,sine_f2,0.032149608,2027,114376234645071,114376235719832
2484,24.840000000,sine_f2,0.030542485,2028,114376244646379,114376245730059
2485,24.850000000,sine_f2,0.028905220,2029,114376254647736,114376255753088
2486,24.860000000,sine_f2,0.027239430,2030,114376264646496,114376265761392
2487,24.870000000,sine_f2,0.025546757,2031,114376274646854,114376275740503
2488,24.880000000,sine_f2,0.023828873,2032,114376284649943,114376285769755
2489,24.890000000,sine_f2,0.022087473,2034,114376294648859,114376295754999
2490,24.900000000,sine_f2,0.020324275,2035,114376304647295,114376305745186
2491,24.910000000,sine_f2,0.018541020,2036,114376314653067,114376315760078
2492,24.920000000,sine_f2,0.016739466,2037,114376324650005,114376325747465
2493,24.930000000,sine_f2,0.014921393,2038,114376334647256,114376335746771
2494,24.940000000,sine_f2,0.013088594,2039,114376344649912,114376345759989
2495,24.950000000,sine_f2,0.011242879,2041,114376354647779,114376355751590
2496,24.960000000,sine_f2,0.009386068,2042,114376364647124,114376365748739
2497,24.970000000,sine_f2,0.007519994,2043,114376374647267,114376375740421
2498,24.980000000,sine_f2,0.005646499,2044,114376384650637,114376385753501
2499,24.990000000,sine_f2,0.003767431,2046,114376394649687,114376395748145
2500,25.000000000,sine_f2,0.001884646,2047,114376404646730,114376405747536
2501,25.010000000,sine_f2,0.000000000,2048,114376414648833,114376415753234
2502,25.020000000,sine_f2,-0.001884646,2049,114376424652095,114376425751999
2503,25.030000000,sine_f2,-0.003767431,2050,114376434647319,114376435755041
2504,25.040000000,sine_f2,-0.005646499,2052,114376444649295,114376445741548
2505,25.050000000,sine_f2,-0.007519994,2053,114376454648390,114376455748696
2506,25.060000000,sine_f2,-0.009386068,2054,114376464653089,114376465768748
2507,25.070000000,sine_f2,-0.011242879,2055,114376474646256,114376475742892
2508,25.080000000,sine_f2,-0.013088594,2057,114376484651616,114376485753794
2509,25.090000000,sine_f2,-0.014921393,2058,114376494651041,114376495747472
2510,25.100000000,sine_f2,-0.016739466,2059,114376504646956,114376505747555
2511,25.110000000,sine_f2,-0.018541020,2060,114376514650874,114376515754733
2512,25.120000000,sine_f2,-0.020324275,2061,114376524647464,114376525746217
2513,25.130000000,sine_f2,-0.022087473,2062,114376534645859,114376535749685
2514,25.140000000,sine_f2,-0.023828873,2064,114376544646646,114376545751376
2515,25.150000000,sine_f2,-0.025546757,2065,114376554648006,114376555730121
2516,25.160000000,sine_f2,-0.027239430,2066,114376564645558,114376565730439
2517,25.170000000,sine_f2,-0.028905220,2067,114376574645834,114376575753064
2518,25.180000000,sine_f2,-0.030542485,2068,114376584647389,114376585778608
2519,25.190000000,sine_f2,-0.032149608,2069,114376594649744,114376595749716
2520,25.200000000,sine_f2,-0.033725003,2070,114376604650443,114376605750998
2521,25.210000000,sine_f2,-0.035267115,2071,114376614651586,114376615752014
2522,25.220000000,sine_f2,-0.036774423,2072,114376624719143,114376625751536
2523,25.230000000,sine_f2,-0.038245439,2073,114376634651779,114376635716973
2524,25.240000000,sine_f2,-0.039678712,2074,114376644647175,114376645729937
2525,25.250000000,sine_f2,-0.041072826,2075,114376654649164,114376655727016
2526,25.260000000,sine_f2,-0.042426407,2076,114376664646325,114376665725974
2527,25.270000000,sine_f2,-0.043738118,2077,114376674646770,114376675737956
2528,25.280000000,sine_f2,-0.045006664,2077,114376684652051,114376685735308
2529,25.290000000,sine_f2,-0.046230795,2078,114376694649958,114376695731833
2530,25.300000000,sine_f2,-0.047409301,2079,114376704645250,114376705728197
2531,25.310000000,sine_f2,-0.048541020,2080,114376714646425,114376715720092
2532,25.320000000,sine_f2,-0.049624834,2080,114376724646469,114376725721410
2533,25.330000000,sine_f2,-0.050659676,2081,114376734645948,114376735723500
2534,25.340000000,sine_f2,-0.051644522,2082,114376744646226,114376745721993
2535,25.350000000,sine_f2,-0.052578401,2082,114376754650306,114376755722883
2536,25.360000000,sine_f2,-0.053460391,2083,114376764724359,114376765731729
2537,25.370000000,sine_f2,-0.054289623,2083,114376774723031,114376775740205
2538,25.380000000,sine_f2,-0.055065278,2084,114376784724920,114376785741071
2539,25.390000000,sine_f2,-0.055786589,2084,114376794736068,114376795742039
2540,25.400000000,sine_f2,-0.056452846,2085,114376804728169,114376805748529
2541,25.410000000,sine_f2,-0.057063391,2085,114376814726408,114376815749232
2542,25.420000000,sine_f2,-0.057617621,2086,114376824726190,114376825752782
2543,25.430000000,sine_f2,-0.058114990,2086,114376834722449,114376835860496
2544,25.440000000,sine_f2,-0.058555006,2086,114376844724840,114376845729589
2545,25.450000000,sine_f2,-0.058937235,2086,114376854723724,114376855736833
2546,25.460000000,sine_f2,-0.059261300,2087,114376864669113,114376865732617
2547,25.470000000,sine_f2,-0.059526882,2087,114376874721347,114376875746103
2548,25.480000000,sine_f2,-0.059733718,2087,114376884719553,114376885733986
2549,25.490000000,sine_f2,-0.059881604,2087,114376894720854,114376895735921
2550,25.500000000,sine_f2,-0.059970394,2087,114376904720817,114376905743668
2551,25.510000000,sine_f2,-0.060000000,2087,114376914720348,114376915742158
2552,25.520000000,sine_f2,-0.059970394,2087,114376924720589,114376925750343
2553,25.530000000,sine_f2,-0.059881604,2087,114376934727959,114376935745916
2554,25.540000000,sine_f2,-0.059733718,2087,114376944719866,114376945741015
2555,25.550000000,sine_f2,-0.059526882,2087,114376954719814,114376955739887
2556,25.560000000,sine_f2,-0.059261300,2087,114376964722670,114376965740774
2557,25.570000000,sine_f2,-0.058937235,2086,114376974728447,114376975725322
2558,25.580000000,sine_f2,-0.058555006,2086,114376984722223,114376985742729
2559,25.590000000,sine_f2,-0.058114990,2086,114376994729403,114376995721914
2560,25.600000000,sine_f2,-0.057617621,2086,114377004719509,114377005723097
2561,25.610000000,sine_f2,-0.057063391,2085,114377014719664,114377015725992
2562,25.620000000,sine_f2,-0.056452846,2085,114377024726441,114377025724742
2563,25.630000000,sine_f2,-0.055786589,2084,114377034722310,114377035723179
2564,25.640000000,sine_f2,-0.055065278,2084,114377044736290,114377045725888
2565,25.650000000,sine_f2,-0.054289623,2083,114377054669169,114377055742629
2566,25.660000000,sine_f2,-0.053460391,2083,114377064722481,114377065718030
2567,25.670000000,sine_f2,-0.052578401,2082,114377074727784,114377075727315
2568,25.680000000,sine_f2,-0.051644522,2082,114377084727821,114377085724524
2569,25.690000000,sine_f2,-0.050659676,2081,114377094722092,114377095724644
2570,25.700000000,sine_f2,-0.049624834,2080,114377104724315,114377105723811
2571,25.710000000,sine_f2,-0.048541020,2080,114377114718902,114377115718915
2572,25.720000000,sine_f2,-0.047409301,2079,114377124719981,114377125720863
2573,25.730000000,sine_f2,-0.046230795,2078,114377134724625,114377135729553
2574,25.740000000,sine_f2,-0.045006664,2077,114377144723111,114377145724134
2575,25.750000000,sine_f2,-0.043738118,2077,114377154734123,114377155725521
2576,25.760000000,sine_f2,-0.042426407,2076,114377164658796,114377165719439
2577,25.770000000,sine_f2,-0.041072826,2075,114377174648192,114377175704110
2578,25.780000000,sine_f2,-0.039678712,2074,114377184724904,114377185722293
2579,25.790000000,sine_f2,-0.038245439,2073,114377194669071,114377195717082
2580,25.800000000,sine_f2,-0.036774423,2072,114377204727642,114377205724190
2581,25.810000000,sine_f2,-0.035267115,2071,114377214720667,114377215722728
2582,25.820000000,sine_f2,-0.033725003,2070,114377224729074,114377225712134
2583,25.830000000,sine_f2,-0.032149608,2069,114377234732925,114377235726623
2584,25.840000000,sine_f2,-0.030542485,2068,114377244725203,114377245725342
2585,25.850000000,sine_f2,-0.028905220,2067,114377254668771,114377255717417
2586,25.860000000,sine_f2,-0.027239430,2066,114377264725060,114377265721875
2587,25.870000000,sine_f2,-0.025546757,2065,114377274732645,114377275722962
2588,25.880000000,sine_f2,-0.023828873,2064,114377284724725,114377285895830
2589,25.890000000,sine_f2,-0.022087473,2062,114377294726121,114377295884454
2590,25.900000000,sine_f2,-0.020324275,2061,114377304729394,114377305724696
2591,25.910000000,sine_f2,-0.018541020,2060,114377314733550,114377315722942
2592,25.920000000,sine_f2,-0.016739466,2059,114377324724733,114377325748276
2593,25.930000000,sine_f2,-0.014921393,2058,114377334726344,114377335723566
2594,25.940000000,sine_f2,-0.013088594,2057,114377344724244,114377345727762
2595,25.950000000,sine_f2,-0.011242879,2055,114377354733950,114377355722234
2596,25.960000000,sine_f2,-0.009386068,2054,114377364721845,114377365722335
2597,25.970000000,sine_f2,-0.007519994,2053,114377374734500,114377375702211
2598,25.980000000,sine_f2,-0.005646499,2052,114377384720555,114377385721316
2599,25.990000000,sine_f2,-0.003767431,2050,114377394721059,114377395720496
2600,26.000000000,sine_f2,-0.001884646,2049,114377404725198,114377405711419
2601,26.010000000,sine_f2,-0.000000000,2048,114377414719135,114377415700463
2602,26.020000000,sine_f2,0.001884646,2047,114377424723823,114377425702664
2603,26.030000000,sine_f2,0.003767431,2046,114377434660552,114377435730186
2604,26.040000000,sine_f2,0.005646499,2044,114377444662820,114377445704799
2605,26.050000000,sine_f2,0.007519994,2043,114377454658593,114377455697184
2606,26.060000000,sine_f2,0.009386068,2042,114377464656225,114377465673257
2607,26.070000000,sine_f2,0.011242879,2041,114377474647758,114377475683106
2608,26.080000000,sine_f2,0.013088594,2039,114377484650580,114377485686682
2609,26.090000000,sine_f2,0.014921393,2038,114377494655818,114377495678432
2610,26.100000000,sine_f2,0.016739466,2037,114377504647563,114377505682370
2611,26.110000000,sine_f2,0.018541020,2036,114377514647637,114377515684343
2612,26.120000000,sine_f2,0.020324275,2035,114377524645997,114377525686205
2613,26.130000000,sine_f2,0.022087473,2034,114377534648809,114377535691153
2614,26.140000000,sine_f2,0.023828873,2032,114377544643145,114377545653884
2615,26.150000000,sine_f2,0.025546757,2031,114377554650953,114377555661137
2616,26.160000000,sine_f2,0.027239430,2030,114377564646530,114377565667290
2617,26.170000000,sine_f2,0.028905220,2029,114377574652837,114377575691477
2618,26.180000000,sine_f2,0.030542485,2028,114377584646550,114377585677771
2619,26.190000000,sine_f2,0.032149608,2027,114377594648721,114377595684976
2620,26.200000000,sine_f2,0.033725003,2026,114377604647085,114377605681678
2621,26.210000000,sine_f2,0.035267115,2025,114377614688535,114377615796527
2622,26.220000000,sine_f2,0.036774423,2024,114377624658991,114377625702363
2623,26.230000000,sine_f2,0.038245439,2023,114377634677339,114377635705050
2624,26.240000000,sine_f2,0.039678712,2022,114377644665921,114377645686580
2625,26.250000000,sine_f2,0.041072826,2021,114377654655552,114377655662099
2626,26.260000000,sine_f2,0.042426407,2020,114377664651367,114377665708257
2627,26.270000000,sine_f2,0.043738118,2019,114377674663395,114377675657401
2628,26.280000000,sine_f2,0.045006664,2019,114377684669960,114377685744538
2629,26.290000000,sine_f2,0.046230795,2018,114377694655693,114377695694313
2630,26.300000000,sine_f2,0.047409301,2017,114377704655620,114377705707317
2631,26.310000000,sine_f2,0.048541020,2016,114377714649622,114377715705535
2632,26.320000000,sine_f2,0.049624834,2016,114377724647700,114377725692199
2633,26.330000000,sine_f2,0.050659676,2015,114377734650011,114377735696159
2634,26.340000000,sine_f2,0.051644522,2014,114377744647402,114377745683193
2635,26.350000000,sine_f2,0.052578401,2014,114377754647441,114377755683001
2636,26.360000000,sine_f2,0.053460391,2013,114377764647176,114377765683038
2637,26.370000000,sine_f2,0.054289623,2013,114377774646025,114377775676593
2638,26.380000000,sine_f2,0.055065278,2012,114377784646865,114377785689420
2639,26.390000000,sine_f2,0.055786589,2012,114377794647929,114377795699220
2640,26.400000000,sine_f2,0.056452846,2011,114377804647015,114377805691428
2641,26.410000000,sine_f2,0.057063391,2011,114377814646406,114377815686353
2642,26.420000000,sine_f2,0.057617621,2010,114377824645149,114377825688574
2643,26.430000000,sine_f2,0.058114990,2010,114377834646650,114377835684444
2644,26.440000000,sine_f2,0.058555006,2010,114377844645955,114377845674817
2645,26.450000000,sine_f2,0.058937235,2010,114377854645325,114377855679571
2646,26.460000000,sine_f2,0.059261300,2009,114377864648616,114377865683845
2647,26.470000000,sine_f2,0.059526882,2009,114377874645678,114377875667011
2648,26.480000000,sine_f2,0.059733718,2009,114377884646345,114377885666646
2649,26.490000000,sine_f2,0.059881604,2009,114377894646703,114377895663860
2650,26.500000000,sine_f2,0.059970394,2009,114377904646197,114377905667177
2651,26.510000000,sine_f2,0.060000000,2009,114377914646733,114377915671879
2652,26.520000000,sine_f2,0.059970394,2009,114377924647549,114377925658573
2653,26.530000000,sine_f2,0.059881604,2009,114377934647238,114377935648547
2654,26.540000000,sine_f2,0.059733718,2009,114377944641208,114377945653103
2655,26.550000000,sine_f2,0.059526882,2009,114377954660969,114377955678915
2656,26.560000000,sine_f2,0.059261300,2009,114377964648877,114377965667063
2657,26.570000000,sine_f2,0.058937235,2010,114377974645634,114377975657279
2658,26.580000000,sine_f2,0.058555006,2010,114377984645381,114377985658264
2659,26.590000000,sine_f2,0.058114990,2010,114377994644939,114377995665951
2660,26.600000000,sine_f2,0.057617621,2010,114378004645313,114378005666219
2661,26.610000000,sine_f2,0.057063391,2011,114378014645990,114378015664354
2662,26.620000000,sine_f2,0.056452846,2011,114378024646107,114378025653573
2663,26.630000000,sine_f2,0.055786589,2012,114378034646008,114378035664175
2664,26.640000000,sine_f2,0.055065278,2012,114378044645365,114378045663605
2665,26.650000000,sine_f2,0.054289623,2013,114378054645378,114378055668313
2666,26.660000000,sine_f2,0.053460391,2013,114378064719567,114378065695969
2667,26.670000000,sine_f2,0.052578401,2014,114378074720915,114378075717992
2668,26.680000000,sine_f2,0.051644522,2014,114378084722129,114378085680124
2669,26.690000000,sine_f2,0.050659676,2015,114378094671691,114378095674614
2670,26.700000000,sine_f2,0.049624834,2016,114378104646958,114378105694627
2671,26.710000000,sine_f2,0.048541020,2016,114378114647029,114378115729849
2672,26.720000000,sine_f2,0.047409301,2017,114378124646245,114378125720112
2673,26.730000000,sine_f2,0.046230795,2018,114378134647251,114378135683198
2674,26.740000000,sine_f2,0.045006664,2019,114378144643774,114378145682378
2675,26.750000000,sine_f2,0.043738118,2019,114378154655258,114378155683833
2676,26.760000000,sine_f2,0.042426407,2020,114378164647583,114378165662951
2677,26.770000000,sine_f2,0.041072826,2021,114378174645376,114378175665623
2678,26.780000000,sine_f2,0.039678712,2022,114378184645338,114378185661106
2679,26.790000000,sine_f2,0.038245439,2023,114378194645473,114378195657550
2680,26.800000000,sine_f2,0.036774423,2024,114378204645369,114378205661411
2681,26.810000000,sine_f2,0.035267115,2025,114378214643836,114378215657346
2682,26.820000000,sine_f2,0.033725003,2026,114378224645630,114378225666922
2683,26.830000000,sine_f2,0.032149608,2027,114378234645229,114378235663051
2684,26.840000000,sine_f2,0.030542485,2028,114378244646072,114378245663002
2685,26.850000000,sine_f2,0.028905220,2029,114378254645226,114378255677364
2686,26.860000000,sine_f2,0.027239430,2030,114378264645668,114378265660655
2687,26.870000000,sine_f2,0.025546757,2031,114378274644633,114378275658234
2688,26.880000000,sine_f2,0.023828873,2032,114378284722369,114378285659151
2689,26.890000000,sine_f2,0.022087473,2034,114378294725818,114378295659695
2690,26.900000000,sine_f2,0.020324275,2035,114378304722408,114378305661215
2691,26.910000000,sine_f2,0.018541020,2036,114378314721541,114378315658142
2692,26.920000000,sine_f2,0.016739466,2037,114378324723020,114378325669895
2693,26.930000000,sine_f2,0.014921393,2038,114378334669067,114378335674924
2694,26.940000000,sine_f2,0.013088594,2039,114378344653502,114378345665012
2695,26.950000000,sine_f2,0.011242879,2041,114378354645525,114378355665289
2696,26.960000000,sine_f2,0.009386068,2042,114378364647348,114378365660163
2697,26.970000000,sine_f2,0.007519994,2043,114378374644864,114378375662992
2698,26.980000000,sine_f2,0.005646499,2044,114378384645645,114378385658103
2699,26.990000000,sine_f2,0.003767431,2046,114378394644301,114378395661737
2700,27.000000000,sine_f2,0.001884646,2047,114378404645241,114378405692999
2701,27.010000000,sine_f2,0.000000000,2048,114378414645158,114378415724079
2702,27.020000000,sine_f2,-0.001884646,2049,114378424645152,114378425647549
2703,27.030000000,sine_f2,-0.003767431,2050,114378434645518,114378435663557
2704,27.040000000,sine_f2,-0.005646499,2052,114378444646470,114378445646931
2705,27.050000000,sine_f2,-0.007519994,2053,114378454649327,114378455667512
2706,27.060000000,sine_f2,-0.009386068,2054,114378464647746,114378465643504
2707,27.070000000,sine_f2,-0.011242879,2055,114378474646071,114378475660293
2708,27.080000000,sine_f2,-0.013088594,2057,114378484646079,114378485663939
2709,27.090000000,sine_f2,-0.014921393,2058,114378494646045,114378495658752
2710,27.100000000,sine_f2,-0.016739466,2059,114378504644992,114378505653921
2711,27.110000000,sine_f2,-0.018541020,2060,114378514645858,114378515659743
2712,27.120000000,sine_f2,-0.020324275,2061,114378524645894,114378525657996
2713,27.130000000,sine_f2,-0.022087473,2062,114378534645420,114378535661704
2714,27.140000000,sine_f2,-0.023828873,2064,114378544644658,114378545658304
2715,27.150000000,sine_f2,-0.025546757,2065,114378554645138,114378555669337
2716,27.160000000,sine_f2,-0.027239430,2066,114378564646071,114378565661769
2717,27.170000000,sine_f2,-0.028905220,2067,114378574645085,114378575676447
2718,27.180000000,sine_f2,-0.030542485,2068,114378584646391,114378585642983
2719,27.190000000,sine_f2,-0.032149608,2069,114378594645517,114378595644331
2720,27.200000000,sine_f2,-0.033725003,2070,114378604644651,114378605642151
2721,27.210000000,sine_f2,-0.035267115,2071,114378614646331,114378615625979
2722,27.220000000,sine_f2,-0.036774423,2072,114378624645957,114378625623239
2723,27.230000000,sine_f2,-0.038245439,2073,114378634645901,114378635622706
2724,27.240000000,sine_f2,-0.039678712,2074,114378644646038,114378645644396
2725,27.250000000,sine_f2,-0.041072826,2075,114378654645792,114378655628011
2726,27.260000000,sine_f2,-0.042426407,2076,114378664647460,114378665632171
2727,27.270000000,sine_f2,-0.043738118,2077,114378674645484,114378675620357
2728,27.280000000,sine_f2,-0.045006664,2077,114378684645162,114378685626764
2729,27.290000000,sine_f2,-0.046230795,2078,114378694646142,114378695626834
2730,27.300000000,sine_f2,-0.047409301,2079,114378704645214,114378705622568
2731,27.310000000,sine_f2,-0.048541020,2080,114378714646539,114378715625237
2732,27.320000000,sine_f2,-0.049624834,2080,114378724644783,114378725625121
2733,27.330000000,sine_f2,-0.050659676,2081,114378734646435,114378735601178
2734,27.340000000,sine_f2,-0.051644522,2082,114378744651553,114378745588455
2735,27.350000000,sine_f2,-0.052578401,2082,114378754653889,114378755590918
2736,27.360000000,sine_f2,-0.053460391,2083,114378764642623,114378765588791
2737,27.370000000,sine_f2,-0.054289623,2083,114378774646573,114378775585652
2738,27.380000000,sine_f2,-0.055065278,2084,114378784652444,114378785594045
2739,27.390000000,sine_f2,-0.055786589,2084,114378794653127,114378795584341
2740,27.400000000,sine_f2,-0.056452846,2085,114378804655250,114378805595899
2741,27.410000000,sine_f2,-0.057063391,2085,114378814659169,114378815607915
2742,27.420000000,sine_f2,-0.057617621,2086,114378824648244,114378825623562
2743,27.430000000,sine_f2,-0.058114990,2086,114378834655275,114378835634504
2744,27.440000000,sine_f2,-0.058555006,2086,114378844652751,114378845595446
2745,27.450000000,sine_f2,-0.058937235,2086,114378854643919,114378855588465
2746,27.460000000,sine_f2,-0.059261300,2087,114378864646957,114378865606736
2747,27.470000000,sine_f2,-0.059526882,2087,114378874662748,114378875632288
2748,27.480000000,sine_f2,-0.059733718,2087,114378884656167,114378885633101
2749,27.490000000,sine_f2,-0.059881604,2087,114378894656081,114378895643765
2750,27.500000000,sine_f2,-0.059970394,2087,114378904665992,114378905672658
2751,27.510000000,sine_f2,-0.060000000,2087,114378914649331,114378915662531
2752,27.520000000,sine_f2,-0.059970394,2087,114378924661416,114378925633010
2753,27.530000000,sine_f2,-0.059881604,2087,114378934657651,114378935640023
2754,27.540000000,sine_f2,-0.059733718,2087,114378944669253,114378945635594
2755,27.550000000,sine_f2,-0.059526882,2087,114378954669588,114378955659183
2756,27.560000000,sine_f2,-0.059261300,2087,114378964657510,114378965667372
2757,27.570000000,sine_f2,-0.058937235,2086,114378974660708,114378975638218
2758,27.580000000,sine_f2,-0.058555006,2086,114378984656264,114378985633835
2759,27.590000000,sine_f2,-0.058114990,2086,114378994663184,114378995637933
2760,27.600000000,sine_f2,-0.057617621,2086,114379004659778,114379005660773
2761,27.610000000,sine_f2,-0.057063391,2085,114379014657925,114379015647703
2762,27.620000000,sine_f2,-0.056452846,2085,114379024659624,114379025619694
2763,27.630000000,sine_f2,-0.055786589,2084,114379034656159,114379035629812
2764,27.640000000,sine_f2,-0.055065278,2084,114379044662408,114379045617487
2765,27.650000000,sine_f2,-0.054289623,2083,114379054666871,114379055631632
2766,27.660000000,sine_f2,-0.053460391,2083,114379064652053,114379065623456
2767,27.670000000,sine_f2,-0.052578401,2082,114379074657557,114379075613864
2768,27.680000000,sine_f2,-0.051644522,2082,114379084658681,114379085606336
2769,27.690000000,sine_f2,-0.050659676,2081,114379094654461,114379095612765
2770,27.700000000,sine_f2,-0.049624834,2080,114379104664057,114379105638741
2771,27.710000000,sine_f2,-0.048541020,2080,114379114670743,114379115637410
2772,27.720000000,sine_f2,-0.047409301,2079,114379124657848,114379125616492
2773,27.730000000,sine_f2,-0.046230795,2078,114379134656477,114379135570266
2774,27.740000000,sine_f2,-0.045006664,2077,114379144661483,114379145614135
2775,27.750000000,sine_f2,-0.043738118,2077,114379154665193,114379155622582
2776,27.760000000,sine_f2,-0.042426407,2076,114379164658899,114379165614813
2777,27.770000000,sine_f2,-0.041072826,2075,114379174661402,114379175612886
2778,27.780000000,sine_f2,-0.039678712,2074,114379184652275,114379185611189
2779,27.790000000,sine_f2,-0.038245439,2073,114379194650738,114379195606052
2780,27.800000000,sine_f2,-0.036774423,2072,114379204647657,114379205601563
2781,27.810000000,sine_f2,-0.035267115,2071,114379214646876,114379215606322
2782,27.820000000,sine_f2,-0.033725003,2070,114379224647383,114379225601945
2783,27.830000000,sine_f2,-0.032149608,2069,114379234645469,114379235602400
2784,27.840000000,sine_f2,-0.030542485,2068,114379244645100,114379245599603
2785,27.850000000,sine_f2,-0.028905220,2067,114379254644949,114379255602999
2786,27.860000000,sine_f2,-0.027239430,2066,114379264646219,114379265667969
2787,27.870000000,sine_f2,-0.025546757,2065,114379274645925,114379275675495
2788,27.880000000,sine_f2,-0.023828873,2064,114379284645860,114379285669434
2789,27.890000000,sine_f2,-0.022087473,2062,114379294645964,114379295665788
2790,27.900000000,sine_f2,-0.020324275,2061,114379304644942,114379305626711
2791,27.910000000,sine_f2,-0.018541020,2060,114379314646423,114379315665399
2792,27.920000000,sine_f2,-0.016739466,2059,114379324645135,114379325668959
2793,27.930000000,sine_f2,-0.014921393,2058,114379334647129,114379335664458
2794,27.940000000,sine_f2,-0.013088594,2057,114379344644847,114379345670462
2795,27.950000000,sine_f2,-0.011242879,2055,114379354648763,114379355606102
2796,27.960000000,sine_f2,-0.009386068,2054,114379364651504,114379365642998
2797,27.970000000,sine_f2,-0.007519994,2053,114379374662249,114379375681198
2798,27.980000000,sine_f2,-0.005646499,2052,114379384649922,114379385614297
2799,27.990000000,sine_f2,-0.003767431,2050,114379394648008,114379395669311
2800,28.000000000,sine_f2,-0.001884646,2049,114379404646881,114379405663898
2801,28.010000000,sine_f2,-0.000000000,2048,114379414647894,114379415673953
2802,28.020000000,sine_f2,0.001884646,2047,114379424651128,114379425667194
2803,28.030000000,sine_f2,0.003767431,2046,114379434648836,114379435667093
2804,28.040000000,sine_f2,0.005646499,2044,114379444646743,114379445659453
2805,28.050000000,sine_f2,0.007519994,2043,114379454647899,114379455661536
2806,28.060000000,sine_f2,0.009386068,2042,114379464649792,114379465648315
2807,28.070000000,sine_f2,0.011242879,2041,114379474668190,114379475656020
2808,28.080000000,sine_f2,0.013088594,2039,114379484652936,114379485651748
2809,28.090000000,sine_f2,0.014921393,2038,114379494656077,114379495651666
2810,28.100000000,sine_f2,0.016739466,2037,114379504653580,114379505586536
2811,28.110000000,sine_f2,0.018541020,2036,114379514659331,114379515591318
2812,28.120000000,sine_f2,0.020324275,2035,114379524647031,114379525581062
2813,28.130000000,sine_f2,0.022087473,2034,114379534646751,114379535581477
2814,28.140000000,sine_f2,0.023828873,2032,114379544645390,114379545582460
2815,28.150000000,sine_f2,0.025546757,2031,114379554644916,114379555578997
2816,28.160000000,sine_f2,0.027239430,2030,114379564649939,114379565588197
2817,28.170000000,sine_f2,0.028905220,2029,114379574649065,114379575592017
2818,28.180000000,sine_f2,0.030542485,2028,114379584660416,114379585630859
2819,28.190000000,sine_f2,0.032149608,2027,114379594650971,114379595586331
2820,28.200000000,sine_f2,0.033725003,2026,114379604647211,114379605587598
2821,28.210000000,sine_f2,0.035267115,2025,114379614647221,114379615579172
2822,28.220000000,sine_f2,0.036774423,2024,114379624664013,114379625606825
2823,28.230000000,sine_f2,0.038245439,2023,114379634649415,114379635582187
2824,28.240000000,sine_f2,0.039678712,2022,114379644660155,114379645588941
2825,28.250000000,sine_f2,0.041072826,2021,114379654647564,114379655583007
2826,28.260000000,sine_f2,0.042426407,2020,114379664652532,114379665586542
2827,28.270000000,sine_f2,0.043738118,2019,114379674646366,114379675581841
2828,28.280000000,sine_f2,0.045006664,2019,114379684647632,114379685580492
2829,28.290000000,sine_f2,0.046230795,2018,114379694647095,114379695585862
2830,28.300000000,sine_f2,0.047409301,2017,114379704650038,114379705584218
2831,28.310000000,sine_f2,0.048541020,2016,114379714646034,114379715584549
2832,28.320000000,sine_f2,0.049624834,2016,114379724645353,114379725582850
2833,28.330000000,sine_f2,0.050659676,2015,114379734646363,114379735582471
2834,28.340000000,sine_f2,0.051644522,2014,114379744649325,114379745610327
2835,28.350000000,sine_f2,0.052578401,2014,114379754653937,114379755661984
2836,28.360000000,sine_f2,0.053460391,2013,114379764649204,114379765589546
2837,28.370000000,sine_f2,0.054289623,2013,114379774645275,114379775590519
2838,28.380000000,sine_f2,0.055065278,2012,114379784664466,114379785612360
2839,28.390000000,sine_f2,0.055786589,2012,114379794652954,114379795587173
2840,28.400000000,sine_f2,0.056452846,2011,114379804646074,114379805585540
2841,28.410000000,sine_f2,0.057063391,2011,114379814646130,114379815583807
2842,28.420000000,sine_f2,0.057617621,2010,114379824645168,114379825582522
2843,28.430000000,sine_f2,0.058114990,2010,114379834646129,114379835580106
2844,28.440000000,sine_f2,0.058555006,2010,114379844653202,114379845592617
2845,28.450000000,sine_f2,0.058937235,2010,114379854647931,114379855582863
2846,28.460000000,sine_f2,0.059261300,2009,114379864646888,114379865565851
2847,28.470000000,sine_f2,0.059526882,2009,114379874645812,114379875563787
2848,28.480000000,sine_f2,0.059733718,2009,114379884647102,114379885580884
2849,28.490000000,sine_f2,0.059881604,2009,114379894645748,114379895560488
2850,28.500000000,sine_f2,0.059970394,2009,114379904645330,114379905563634
2851,28.510000000,sine_f2,0.060000000,2009,114379914645966,114379915562124
2852,28.520000000,sine_f2,0.059970394,2009,114379924645017,114379925558456
2853,28.530000000,sine_f2,0.059881604,2009,114379934645903,114379935559143
2854,28.540000000,sine_f2,0.059733718,2009,114379944645271,114379945564532
2855,28.550000000,sine_f2,0.059526882,2009,114379954645891,114379955563413
2856,28.560000000,sine_f2,0.059261300,2009,114379964645457,114379965560988
2857,28.570000000,sine_f2,0.058937235,2010,114379974645502,114379975560691
2858,28.580000000,sine_f2,0.058555006,2010,114379984656852,114379985567296
2859,28.590000000,sine_f2,0.058114990,2010,114379994646586,114379995551699
2860,28.600000000,sine_f2,0.057617621,2010,114380004645821,114380005559763
2861,28.610000000,sine_f2,0.057063391,2011,114380014645746,114380015560626
2862,28.620000000,sine_f2,0.056452846,2011,114380024645058,114380025565771
2863,28.630000000,sine_f2,0.055786589,2012,114380034645373,114380035560974
2864,28.640000000,sine_f2,0.055065278,2012,114380044646072,114380045562097
2865,28.650000000,sine_f2,0.054289623,2013,114380054652274,114380055565923
2866,28.660000000,sine_f2,0.053460391,2013,114380064647308,114380065557315
2867,28.670000000,sine_f2,0.052578401,2014,114380074644852,114380075560805
2868,28.680000000,sine_f2,0.051644522,2014,114380084646247,114380085564428
2869,28.690000000,sine_f2,0.050659676,2015,114380094645701,114380095552310
2870,28.700000000,sine_f2,0.049624834,2016,114380104643949,114380105558513
2871,28.710000000,sine_f2,0.048541020,2016,114380114647842,114380115561866
2872,28.720000000,sine_f2,0.047409301,2017,114380124645707,114380125550420
2873,28.730000000,sine_f2,0.046230795,2018,114380134646068,114380135624008
2874,28.740000000,sine_f2,0.045006664,2019,114380144645301,114380145631450
2875,28.750000000,sine_f2,0.043738118,2019,114380154646607,114380155626136
2876,28.760000000,sine_f2,0.042426407,2020,114380164644385,114380165560443
2877,28.770000000,sine_f2,0.041072826,2021,114380174645877,114380175570830
2878,28.780000000,sine_f2,0.039678712,2022,114380184661130,114380185575544
2879,28.790000000,sine_f2,0.038245439,2023,114380194646410,114380195562090
2880,28.800000000,sine_f2,0.036774423,2024,114380204647396,114380205557536
2881,28.810000000,sine_f2,0.035267115,2025,114380214647315,114380215561377
2882,28.820000000,sine_f2,0.033725003,2026,114380224646624,114380225637484
2883,28.830000000,sine_f2,0.032149608,2027,114380234646059,114380235624756
2884,28.840000000,sine_f2,0.030542485,2028,114380244646709,114380245618506
2885,28.850000000,sine_f2,0.028905220,2029,114380254646273,114380255623844
2886,28.860000000,sine_f2,0.027239430,2030,114380264646730,114380265628932
2887,28.870000000,sine_f2,0.025546757,2031,114380274645211,114380275625238
2888,28.880000000,sine_f2,0.023828873,2032,114380284646592,114380285604062
2889,28.890000000,sine_f2,0.022087473,2034,114380294646768,114380295613141
2890,28.900000000,sine_f2,0.020324275,2035,114380304645731,114380305606188
2891,28.910000000,sine_f2,0.018541020,2036,114380314646152,114380315633880
2892,28.920000000,sine_f2,0.016739466,2037,114380324646114,114380325567137
2893,28.930000000,sine_f2,0.014921393,2038,114380334648906,114380335602213
2894,28.940000000,sine_f2,0.013088594,2039,114380344646744,114380345547698
2895,28.950000000,sine_f2,0.011242879,2041,114380354647080,114380355608141
2896,28.960000000,sine_f2,0.009386068,2042,114380364665465,114380365647500
2897,28.970000000,sine_f2,0.007519994,2043,114380374667247,114380375574746
2898,28.980000000,sine_f2,0.005646499,2044,114380384648865,114380385607080
2899,28.990000000,sine_f2,0.003767431,2046,114380394648702,114380395598735
2900,29.000000000,sine_f2,0.001884646,2047,114380404646516,114380405603004
2901,29.010000000,sine_f2,0.000000000,2048,114380414646987,114380415599898
2902,29.020000000,sine_f2,-0.001884646,2049,114380424653998,114380425608975
2903,29.030000000,sine_f2,-0.003767431,2050,114380434648434,114380435605755
2904,29.040000000,sine_f2,-0.005646499,2052,114380444646454,114380445620406
2905,29.050000000,sine_f2,-0.007519994,2053,114380454645510,114380455605533
2906,29.060000000,sine_f2,-0.009386068,2054,114380464647899,114380465607890
2907,29.070000000,sine_f2,-0.011242879,2055,114380474646861,114380475614963
2908,29.080000000,sine_f2,-0.013088594,2057,114380484646220,114380485603479
2909,29.090000000,sine_f2,-0.014921393,2058,114380494646672,114380495544489
2910,29.100000000,sine_f2,-0.016739466,2059,114380504647634,114380505540637
2911,29.110000000,sine_f2,-0.018541020,2060,114380514647715,114380515538207
2912,29.120000000,sine_f2,-0.020324275,2061,114380524648055,114380525542239
2913,29.130000000,sine_f2,-0.022087473,2062,114380534647329,114380535541845
2914,29.140000000,sine_f2,-0.023828873,2064,114380544646921,114380545542668
2915,29.150000000,sine_f2,-0.025546757,2065,114380554646246,114380555542829
2916,29.160000000,sine_f2,-0.027239430,2066,114380564651730,114380565545952
2917,29.170000000,sine_f2,-0.028905220,2067,114380574646141,114380575541861
2918,29.180000000,sine_f2,-0.030542485,2068,114380584672808,114380585585641
2919,29.190000000,sine_f2,-0.032149608,2069,114380594665290,114380595549310
2920,29.200000000,sine_f2,-0.033725003,2070,114380604650907,114380605557847
2921,29.210000000,sine_f2,-0.035267115,2071,114380614650003,114380615544214
2922,29.220000000,sine_f2,-0.036774423,2072,114380624646229,114380625543900
2923,29.230000000,sine_f2,-0.038245439,2073,114380634647555,114380635541584
2924,29.240000000,sine_f2,-0.039678712,2074,114380644645527,114380645539084
2925,29.250000000,sine_f2,-0.041072826,2075,114380654645467,114380655538568
2926,29.260000000,sine_f2,-0.042426407,2076,114380664645389,114380665540415
2927,29.270000000,sine_f2,-0.043738118,2077,114380674645750,114380675538545
2928,29.280000000,sine_f2,-0.045006664,2077,114380684646688,114380685541204
2929,29.290000000,sine_f2,-0.046230795,2078,114380694646037,114380695510965
2930,29.300000000,sine_f2,-0.047409301,2079,114380704645233,114380705538667
2931,29.310000000,sine_f2,-0.048541020,2080,114380714646673,114380715520633
2932,29.320000000,sine_f2,-0.049624834,2080,114380724645662,114380725516154
2933,29.330000000,sine_f2,-0.050659676,2081,114380734646584,114380735521285
2934,29.340000000,sine_f2,-0.051644522,2082,114380744646037,114380745519608
2935,29.350000000,sine_f2,-0.052578401,2082,114380754647045,114380755521240
2936,29.360000000,sine_f2,-0.053460391,2083,114380764646681,114380765523566
2937,29.370000000,sine_f2,-0.054289623,2083,114380774646141,114380775539830
2938,29.380000000,sine_f2,-0.055065278,2084,114380784671245,114380785565919
2939,29.390000000,sine_f2,-0.055786589,2084,114380794664410,114380795518234
2940,29.400000000,sine_f2,-0.056452846,2085,114380804650880,114380805503488
2941,29.410000000,sine_f2,-0.057063391,2085,114380814649083,114380815558166
2942,29.420000000,sine_f2,-0.057617621,2086,114380824646236,114380825510392
2943,29.430000000,sine_f2,-0.058114990,2086,114380834648103,114380835499941
2944,29.440000000,sine_f2,-0.058555006,2086,114380844645484,114380845479797
2945,29.450000000,sine_f2,-0.058937235,2086,114380854645727,114380855502751
2946,29.460000000,sine_f2,-0.059261300,2087,114380864644864,114380865567467
2947,29.470000000,sine_f2,-0.059526882,2087,114380874644724,114380875574960
2948,29.480000000,sine_f2,-0.059733718,2087,114380884646573,114380885578169
2949,29.490000000,sine_f2,-0.059881604,2087,114380894664351,114380895567794
2950,29.500000000,sine_f2,-0.059970394,2087,114380904648191,114380905547063
2951,29.510000000,sine_f2,-0.060000000,2087,114380914642288,114380915508012
2952,29.520000000,sine_f2,-0.059970394,2087,114380924637114,114380925500208
2953,29.530000000,sine_f2,-0.059881604,2087,114380934637134,114380935500823
2954,29.540000000,sine_f2,-0.059733718,2087,114380944637191,114380945547247
2955,29.550000000,sine_f2,-0.059526882,2087,114380954635530,114380955494481
2956,29.560000000,sine_f2,-0.059261300,2087,114380964638881,114380965498075
2957,29.570000000,sine_f2,-0.058937235,2086,114380974636874,114380975475524
2958,29.580000000,sine_f2,-0.058555006,2086,114380984638188,114380985496020
2959,29.590000000,sine_f2,-0.058114990,2086,114380994635847,114380995474450
2960,29.600000000,sine_f2,-0.057617621,2086,114381004636257,114381005495727
2961,29.610000000,sine_f2,-0.057063391,2085,114381014635589,114381015479072
2962,29.620000000,sine_f2,-0.056452846,2085,114381024634967,114381025493367
2963,29.630000000,sine_f2,-0.055786589,2084,114381034635989,114381035481350
2964,29.640000000,sine_f2,-0.055065278,2084,114381044640152,114381045516623
2965,29.650000000,sine_f2,-0.054289623,2083,114381054653317,114381055538833
2966,29.660000000,sine_f2,-0.053460391,2083,114381064646732,114381065525005
2967,29.670000000,sine_f2,-0.052578401,2082,114381074646442,114381075525801
2968,29.680000000,sine_f2,-0.051644522,2082,114381084648252,114381085530124
2969,29.690000000,sine_f2,-0.050659676,2081,114381094646281,114381095530890
2970,29.700000000,sine_f2,-0.049624834,2080,114381104645581,114381105523476
2971,29.710000000,sine_f2,-0.048541020,2080,114381114647387,114381115512140
2972,29.720000000,sine_f2,-0.047409301,2079,114381124648294,114381125518669
2973,29.730000000,sine_f2,-0.046230795,2078,114381134646512,114381135524100
2974,29.740000000,sine_f2,-0.045006664,2077,114381144653006,114381145530130
2975,29.750000000,sine_f2,-0.043738118,2077,114381154646408,114381155513144
2976,29.760000000,sine_f2,-0.042426407,2076,114381164646832,114381165527249
2977,29.770000000,sine_f2,-0.041072826,2075,114381174645312,114381175504960
2978,29.780000000,sine_f2,-0.039678712,2074,114381184647643,114381185508121
2979,29.790000000,sine_f2,-0.038245439,2073,114381194646486,114381195506549
2980,29.800000000,sine_f2,-0.036774423,2072,114381204662506,114381205510470
2981,29.810000000,sine_f2,-0.035267115,2071,114381214647612,114381215510306
2982,29.820000000,sine_f2,-0.033725003,2070,114381224645109,114381225496004
2983,29.830000000,sine_f2,-0.032149608,2069,114381234645506,114381235489793
2984,29.840000000,sine_f2,-0.030542485,2068,114381244647780,114381245505102
2985,29.850000000,sine_f2,-0.028905220,2067,114381254645556,114381255492377
2986,29.860000000,sine_f2,-0.027239430,2066,114381264646608,114381265501345
2987,29.870000000,sine_f2,-0.025546757,2065,114381274644975,114381275498176
2988,29.880000000,sine_f2,-0.023828873,2064,114381284647865,114381285495488
2989,29.890000000,sine_f2,-0.022087473,2062,114381294646654,114381295502314
2990,29.900000000,sine_f2,-0.020324275,2061,114381304645855,114381305493040
2991,29.910000000,sine_f2,-0.018541020,2060,114381314648295,114381315497232
2992,29.920000000,sine_f2,-0.016739466,2059,114381324644122,114381325502571
2993,29.930000000,sine_f2,-0.014921393,2058,114381334645263,114381335501735
2994,29.940000000,sine_f2,-0.013088594,2057,114381344647351,114381345506747
2995,29.950000000,sine_f2,-0.011242879,2055,114381354644530,114381355509901
2996,29.960000000,sine_f2,-0.009386068,2054,114381364646177,114381365504076
2997,29.970000000,sine_f2,-0.007519994,2053,114381374645339,114381375492771
2998,29.980000000,sine_f2,-0.005646499,2052,114381384647691,114381385509263
2999,29.990000000,sine_f2,-0.003767431,2050,114381394650365,114381395513553
3000,30.000000000,sine_f2,-0.001884646,2049,114381404645982,114381405501454
3001,30.010000000,sine_f2,-0.000000000,2048,114381414646664,114381415502616
3002,30.020000000,sine_f2,0.001884646,2047,114381424647863,114381425503750
3003,30.030000000,sine_f2,0.003767431,2046,114381434647082,114381435508542
3004,30.040000000,sine_f2,0.005646499,2044,114381444647570,114381445504865
3005,30.050000000,sine_f2,0.007519994,2043,114381454644596,114381455504997
3006,30.060000000,sine_f2,0.009386068,2042,114381464646229,114381465571017
3007,30.070000000,sine_f2,0.011242879,2041,114381474652425,114381475530620
3008,30.080000000,sine_f2,0.013088594,2039,114381484639284,114381485460557
3009,30.090000000,sine_f2,0.014921393,2038,114381494649271,114381495512253
3010,30.100000000,sine_f2,0.016739466,2037,114381504648537,114381505506073
3011,30.110000000,sine_f2,0.018541020,2036,114381514651969,114381515510285
3012,30.120000000,sine_f2,0.020324275,2035,114381524640161,114381525474263
3013,30.130000000,sine_f2,0.022087473,2034,114381534636289,114381535436533
3014,30.140000000,sine_f2,0.023828873,2032,114381544635815,114381545452770
3015,30.150000000,sine_f2,0.025546757,2031,114381554636941,114381555448901
3016,30.160000000,sine_f2,0.027239430,2030,114381564642928,114381565479168
3017,30.170000000,sine_f2,0.028905220,2029,114381574652189,114381575504770
3018,30.180000000,sine_f2,0.030542485,2028,114381584650734,114381585490854
3019,30.190000000,sine_f2,0.032149608,2027,114381594646294,114381595506033
3020,30.200000000,sine_f2,0.033725003,2026,114381604646063,114381605483514
3021,30.210000000,sine_f2,0.035267115,2025,114381614646066,114381615485325
3022,30.220000000,sine_f2,0.036774423,2024,114381624647294,114381625481904
3023,30.230000000,sine_f2,0.038245439,2023,114381634645662,114381635434766
3024,30.240000000,sine_f2,0.039678712,2022,114381644647971,114381645560151
3025,30.250000000,sine_f2,0.041072826,2021,114381654645831,114381655543984
3026,30.260000000,sine_f2,0.042426407,2020,114381664645875,114381665543723
3027,30.270000000,sine_f2,0.043738118,2019,114381674644667,114381675552888
3028,30.280000000,sine_f2,0.045006664,2019,114381684647680,114381685547345
3029,30.290000000,sine_f2,0.046230795,2018,114381694648121,114381695539783
3030,30.300000000,sine_f2,0.047409301,2017,114381704647818,114381705550694
3031,30.310000000,sine_f2,0.048541020,2016,114381714645167,114381715548254
3032,30.320000000,sine_f2,0.049624834,2016,114381724643967,114381725538770
3033,30.330000000,sine_f2,0.050659676,2015,114381734645434,114381735541825
3034,30.340000000,sine_f2,0.051644522,2014,114381744647056,114381745543474
3035,30.350000000,sine_f2,0.052578401,2014,114381754645518,114381755543318
3036,30.360000000,sine_f2,0.053460391,2013,114381764606514,114381765540194
3037,30.370000000,sine_f2,0.054289623,2013,114381774646892,114381775548432
3038,30.380000000,sine_f2,0.055065278,2012,114381784648422,114381785547870
3039,30.390000000,sine_f2,0.055786589,2012,114381794645668,114381795546715
3040,30.400000000,sine_f2,0.056452846,2011,114381804645277,114381805558741
3041,30.410000000,sine_f2,0.057063391,2011,114381814644921,114381815536312
3042,30.420000000,sine_f2,0.057617621,2010,114381824643760,114381825542859
3043,30.430000000,sine_f2,0.058114990,2010,114381834645915,114381835548625
3044,30.440000000,sine_f2,0.058555006,2010,114381844647251,114381845547056
3045,30.450000000,sine_f2,0.058937235,2010,114381854646996,114381855486644
3046,30.460000000,sine_f2,0.059261300,2009,114381864645414,114381865482342
3047,30.470000000,sine_f2,0.059526882,2009,114381874644723,114381875484824
3048,30.480000000,sine_f2,0.059733718,2009,114381884647694,114381885490282
3049,30.490000000,sine_f2,0.059881604,2009,114381894645996,114381895486840
3050,30.500000000,sine_f2,0.059970394,2009,114381904645055,114381905486908
3051,30.510000000,sine_f2,0.060000000,2009,114381914646927,114381915482476
3052,30.520000000,sine_f2,0.059970394,2009,114381924644508,114381925484344
3053,30.530000000,sine_f2,0.059881604,2009,114381934645462,114381935484147
3054,30.540000000,sine_f2,0.059733718,2009,114381944645192,114381945485037
3055,30.550000000,sine_f2,0.059526882,2009,114381954645882,114381955465016
3056,30.560000000,sine_f2,0.059261300,2009,114381964645081,114381965480363
3057,30.570000000,sine_f2,0.058937235,2010,114381974644650,114381975463076
3058,30.580000000,sine_f2,0.058555006,2010,114381984647332,114381985486222
3059,30.590000000,sine_f2,0.058114990,2010,114381994646509,114381995484017
3060,30.600000000,sine_f2,0.057617621,2010,114382004645231,114382005469191
3061,30.610000000,sine_f2,0.057063391,2011,114382014645656,114382015459534
3062,30.620000000,sine_f2,0.056452846,2011,114382024644730,114382025463284
3063,30.630000000,sine_f2,0.055786589,2012,114382034645346,114382035460042
3064,30.640000000,sine_f2,0.055065278,2012,114382044650048,114382045473851
3065,30.650000000,sine_f2,0.054289623,2013,114382054649794,114382055468566
3066,30.660000000,sine_f2,0.053460391,2013,114382064646230,114382065465719
3067,30.670000000,sine_f2,0.052578401,2014,114382074645554,114382075461902
3068,30.680000000,sine_f2,0.051644522,2014,114382084647800,114382085463577
3069,30.690000000,sine_f2,0.050659676,2015,114382094647729,114382095469085
3070,30.700000000,sine_f2,0.049624834,2016,114382104645105,114382105462144
3071,30.710000000,sine_f2,0.048541020,2016,114382114646715,114382115467166
3072,30.720000000,sine_f2,0.047409301,2017,114382124647828,114382125467659
3073,30.730000000,sine_f2,0.046230795,2018,114382134647047,114382135463733
3074,30.740000000,sine_f2,0.045006664,2019,114382144648285,114382145472229
3075,30.750000000,sine_f2,0.043738118,2019,114382154644724,114382155461585
3076,30.760000000,sine_f2,0.042426407,2020,114382164645665,114382165460107
3077,30.770000000,sine_f2,0.041072826,2021,114382174644628,114382175461211
3078,30.780000000,sine_f2,0.039678712,2022,114382184647333,114382185468930
3079,30.790000000,sine_f2,0.038245439,2023,114382194645966,114382195468044
3080,30.800000000,sine_f2,0.036774423,2024,114382204648344,114382205460588
3081,30.810000000,sine_f2,0.035267115,2025,114382214645461,114382215464384
3082,30.820000000,sine_f2,0.033725003,2026,114382224644769,114382225472588
3083,30.830000000,sine_f2,0.032149608,2027,114382234645583,114382235461343
3084,30.840000000,sine_f2,0.030542485,2028,114382244647346,114382245462938
3085,30.850000000,sine_f2,0.028905220,2029,114382254648323,114382255462582
3086,30.860000000,sine_f2,0.027239430,2030,114382264646024,114382265461955
3087,30.870000000,sine_f2,0.025546757,2031,114382274645217,114382275462655
3088,30.880000000,sine_f2,0.023828873,2032,114382284647466,114382285463537
3089,30.890000000,sine_f2,0.022087473,2034,114382294647762,114382295465874
3090,30.900000000,sine_f2,0.020324275,2035,114382304645179,114382305464006
3091,30.910000000,sine_f2,0.018541020,2036,114382314643742,114382315464549
3092,30.920000000,sine_f2,0.016739466,2037,114382324644220,114382325462458
3093,30.930000000,sine_f2,0.014921393,2038,114382334643810,114382335459867
3094,30.940000000,sine_f2,0.013088594,2039,114382344647176,114382345461945
3095,30.950000000,sine_f2,0.011242879,2041,114382354644893,114382355462627
3096,30.960000000,sine_f2,0.009386068,2042,114382364644572,114382365440620
3097,30.970000000,sine_f2,0.007519994,2043,114382374646042,114382375445072
3098,30.980000000,sine_f2,0.005646499,2044,114382384645893,114382385465119
3099,30.990000000,sine_f2,0.003767431,2046,114382394645677,114382395443976
3100,31.000000000,sine_f2,0.001884646,2047,114382404645530,114382405500804
3101,31.010000000,sine_f2,0.000000000,2048,114382414646142,114382415454023
3102,31.020000000,sine_f2,-0.001884646,2049,114382424645210,114382425503877
3103,31.030000000,sine_f2,-0.003767431,2050,114382434645405,114382435498684
3104,31.040000000,sine_f2,-0.005646499,2052,114382444647075,114382445499494
3105,31.050000000,sine_f2,-0.007519994,2053,114382454644952,114382455441533
3106,31.060000000,sine_f2,-0.009386068,2054,114382464646147,114382465446518
3107,31.070000000,sine_f2,-0.011242879,2055,114382474650585,114382475444746
3108,31.080000000,sine_f2,-0.013088594,2057,114382484648632,114382485449982
3109,31.090000000,sine_f2,-0.014921393,2058,114382494649397,114382495447830
3110,31.100000000,sine_f2,-0.016739466,2059,114382504647110,114382505441562
3111,31.110000000,sine_f2,-0.018541020,2060,114382514646882,114382515441752
3112,31.120000000,sine_f2,-0.020324275,2061,114382524644389,114382525440499
3113,31.130000000,sine_f2,-0.022087473,2062,114382534646140,114382535441051
3114,31.140000000,sine_f2,-0.023828873,2064,114382544647778,114382545444405
3115,31.150000000,sine_f2,-0.025546757,2065,114382554646264,114382555440535
3116,31.160000000,sine_f2,-0.027239430,2066,114382564644682,114382565441614
3117,31.170000000,sine_f2,-0.028905220,2067,114382574644806,114382575439382
3118,31.180000000,sine_f2,-0.030542485,2068,114382584646086,114382585443508
3119,31.190000000,sine_f2,-0.032149608,2069,114382594646269,114382595441871
3120,31.200000000,sine_f2,-0.033725003,2070,114382604645237,114382605443790
3121,31.210000000,sine_f2,-0.035267115,2071,114382614645364,114382615444304
3122,31.220000000,sine_f2,-0.036774423,2072,114382624644076,114382625443209
3123,31.230000000,sine_f2,-0.038245439,2073,114382634645495,114382635433360
3124,31.240000000,sine_f2,-0.039678712,2074,114382644647009,114382645439831
3125,31.250000000,sine_f2,-0.041072826,2075,114382654644927,114382655439395
3126,31.260000000,sine_f2,-0.042426407,2076,114382664644818,114382665440243
3127,31.270000000,sine_f2,-0.043738118,2077,114382674650920,114382675442587
3128,31.280000000,sine_f2,-0.045006664,2077,114382684649418,114382685446957
3129,31.290000000,sine_f2,-0.046230795,2078,114382694648836,114382695448850
3130,31.300000000,sine_f2,-0.047409301,2079,114382704652898,114382705420835
3131,31.310000000,sine_f2,-0.048541020,2080,114382714642334,114382715424783
3132,31.320000000,sine_f2,-0.049624834,2080,114382724648857,114382725445095
3133,31.330000000,sine_f2,-0.050659676,2081,114382734650812,114382735452686
3134,31.340000000,sine_f2,-0.051644522,2082,114382744651878,114382745451641
3135,31.350000000,sine_f2,-0.052578401,2082,114382754647635,114382755447083
3136,31.360000000,sine_f2,-0.053460391,2083,114382764647923,114382765460098
3137,31.370000000,sine_f2,-0.054289623,2083,114382774647625,114382775422524
3138,31.380000000,sine_f2,-0.055065278,2084,114382784647279,114382785452097
3139,31.390000000,sine_f2,-0.055786589,2084,114382794646118,114382795447305
3140,31.400000000,sine_f2,-0.056452846,2085,114382804669366,114382805437603
3141,31.410000000,sine_f2,-0.057063391,2085,114382814655503,114382815525963
3142,31.420000000,sine_f2,-0.057617621,2086,114382824667594,114382825448719
3143,31.430000000,sine_f2,-0.058114990,2086,114382834663922,114382835471505
3144,31.440000000,sine_f2,-0.058555006,2086,114382844668961,114382845420508
3145,31.450000000,sine_f2,-0.058937235,2086,114382854731281,114382855385278
3146,31.460000000,sine_f2,-0.059261300,2087,114382864645934,114382865395438
3147,31.470000000,sine_f2,-0.059526882,2087,114382874654692,114382875398342
3148,31.480000000,sine_f2,-0.059733718,2087,114382884647047,114382885426706
3149,31.490000000,sine_f2,-0.059881604,2087,114382894646370,114382895417063
3150,31.500000000,sine_f2,-0.059970394,2087,114382904646956,114382905418294
3151,31.510000000,sine_f2,-0.060000000,2087,114382914650286,114382915415680
3152,31.520000000,sine_f2,-0.059970394,2087,114382924655568,114382925419575
3153,31.530000000,sine_f2,-0.059881604,2087,114382934646380,114382935416020
3154,31.540000000,sine_f2,-0.059733718,2087,114382944647154,114382945411943
3155,31.550000000,sine_f2,-0.059526882,2087,114382954646341,114382955418515
3156,31.560000000,sine_f2,-0.059261300,2087,114382964645343,114382965413175
3157,31.570000000,sine_f2,-0.058937235,2086,114382974723266,114382975428495
3158,31.580000000,sine_f2,-0.058555006,2086,114382984658500,114382985433924
3159,31.590000000,sine_f2,-0.058114990,2086,114382994722708,114382995433554
3160,31.600000000,sine_f2,-0.057617621,2086,114383004668736,114383005430938
3161,31.610000000,sine_f2,-0.057063391,2085,114383014648074,114383015379252
3162,31.620000000,sine_f2,-0.056452846,2085,114383024677174,114383025461002
3163,31.630000000,sine_f2,-0.055786589,2084,114383034665098,114383035435593
3164,31.640000000,sine_f2,-0.055065278,2084,114383044652298,114383045392676
3165,31.650000000,sine_f2,-0.054289623,2083,114383054643675,114383055382752
3166,31.660000000,sine_f2,-0.053460391,2083,114383064639070,114383065389916
3167,31.670000000,sine_f2,-0.052578401,2082,114383074646978,114383075383687
3168,31.680000000,sine_f2,-0.051644522,2082,114383084655440,114383085380053
3169,31.690000000,sine_f2,-0.050659676,2081,114383094651812,114383095391212
3170,31.700000000,sine_f2,-0.049624834,2080,114383104653449,114383105390244
3171,31.710000000,sine_f2,-0.048541020,2080,114383114659294,114383115449426
3172,31.720000000,sine_f2,-0.047409301,2079,114383124650064,114383125413192
3173,31.730000000,sine_f2,-0.046230795,2078,114383134656869,114383135417858
3174,31.740000000,sine_f2,-0.045006664,2077,114383144651262,114383145396675
3175,31.750000000,sine_f2,-0.043738118,2077,114383154657707,114383155410362
3176,31.760000000,sine_f2,-0.042426407,2076,114383164658877,114383165447787
3177,31.770000000,sine_f2,-0.041072826,2075,114383174657289,114383175402862
3178,31.780000000,sine_f2,-0.039678712,2074,114383184644002,114383185393767
3179,31.790000000,sine_f2,-0.038245439,2073,114383194669145,114383195430384
3180,31.800000000,sine_f2,-0.036774423,2072,114383204650181,114383205380855
3181,31.810000000,sine_f2,-0.035267115,2071,114383214656334,114383215408340
3182,31.820000000,sine_f2,-0.033725003,2070,114383224669429,114383225417915
3183,31.830000000,sine_f2,-0.032149608,2069,114383234659082,114383235399216
3184,31.840000000,sine_f2,-0.030542485,2068,114383244668213,114383245382997
3185,31.850000000,sine_f2,-0.028905220,2067,114383254661496,114383255381436
3186,31.860000000,sine_f2,-0.027239430,2066,114383264657809,114383265393996
3187,31.870000000,sine_f2,-0.025546757,2065,114383274648543,114383275414256
3188,31.880000000,sine_f2,-0.023828873,2064,114383284647596,114383285398182
3189,31.890000000,sine_f2,-0.022087473,2062,114383294647827,114383295392321
3190,31.900000000,sine_f2,-0.020324275,2061,114383304652285,114383305398362
3191,31.910000000,sine_f2,-0.018541020,2060,114383314647788,114383315393852
3192,31.920000000,sine_f2,-0.016739466,2059,114383324646660,114383325439841
3193,31.930000000,sine_f2,-0.014921393,2058,114383334645558,114383335403609
3194,31.940000000,sine_f2,-0.013088594,2057,114383344644751,114383345394275
3195,31.950000000,sine_f2,-0.011242879,2055,114383354727136,114383355404975
3196,31.960000000,sine_f2,-0.009386068,2054,114383364721761,114383365406891
3197,31.970000000,sine_f2,-0.007519994,2053,114383374726171,114383375407146
3198,31.980000000,sine_f2,-0.005646499,2052,114383384656821,114383385409451
3199,31.990000000,sine_f2,-0.003767431,2050,114383394656936,114383395408472
3200,32.000000000,sine_f2,-0.001884646,2049,114383404649288,114383405403777
3201,32.010000000,sine_f2,-0.000000000,2048,114383414651697,114383415402675
3202,32.020000000,center_after_f2,0.000000000,2048,114383424662839,114383425409447
3203,32.030000000,center_after_f2,0.000000000,2048,114383434648311,114383435395141
3204,32.040000000,center_after_f2,0.000000000,2048,114383444645961,114383445403666
3205,32.050000000,center_after_f2,0.000000000,2048,114383454648511,114383455398813
3206,32.060000000,center_after_f2,0.000000000,2048,114383464648428,114383465392445
3207,32.070000000,center_after_f2,0.000000000,2048,114383474726620,114383475419273
3208,32.080000000,center_after_f2,0.000000000,2048,114383484673492,114383485411931
3209,32.090000000,center_after_f2,0.000000000,2048,114383494648248,114383495396365
3210,32.100000000,center_after_f2,0.000000000,2048,114383504646745,114383505379309
3211,32.110000000,center_after_f2,0.000000000,2048,114383514640656,114383515355045
3212,32.120000000,center_after_f2,0.000000000,2048,114383524646469,114383525360248
3213,32.130000000,center_after_f2,0.000000000,2048,114383534646719,114383535364008
3214,32.140000000,center_after_f2,0.000000000,2048,114383544636184,114383545356309
3215,32.150000000,center_after_f2,0.000000000,2048,114383554645378,114383555369099
3216,32.160000000,center_after_f2,0.000000000,2048,114383564644566,114383565373291
3217,32.170000000,center_after_f2,0.000000000,2048,114383574645349,114383575386364
3218,32.180000000,center_after_f2,0.000000000,2048,114383584649997,114383585415152
3219,32.190000000,center_after_f2,0.000000000,2048,114383594647175,114383595379839
3220,32.200000000,center_after_f2,0.000000000,2048,114383604644811,114383605394118
3221,32.210000000,center_after_f2,0.000000000,2048,114383614645988,114383615399776
3222,32.220000000,center_after_f2,0.000000000,2048,114383624646211,114383625376989
3223,32.230000000,center_after_f2,0.000000000,2048,114383634646115,114383635371362
3224,32.240000000,center_after_f2,0.000000000,2048,114383644646072,114383645372197
3225,32.250000000,center_after_f2,0.000000000,2048,114383654648169,114383655393615
3226,32.260000000,center_after_f2,0.000000000,2048,114383664645322,114383665371375
3227,32.270000000,center_after_f2,0.000000000,2048,114383674645641,114383675373151
3228,32.280000000,center_after_f2,0.000000000,2048,114383684650617,114383685379961
3229,32.290000000,center_after_f2,0.000000000,2048,114383694646260,114383695375244
3230,32.300000000,center_after_f2,0.000000000,2048,114383704646372,114383705365084
3231,32.310000000,center_after_f2,0.000000000,2048,114383714645013,114383715374437
3232,32.320000000,center_after_f2,0.000000000,2048,114383724645895,114383725370791
3233,32.330000000,center_after_f2,0.000000000,2048,114383734646108,114383735374139
3234,32.340000000,center_after_f2,0.000000000,2048,114383744643792,114383745373398
3235,32.350000000,center_after_f2,0.000000000,2048,114383754647197,114383755371398
3236,32.360000000,center_after_f2,0.000000000,2048,114383764645774,114383765372634
3237,32.370000000,center_after_f2,0.000000000,2048,114383774644785,114383775370244
3238,32.380000000,center_after_f2,0.000000000,2048,114383784651769,114383785377343
3239,32.390000000,center_after_f2,0.000000000,2048,114383794645296,114383795369651
3240,32.400000000,center_after_f2,0.000000000,2048,114383804645065,114383805369688
3241,32.410000000,center_after_f2,0.000000000,2048,114383814645791,114383815371375
3242,32.420000000,center_after_f2,0.000000000,2048,114383824646614,114383825383788
3243,32.430000000,center_after_f2,0.000000000,2048,114383834645177,114383835375756
3244,32.440000000,center_after_f2,0.000000000,2048,114383844646812,114383845374083
3245,32.450000000,center_after_f2,0.000000000,2048,114383854645260,114383855368313
3246,32.460000000,center_after_f2,0.000000000,2048,114383864645925,114383865373933
3247,32.470000000,center_after_f2,0.000000000,2048,114383874648515,114383875379548
3248,32.480000000,center_after_f2,0.000000000,2048,114383884647162,114383885376124
3249,32.490000000,center_after_f2,0.000000000,2048,114383894647048,114383895371601
3250,32.500000000,center_after_f2,0.000000000,2048,114383904646389,114383905373046
3251,32.510000000,center_after_f2,0.000000000,2048,114383914646915,114383915376371
3252,32.520000000,center_after_f2,0.000000000,2048,114383924646410,114383925371470
3253,32.530000000,center_after_f2,0.000000000,2048,114383934648649,114383935373941
3254,32.540000000,center_after_f2,0.000000000,2048,114383944648583,114383945378041
3255,32.550000000,center_after_f2,0.000000000,2048,114383954646392,114383955356014
3256,32.560000000,center_after_f2,0.000000000,2048,114383964644449,114383965350360
3257,32.570000000,center_after_f2,0.000000000,2048,114383974645925,114383975363271
3258,32.580000000,center_after_f2,0.000000000,2048,114383984647795,114383985373949
3259,32.590000000,center_after_f2,0.000000000,2048,114383994645925,114383995374045
3260,32.600000000,center_after_f2,0.000000000,2048,114384004645418,114384005369185
3261,32.610000000,center_after_f2,0.000000000,2048,114384014646950,114384015371470
3262,32.620000000,center_after_f2,0.000000000,2048,114384024645200,114384025367607
3263,32.630000000,center_after_f2,0.000000000,2048,114384034662411,114384035380686
3264,32.640000000,center_after_f2,0.000000000,2048,114384044648488,114384045365052
3265,32.650000000,center_after_f2,0.000000000,2048,114384054644982,114384055353246
3266,32.660000000,center_after_f2,0.000000000,2048,114384064644893,114384065348869
3267,32.670000000,center_after_f2,0.000000000,2048,114384074645850,114384075352772
3268,32.680000000,center_after_f2,0.000000000,2048,114384084650008,114384085362199
3269,32.690000000,center_after_f2,0.000000000,2048,114384094646493,114384095350060
3270,32.700000000,center_after_f2,0.000000000,2048,114384104644030,114384105348178
3271,32.710000000,center_after_f2,0.000000000,2048,114384114647754,114384115350330
3272,32.720000000,center_after_f2,0.000000000,2048,114384124647251,114384125347710
3273,32.730000000,center_after_f2,0.000000000,2048,114384134661041,114384135360340
3274,32.740000000,center_after_f2,0.000000000,2048,114384144647371,114384145351718
3275,32.750000000,center_after_f2,0.000000000,2048,114384154646188,114384155346647
3276,32.760000000,center_after_f2,0.000000000,2048,114384164646386,114384165354845
3277,32.770000000,center_after_f2,0.000000000,2048,114384174645433,114384175358771
3278,32.780000000,center_after_f2,0.000000000,2048,114384184652994,114384185355200
3279,32.790000000,center_after_f2,0.000000000,2048,114384194646626,114384195343748
3280,32.800000000,center_after_f2,0.000000000,2048,114384204657146,114384205356290
3281,32.810000000,center_after_f2,0.000000000,2048,114384214656326,114384215386819
3282,32.820000000,center_after_f2,0.000000000,2048,114384224660789,114384225337947
3283,32.830000000,center_after_f2,0.000000000,2048,114384234662061,114384235341726
3284,32.840000000,center_after_f2,0.000000000,2048,114384244647001,114384245350001
3285,32.850000000,center_after_f2,0.000000000,2048,114384254646075,114384255348227
3286,32.860000000,center_after_f2,0.000000000,2048,114384264645068,114384265349994
3287,32.870000000,center_after_f2,0.000000000,2048,114384274644545,114384275347953
3288,32.880000000,center_after_f2,0.000000000,2048,114384284649825,114384285356563
3289,32.890000000,center_after_f2,0.000000000,2048,114384294645632,114384295350763
3290,32.900000000,center_after_f2,0.000000000,2048,114384304648230,114384305354963
3291,32.910000000,center_after_f2,0.000000000,2048,114384314657898,114384315375906
3292,32.920000000,center_after_f2,0.000000000,2048,114384324651690,114384325362839
3293,32.930000000,center_after_f2,0.000000000,2048,114384334645476,114384335346622
3294,32.940000000,center_after_f2,0.000000000,2048,114384344710997,114384345397377
3295,32.950000000,center_after_f2,0.000000000,2048,114384354727209,114384355370585
3296,32.960000000,center_after_f2,0.000000000,2048,114384364649330,114384365356975
3297,32.970000000,center_after_f2,0.000000000,2048,114384374647111,114384375328976
3298,32.980000000,center_after_f2,0.000000000,2048,114384384664356,114384385343759
3299,32.990000000,center_after_f2,0.000000000,2048,114384394646739,114384395351356
3300,33.000000000,center_after_f2,0.000000000,2048,114384404646830,114384405354797
3301,33.010000000,center_after_f2,0.000000000,2048,114384414648127,114384415353448
3302,33.020000000,sine_f3,0.000000000,2048,114384424647813,114384425365788
3303,33.030000000,sine_f3,0.002825573,2046,114384434648187,114384435356703
3304,33.040000000,sine_f3,0.005639996,2044,114384444647979,114384445348404
3305,33.050000000,sine_f3,0.008432159,2043,114384454670163,114384455345580
3306,33.060000000,sine_f3,0.011191045,2041,114384464649732,114384465332546
3307,33.070000000,sine_f3,0.013905765,2039,114384474645905,114384475330630
3308,33.080000000,sine_f3,0.016565605,2037,114384484645283,114384485330421
3309,33.090000000,sine_f3,0.019160068,2036,114384494646442,114384495328009
3310,33.100000000,sine_f3,0.021678915,2034,114384504647475,114384505331515
3311,33.110000000,sine_f3,0.024112206,2032,114384514687350,114384515360260
3312,33.120000000,sine_f3,0.026450336,2031,114384524670234,114384525351081
3313,33.130000000,sine_f3,0.028684080,2029,114384534650610,114384535331862
3314,33.140000000,sine_f3,0.030804620,2028,114384544641964,114384545311677
3315,33.150000000,sine_f3,0.032803588,2027,114384554665104,114384555342070
3316,33.160000000,sine_f3,0.034673096,2025,114384564648750,114384565328916
3317,33.170000000,sine_f3,0.036405765,2024,114384574647540,114384575344690
3318,33.180000000,sine_f3,0.037994757,2023,114384584657566,114384585343034
3319,33.190000000,sine_f3,0.039433801,2022,114384594648421,114384595334668
3320,33.200000000,sine_f3,0.040717217,2021,114384604646163,114384605320784
3321,33.210000000,sine_f3,0.041839942,2021,114384614645963,114384615357232
3322,33.220000000,sine_f3,0.042797543,2020,114384624648287,114384625304805
3323,33.230000000,sine_f3,0.043586242,2020,114384634662241,114384635295738
3324,33.240000000,sine_f3,0.044202926,2019,114384644642563,114384645322814
3325,33.250000000,sine_f3,0.044645162,2019,114384654658250,114384655343920
3326,33.260000000,sine_f3,0.044911203,2019,114384664647464,114384665329714
3327,33.270000000,sine_f3,0.045000000,2019,114384674646350,114384675307111
3328,33.280000000,sine_f3,0.044911203,2019,114384684657514,114384685346195
3329,33.290000000,sine_f3,0.044645162,2019,114384694647302,114384695330253
3330,33.300000000,sine_f3,0.044202926,2019,114384704647506,114384705329397
3331,33.310000000,sine_f3,0.043586242,2020,114384714646568,114384715403761
3332,33.320000000,sine_f3,0.042797543,2020,114384724646191,114384725339731
3333,33.330000000,sine_f3,0.041839942,2021,114384734646204,114384735394450
3334,33.340000000,sine_f3,0.040717217,2021,114384744645494,114384745334954
3335,33.350000000,sine_f3,0.039433801,2022,114384754646125,114384755397595
3336,33.360000000,sine_f3,0.037994757,2023,114384764645873,114384765395954
3337,33.370000000,sine_f3,0.036405765,2024,114384774645910,114384775397696
3338,33.380000000,sine_f3,0.034673096,2025,114384784647631,114384785398503
3339,33.390000000,sine_f3,0.032803588,2027,114384794645748,114384795393453
3340,33.400000000,sine_f3,0.030804620,2028,114384804645240,114384805393580
3341,33.410000000,sine_f3,0.028684080,2029,114384814645602,114384815392904
3342,33.420000000,sine_f3,0.026450336,2031,114384824646216,114384825346753
3343,33.430000000,sine_f3,0.024112206,2032,114384834646324,114384835508287
3344,33.440000000,sine_f3,0.021678915,2034,114384844724782,114384845525819
3345,33.450000000,sine_f3,0.019160068,2036,114384854727427,114384855388578
3346,33.460000000,sine_f3,0.016565605,2037,114384864722219,114384865345581
3347,33.470000000,sine_f3,0.013905765,2039,114384874729972,114384875288031
3348,33.480000000,sine_f3,0.011191045,2041,114384884659582,114384885281276
3349,33.490000000,sine_f3,0.008432159,2043,114384894648524,114384895265472
3350,33.500000000,sine_f3,0.005639996,2044,114384904648524,114384905268777
3351,33.510000000,sine_f3,0.002825573,2046,114384914644458,114384915274372
3352,33.520000000,sine_f3,0.000000000,2048,114384924648463,114384925286301
3353,33.530000000,sine_f3,-0.002825573,2050,114384934646268,114384935308335
3354,33.540000000,sine_f3,-0.005639996,2052,114384944645903,114384945316906
3355,33.550000000,sine_f3,-0.008432159,2053,114384954646958,114384955291099
3356,33.560000000,sine_f3,-0.011191045,2055,114384964646541,114384965314805
3357,33.570000000,sine_f3,-0.013905765,2057,114384974645661,114384975317179
3358,33.580000000,sine_f3,-0.016565605,2059,114384984647313,114384985311171
3359,33.590000000,sine_f3,-0.019160068,2060,114384994649020,114384995298292
3360,33.600000000,sine_f3,-0.021678915,2062,114385004646157,114385005287515
3361,33.610000000,sine_f3,-0.024112206,2064,114385014653078,114385015301064
3362,33.620000000,sine_f3,-0.026450336,2065,114385024646015,114385025269957
3363,33.630000000,sine_f3,-0.028684080,2067,114385034647153,114385035282195
3364,33.640000000,sine_f3,-0.030804620,2068,114385044644039,114385045291206
3365,33.650000000,sine_f3,-0.032803588,2069,114385054662594,114385055312750
3366,33.660000000,sine_f3,-0.034673096,2071,114385064646801,114385065309830
3367,33.670000000,sine_f3,-0.036405765,2072,114385074645455,114385075313064
3368,33.680000000,sine_f3,-0.037994757,2073,114385084654285,114385085315720
3369,33.690000000,sine_f3,-0.039433801,2074,114385094648833,114385095335854
3370,33.700000000,sine_f3,-0.040717217,2075,114385104647131,114385105340117
3371,33.710000000,sine_f3,-0.041839942,2075,114385114644189,114385115347855
3372,33.720000000,sine_f3,-0.042797543,2076,114385124649856,114385125339010
3373,33.730000000,sine_f3,-0.043586242,2076,114385134646153,114385135308123
3374,33.740000000,sine_f3,-0.044202926,2077,114385144645701,114385145377652
3375,33.750000000,sine_f3,-0.044645162,2077,114385154645308,114385155371187
3376,33.760000000,sine_f3,-0.044911203,2077,114385164646015,114385165369882
3377,33.770000000,sine_f3,-0.045000000,2077,114385174644919,114385175370395
3378,33.780000000,sine_f3,-0.044911203,2077,114385184655025,114385185350778
3379,33.790000000,sine_f3,-0.044645162,2077,114385194647748,114385195314591
3380,33.800000000,sine_f3,-0.044202926,2077,114385204647697,114385205310861
3381,33.810000000,sine_f3,-0.043586242,2076,114385214657538,114385215317270
3382,33.820000000,sine_f3,-0.042797543,2076,114385224646775,114385225313501
3383,33.830000000,sine_f3,-0.041839942,2075,114385234646236,114385235309471
3384,33.840000000,sine_f3,-0.040717217,2075,114385244646288,114385245308314
3385,33.850000000,sine_f3,-0.039433801,2074,114385254654551,114385255316481
3386,33.860000000,sine_f3,-0.037994757,2073,114385264646735,114385265310593
3387,33.870000000,sine_f3,-0.036405765,2072,114385274646169,114385275296960
3388,33.880000000,sine_f3,-0.034673096,2071,114385284652377,114385285291936
3389,33.890000000,sine_f3,-0.032803588,2069,114385294645637,114385295264811
3390,33.900000000,sine_f3,-0.030804620,2068,114385304655941,114385305287563
3391,33.910000000,sine_f3,-0.028684080,2067,114385314651436,114385315294994
3392,33.920000000,sine_f3,-0.026450336,2065,114385324645986,114385325293210
3393,33.930000000,sine_f3,-0.024112206,2064,114385334646957,114385335287594
3394,33.940000000,sine_f3,-0.021678915,2062,114385344652319,114385345288233
3395,33.950000000,sine_f3,-0.019160068,2060,114385354649137,114385355297122
3396,33.960000000,sine_f3,-0.016565605,2059,114385364648096,114385365292009
3397,33.970000000,sine_f3,-0.013905765,2057,114385374651056,114385375300400
3398,33.980000000,sine_f3,-0.011191045,2055,114385384669985,114385385342952
3399,33.990000000,sine_f3,-0.008432159,2053,114385394650832,114385395265267
3400,34.000000000,sine_f3,-0.005639996,2052,114385404725570,114385405267575
3401,34.010000000,sine_f3,-0.002825573,2050,114385414722633,114385415284539
3402,34.020000000,sine_f3,-0.000000000,2048,114385424723121,114385425317345
3403,34.030000000,sine_f3,0.002825573,2046,114385434727488,114385435301204
3404,34.040000000,sine_f3,0.005639996,2044,114385444720055,114385445303087
3405,34.050000000,sine_f3,0.008432159,2043,114385454727107,114385455303883
3406,34.060000000,sine_f3,0.011191045,2041,114385464720201,114385465307894
3407,34.070000000,sine_f3,0.013905765,2039,114385474720569,114385475316360
3408,34.080000000,sine_f3,0.016565605,2037,114385484668761,114385485301045
3409,34.090000000,sine_f3,0.019160068,2036,114385494723767,114385495316409
3410,34.100000000,sine_f3,0.021678915,2034,114385504728831,114385505303998
3411,34.110000000,sine_f3,0.024112206,2032,114385514727347,114385515300146
3412,34.120000000,sine_f3,0.026450336,2031,114385524733214,114385525290979
3413,34.130000000,sine_f3,0.028684080,2029,114385534677366,114385535340524
3414,34.140000000,sine_f3,0.030804620,2028,114385544669586,114385545328347
3415,34.150000000,sine_f3,0.032803588,2027,114385554674405,114385555286005
3416,34.160000000,sine_f3,0.034673096,2025,114385564648721,114385565262858
3417,34.170000000,sine_f3,0.036405765,2024,114385574660717,114385575252171
3418,34.180000000,sine_f3,0.037994757,2023,114385584652327,114385585257118
3419,34.190000000,sine_f3,0.039433801,2022,114385594647268,114385595259069
3420,34.200000000,sine_f3,0.040717217,2021,114385604646584,114385605269097
3421,34.210000000,sine_f3,0.041839942,2021,114385614645388,114385615271658
3422,34.220000000,sine_f3,0.042797543,2020,114385624650862,114385625291581
3423,34.230000000,sine_f3,0.043586242,2020,114385634646272,114385635288816
3424,34.240000000,sine_f3,0.044202926,2019,114385644645205,114385645287512
3425,34.250000000,sine_f3,0.044645162,2019,114385654644968,114385655287606
3426,34.260000000,sine_f3,0.044911203,2019,114385664645620,114385665286527
3427,34.270000000,sine_f3,0.045000000,2019,114385674724221,114385675319598
3428,34.280000000,sine_f3,0.044911203,2019,114385684670323,114385685305301
3429,34.290000000,sine_f3,0.044645162,2019,114385694726547,114385695307736
3430,34.300000000,sine_f3,0.044202926,2019,114385704720861,114385705283068
3431,34.310000000,sine_f3,0.043586242,2020,114385714728047,114385715317961
3432,34.320000000,sine_f3,0.042797543,2020,114385724724785,114385725282246
3433,34.330000000,sine_f3,0.041839942,2021,114385734670270,114385735284240
3434,34.340000000,sine_f3,0.040717217,2021,114385744723369,114385745278979
3435,34.350000000,sine_f3,0.039433801,2022,114385754730355,114385755282033
3436,34.360000000,sine_f3,0.037994757,2023,114385764723547,114385765301903
3437,34.370000000,sine_f3,0.036405765,2024,114385774724377,114385775458830
3438,34.380000000,sine_f3,0.034673096,2025,114385784656232,114385785235920
3439,34.390000000,sine_f3,0.032803588,2027,114385794645255,114385795417632
3440,34.400000000,sine_f3,0.030804620,2028,114385804724627,114385805299559
3441,34.410000000,sine_f3,0.028684080,2029,114385814724845,114385815286418
3442,34.420000000,sine_f3,0.026450336,2031,114385824726974,114385825464194
3443,34.430000000,sine_f3,0.024112206,2032,114385834655939,114385835467202
3444,34.440000000,sine_f3,0.021678915,2034,114385844722358,114385845474187
3445,34.450000000,sine_f3,0.019160068,2036,114385854719806,114385855475600
3446,34.460000000,sine_f3,0.016565605,2037,114385864738260,114385865299435
3447,34.470000000,sine_f3,0.013905765,2039,114385874725543,114385875282630
3448,34.480000000,sine_f3,0.011191045,2041,114385884724017,114385885284293
3449,34.490000000,sine_f3,0.008432159,2043,114385894723274,114385895286689
3450,34.500000000,sine_f3,0.005639996,2044,114385904721645,114385905321210
3451,34.510000000,sine_f3,0.002825573,2046,114385914725934,114385915282397
3452,34.520000000,sine_f3,0.000000000,2048,114385924658245,114385925285061
3453,34.530000000,sine_f3,-0.002825573,2050,114385934723733,114385935274539
3454,34.540000000,sine_f3,-0.005639996,2052,114385944722756,114385945283686
3455,34.550000000,sine_f3,-0.008432159,2053,114385954729827,114385955268129
3456,34.560000000,sine_f3,-0.011191045,2055,114385964723413,114385965274597
3457,34.570000000,sine_f3,-0.013905765,2057,114385974723658,114385975271303
3458,34.580000000,sine_f3,-0.016565605,2059,114385984726036,114385985451032
3459,34.590000000,sine_f3,-0.019160068,2060,114385994724735,114385995349462
3460,34.600000000,sine_f3,-0.021678915,2062,114386004729962,114386005289109
3461,34.610000000,sine_f3,-0.024112206,2064,114386014725105,114386015295240
3462,34.620000000,sine_f3,-0.026450336,2065,114386024657152,114386025290526
3463,34.630000000,sine_f3,-0.028684080,2067,114386034720756,114386035285079
3464,34.640000000,sine_f3,-0.030804620,2068,114386044735280,114386045292443
3465,34.650000000,sine_f3,-0.032803588,2069,114386054728342,114386055280738
3466,34.660000000,sine_f3,-0.034673096,2071,114386064728104,114386065278676
3467,34.670000000,sine_f3,-0.036405765,2072,114386074731228,114386075277535
3468,34.680000000,sine_f3,-0.037994757,2073,114386084733653,114386085280927
3469,34.690000000,sine_f3,-0.039433801,2074,114386094669463,114386095281589
3470,34.700000000,sine_f3,-0.040717217,2075,114386104725217,114386105269603
3471,34.710000000,sine_f3,-0.041839942,2075,114386114722011,114386115259402
3472,34.720000000,sine_f3,-0.042797543,2076,114386124657829,114386125260645
3473,34.730000000,sine_f3,-0.043586242,2076,114386134723947,114386135287113
3474,34.740000000,sine_f3,-0.044202926,2077,114386144668526,114386145256262
3475,34.750000000,sine_f3,-0.044645162,2077,114386154726416,114386155261589
3476,34.760000000,sine_f3,-0.044911203,2077,114386164726459,114386165258691
3477,34.770000000,sine_f3,-0.045000000,2077,114386174663389,114386175279922
3478,34.780000000,sine_f3,-0.044911203,2077,114386184717730,114386185210202
3479,34.790000000,sine_f3,-0.044645162,2077,114386194644870,114386195206300
3480,34.800000000,sine_f3,-0.044202926,2077,114386204658263,114386205208574
3481,34.810000000,sine_f3,-0.043586242,2076,114386214660741,114386215224057
3482,34.820000000,sine_f3,-0.042797543,2076,114386224646154,114386225249219
3483,34.830000000,sine_f3,-0.041839942,2075,114386234647039,114386235256413
3484,34.840000000,sine_f3,-0.040717217,2075,114386244645820,114386245247091
3485,34.850000000,sine_f3,-0.039433801,2074,114386254662443,114386255253232
3486,34.860000000,sine_f3,-0.037994757,2073,114386264652459,114386265251437
3487,34.870000000,sine_f3,-0.036405765,2072,114386274645602,114386275245788
3488,34.880000000,sine_f3,-0.034673096,2071,114386284646657,114386285247295
3489,34.890000000,sine_f3,-0.032803588,2069,114386294645431,114386295316595
3490,34.900000000,sine_f3,-0.030804620,2068,114386304646557,114386305309171
3491,34.910000000,sine_f3,-0.028684080,2067,114386314645592,114386315315109
3492,34.920000000,sine_f3,-0.026450336,2065,114386324646536,114386325318828
3493,34.930000000,sine_f3,-0.024112206,2064,114386334646394,114386335313655
3494,34.940000000,sine_f3,-0.021678915,2062,114386344645494,114386345312422
3495,34.950000000,sine_f3,-0.019160068,2060,114386354645903,114386355317198
3496,34.960000000,sine_f3,-0.016565605,2059,114386364646726,114386365313652
3497,34.970000000,sine_f3,-0.013905765,2057,114386374646510,114386375314586
3498,34.980000000,sine_f3,-0.011191045,2055,114386384661812,114386385271542
3499,34.990000000,sine_f3,-0.008432159,2053,114386394647369,114386395244955
3500,35.000000000,sine_f3,-0.005639996,2052,114386404658367,114386405262203
3501,35.010000000,sine_f3,-0.002825573,2050,114386414649075,114386415269851
3502,35.020000000,sine_f3,-0.000000000,2048,114386424647829,114386425260156
3503,35.030000000,sine_f3,0.002825573,2046,114386434647166,114386435249094
3504,35.040000000,sine_f3,0.005639996,2044,114386444645014,114386445250090
3505,35.050000000,sine_f3,0.008432159,2043,114386454644986,114386455250116
3506,35.060000000,sine_f3,0.011191045,2041,114386464645904,114386465252489
3507,35.070000000,sine_f3,0.013905765,2039,114386474649218,114386475252056
3508,35.080000000,sine_f3,0.016565605,2037,114386484645515,114386485250390
3509,35.090000000,sine_f3,0.019160068,2036,114386494645280,114386495248656
3510,35.100000000,sine_f3,0.021678915,2034,114386504657880,114386505259452
3511,35.110000000,sine_f3,0.024112206,2032,114386514657012,114386515253221
3512,35.120000000,sine_f3,0.026450336,2031,114386524649353,114386525254817
3513,35.130000000,sine_f3,0.028684080,2029,114386534656132,114386535253926
3514,35.140000000,sine_f3,0.030804620,2028,114386544645404,114386545226963
3515,35.150000000,sine_f3,0.032803588,2027,114386554652201,114386555228426
3516,35.160000000,sine_f3,0.034673096,2025,114386564666906,114386565233421
3517,35.170000000,sine_f3,0.036405765,2024,114386574724881,114386575242238
3518,35.180000000,sine_f3,0.037994757,2023,114386584729738,114386585241504
3519,35.190000000,sine_f3,0.039433801,2022,114386594723091,114386595238570
3520,35.200000000,sine_f3,0.040717217,2021,114386604731292,114386605240549
3521,35.210000000,sine_f3,0.041839942,2021,114386614683182,114386615246955
3522,35.220000000,sine_f3,0.042797543,2020,114386624658630,114386625238529
3523,35.230000000,sine_f3,0.043586242,2020,114386634726782,114386635239048
3524,35.240000000,sine_f3,0.044202926,2019,114386644727355,114386645240627
3525,35.250000000,sine_f3,0.044645162,2019,114386654731382,114386655267345
3526,35.260000000,sine_f3,0.044911203,2019,114386664669074,114386665200181
3527,35.270000000,sine_f3,0.045000000,2019,114386674651177,114386675196032
3528,35.280000000,sine_f3,0.044911203,2019,114386684660045,114386685207637
3529,35.290000000,sine_f3,0.044645162,2019,114386694647454,114386695229236
3530,35.300000000,sine_f3,0.044202926,2019,114386704650512,114386705234485
3531,35.310000000,sine_f3,0.043586242,2020,114386714667290,114386715230088
3532,35.320000000,sine_f3,0.042797543,2020,114386724647999,114386725233496
3533,35.330000000,sine_f3,0.041839942,2021,114386734652350,114386735225148
3534,35.340000000,sine_f3,0.040717217,2021,114386744645319,114386745224275
3535,35.350000000,sine_f3,0.039433801,2022,114386754730999,114386755241378
3536,35.360000000,sine_f3,0.037994757,2023,114386764720322,114386765238186
3537,35.370000000,sine_f3,0.036405765,2024,114386774727646,114386775267918
3538,35.380000000,sine_f3,0.034673096,2025,114386784727600,114386785239459
3539,35.390000000,sine_f3,0.032803588,2027,114386794727153,114386795238248
3540,35.400000000,sine_f3,0.030804620,2028,114386804733930,114386805239692
3541,35.410000000,sine_f3,0.028684080,2029,114386814727826,114386815366412
3542,35.420000000,sine_f3,0.026450336,2031,114386824658857,114386825239094
3543,35.430000000,sine_f3,0.024112206,2032,114386834732610,114386835240214
3544,35.440000000,sine_f3,0.021678915,2034,114386844729042,114386845236594
3545,35.450000000,sine_f3,0.019160068,2036,114386854724011,114386855239835
3546,35.460000000,sine_f3,0.016565605,2037,114386864728113,114386865237293
3547,35.470000000,sine_f3,0.013905765,2039,114386874728682,114386875257276
3548,35.480000000,sine_f3,0.011191045,2041,114386884736368,114386885248542
3549,35.490000000,sine_f3,0.008432159,2043,114386894727688,114386895259377
3550,35.500000000,sine_f3,0.005639996,2044,114386904726094,114386905240899
3551,35.510000000,sine_f3,0.002825573,2046,114386914729877,114386915291332
3552,35.520000000,sine_f3,0.000000000,2048,114386924723122,114386925240699
3553,35.530000000,sine_f3,-0.002825573,2050,114386934726633,114386935258682
3554,35.540000000,sine_f3,-0.005639996,2052,114386944668721,114386945241089
3555,35.550000000,sine_f3,-0.008432159,2053,114386954722201,114386955234294
3556,35.560000000,sine_f3,-0.011191045,2055,114386964723597,114386965251543
3557,35.570000000,sine_f3,-0.013905765,2057,114386974675127,114386975227232
3558,35.580000000,sine_f3,-0.016565605,2059,114386984648599,114386985216187
3559,35.590000000,sine_f3,-0.019160068,2060,114386994647578,114386995206120
3560,35.600000000,sine_f3,-0.021678915,2062,114387004646965,114387005201898
3561,35.610000000,sine_f3,-0.024112206,2064,114387014721644,114387015213368
3562,35.620000000,sine_f3,-0.026450336,2065,114387024730453,114387025219751
3563,35.630000000,sine_f3,-0.028684080,2067,114387034723747,114387035222044
3564,35.640000000,sine_f3,-0.030804620,2068,114387044720177,114387045221598
3565,35.650000000,sine_f3,-0.032803588,2069,114387054728148,114387055217741
3566,35.660000000,sine_f3,-0.034673096,2071,114387064722793,114387065216204
3567,35.670000000,sine_f3,-0.036405765,2072,114387074719925,114387075222594
3568,35.680000000,sine_f3,-0.037994757,2073,114387084720373,114387085221942
3569,35.690000000,sine_f3,-0.039433801,2074,114387094725340,114387095216598
3570,35.700000000,sine_f3,-0.040717217,2075,114387104649845,114387105210161
3571,35.710000000,sine_f3,-0.041839942,2075,114387114646658,114387115204288
3572,35.720000000,sine_f3,-0.042797543,2076,114387124645231,114387125215781
3573,35.730000000,sine_f3,-0.043586242,2076,114387134724648,114387135213043
3574,35.740000000,sine_f3,-0.044202926,2077,114387144723411,114387145217670
3575,35.750000000,sine_f3,-0.044645162,2077,114387154722379,114387155216806
3576,35.760000000,sine_f3,-0.044911203,2077,114387164728885,114387165233496
3577,35.770000000,sine_f3,-0.045000000,2077,114387174721604,114387175222882
3578,35.780000000,sine_f3,-0.044911203,2077,114387184723536,114387185222880
3579,35.790000000,sine_f3,-0.044645162,2077,114387194722358,114387195222901
3580,35.800000000,sine_f3,-0.044202926,2077,114387204732470,114387205221131
3581,35.810000000,sine_f3,-0.043586242,2076,114387214725195,114387215231284
3582,35.820000000,sine_f3,-0.042797543,2076,114387224719369,114387225229827
3583,35.830000000,sine_f3,-0.041839942,2075,114387234724819,114387235218030
3584,35.840000000,sine_f3,-0.040717217,2075,114387244725660,114387245216402
3585,35.850000000,sine_f3,-0.039433801,2074,114387254728840,114387255230942
3586,35.860000000,sine_f3,-0.037994757,2073,114387264726182,114387265215787
3587,35.870000000,sine_f3,-0.036405765,2072,114387274722203,114387275230434
3588,35.880000000,sine_f3,-0.034673096,2071,114387284723258,114387285228668
3589,35.890000000,sine_f3,-0.032803588,2069,114387294723642,114387295219101
3590,35.900000000,sine_f3,-0.030804620,2068,114387304727392,114387305218241
3591,35.910000000,sine_f3,-0.028684080,2067,114387314722704,114387315213632
3592,35.920000000,sine_f3,-0.026450336,2065,114387324726654,114387325216838
3593,35.930000000,sine_f3,-0.024112206,2064,114387334721968,114387335215346
3594,35.940000000,sine_f3,-0.021678915,2062,114387344729062,114387345220399
3595,35.950000000,sine_f3,-0.019160068,2060,114387354724325,114387355216858
3596,35.960000000,sine_f3,-0.016565605,2059,114387364723907,114387365229553
3597,35.970000000,sine_f3,-0.013905765,2057,114387374723978,114387375215785
3598,35.980000000,sine_f3,-0.011191045,2055,114387384730943,114387385231285
3599,35.990000000,sine_f3,-0.008432159,2053,114387394724821,114387395200000
3600,36.000000000,sine_f3,-0.005639996,2052,114387404725767,114387405195790
3601,36.010000000,sine_f3,-0.002825573,2050,114387414725334,114387415199429
3602,36.020000000,sine_f3,-0.000000000,2048,114387424723228,114387425203459
3603,36.030000000,sine_f3,0.002825573,2046,114387434724691,114387435197476
3604,36.040000000,sine_f3,0.005639996,2044,114387444728615,114387445194610
3605,36.050000000,sine_f3,0.008432159,2043,114387454720220,114387455198019
3606,36.060000000,sine_f3,0.011191045,2041,114387464725789,114387465193719
3607,36.070000000,sine_f3,0.013905765,2039,114387474721073,114387475205112
3608,36.080000000,sine_f3,0.016565605,2037,114387484721492,114387485203745
3609,36.090000000,sine_f3,0.019160068,2036,114387494718797,114387495200093
3610,36.100000000,sine_f3,0.021678915,2034,114387504720264,114387505198644
3611,36.110000000,sine_f3,0.024112206,2032,114387514723589,114387515201896
3612,36.120000000,sine_f3,0.026450336,2031,114387524720346,114387525286665
3613,36.130000000,sine_f3,0.028684080,2029,114387534721792,114387535263511
3614,36.140000000,sine_f3,0.030804620,2028,114387544720910,114387545369915
3615,36.150000000,sine_f3,0.032803588,2027,114387554719467,114387555274972
3616,36.160000000,sine_f3,0.034673096,2025,114387564730255,114387565220698
3617,36.170000000,sine_f3,0.036405765,2024,114387574718501,114387575260420
3618,36.180000000,sine_f3,0.037994757,2023,114387584655962,114387585201650
3619,36.190000000,sine_f3,0.039433801,2022,114387594649176,114387595184275
3620,36.200000000,sine_f3,0.040717217,2021,114387604645875,114387605184159
3621,36.210000000,sine_f3,0.041839942,2021,114387614645470,114387615181590
3622,36.220000000,sine_f3,0.042797543,2020,114387624644850,114387625180507
3623,36.230000000,sine_f3,0.043586242,2020,114387634645916,114387635182130
3624,36.240000000,sine_f3,0.044202926,2019,114387644645587,114387645191253
3625,36.250000000,sine_f3,0.044645162,2019,114387654723554,114387655269003
3626,36.260000000,sine_f3,0.044911203,2019,114387664724448,114387665208015
3627,36.270000000,sine_f3,0.045000000,2019,114387674726616,114387675202765
3628,36.280000000,sine_f3,0.044911203,2019,114387684722200,114387685194586
3629,36.290000000,sine_f3,0.044645162,2019,114387694727982,114387695198022
3630,36.300000000,sine_f3,0.044202926,2019,114387704722742,114387705193243
3631,36.310000000,sine_f3,0.043586242,2020,114387714726780,114387715195196
3632,36.320000000,sine_f3,0.042797543,2020,114387724728588,114387725197273
3633,36.330000000,sine_f3,0.041839942,2021,114387734725215,114387735198445
3634,36.340000000,sine_f3,0.040717217,2021,114387744670776,114387745199960
3635,36.350000000,sine_f3,0.039433801,2022,114387754724919,114387755195528
3636,36.360000000,sine_f3,0.037994757,2023,114387764723318,114387765192068
3637,36.370000000,sine_f3,0.036405765,2024,114387774722930,114387775325593
3638,36.380000000,sine_f3,0.034673096,2025,114387784730801,114387785196062
3639,36.390000000,sine_f3,0.032803588,2027,114387794723414,114387795218399
3640,36.400000000,sine_f3,0.030804620,2028,114387804725430,114387805214095
3641,36.410000000,sine_f3,0.028684080,2029,114387814726312,114387815194753
3642,36.420000000,sine_f3,0.026450336,2031,114387824720730,114387825194727
3643,36.430000000,sine_f3,0.024112206,2032,114387834654528,114387835180489
3644,36.440000000,sine_f3,0.021678915,2034,114387844726774,114387845176490
3645,36.450000000,sine_f3,0.019160068,2036,114387854727070,114387855175586
3646,36.460000000,sine_f3,0.016565605,2037,114387864720866,114387865170606
3647,36.470000000,sine_f3,0.013905765,2039,114387874725410,114387875173675
3648,36.480000000,sine_f3,0.011191045,2041,114387884675228,114387885180492
3649,36.490000000,sine_f3,0.008432159,2043,114387894725309,114387895175872
3650,36.500000000,sine_f3,0.005639996,2044,114387904722163,114387905195531
3651,36.510000000,sine_f3,0.002825573,2046,114387914727581,114387915177523
3652,36.520000000,sine_f3,0.000000000,2048,114387924727762,114387925175638
3653,36.530000000,sine_f3,-0.002825573,2050,114387934720682,114387935195496
3654,36.540000000,sine_f3,-0.005639996,2052,114387944727728,114387945179458
3655,36.550000000,sine_f3,-0.008432159,2053,114387954726038,114387955187858
3656,36.560000000,sine_f3,-0.011191045,2055,114387964724134,114387965175916
3657,36.570000000,sine_f3,-0.013905765,2057,114387974722002,114387975173187
3658,36.580000000,sine_f3,-0.016565605,2059,114387984671920,114387985184219
3659,36.590000000,sine_f3,-0.019160068,2060,114387994726412,114387995192441
3660,36.600000000,sine_f3,-0.021678915,2062,114388004721751,114388005196569
3661,36.610000000,sine_f3,-0.024112206,2064,114388014726334,114388015226642
3662,36.620000000,sine_f3,-0.026450336,2065,114388024722011,114388025179681
3663,36.630000000,sine_f3,-0.028684080,2067,114388034681686,114388035182623
3664,36.640000000,sine_f3,-0.030804620,2068,114388044658242,114388045178131
3665,36.650000000,sine_f3,-0.032803588,2069,114388054646946,114388055166498
3666,36.660000000,sine_f3,-0.034673096,2071,114388064726521,114388065204985
3667,36.670000000,sine_f3,-0.036405765,2072,114388074722337,114388075196594
3668,36.680000000,sine_f3,-0.037994757,2073,114388084727805,114388085203642
3669,36.690000000,sine_f3,-0.039433801,2074,114388094724667,114388095207773
3670,36.700000000,sine_f3,-0.040717217,2075,114388104664399,114388105179976
3671,36.710000000,sine_f3,-0.041839942,2075,114388114719387,114388115176827
3672,36.720000000,sine_f3,-0.042797543,2076,114388124725113,114388125176148
3673,36.730000000,sine_f3,-0.043586242,2076,114388134723121,114388135175028
3674,36.740000000,sine_f3,-0.044202926,2077,114388144722950,114388145172766
3675,36.750000000,sine_f3,-0.044645162,2077,114388154725592,114388155176833
3676,36.760000000,sine_f3,-0.044911203,2077,114388164723183,114388165173326
3677,36.770000000,sine_f3,-0.045000000,2077,114388174721951,114388175172336
3678,36.780000000,sine_f3,-0.044911203,2077,114388184725320,114388185174480
3679,36.790000000,sine_f3,-0.044645162,2077,114388194719063,114388195158378
3680,36.800000000,sine_f3,-0.044202926,2077,114388204668951,114388205358788
3681,36.810000000,sine_f3,-0.043586242,2076,114388214722085,114388215203954
3682,36.820000000,sine_f3,-0.042797543,2076,114388224727948,114388225222881
3683,36.830000000,sine_f3,-0.041839942,2075,114388234729579,114388235164888
3684,36.840000000,sine_f3,-0.040717217,2075,114388244722147,114388245158503
3685,36.850000000,sine_f3,-0.039433801,2074,114388254722873,114388255174221
3686,36.860000000,sine_f3,-0.037994757,2073,114388264687043,114388265159411
3687,36.870000000,sine_f3,-0.036405765,2072,114388274727069,114388275152834
3688,36.880000000,sine_f3,-0.034673096,2071,114388284678360,114388285161553
3689,36.890000000,sine_f3,-0.032803588,2069,114388294649460,114388295145461
3690,36.900000000,sine_f3,-0.030804620,2068,114388304645610,114388305138885
3691,36.910000000,sine_f3,-0.028684080,2067,114388314645579,114388315126829
3692,36.920000000,sine_f3,-0.026450336,2065,114388324645607,114388325138031
3693,36.930000000,sine_f3,-0.024112206,2064,114388334645383,114388335138716
3694,36.940000000,sine_f3,-0.021678915,2062,114388344645534,114388345129256
3695,36.950000000,sine_f3,-0.019160068,2060,114388354645302,114388355137956
3696,36.960000000,sine_f3,-0.016565605,2059,114388364644800,114388365140875
3697,36.970000000,sine_f3,-0.013905765,2057,114388374648534,114388375142822
3698,36.980000000,sine_f3,-0.011191045,2055,114388384648058,114388385142495
3699,36.990000000,sine_f3,-0.008432159,2053,114388394645953,114388395139713
3700,37.000000000,sine_f3,-0.005639996,2052,114388404647094,114388405148872
3701,37.010000000,sine_f3,-0.002825573,2050,114388414646789,114388415150184
3702,37.020000000,sine_f3,-0.000000000,2048,114388424646219,114388425137890
3703,37.030000000,sine_f3,0.002825573,2046,114388434645914,114388435129171
3704,37.040000000,sine_f3,0.005639996,2044,114388444646026,114388445141235
3705,37.050000000,sine_f3,0.008432159,2043,114388454645475,114388455141240
3706,37.060000000,sine_f3,0.011191045,2041,114388464652648,114388465145076
3707,37.070000000,sine_f3,0.013905765,2039,114388474645828,114388475135992
3708,37.080000000,sine_f3,0.016565605,2037,114388484645193,114388485141606
3709,37.090000000,sine_f3,0.019160068,2036,114388494645048,114388495141502
3710,37.100000000,sine_f3,0.021678915,2034,114388504647636,114388505145797
3711,37.110000000,sine_f3,0.024112206,2032,114388514645512,114388515142971
3712,37.120000000,sine_f3,0.026450336,2031,114388524646300,114388525147359
3713,37.130000000,sine_f3,0.028684080,2029,114388534649330,114388535144552
3714,37.140000000,sine_f3,0.030804620,2028,114388544645720,114388545146983
3715,37.150000000,sine_f3,0.032803588,2027,114388554646479,114388555145909
3716,37.160000000,sine_f3,0.034673096,2025,114388564645489,114388565144874
3717,37.170000000,sine_f3,0.036405765,2024,114388574649213,114388575129234
3718,37.180000000,sine_f3,0.037994757,2023,114388584648202,114388585152501
3719,37.190000000,sine_f3,0.039433801,2022,114388594645808,114388595146856
3720,37.200000000,sine_f3,0.040717217,2021,114388604646195,114388605144924
3721,37.210000000,sine_f3,0.041839942,2021,114388614645455,114388615141293
3722,37.220000000,sine_f3,0.042797543,2020,114388624647603,114388625125386
3723,37.230000000,sine_f3,0.043586242,2020,114388634652813,114388635128054
3724,37.240000000,sine_f3,0.044202926,2019,114388644646641,114388645118288
3725,37.250000000,sine_f3,0.044645162,2019,114388654647264,114388655121861
3726,37.260000000,sine_f3,0.044911203,2019,114388664646171,114388665117315
3727,37.270000000,sine_f3,0.045000000,2019,114388674645931,114388675119501
3728,37.280000000,sine_f3,0.044911203,2019,114388684646906,114388685121986
3729,37.290000000,sine_f3,0.044645162,2019,114388694652080,114388695128788
3730,37.300000000,sine_f3,0.044202926,2019,114388704647308,114388705130910
3731,37.310000000,sine_f3,0.043586242,2020,114388714646491,114388715117985
3732,37.320000000,sine_f3,0.042797543,2020,114388724645329,114388725126169
3733,37.330000000,sine_f3,0.041839942,2021,114388734644585,114388735119474
3734,37.340000000,sine_f3,0.040717217,2021,114388744645052,114388745120015
3735,37.350000000,sine_f3,0.039433801,2022,114388754645246,114388755115000
3736,37.360000000,sine_f3,0.037994757,2023,114388764646385,114388765121405
3737,37.370000000,sine_f3,0.036405765,2024,114388774657116,114388775111297
3738,37.380000000,sine_f3,0.034673096,2025,114388784644440,114388785096458
3739,37.390000000,sine_f3,0.032803588,2027,114388794647326,114388795090189
3740,37.400000000,sine_f3,0.030804620,2028,114388804653154,114388805089186
3741,37.410000000,sine_f3,0.028684080,2029,114388814646051,114388815106226
3742,37.420000000,sine_f3,0.026450336,2031,114388824645133,114388825115685
3743,37.430000000,sine_f3,0.024112206,2032,114388834646390,114388835110833
3744,37.440000000,sine_f3,0.021678915,2034,114388844646347,114388845117654
3745,37.450000000,sine_f3,0.019160068,2036,114388854646370,114388855110167
3746,37.460000000,sine_f3,0.016565605,2037,114388864645786,114388865119863
3747,37.470000000,sine_f3,0.013905765,2039,114388874647754,114388875118375
3748,37.480000000,sine_f3,0.011191045,2041,114388884648574,114388885120966
3749,37.490000000,sine_f3,0.008432159,2043,114388894645292,114388895114946
3750,37.500000000,sine_f3,0.005639996,2044,114388904645584,114388905116061
3751,37.510000000,sine_f3,0.002825573,2046,114388914645722,114388915119298
3752,37.520000000,sine_f3,0.000000000,2048,114388924722874,114388926130177
3753,37.530000000,sine_f3,-0.002825573,2050,114388934724373,114388936122504
3754,37.540000000,sine_f3,-0.005639996,2052,114388944732646,114388946128258
3755,37.550000000,sine_f3,-0.008432159,2053,114388954729088,114388956126571
3756,37.560000000,sine_f3,-0.011191045,2055,114388964722274,114388966133714
3757,37.570000000,sine_f3,-0.013905765,2057,114388974726786,114388976131760
3758,37.580000000,sine_f3,-0.016565605,2059,114388984725094,114388986106611
3759,37.590000000,sine_f3,-0.019160068,2060,114388994733179,114388996155401
3760,37.600000000,sine_f3,-0.021678915,2062,114389004726088,114389006110365
3761,37.610000000,sine_f3,-0.024112206,2064,114389014722296,114389016108927
3762,37.620000000,sine_f3,-0.026450336,2065,114389024676838,114389025110150
3763,37.630000000,sine_f3,-0.028684080,2067,114389034725380,114389036108563
3764,37.640000000,sine_f3,-0.030804620,2068,114389044730198,114389046115276
3765,37.650000000,sine_f3,-0.032803588,2069,114389054727841,114389056108075
3766,37.660000000,sine_f3,-0.034673096,2071,114389064674963,114389065110097
3767,37.670000000,sine_f3,-0.036405765,2072,114389074734844,114389076117658
3768,37.680000000,sine_f3,-0.037994757,2073,114389084724450,114389086116571
3769,37.690000000,sine_f3,-0.039433801,2074,114389094723218,114389096102455
3770,37.700000000,sine_f3,-0.040717217,2075,114389104734971,114389106116247
3771,37.710000000,sine_f3,-0.041839942,2075,114389114724919,114389116106789
3772,37.720000000,sine_f3,-0.042797543,2076,114389124733687,114389126118773
3773,37.730000000,sine_f3,-0.043586242,2076,114389134725231,114389136133680
3774,37.740000000,sine_f3,-0.044202926,2077,114389144723265,114389146107806
3775,37.750000000,sine_f3,-0.044645162,2077,114389154722723,114389156108677
3776,37.760000000,sine_f3,-0.044911203,2077,114389164727515,114389166107098
3777,37.770000000,sine_f3,-0.045000000,2077,114389174724347,114389176119833
3778,37.780000000,sine_f3,-0.044911203,2077,114389184723583,114389186059307
3779,37.790000000,sine_f3,-0.044645162,2077,114389194728403,114389196142889
3780,37.800000000,sine_f3,-0.044202926,2077,114389204722411,114389206109175
3781,37.810000000,sine_f3,-0.043586242,2076,114389214723914,114389216137205
3782,37.820000000,sine_f3,-0.042797543,2076,114389224727837,114389226121374
3783,37.830000000,sine_f3,-0.041839942,2075,114389234732602,114389236116592
3784,37.840000000,sine_f3,-0.040717217,2075,114389244736360,114389246116403
3785,37.850000000,sine_f3,-0.039433801,2074,114389254720132,114389256118148
3786,37.860000000,sine_f3,-0.037994757,2073,114389264719122,114389266108338
3787,37.870000000,sine_f3,-0.036405765,2072,114389274719025,114389276117396
3788,37.880000000,sine_f3,-0.034673096,2071,114389284719231,114389286119173
3789,37.890000000,sine_f3,-0.032803588,2069,114389294721546,114389295114137
3790,37.900000000,sine_f3,-0.030804620,2068,114389304728798,114389306126284
3791,37.910000000,sine_f3,-0.028684080,2067,114389314663217,114389316113507
3792,37.920000000,sine_f3,-0.026450336,2065,114389324650205,114389325073853
3793,37.930000000,sine_f3,-0.024112206,2064,114389334724970,114389335073666
3794,37.940000000,sine_f3,-0.021678915,2062,114389344646850,114389345086870
3795,37.950000000,sine_f3,-0.019160068,2060,114389354650639,114389355103368
3796,37.960000000,sine_f3,-0.016565605,2059,114389364663920,114389365112332
3797,37.970000000,sine_f3,-0.013905765,2057,114389374650460,114389375106036
3798,37.980000000,sine_f3,-0.011191045,2055,114389384649780,114389385106433
3799,37.990000000,sine_f3,-0.008432159,2053,114389394645709,114389395105107
3800,38.000000000,sine_f3,-0.005639996,2052,114389404684548,114389406134345
3801,38.010000000,sine_f3,-0.002825573,2050,114389414671101,114389416134470
3802,38.020000000,sine_f3,-0.000000000,2048,114389424727908,114389426095917
3803,38.030000000,center_after_f3,0.000000000,2048,114389434724753,114389436107741
3804,38.040000000,center_after_f3,0.000000000,2048,114389444673077,114389446114875
3805,38.050000000,center_after_f3,0.000000000,2048,114389454651954,114389455106680
3806,38.060000000,center_after_f3,0.000000000,2048,114389464655066,114389465084856
3807,38.070000000,center_after_f3,0.000000000,2048,114389474646134,114389475076797
3808,38.080000000,center_after_f3,0.000000000,2048,114389484653113,114389485084551
3809,38.090000000,center_after_f3,0.000000000,2048,114389494646745,114389495085085
3810,38.100000000,center_after_f3,0.000000000,2048,114389504653156,114389505084766
3811,38.110000000,center_after_f3,0.000000000,2048,114389514648881,114389515082220
3812,38.120000000,center_after_f3,0.000000000,2048,114389524646903,114389525069363
3813,38.130000000,center_after_f3,0.000000000,2048,114389534646183,114389535078055
3814,38.140000000,center_after_f3,0.000000000,2048,114389544645459,114389545076657
3815,38.150000000,center_after_f3,0.000000000,2048,114389554645126,114389555079982
3816,38.160000000,center_after_f3,0.000000000,2048,114389564645092,114389565074637
3817,38.170000000,center_after_f3,0.000000000,2048,114389574648267,114389575077329
3818,38.180000000,center_after_f3,0.000000000,2048,114389584660021,114389586081502
3819,38.190000000,center_after_f3,0.000000000,2048,114389594672497,114389595039136
3820,38.200000000,center_after_f3,0.000000000,2048,114389604648581,114389605056209
3821,38.210000000,center_after_f3,0.000000000,2048,114389614645833,114389615076268
3822,38.220000000,center_after_f3,0.000000000,2048,114389624646263,114389625068188
3823,38.230000000,center_after_f3,0.000000000,2048,114389634645693,114389635076180
3824,38.240000000,center_after_f3,0.000000000,2048,114389644645378,114389645076110
3825,38.250000000,center_after_f3,0.000000000,2048,114389654648750,114389655085408
3826,38.260000000,center_after_f3,0.000000000,2048,114389664722164,114389666093958
3827,38.270000000,center_after_f3,0.000000000,2048,114389674723911,114389676095563
3828,38.280000000,center_after_f3,0.000000000,2048,114389684718802,114389686094360
3829,38.290000000,center_after_f3,0.000000000,2048,114389694720693,114389696098320
3830,38.300000000,center_after_f3,0.000000000,2048,114389704730799,114389706097350
3831,38.310000000,center_after_f3,0.000000000,2048,114389714668417,114389716096855
3832,38.320000000,center_after_f3,0.000000000,2048,114389724648548,114389725089344
3833,38.330000000,center_after_f3,0.000000000,2048,114389734646946,114389735087648
3834,38.340000000,center_after_f3,0.000000000,2048,114389744647490,114389745034193
3835,38.350000000,center_after_f3,0.000000000,2048,114389754644516,114389755064722
3836,38.360000000,center_after_f3,0.000000000,2048,114389764645133,114389765079191
3837,38.370000000,center_after_f3,0.000000000,2048,114389774648271,114389775086021
3838,38.380000000,center_after_f3,0.000000000,2048,114389784646985,114389785084430
3839,38.390000000,center_after_f3,0.000000000,2048,114389794645768,114389795080667
3840,38.400000000,center_after_f3,0.000000000,2048,114389804645462,114389805081036
3841,38.410000000,center_after_f3,0.000000000,2048,114389814644990,114389815077887
3842,38.420000000,center_after_f3,0.000000000,2048,114389824646476,114389825247499
3843,38.430000000,center_after_f3,0.000000000,2048,114389834656322,114389836086192
3844,38.440000000,center_after_f3,0.000000000,2048,114389844645621,114389845082851
3845,38.450000000,center_after_f3,0.000000000,2048,114389854652156,114389855084582
3846,38.460000000,center_after_f3,0.000000000,2048,114389864646563,114389865081820
3847,38.470000000,center_after_f3,0.000000000,2048,114389874646817,114389875082688
3848,38.480000000,center_after_f3,0.000000000,2048,114389884648052,114389885064185
3849,38.490000000,center_after_f3,0.000000000,2048,114389894645910,114389895064865
3850,38.500000000,center_after_f3,0.000000000,2048,114389904645932,114389905067137
3851,38.510000000,center_after_f3,0.000000000,2048,114389914724804,114389916067886
3852,38.520000000,center_after_f3,0.000000000,2048,114389924725804,114389926077528
3853,38.530000000,center_after_f3,0.000000000,2048,114389934723067,114389936063570
3854,38.540000000,center_after_f3,0.000000000,2048,114389944721739,114389946170233
3855,38.550000000,center_after_f3,0.000000000,2048,114389954721631,114389956130090
3856,38.560000000,center_after_f3,0.000000000,2048,114389964724009,114389966264147
3857,38.570000000,center_after_f3,0.000000000,2048,114389974723580,114389976274707
3858,38.580000000,center_after_f3,0.000000000,2048,114389984675676,114389986268600
3859,38.590000000,center_after_f3,0.000000000,2048,114389994727557,114389996259654
3860,38.600000000,center_after_f3,0.000000000,2048,114390004734960,114390006249012
3861,38.610000000,center_after_f3,0.000000000,2048,114390014728218,114390016248099
3862,38.620000000,center_after_f3,0.000000000,2048,114390024675637,114390026087590
3863,38.630000000,center_after_f3,0.000000000,2048,114390034662417,114390035095459
3864,38.640000000,center_after_f3,0.000000000,2048,114390044655861,114390045082173
3865,38.650000000,center_after_f3,0.000000000,2048,114390054664551,114390055104191
3866,38.660000000,center_after_f3,0.000000000,2048,114390064649477,114390065086483
3867,38.670000000,center_after_f3,0.000000000,2048,114390074647814,114390075061340
3868,38.680000000,center_after_f3,0.000000000,2048,114390084649189,114390085065096
3869,38.690000000,center_after_f3,0.000000000,2048,114390094645952,114390095058638
3870,38.700000000,center_after_f3,0.000000000,2048,114390104646684,114390105066997
3871,38.710000000,center_after_f3,0.000000000,2048,114390114648126,114390115077251
3872,38.720000000,center_after_f3,0.000000000,2048,114390124645551,114390125079464
3873,38.730000000,center_after_f3,0.000000000,2048,114390134647069,114390135066038
3874,38.740000000,center_after_f3,0.000000000,2048,114390144646332,114390145065029
3875,38.750000000,center_after_f3,0.000000000,2048,114390154646948,114390155053507
3876,38.760000000,center_after_f3,0.000000000,2048,114390164646876,114390165067809
3877,38.770000000,center_after_f3,0.000000000,2048,114390174646113,114390175059112
3878,38.780000000,center_after_f3,0.000000000,2048,114390184650779,114390185075812
3879,38.790000000,center_after_f3,0.000000000,2048,114390194646230,114390195056723
3880,38.800000000,center_after_f3,0.000000000,2048,114390204653162,114390205089042
3881,38.810000000,center_after_f3,0.000000000,2048,114390214646938,114390215090323
3882,38.820000000,center_after_f3,0.000000000,2048,114390224646332,114390225057420
3883,38.830000000,center_after_f3,0.000000000,2048,114390234682355,114390236114597
3884,38.840000000,center_after_f3,0.000000000,2048,114390244669516,114390246066669
3885,38.850000000,center_after_f3,0.000000000,2048,114390254649835,114390255066469
3886,38.860000000,center_after_f3,0.000000000,2048,114390264648847,114390265055193
3887,38.870000000,center_after_f3,0.000000000,2048,114390274647359,114390275056160
3888,38.880000000,center_after_f3,0.000000000,2048,114390284646879,114390285092509
3889,38.890000000,center_after_f3,0.000000000,2048,114390294645761,114390295072322
3890,38.900000000,center_after_f3,0.000000000,2048,114390304646013,114390305042652
3891,38.910000000,center_after_f3,0.000000000,2048,114390314645583,114390315038591
3892,38.920000000,center_after_f3,0.000000000,2048,114390324646883,114390325047781
3893,38.930000000,center_after_f3,0.000000000,2048,114390334646329,114390335044524
3894,38.940000000,center_after_f3,0.000000000,2048,114390344724014,114390346058278
3895,38.950000000,center_after_f3,0.000000000,2048,114390354719206,114390356057586
3896,38.960000000,center_after_f3,0.000000000,2048,114390364725308,114390366058894
3897,38.970000000,center_after_f3,0.000000000,2048,114390374722068,114390376066794
3898,38.980000000,center_after_f3,0.000000000,2048,114390384661086,114390386063109
3899,38.990000000,center_after_f3,0.000000000,2048,114390394721136,114390396064211
3900,39.000000000,center_after_f3,0.000000000,2048,114390404663233,114390406075720
3901,39.010000000,center_after_f3,0.000000000,2048,114390414667106,114390416046794
3902,39.020000000,center_after_f3,0.000000000,2048,114390424730257,114390426064698
3903,39.030000000,sine_f4,0.000000000,2048,114390434665205,114390436064020
3904,39.040000000,sine_f4,0.003133331,2046,114390444676146,114390446059385
3905,39.050000000,sine_f4,0.006217247,2044,114390454725737,114390456087046
3906,39.060000000,sine_f4,0.009203114,2042,114390464659505,114390465012712
3907,39.070000000,sine_f4,0.012043842,2040,114390474719701,114390476018472
3908,39.080000000,sine_f4,0.014694631,2038,114390484727964,114390486023644
3909,39.090000000,sine_f4,0.017113678,2037,114390494721168,114390496054611
3910,39.100000000,sine_f4,0.019262831,2035,114390504721732,114390506057759
3911,39.110000000,sine_f4,0.021108198,2034,114390514721546,114390516060109
3912,39.120000000,sine_f4,0.022620676,2033,114390524720700,114390526056432
3913,39.130000000,sine_f4,0.023776413,2033,114390534721736,114390536061629
3914,39.140000000,sine_f4,0.024557181,2032,114390544719510,114390546061696
3915,39.150000000,sine_f4,0.024950668,2032,114390554731966,114390556065836
3916,39.160000000,sine_f4,0.024950668,2032,114390564725848,114390566056902
3917,39.170000000,sine_f4,0.024557181,2032,114390574727817,114390576064052
3918,39.180000000,sine_f4,0.023776413,2033,114390584727822,114390586061713
3919,39.190000000,sine_f4,0.022620676,2033,114390594726961,114390596074332
3920,39.200000000,sine_f4,0.021108198,2034,114390604727543,114390606066926
3921,39.210000000,sine_f4,0.019262831,2035,114390614729671,114390616063173
3922,39.220000000,sine_f4,0.017113678,2037,114390624720348,114390626065921
3923,39.230000000,sine_f4,0.014694631,2038,114390634722848,114390636065140
3924,39.240000000,sine_f4,0.012043842,2040,114390644719976,114390646070660
3925,39.250000000,sine_f4,0.009203114,2042,114390654722053,114390656064706
3926,39.260000000,sine_f4,0.006217247,2044,114390664685357,114390666075270
3927,39.270000000,sine_f4,0.003133331,2046,114390674665308,114390675185199
3928,39.280000000,sine_f4,0.000000000,2048,114390684721124,114390686227603
3929,39.290000000,sine_f4,-0.003133331,2050,114390694727703,114390696215356
3930,39.300000000,sine_f4,-0.006217247,2052,114390704741018,114390706082242
3931,39.310000000,sine_f4,-0.009203114,2054,114390714725728,114390716046436
3932,39.320000000,sine_f4,-0.012043842,2056,114390724722978,114390726044638
3933,39.330000000,sine_f4,-0.014694631,2058,114390734722585,114390736043280
3934,39.340000000,sine_f4,-0.017113678,2059,114390744725302,114390746039535
3935,39.350000000,sine_f4,-0.019262831,2061,114390754731285,114390756203492
3936,39.360000000,sine_f4,-0.021108198,2062,114390764723819,114390766062186
3937,39.370000000,sine_f4,-0.022620676,2063,114390774680092,114390776063871
3938,39.380000000,sine_f4,-0.023776413,2063,114390784725712,114390786105269
3939,39.390000000,sine_f4,-0.024557181,2064,114390794648277,114390795046164
3940,39.400000000,sine_f4,-0.024950668,2064,114390804648446,114390805022941
3941,39.410000000,sine_f4,-0.024950668,2064,114390814646094,114390815013293
3942,39.420000000,sine_f4,-0.024557181,2064,114390824645477,114390825023415
3943,39.430000000,sine_f4,-0.023776413,2063,114390834725980,114390836040991
3944,39.440000000,sine_f4,-0.022620676,2063,114390844726835,114390846041981
3945,39.450000000,sine_f4,-0.021108198,2062,114390854730041,114390856040570
3946,39.460000000,sine_f4,-0.019262831,2061,114390864670816,114390866048148
3947,39.470000000,sine_f4,-0.017113678,2059,114390874720407,114390876040611
3948,39.480000000,sine_f4,-0.014694631,2058,114390884734168,114390886041657
3949,39.490000000,sine_f4,-0.012043842,2056,114390894720574,114390896062829
3950,39.500000000,sine_f4,-0.009203114,2054,114390904727534,114390906039624
3951,39.510000000,sine_f4,-0.006217247,2052,114390914725433,114390916039429
3952,39.520000000,sine_f4,-0.003133331,2050,114390924722783,114390926025946
3953,39.530000000,sine_f4,-0.000000000,2048,114390934723394,114390936044907
3954,39.540000000,sine_f4,0.003133331,2046,114390944732472,114390946039341
3955,39.550000000,sine_f4,0.006217247,2044,114390954723581,114390956039591
3956,39.560000000,sine_f4,0.009203114,2042,114390964722024,114390966044523
3957,39.570000000,sine_f4,0.012043842,2040,114390974723315,114390976045309
3958,39.580000000,sine_f4,0.014694631,2038,114390984726121,114390986040737
3959,39.590000000,sine_f4,0.017113678,2037,114390994727111,114390996041088
3960,39.600000000,sine_f4,0.019262831,2035,114391004718839,114391005988784
3961,39.610000000,sine_f4,0.021108198,2034,114391014727425,114391016042273
3962,39.620000000,sine_f4,0.022620676,2033,114391024729604,114391026025166
3963,39.630000000,sine_f4,0.023776413,2033,114391034735784,114391036007866
3964,39.640000000,sine_f4,0.024557181,2032,114391044718677,114391046037447
3965,39.650000000,sine_f4,0.024950668,2032,114391054722905,114391056039737
3966,39.660000000,sine_f4,0.024950668,2032,114391064727550,114391066045919
3967,39.670000000,sine_f4,0.024557181,2032,114391074723549,114391076043315
3968,39.680000000,sine_f4,0.023776413,2033,114391084722372,114391086040330
3969,39.690000000,sine_f4,0.022620676,2033,114391094725385,114391096047880
3970,39.700000000,sine_f4,0.021108198,2034,114391104721944,114391106049472
3971,39.710000000,sine_f4,0.019262831,2035,114391114719825,114391116016031
3972,39.720000000,sine_f4,0.017113678,2037,114391124723106,114391126024117
3973,39.730000000,sine_f4,0.014694631,2038,114391134722654,114391136022638
3974,39.740000000,sine_f4,0.012043842,2040,114391144721570,114391146038440
3975,39.750000000,sine_f4,0.009203114,2042,114391154722901,114391156018552
3976,39.760000000,sine_f4,0.006217247,2044,114391164660414,114391166022390
3977,39.770000000,sine_f4,0.003133331,2046,114391174722058,114391176028948
3978,39.780000000,sine_f4,0.000000000,2048,114391184722541,114391186026552
3979,39.790000000,sine_f4,-0.003133331,2050,114391194729130,114391196018187
3980,39.800000000,sine_f4,-0.006217247,2052,114391204720806,114391206029135
3981,39.810000000,sine_f4,-0.009203114,2054,114391214734841,114391216023891
3982,39.820000000,sine_f4,-0.012043842,2056,114391224732084,114391226037263
3983,39.830000000,sine_f4,-0.014694631,2058,114391234725922,114391236023236
3984,39.840000000,sine_f4,-0.017113678,2059,114391244723005,114391246037336
3985,39.850000000,sine_f4,-0.019262831,2061,114391254721158,114391256017323
3986,39.860000000,sine_f4,-0.021108198,2062,114391264720104,114391266017236
3987,39.870000000,sine_f4,-0.022620676,2063,114391274728275,114391276025938
3988,39.880000000,sine_f4,-0.023776413,2063,114391284722970,114391286036515
3989,39.890000000,sine_f4,-0.024557181,2064,114391294719252,114391296020765
3990,39.900000000,sine_f4,-0.024950668,2064,114391304725739,114391306018861
3991,39.910000000,sine_f4,-0.024950668,2064,114391314718774,114391316017863
3992,39.920000000,sine_f4,-0.024557181,2064,114391324723366,114391326023540
3993,39.930000000,sine_f4,-0.023776413,2063,114391334723960,114391336022275
3994,39.940000000,sine_f4,-0.022620676,2063,114391344720453,114391346022694
3995,39.950000000,sine_f4,-0.021108198,2062,114391354722441,114391356018638
3996,39.960000000,sine_f4,-0.019262831,2061,114391364722878,114391366020577
3997,39.970000000,sine_f4,-0.017113678,2059,114391374719345,114391376021960
3998,39.980000000,sine_f4,-0.014694631,2058,114391384724238,114391386023652
3999,39.990000000,sine_f4,-0.012043842,2056,114391394731766,114391396049550
4000,40.000000000,sine_f4,-0.009203114,2054,114391404721334,114391406020241
4001,40.010000000,sine_f4,-0.006217247,2052,114391414721491,114391416018181
4002,40.020000000,sine_f4,-0.003133331,2050,114391424720859,114391426025044
4003,40.030000000,sine_f4,-0.000000000,2048,114391434722506,114391436026442
4004,40.040000000,sine_f4,0.003133331,2046,114391444723392,114391446014729
4005,40.050000000,sine_f4,0.006217247,2044,114391454721459,114391456018922
4006,40.060000000,sine_f4,0.009203114,2042,114391464718942,114391466019037
4007,40.070000000,sine_f4,0.012043842,2040,114391474725886,114391476017981
4008,40.080000000,sine_f4,0.014694631,2038,114391484728456,114391486020649
4009,40.090000000,sine_f4,0.017113678,2037,114391494729361,114391496031399
4010,40.100000000,sine_f4,0.019262831,2035,114391504722843,114391506025270
4011,40.110000000,sine_f4,0.021108198,2034,114391514672204,114391516011737
4012,40.120000000,sine_f4,0.022620676,2033,114391524670266,114391525990981
4013,40.130000000,sine_f4,0.023776413,2033,114391534657975,114391535994360
4014,40.140000000,sine_f4,0.024557181,2032,114391544647149,114391544992771
4015,40.150000000,sine_f4,0.024950668,2032,114391554646431,114391554973450
4016,40.160000000,sine_f4,0.024950668,2032,114391564646479,114391564975212
4017,40.170000000,sine_f4,0.024557181,2032,114391574651568,114391575983611
4018,40.180000000,sine_f4,0.023776413,2033,114391584673577,114391586036829
4019,40.190000000,sine_f4,0.022620676,2033,114391594651561,114391594959195
4020,40.200000000,sine_f4,0.021108198,2034,114391604648632,114391604943026
4021,40.210000000,sine_f4,0.019262831,2035,114391614658329,114391614936524
4022,40.220000000,sine_f4,0.017113678,2037,114391624647785,114391624935418
4023,40.230000000,sine_f4,0.014694631,2038,114391634655152,114391634947049
4024,40.240000000,sine_f4,0.012043842,2040,114391644645972,114391644965526
4025,40.250000000,sine_f4,0.009203114,2042,114391654644927,114391654980301
4026,40.260000000,sine_f4,0.006217247,2044,114391664644623,114391664981993
4027,40.270000000,sine_f4,0.003133331,2046,114391674650422,114391675980917
4028,40.280000000,sine_f4,0.000000000,2048,114391684645975,114391685978591
4029,40.290000000,sine_f4,-0.003133331,2050,114391694644686,114391694970300
4030,40.300000000,sine_f4,-0.006217247,2052,114391704646418,114391704977635
4031,40.310000000,sine_f4,-0.009203114,2054,114391714646880,114391716018451
4032,40.320000000,sine_f4,-0.012043842,2056,114391724645917,114391724973729
4033,40.330000000,sine_f4,-0.014694631,2058,114391734661527,114391735993097
4034,40.340000000,sine_f4,-0.017113678,2059,114391744651359,114391745980969
4035,40.350000000,sine_f4,-0.019262831,2061,114391754645799,114391755979077
4036,40.360000000,sine_f4,-0.021108198,2062,114391764646403,114391766013307
4037,40.370000000,sine_f4,-0.022620676,2063,114391774662280,114391775999419
4038,40.380000000,sine_f4,-0.023776413,2063,114391784662799,114391786025486
4039,40.390000000,sine_f4,-0.024557181,2064,114391794650218,114391795974326
4040,40.400000000,sine_f4,-0.024950668,2064,114391804654692,114391805978815
4041,40.410000000,sine_f4,-0.024950668,2064,114391814723331,114391815994085
4042,40.420000000,sine_f4,-0.024557181,2064,114391824721014,114391825992453
4043,40.430000000,sine_f4,-0.023776413,2063,114391834723644,114391835989375
4044,40.440000000,sine_f4,-0.022620676,2063,114391844729122,114391845991476
4045,40.450000000,sine_f4,-0.021108198,2062,114391854733052,114391855988810
4046,40.460000000,sine_f4,-0.019262831,2061,114391864729060,114391865990499
4047,40.470000000,sine_f4,-0.017113678,2059,114391874732268,114391875990141
4048,40.480000000,sine_f4,-0.014694631,2058,114391884736411,114391885995691
4049,40.490000000,sine_f4,-0.012043842,2056,114391894720786,114391895998289
4050,40.500000000,sine_f4,-0.009203114,2054,114391904723227,114391905994262
4051,40.510000000,sine_f4,-0.006217247,2052,114391914723344,114391915995922
4052,40.520000000,sine_f4,-0.003133331,2050,114391924736197,114391925973732
4053,40.530000000,sine_f4,-0.000000000,2048,114391934720909,114391935988980
4054,40.540000000,sine_f4,0.003133331,2046,114391944729600,114391945995284
4055,40.550000000,sine_f4,0.006217247,2044,114391954725002,114391955970728
4056,40.560000000,sine_f4,0.009203114,2042,114391964688721,114391965982546
4057,40.570000000,sine_f4,0.012043842,2040,114391974685346,114391975991489
4058,40.580000000,sine_f4,0.014694631,2038,114391984672227,114391986097908
4059,40.590000000,sine_f4,0.017113678,2037,114391994650901,114391995955206
4060,40.600000000,sine_f4,0.019262831,2035,114392004665245,114392005974249
4061,40.610000000,sine_f4,0.021108198,2034,114392014683233,114392016040243
4062,40.620000000,sine_f4,0.022620676,2033,114392024652450,114392025967455
4063,40.630000000,sine_f4,0.023776413,2033,114392034661005,114392035967863
4064,40.640000000,sine_f4,0.024557181,2032,114392044649704,114392045958174
4065,40.650000000,sine_f4,0.024950668,2032,114392054647719,114392055958558
4066,40.660000000,sine_f4,0.024950668,2032,114392064646348,114392065978194
4067,40.670000000,sine_f4,0.024557181,2032,114392074645624,114392075952940
4068,40.680000000,sine_f4,0.023776413,2033,114392084646011,114392085952575
4069,40.690000000,sine_f4,0.022620676,2033,114392094645889,114392095945905
4070,40.700000000,sine_f4,0.021108198,2034,114392104644174,114392105953387
4071,40.710000000,sine_f4,0.019262831,2035,114392114647497,114392115971867
4072,40.720000000,sine_f4,0.017113678,2037,114392124646929,114392125950540
4073,40.730000000,sine_f4,0.014694631,2038,114392134651097,114392135941270
4074,40.740000000,sine_f4,0.012043842,2040,114392144645910,114392145957038
4075,40.750000000,sine_f4,0.009203114,2042,114392154650254,114392155971027
4076,40.760000000,sine_f4,0.006217247,2044,114392164645498,114392165958086
4077,40.770000000,sine_f4,0.003133331,2046,114392174645498,114392175954014
4078,40.780000000,sine_f4,0.000000000,2048,114392184653678,114392185970210
4079,40.790000000,sine_f4,-0.003133331,2050,114392194659559,114392195969738
4080,40.800000000,sine_f4,-0.006217247,2052,114392204661095,114392205984144
4081,40.810000000,sine_f4,-0.009203114,2054,114392214652158,114392215983994
4082,40.820000000,sine_f4,-0.012043842,2056,114392224648200,114392225960433
4083,40.830000000,sine_f4,-0.014694631,2058,114392234649376,114392235961001
4084,40.840000000,sine_f4,-0.017113678,2059,114392244645726,114392245975687
4085,40.850000000,sine_f4,-0.019262831,2061,114392254647042,114392255956603
4086,40.860000000,sine_f4,-0.021108198,2062,114392264644777,114392265978792
4087,40.870000000,sine_f4,-0.022620676,2063,114392274647080,114392275957243
4088,40.880000000,sine_f4,-0.023776413,2063,114392284645615,114392285954352
4089,40.890000000,sine_f4,-0.024557181,2064,114392294645657,114392295953912
4090,40.900000000,sine_f4,-0.024950668,2064,114392304645081,114392305929638
4091,40.910000000,sine_f4,-0.024950668,2064,114392314646168,114392315955914
4092,40.920000000,sine_f4,-0.024557181,2064,114392324648076,114392325962174
4093,40.930000000,sine_f4,-0.023776413,2063,114392334650621,114392335945480
4094,40.940000000,sine_f4,-0.022620676,2063,114392344645816,114392345934308
4095,40.950000000,sine_f4,-0.021108198,2062,114392354645662,114392355958878
4096,40.960000000,sine_f4,-0.019262831,2061,114392364644881,114392365938704
4097,40.970000000,sine_f4,-0.017113678,2059,114392374646031,114392375953500
4098,40.980000000,sine_f4,-0.014694631,2058,114392384644914,114392385931175
4099,40.990000000,sine_f4,-0.012043842,2056,114392394645167,114392395934646
4100,41.000000000,sine_f4,-0.009203114,2054,114392404644940,114392405927722
4101,41.010000000,sine_f4,-0.006217247,2052,114392414644813,114392415935784
4102,41.020000000,sine_f4,-0.003133331,2050,114392424644591,114392425938191
4103,41.030000000,sine_f4,-0.000000000,2048,114392434648518,114392435939875
4104,41.040000000,sine_f4,0.003133331,2046,114392444647424,114392445935635
4105,41.050000000,sine_f4,0.006217247,2044,114392454645894,114392455929545
4106,41.060000000,sine_f4,0.009203114,2042,114392464650959,114392465940860
4107,41.070000000,sine_f4,0.012043842,2040,114392474646830,114392475928466
4108,41.080000000,sine_f4,0.014694631,2038,114392484654294,114392485943166
4109,41.090000000,sine_f4,0.017113678,2037,114392494647150,114392495914837
4110,41.100000000,sine_f4,0.019262831,2035,114392504655211,114392505914862
4111,41.110000000,sine_f4,0.021108198,2034,114392514646833,114392515932717
4112,41.120000000,sine_f4,0.022620676,2033,114392524645575,114392525941302
4113,41.130000000,sine_f4,0.023776413,2033,114392534649432,114392535932933
4114,41.140000000,sine_f4,0.024557181,2032,114392544644794,114392545929380
4115,41.150000000,sine_f4,0.024950668,2032,114392554644914,114392555929517
4116,41.160000000,sine_f4,0.024950668,2032,114392564645210,114392565936008
4117,41.170000000,sine_f4,0.024557181,2032,114392574721943,114392575949024
4118,41.180000000,sine_f4,0.023776413,2033,114392584719943,114392585973994
4119,41.190000000,sine_f4,0.022620676,2033,114392594732791,114392595950773
4120,41.200000000,sine_f4,0.021108198,2034,114392604735132,114392605946747
4121,41.210000000,sine_f4,0.019262831,2035,114392614726486,114392615950314
4122,41.220000000,sine_f4,0.017113678,2037,114392624719797,114392625963752
4123,41.230000000,sine_f4,0.014694631,2038,114392634725767,114392635952398
4124,41.240000000,sine_f4,0.012043842,2040,114392644722571,114392645948361
4125,41.250000000,sine_f4,0.009203114,2042,114392654726468,114392655947911
4126,41.260000000,sine_f4,0.006217247,2044,114392664735797,114392665949912
4127,41.270000000,sine_f4,0.003133331,2046,114392674728849,114392675949095
4128,41.280000000,sine_f4,0.000000000,2048,114392684726611,114392685947234
4129,41.290000000,sine_f4,-0.003133331,2050,114392694727851,114392695952786
4130,41.300000000,sine_f4,-0.006217247,2052,114392704728187,114392705948890
4131,41.310000000,sine_f4,-0.009203114,2054,114392714720973,114392715949202
4132,41.320000000,sine_f4,-0.012043842,2056,114392724726402,114392725946650
4133,41.330000000,sine_f4,-0.014694631,2058,114392734728916,114392735949952
4134,41.340000000,sine_f4,-0.017113678,2059,114392744739133,114392745949884
4135,41.350000000,sine_f4,-0.019262831,2061,114392754719605,114392755949052
4136,41.360000000,sine_f4,-0.021108198,2062,114392764720196,114392765948859
4137,41.370000000,sine_f4,-0.022620676,2063,114392774721166,114392775920456
4138,41.380000000,sine_f4,-0.023776413,2063,114392784720633,114392785906170
4139,41.390000000,sine_f4,-0.024557181,2064,114392794718889,114392795884350
4140,41.400000000,sine_f4,-0.024950668,2064,114392804712070,114392805896576
4141,41.410000000,sine_f4,-0.024950668,2064,114392814727205,114392815915574
4142,41.420000000,sine_f4,-0.024557181,2064,114392824720103,114392825947486
4143,41.430000000,sine_f4,-0.023776413,2063,114392834722880,114392835951452
4144,41.440000000,sine_f4,-0.022620676,2063,114392844647779,114392845934068
4145,41.450000000,sine_f4,-0.021108198,2062,114392854647154,114392855933353
4146,41.460000000,sine_f4,-0.019262831,2061,114392864645280,114392865924561
4147,41.470000000,sine_f4,-0.017113678,2059,114392874655056,114392875926601
4148,41.480000000,sine_f4,-0.014694631,2058,114392884647761,114392885915746
4149,41.490000000,sine_f4,-0.012043842,2056,114392894656407,114392895922009
4150,41.500000000,sine_f4,-0.009203114,2054,114392904647715,114392905915870
4151,41.510000000,sine_f4,-0.006217247,2052,114392914644878,114392915911166
4152,41.520000000,sine_f4,-0.003133331,2050,114392924647443,114392925919258
4153,41.530000000,sine_f4,-0.000000000,2048,114392934651114,114392935914883
4154,41.540000000,center_after_f4,0.000000000,2048,114392944669870,114392945933613
4155,41.550000000,center_after_f4,0.000000000,2048,114392954667285,114392955927422
4156,41.560000000,center_after_f4,0.000000000,2048,114392964670547,114392965924896
4157,41.570000000,center_after_f4,0.000000000,2048,114392974658924,114392975927337
4158,41.580000000,center_after_f4,0.000000000,2048,114392984730443,114392985933332
4159,41.590000000,center_after_f4,0.000000000,2048,114392994670632,114392995931957
4160,41.600000000,center_after_f4,0.000000000,2048,114393004652985,114393005926388
4161,41.610000000,center_after_f4,0.000000000,2048,114393014650763,114393015924186
4162,41.620000000,center_after_f4,0.000000000,2048,114393024652847,114393025922328
4163,41.630000000,center_after_f4,0.000000000,2048,114393034655086,114393035933081
4164,41.640000000,center_after_f4,0.000000000,2048,114393044647612,114393045925820
4165,41.650000000,center_after_f4,0.000000000,2048,114393054644967,114393055889015
4166,41.660000000,center_after_f4,0.000000000,2048,114393064646380,114393065912010
4167,41.670000000,center_after_f4,0.000000000,2048,114393074644417,114393075912363
4168,41.680000000,center_after_f4,0.000000000,2048,114393084647272,114393085915267
4169,41.690000000,center_after_f4,0.000000000,2048,114393094647742,114393095917240
4170,41.700000000,center_after_f4,0.000000000,2048,114393104649254,114393105920268
4171,41.710000000,center_after_f4,0.000000000,2048,114393114644498,114393115920667
4172,41.720000000,center_after_f4,0.000000000,2048,114393124646028,114393125942296
4173,41.730000000,center_after_f4,0.000000000,2048,114393134673769,114393135953528
4174,41.740000000,center_after_f4,0.000000000,2048,114393144658888,114393145889765
4175,41.750000000,center_after_f4,0.000000000,2048,114393154654031,114393155870815
4176,41.760000000,center_after_f4,0.000000000,2048,114393164650833,114393165877709
4177,41.770000000,center_after_f4,0.000000000,2048,114393174647602,114393175887849
4178,41.780000000,center_after_f4,0.000000000,2048,114393184665306,114393185921803
4179,41.790000000,center_after_f4,0.000000000,2048,114393194665498,114393195884379
4180,41.800000000,center_after_f4,0.000000000,2048,114393204648090,114393205902044
4181,41.810000000,center_after_f4,0.000000000,2048,114393214646171,114393215992213
4182,41.820000000,center_after_f4,0.000000000,2048,114393224648945,114393225894993
4183,41.830000000,center_after_f4,0.000000000,2048,114393234647512,114393235882983
4184,41.840000000,center_after_f4,0.000000000,2048,114393244649594,114393245908944
4185,41.850000000,center_after_f4,0.000000000,2048,114393254647878,114393255898664
4186,41.860000000,center_after_f4,0.000000000,2048,114393264648414,114393265908379
4187,41.870000000,center_after_f4,0.000000000,2048,114393274647566,114393275907232
4188,41.880000000,center_after_f4,0.000000000,2048,114393284648323,114393285886856
4189,41.890000000,center_after_f4,0.000000000,2048,114393294647343,114393295904348
4190,41.900000000,center_after_f4,0.000000000,2048,114393304650893,114393305907932
4191,41.910000000,center_after_f4,0.000000000,2048,114393314661806,114393315918150
4192,41.920000000,center_after_f4,0.000000000,2048,114393324647867,114393325900884
4193,41.930000000,center_after_f4,0.000000000,2048,114393334649594,114393335922004
4194,41.940000000,center_after_f4,0.000000000,2048,114393344642688,114393345884166
4195,41.950000000,center_after_f4,0.000000000,2048,114393354640999,114393355857565
4196,41.960000000,center_after_f4,0.000000000,2048,114393364652386,114393365903801
4197,41.970000000,center_after_f4,0.000000000,2048,114393374648607,114393375895096
4198,41.980000000,center_after_f4,0.000000000,2048,114393384653029,114393385876422
4199,41.990000000,center_after_f4,0.000000000,2048,114393394654276,114393395889556
4200,42.000000000,center_after_f4,0.000000000,2048,114393404654562,114393405912473
4201,42.010000000,center_after_f4,0.000000000,2048,114393414664921,114393415932056
4202,42.020000000,center_after_f4,0.000000000,2048,114393424650319,114393425926916
4203,42.030000000,center_after_f4,0.000000000,2048,114393434661044,114393435929863
4204,42.040000000,center_after_f4,0.000000000,2048,114393444651825,114393445889966
4205,42.050000000,center_after_f4,0.000000000,2048,114393454647997,114393455884991
4206,42.060000000,center_after_f4,0.000000000,2048,114393464664683,114393465897543
4207,42.070000000,center_after_f4,0.000000000,2048,114393474653963,114393475871586
4208,42.080000000,center_after_f4,0.000000000,2048,114393484652775,114393485896017
4209,42.090000000,center_after_f4,0.000000000,2048,114393494648677,114393495920797
4210,42.100000000,center_after_f4,0.000000000,2048,114393504645298,114393505870762
4211,42.110000000,center_after_f4,0.000000000,2048,114393514653135,114393515880647
4212,42.120000000,center_after_f4,0.000000000,2048,114393524647711,114393525879531
4213,42.130000000,center_after_f4,0.000000000,2048,114393534657532,114393535872306
4214,42.140000000,center_after_f4,0.000000000,2048,114393544645293,114393545884772
4215,42.150000000,center_after_f4,0.000000000,2048,114393554659121,114393555868789
4216,42.160000000,center_after_f4,0.000000000,2048,114393564653217,114393565879760
4217,42.170000000,center_after_f4,0.000000000,2048,114393574648325,114393575856563
4218,42.180000000,center_after_f4,0.000000000,2048,114393584655777,114393585880960
4219,42.190000000,center_after_f4,0.000000000,2048,114393594654090,114393595911613
4220,42.200000000,center_after_f4,0.000000000,2048,114393604655265,114393605863701
4221,42.210000000,center_after_f4,0.000000000,2048,114393614660611,114393615879832
4222,42.220000000,center_after_f4,0.000000000,2048,114393624648298,114393625879685
4223,42.230000000,center_after_f4,0.000000000,2048,114393634658592,114393635865176
4224,42.240000000,center_after_f4,0.000000000,2048,114393644648582,114393645876446
4225,42.250000000,center_after_f4,0.000000000,2048,114393654657328,114393655891925
4226,42.260000000,center_after_f4,0.000000000,2048,114393664665035,114393665958725
4227,42.270000000,center_after_f4,0.000000000,2048,114393674648175,114393675922295
4228,42.280000000,center_after_f4,0.000000000,2048,114393684659034,114393685885248
4229,42.290000000,center_after_f4,0.000000000,2048,114393694647914,114393695896404
4230,42.300000000,center_after_f4,0.000000000,2048,114393704646667,114393705914156
4231,42.310000000,center_after_f4,0.000000000,2048,114393714651371,114393715915424
4232,42.320000000,center_after_f4,0.000000000,2048,114393724647834,114393725853689
4233,42.330000000,center_after_f4,0.000000000,2048,114393734659026,114393735848300
4234,42.340000000,center_after_f4,0.000000000,2048,114393744636971,114393745833310
4235,42.350000000,center_after_f4,0.000000000,2048,114393754654040,114393755913094
4236,42.360000000,center_after_f4,0.000000000,2048,114393764650240,114393765913817
4237,42.370000000,center_after_f4,0.000000000,2048,114393774648047,114393775910212
4238,42.380000000,center_after_f4,0.000000000,2048,114393784647875,114393785940306
4239,42.390000000,center_after_f4,0.000000000,2048,114393794647798,114393795936768
4240,42.400000000,center_after_f4,0.000000000,2048,114393804649149,114393805920223
4241,42.410000000,center_after_f4,0.000000000,2048,114393814653417,114393815925495
4242,42.420000000,center_after_f4,0.000000000,2048,114393824645327,114393825941421
4243,42.430000000,center_after_f4,0.000000000,2048,114393834646955,114393835935514
4244,42.440000000,center_after_f4,0.000000000,2048,114393844649142,114393845945423
4245,42.450000000,center_after_f4,0.000000000,2048,114393854648664,114393855936703
4246,42.460000000,center_after_f4,0.000000000,2048,114393864646966,114393865935685
4247,42.470000000,center_after_f4,0.000000000,2048,114393874647402,114393875945380
4248,42.480000000,center_after_f4,0.000000000,2048,114393884654746,114393885944502
4249,42.490000000,center_after_f4,0.000000000,2048,114393894648073,114393896060316
4250,42.500000000,center_after_f4,0.000000000,2048,114393904664978,114393905953229
4251,42.510000000,center_after_f4,0.000000000,2048,114393914652057,114393915942184
4252,42.520000000,center_after_f4,0.000000000,2048,114393924649022,114393925938568
4253,42.530000000,center_after_f4,0.000000000,2048,114393934672069,114393935961759
