sequence,scheduled_time_s,phase,goal_rad,goal_tick,tx_start_ns,tx_end_ns
0,0.000000000,center,0.000000000,2048,113865997091646,113865998446906
1,0.010000000,center,0.000000000,2048,113866007159174,113866008438168
2,0.020000000,center,0.000000000,2048,113866017150223,113866018427876
3,0.030000000,center,0.000000000,2048,113866027154011,113866028443785
4,0.040000000,center,0.000000000,2048,113866037153275,113866038415685
5,0.050000000,center,0.000000000,2048,113866047148381,113866048416494
6,0.060000000,center,0.000000000,2048,113866057157420,113866058420952
7,0.070000000,center,0.000000000,2048,113866067154560,113866068413219
8,0.080000000,center,0.000000000,2048,113866077143934,113866078414562
9,0.090000000,center,0.000000000,2048,113866087143508,113866088405710
10,0.100000000,center,0.000000000,2048,113866097150260,113866098417629
11,0.110000000,center,0.000000000,2048,113866107143896,113866108412017
12,0.120000000,center,0.000000000,2048,113866117149323,113866118433838
13,0.130000000,center,0.000000000,2048,113866127149764,113866128438468
14,0.140000000,center,0.000000000,2048,113866137152545,113866138420567
15,0.150000000,center,0.000000000,2048,113866147158124,113866148445309
16,0.160000000,center,0.000000000,2048,113866157148113,113866158417168
17,0.170000000,center,0.000000000,2048,113866167149193,113866168415820
18,0.180000000,center,0.000000000,2048,113866177150477,113866178419921
19,0.190000000,center,0.000000000,2048,113866187146651,113866188419026
20,0.200000000,center,0.000000000,2048,113866197150864,113866198422617
21,0.210000000,center,0.000000000,2048,113866207144508,113866208399311
22,0.220000000,center,0.000000000,2048,113866217151419,113866218396474
23,0.230000000,center,0.000000000,2048,113866227151969,113866228418657
24,0.240000000,center,0.000000000,2048,113866237135468,113866238438051
25,0.250000000,center,0.000000000,2048,113866247159366,113866248426206
26,0.260000000,center,0.000000000,2048,113866257148736,113866258418824
27,0.270000000,center,0.000000000,2048,113866267155152,113866268423528
28,0.280000000,center,0.000000000,2048,113866277153601,113866278417426
29,0.290000000,center,0.000000000,2048,113866287149784,113866288410042
30,0.300000000,center,0.000000000,2048,113866297153848,113866298419067
31,0.310000000,center,0.000000000,2048,113866307155487,113866308427719
32,0.320000000,center,0.000000000,2048,113866317155386,113866318427999
33,0.330000000,center,0.000000000,2048,113866327154060,113866328425487
34,0.340000000,center,0.000000000,2048,113866337153233,113866338418220
35,0.350000000,center,0.000000000,2048,113866347154913,113866348420564
36,0.360000000,center,0.000000000,2048,113866357153650,113866358417693
37,0.370000000,center,0.000000000,2048,113866367155075,113866368426002
38,0.380000000,center,0.000000000,2048,113866377149926,113866378422478
39,0.390000000,center,0.000000000,2048,113866387153038,113866388418768
40,0.400000000,center,0.000000000,2048,113866397149223,113866398413246
41,0.410000000,center,0.000000000,2048,113866407151544,113866408415106
42,0.420000000,center,0.000000000,2048,113866417154030,113866418412598
43,0.430000000,center,0.000000000,2048,113866427149079,113866428415440
44,0.440000000,center,0.000000000,2048,113866437151734,113866438416210
45,0.450000000,center,0.000000000,2048,113866447153077,113866448417302
46,0.460000000,center,0.000000000,2048,113866457151267,113866458437634
47,0.470000000,center,0.000000000,2048,113866467151455,113866468418096
48,0.480000000,center,0.000000000,2048,113866477149567,113866478423423
49,0.490000000,center,0.000000000,2048,113866487152568,113866488417399
50,0.500000000,center,0.000000000,2048,113866497151371,113866498418493
51,0.510000000,center,0.000000000,2048,113866507150581,113866508420205
52,0.520000000,center,0.000000000,2048,113866517153019,113866518415059
53,0.530000000,center,0.000000000,2048,113866527150707,113866528416253
54,0.540000000,center,0.000000000,2048,113866537150298,113866538414326
55,0.550000000,center,0.000000000,2048,113866547152305,113866548419126
56,0.560000000,center,0.000000000,2048,113866557151178,113866558417602
57,0.570000000,center,0.000000000,2048,113866567151787,113866568395889
58,0.580000000,center,0.000000000,2048,113866577151842,113866578403027
59,0.590000000,center,0.000000000,2048,113866587150908,113866588399170
60,0.600000000,center,0.000000000,2048,113866597151115,113866598397859
61,0.610000000,center,0.000000000,2048,113866607148040,113866608393802
62,0.620000000,center,0.000000000,2048,113866617152816,113866618397159
63,0.630000000,center,0.000000000,2048,113866627152272,113866628394334
64,0.640000000,center,0.000000000,2048,113866637150680,113866638393857
65,0.650000000,center,0.000000000,2048,113866647151157,113866648394430
66,0.660000000,center,0.000000000,2048,113866657150777,113866658394568
67,0.670000000,center,0.000000000,2048,113866667152198,113866668394630
68,0.680000000,center,0.000000000,2048,113866677154867,113866678400387
69,0.690000000,center,0.000000000,2048,113866687152425,113866688396212
70,0.700000000,center,0.000000000,2048,113866697168002,113866698412301
71,0.710000000,center,0.000000000,2048,113866707159098,113866708403133
72,0.720000000,center,0.000000000,2048,113866717162047,113866718400654
73,0.730000000,center,0.000000000,2048,113866727161178,113866728408102
74,0.740000000,center,0.000000000,2048,113866737153691,113866738383163
75,0.750000000,center,0.000000000,2048,113866747151799,113866748386934
76,0.760000000,center,0.000000000,2048,113866757148105,113866758386313
77,0.770000000,center,0.000000000,2048,113866767152672,113866768400642
78,0.780000000,center,0.000000000,2048,113866777151399,113866778398036
79,0.790000000,center,0.000000000,2048,113866787148668,113866788387598
80,0.800000000,center,0.000000000,2048,113866797150987,113866798394856
81,0.810000000,center,0.000000000,2048,113866807151537,113866808394659
82,0.820000000,center,0.000000000,2048,113866817153362,113866818581233
83,0.830000000,center,0.000000000,2048,113866827151907,113866828395586
84,0.840000000,center,0.000000000,2048,113866837150679,113866838404232
85,0.850000000,center,0.000000000,2048,113866847151690,113866848396467
86,0.860000000,center,0.000000000,2048,113866857151423,113866858394024
87,0.870000000,center,0.000000000,2048,113866867151838,113866868392391
88,0.880000000,center,0.000000000,2048,113866877154609,113866878533954
89,0.890000000,center,0.000000000,2048,113866887245664,113866888405528
90,0.900000000,center,0.000000000,2048,113866897173875,113866898410445
91,0.910000000,center,0.000000000,2048,113866907226778,113866908443863
92,0.920000000,center,0.000000000,2048,113866917168250,113866918412424
93,0.930000000,center,0.000000000,2048,113866927152256,113866928410859
94,0.940000000,center,0.000000000,2048,113866937236152,113866938412033
95,0.950000000,center,0.000000000,2048,113866947238394,113866948406658
96,0.960000000,center,0.000000000,2048,113866957236694,113866958411811
97,0.970000000,center,0.000000000,2048,113866967225965,113866968417609
98,0.980000000,center,0.000000000,2048,113866977164375,113866978428101
99,0.990000000,center,0.000000000,2048,113866987165125,113866988451076
100,1.000000000,center,0.000000000,2048,113866997151745,113866998367095
101,1.010000000,center,0.000000000,2048,113867007155762,113867008401226
102,1.020000000,center,0.000000000,2048,113867017154645,113867018378161
103,1.030000000,center,0.000000000,2048,113867027151333,113867028381948
104,1.040000000,center,0.000000000,2048,113867037163693,113867038381077
105,1.050000000,center,0.000000000,2048,113867047147626,113867048347985
106,1.060000000,center,0.000000000,2048,113867057153481,113867058349908
107,1.070000000,center,0.000000000,2048,113867067152423,113867068358716
108,1.080000000,center,0.000000000,2048,113867077152007,113867078363111
109,1.090000000,center,0.000000000,2048,113867087152898,113867088439715
110,1.100000000,center,0.000000000,2048,113867097153666,113867098438517
111,1.110000000,center,0.000000000,2048,113867107152021,113867108438933
112,1.120000000,center,0.000000000,2048,113867117151801,113867118439226
113,1.130000000,center,0.000000000,2048,113867127151762,113867128440989
114,1.140000000,center,0.000000000,2048,113867137150515,113867138442687
115,1.150000000,center,0.000000000,2048,113867147151526,113867148373222
116,1.160000000,center,0.000000000,2048,113867157151962,113867158378993
117,1.170000000,center,0.000000000,2048,113867167153609,113867168373264
118,1.180000000,center,0.000000000,2048,113867177181376,113867178397141
119,1.190000000,center,0.000000000,2048,113867187178946,113867188396791
120,1.200000000,center,0.000000000,2048,113867197155339,113867198379574
121,1.210000000,center,0.000000000,2048,113867207152300,113867208371151
122,1.220000000,center,0.000000000,2048,113867217151980,113867218377826
123,1.230000000,center,0.000000000,2048,113867227152092,113867228372260
124,1.240000000,center,0.000000000,2048,113867237152064,113867238374488
125,1.250000000,center,0.000000000,2048,113867247149362,113867248374239
126,1.260000000,center,0.000000000,2048,113867257152720,113867258372486
127,1.270000000,center,0.000000000,2048,113867267152067,113867268372139
128,1.280000000,center,0.000000000,2048,113867277151589,113867278371622
129,1.290000000,center,0.000000000,2048,113867287153088,113867288371303
130,1.300000000,center,0.000000000,2048,113867297151888,113867298371441
131,1.310000000,center,0.000000000,2048,113867307150969,113867308369930
132,1.320000000,center,0.000000000,2048,113867317150117,113867318373451
133,1.330000000,center,0.000000000,2048,113867327148713,113867328372984
134,1.340000000,center,0.000000000,2048,113867337151374,113867338375137
135,1.350000000,center,0.000000000,2048,113867347152248,113867348373405
136,1.360000000,center,0.000000000,2048,113867357151134,113867358370039
137,1.370000000,center,0.000000000,2048,113867367150962,113867368373516
138,1.380000000,center,0.000000000,2048,113867377151784,113867378375620
139,1.390000000,center,0.000000000,2048,113867387150996,113867388377461
140,1.400000000,center,0.000000000,2048,113867397151328,113867398369383
141,1.410000000,center,0.000000000,2048,113867407150573,113867408370091
142,1.420000000,center,0.000000000,2048,113867417152087,113867418371514
143,1.430000000,center,0.000000000,2048,113867427151020,113867428372697
144,1.440000000,center,0.000000000,2048,113867437150436,113867438362121
145,1.450000000,center,0.000000000,2048,113867447152200,113867448349795
146,1.460000000,center,0.000000000,2048,113867457151693,113867458351224
147,1.470000000,center,0.000000000,2048,113867467152096,113867468353901
148,1.480000000,center,0.000000000,2048,113867477152187,113867478361466
149,1.490000000,center,0.000000000,2048,113867487228159,113867488372786
150,1.500000000,plus_a1,0.035000000,2025,113867497227252,113867498370110
151,1.510000000,plus_a1,0.035000000,2025,113867507230963,113867508356204
152,1.520000000,plus_a1,0.035000000,2025,113867517147114,113867518322356
153,1.530000000,plus_a1,0.035000000,2025,113867527183815,113867528377998
154,1.540000000,plus_a1,0.035000000,2025,113867537152304,113867538356135
155,1.550000000,plus_a1,0.035000000,2025,113867547227893,113867548363084
156,1.560000000,plus_a1,0.035000000,2025,113867557228276,113867558364690
157,1.570000000,plus_a1,0.035000000,2025,113867567233411,113867568364968
158,1.580000000,plus_a1,0.035000000,2025,113867577232571,113867578368567
159,1.590000000,plus_a1,0.035000000,2025,113867587233015,113867588366982
160,1.600000000,plus_a1,0.035000000,2025,113867597231860,113867598364794
161,1.610000000,plus_a1,0.035000000,2025,113867607235273,113867608363194
162,1.620000000,plus_a1,0.035000000,2025,113867617234576,113867618363275
163,1.630000000,plus_a1,0.035000000,2025,113867627231153,113867628364491
164,1.640000000,plus_a1,0.035000000,2025,113867637236301,113867638366602
165,1.650000000,plus_a1,0.035000000,2025,113867647235390,113867648367432
166,1.660000000,plus_a1,0.035000000,2025,113867657231083,113867658364947
167,1.670000000,plus_a1,0.035000000,2025,113867667230845,113867668366607
168,1.680000000,plus_a1,0.035000000,2025,113867677231911,113867678371330
169,1.690000000,plus_a1,0.035000000,2025,113867687234549,113867688370390
170,1.700000000,plus_a1,0.035000000,2025,113867697228033,113867698363454
171,1.710000000,plus_a1,0.035000000,2025,113867707228039,113867708365051
172,1.720000000,plus_a1,0.035000000,2025,113867717174743,113867718366254
173,1.730000000,plus_a1,0.035000000,2025,113867727231509,113867728365259
174,1.740000000,plus_a1,0.035000000,2025,113867737239035,113867738373967
175,1.750000000,plus_a1,0.035000000,2025,113867747229719,113867748367176
176,1.760000000,plus_a1,0.035000000,2025,113867757232017,113867758362134
177,1.770000000,plus_a1,0.035000000,2025,113867767227568,113867768364634
178,1.780000000,plus_a1,0.035000000,2025,113867777229999,113867778364281
179,1.790000000,plus_a1,0.035000000,2025,113867787228856,113867788369850
180,1.800000000,plus_a1,0.035000000,2025,113867797236717,113867798369489
181,1.810000000,plus_a1,0.035000000,2025,113867807235532,113867808384738
182,1.820000000,plus_a1,0.035000000,2025,113867817174920,113867818367830
183,1.830000000,plus_a1,0.035000000,2025,113867827238870,113867828356720
184,1.840000000,plus_a1,0.035000000,2025,113867837236767,113867838348631
185,1.850000000,plus_a1,0.035000000,2025,113867847229925,113867848365288
186,1.860000000,plus_a1,0.035000000,2025,113867857174061,113867858344686
187,1.870000000,plus_a1,0.035000000,2025,113867867180454,113867868347430
188,1.880000000,plus_a1,0.035000000,2025,113867877230210,113867878344622
189,1.890000000,plus_a1,0.035000000,2025,113867887227718,113867888350048
190,1.900000000,plus_a1,0.035000000,2025,113867897182065,113867898349599
191,1.910000000,plus_a1,0.035000000,2025,113867907225936,113867908355259
192,1.920000000,plus_a1,0.035000000,2025,113867917165095,113867918344718
193,1.930000000,plus_a1,0.035000000,2025,113867927154470,113867928332926
194,1.940000000,plus_a1,0.035000000,2025,113867937151111,113867938329306
195,1.950000000,plus_a1,0.035000000,2025,113867947227778,113867948343624
196,1.960000000,plus_a1,0.035000000,2025,113867957180605,113867958344975
197,1.970000000,plus_a1,0.035000000,2025,113867967187415,113867968378741
198,1.980000000,plus_a1,0.035000000,2025,113867977151116,113867978310913
199,1.990000000,plus_a1,0.035000000,2025,113867987147511,113867988309041
200,2.000000000,plus_a1,0.035000000,2025,113867997147413,113867998325903
201,2.010000000,plus_a1,0.035000000,2025,113868007148391,113868008294119
202,2.020000000,plus_a1,0.035000000,2025,113868017141859,113868018289817
203,2.030000000,plus_a1,0.035000000,2025,113868027152011,113868028306013
204,2.040000000,plus_a1,0.035000000,2025,113868037150831,113868038326501
205,2.050000000,plus_a1,0.035000000,2025,113868047153760,113868048336721
206,2.060000000,plus_a1,0.035000000,2025,113868057152654,113868058334496
207,2.070000000,plus_a1,0.035000000,2025,113868067154753,113868068335349
208,2.080000000,plus_a1,0.035000000,2025,113868077160110,113868078339932
209,2.090000000,plus_a1,0.035000000,2025,113868087165624,113868088332230
210,2.100000000,plus_a1,0.035000000,2025,113868097143930,113868098298008
211,2.110000000,plus_a1,0.035000000,2025,113868107152149,113868108317561
212,2.120000000,plus_a1,0.035000000,2025,113868117151690,113868118332940
213,2.130000000,plus_a1,0.035000000,2025,113868127151240,113868128330961
214,2.140000000,plus_a1,0.035000000,2025,113868137150487,113868138329546
215,2.150000000,plus_a1,0.035000000,2025,113868147152159,113868148330591
216,2.160000000,plus_a1,0.035000000,2025,113868157158309,113868158339992
217,2.170000000,plus_a1,0.035000000,2025,113868167152058,113868168331328
218,2.180000000,plus_a1,0.035000000,2025,113868177150972,113868178328464
219,2.190000000,plus_a1,0.035000000,2025,113868187152375,113868188332318
220,2.200000000,plus_a1,0.035000000,2025,113868197232106,113868198350819
221,2.210000000,plus_a1,0.035000000,2025,113868207162058,113868208329769
222,2.220000000,plus_a1,0.035000000,2025,113868217170479,113868218367430
223,2.230000000,plus_a1,0.035000000,2025,113868227145531,113868228276677
224,2.240000000,plus_a1,0.035000000,2025,113868237152554,113868238317040
225,2.250000000,plus_a1,0.035000000,2025,113868247150916,113868248310231
226,2.260000000,plus_a1,0.035000000,2025,113868257150863,113868258328568
227,2.270000000,plus_a1,0.035000000,2025,113868267151794,113868268310044
228,2.280000000,plus_a1,0.035000000,2025,113868277156099,113868278316772
229,2.290000000,plus_a1,0.035000000,2025,113868287161012,113868288310491
230,2.300000000,plus_a1,0.035000000,2025,113868297149350,113868298279133
231,2.310000000,plus_a1,0.035000000,2025,113868307155955,113868308303737
232,2.320000000,plus_a1,0.035000000,2025,113868317153520,113868318314593
233,2.330000000,plus_a1,0.035000000,2025,113868327155237,113868328315828
234,2.340000000,plus_a1,0.035000000,2025,113868337151129,113868338287384
235,2.350000000,plus_a1,0.035000000,2025,113868347150472,113868348308317
236,2.360000000,plus_a1,0.035000000,2025,113868357151767,113868358327958
237,2.370000000,plus_a1,0.035000000,2025,113868367151168,113868368310700
238,2.380000000,plus_a1,0.035000000,2025,113868377150797,113868378332653
239,2.390000000,plus_a1,0.035000000,2025,113868387224626,113868388294466
240,2.400000000,plus_a1,0.035000000,2025,113868397224825,113868398281403
241,2.410000000,plus_a1,0.035000000,2025,113868407223782,113868408316008
242,2.420000000,plus_a1,0.035000000,2025,113868417162091,113868418326148
243,2.430000000,plus_a1,0.035000000,2025,113868427151571,113868428312151
244,2.440000000,plus_a1,0.035000000,2025,113868437154379,113868438314205
245,2.450000000,plus_a1,0.035000000,2025,113868447152213,113868448311010
246,2.460000000,plus_a1,0.035000000,2025,113868457151936,113868458309390
247,2.470000000,plus_a1,0.035000000,2025,113868467149791,113868468311171
248,2.480000000,plus_a1,0.035000000,2025,113868477158275,113868478338391
249,2.490000000,plus_a1,0.035000000,2025,113868487175692,113868488322746
250,2.500000000,plus_a1,0.035000000,2025,113868497230751,113868498310861
251,2.510000000,plus_a1,0.035000000,2025,113868507143820,113868508288969
252,2.520000000,plus_a1,0.035000000,2025,113868517145100,113868518272467
253,2.530000000,plus_a1,0.035000000,2025,113868527150647,113868528299559
254,2.540000000,plus_a1,0.035000000,2025,113868537153423,113868538310517
255,2.550000000,plus_a1,0.035000000,2025,113868547151176,113868548308054
256,2.560000000,plus_a1,0.035000000,2025,113868557151306,113868558312686
257,2.570000000,plus_a1,0.035000000,2025,113868567150933,113868568308680
258,2.580000000,plus_a1,0.035000000,2025,113868577151944,113868578304063
259,2.590000000,plus_a1,0.035000000,2025,113868587159720,113868588326592
260,2.600000000,plus_a1,0.035000000,2025,113868597153563,113868598315022
261,2.610000000,plus_a1,0.035000000,2025,113868607155366,113868608312583
262,2.620000000,plus_a1,0.035000000,2025,113868617153251,113868618316740
263,2.630000000,plus_a1,0.035000000,2025,113868627155074,113868628328809
264,2.640000000,plus_a1,0.035000000,2025,113868637155832,113868638312788
265,2.650000000,plus_a1,0.035000000,2025,113868647151883,113868648311327
266,2.660000000,plus_a1,0.035000000,2025,113868657151457,113868658315112
267,2.670000000,plus_a1,0.035000000,2025,113868667151627,113868668291943
268,2.680000000,plus_a1,0.035000000,2025,113868677153779,113868678295314
269,2.690000000,plus_a1,0.035000000,2025,113868687155545,113868688309046
270,2.700000000,plus_a1,0.035000000,2025,113868697151271,113868698315802
271,2.710000000,plus_a1,0.035000000,2025,113868707153203,113868708297078
272,2.720000000,plus_a1,0.035000000,2025,113868717152964,113868718300776
273,2.730000000,plus_a1,0.035000000,2025,113868727151785,113868728294122
274,2.740000000,plus_a1,0.035000000,2025,113868737154378,113868738317788
275,2.750000000,plus_a1,0.035000000,2025,113868747151526,113868748291219
276,2.760000000,plus_a1,0.035000000,2025,113868757151818,113868758286964
277,2.770000000,plus_a1,0.035000000,2025,113868767150992,113868768290620
278,2.780000000,plus_a1,0.035000000,2025,113868777152430,113868778286118
279,2.790000000,plus_a1,0.035000000,2025,113868787151635,113868788284472
280,2.800000000,plus_a1,0.035000000,2025,113868797150363,113868798290786
281,2.810000000,plus_a1,0.035000000,2025,113868807232354,113868808303588
282,2.820000000,plus_a1,0.035000000,2025,113868817151510,113868818292058
283,2.830000000,plus_a1,0.035000000,2025,113868827150349,113868828290032
284,2.840000000,plus_a1,0.035000000,2025,113868837153892,113868838289697
285,2.850000000,plus_a1,0.035000000,2025,113868847151440,113868848289273
286,2.860000000,plus_a1,0.035000000,2025,113868857151882,113868858327071
287,2.870000000,plus_a1,0.035000000,2025,113868867175871,113868868326616
288,2.880000000,plus_a1,0.035000000,2025,113868877240002,113868878299168
289,2.890000000,plus_a1,0.035000000,2025,113868887180826,113868888329685
290,2.900000000,plus_a1,0.035000000,2025,113868897175333,113868898358352
291,2.910000000,plus_a1,0.035000000,2025,113868907156794,113868908432989
292,2.920000000,plus_a1,0.035000000,2025,113868917151270,113868918299074
293,2.930000000,plus_a1,0.035000000,2025,113868927152520,113868928317914
294,2.940000000,plus_a1,0.035000000,2025,113868937152989,113868938297781
295,2.950000000,plus_a1,0.035000000,2025,113868947150508,113868948290709
296,2.960000000,plus_a1,0.035000000,2025,113868957152676,113868958279323
297,2.970000000,plus_a1,0.035000000,2025,113868967145584,113868968276846
298,2.980000000,plus_a1,0.035000000,2025,113868977151651,113868978322427
299,2.990000000,plus_a1,0.035000000,2025,113868987157113,113868988325153
300,3.000000000,center_after_plus_a1,0.000000000,2048,113868997154230,113868998304601
301,3.010000000,center_after_plus_a1,0.000000000,2048,113869007148325,113869008284322
302,3.020000000,center_after_plus_a1,0.000000000,2048,113869017152643,113869018293524
303,3.030000000,center_after_plus_a1,0.000000000,2048,113869027155272,113869028316070
304,3.040000000,center_after_plus_a1,0.000000000,2048,113869037155254,113869038292054
305,3.050000000,center_after_plus_a1,0.000000000,2048,113869047152572,113869048290965
306,3.060000000,center_after_plus_a1,0.000000000,2048,113869057151898,113869058285913
307,3.070000000,center_after_plus_a1,0.000000000,2048,113869067151882,113869068271566
308,3.080000000,center_after_plus_a1,0.000000000,2048,113869077152922,113869078294985
309,3.090000000,center_after_plus_a1,0.000000000,2048,113869087154291,113869088287611
310,3.100000000,center_after_plus_a1,0.000000000,2048,113869097151764,113869098284712
311,3.110000000,center_after_plus_a1,0.000000000,2048,113869107150708,113869108265182
312,3.120000000,center_after_plus_a1,0.000000000,2048,113869117151429,113869118271252
313,3.130000000,center_after_plus_a1,0.000000000,2048,113869127152532,113869128269466
314,3.140000000,center_after_plus_a1,0.000000000,2048,113869137153701,113869138271269
315,3.150000000,center_after_plus_a1,0.000000000,2048,113869147150892,113869148270596
316,3.160000000,center_after_plus_a1,0.000000000,2048,113869157152688,113869158267674
317,3.170000000,center_after_plus_a1,0.000000000,2048,113869167163405,113869168286025
318,3.180000000,center_after_plus_a1,0.000000000,2048,113869177157658,113869178274946
319,3.190000000,center_after_plus_a1,0.000000000,2048,113869187144967,113869188240263
320,3.200000000,center_after_plus_a1,0.000000000,2048,113869197151299,113869198268903
321,3.210000000,center_after_plus_a1,0.000000000,2048,113869207153190,113869208277949
322,3.220000000,center_after_plus_a1,0.000000000,2048,113869217151196,113869218272714
323,3.230000000,center_after_plus_a1,0.000000000,2048,113869227153268,113869228265476
324,3.240000000,center_after_plus_a1,0.000000000,2048,113869237153477,113869238275362
325,3.250000000,center_after_plus_a1,0.000000000,2048,113869247154872,113869248271269
326,3.260000000,center_after_plus_a1,0.000000000,2048,113869257152682,113869258268798
327,3.270000000,center_after_plus_a1,0.000000000,2048,113869267151705,113869268270165
328,3.280000000,center_after_plus_a1,0.000000000,2048,113869277151764,113869278264910
329,3.290000000,center_after_plus_a1,0.000000000,2048,113869287149928,113869288268113
330,3.300000000,center_after_plus_a1,0.000000000,2048,113869297150850,113869298266555
331,3.310000000,center_after_plus_a1,0.000000000,2048,113869307226628,113869308322284
332,3.320000000,center_after_plus_a1,0.000000000,2048,113869317161856,113869318284516
333,3.330000000,center_after_plus_a1,0.000000000,2048,113869327154719,113869328303189
334,3.340000000,center_after_plus_a1,0.000000000,2048,113869337233762,113869338307382
335,3.350000000,center_after_plus_a1,0.000000000,2048,113869347235930,113869348300142
336,3.360000000,center_after_plus_a1,0.000000000,2048,113869357226876,113869358303046
337,3.370000000,center_after_plus_a1,0.000000000,2048,113869367227263,113869368303217
338,3.380000000,center_after_plus_a1,0.000000000,2048,113869377238256,113869378291894
339,3.390000000,center_after_plus_a1,0.000000000,2048,113869387231195,113869388304541
340,3.400000000,center_after_plus_a1,0.000000000,2048,113869397232310,113869398303267
341,3.410000000,center_after_plus_a1,0.000000000,2048,113869407232396,113869408317627
342,3.420000000,center_after_plus_a1,0.000000000,2048,113869417175126,113869418287303
343,3.430000000,center_after_plus_a1,0.000000000,2048,113869427244921,113869428271208
344,3.440000000,center_after_plus_a1,0.000000000,2048,113869437232868,113869438315663
345,3.450000000,center_after_plus_a1,0.000000000,2048,113869447163638,113869448251987
346,3.460000000,center_after_plus_a1,0.000000000,2048,113869457154685,113869458253775
347,3.470000000,center_after_plus_a1,0.000000000,2048,113869467189868,113869468286164
348,3.480000000,center_after_plus_a1,0.000000000,2048,113869477173617,113869478292674
349,3.490000000,center_after_plus_a1,0.000000000,2048,113869487154979,113869488266870
350,3.500000000,center_after_plus_a1,0.000000000,2048,113869497230609,113869498263456
351,3.510000000,center_after_plus_a1,0.000000000,2048,113869507230160,113869508266011
352,3.520000000,center_after_plus_a1,0.000000000,2048,113869517175433,113869518272835
353,3.530000000,center_after_plus_a1,0.000000000,2048,113869527231120,113869528265809
354,3.540000000,center_after_plus_a1,0.000000000,2048,113869537236873,113869538265513
355,3.550000000,center_after_plus_a1,0.000000000,2048,113869547227851,113869548265677
356,3.560000000,center_after_plus_a1,0.000000000,2048,113869557233560,113869558265576
357,3.570000000,center_after_plus_a1,0.000000000,2048,113869567229549,113869568265620
358,3.580000000,center_after_plus_a1,0.000000000,2048,113869577233803,113869578269549
359,3.590000000,center_after_plus_a1,0.000000000,2048,113869587230877,113869588268585
360,3.600000000,center_after_plus_a1,0.000000000,2048,113869597165815,113869598262967
361,3.610000000,center_after_plus_a1,0.000000000,2048,113869607226782,113869608267466
362,3.620000000,center_after_plus_a1,0.000000000,2048,113869617175408,113869618265934
363,3.630000000,center_after_plus_a1,0.000000000,2048,113869627156222,113869628252955
364,3.640000000,center_after_plus_a1,0.000000000,2048,113869637231111,113869638267198
365,3.650000000,center_after_plus_a1,0.000000000,2048,113869647232628,113869648267205
366,3.660000000,center_after_plus_a1,0.000000000,2048,113869657227107,113869658266923
367,3.670000000,center_after_plus_a1,0.000000000,2048,113869667228307,113869668206873
368,3.680000000,center_after_plus_a1,0.000000000,2048,113869677245356,113869678266380
369,3.690000000,center_after_plus_a1,0.000000000,2048,113869687227833,113869688265623
370,3.700000000,center_after_plus_a1,0.000000000,2048,113869697227413,113869698265110
371,3.710000000,center_after_plus_a1,0.000000000,2048,113869707229696,113869708266436
372,3.720000000,center_after_plus_a1,0.000000000,2048,113869717175317,113869718283168
373,3.730000000,center_after_plus_a1,0.000000000,2048,113869727235593,113869728267274
374,3.740000000,center_after_plus_a1,0.000000000,2048,113869737237133,113869738267595
375,3.750000000,center_after_plus_a1,0.000000000,2048,113869747236540,113869748265888
376,3.760000000,center_after_plus_a1,0.000000000,2048,113869757230252,113869758264192
377,3.770000000,center_after_plus_a1,0.000000000,2048,113869767235453,113869768269413
378,3.780000000,center_after_plus_a1,0.000000000,2048,113869777232294,113869778267920
379,3.790000000,center_after_plus_a1,0.000000000,2048,113869787229515,113869788265963
380,3.800000000,center_after_plus_a1,0.000000000,2048,113869797229210,113869798282064
381,3.810000000,center_after_plus_a1,0.000000000,2048,113869807228848,113869808268293
382,3.820000000,center_after_plus_a1,0.000000000,2048,113869817175848,113869818261840
383,3.830000000,center_after_plus_a1,0.000000000,2048,113869827228547,113869828282367
384,3.840000000,center_after_plus_a1,0.000000000,2048,113869837145015,113869838267250
385,3.850000000,center_after_plus_a1,0.000000000,2048,113869847157432,113869848256239
386,3.860000000,center_after_plus_a1,0.000000000,2048,113869857153369,113869858245407
387,3.870000000,center_after_plus_a1,0.000000000,2048,113869867151678,113869868251527
388,3.880000000,center_after_plus_a1,0.000000000,2048,113869877151756,113869878247860
389,3.890000000,center_after_plus_a1,0.000000000,2048,113869887149663,113869888256304
390,3.900000000,center_after_plus_a1,0.000000000,2048,113869897154141,113869898236395
391,3.910000000,center_after_plus_a1,0.000000000,2048,113869907152477,113869908271305
392,3.920000000,center_after_plus_a1,0.000000000,2048,113869917152236,113869918251418
393,3.930000000,center_after_plus_a1,0.000000000,2048,113869927153050,113869928228382
394,3.940000000,center_after_plus_a1,0.000000000,2048,113869937155796,113869938225347
395,3.950000000,center_after_plus_a1,0.000000000,2048,113869947149764,113869948227443
396,3.960000000,center_after_plus_a1,0.000000000,2048,113869957153141,113869958223571
397,3.970000000,center_after_plus_a1,0.000000000,2048,113869967151105,113869968224199
398,3.980000000,center_after_plus_a1,0.000000000,2048,113869977145464,113869978262905
399,3.990000000,center_after_plus_a1,0.000000000,2048,113869987157829,113869988238566
400,4.000000000,center_after_plus_a1,0.000000000,2048,113869997152874,113869998228073
401,4.010000000,center_after_plus_a1,0.000000000,2048,113870007154267,113870008225623
402,4.020000000,center_after_plus_a1,0.000000000,2048,113870017151023,113870018230133
403,4.030000000,center_after_plus_a1,0.000000000,2048,113870027152858,113870028232939
404,4.040000000,center_after_plus_a1,0.000000000,2048,113870037154720,113870038235864
405,4.050000000,center_after_plus_a1,0.000000000,2048,113870047151103,113870048183207
406,4.060000000,center_after_plus_a1,0.000000000,2048,113870057151494,113870058211614
407,4.070000000,center_after_plus_a1,0.000000000,2048,113870067160473,113870068200979
408,4.080000000,center_after_plus_a1,0.000000000,2048,113870077169606,113870078194937
409,4.090000000,center_after_plus_a1,0.000000000,2048,113870087155476,113870088189983
410,4.100000000,center_after_plus_a1,0.000000000,2048,113870097144149,113870098206848
411,4.110000000,center_after_plus_a1,0.000000000,2048,113870107152858,113870108226908
412,4.120000000,center_after_plus_a1,0.000000000,2048,113870117152305,113870118231335
413,4.130000000,center_after_plus_a1,0.000000000,2048,113870127153037,113870128226344
414,4.140000000,center_after_plus_a1,0.000000000,2048,113870137153686,113870138231329
415,4.150000000,center_after_plus_a1,0.000000000,2048,113870147163591,113870148240977
416,4.160000000,center_after_plus_a1,0.000000000,2048,113870157155570,113870158230357
417,4.170000000,center_after_plus_a1,0.000000000,2048,113870167150050,113870168228306
418,4.180000000,center_after_plus_a1,0.000000000,2048,113870177152004,113870178230797
419,4.190000000,center_after_plus_a1,0.000000000,2048,113870187153130,113870188231213
420,4.200000000,center_after_plus_a1,0.000000000,2048,113870197155549,113870198223471
421,4.210000000,center_after_plus_a1,0.000000000,2048,113870207152188,113870208225722
422,4.220000000,center_after_plus_a1,0.000000000,2048,113870217152504,113870218229245
423,4.230000000,center_after_plus_a1,0.000000000,2048,113870227152448,113870228231486
424,4.240000000,center_after_plus_a1,0.000000000,2048,113870237154637,113870238235920
425,4.250000000,center_after_plus_a1,0.000000000,2048,113870247150054,113870248224611
426,4.260000000,center_after_plus_a1,0.000000000,2048,113870257151895,113870258225959
427,4.270000000,center_after_plus_a1,0.000000000,2048,113870267151695,113870268229406
428,4.280000000,center_after_plus_a1,0.000000000,2048,113870277152518,113870278226669
429,4.290000000,center_after_plus_a1,0.000000000,2048,113870287152015,113870288228895
430,4.300000000,center_after_plus_a1,0.000000000,2048,113870297150552,113870298225378
431,4.310000000,center_after_plus_a1,0.000000000,2048,113870307151245,113870308224406
432,4.320000000,center_after_plus_a1,0.000000000,2048,113870317151597,113870318308967
433,4.330000000,center_after_plus_a1,0.000000000,2048,113870327161702,113870328228843
434,4.340000000,center_after_plus_a1,0.000000000,2048,113870337165049,113870338222263
435,4.350000000,center_after_plus_a1,0.000000000,2048,113870347166429,113870348373986
436,4.360000000,center_after_plus_a1,0.000000000,2048,113870357174315,113870358217958
437,4.370000000,center_after_plus_a1,0.000000000,2048,113870367225851,113870368227002
438,4.380000000,center_after_plus_a1,0.000000000,2048,113870377233820,113870378245000
439,4.390000000,center_after_plus_a1,0.000000000,2048,113870387233687,113870388241867
440,4.400000000,center_after_plus_a1,0.000000000,2048,113870397232298,113870398241740
441,4.410000000,center_after_plus_a1,0.000000000,2048,113870407173455,113870408241060
442,4.420000000,center_after_plus_a1,0.000000000,2048,113870417241546,113870418277690
443,4.430000000,center_after_plus_a1,0.000000000,2048,113870427152527,113870428193677
444,4.440000000,center_after_plus_a1,0.000000000,2048,113870437242295,113870438176738
445,4.450000000,center_after_plus_a1,0.000000000,2048,113870447163542,113870448225334
446,4.460000000,center_after_plus_a1,0.000000000,2048,113870457147761,113870458199121
447,4.470000000,center_after_plus_a1,0.000000000,2048,113870467149113,113870468189490
448,4.480000000,center_after_plus_a1,0.000000000,2048,113870477156976,113870478214326
449,4.490000000,center_after_plus_a1,0.000000000,2048,113870487151486,113870488188421
450,4.500000000,minus_a1,-0.035000000,2071,113870497149120,113870498195103
451,4.510000000,minus_a1,-0.035000000,2071,113870507150265,113870508228407
452,4.520000000,minus_a1,-0.035000000,2071,113870517146716,113870518166765
453,4.530000000,minus_a1,-0.035000000,2071,113870527154713,113870528185142
454,4.540000000,minus_a1,-0.035000000,2071,113870537154459,113870538184714
455,4.550000000,minus_a1,-0.035000000,2071,113870547151428,113870548195509
456,4.560000000,minus_a1,-0.035000000,2071,113870557152395,113870558199008
457,4.570000000,minus_a1,-0.035000000,2071,113870567150765,113870568185222
458,4.580000000,minus_a1,-0.035000000,2071,113870577150652,113870578206231
459,4.590000000,minus_a1,-0.035000000,2071,113870587152110,113870588186880
460,4.600000000,minus_a1,-0.035000000,2071,113870597148716,113870598196733
461,4.610000000,minus_a1,-0.035000000,2071,113870607151238,113870608199088
462,4.620000000,minus_a1,-0.035000000,2071,113870617151921,113870618192097
463,4.630000000,minus_a1,-0.035000000,2071,113870627154844,113870628214332
464,4.640000000,minus_a1,-0.035000000,2071,113870637158412,113870638170371
465,4.650000000,minus_a1,-0.035000000,2071,113870647151050,113870648173311
466,4.660000000,minus_a1,-0.035000000,2071,113870657151131,113870658193633
467,4.670000000,minus_a1,-0.035000000,2071,113870667144992,113870668185174
468,4.680000000,minus_a1,-0.035000000,2071,113870677151927,113870678237496
469,4.690000000,minus_a1,-0.035000000,2071,113870687160022,113870688213939
470,4.700000000,minus_a1,-0.035000000,2071,113870697151257,113870698198532
471,4.710000000,minus_a1,-0.035000000,2071,113870707146139,113870708190378
472,4.720000000,minus_a1,-0.035000000,2071,113870717146437,113870718179850
473,4.730000000,minus_a1,-0.035000000,2071,113870727147420,113870728176725
474,4.740000000,minus_a1,-0.035000000,2071,113870737149426,113870738174781
475,4.750000000,minus_a1,-0.035000000,2071,113870747154422,113870748161648
476,4.760000000,minus_a1,-0.035000000,2071,113870757161576,113870758172788
477,4.770000000,minus_a1,-0.035000000,2071,113870767142483,113870768145978
478,4.780000000,minus_a1,-0.035000000,2071,113870777150169,113870778157653
479,4.790000000,minus_a1,-0.035000000,2071,113870787152127,113870788155716
480,4.800000000,minus_a1,-0.035000000,2071,113870797151914,113870798218183
481,4.810000000,minus_a1,-0.035000000,2071,113870807144548,113870808224509
482,4.820000000,minus_a1,-0.035000000,2071,113870817141512,113870818141827
483,4.830000000,minus_a1,-0.035000000,2071,113870827151305,113870828159172
484,4.840000000,minus_a1,-0.035000000,2071,113870837143702,113870838171502
485,4.850000000,minus_a1,-0.035000000,2071,113870847144971,113870848164025
486,4.860000000,minus_a1,-0.035000000,2071,113870857151628,113870858189316
487,4.870000000,minus_a1,-0.035000000,2071,113870867154127,113870868186027
488,4.880000000,minus_a1,-0.035000000,2071,113870877151683,113870878191645
489,4.890000000,minus_a1,-0.035000000,2071,113870887150779,113870888182651
490,4.900000000,minus_a1,-0.035000000,2071,113870897162776,113870898193979
491,4.910000000,minus_a1,-0.035000000,2071,113870907155745,113870908188098
492,4.920000000,minus_a1,-0.035000000,2071,113870917151896,113870918186505
493,4.930000000,minus_a1,-0.035000000,2071,113870927152334,113870928181516
494,4.940000000,minus_a1,-0.035000000,2071,113870937152185,113870938185047
495,4.950000000,minus_a1,-0.035000000,2071,113870947155808,113870948196908
496,4.960000000,minus_a1,-0.035000000,2071,113870957152579,113870958190188
497,4.970000000,minus_a1,-0.035000000,2071,113870967152981,113870968180423
498,4.980000000,minus_a1,-0.035000000,2071,113870977152187,113870978165174
499,4.990000000,minus_a1,-0.035000000,2071,113870987152992,113870988185328
500,5.000000000,minus_a1,-0.035000000,2071,113870997151062,113870998169999
501,5.010000000,minus_a1,-0.035000000,2071,113871007148775,113871008179732
502,5.020000000,minus_a1,-0.035000000,2071,113871017150904,113871018185006
503,5.030000000,minus_a1,-0.035000000,2071,113871027161300,113871028200630
504,5.040000000,minus_a1,-0.035000000,2071,113871037145568,113871038267058
505,5.050000000,minus_a1,-0.035000000,2071,113871047168466,113871048154003
506,5.060000000,minus_a1,-0.035000000,2071,113871057153458,113871058169154
507,5.070000000,minus_a1,-0.035000000,2071,113871067154060,113871068192792
508,5.080000000,minus_a1,-0.035000000,2071,113871077223384,113871078202489
509,5.090000000,minus_a1,-0.035000000,2071,113871087236768,113871088184153
510,5.100000000,minus_a1,-0.035000000,2071,113871097232888,113871098186288
511,5.110000000,minus_a1,-0.035000000,2071,113871107174113,113871108200101
512,5.120000000,minus_a1,-0.035000000,2071,113871117240627,113871118181900
513,5.130000000,minus_a1,-0.035000000,2071,113871127175020,113871128204278
514,5.140000000,minus_a1,-0.035000000,2071,113871137232993,113871138201633
515,5.150000000,minus_a1,-0.035000000,2071,113871147233879,113871148184095
516,5.160000000,minus_a1,-0.035000000,2071,113871157225279,113871158193684
517,5.170000000,minus_a1,-0.035000000,2071,113871167232199,113871168183369
518,5.180000000,minus_a1,-0.035000000,2071,113871177231113,113871178186926
519,5.190000000,minus_a1,-0.035000000,2071,113871187244732,113871188178652
520,5.200000000,minus_a1,-0.035000000,2071,113871197231069,113871198180695
521,5.210000000,minus_a1,-0.035000000,2071,113871207234960,113871208183276
522,5.220000000,minus_a1,-0.035000000,2071,113871217224893,113871218180890
523,5.230000000,minus_a1,-0.035000000,2071,113871227174447,113871228175184
524,5.240000000,minus_a1,-0.035000000,2071,113871237230745,113871238180488
525,5.250000000,minus_a1,-0.035000000,2071,113871247224264,113871248210382
526,5.260000000,minus_a1,-0.035000000,2071,113871257160865,113871258140246
527,5.270000000,minus_a1,-0.035000000,2071,113871267151514,113871268152765
528,5.280000000,minus_a1,-0.035000000,2071,113871277152015,113871278162894
529,5.290000000,minus_a1,-0.035000000,2071,113871287150499,113871288173327
530,5.300000000,minus_a1,-0.035000000,2071,113871297150610,113871298174510
531,5.310000000,minus_a1,-0.035000000,2071,113871307286043,113871308179425
532,5.320000000,minus_a1,-0.035000000,2071,113871317161269,113871318198238
533,5.330000000,minus_a1,-0.035000000,2071,113871327176652,113871328214637
534,5.340000000,minus_a1,-0.035000000,2071,113871337157147,113871338134161
535,5.350000000,minus_a1,-0.035000000,2071,113871347160549,113871348162632
536,5.360000000,minus_a1,-0.035000000,2071,113871357152094,113871358172836
537,5.370000000,minus_a1,-0.035000000,2071,113871367157771,113871368172110
538,5.380000000,minus_a1,-0.035000000,2071,113871377151728,113871378166321
539,5.390000000,minus_a1,-0.035000000,2071,113871387151053,113871388164545
540,5.400000000,minus_a1,-0.035000000,2071,113871397152896,113871398171925
541,5.410000000,minus_a1,-0.035000000,2071,113871407153269,113871408163995
542,5.420000000,minus_a1,-0.035000000,2071,113871417240004,113871418194254
543,5.430000000,minus_a1,-0.035000000,2071,113871427169855,113871428170699
544,5.440000000,minus_a1,-0.035000000,2071,113871437145445,113871438135658
545,5.450000000,minus_a1,-0.035000000,2071,113871447153113,113871448120124
546,5.460000000,minus_a1,-0.035000000,2071,113871457150207,113871458130316
547,5.470000000,minus_a1,-0.035000000,2071,113871467149285,113871468150683
548,5.480000000,minus_a1,-0.035000000,2071,113871477149206,113871478163309
549,5.490000000,minus_a1,-0.035000000,2071,113871487156243,113871488192445
550,5.500000000,minus_a1,-0.035000000,2071,113871497151955,113871498168500
551,5.510000000,minus_a1,-0.035000000,2071,113871507154561,113871508144345
552,5.520000000,minus_a1,-0.035000000,2071,113871517146547,113871518155271
553,5.530000000,minus_a1,-0.035000000,2071,113871527149004,113871528165331
554,5.540000000,minus_a1,-0.035000000,2071,113871537150204,113871538164431
555,5.550000000,minus_a1,-0.035000000,2071,113871547152878,113871548166301
556,5.560000000,minus_a1,-0.035000000,2071,113871557150175,113871558158685
557,5.570000000,minus_a1,-0.035000000,2071,113871567150643,113871568181823
558,5.580000000,minus_a1,-0.035000000,2071,113871577157041,113871578170245
559,5.590000000,minus_a1,-0.035000000,2071,113871587151616,113871588170170
560,5.600000000,minus_a1,-0.035000000,2071,113871597150964,113871598163490
561,5.610000000,minus_a1,-0.035000000,2071,113871607156364,113871608165726
562,5.620000000,minus_a1,-0.035000000,2071,113871617153482,113871618171862
563,5.630000000,minus_a1,-0.035000000,2071,113871627225664,113871628164307
564,5.640000000,minus_a1,-0.035000000,2071,113871637238328,113871638176872
565,5.650000000,minus_a1,-0.035000000,2071,113871647228987,113871648157677
566,5.660000000,minus_a1,-0.035000000,2071,113871657223753,113871658161535
567,5.670000000,minus_a1,-0.035000000,2071,113871667232366,113871668162927
568,5.680000000,minus_a1,-0.035000000,2071,113871677225493,113871678162249
569,5.690000000,minus_a1,-0.035000000,2071,113871687230104,113871688161688
570,5.700000000,minus_a1,-0.035000000,2071,113871697233935,113871698160206
571,5.710000000,minus_a1,-0.035000000,2071,113871707173649,113871708184083
572,5.720000000,minus_a1,-0.035000000,2071,113871717164039,113871718144490
573,5.730000000,minus_a1,-0.035000000,2071,113871727153038,113871728161683
574,5.740000000,minus_a1,-0.035000000,2071,113871737152815,113871738159653
575,5.750000000,minus_a1,-0.035000000,2071,113871747154132,113871748149174
576,5.760000000,minus_a1,-0.035000000,2071,113871757151497,113871758161396
577,5.770000000,minus_a1,-0.035000000,2071,113871767150416,113871768187570
578,5.780000000,minus_a1,-0.035000000,2071,113871777151332,113871778163204
579,5.790000000,minus_a1,-0.035000000,2071,113871787236158,113871788192718
580,5.800000000,minus_a1,-0.035000000,2071,113871797234531,113871798180862
581,5.810000000,minus_a1,-0.035000000,2071,113871807235811,113871808223663
582,5.820000000,minus_a1,-0.035000000,2071,113871817154202,113871818171075
583,5.830000000,minus_a1,-0.035000000,2071,113871827153194,113871828173897
584,5.840000000,minus_a1,-0.035000000,2071,113871837224104,113871838167356
585,5.850000000,minus_a1,-0.035000000,2071,113871847239119,113871848163342
586,5.860000000,minus_a1,-0.035000000,2071,113871857161335,113871858156405
587,5.870000000,minus_a1,-0.035000000,2071,113871867230113,113871868165087
588,5.880000000,minus_a1,-0.035000000,2071,113871877240360,113871878181002
589,5.890000000,minus_a1,-0.035000000,2071,113871887227684,113871888164723
590,5.900000000,minus_a1,-0.035000000,2071,113871897231207,113871898160210
591,5.910000000,minus_a1,-0.035000000,2071,113871907239547,113871908166770
592,5.920000000,minus_a1,-0.035000000,2071,113871917162743,113871918179548
593,5.930000000,minus_a1,-0.035000000,2071,113871927226587,113871928140953
594,5.940000000,minus_a1,-0.035000000,2071,113871937224872,113871938161519
595,5.950000000,minus_a1,-0.035000000,2071,113871947173845,113871948156754
596,5.960000000,minus_a1,-0.035000000,2071,113871957224931,113871958187621
597,5.970000000,minus_a1,-0.035000000,2071,113871967224595,113871968182310
598,5.980000000,minus_a1,-0.035000000,2071,113871977162743,113871978183778
599,5.990000000,minus_a1,-0.035000000,2071,113871987234261,113871988089700
600,6.000000000,center_after_minus_a1,0.000000000,2048,113871997224037,113871998133793
601,6.010000000,center_after_minus_a1,0.000000000,2048,113872007231115,113872008156563
602,6.020000000,center_after_minus_a1,0.000000000,2048,113872017167293,113872018142188
603,6.030000000,center_after_minus_a1,0.000000000,2048,113872027173641,113872028160155
604,6.040000000,center_after_minus_a1,0.000000000,2048,113872037227310,113872038157339
605,6.050000000,center_after_minus_a1,0.000000000,2048,113872047162161,113872048138752
606,6.060000000,center_after_minus_a1,0.000000000,2048,113872057153947,113872058125202
607,6.070000000,center_after_minus_a1,0.000000000,2048,113872067150588,113872068127957
608,6.080000000,center_after_minus_a1,0.000000000,2048,113872077223120,113872078145667
609,6.090000000,center_after_minus_a1,0.000000000,2048,113872087232183,113872088155809
610,6.100000000,center_after_minus_a1,0.000000000,2048,113872097233366,113872098164277
611,6.110000000,center_after_minus_a1,0.000000000,2048,113872107229619,113872108107091
612,6.120000000,center_after_minus_a1,0.000000000,2048,113872117164123,113872118186171
613,6.130000000,center_after_minus_a1,0.000000000,2048,113872127172668,113872128136105
614,6.140000000,center_after_minus_a1,0.000000000,2048,113872137236714,113872138136362
615,6.150000000,center_after_minus_a1,0.000000000,2048,113872147234865,113872148141331
616,6.160000000,center_after_minus_a1,0.000000000,2048,113872157235800,113872158136727
617,6.170000000,center_after_minus_a1,0.000000000,2048,113872167229010,113872168139435
618,6.180000000,center_after_minus_a1,0.000000000,2048,113872177232705,113872178134887
619,6.190000000,center_after_minus_a1,0.000000000,2048,113872187243518,113872188139843
620,6.200000000,center_after_minus_a1,0.000000000,2048,113872197224788,113872198195115
621,6.210000000,center_after_minus_a1,0.000000000,2048,113872207234820,113872208154547
622,6.220000000,center_after_minus_a1,0.000000000,2048,113872217237784,113872218193639
623,6.230000000,center_after_minus_a1,0.000000000,2048,113872227174859,113872228151251
624,6.240000000,center_after_minus_a1,0.000000000,2048,113872237232933,113872238119358
625,6.250000000,center_after_minus_a1,0.000000000,2048,113872247173023,113872248145025
626,6.260000000,center_after_minus_a1,0.000000000,2048,113872257153870,113872258126339
627,6.270000000,center_after_minus_a1,0.000000000,2048,113872267225024,113872268142073
628,6.280000000,center_after_minus_a1,0.000000000,2048,113872277226409,113872278159018
629,6.290000000,center_after_minus_a1,0.000000000,2048,113872287225069,113872288153214
630,6.300000000,center_after_minus_a1,0.000000000,2048,113872297226846,113872298192441
631,6.310000000,center_after_minus_a1,0.000000000,2048,113872307227276,113872308163731
632,6.320000000,center_after_minus_a1,0.000000000,2048,113872317231737,113872318164460
633,6.330000000,center_after_minus_a1,0.000000000,2048,113872327173563,113872328136890
634,6.340000000,center_after_minus_a1,0.000000000,2048,113872337228407,113872338121231
635,6.350000000,center_after_minus_a1,0.000000000,2048,113872347228251,113872348117481
636,6.360000000,center_after_minus_a1,0.000000000,2048,113872357229226,113872358118659
637,6.370000000,center_after_minus_a1,0.000000000,2048,113872367244812,113872368148371
638,6.380000000,center_after_minus_a1,0.000000000,2048,113872377245028,113872378119940
639,6.390000000,center_after_minus_a1,0.000000000,2048,113872387237619,113872388126283
640,6.400000000,center_after_minus_a1,0.000000000,2048,113872397228366,113872398119753
641,6.410000000,center_after_minus_a1,0.000000000,2048,113872407234527,113872408119281
642,6.420000000,center_after_minus_a1,0.000000000,2048,113872417225059,113872418117111
643,6.430000000,center_after_minus_a1,0.000000000,2048,113872427162093,113872428121460
644,6.440000000,center_after_minus_a1,0.000000000,2048,113872437224803,113872438141812
645,6.450000000,center_after_minus_a1,0.000000000,2048,113872447236003,113872448125838
646,6.460000000,center_after_minus_a1,0.000000000,2048,113872457227689,113872458121688
647,6.470000000,center_after_minus_a1,0.000000000,2048,113872467227962,113872468119416
648,6.480000000,center_after_minus_a1,0.000000000,2048,113872477229486,113872478132179
649,6.490000000,center_after_minus_a1,0.000000000,2048,113872487224824,113872488119751
650,6.500000000,center_after_minus_a1,0.000000000,2048,113872497227235,113872498119215
651,6.510000000,center_after_minus_a1,0.000000000,2048,113872507228541,113872508133021
652,6.520000000,center_after_minus_a1,0.000000000,2048,113872517231942,113872518122018
653,6.530000000,center_after_minus_a1,0.000000000,2048,113872527154075,113872528096916
654,6.540000000,center_after_minus_a1,0.000000000,2048,113872537224307,113872538123835
655,6.550000000,center_after_minus_a1,0.000000000,2048,113872547227251,113872548116478
656,6.560000000,center_after_minus_a1,0.000000000,2048,113872557230823,113872558115385
657,6.570000000,center_after_minus_a1,0.000000000,2048,113872567229811,113872568118476
658,6.580000000,center_after_minus_a1,0.000000000,2048,113872577231004,113872578127153
659,6.590000000,center_after_minus_a1,0.000000000,2048,113872587231911,113872588149015
660,6.600000000,center_after_minus_a1,0.000000000,2048,113872597156349,113872598093395
661,6.610000000,center_after_minus_a1,0.000000000,2048,113872607155992,113872608160402
662,6.620000000,center_after_minus_a1,0.000000000,2048,113872617157934,113872618108381
663,6.630000000,center_after_minus_a1,0.000000000,2048,113872627154275,113872628108121
664,6.640000000,center_after_minus_a1,0.000000000,2048,113872637151637,113872638172228
665,6.650000000,center_after_minus_a1,0.000000000,2048,113872647153150,113872648112597
666,6.660000000,center_after_minus_a1,0.000000000,2048,113872657150981,113872658108478
667,6.670000000,center_after_minus_a1,0.000000000,2048,113872667150309,113872668098938
668,6.680000000,center_after_minus_a1,0.000000000,2048,113872677153941,113872678095483
669,6.690000000,center_after_minus_a1,0.000000000,2048,113872687159918,113872688116855
670,6.700000000,center_after_minus_a1,0.000000000,2048,113872697153941,113872698099498
671,6.710000000,center_after_minus_a1,0.000000000,2048,113872707153619,113872708102359
672,6.720000000,center_after_minus_a1,0.000000000,2048,113872717150465,113872718102475
673,6.730000000,center_after_minus_a1,0.000000000,2048,113872727142161,113872728112292
674,6.740000000,center_after_minus_a1,0.000000000,2048,113872737223652,113872738091260
675,6.750000000,center_after_minus_a1,0.000000000,2048,113872747231864,113872748114675
676,6.760000000,center_after_minus_a1,0.000000000,2048,113872757225448,113872758097011
677,6.770000000,center_after_minus_a1,0.000000000,2048,113872767238495,113872768115795
678,6.780000000,center_after_minus_a1,0.000000000,2048,113872777225295,113872778122844
679,6.790000000,center_after_minus_a1,0.000000000,2048,113872787237578,113872788136181
680,6.800000000,center_after_minus_a1,0.000000000,2048,113872797224724,113872798074269
681,6.810000000,center_after_minus_a1,0.000000000,2048,113872807149572,113872808129112
682,6.820000000,center_after_minus_a1,0.000000000,2048,113872817159674,113872818099104
683,6.830000000,center_after_minus_a1,0.000000000,2048,113872827151623,113872828088360
684,6.840000000,center_after_minus_a1,0.000000000,2048,113872837151353,113872838183120
685,6.850000000,center_after_minus_a1,0.000000000,2048,113872847153097,113872848086493
686,6.860000000,center_after_minus_a1,0.000000000,2048,113872857150228,113872858086248
687,6.870000000,center_after_minus_a1,0.000000000,2048,113872867150777,113872868084753
688,6.880000000,center_after_minus_a1,0.000000000,2048,113872877149209,113872878087707
689,6.890000000,center_after_minus_a1,0.000000000,2048,113872887150832,113872888083454
690,6.900000000,center_after_minus_a1,0.000000000,2048,113872897149175,113872898090083
691,6.910000000,center_after_minus_a1,0.000000000,2048,113872907153278,113872908084766
692,6.920000000,center_after_minus_a1,0.000000000,2048,113872917150607,113872918109124
693,6.930000000,center_after_minus_a1,0.000000000,2048,113872927157070,113872928113530
694,6.940000000,center_after_minus_a1,0.000000000,2048,113872937152309,113872938084795
695,6.950000000,center_after_minus_a1,0.000000000,2048,113872947150614,113872948104865
696,6.960000000,center_after_minus_a1,0.000000000,2048,113872957149686,113872958097941
697,6.970000000,center_after_minus_a1,0.000000000,2048,113872967150161,113872968090239
698,6.980000000,center_after_minus_a1,0.000000000,2048,113872977153719,113872978066545
699,6.990000000,center_after_minus_a1,0.000000000,2048,113872987148107,113872988082231
700,7.000000000,center_after_minus_a1,0.000000000,2048,113872997150350,113872998080099
701,7.010000000,center_after_minus_a1,0.000000000,2048,113873007162259,113873008101994
702,7.020000000,center_after_minus_a1,0.000000000,2048,113873017152425,113873018082602
703,7.030000000,center_after_minus_a1,0.000000000,2048,113873027150740,113873028081723
704,7.040000000,center_after_minus_a1,0.000000000,2048,113873037150408,113873038091385
705,7.050000000,center_after_minus_a1,0.000000000,2048,113873047156007,113873048092065
706,7.060000000,center_after_minus_a1,0.000000000,2048,113873057150486,113873058100825
707,7.070000000,center_after_minus_a1,0.000000000,2048,113873067155187,113873068078634
708,7.080000000,center_after_minus_a1,0.000000000,2048,113873077228211,113873078117019
709,7.090000000,center_after_minus_a1,0.000000000,2048,113873087224973,113873088097986
710,7.100000000,center_after_minus_a1,0.000000000,2048,113873097230607,113873098148911
711,7.110000000,center_after_minus_a1,0.000000000,2048,113873107227582,113873108092228
712,7.120000000,center_after_minus_a1,0.000000000,2048,113873117230670,113873118095522
713,7.130000000,center_after_minus_a1,0.000000000,2048,113873127161809,113873128105169
714,7.140000000,center_after_minus_a1,0.000000000,2048,113873137231445,113873138097777
715,7.150000000,center_after_minus_a1,0.000000000,2048,113873147174742,113873148089462
716,7.160000000,center_after_minus_a1,0.000000000,2048,113873157228442,113873158104086
717,7.170000000,center_after_minus_a1,0.000000000,2048,113873167227634,113873168084535
718,7.180000000,center_after_minus_a1,0.000000000,2048,113873177231656,113873178084983
719,7.190000000,center_after_minus_a1,0.000000000,2048,113873187225777,113873188101801
720,7.200000000,center_after_minus_a1,0.000000000,2048,113873197223357,113873198069768
721,7.210000000,center_after_minus_a1,0.000000000,2048,113873207225876,113873208079738
722,7.220000000,center_after_minus_a1,0.000000000,2048,113873217234963,113873218081939
723,7.230000000,center_after_minus_a1,0.000000000,2048,113873227161431,113873228095259
724,7.240000000,center_after_minus_a1,0.000000000,2048,113873237153627,113873238075915
725,7.250000000,center_after_minus_a1,0.000000000,2048,113873247150251,113873248069001
726,7.260000000,center_after_minus_a1,0.000000000,2048,113873257151182,113873258067489
727,7.270000000,center_after_minus_a1,0.000000000,2048,113873267151319,113873268060752
728,7.280000000,center_after_minus_a1,0.000000000,2048,113873277150436,113873278062027
729,7.290000000,center_after_minus_a1,0.000000000,2048,113873287229502,113873288077985
730,7.300000000,center_after_minus_a1,0.000000000,2048,113873297158070,113873298087704
731,7.310000000,center_after_minus_a1,0.000000000,2048,113873307232170,113873308206989
732,7.320000000,center_after_minus_a1,0.000000000,2048,113873317164486,113873318087920
733,7.330000000,center_after_minus_a1,0.000000000,2048,113873327154201,113873328084702
734,7.340000000,center_after_minus_a1,0.000000000,2048,113873337152868,113873338069131
735,7.350000000,center_after_minus_a1,0.000000000,2048,113873347155023,113873348069946
736,7.360000000,center_after_minus_a1,0.000000000,2048,113873357150606,113873358075588
737,7.370000000,center_after_minus_a1,0.000000000,2048,113873367151257,113873368095895
738,7.380000000,center_after_minus_a1,0.000000000,2048,113873377150353,113873378072256
739,7.390000000,center_after_minus_a1,0.000000000,2048,113873387151826,113873388039276
740,7.400000000,center_after_minus_a1,0.000000000,2048,113873397150055,113873398071740
741,7.410000000,center_after_minus_a1,0.000000000,2048,113873407152589,113873408073190
742,7.420000000,center_after_minus_a1,0.000000000,2048,113873417153024,113873418068431
743,7.430000000,center_after_minus_a1,0.000000000,2048,113873427154277,113873428081756
744,7.440000000,center_after_minus_a1,0.000000000,2048,113873437152503,113873438076318
745,7.450000000,center_after_minus_a1,0.000000000,2048,113873447156969,113873448073605
746,7.460000000,center_after_minus_a1,0.000000000,2048,113873457152757,113873458072770
747,7.470000000,center_after_minus_a1,0.000000000,2048,113873467151572,113873468066183
748,7.480000000,center_after_minus_a1,0.000000000,2048,113873477152392,113873478067332
749,7.490000000,center_after_minus_a1,0.000000000,2048,113873487157168,113873488067277
750,7.500000000,plus_a2,0.070000000,2002,113873497151142,113873498065862
751,7.510000000,plus_a2,0.070000000,2002,113873507151643,113873508049801
752,7.520000000,plus_a2,0.070000000,2002,113873517154534,113873518090268
753,7.530000000,plus_a2,0.070000000,2002,113873527152980,113873528070576
754,7.540000000,plus_a2,0.070000000,2002,113873537150766,113873538068730
755,7.550000000,plus_a2,0.070000000,2002,113873547150758,113873548155222
756,7.560000000,plus_a2,0.070000000,2002,113873557144732,113873558035170
757,7.570000000,plus_a2,0.070000000,2002,113873567145445,113873568038488
758,7.580000000,plus_a2,0.070000000,2002,113873577152841,113873578035509
759,7.590000000,plus_a2,0.070000000,2002,113873587153704,113873588079823
760,7.600000000,plus_a2,0.070000000,2002,113873597151212,113873598051742
761,7.610000000,plus_a2,0.070000000,2002,113873607155152,113873608098596
762,7.620000000,plus_a2,0.070000000,2002,113873617154091,113873618056413
763,7.630000000,plus_a2,0.070000000,2002,113873627153179,113873628057802
764,7.640000000,plus_a2,0.070000000,2002,113873637152544,113873638043756
765,7.650000000,plus_a2,0.070000000,2002,113873647151099,113873648050829
766,7.660000000,plus_a2,0.070000000,2002,113873657152600,113873658052769
767,7.670000000,plus_a2,0.070000000,2002,113873667151864,113873668051210
768,7.680000000,plus_a2,0.070000000,2002,113873677151985,113873678042276
769,7.690000000,plus_a2,0.070000000,2002,113873687150419,113873688051174
770,7.700000000,plus_a2,0.070000000,2002,113873697155043,113873698109564
771,7.710000000,plus_a2,0.070000000,2002,113873707152743,113873708037295
772,7.720000000,plus_a2,0.070000000,2002,113873717152857,113873718056224
773,7.730000000,plus_a2,0.070000000,2002,113873727153075,113873728053739
774,7.740000000,plus_a2,0.070000000,2002,113873737153470,113873738047303
775,7.750000000,plus_a2,0.070000000,2002,113873747151320,113873748078439
776,7.760000000,plus_a2,0.070000000,2002,113873757149898,113873758117570
777,7.770000000,plus_a2,0.070000000,2002,113873767150835,113873768107617
778,7.780000000,plus_a2,0.070000000,2002,113873777152210,113873778108947
779,7.790000000,plus_a2,0.070000000,2002,113873787150633,113873788107007
780,7.800000000,plus_a2,0.070000000,2002,113873797150868,113873798112093
781,7.810000000,plus_a2,0.070000000,2002,113873807151411,113873808046949
782,7.820000000,plus_a2,0.070000000,2002,113873817153929,113873818116764
783,7.830000000,plus_a2,0.070000000,2002,113873827153380,113873828058603
784,7.840000000,plus_a2,0.070000000,2002,113873837152983,113873838065669
785,7.850000000,plus_a2,0.070000000,2002,113873847149708,113873848048338
786,7.860000000,plus_a2,0.070000000,2002,113873857150711,113873858047137
787,7.870000000,plus_a2,0.070000000,2002,113873867154541,113873868197747
788,7.880000000,plus_a2,0.070000000,2002,113873877175088,113873878072241
789,7.890000000,plus_a2,0.070000000,2002,113873887231199,113873888061342
790,7.900000000,plus_a2,0.070000000,2002,113873897231902,113873898072257
791,7.910000000,plus_a2,0.070000000,2002,113873907247351,113873908053257
792,7.920000000,plus_a2,0.070000000,2002,113873917152499,113873918041376
793,7.930000000,plus_a2,0.070000000,2002,113873927151288,113873928099921
794,7.940000000,plus_a2,0.070000000,2002,113873937152423,113873938049897
795,7.950000000,plus_a2,0.070000000,2002,113873947151062,113873948076209
796,7.960000000,plus_a2,0.070000000,2002,113873957157859,113873958070890
797,7.970000000,plus_a2,0.070000000,2002,113873967143717,113873968013216
798,7.980000000,plus_a2,0.070000000,2002,113873977149039,113873978037138
799,7.990000000,plus_a2,0.070000000,2002,113873987153178,113873988065484
800,8.000000000,plus_a2,0.070000000,2002,113873997150876,113873998041186
801,8.010000000,plus_a2,0.070000000,2002,113874007149916,113874008036124
802,8.020000000,plus_a2,0.070000000,2002,113874017151363,113874018043835
803,8.030000000,plus_a2,0.070000000,2002,113874027151194,113874028042657
804,8.040000000,plus_a2,0.070000000,2002,113874037238970,113874038100938
805,8.050000000,plus_a2,0.070000000,2002,113874047155954,113874048040891
806,8.060000000,plus_a2,0.070000000,2002,113874057149849,113874058038760
807,8.070000000,plus_a2,0.070000000,2002,113874067156130,113874068037501
808,8.080000000,plus_a2,0.070000000,2002,113874077151262,113874078036381
809,8.090000000,plus_a2,0.070000000,2002,113874087152266,113874088037592
810,8.100000000,plus_a2,0.070000000,2002,113874097158160,113874098039747
811,8.110000000,plus_a2,0.070000000,2002,113874107153866,113874108046066
812,8.120000000,plus_a2,0.070000000,2002,113874117152165,113874118036297
813,8.130000000,plus_a2,0.070000000,2002,113874127151420,113874128039393
814,8.140000000,plus_a2,0.070000000,2002,113874137149986,113874138034825
815,8.150000000,plus_a2,0.070000000,2002,113874147158535,113874148056992
816,8.160000000,plus_a2,0.070000000,2002,113874157153490,113874158037839
817,8.170000000,plus_a2,0.070000000,2002,113874167152552,113874168046831
818,8.180000000,plus_a2,0.070000000,2002,113874177159584,113874178043553
819,8.190000000,plus_a2,0.070000000,2002,113874187150742,113874188034422
820,8.200000000,plus_a2,0.070000000,2002,113874197153089,113874198043490
821,8.210000000,plus_a2,0.070000000,2002,113874207153412,113874208061551
822,8.220000000,plus_a2,0.070000000,2002,113874217149892,113874218011775
823,8.230000000,plus_a2,0.070000000,2002,113874227168417,113874228054213
824,8.240000000,plus_a2,0.070000000,2002,113874237149673,113874238034930
825,8.250000000,plus_a2,0.070000000,2002,113874247153481,113874248035503
826,8.260000000,plus_a2,0.070000000,2002,113874257152508,113874258039666
827,8.270000000,plus_a2,0.070000000,2002,113874267151696,113874268036572
828,8.280000000,plus_a2,0.070000000,2002,113874277156336,113874278033441
829,8.290000000,plus_a2,0.070000000,2002,113874287150800,113874288033992
830,8.300000000,plus_a2,0.070000000,2002,113874297163680,113874298041531
831,8.310000000,plus_a2,0.070000000,2002,113874307158168,113874308042109
832,8.320000000,plus_a2,0.070000000,2002,113874317149230,113874318037247
833,8.330000000,plus_a2,0.070000000,2002,113874327153646,113874328041010
834,8.340000000,plus_a2,0.070000000,2002,113874337151922,113874338034539
835,8.350000000,plus_a2,0.070000000,2002,113874347151135,113874348037026
836,8.360000000,plus_a2,0.070000000,2002,113874357151640,113874358034855
837,8.370000000,plus_a2,0.070000000,2002,113874367156526,113874368044539
838,8.380000000,plus_a2,0.070000000,2002,113874377151414,113874378037535
839,8.390000000,plus_a2,0.070000000,2002,113874387148701,113874388027876
840,8.400000000,plus_a2,0.070000000,2002,113874397156466,113874398021292
841,8.410000000,plus_a2,0.070000000,2002,113874407151915,113874408014516
842,8.420000000,plus_a2,0.070000000,2002,113874417150813,113874418012195
843,8.430000000,plus_a2,0.070000000,2002,113874427152847,113874428042234
844,8.440000000,plus_a2,0.070000000,2002,113874437151155,113874437998627
845,8.450000000,plus_a2,0.070000000,2002,113874447157177,113874448018778
846,8.460000000,plus_a2,0.070000000,2002,113874457151119,113874458082512
847,8.470000000,plus_a2,0.070000000,2002,113874467151562,113874468085977
848,8.480000000,plus_a2,0.070000000,2002,113874477150088,113874478087346
849,8.490000000,plus_a2,0.070000000,2002,113874487150844,113874488084499
850,8.500000000,plus_a2,0.070000000,2002,113874497151015,113874498082453
851,8.510000000,plus_a2,0.070000000,2002,113874507152090,113874508076652
852,8.520000000,plus_a2,0.070000000,2002,113874517152901,113874518083707
853,8.530000000,plus_a2,0.070000000,2002,113874527152636,113874528083952
854,8.540000000,plus_a2,0.070000000,2002,113874537151804,113874538080925
855,8.550000000,plus_a2,0.070000000,2002,113874547150445,113874548086874
856,8.560000000,plus_a2,0.070000000,2002,113874557149002,113874558082987
857,8.570000000,plus_a2,0.070000000,2002,113874567151265,113874567998428
858,8.580000000,plus_a2,0.070000000,2002,113874577149803,113874577999113
859,8.590000000,plus_a2,0.070000000,2002,113874587155731,113874587996379
860,8.600000000,plus_a2,0.070000000,2002,113874597173205,113874598046118
861,8.610000000,plus_a2,0.070000000,2002,113874607163674,113874608026356
862,8.620000000,plus_a2,0.070000000,2002,113874617154196,113874617999951
863,8.630000000,plus_a2,0.070000000,2002,113874627153656,113874628013364
864,8.640000000,plus_a2,0.070000000,2002,113874637152069,113874637996281
865,8.650000000,plus_a2,0.070000000,2002,113874647159764,113874648025553
866,8.660000000,plus_a2,0.070000000,2002,113874657148415,113874657985534
867,8.670000000,plus_a2,0.070000000,2002,113874667149554,113874667978485
868,8.680000000,plus_a2,0.070000000,2002,113874677143939,113874677981824
869,8.690000000,plus_a2,0.070000000,2002,113874687150055,113874687996334
870,8.700000000,plus_a2,0.070000000,2002,113874697153304,113874697999269
871,8.710000000,plus_a2,0.070000000,2002,113874707154328,113874708018670
872,8.720000000,plus_a2,0.070000000,2002,113874717152397,113874717998162
873,8.730000000,plus_a2,0.070000000,2002,113874727159985,113874728029003
874,8.740000000,plus_a2,0.070000000,2002,113874737151912,113874737976117
875,8.750000000,plus_a2,0.070000000,2002,113874747155623,113874748041646
876,8.760000000,plus_a2,0.070000000,2002,113874757154501,113874758014384
877,8.770000000,plus_a2,0.070000000,2002,113874767151316,113874767999236
878,8.780000000,plus_a2,0.070000000,2002,113874777149967,113874778010974
879,8.790000000,plus_a2,0.070000000,2002,113874787151639,113874787999464
880,8.800000000,plus_a2,0.070000000,2002,113874797152290,113874797998852
881,8.810000000,plus_a2,0.070000000,2002,113874807157506,113874808024513
882,8.820000000,plus_a2,0.070000000,2002,113874817151717,113874817980214
883,8.830000000,plus_a2,0.070000000,2002,113874827154920,113874828020571
884,8.840000000,plus_a2,0.070000000,2002,113874837152333,113874837986803
885,8.850000000,plus_a2,0.070000000,2002,113874847151493,113874848021248
886,8.860000000,plus_a2,0.070000000,2002,113874857153071,113874858018811
887,8.870000000,plus_a2,0.070000000,2002,113874867150831,113874867989721
888,8.880000000,plus_a2,0.070000000,2002,113874877152641,113874877990824
889,8.890000000,plus_a2,0.070000000,2002,113874887151086,113874887989927
890,8.900000000,plus_a2,0.070000000,2002,113874897150539,113874897986619
891,8.910000000,plus_a2,0.070000000,2002,113874907150284,113874907987074
892,8.920000000,plus_a2,0.070000000,2002,113874917150266,113874917986058
893,8.930000000,plus_a2,0.070000000,2002,113874927149459,113874927983018
894,8.940000000,plus_a2,0.070000000,2002,113874937149748,113874937982445
895,8.950000000,plus_a2,0.070000000,2002,113874947161755,113874948030422
896,8.960000000,plus_a2,0.070000000,2002,113874957155310,113874957967303
897,8.970000000,plus_a2,0.070000000,2002,113874967145433,113874967945028
898,8.980000000,plus_a2,0.070000000,2002,113874977147426,113874977970428
899,8.990000000,plus_a2,0.070000000,2002,113874987165035,113874988025534
900,9.000000000,center_after_plus_a2,0.000000000,2048,113874997153545,113874997985030
901,9.010000000,center_after_plus_a2,0.000000000,2048,113875007155746,113875007995700
902,9.020000000,center_after_plus_a2,0.000000000,2048,113875017150929,113875017985179
903,9.030000000,center_after_plus_a2,0.000000000,2048,113875027154216,113875027981735
904,9.040000000,center_after_plus_a2,0.000000000,2048,113875037151209,113875037974505
905,9.050000000,center_after_plus_a2,0.000000000,2048,113875047157801,113875047989196
906,9.060000000,center_after_plus_a2,0.000000000,2048,113875057148044,113875057954929
907,9.070000000,center_after_plus_a2,0.000000000,2048,113875067142103,113875067955395
908,9.080000000,center_after_plus_a2,0.000000000,2048,113875077151488,113875077968900
909,9.090000000,center_after_plus_a2,0.000000000,2048,113875087151698,113875087977158
910,9.100000000,center_after_plus_a2,0.000000000,2048,113875097151167,113875098006207
911,9.110000000,center_after_plus_a2,0.000000000,2048,113875107150433,113875107997153
912,9.120000000,center_after_plus_a2,0.000000000,2048,113875117161025,113875117990156
913,9.130000000,center_after_plus_a2,0.000000000,2048,113875127151888,113875127975205
914,9.140000000,center_after_plus_a2,0.000000000,2048,113875137150495,113875137974124
915,9.150000000,center_after_plus_a2,0.000000000,2048,113875147150846,113875148052439
916,9.160000000,center_after_plus_a2,0.000000000,2048,113875157150986,113875158216202
917,9.170000000,center_after_plus_a2,0.000000000,2048,113875167230503,113875168179257
918,9.180000000,center_after_plus_a2,0.000000000,2048,113875177173541,113875178172879
919,9.190000000,center_after_plus_a2,0.000000000,2048,113875187179936,113875188198845
920,9.200000000,center_after_plus_a2,0.000000000,2048,113875197174825,113875198197796
921,9.210000000,center_after_plus_a2,0.000000000,2048,113875207162141,113875208078981
922,9.220000000,center_after_plus_a2,0.000000000,2048,113875217157512,113875218073103
923,9.230000000,center_after_plus_a2,0.000000000,2048,113875227154447,113875228059270
924,9.240000000,center_after_plus_a2,0.000000000,2048,113875237151308,113875238037027
925,9.250000000,center_after_plus_a2,0.000000000,2048,113875247151874,113875248069822
926,9.260000000,center_after_plus_a2,0.000000000,2048,113875257160204,113875258046884
927,9.270000000,center_after_plus_a2,0.000000000,2048,113875267168954,113875267967257
928,9.280000000,center_after_plus_a2,0.000000000,2048,113875277152454,113875277979413
929,9.290000000,center_after_plus_a2,0.000000000,2048,113875287152222,113875287953635
930,9.300000000,center_after_plus_a2,0.000000000,2048,113875297226663,113875297993889
931,9.310000000,center_after_plus_a2,0.000000000,2048,113875307175963,113875307973407
932,9.320000000,center_after_plus_a2,0.000000000,2048,113875317154762,113875317960001
933,9.330000000,center_after_plus_a2,0.000000000,2048,113875327154949,113875327964175
934,9.340000000,center_after_plus_a2,0.000000000,2048,113875337237913,113875337992294
935,9.350000000,center_after_plus_a2,0.000000000,2048,113875347167522,113875347978062
936,9.360000000,center_after_plus_a2,0.000000000,2048,113875357170834,113875357972603
937,9.370000000,center_after_plus_a2,0.000000000,2048,113875367151330,113875367958241
938,9.380000000,center_after_plus_a2,0.000000000,2048,113875377173604,113875377968244
939,9.390000000,center_after_plus_a2,0.000000000,2048,113875387155171,113875387958714
940,9.400000000,center_after_plus_a2,0.000000000,2048,113875397171926,113875397969917
941,9.410000000,center_after_plus_a2,0.000000000,2048,113875407160915,113875407969921
942,9.420000000,center_after_plus_a2,0.000000000,2048,113875417154683,113875417958083
943,9.430000000,center_after_plus_a2,0.000000000,2048,113875427155685,113875427965594
944,9.440000000,center_after_plus_a2,0.000000000,2048,113875437153634,113875437965197
945,9.450000000,center_after_plus_a2,0.000000000,2048,113875447170259,113875448017131
946,9.460000000,center_after_plus_a2,0.000000000,2048,113875457145235,113875457985635
947,9.470000000,center_after_plus_a2,0.000000000,2048,113875467158909,113875467959945
948,9.480000000,center_after_plus_a2,0.000000000,2048,113875477153545,113875477959728
949,9.490000000,center_after_plus_a2,0.000000000,2048,113875487152150,113875487959670
950,9.500000000,center_after_plus_a2,0.000000000,2048,113875497151958,113875497962863
951,9.510000000,center_after_plus_a2,0.000000000,2048,113875507151212,113875507963618
952,9.520000000,center_after_plus_a2,0.000000000,2048,113875517150683,113875517968571
953,9.530000000,center_after_plus_a2,0.000000000,2048,113875527150412,113875527966238
954,9.540000000,center_after_plus_a2,0.000000000,2048,113875537150360,113875537964586
955,9.550000000,center_after_plus_a2,0.000000000,2048,113875547153398,113875547970698
956,9.560000000,center_after_plus_a2,0.000000000,2048,113875557151526,113875557964725
957,9.570000000,center_after_plus_a2,0.000000000,2048,113875567169230,113875567994277
958,9.580000000,center_after_plus_a2,0.000000000,2048,113875577157358,113875577972860
959,9.590000000,center_after_plus_a2,0.000000000,2048,113875587155405,113875587938511
960,9.600000000,center_after_plus_a2,0.000000000,2048,113875597157101,113875597967845
961,9.610000000,center_after_plus_a2,0.000000000,2048,113875607159746,113875607968615
962,9.620000000,center_after_plus_a2,0.000000000,2048,113875617152208,113875617956030
963,9.630000000,center_after_plus_a2,0.000000000,2048,113875627154799,113875627961036
964,9.640000000,center_after_plus_a2,0.000000000,2048,113875637150844,113875637955649
965,9.650000000,center_after_plus_a2,0.000000000,2048,113875647159451,113875647963473
966,9.660000000,center_after_plus_a2,0.000000000,2048,113875657156542,113875657944448
967,9.670000000,center_after_plus_a2,0.000000000,2048,113875667151751,113875667939742
968,9.680000000,center_after_plus_a2,0.000000000,2048,113875677150276,113875677934617
969,9.690000000,center_after_plus_a2,0.000000000,2048,113875687172260,113875687951166
970,9.700000000,center_after_plus_a2,0.000000000,2048,113875697174696,113875697977940
971,9.710000000,center_after_plus_a2,0.000000000,2048,113875707162802,113875707949558
972,9.720000000,center_after_plus_a2,0.000000000,2048,113875717153901,113875717959981
973,9.730000000,center_after_plus_a2,0.000000000,2048,113875727151357,113875727937689
974,9.740000000,center_after_plus_a2,0.000000000,2048,113875737152012,113875738027572
975,9.750000000,center_after_plus_a2,0.000000000,2048,113875747154402,113875748031101
976,9.760000000,center_after_plus_a2,0.000000000,2048,113875757151848,113875757977416
977,9.770000000,center_after_plus_a2,0.000000000,2048,113875767152767,113875768042748
978,9.780000000,center_after_plus_a2,0.000000000,2048,113875777152533,113875778014330
979,9.790000000,center_after_plus_a2,0.000000000,2048,113875787151490,113875788023770
980,9.800000000,center_after_plus_a2,0.000000000,2048,113875797151128,113875798133752
981,9.810000000,center_after_plus_a2,0.000000000,2048,113875807163078,113875808037580
982,9.820000000,center_after_plus_a2,0.000000000,2048,113875817154112,113875818011577
983,9.830000000,center_after_plus_a2,0.000000000,2048,113875827159916,113875828041218
984,9.840000000,center_after_plus_a2,0.000000000,2048,113875837154155,113875838023754
985,9.850000000,center_after_plus_a2,0.000000000,2048,113875847152494,113875848020292
986,9.860000000,center_after_plus_a2,0.000000000,2048,113875857152140,113875858014255
987,9.870000000,center_after_plus_a2,0.000000000,2048,113875867144004,113875867938397
988,9.880000000,center_after_plus_a2,0.000000000,2048,113875877151999,113875877982575
989,9.890000000,center_after_plus_a2,0.000000000,2048,113875887149417,113875887912626
990,9.900000000,center_after_plus_a2,0.000000000,2048,113875897148997,113875897929934
991,9.910000000,center_after_plus_a2,0.000000000,2048,113875907151455,113875907946252
992,9.920000000,center_after_plus_a2,0.000000000,2048,113875917151296,113875917945348
993,9.930000000,center_after_plus_a2,0.000000000,2048,113875927152025,113875927943367
994,9.940000000,center_after_plus_a2,0.000000000,2048,113875937156385,113875937963830
995,9.950000000,center_after_plus_a2,0.000000000,2048,113875947152982,113875947944835
996,9.960000000,center_after_plus_a2,0.000000000,2048,113875957151400,113875957942015
997,9.970000000,center_after_plus_a2,0.000000000,2048,113875967150882,113875967941826
998,9.980000000,center_after_plus_a2,0.000000000,2048,113875977151416,113875977943920
999,9.990000000,center_after_plus_a2,0.000000000,2048,113875987152497,113875988045905
1000,10.000000000,center_after_plus_a2,0.000000000,2048,113875997154593,113875997944948
1001,10.010000000,center_after_plus_a2,0.000000000,2048,113876007145535,113876007907426
1002,10.020000000,center_after_plus_a2,0.000000000,2048,113876017156384,113876017921535
1003,10.030000000,center_after_plus_a2,0.000000000,2048,113876027150123,113876027945644
1004,10.040000000,center_after_plus_a2,0.000000000,2048,113876037173361,113876037976377
1005,10.050000000,center_after_plus_a2,0.000000000,2048,113876047151246,113876047926269
1006,10.060000000,center_after_plus_a2,0.000000000,2048,113876057145306,113876057890336
1007,10.070000000,center_after_plus_a2,0.000000000,2048,113876067144941,113876067898912
1008,10.080000000,center_after_plus_a2,0.000000000,2048,113876077150637,113876077943743
1009,10.090000000,center_after_plus_a2,0.000000000,2048,113876087151575,113876087917686
1010,10.100000000,center_after_plus_a2,0.000000000,2048,113876097186337,113876098027561
1011,10.110000000,center_after_plus_a2,0.000000000,2048,113876107151653,113876108011446
1012,10.120000000,center_after_plus_a2,0.000000000,2048,113876117163235,113876117969740
1013,10.130000000,center_after_plus_a2,0.000000000,2048,113876127154993,113876127931288
1014,10.140000000,center_after_plus_a2,0.000000000,2048,113876137151358,113876137910552
1015,10.150000000,center_after_plus_a2,0.000000000,2048,113876147151845,113876147939226
1016,10.160000000,center_after_plus_a2,0.000000000,2048,113876157151008,113876157985220
1017,10.170000000,center_after_plus_a2,0.000000000,2048,113876167150487,113876167980154
1018,10.180000000,center_after_plus_a2,0.000000000,2048,113876177157165,113876178025154
1019,10.190000000,center_after_plus_a2,0.000000000,2048,113876187151884,113876187975661
1020,10.200000000,center_after_plus_a2,0.000000000,2048,113876197149315,113876197975868
1021,10.210000000,center_after_plus_a2,0.000000000,2048,113876207150912,113876207974009
1022,10.220000000,center_after_plus_a2,0.000000000,2048,113876217148669,113876217978962
1023,10.230000000,center_after_plus_a2,0.000000000,2048,113876227155670,113876227960852
1024,10.240000000,center_after_plus_a2,0.000000000,2048,113876237143603,113876237877865
1025,10.250000000,center_after_plus_a2,0.000000000,2048,113876247145772,113876247905904
1026,10.260000000,center_after_plus_a2,0.000000000,2048,113876257150000,113876257909443
1027,10.270000000,center_after_plus_a2,0.000000000,2048,113876267150860,113876267918631
1028,10.280000000,center_after_plus_a2,0.000000000,2048,113876277150721,113876277914680
1029,10.290000000,center_after_plus_a2,0.000000000,2048,113876287151138,113876287986393
1030,10.300000000,center_after_plus_a2,0.000000000,2048,113876297151263,113876297945755
1031,10.310000000,center_after_plus_a2,0.000000000,2048,113876307156250,113876307933146
1032,10.320000000,center_after_plus_a2,0.000000000,2048,113876317152779,113876317916919
1033,10.330000000,center_after_plus_a2,0.000000000,2048,113876327144774,113876327933565
1034,10.340000000,center_after_plus_a2,0.000000000,2048,113876337143171,113876337879393
1035,10.350000000,center_after_plus_a2,0.000000000,2048,113876347141042,113876347942734
1036,10.360000000,center_after_plus_a2,0.000000000,2048,113876357145118,113876357961564
1037,10.370000000,center_after_plus_a2,0.000000000,2048,113876367149695,113876367984875
1038,10.380000000,center_after_plus_a2,0.000000000,2048,113876377151258,113876377983693
1039,10.390000000,center_after_plus_a2,0.000000000,2048,113876387153862,113876387984897
1040,10.400000000,center_after_plus_a2,0.000000000,2048,113876397156253,113876397988632
1041,10.410000000,center_after_plus_a2,0.000000000,2048,113876407150986,113876407978932
1042,10.420000000,center_after_plus_a2,0.000000000,2048,113876417154189,113876417979165
1043,10.430000000,center_after_plus_a2,0.000000000,2048,113876427151146,113876427923013
1044,10.440000000,center_after_plus_a2,0.000000000,2048,113876437148887,113876437967259
1045,10.450000000,center_after_plus_a2,0.000000000,2048,113876447150934,113876447921250
1046,10.460000000,center_after_plus_a2,0.000000000,2048,113876457151196,113876457916228
1047,10.470000000,center_after_plus_a2,0.000000000,2048,113876467151622,113876467921002
1048,10.480000000,center_after_plus_a2,0.000000000,2048,113876477150877,113876477918746
1049,10.490000000,center_after_plus_a2,0.000000000,2048,113876487150929,113876487894599
1050,10.500000000,minus_a2,-0.070000000,2094,113876497151241,113876497900755
1051,10.510000000,minus_a2,-0.070000000,2094,113876507153098,113876507921882
1052,10.520000000,minus_a2,-0.070000000,2094,113876517153062,113876517919985
1053,10.530000000,minus_a2,-0.070000000,2094,113876527150116,113876527898549
1054,10.540000000,minus_a2,-0.070000000,2094,113876537151323,113876537900785
1055,10.550000000,minus_a2,-0.070000000,2094,113876547151676,113876547905896
1056,10.560000000,minus_a2,-0.070000000,2094,113876557150125,113876557900278
1057,10.570000000,minus_a2,-0.070000000,2094,113876567150987,113876567900746
1058,10.580000000,minus_a2,-0.070000000,2094,113876577150603,113876577899830
1059,10.590000000,minus_a2,-0.070000000,2094,113876587150255,113876587899200
1060,10.600000000,minus_a2,-0.070000000,2094,113876597149976,113876597896119
1061,10.610000000,minus_a2,-0.070000000,2094,113876607150290,113876607896778
1062,10.620000000,minus_a2,-0.070000000,2094,113876617154826,113876617909724
1063,10.630000000,minus_a2,-0.070000000,2094,113876627151208,113876627904296
1064,10.640000000,minus_a2,-0.070000000,2094,113876637150564,113876637902333
1065,10.650000000,minus_a2,-0.070000000,2094,113876647150987,113876647904135
1066,10.660000000,minus_a2,-0.070000000,2094,113876657153874,113876657855327
1067,10.670000000,minus_a2,-0.070000000,2094,113876667145272,113876667871661
1068,10.680000000,minus_a2,-0.070000000,2094,113876677147413,113876677891921
1069,10.690000000,minus_a2,-0.070000000,2094,113876687150261,113876687899484
1070,10.700000000,minus_a2,-0.070000000,2094,113876697159460,113876697909655
1071,10.710000000,minus_a2,-0.070000000,2094,113876707154657,113876707911442
1072,10.720000000,minus_a2,-0.070000000,2094,113876717147747,113876717878331
1073,10.730000000,minus_a2,-0.070000000,2094,113876727151279,113876727888102
1074,10.740000000,minus_a2,-0.070000000,2094,113876737150759,113876737893107
1075,10.750000000,minus_a2,-0.070000000,2094,113876747150990,113876747898168
1076,10.760000000,minus_a2,-0.070000000,2094,113876757151538,113876757898571
1077,10.770000000,minus_a2,-0.070000000,2094,113876767150705,113876767900645
1078,10.780000000,minus_a2,-0.070000000,2094,113876777151335,113876777902266
1079,10.790000000,minus_a2,-0.070000000,2094,113876787149375,113876787897625
1080,10.800000000,minus_a2,-0.070000000,2094,113876797152676,113876797897386
1081,10.810000000,minus_a2,-0.070000000,2094,113876807177536,113876807908926
1082,10.820000000,minus_a2,-0.070000000,2094,113876817235107,113876817927604
1083,10.830000000,minus_a2,-0.070000000,2094,113876827175928,113876827915540
1084,10.840000000,minus_a2,-0.070000000,2094,113876837154124,113876837904495
1085,10.850000000,minus_a2,-0.070000000,2094,113876847159577,113876847903480
1086,10.860000000,minus_a2,-0.070000000,2094,113876857152641,113876857890426
1087,10.870000000,minus_a2,-0.070000000,2094,113876867163852,113876867901715
1088,10.880000000,minus_a2,-0.070000000,2094,113876877152073,113876877881121
1089,10.890000000,minus_a2,-0.070000000,2094,113876887153748,113876887897927
1090,10.900000000,minus_a2,-0.070000000,2094,113876897149557,113876897875016
1091,10.910000000,minus_a2,-0.070000000,2094,113876907163401,113876907889936
1092,10.920000000,minus_a2,-0.070000000,2094,113876917148622,113876917855973
1093,10.930000000,minus_a2,-0.070000000,2094,113876927148362,113876927858848
1094,10.940000000,minus_a2,-0.070000000,2094,113876937155213,113876937874745
1095,10.950000000,minus_a2,-0.070000000,2094,113876947152307,113876947875906
1096,10.960000000,minus_a2,-0.070000000,2094,113876957149880,113876957877450
1097,10.970000000,minus_a2,-0.070000000,2094,113876967152185,113876967874247
1098,10.980000000,minus_a2,-0.070000000,2094,113876977152608,113876977870597
1099,10.990000000,minus_a2,-0.070000000,2094,113876987153941,113876987874503
1100,11.000000000,minus_a2,-0.070000000,2094,113876997151780,113876997867776
1101,11.010000000,minus_a2,-0.070000000,2094,113877007153060,113877007944213
1102,11.020000000,minus_a2,-0.070000000,2094,113877017149140,113877017938451
1103,11.030000000,minus_a2,-0.070000000,2094,113877027156099,113877027888414
1104,11.040000000,minus_a2,-0.070000000,2094,113877037152404,113877037873171
1105,11.050000000,minus_a2,-0.070000000,2094,113877047156882,113877047857238
1106,11.060000000,minus_a2,-0.070000000,2094,113877057152567,113877057881031
1107,11.070000000,minus_a2,-0.070000000,2094,113877067151630,113877067875183
1108,11.080000000,minus_a2,-0.070000000,2094,113877077229888,113877077894899
1109,11.090000000,minus_a2,-0.070000000,2094,113877087176359,113877087903204
1110,11.100000000,minus_a2,-0.070000000,2094,113877097227667,113877097866356
1111,11.110000000,minus_a2,-0.070000000,2094,113877107229288,113877107859732
1112,11.120000000,minus_a2,-0.070000000,2094,113877117227098,113877117874963
1113,11.130000000,minus_a2,-0.070000000,2094,113877127161094,113877127894403
1114,11.140000000,minus_a2,-0.070000000,2094,113877137172222,113877137887679
1115,11.150000000,minus_a2,-0.070000000,2094,113877147153452,113877147875622
1116,11.160000000,minus_a2,-0.070000000,2094,113877157150028,113877157873101
1117,11.170000000,minus_a2,-0.070000000,2094,113877167155239,113877167878550
1118,11.180000000,minus_a2,-0.070000000,2094,113877177151650,113877177891060
1119,11.190000000,minus_a2,-0.070000000,2094,113877187168415,113877187955032
1120,11.200000000,minus_a2,-0.070000000,2094,113877197156083,113877197939142
1121,11.210000000,minus_a2,-0.070000000,2094,113877207163960,113877207897964
1122,11.220000000,minus_a2,-0.070000000,2094,113877217231360,113877218080301
1123,11.230000000,minus_a2,-0.070000000,2094,113877227158461,113877227858594
1124,11.240000000,minus_a2,-0.070000000,2094,113877237230041,113877237891705
1125,11.250000000,minus_a2,-0.070000000,2094,113877247232697,113877247890223
1126,11.260000000,minus_a2,-0.070000000,2094,113877257234840,113877257890622
1127,11.270000000,minus_a2,-0.070000000,2094,113877267232462,113877267889004
1128,11.280000000,minus_a2,-0.070000000,2094,113877277237039,113877277906017
1129,11.290000000,minus_a2,-0.070000000,2094,113877287157703,113877287886377
1130,11.300000000,minus_a2,-0.070000000,2094,113877297153022,113877297826064
1131,11.310000000,minus_a2,-0.070000000,2094,113877307148032,113877307826552
1132,11.320000000,minus_a2,-0.070000000,2094,113877317148582,113877317869037
1133,11.330000000,minus_a2,-0.070000000,2094,113877327150900,113877327847638
1134,11.340000000,minus_a2,-0.070000000,2094,113877337164824,113877337867988
1135,11.350000000,minus_a2,-0.070000000,2094,113877347158158,113877347872578
1136,11.360000000,minus_a2,-0.070000000,2094,113877357152455,113877357860857
1137,11.370000000,minus_a2,-0.070000000,2094,113877367158958,113877367858790
1138,11.380000000,minus_a2,-0.070000000,2094,113877377152885,113877377865525
1139,11.390000000,minus_a2,-0.070000000,2094,113877387156298,113877387880346
1140,11.400000000,minus_a2,-0.070000000,2094,113877397158106,113877397874103
1141,11.410000000,minus_a2,-0.070000000,2094,113877407147540,113877407835372
1142,11.420000000,minus_a2,-0.070000000,2094,113877417167830,113877417836446
1143,11.430000000,minus_a2,-0.070000000,2094,113877427152611,113877427857377
1144,11.440000000,minus_a2,-0.070000000,2094,113877437150378,113877437852514
1145,11.450000000,minus_a2,-0.070000000,2094,113877447152429,113877447868585
1146,11.460000000,minus_a2,-0.070000000,2094,113877457151934,113877457859454
1147,11.470000000,minus_a2,-0.070000000,2094,113877467151498,113877467866837
1148,11.480000000,minus_a2,-0.070000000,2094,113877477151381,113877477860630
1149,11.490000000,minus_a2,-0.070000000,2094,113877487151347,113877487860678
1150,11.500000000,minus_a2,-0.070000000,2094,113877497150673,113877497860925
1151,11.510000000,minus_a2,-0.070000000,2094,113877507151329,113877507892774
1152,11.520000000,minus_a2,-0.070000000,2094,113877517153340,113877517863366
1153,11.530000000,minus_a2,-0.070000000,2094,113877527151241,113877527858903
1154,11.540000000,minus_a2,-0.070000000,2094,113877537150590,113877537859982
1155,11.550000000,minus_a2,-0.070000000,2094,113877547150598,113877547858745
1156,11.560000000,minus_a2,-0.070000000,2094,113877557151455,113877557858237
1157,11.570000000,minus_a2,-0.070000000,2094,113877567148438,113877567854701
1158,11.580000000,minus_a2,-0.070000000,2094,113877577150656,113877577859553
1159,11.590000000,minus_a2,-0.070000000,2094,113877587150946,113877587860757
1160,11.600000000,minus_a2,-0.070000000,2094,113877597150724,113877597859927
1161,11.610000000,minus_a2,-0.070000000,2094,113877607150423,113877607862655
1162,11.620000000,minus_a2,-0.070000000,2094,113877617142302,113877617811241
1163,11.630000000,minus_a2,-0.070000000,2094,113877627160963,113877627922843
1164,11.640000000,minus_a2,-0.070000000,2094,113877637243451,113877637914341
1165,11.650000000,minus_a2,-0.070000000,2094,113877647173763,113877648080060
1166,11.660000000,minus_a2,-0.070000000,2094,113877657232898,113877658063839
1167,11.670000000,minus_a2,-0.070000000,2094,113877667237288,113877668066930
1168,11.680000000,minus_a2,-0.070000000,2094,113877677226845,113877678086945
1169,11.690000000,minus_a2,-0.070000000,2094,113877687225416,113877688066253
1170,11.700000000,minus_a2,-0.070000000,2094,113877697229023,113877698069196
1171,11.710000000,minus_a2,-0.070000000,2094,113877707183777,113877707926022
1172,11.720000000,minus_a2,-0.070000000,2094,113877717233520,113877718063299
1173,11.730000000,minus_a2,-0.070000000,2094,113877727176282,113877727942693
1174,11.740000000,minus_a2,-0.070000000,2094,113877737231052,113877737944153
1175,11.750000000,minus_a2,-0.070000000,2094,113877747232714,113877747937000
1176,11.760000000,minus_a2,-0.070000000,2094,113877757155180,113877757810602
1177,11.770000000,minus_a2,-0.070000000,2094,113877767147697,113877767792133
1178,11.780000000,minus_a2,-0.070000000,2094,113877777141282,113877777792303
1179,11.790000000,minus_a2,-0.070000000,2094,113877787143192,113877787797087
1180,11.800000000,minus_a2,-0.070000000,2094,113877797151892,113877797791222
1181,11.810000000,minus_a2,-0.070000000,2094,113877807150531,113877807791120
1182,11.820000000,minus_a2,-0.070000000,2094,113877817150063,113877817790556
1183,11.830000000,minus_a2,-0.070000000,2094,113877827148933,113877827790309
1184,11.840000000,minus_a2,-0.070000000,2094,113877837149111,113877837788266
1185,11.850000000,minus_a2,-0.070000000,2094,113877847145499,113877847794698
1186,11.860000000,minus_a2,-0.070000000,2094,113877857146295,113877857799294
1187,11.870000000,minus_a2,-0.070000000,2094,113877867152877,113877867791509
1188,11.880000000,minus_a2,-0.070000000,2094,113877877156998,113877877790191
1189,11.890000000,minus_a2,-0.070000000,2094,113877887148399,113877887798795
1190,11.900000000,minus_a2,-0.070000000,2094,113877897147784,113877897802368
1191,11.910000000,minus_a2,-0.070000000,2094,113877907155722,113877907802031
1192,11.920000000,minus_a2,-0.070000000,2094,113877917147208,113877917812387
1193,11.930000000,minus_a2,-0.070000000,2094,113877927146150,113877927819252
1194,11.940000000,minus_a2,-0.070000000,2094,113877937149809,113877937878936
1195,11.950000000,minus_a2,-0.070000000,2094,113877947152088,113877947804610
1196,11.960000000,minus_a2,-0.070000000,2094,113877957148247,113877957807966
1197,11.970000000,minus_a2,-0.070000000,2094,113877967144986,113877967812245
1198,11.980000000,minus_a2,-0.070000000,2094,113877977152575,113877977810856
1199,11.990000000,minus_a2,-0.070000000,2094,113877987147653,113877987815090
1200,12.000000000,center_after_minus_a2,0.000000000,2048,113877997148019,113877997834712
1201,12.010000000,center_after_minus_a2,0.000000000,2048,113878007150702,113878007823261
1202,12.020000000,center_after_minus_a2,0.000000000,2048,113878017159684,113878017824740
1203,12.030000000,center_after_minus_a2,0.000000000,2048,113878027153824,113878027804907
1204,12.040000000,center_after_minus_a2,0.000000000,2048,113878037153840,113878037822448
1205,12.050000000,center_after_minus_a2,0.000000000,2048,113878047156050,113878047815213
1206,12.060000000,center_after_minus_a2,0.000000000,2048,113878057142485,113878057800767
1207,12.070000000,center_after_minus_a2,0.000000000,2048,113878067148769,113878067803009
1208,12.080000000,center_after_minus_a2,0.000000000,2048,113878077147740,113878077804973
1209,12.090000000,center_after_minus_a2,0.000000000,2048,113878087146961,113878087802384
1210,12.100000000,center_after_minus_a2,0.000000000,2048,113878097145354,113878097801528
1211,12.110000000,center_after_minus_a2,0.000000000,2048,113878107170343,113878107805115
1212,12.120000000,center_after_minus_a2,0.000000000,2048,113878117143312,113878117808598
1213,12.130000000,center_after_minus_a2,0.000000000,2048,113878127150276,113878127813130
1214,12.140000000,center_after_minus_a2,0.000000000,2048,113878137146400,113878137804122
1215,12.150000000,center_after_minus_a2,0.000000000,2048,113878147153397,113878147823564
1216,12.160000000,center_after_minus_a2,0.000000000,2048,113878157154061,113878157825557
1217,12.170000000,center_after_minus_a2,0.000000000,2048,113878167147885,113878167796202
1218,12.180000000,center_after_minus_a2,0.000000000,2048,113878177171888,113878177808444
1219,12.190000000,center_after_minus_a2,0.000000000,2048,113878187149153,113878187798402
1220,12.200000000,center_after_minus_a2,0.000000000,2048,113878197159542,113878197818993
1221,12.210000000,center_after_minus_a2,0.000000000,2048,113878207151096,113878207797630
1222,12.220000000,center_after_minus_a2,0.000000000,2048,113878217144523,113878217784468
1223,12.230000000,center_after_minus_a2,0.000000000,2048,113878227148259,113878227796563
1224,12.240000000,center_after_minus_a2,0.000000000,2048,113878237153726,113878237793884
1225,12.250000000,center_after_minus_a2,0.000000000,2048,113878247157177,113878247824291
1226,12.260000000,center_after_minus_a2,0.000000000,2048,113878257172392,113878257808980
1227,12.270000000,center_after_minus_a2,0.000000000,2048,113878267153051,113878267793153
1228,12.280000000,center_after_minus_a2,0.000000000,2048,113878277167216,113878277812890
1229,12.290000000,center_after_minus_a2,0.000000000,2048,113878287147759,113878287801752
1230,12.300000000,center_after_minus_a2,0.000000000,2048,113878297152803,113878297816051
1231,12.310000000,center_after_minus_a2,0.000000000,2048,113878307168440,113878307799329
1232,12.320000000,center_after_minus_a2,0.000000000,2048,113878317144680,113878317786391
1233,12.330000000,center_after_minus_a2,0.000000000,2048,113878327157801,113878327811234
1234,12.340000000,center_after_minus_a2,0.000000000,2048,113878337148005,113878337797796
1235,12.350000000,center_after_minus_a2,0.000000000,2048,113878347153533,113878347827731
1236,12.360000000,center_after_minus_a2,0.000000000,2048,113878357151238,113878357800554
1237,12.370000000,center_after_minus_a2,0.000000000,2048,113878367145094,113878367793391
1238,12.380000000,center_after_minus_a2,0.000000000,2048,113878377168529,113878377817592
1239,12.390000000,center_after_minus_a2,0.000000000,2048,113878387148728,113878387792117
1240,12.400000000,center_after_minus_a2,0.000000000,2048,113878397153344,113878397809781
1241,12.410000000,center_after_minus_a2,0.000000000,2048,113878407157065,113878407804966
1242,12.420000000,center_after_minus_a2,0.000000000,2048,113878417148571,113878417795515
1243,12.430000000,center_after_minus_a2,0.000000000,2048,113878427159085,113878427825960
1244,12.440000000,center_after_minus_a2,0.000000000,2048,113878437153534,113878437802475
1245,12.450000000,center_after_minus_a2,0.000000000,2048,113878447167998,113878447842673
1246,12.460000000,center_after_minus_a2,0.000000000,2048,113878457156384,113878457810441
1247,12.470000000,center_after_minus_a2,0.000000000,2048,113878467145972,113878467807438
1248,12.480000000,center_after_minus_a2,0.000000000,2048,113878477170491,113878477823909
1249,12.490000000,center_after_minus_a2,0.000000000,2048,113878487153535,113878487803232
1250,12.500000000,center_after_minus_a2,0.000000000,2048,113878497157596,113878497839783
1251,12.510000000,center_after_minus_a2,0.000000000,2048,113878507167996,113878507814509
1252,12.520000000,center_after_minus_a2,0.000000000,2048,113878517153211,113878517812802
1253,12.530000000,center_after_minus_a2,0.000000000,2048,113878527158831,113878527822249
1254,12.540000000,center_after_minus_a2,0.000000000,2048,113878537155211,113878537810184
1255,12.550000000,center_after_minus_a2,0.000000000,2048,113878547162163,113878547835316
1256,12.560000000,center_after_minus_a2,0.000000000,2048,113878557163424,113878557815583
1257,12.570000000,center_after_minus_a2,0.000000000,2048,113878567153499,113878567799663
1258,12.580000000,center_after_minus_a2,0.000000000,2048,113878577169619,113878577822270
1259,12.590000000,center_after_minus_a2,0.000000000,2048,113878587149051,113878587797879
1260,12.600000000,center_after_minus_a2,0.000000000,2048,113878597149943,113878597829395
1261,12.610000000,center_after_minus_a2,0.000000000,2048,113878607159034,113878607789414
1262,12.620000000,center_after_minus_a2,0.000000000,2048,113878617147907,113878617791535
1263,12.630000000,center_after_minus_a2,0.000000000,2048,113878627158857,113878627801315
1264,12.640000000,center_after_minus_a2,0.000000000,2048,113878637147695,113878637782367
1265,12.650000000,center_after_minus_a2,0.000000000,2048,113878647152053,113878647818927
1266,12.660000000,center_after_minus_a2,0.000000000,2048,113878657156840,113878657794039
1267,12.670000000,center_after_minus_a2,0.000000000,2048,113878667151601,113878667793123
1268,12.680000000,center_after_minus_a2,0.000000000,2048,113878677154443,113878677798759
1269,12.690000000,center_after_minus_a2,0.000000000,2048,113878687151523,113878687777652
1270,12.700000000,center_after_minus_a2,0.000000000,2048,113878697158171,113878697815690
1271,12.710000000,center_after_minus_a2,0.000000000,2048,113878707154579,113878707788555
1272,12.720000000,center_after_minus_a2,0.000000000,2048,113878717161462,113878717795256
1273,12.730000000,center_after_minus_a2,0.000000000,2048,113878727157639,113878727796067
1274,12.740000000,center_after_minus_a2,0.000000000,2048,113878737160400,113878737789734
1275,12.750000000,center_after_minus_a2,0.000000000,2048,113878747157222,113878747809225
1276,12.760000000,center_after_minus_a2,0.000000000,2048,113878757161446,113878757792915
1277,12.770000000,center_after_minus_a2,0.000000000,2048,113878767160438,113878767800972
1278,12.780000000,center_after_minus_a2,0.000000000,2048,113878777158108,113878777821301
1279,12.790000000,center_after_minus_a2,0.000000000,2048,113878787150255,113878787783123
1280,12.800000000,center_after_minus_a2,0.000000000,2048,113878797166791,113878797826434
1281,12.810000000,center_after_minus_a2,0.000000000,2048,113878807152081,113878807791288
1282,12.820000000,center_after_minus_a2,0.000000000,2048,113878817163407,113878817797120
1283,12.830000000,center_after_minus_a2,0.000000000,2048,113878827155738,113878827799341
1284,12.840000000,center_after_minus_a2,0.000000000,2048,113878837157995,113878837782344
1285,12.850000000,center_after_minus_a2,0.000000000,2048,113878847157072,113878847813299
1286,12.860000000,center_after_minus_a2,0.000000000,2048,113878857157118,113878857798472
1287,12.870000000,center_after_minus_a2,0.000000000,2048,113878867161857,113878867782836
1288,12.880000000,center_after_minus_a2,0.000000000,2048,113878877159522,113878877807738
1289,12.890000000,center_after_minus_a2,0.000000000,2048,113878887151106,113878887785899
1290,12.900000000,center_after_minus_a2,0.000000000,2048,113878897164834,113878897817586
1291,12.910000000,center_after_minus_a2,0.000000000,2048,113878907153768,113878907781917
1292,12.920000000,center_after_minus_a2,0.000000000,2048,113878917158081,113878917761934
1293,12.930000000,center_after_minus_a2,0.000000000,2048,113878927157277,113878927789966
1294,12.940000000,center_after_minus_a2,0.000000000,2048,113878937161201,113878937770069
1295,12.950000000,center_after_minus_a2,0.000000000,2048,113878947159166,113878947812628
1296,12.960000000,center_after_minus_a2,0.000000000,2048,113878957147702,113878957769800
1297,12.970000000,center_after_minus_a2,0.000000000,2048,113878967151702,113878967792091
1298,12.980000000,center_after_minus_a2,0.000000000,2048,113878977156237,113878977822964
1299,12.990000000,center_after_minus_a2,0.000000000,2048,113878987160411,113878987748390
1300,13.000000000,center_after_minus_a2,0.000000000,2048,113878997158639,113878997797954
1301,13.010000000,center_after_minus_a2,0.000000000,2048,113879007152977,113879007794296
1302,13.020000000,center_after_minus_a2,0.000000000,2048,113879017161140,113879017798567
1303,13.030000000,center_after_minus_a2,0.000000000,2048,113879027158294,113879027791036
1304,13.040000000,center_after_minus_a2,0.000000000,2048,113879037154254,113879037759384
1305,13.050000000,center_after_minus_a2,0.000000000,2048,113879047157553,113879047778271
1306,13.060000000,center_after_minus_a2,0.000000000,2048,113879057156525,113879057758796
1307,13.070000000,center_after_minus_a2,0.000000000,2048,113879067147861,113879067744965
1308,13.080000000,center_after_minus_a2,0.000000000,2048,113879077156456,113879077737924
1309,13.090000000,center_after_minus_a2,0.000000000,2048,113879087161000,113879087744961
1310,13.100000000,center_after_minus_a2,0.000000000,2048,113879097163185,113879097764526
1311,13.110000000,center_after_minus_a2,0.000000000,2048,113879107154391,113879107753879
1312,13.120000000,center_after_minus_a2,0.000000000,2048,113879117158179,113879117743499
1313,13.130000000,center_after_minus_a2,0.000000000,2048,113879127155584,113879127765072
1314,13.140000000,center_after_minus_a2,0.000000000,2048,113879137158992,113879137748244
1315,13.150000000,center_after_minus_a2,0.000000000,2048,113879147158608,113879147803992
1316,13.160000000,center_after_minus_a2,0.000000000,2048,113879157153868,113879157779906
1317,13.170000000,center_after_minus_a2,0.000000000,2048,113879167158666,113879167807901
1318,13.180000000,center_after_minus_a2,0.000000000,2048,113879177162839,113879177777540
1319,13.190000000,center_after_minus_a2,0.000000000,2048,113879187159154,113879187777719
1320,13.200000000,center_after_minus_a2,0.000000000,2048,113879197158554,113879197765916
1321,13.210000000,center_after_minus_a2,0.000000000,2048,113879207157514,113879207755519
1322,13.220000000,center_after_minus_a2,0.000000000,2048,113879217158866,113879217771589
1323,13.230000000,center_after_minus_a2,0.000000000,2048,113879227160201,113879227794968
1324,13.240000000,center_after_minus_a2,0.000000000,2048,113879237159162,113879237757699
1325,13.250000000,center_after_minus_a2,0.000000000,2048,113879247158166,113879247775510
1326,13.260000000,center_after_minus_a2,0.000000000,2048,113879257154455,113879257766772
1327,13.270000000,center_after_minus_a2,0.000000000,2048,113879267159299,113879267770009
1328,13.280000000,center_after_minus_a2,0.000000000,2048,113879277157123,113879277775866
1329,13.290000000,center_after_minus_a2,0.000000000,2048,113879287152392,113879287757014
1330,13.300000000,center_after_minus_a2,0.000000000,2048,113879297156595,113879297768601
1331,13.310000000,center_after_minus_a2,0.000000000,2048,113879307157168,113879307759236
1332,13.320000000,center_after_minus_a2,0.000000000,2048,113879317160892,113879317775461
1333,13.330000000,center_after_minus_a2,0.000000000,2048,113879327157909,113879327771808
1334,13.340000000,center_after_minus_a2,0.000000000,2048,113879337151342,113879337749466
1335,13.350000000,center_after_minus_a2,0.000000000,2048,113879347154870,113879347757991
1336,13.360000000,center_after_minus_a2,0.000000000,2048,113879357156134,113879357738400
1337,13.370000000,center_after_minus_a2,0.000000000,2048,113879367158603,113879367731628
1338,13.380000000,center_after_minus_a2,0.000000000,2048,113879377160053,113879377747002
1339,13.390000000,center_after_minus_a2,0.000000000,2048,113879387149627,113879387727304
1340,13.400000000,center_after_minus_a2,0.000000000,2048,113879397160048,113879397739538
1341,13.410000000,center_after_minus_a2,0.000000000,2048,113879407147305,113879407733865
1342,13.420000000,center_after_minus_a2,0.000000000,2048,113879417143246,113879417714528
1343,13.430000000,center_after_minus_a2,0.000000000,2048,113879427145887,113879427715356
1344,13.440000000,center_after_minus_a2,0.000000000,2048,113879437141834,113879437715860
1345,13.450000000,center_after_minus_a2,0.000000000,2048,113879447147432,113879447709405
1346,13.460000000,center_after_minus_a2,0.000000000,2048,113879457154622,113879457714271
1347,13.470000000,center_after_minus_a2,0.000000000,2048,113879467145013,113879467720701
1348,13.480000000,center_after_minus_a2,0.000000000,2048,113879477158209,113879477725877
1349,13.490000000,center_after_minus_a2,0.000000000,2048,113879487157672,113879487731366
1350,13.500000000,plus_a3,0.105000000,1980,113879497160797,113879497754316
1351,13.510000000,plus_a3,0.105000000,1980,113879507148733,113879507732536
1352,13.520000000,plus_a3,0.105000000,1980,113879517143185,113879517716978
1353,13.530000000,plus_a3,0.105000000,1980,113879527158437,113879527753269
1354,13.540000000,plus_a3,0.105000000,1980,113879537156052,113879537743831
1355,13.550000000,plus_a3,0.105000000,1980,113879547164228,113879547759068
1356,13.560000000,plus_a3,0.105000000,1980,113879557155162,113879557745761
1357,13.570000000,plus_a3,0.105000000,1980,113879567159099,113879567737203
1358,13.580000000,plus_a3,0.105000000,1980,113879577157160,113879577762042
1359,13.590000000,plus_a3,0.105000000,1980,113879587158345,113879587734206
1360,13.600000000,plus_a3,0.105000000,1980,113879597162627,113879597749700
1361,13.610000000,plus_a3,0.105000000,1980,113879607153111,113879607745148
1362,13.620000000,plus_a3,0.105000000,1980,113879617150564,113879617737766
1363,13.630000000,plus_a3,0.105000000,1980,113879627151526,113879627746104
1364,13.640000000,plus_a3,0.105000000,1980,113879637152818,113879637753581
1365,13.650000000,plus_a3,0.105000000,1980,113879647153365,113879647749589
1366,13.660000000,plus_a3,0.105000000,1980,113879657151869,113879657757917
1367,13.670000000,plus_a3,0.105000000,1980,113879667151151,113879667739344
1368,13.680000000,plus_a3,0.105000000,1980,113879677157147,113879677751932
1369,13.690000000,plus_a3,0.105000000,1980,113879687150708,113879687727792
1370,13.700000000,plus_a3,0.105000000,1980,113879697150813,113879697747056
1371,13.710000000,plus_a3,0.105000000,1980,113879707151828,113879707739470
1372,13.720000000,plus_a3,0.105000000,1980,113879717150760,113879717731428
1373,13.730000000,plus_a3,0.105000000,1980,113879727152707,113879727750492
1374,13.740000000,plus_a3,0.105000000,1980,113879737151102,113879737725607
1375,13.750000000,plus_a3,0.105000000,1980,113879747152882,113879747751362
1376,13.760000000,plus_a3,0.105000000,1980,113879757151541,113879757739348
1377,13.770000000,plus_a3,0.105000000,1980,113879767149284,113879767733721
1378,13.780000000,plus_a3,0.105000000,1980,113879777158593,113879777752544
1379,13.790000000,plus_a3,0.105000000,1980,113879787151341,113879787728627
1380,13.800000000,plus_a3,0.105000000,1980,113879797151494,113879797757152
1381,13.810000000,plus_a3,0.105000000,1980,113879807147938,113879807722401
1382,13.820000000,plus_a3,0.105000000,1980,113879817151992,113879817711128
1383,13.830000000,plus_a3,0.105000000,1980,113879827152439,113879827734036
1384,13.840000000,plus_a3,0.105000000,1980,113879837149547,113879837750187
1385,13.850000000,plus_a3,0.105000000,1980,113879847155050,113879847752518
1386,13.860000000,plus_a3,0.105000000,1980,113879857152835,113879857728755
1387,13.870000000,plus_a3,0.105000000,1980,113879867146126,113879867731307
1388,13.880000000,plus_a3,0.105000000,1980,113879877154148,113879877734571
1389,13.890000000,plus_a3,0.105000000,1980,113879887163419,113879887736619
1390,13.900000000,plus_a3,0.105000000,1980,113879897165452,113879897753616
1391,13.910000000,plus_a3,0.105000000,1980,113879907155125,113879907725413
1392,13.920000000,plus_a3,0.105000000,1980,113879917161476,113879917723888
1393,13.930000000,plus_a3,0.105000000,1980,113879927153833,113879927732299
1394,13.940000000,plus_a3,0.105000000,1980,113879937153846,113879937713232
1395,13.950000000,plus_a3,0.105000000,1980,113879947163792,113879947733793
1396,13.960000000,plus_a3,0.105000000,1980,113879957157361,113879957723971
1397,13.970000000,plus_a3,0.105000000,1980,113879967160089,113879967715370
1398,13.980000000,plus_a3,0.105000000,1980,113879977156767,113879977731555
1399,13.990000000,plus_a3,0.105000000,1980,113879987157986,113879987715114
1400,14.000000000,plus_a3,0.105000000,1980,113879997157601,113879997725660
1401,14.010000000,plus_a3,0.105000000,1980,113880007160378,113880007722148
1402,14.020000000,plus_a3,0.105000000,1980,113880017160775,113880017720502
1403,14.030000000,plus_a3,0.105000000,1980,113880027154101,113880027733292
1404,14.040000000,plus_a3,0.105000000,1980,113880037155925,113880037718424
1405,14.050000000,plus_a3,0.105000000,1980,113880047162478,113880047760064
1406,14.060000000,plus_a3,0.105000000,1980,113880057152155,113880057732276
1407,14.070000000,plus_a3,0.105000000,1980,113880067158213,113880067753203
1408,14.080000000,plus_a3,0.105000000,1980,113880077155632,113880077736118
1409,14.090000000,plus_a3,0.105000000,1980,113880087157137,113880087715023
1410,14.100000000,plus_a3,0.105000000,1980,113880097162564,113880097755059
1411,14.110000000,plus_a3,0.105000000,1980,113880107155597,113880107728397
1412,14.120000000,plus_a3,0.105000000,1980,113880117157930,113880117734613
1413,14.130000000,plus_a3,0.105000000,1980,113880127154971,113880127815225
1414,14.140000000,plus_a3,0.105000000,1980,113880137158835,113880137718163
1415,14.150000000,plus_a3,0.105000000,1980,113880147161553,113880147758493
1416,14.160000000,plus_a3,0.105000000,1980,113880157152845,113880157747451
1417,14.170000000,plus_a3,0.105000000,1980,113880167160290,113880167744786
1418,14.180000000,plus_a3,0.105000000,1980,113880177158556,113880177733158
1419,14.190000000,plus_a3,0.105000000,1980,113880187150788,113880187719821
1420,14.200000000,plus_a3,0.105000000,1980,113880197157878,113880197759860
1421,14.210000000,plus_a3,0.105000000,1980,113880207148408,113880207727355
1422,14.220000000,plus_a3,0.105000000,1980,113880217148557,113880217729243
1423,14.230000000,plus_a3,0.105000000,1980,113880227153296,113880227731253
1424,14.240000000,plus_a3,0.105000000,1980,113880237156505,113880237690863
1425,14.250000000,plus_a3,0.105000000,1980,113880247155163,113880247724580
1426,14.260000000,plus_a3,0.105000000,1980,113880257151074,113880257708431
1427,14.270000000,plus_a3,0.105000000,1980,113880267153031,113880267703926
1428,14.280000000,plus_a3,0.105000000,1980,113880277161300,113880277715732
1429,14.290000000,plus_a3,0.105000000,1980,113880287161566,113880287699746
1430,14.300000000,plus_a3,0.105000000,1980,113880297158024,113880297730976
1431,14.310000000,plus_a3,0.105000000,1980,113880307153538,113880307705821
1432,14.320000000,plus_a3,0.105000000,1980,113880317159928,113880317713494
1433,14.330000000,plus_a3,0.105000000,1980,113880327154282,113880327714435
1434,14.340000000,plus_a3,0.105000000,1980,113880337161915,113880337695379
1435,14.350000000,plus_a3,0.105000000,1980,113880347161826,113880347721941
1436,14.360000000,plus_a3,0.105000000,1980,113880357153995,113880357704476
1437,14.370000000,plus_a3,0.105000000,1980,113880367159024,113880367715375
1438,14.380000000,plus_a3,0.105000000,1980,113880377154859,113880377716008
1439,14.390000000,plus_a3,0.105000000,1980,113880387153060,113880387705416
1440,14.400000000,plus_a3,0.105000000,1980,113880397157826,113880397717704
1441,14.410000000,plus_a3,0.105000000,1980,113880407154078,113880407701108
1442,14.420000000,plus_a3,0.105000000,1980,113880417149372,113880417688640
1443,14.430000000,plus_a3,0.105000000,1980,113880427152771,113880427708220
1444,14.440000000,plus_a3,0.105000000,1980,113880437151937,113880437703188
1445,14.450000000,plus_a3,0.105000000,1980,113880447159299,113880447705214
1446,14.460000000,plus_a3,0.105000000,1980,113880457155725,113880457702281
1447,14.470000000,plus_a3,0.105000000,1980,113880467159307,113880467719688
1448,14.480000000,plus_a3,0.105000000,1980,113880477153526,113880477713638
1449,14.490000000,plus_a3,0.105000000,1980,113880487169304,113880487693861
1450,14.500000000,plus_a3,0.105000000,1980,113880497160940,113880497712326
1451,14.510000000,plus_a3,0.105000000,1980,113880507153168,113880507700769
1452,14.520000000,plus_a3,0.105000000,1980,113880517158239,113880517699143
1453,14.530000000,plus_a3,0.105000000,1980,113880527153104,113880527733765
1454,14.540000000,plus_a3,0.105000000,1980,113880537151879,113880537700379
1455,14.550000000,plus_a3,0.105000000,1980,113880547164162,113880547719969
1456,14.560000000,plus_a3,0.105000000,1980,113880557161278,113880557708250
1457,14.570000000,plus_a3,0.105000000,1980,113880567161128,113880567704152
1458,14.580000000,plus_a3,0.105000000,1980,113880577155786,113880577712689
1459,14.590000000,plus_a3,0.105000000,1980,113880587151023,113880587694834
1460,14.600000000,plus_a3,0.105000000,1980,113880597157067,113880597714762
1461,14.610000000,plus_a3,0.105000000,1980,113880607150555,113880607715895
1462,14.620000000,plus_a3,0.105000000,1980,113880617156017,113880617711450
1463,14.630000000,plus_a3,0.105000000,1980,113880627153940,113880627710705
1464,14.640000000,plus_a3,0.105000000,1980,113880637150795,113880637691659
1465,14.650000000,plus_a3,0.105000000,1980,113880647164811,113880647699038
1466,14.660000000,plus_a3,0.105000000,1980,113880657159808,113880657687163
1467,14.670000000,plus_a3,0.105000000,1980,113880667160005,113880667678738
1468,14.680000000,plus_a3,0.105000000,1980,113880677164152,113880677692457
1469,14.690000000,plus_a3,0.105000000,1980,113880687148715,113880687672423
1470,14.700000000,plus_a3,0.105000000,1980,113880697154044,113880697680795
1471,14.710000000,plus_a3,0.105000000,1980,113880707158286,113880707677931
1472,14.720000000,plus_a3,0.105000000,1980,113880717151710,113880717664702
1473,14.730000000,plus_a3,0.105000000,1980,113880727152918,113880727689886
1474,14.740000000,plus_a3,0.105000000,1980,113880737151779,113880737666727
1475,14.750000000,plus_a3,0.105000000,1980,113880747150079,113880747674821
1476,14.760000000,plus_a3,0.105000000,1980,113880757151658,113880757677714
1477,14.770000000,plus_a3,0.105000000,1980,113880767152887,113880767672137
1478,14.780000000,plus_a3,0.105000000,1980,113880777158836,113880777683002
1479,14.790000000,plus_a3,0.105000000,1980,113880787150129,113880787679223
1480,14.800000000,plus_a3,0.105000000,1980,113880797153477,113880797685470
1481,14.810000000,plus_a3,0.105000000,1980,113880807151259,113880807677921
1482,14.820000000,plus_a3,0.105000000,1980,113880817150849,113880817668832
1483,14.830000000,plus_a3,0.105000000,1980,113880827154926,113880827694949
1484,14.840000000,plus_a3,0.105000000,1980,113880837147513,113880837670408
1485,14.850000000,plus_a3,0.105000000,1980,113880847157364,113880847686133
1486,14.860000000,plus_a3,0.105000000,1980,113880857156303,113880857687234
1487,14.870000000,plus_a3,0.105000000,1980,113880867150718,113880867673881
1488,14.880000000,plus_a3,0.105000000,1980,113880877159306,113880877697361
1489,14.890000000,plus_a3,0.105000000,1980,113880887148270,113880887679362
1490,14.900000000,plus_a3,0.105000000,1980,113880897152370,113880897688410
1491,14.910000000,plus_a3,0.105000000,1980,113880907151251,113880907683109
1492,14.920000000,plus_a3,0.105000000,1980,113880917146951,113880917668347
1493,14.930000000,plus_a3,0.105000000,1980,113880927155443,113880927692443
1494,14.940000000,plus_a3,0.105000000,1980,113880937147225,113880937661529
1495,14.950000000,plus_a3,0.105000000,1980,113880947151873,113880947676928
1496,14.960000000,plus_a3,0.105000000,1980,113880957151801,113880957685436
1497,14.970000000,plus_a3,0.105000000,1980,113880967153159,113880967672985
1498,14.980000000,plus_a3,0.105000000,1980,113880977157798,113880977692748
1499,14.990000000,plus_a3,0.105000000,1980,113880987148988,113880987671486
1500,15.000000000,center_after_plus_a3,0.000000000,2048,113880997151940,113880997681265
1501,15.010000000,center_after_plus_a3,0.000000000,2048,113881007153137,113881007682056
1502,15.020000000,center_after_plus_a3,0.000000000,2048,113881017151753,113881017672856
1503,15.030000000,center_after_plus_a3,0.000000000,2048,113881027155513,113881027693529
1504,15.040000000,center_after_plus_a3,0.000000000,2048,113881037148464,113881037670517
1505,15.050000000,center_after_plus_a3,0.000000000,2048,113881047153795,113881047689648
1506,15.060000000,center_after_plus_a3,0.000000000,2048,113881057155480,113881057678698
1507,15.070000000,center_after_plus_a3,0.000000000,2048,113881067151227,113881067648568
1508,15.080000000,center_after_plus_a3,0.000000000,2048,113881077156569,113881077688236
1509,15.090000000,center_after_plus_a3,0.000000000,2048,113881087146900,113881087648437
1510,15.100000000,center_after_plus_a3,0.000000000,2048,113881097151302,113881097664239
1511,15.110000000,center_after_plus_a3,0.000000000,2048,113881107157448,113881107658056
1512,15.120000000,center_after_plus_a3,0.000000000,2048,113881117147371,113881117652790
1513,15.130000000,center_after_plus_a3,0.000000000,2048,113881127154391,113881127670693
1514,15.140000000,center_after_plus_a3,0.000000000,2048,113881137148414,113881137648699
1515,15.150000000,center_after_plus_a3,0.000000000,2048,113881147155104,113881147686573
1516,15.160000000,center_after_plus_a3,0.000000000,2048,113881157151593,113881157660573
1517,15.170000000,center_after_plus_a3,0.000000000,2048,113881167145914,113881167646861
1518,15.180000000,center_after_plus_a3,0.000000000,2048,113881177160573,113881177670424
1519,15.190000000,center_after_plus_a3,0.000000000,2048,113881187148074,113881187650711
1520,15.200000000,center_after_plus_a3,0.000000000,2048,113881197149010,113881197662711
1521,15.210000000,center_after_plus_a3,0.000000000,2048,113881207154682,113881207658948
1522,15.220000000,center_after_plus_a3,0.000000000,2048,113881217153979,113881217651155
1523,15.230000000,center_after_plus_a3,0.000000000,2048,113881227155090,113881227669525
1524,15.240000000,center_after_plus_a3,0.000000000,2048,113881237148593,113881237648763
1525,15.250000000,center_after_plus_a3,0.000000000,2048,113881247187424,113881247713638
1526,15.260000000,center_after_plus_a3,0.000000000,2048,113881257174268,113881257660909
1527,15.270000000,center_after_plus_a3,0.000000000,2048,113881267221551,113881267642219
1528,15.280000000,center_after_plus_a3,0.000000000,2048,113881277234218,113881277666982
1529,15.290000000,center_after_plus_a3,0.000000000,2048,113881287153331,113881287678798
1530,15.300000000,center_after_plus_a3,0.000000000,2048,113881297176111,113881297669304
1531,15.310000000,center_after_plus_a3,0.000000000,2048,113881307166078,113881307659344
1532,15.320000000,center_after_plus_a3,0.000000000,2048,113881317156711,113881317636451
1533,15.330000000,center_after_plus_a3,0.000000000,2048,113881327152570,113881327654348
1534,15.340000000,center_after_plus_a3,0.000000000,2048,113881337159676,113881337652153
1535,15.350000000,center_after_plus_a3,0.000000000,2048,113881347169385,113881347670824
1536,15.360000000,center_after_plus_a3,0.000000000,2048,113881357177947,113881357660414
1537,15.370000000,center_after_plus_a3,0.000000000,2048,113881367175646,113881367649117
1538,15.380000000,center_after_plus_a3,0.000000000,2048,113881377153448,113881377668243
1539,15.390000000,center_after_plus_a3,0.000000000,2048,113881387162723,113881387652359
1540,15.400000000,center_after_plus_a3,0.000000000,2048,113881397169716,113881397668522
1541,15.410000000,center_after_plus_a3,0.000000000,2048,113881407164355,113881407662620
1542,15.420000000,center_after_plus_a3,0.000000000,2048,113881417162953,113881417639553
1543,15.430000000,center_after_plus_a3,0.000000000,2048,113881427151219,113881427656201
1544,15.440000000,center_after_plus_a3,0.000000000,2048,113881437160818,113881437648644
1545,15.450000000,center_after_plus_a3,0.000000000,2048,113881447168043,113881447660271
1546,15.460000000,center_after_plus_a3,0.000000000,2048,113881457177186,113881457659162
1547,15.470000000,center_after_plus_a3,0.000000000,2048,113881467165733,113881467664400
1548,15.480000000,center_after_plus_a3,0.000000000,2048,113881477231248,113881477651799
1549,15.490000000,center_after_plus_a3,0.000000000,2048,113881487224948,113881487647261
1550,15.500000000,center_after_plus_a3,0.000000000,2048,113881497184371,113881497669742
1551,15.510000000,center_after_plus_a3,0.000000000,2048,113881507167908,113881507640672
1552,15.520000000,center_after_plus_a3,0.000000000,2048,113881517209983,113881517623459
1553,15.530000000,center_after_plus_a3,0.000000000,2048,113881527224954,113881527641873
1554,15.540000000,center_after_plus_a3,0.000000000,2048,113881537232752,113881537626699
1555,15.550000000,center_after_plus_a3,0.000000000,2048,113881547177885,113881547650711
1556,15.560000000,center_after_plus_a3,0.000000000,2048,113881557233770,113881557637610
1557,15.570000000,center_after_plus_a3,0.000000000,2048,113881567169586,113881567637372
1558,15.580000000,center_after_plus_a3,0.000000000,2048,113881577232023,113881577660415
1559,15.590000000,center_after_plus_a3,0.000000000,2048,113881587167029,113881587628379
1560,15.600000000,center_after_plus_a3,0.000000000,2048,113881597181774,113881597662373
1561,15.610000000,center_after_plus_a3,0.000000000,2048,113881607153364,113881607636010
1562,15.620000000,center_after_plus_a3,0.000000000,2048,113881617143641,113881617608159
1563,15.630000000,center_after_plus_a3,0.000000000,2048,113881627155095,113881627649496
1564,15.640000000,center_after_plus_a3,0.000000000,2048,113881637159013,113881637669913
1565,15.650000000,center_after_plus_a3,0.000000000,2048,113881647164931,113881647687122
1566,15.660000000,center_after_plus_a3,0.000000000,2048,113881657151498,113881657647576
1567,15.670000000,center_after_plus_a3,0.000000000,2048,113881667152206,113881667651688
1568,15.680000000,center_after_plus_a3,0.000000000,2048,113881677153363,113881677654099
1569,15.690000000,center_after_plus_a3,0.000000000,2048,113881687151817,113881687633706
1570,15.700000000,center_after_plus_a3,0.000000000,2048,113881697157245,113881697651677
1571,15.710000000,center_after_plus_a3,0.000000000,2048,113881707151534,113881707650131
1572,15.720000000,center_after_plus_a3,0.000000000,2048,113881717160440,113881717648417
1573,15.730000000,center_after_plus_a3,0.000000000,2048,113881727154131,113881727647596
1574,15.740000000,center_after_plus_a3,0.000000000,2048,113881737157850,113881737631931
1575,15.750000000,center_after_plus_a3,0.000000000,2048,113881747164486,113881747644112
1576,15.760000000,center_after_plus_a3,0.000000000,2048,113881757157478,113881757642505
1577,15.770000000,center_after_plus_a3,0.000000000,2048,113881767159742,113881767632437
1578,15.780000000,center_after_plus_a3,0.000000000,2048,113881777154532,113881777663383
1579,15.790000000,center_after_plus_a3,0.000000000,2048,113881787153047,113881787631321
1580,15.800000000,center_after_plus_a3,0.000000000,2048,113881797161514,113881797662471
1581,15.810000000,center_after_plus_a3,0.000000000,2048,113881807154870,113881807639838
1582,15.820000000,center_after_plus_a3,0.000000000,2048,113881817158467,113881817636244
1583,15.830000000,center_after_plus_a3,0.000000000,2048,113881827153361,113881827648037
1584,15.840000000,center_after_plus_a3,0.000000000,2048,113881837153285,113881837635393
1585,15.850000000,center_after_plus_a3,0.000000000,2048,113881847162505,113881847648688
1586,15.860000000,center_after_plus_a3,0.000000000,2048,113881857150225,113881857636377
1587,15.870000000,center_after_plus_a3,0.000000000,2048,113881867158286,113881867630894
1588,15.880000000,center_after_plus_a3,0.000000000,2048,113881877155156,113881877644614
1589,15.890000000,center_after_plus_a3,0.000000000,2048,113881887158297,113881887621095
1590,15.900000000,center_after_plus_a3,0.000000000,2048,113881897159898,113881897636156
1591,15.910000000,center_after_plus_a3,0.000000000,2048,113881907157041,113881907616345
1592,15.920000000,center_after_plus_a3,0.000000000,2048,113881917161364,113881917611181
1593,15.930000000,center_after_plus_a3,0.000000000,2048,113881927153629,113881927626974
1594,15.940000000,center_after_plus_a3,0.000000000,2048,113881937157887,113881937606422
1595,15.950000000,center_after_plus_a3,0.000000000,2048,113881947161266,113881947616548
1596,15.960000000,center_after_plus_a3,0.000000000,2048,113881957159249,113881957611031
1597,15.970000000,center_after_plus_a3,0.000000000,2048,113881967159077,113881967608145
1598,15.980000000,center_after_plus_a3,0.000000000,2048,113881977156658,113881977625752
1599,15.990000000,center_after_plus_a3,0.000000000,2048,113881987149884,113881987609421
1600,16.000000000,center_after_plus_a3,0.000000000,2048,113881997158781,113881997618799
1601,16.010000000,center_after_plus_a3,0.000000000,2048,113882007156103,113882007619252
1602,16.020000000,center_after_plus_a3,0.000000000,2048,113882017161293,113882017612578
1603,16.030000000,center_after_plus_a3,0.000000000,2048,113882027155947,113882027636179
1604,16.040000000,center_after_plus_a3,0.000000000,2048,113882037152789,113882037615076
1605,16.050000000,center_after_plus_a3,0.000000000,2048,113882047162031,113882047628854
1606,16.060000000,center_after_plus_a3,0.000000000,2048,113882057157138,113882057615868
1607,16.070000000,center_after_plus_a3,0.000000000,2048,113882067163683,113882067636124
1608,16.080000000,center_after_plus_a3,0.000000000,2048,113882077159879,113882077589500
1609,16.090000000,center_after_plus_a3,0.000000000,2048,113882087157634,113882087596575
1610,16.100000000,center_after_plus_a3,0.000000000,2048,113882097144349,113882097597415
1611,16.110000000,center_after_plus_a3,0.000000000,2048,113882107152854,113882107588818
1612,16.120000000,center_after_plus_a3,0.000000000,2048,113882117143609,113882117594545
1613,16.130000000,center_after_plus_a3,0.000000000,2048,113882127141140,113882127587827
1614,16.140000000,center_after_plus_a3,0.000000000,2048,113882137155230,113882137591447
1615,16.150000000,center_after_plus_a3,0.000000000,2048,113882147159416,113882147593819
1616,16.160000000,center_after_plus_a3,0.000000000,2048,113882157141058,113882157587539
1617,16.170000000,center_after_plus_a3,0.000000000,2048,113882167163620,113882167592356
1618,16.180000000,center_after_plus_a3,0.000000000,2048,113882177115879,113882177594491
1619,16.190000000,center_after_plus_a3,0.000000000,2048,113882187221706,113882187604927
1620,16.200000000,center_after_plus_a3,0.000000000,2048,113882197168459,113882197644483
1621,16.210000000,center_after_plus_a3,0.000000000,2048,113882207238310,113882208630527
1622,16.220000000,center_after_plus_a3,0.000000000,2048,113882217197500,113882217618073
1623,16.230000000,center_after_plus_a3,0.000000000,2048,113882227176566,113882227617720
1624,16.240000000,center_after_plus_a3,0.000000000,2048,113882237175725,113882237610897
1625,16.250000000,center_after_plus_a3,0.000000000,2048,113882247168493,113882247606153
1626,16.260000000,center_after_plus_a3,0.000000000,2048,113882257171616,113882257618452
1627,16.270000000,center_after_plus_a3,0.000000000,2048,113882267151086,113882267596540
1628,16.280000000,center_after_plus_a3,0.000000000,2048,113882277144408,113882277650935
1629,16.290000000,center_after_plus_a3,0.000000000,2048,113882287164907,113882287600007
1630,16.300000000,center_after_plus_a3,0.000000000,2048,113882297164305,113882297649749
1631,16.310000000,center_after_plus_a3,0.000000000,2048,113882307156148,113882307615993
1632,16.320000000,center_after_plus_a3,0.000000000,2048,113882317161099,113882317587953
1633,16.330000000,center_after_plus_a3,0.000000000,2048,113882327158433,113882327612235
1634,16.340000000,center_after_plus_a3,0.000000000,2048,113882337151099,113882337588737
1635,16.350000000,center_after_plus_a3,0.000000000,2048,113882347163416,113882347603325
1636,16.360000000,center_after_plus_a3,0.000000000,2048,113882357153483,113882357595884
1637,16.370000000,center_after_plus_a3,0.000000000,2048,113882367161909,113882367586491
1638,16.380000000,center_after_plus_a3,0.000000000,2048,113882377153354,113882377610203
1639,16.390000000,center_after_plus_a3,0.000000000,2048,113882387158224,113882387581323
1640,16.400000000,center_after_plus_a3,0.000000000,2048,113882397165985,113882397598103
1641,16.410000000,center_after_plus_a3,0.000000000,2048,113882407154816,113882407599017
1642,16.420000000,center_after_plus_a3,0.000000000,2048,113882417158990,113882417587252
1643,16.430000000,center_after_plus_a3,0.000000000,2048,113882427155940,113882427605242
1644,16.440000000,center_after_plus_a3,0.000000000,2048,113882437152591,113882437588976
1645,16.450000000,center_after_plus_a3,0.000000000,2048,113882447163165,113882447616798
1646,16.460000000,center_after_plus_a3,0.000000000,2048,113882457155206,113882457591766
1647,16.470000000,center_after_plus_a3,0.000000000,2048,113882467158062,113882467583849
1648,16.480000000,center_after_plus_a3,0.000000000,2048,113882477156420,113882477604068
1649,16.490000000,center_after_plus_a3,0.000000000,2048,113882487157234,113882487586475
1650,16.500000000,minus_a3,-0.105000000,2116,113882497158392,113882497595688
1651,16.510000000,minus_a3,-0.105000000,2116,113882507155591,113882507595062
1652,16.520000000,minus_a3,-0.105000000,2116,113882517157948,113882517588530
1653,16.530000000,minus_a3,-0.105000000,2116,113882527151900,113882527601671
1654,16.540000000,minus_a3,-0.105000000,2116,113882537161889,113882537586007
1655,16.550000000,minus_a3,-0.105000000,2116,113882547161622,113882547607322
1656,16.560000000,minus_a3,-0.105000000,2116,113882557154050,113882557595084
1657,16.570000000,minus_a3,-0.105000000,2116,113882567157193,113882567582934
1658,16.580000000,minus_a3,-0.105000000,2116,113882577156874,113882577604265
1659,16.590000000,minus_a3,-0.105000000,2116,113882587156721,113882587582251
1660,16.600000000,minus_a3,-0.105000000,2116,113882597157614,113882597593360
1661,16.610000000,minus_a3,-0.105000000,2116,113882607153096,113882607592908
1662,16.620000000,minus_a3,-0.105000000,2116,113882617151573,113882617588599
1663,16.630000000,minus_a3,-0.105000000,2116,113882627151698,113882627604953
1664,16.640000000,minus_a3,-0.105000000,2116,113882637158513,113882637587092
1665,16.650000000,minus_a3,-0.105000000,2116,113882647161426,113882647600341
1666,16.660000000,minus_a3,-0.105000000,2116,113882657153628,113882657593696
1667,16.670000000,minus_a3,-0.105000000,2116,113882667158609,113882667585502
1668,16.680000000,minus_a3,-0.105000000,2116,113882677154890,113882677606973
1669,16.690000000,minus_a3,-0.105000000,2116,113882687158784,113882687594177
1670,16.700000000,minus_a3,-0.105000000,2116,113882697172054,113882697599042
1671,16.710000000,minus_a3,-0.105000000,2116,113882707150265,113882707596092
1672,16.720000000,minus_a3,-0.105000000,2116,113882717161680,113882717620521
1673,16.730000000,minus_a3,-0.105000000,2116,113882727155058,113882727602523
1674,16.740000000,minus_a3,-0.105000000,2116,113882737162806,113882737580470
1675,16.750000000,minus_a3,-0.105000000,2116,113882747154683,113882747577479
1676,16.760000000,minus_a3,-0.105000000,2116,113882757154450,113882757562782
1677,16.770000000,minus_a3,-0.105000000,2116,113882767148318,113882767558900
1678,16.780000000,minus_a3,-0.105000000,2116,113882777152560,113882777573685
1679,16.790000000,minus_a3,-0.105000000,2116,113882787161533,113882787558651
1680,16.800000000,minus_a3,-0.105000000,2116,113882797154908,113882797577385
1681,16.810000000,minus_a3,-0.105000000,2116,113882807153709,113882807560358
1682,16.820000000,minus_a3,-0.105000000,2116,113882817148680,113882817559443
1683,16.830000000,minus_a3,-0.105000000,2116,113882827151315,113882827572337
1684,16.840000000,minus_a3,-0.105000000,2116,113882837162736,113882837560057
1685,16.850000000,minus_a3,-0.105000000,2116,113882847145330,113882847540180
1686,16.860000000,minus_a3,-0.105000000,2116,113882857158419,113882857543770
1687,16.870000000,minus_a3,-0.105000000,2116,113882867162675,113882867546826
1688,16.880000000,minus_a3,-0.105000000,2116,113882877143615,113882877550087
1689,16.890000000,minus_a3,-0.105000000,2116,113882887162201,113882887542848
1690,16.900000000,minus_a3,-0.105000000,2116,113882897152636,113882897542945
1691,16.910000000,minus_a3,-0.105000000,2116,113882907141588,113882907546478
1692,16.920000000,minus_a3,-0.105000000,2116,113882917146854,113882917545463
1693,16.930000000,minus_a3,-0.105000000,2116,113882927141420,113882927544300
1694,16.940000000,minus_a3,-0.105000000,2116,113882937151533,113882937537022
1695,16.950000000,minus_a3,-0.105000000,2116,113882947145811,113882947546402
1696,16.960000000,minus_a3,-0.105000000,2116,113882957158561,113882957547992
1697,16.970000000,minus_a3,-0.105000000,2116,113882967151837,113882967563015
1698,16.980000000,minus_a3,-0.105000000,2116,113882977151620,113882977568368
1699,16.990000000,minus_a3,-0.105000000,2116,113882987151451,113882987576563
1700,17.000000000,minus_a3,-0.105000000,2116,113882997151871,113882997581705
1701,17.010000000,minus_a3,-0.105000000,2116,113883007172707,113883008588977
1702,17.020000000,minus_a3,-0.105000000,2116,113883017172626,113883018582733
1703,17.030000000,minus_a3,-0.105000000,2116,113883027160756,113883027583080
1704,17.040000000,minus_a3,-0.105000000,2116,113883037235409,113883038596091
1705,17.050000000,minus_a3,-0.105000000,2116,113883047225607,113883048598055
1706,17.060000000,minus_a3,-0.105000000,2116,113883057220771,113883057554729
1707,17.070000000,minus_a3,-0.105000000,2116,113883067230843,113883067545917
1708,17.080000000,minus_a3,-0.105000000,2116,113883077219633,113883077555354
1709,17.090000000,minus_a3,-0.105000000,2116,113883087231863,113883088578859
1710,17.100000000,minus_a3,-0.105000000,2116,113883097234014,113883098593677
1711,17.110000000,minus_a3,-0.105000000,2116,113883107236362,113883108578294
1712,17.120000000,minus_a3,-0.105000000,2116,113883117161860,113883117581419
1713,17.130000000,minus_a3,-0.105000000,2116,113883127161193,113883127593177
1714,17.140000000,minus_a3,-0.105000000,2116,113883137230314,113883138576983
1715,17.150000000,minus_a3,-0.105000000,2116,113883147228304,113883148579601
1716,17.160000000,minus_a3,-0.105000000,2116,113883157222760,113883157541928
1717,17.170000000,minus_a3,-0.105000000,2116,113883167165086,113883167518883
1718,17.180000000,minus_a3,-0.105000000,2116,113883177155877,113883177526317
1719,17.190000000,minus_a3,-0.105000000,2116,113883187155810,113883187550066
1720,17.200000000,minus_a3,-0.105000000,2116,113883197152947,113883197550044
1721,17.210000000,minus_a3,-0.105000000,2116,113883207151693,113883207559062
1722,17.220000000,minus_a3,-0.105000000,2116,113883217153989,113883217563025
1723,17.230000000,minus_a3,-0.105000000,2116,113883227152469,113883227640765
1724,17.240000000,minus_a3,-0.105000000,2116,113883237152158,113883237565473
1725,17.250000000,minus_a3,-0.105000000,2116,113883247150636,113883247555398
1726,17.260000000,minus_a3,-0.105000000,2116,113883257153735,113883257556930
1727,17.270000000,minus_a3,-0.105000000,2116,113883267150675,113883267583200
1728,17.280000000,minus_a3,-0.105000000,2116,113883277154593,113883277713396
1729,17.290000000,minus_a3,-0.105000000,2116,113883287174386,113883288576567
1730,17.300000000,minus_a3,-0.105000000,2116,113883297164900,113883298578432
1731,17.310000000,minus_a3,-0.105000000,2116,113883307231534,113883308572182
1732,17.320000000,minus_a3,-0.105000000,2116,113883317178779,113883318581879
1733,17.330000000,minus_a3,-0.105000000,2116,113883327162397,113883328573938
1734,17.340000000,minus_a3,-0.105000000,2116,113883337172234,113883338559825
1735,17.350000000,minus_a3,-0.105000000,2116,113883347166126,113883348578930
1736,17.360000000,minus_a3,-0.105000000,2116,113883357229526,113883358583181
1737,17.370000000,minus_a3,-0.105000000,2116,113883367190297,113883368607322
1738,17.380000000,minus_a3,-0.105000000,2116,113883377166137,113883378554867
1739,17.390000000,minus_a3,-0.105000000,2116,113883387163546,113883387535792
1740,17.400000000,minus_a3,-0.105000000,2116,113883397164635,113883397526063
1741,17.410000000,minus_a3,-0.105000000,2116,113883407155199,113883407526270
1742,17.420000000,minus_a3,-0.105000000,2116,113883417164797,113883417552894
1743,17.430000000,minus_a3,-0.105000000,2116,113883427153111,113883427560215
1744,17.440000000,minus_a3,-0.105000000,2116,113883437156236,113883437564786
1745,17.450000000,minus_a3,-0.105000000,2116,113883447158168,113883447559385
1746,17.460000000,minus_a3,-0.105000000,2116,113883457151423,113883457547169
1747,17.470000000,minus_a3,-0.105000000,2116,113883467161137,113883467572927
1748,17.480000000,minus_a3,-0.105000000,2116,113883477152380,113883477564795
1749,17.490000000,minus_a3,-0.105000000,2116,113883487165897,113883487569921
1750,17.500000000,minus_a3,-0.105000000,2116,113883497154262,113883497562751
1751,17.510000000,minus_a3,-0.105000000,2116,113883507151572,113883507564113
1752,17.520000000,minus_a3,-0.105000000,2116,113883517162769,113883517562718
1753,17.530000000,minus_a3,-0.105000000,2116,113883527161374,113883528563610
1754,17.540000000,minus_a3,-0.105000000,2116,113883537154849,113883537566799
1755,17.550000000,minus_a3,-0.105000000,2116,113883547156397,113883547565654
1756,17.560000000,minus_a3,-0.105000000,2116,113883557153158,113883557556717
1757,17.570000000,minus_a3,-0.105000000,2116,113883567164847,113883567546014
1758,17.580000000,minus_a3,-0.105000000,2116,113883577152531,113883577538075
1759,17.590000000,minus_a3,-0.105000000,2116,113883587163179,113883587546918
1760,17.600000000,minus_a3,-0.105000000,2116,113883597151926,113883597516882
1761,17.610000000,minus_a3,-0.105000000,2116,113883607154730,113883607501910
1762,17.620000000,minus_a3,-0.105000000,2116,113883617144392,113883617502591
1763,17.630000000,minus_a3,-0.105000000,2116,113883627143919,113883627513519
1764,17.640000000,minus_a3,-0.105000000,2116,113883637153415,113883637518580
1765,17.650000000,minus_a3,-0.105000000,2116,113883647153493,113883647535210
1766,17.660000000,minus_a3,-0.105000000,2116,113883657151443,113883657527612
1767,17.670000000,minus_a3,-0.105000000,2116,113883667150211,113883667537293
1768,17.680000000,minus_a3,-0.105000000,2116,113883677151180,113883677538422
1769,17.690000000,minus_a3,-0.105000000,2116,113883687156609,113883687541498
1770,17.700000000,minus_a3,-0.105000000,2116,113883697150844,113883697552780
1771,17.710000000,minus_a3,-0.105000000,2116,113883707225529,113883708551545
1772,17.720000000,minus_a3,-0.105000000,2116,113883717222424,113883718518809
1773,17.730000000,minus_a3,-0.105000000,2116,113883727158677,113883727544736
1774,17.740000000,minus_a3,-0.105000000,2116,113883737230021,113883738544351
1775,17.750000000,minus_a3,-0.105000000,2116,113883747166240,113883748540570
1776,17.760000000,minus_a3,-0.105000000,2116,113883757232679,113883758540432
1777,17.770000000,minus_a3,-0.105000000,2116,113883767145422,113883767515233
1778,17.780000000,minus_a3,-0.105000000,2116,113883777148343,113883777538398
1779,17.790000000,minus_a3,-0.105000000,2116,113883787150589,113883787534078
1780,17.800000000,minus_a3,-0.105000000,2116,113883797146780,113883797498158
1781,17.810000000,minus_a3,-0.105000000,2116,113883807142845,113883807497216
1782,17.820000000,minus_a3,-0.105000000,2116,113883817141016,113883817495443
1783,17.830000000,minus_a3,-0.105000000,2116,113883827120575,113883827509419
1784,17.840000000,minus_a3,-0.105000000,2116,113883837145012,113883837499152
1785,17.850000000,minus_a3,-0.105000000,2116,113883847146178,113883847499697
1786,17.860000000,minus_a3,-0.105000000,2116,113883857148251,113883857499591
1787,17.870000000,minus_a3,-0.105000000,2116,113883867144077,113883867499579
1788,17.880000000,minus_a3,-0.105000000,2116,113883877152320,113883877497408
1789,17.890000000,minus_a3,-0.105000000,2116,113883887160565,113883887503313
1790,17.900000000,minus_a3,-0.105000000,2116,113883897153119,113883897506524
1791,17.910000000,minus_a3,-0.105000000,2116,113883907151581,113883907514377
1792,17.920000000,minus_a3,-0.105000000,2116,113883917147460,113883917517160
1793,17.930000000,minus_a3,-0.105000000,2116,113883927152125,113883927534398
1794,17.940000000,minus_a3,-0.105000000,2116,113883937172143,113883938517600
1795,17.950000000,minus_a3,-0.105000000,2116,113883947149299,113883947488032
1796,17.960000000,minus_a3,-0.105000000,2116,113883957144461,113883957512005
1797,17.970000000,minus_a3,-0.105000000,2116,113883967142340,113883967483587
1798,17.980000000,minus_a3,-0.105000000,2116,113883977146537,113883977500351
1799,17.990000000,minus_a3,-0.105000000,2116,113883987154273,113883987498508
1800,18.000000000,center_after_minus_a3,0.000000000,2048,113883997145639,113883997481181
1801,18.010000000,center_after_minus_a3,0.000000000,2048,113884007143615,113884007477964
1802,18.020000000,center_after_minus_a3,0.000000000,2048,113884017141702,113884017475125
1803,18.030000000,center_after_minus_a3,0.000000000,2048,113884027151207,113884027487494
1804,18.040000000,center_after_minus_a3,0.000000000,2048,113884037161577,113884037493811
1805,18.050000000,center_after_minus_a3,0.000000000,2048,113884047154096,113884047501959
1806,18.060000000,center_after_minus_a3,0.000000000,2048,113884057151357,113884057499416
1807,18.070000000,center_after_minus_a3,0.000000000,2048,113884067151035,113884067518882
1808,18.080000000,center_after_minus_a3,0.000000000,2048,113884077152134,113884077519142
1809,18.090000000,center_after_minus_a3,0.000000000,2048,113884087161045,113884087511499
1810,18.100000000,center_after_minus_a3,0.000000000,2048,113884097162430,113884097476029
1811,18.110000000,center_after_minus_a3,0.000000000,2048,113884107160978,113884107481108
1812,18.120000000,center_after_minus_a3,0.000000000,2048,113884117146180,113884117479864
1813,18.130000000,center_after_minus_a3,0.000000000,2048,113884127152317,113884127474756
1814,18.140000000,center_after_minus_a3,0.000000000,2048,113884137167092,113884137476598
1815,18.150000000,center_after_minus_a3,0.000000000,2048,113884147147398,113884147484069
1816,18.160000000,center_after_minus_a3,0.000000000,2048,113884157151562,113884157487694
1817,18.170000000,center_after_minus_a3,0.000000000,2048,113884167150200,113884167508985
1818,18.180000000,center_after_minus_a3,0.000000000,2048,113884177151674,113884177518655
1819,18.190000000,center_after_minus_a3,0.000000000,2048,113884187166033,113884187510717
1820,18.200000000,center_after_minus_a3,0.000000000,2048,113884197168928,113884197479516
1821,18.210000000,center_after_minus_a3,0.000000000,2048,113884207160201,113884207477490
1822,18.220000000,center_after_minus_a3,0.000000000,2048,113884217157704,113884217479061
1823,18.230000000,center_after_minus_a3,0.000000000,2048,113884227151199,113884227479639
1824,18.240000000,center_after_minus_a3,0.000000000,2048,113884237145417,113884237477761
1825,18.250000000,center_after_minus_a3,0.000000000,2048,113884247156534,113884247482979
1826,18.260000000,center_after_minus_a3,0.000000000,2048,113884257144574,113884257488646
1827,18.270000000,center_after_minus_a3,0.000000000,2048,113884267152991,113884267507474
1828,18.280000000,center_after_minus_a3,0.000000000,2048,113884277154652,113884277522681
1829,18.290000000,center_after_minus_a3,0.000000000,2048,113884287158468,113884287509819
1830,18.300000000,center_after_minus_a3,0.000000000,2048,113884297153706,113884297491315
1831,18.310000000,center_after_minus_a3,0.000000000,2048,113884307153418,113884307493982
1832,18.320000000,center_after_minus_a3,0.000000000,2048,113884317150535,113884317486074
1833,18.330000000,center_after_minus_a3,0.000000000,2048,113884327156309,113884327510130
1834,18.340000000,center_after_minus_a3,0.000000000,2048,113884337152773,113884337491835
1835,18.350000000,center_after_minus_a3,0.000000000,2048,113884347154753,113884347493129
1836,18.360000000,center_after_minus_a3,0.000000000,2048,113884357154413,113884357492013
1837,18.370000000,center_after_minus_a3,0.000000000,2048,113884367150378,113884367499037
1838,18.380000000,center_after_minus_a3,0.000000000,2048,113884377155074,113884377501680
1839,18.390000000,center_after_minus_a3,0.000000000,2048,113884387159110,113884387541340
1840,18.400000000,center_after_minus_a3,0.000000000,2048,113884397161859,113884397540051
1841,18.410000000,center_after_minus_a3,0.000000000,2048,113884407150573,113884407539515
1842,18.420000000,center_after_minus_a3,0.000000000,2048,113884417149649,113884417565866
1843,18.430000000,center_after_minus_a3,0.000000000,2048,113884427152995,113884427508123
1844,18.440000000,center_after_minus_a3,0.000000000,2048,113884437150425,113884437502560
1845,18.450000000,center_after_minus_a3,0.000000000,2048,113884447146983,113884447465461
1846,18.460000000,center_after_minus_a3,0.000000000,2048,113884457144567,113884457462665
1847,18.470000000,center_after_minus_a3,0.000000000,2048,113884467147402,113884467464813
1848,18.480000000,center_after_minus_a3,0.000000000,2048,113884477145463,113884477469736
1849,18.490000000,center_after_minus_a3,0.000000000,2048,113884487151964,113884487478522
1850,18.500000000,center_after_minus_a3,0.000000000,2048,113884497150903,113884497491562
1851,18.510000000,center_after_minus_a3,0.000000000,2048,113884507147878,113884507540696
1852,18.520000000,center_after_minus_a3,0.000000000,2048,113884517161777,113884518557198
1853,18.530000000,center_after_minus_a3,0.000000000,2048,113884527151079,113884527502244
1854,18.540000000,center_after_minus_a3,0.000000000,2048,113884537151911,113884537496643
1855,18.550000000,center_after_minus_a3,0.000000000,2048,113884547149121,113884547563592
1856,18.560000000,center_after_minus_a3,0.000000000,2048,113884557150010,113884557550931
1857,18.570000000,center_after_minus_a3,0.000000000,2048,113884567151752,113884567527734
1858,18.580000000,center_after_minus_a3,0.000000000,2048,113884577153619,113884578582495
1859,18.590000000,center_after_minus_a3,0.000000000,2048,113884587154246,113884587568147
1860,18.600000000,center_after_minus_a3,0.000000000,2048,113884597149596,113884597581367
1861,18.610000000,center_after_minus_a3,0.000000000,2048,113884607146938,113884607532189
1862,18.620000000,center_after_minus_a3,0.000000000,2048,113884617154737,113884618570611
1863,18.630000000,center_after_minus_a3,0.000000000,2048,113884627153075,113884627555589
1864,18.640000000,center_after_minus_a3,0.000000000,2048,113884637155924,113884637556966
1865,18.650000000,center_after_minus_a3,0.000000000,2048,113884647143314,113884647533437
1866,18.660000000,center_after_minus_a3,0.000000000,2048,113884657227482,113884658530949
1867,18.670000000,center_after_minus_a3,0.000000000,2048,113884667188904,113884668542571
1868,18.680000000,center_after_minus_a3,0.000000000,2048,113884677143728,113884677526509
1869,18.690000000,center_after_minus_a3,0.000000000,2048,113884687151617,113884687537451
1870,18.700000000,center_after_minus_a3,0.000000000,2048,113884697151601,113884697547728
1871,18.710000000,center_after_minus_a3,0.000000000,2048,113884707148882,113884707470596
1872,18.720000000,center_after_minus_a3,0.000000000,2048,113884717146245,113884717467975
1873,18.730000000,center_after_minus_a3,0.000000000,2048,113884727142021,113884727473190
1874,18.740000000,center_after_minus_a3,0.000000000,2048,113884737150852,113884737465107
1875,18.750000000,center_after_minus_a3,0.000000000,2048,113884747144619,113884747469733
1876,18.760000000,center_after_minus_a3,0.000000000,2048,113884757152219,113884757468641
1877,18.770000000,center_after_minus_a3,0.000000000,2048,113884767149693,113884767461006
1878,18.780000000,center_after_minus_a3,0.000000000,2048,113884777146965,113884777486026
1879,18.790000000,center_after_minus_a3,0.000000000,2048,113884787151838,113884787500812
1880,18.800000000,center_after_minus_a3,0.000000000,2048,113884797151991,113884797500376
1881,18.810000000,center_after_minus_a3,0.000000000,2048,113884807151861,113884808535039
1882,18.820000000,center_after_minus_a3,0.000000000,2048,113884817149390,113884817515752
1883,18.830000000,center_after_minus_a3,0.000000000,2048,113884827150161,113884827521475
1884,18.840000000,center_after_minus_a3,0.000000000,2048,113884837151335,113884837458916
1885,18.850000000,center_after_minus_a3,0.000000000,2048,113884847143728,113884847447755
1886,18.860000000,center_after_minus_a3,0.000000000,2048,113884857140795,113884857433711
1887,18.870000000,center_after_minus_a3,0.000000000,2048,113884867149543,113884867440824
1888,18.880000000,center_after_minus_a3,0.000000000,2048,113884877143883,113884877450312
1889,18.890000000,center_after_minus_a3,0.000000000,2048,113884887149739,113884887473610
1890,18.900000000,center_after_minus_a3,0.000000000,2048,113884897150348,113884897475343
1891,18.910000000,center_after_minus_a3,0.000000000,2048,113884907150983,113884907465819
1892,18.920000000,center_after_minus_a3,0.000000000,2048,113884917149891,113884917458249
1893,18.930000000,center_after_minus_a3,0.000000000,2048,113884927233267,113884928499100
1894,18.940000000,center_after_minus_a3,0.000000000,2048,113884937234577,113884938506001
1895,18.950000000,center_after_minus_a3,0.000000000,2048,113884947162121,113884948496881
1896,18.960000000,center_after_minus_a3,0.000000000,2048,113884957165610,113884958489052
1897,18.970000000,center_after_minus_a3,0.000000000,2048,113884967152866,113884967458885
1898,18.980000000,center_after_minus_a3,0.000000000,2048,113884977142375,113884977444906
1899,18.990000000,center_after_minus_a3,0.000000000,2048,113884987147584,113884987514569
1900,19.000000000,center_after_minus_a3,0.000000000,2048,113884997154275,113884997521451
1901,19.010000000,center_after_minus_a3,0.000000000,2048,113885007141443,113885007510021
1902,19.020000000,center_after_minus_a3,0.000000000,2048,113885017146972,113885017507454
1903,19.030000000,center_after_minus_a3,0.000000000,2048,113885027155473,113885027441004
1904,19.040000000,center_after_minus_a3,0.000000000,2048,113885037151025,113885037437534
1905,19.050000000,center_after_minus_a3,0.000000000,2048,113885047153832,113885047443931
1906,19.060000000,center_after_minus_a3,0.000000000,2048,113885057140952,113885057437280
1907,19.070000000,center_after_minus_a3,0.000000000,2048,113885067140665,113885067449071
1908,19.080000000,center_after_minus_a3,0.000000000,2048,113885077143524,113885077522633
1909,19.090000000,center_after_minus_a3,0.000000000,2048,113885087151072,113885088533278
1910,19.100000000,center_after_minus_a3,0.000000000,2048,113885097150326,113885098538598
1911,19.110000000,center_after_minus_a3,0.000000000,2048,113885107151488,113885108515367
1912,19.120000000,center_after_minus_a3,0.000000000,2048,113885117158274,113885117455576
1913,19.130000000,center_after_minus_a3,0.000000000,2048,113885127142088,113885127446258
1914,19.140000000,center_after_minus_a3,0.000000000,2048,113885137150464,113885137462558
1915,19.150000000,center_after_minus_a3,0.000000000,2048,113885147150779,113885148469409
1916,19.160000000,center_after_minus_a3,0.000000000,2048,113885157151394,113885157450148
1917,19.170000000,center_after_minus_a3,0.000000000,2048,113885167142092,113885167439243
1918,19.180000000,center_after_minus_a3,0.000000000,2048,113885177144437,113885177456525
1919,19.190000000,center_after_minus_a3,0.000000000,2048,113885187150925,113885188476768
1920,19.200000000,center_after_minus_a3,0.000000000,2048,113885197150036,113885198443509
1921,19.210000000,center_after_minus_a3,0.000000000,2048,113885207150248,113885207441149
1922,19.220000000,center_after_minus_a3,0.000000000,2048,113885217140935,113885217422966
1923,19.230000000,center_after_minus_a3,0.000000000,2048,113885227149802,113885228461521
1924,19.240000000,center_after_minus_a3,0.000000000,2048,113885237149943,113885238459930
1925,19.250000000,center_after_minus_a3,0.000000000,2048,113885247148205,113885248449908
1926,19.260000000,center_after_minus_a3,0.000000000,2048,113885257144228,113885257421921
1927,19.270000000,center_after_minus_a3,0.000000000,2048,113885267141086,113885268490968
1928,19.280000000,center_after_minus_a3,0.000000000,2048,113885277142708,113885277422109
1929,19.290000000,center_after_minus_a3,0.000000000,2048,113885287147927,113885288446360
1930,19.300000000,center_after_minus_a3,0.000000000,2048,113885297152617,113885298457546
1931,19.310000000,center_after_minus_a3,0.000000000,2048,113885307153099,113885308447296
1932,19.320000000,center_after_minus_a3,0.000000000,2048,113885317150937,113885318492799
1933,19.330000000,center_after_minus_a3,0.000000000,2048,113885327154749,113885328452445
1934,19.340000000,center_after_minus_a3,0.000000000,2048,113885337152596,113885338460465
1935,19.350000000,center_after_minus_a3,0.000000000,2048,113885347151579,113885348457148
1936,19.360000000,center_after_minus_a3,0.000000000,2048,113885357145804,113885357433106
1937,19.370000000,center_after_minus_a3,0.000000000,2048,113885367142584,113885367411684
1938,19.380000000,center_after_minus_a3,0.000000000,2048,113885377144952,113885377430702
1939,19.390000000,center_after_minus_a3,0.000000000,2048,113885387151904,113885388459321
1940,19.400000000,center_after_minus_a3,0.000000000,2048,113885397151689,113885398456266
1941,19.410000000,center_after_minus_a3,0.000000000,2048,113885407152503,113885408452483
1942,19.420000000,center_after_minus_a3,0.000000000,2048,113885417147796,113885418441795
1943,19.430000000,center_after_minus_a3,0.000000000,2048,113885427151689,113885428458473
1944,19.440000000,center_after_minus_a3,0.000000000,2048,113885437151201,113885438458567
1945,19.450000000,center_after_minus_a3,0.000000000,2048,113885447152127,113885448457509
1946,19.460000000,center_after_minus_a3,0.000000000,2048,113885457146964,113885458433609
1947,19.470000000,center_after_minus_a3,0.000000000,2048,113885467143261,113885467414246
1948,19.480000000,center_after_minus_a3,0.000000000,2048,113885477141609,113885477411138
1949,19.490000000,center_after_minus_a3,0.000000000,2048,113885487152677,113885488425085
